i,q
0.14946904047672507,0.019251368816384288
0.12361129155593552,0.043291471616617914
0.075004505932093943,0.075563275708934133
0.011282832967736099,0.11251303724100745
-0.058976073444421392,0.14939351396704367
-0.12606965300004661,0.18116547035698918
-0.18057743002033333,0.20317966358919379
-0.21472583760169894,0.21182069462847133
-0.22434580601416043,0.20642745722640876
-0.20702465159443426,0.1841107229617194
-0.1630387183392932,0.14872682675912763
-0.099298317058920255,0.10186178371402953
-0.023770293343761587,0.047972501281071736
0.054270765656843981,-0.0075726087871007533
0.12552692884540034,-0.059172432580956412
0.18188947907278519,-0.10170390430179492
0.21655993604999255,-0.13087935460369479
0.22737496752224257,-0.14481922043457476
0.21507082029032509,-0.14251343638840144
0.18114045110049837,-0.12556959435924026
0.12999944962062146,-0.096835639289848008
0.067374772137627617,-0.060210252712941136
-0.00052369570493693133,-0.02005995201286178
-0.067760795828762432,0.019381803606277018
-0.13123362283294848,0.052567609585189898
-0.18390861073952233,0.080316365230962944
-0.22398028803983303,0.099799885396979829
-0.24963834903109947,0.11205683720497553
-0.26056452190210977,0.11803592215463847
-0.25739097509219133,0.11907171968553923
-0.24141353710374416,0.11651514220753829
-0.21433562820486998,0.11143624159601456
-0.17779811958150774,0.10585966742085512
-0.1345561377537586,0.098000586664400105
-0.085506756184111632,0.08669423094994938
-0.03384969505396726,0.072368231394787833
0.018045794275139082,0.054740716385910951
0.067835104218799375,0.033864446937462697
0.11326540232872141,0.010234835171301885
0.15227585042729261,-0.015219863992005214
0.18171454397349346,-0.042110924276944163
0.20277185023746863,-0.067698836837448623
0.21332967806195041,-0.091344301903241498
0.21446220257634854,-0.11183511600467069
0.20692520575685805,-0.12882983412782317
0.1919469497622886,-0.14258549052799177
0.17115829797130006,-0.15380429064759737
0.14651459797965694,-0.16334263632859697
0.12105788778097167,-0.17269020259005463
0.095346567830788362,-0.1801345974321833
0.073851816061561992,-0.18700997745218323
0.057146156630603663,-0.1899418570896618
0.047114990538385991,-0.18637076748688275
0.045396967679129048,-0.17356010722331183
0.053172097492113213,-0.14914636648191809
0.070912273530264511,-0.11172993592466156
0.097857516314722212,-0.061678721165177565
0.13331261775187311,-0.00075056764158274553
0.17251388144546945,0.068341318040903098
0.21330470764916828,0.13913153347928209
0.25128120087796552,0.20488471162108449
0.28166101901643781,0.25856060585354024
0.29990319051693287,0.29375864926247008
0.30240447960619565,0.30565568679136262
0.28687666759100144,0.29037839271036586
0.2535670803818445,0.25060706726455267
0.20600219769379305,0.18906533567653358
0.14784624015866496,0.11223684059344752
0.085370952191101329,0.028162082354757575
0.025842871107871333,-0.054272215481138579
-0.023465688017747,-0.12644370699707297
-0.056341488803887368,-0.18106096861971954
-0.067190219469441648,-0.21387882577981415
-0.057230591606599747,-0.22095964639188412
-0.02589093963672141,-0.20419320224400678
0.020520429908283552,-0.16578293289034238
0.074979181470419778,-0.11101883126146979
0.12933832529817246,-0.046644228931393153
0.17549963280611075,0.020075288572208347
0.20657042634644687,0.082285644019153684
0.21923788902270727,0.13462906867703564
0.20985144476569337,0.17271426453884373
0.17780494375976472,0.19517151202649599
0.12846976485607367,0.20185452840892243
0.068001105487541721,0.19465029002001674
0.003810686861982741,0.176708973020233
-0.05650558312423401,0.15185179426906958
-0.10620807214566205,0.12397770290373449
-0.13885883933363574,0.095149501597415684
-0.15360905011807607,0.069788638639365685
-0.15106247792527344,0.051328953996764445
-0.13232688268320242,0.039054492242965574
-0.10107099634835846,0.03281585715868212
-0.062007106089038928,0.031888356345894729
-0.020154768442977929,0.035271624147001301
0.019837809916409762,0.041959946353456561
0.053368715355647536,0.051419630953878359
0.079474906627725328,0.062587468095319967
0.095545772654507324,0.07564792161652717
0.10247080571933651,0.09017799194465409
0.10101609178869235,0.10611380240018707
0.092304435521524814,0.12331265578334469
0.077503404661200828,0.14140735436659566
0.057629588624824812,0.1597025081722652
0.033212936541457939,0.17516108857343229
0.0060328200968195085,0.19011811849451693
-0.025953868894845297,0.19989724924949595
-0.059484027791296835,0.20531517067790675
-0.093056239252929412,0.20509457249912336
-0.12498197147922059,0.19801176873799342
-0.15349914475526358,0.18313737864465579
-0.17696592926921409,0.16010955876260838
-0.19607787422715006,0.12910727544667103
-0.20718464340295209,0.091563093857026948
-0.21037427086349492,0.051874365045382911
-0.20680353008771726,0.011856014443060147
-0.19832286127025336,-0.02459492146490655
-0.18753792654832496,-0.053341990790511044
-0.17741658706975408,-0.07057152579919862
-0.17077958168952787,-0.073404282268681884
-0.17060736917193298,-0.06130096352602208
-0.17609401414323103,-0.033173427806660258
-0.18885099666880859,0.0071071544871037246
-0.20516756182894133,0.056145729933464721
-0.22159709389155502,0.10814299180119326
-0.23405791351535019,0.15644840143893585
-0.23849005186726493,0.19447527486641053
-0.23155338668639244,0.21669001741168986
-0.20983977033128637,0.21754202739636902
-0.17560547622263073,0.19942750375028848
-0.12916311318589099,0.16278675461269526
-0.075151240420078091,0.11349679722322316
-0.018547987286348804,0.058537696926404099
0.035186832652860885,0.00585763549477962
0.080900196115924958,-0.036773740998396656
0.1144935858390257,-0.062900466708257774
0.13153723946540932,-0.067480641618101245
0.1347214473787213,-0.050411134869447871
0.12484545056088263,-0.013650759700969815
0.10569488445379485,0.038561558185384516
0.081804178144785702,0.099675057328948796
0.058042310291306999,0.1620766876350353
0.03891564659348918,0.21817909248509218
0.027980184825035143,0.26145782055939681
0.02547140357915572,0.28700012168125327
0.035256041296499681,0.293487583198418
0.055853499067582753,0.27924720256680646
0.085835049424460436,0.24857161580183093
0.12247764396715695,0.20601589973500156
0.16244046987465596,0.15704798551934271
0.20217094907687935,0.10726226640325674
0.23826339885901693,0.061692740063917145
0.26688469953775595,0.022907432804302165
0.28648258727849607,-0.0039544934443029398
0.29710130507233201,-0.018985446245699707
0.29608682676321163,-0.020940536457807468
0.28282293481837956,-0.01051636616659957
0.2573213448390157,0.010762443250005532
0.22023658584163494,0.040814855982530873
0.17289859885202993,0.077230935483183979
0.11650365289994678,0.11827681283044326
0.054667565292434751,0.15988379371567374
-0.0073756833335552885,0.19990136843917697
-0.067204113732524023,0.23524700484111385
-0.1206776866853836,0.26328799853312845
-0.16365509067981746,0.28168775705909715
-0.19238233997691592,0.28856859094788523
-0.20391714832741256,0.28269604326657183
-0.19511529195950192,0.26563251815515815
-0.16841444694831811,0.23532681053296811
-0.12305297763564368,0.19178031153657971
-0.063825348389631067,0.1390572366590746
0.0047476942738812859,0.080772081946842905
0.077485410977942024,0.021212398662290455
0.14908777755135305,-0.035054682272295606
0.21466582057985462,-0.083636960353883891
0.27216646447649101,-0.12218527656008214
0.31595193363658808,-0.145872865098579
0.34370466386695175,-0.15315877811745834
0.35606801715614927,-0.1443000130717825
0.35416009206667887,-0.12080099265285035
0.34015320781847963,-0.085486676749603904
0.31692456426159249,-0.042131106991167754
0.28767858602237856,0.0050219815233629467
0.25643830915561083,0.053185395515975002
0.22483962067705082,0.097147913353876694
0.19498549203276969,0.1316723855839734
0.1688469953167879,0.157272558475306
0.14753277773254467,0.17364545401800249
0.13161407153478952,0.18144825672606832
0.12119260912627053,0.18196304412577791
0.11596955603082906,0.17668810917426844
0.11558250807646364,0.1666503303694922
0.11929780088827888,0.15317612576164685
0.12322797817557374,0.13592442313510936
0.12818910661240923,0.11464935627914523
0.13276271484900162,0.088277281471677557
0.13531452081514006,0.055534745503831903
0.13410819098431059,0.015408116263180373
0.1274825035003127,-0.032367951979802294
0.11604254010146887,-0.087173174164938264
0.096141932907476857,-0.14596070374051323
0.066814854823594561,-0.20617034720556743
0.029532085075251114,-0.26182242483932761
-0.014131067056732069,-0.30717453978450954
-0.061773050141564458,-0.33661862714317159
-0.11042493040617093,-0.34550950120174434
-0.15690951633444991,-0.33095245602320422
-0.20022113242696415,-0.29044539608842346
-0.23536238289662079,-0.22857337040199138
-0.25924914316995318,-0.15252840022447609
-0.27292587086298753,-0.067254292462132007
-0.27720662575491906,0.018925326955950169
-0.2738918627921636,0.097256874103718804
-0.26541230747135353,0.1596404866815519
-0.25436843363417039,0.19966584391464748
-0.24276292550826048,0.21203576291355933
-0.23192328408909357,0.19780408503984523
-0.22503305527637285,0.1601467060055092
-0.21923060750447412,0.10326384620563443
-0.21275214938542816,0.034225293026226254
-0.20336365769644049,-0.038815264318667775
-0.18889115055246655,-0.10766149058454609
-0.16778448415793912,-0.16506313489329985
-0.14045897435056018,-0.20579621907205953
-0.10595933350479163,-0.22607447049646037
-0.069700689716001227,-0.22550616439537996
-0.033198813055472502,-0.20517910647306542
-0.0010010333784460752,-0.16835785583328444
0.021923883911121253,-0.11962507434689755
0.031001200534992154,-0.064236642758684792
0.022917416178558428,-0.0075123115957162027
-0.0022008714373850692,0.044811543625850894
-0.044996060108482984,0.090392931703525942
-0.10238937536042406,0.12394834062033452
-0.16706825916745172,0.14496630034172814
-0.23070899594875413,0.15228634639948546
-0.28417843491954647,0.14539720742642451
-0.3188061138597878,0.12439490470696865
-0.32769337127229747,0.090034006103444864
-0.30600684109065873,0.043572814466817121
-0.25448294714713438,-0.012355073369656815
-0.17779065492469862,-0.073128816515838038
-0.082320157608561692,-0.13520065613545534
0.021945405531241344,-0.19337158188714049
0.1235742297530356,-0.2420403150518734
0.21124271290980987,-0.2757952982933301
0.27531857877537125,-0.29012251096777264
0.31120152827866066,-0.28409161230929958
0.31276941258430818,-0.25457955672372828
0.28407908905760115,-0.2010600721244348
0.22914720017207946,-0.13004530825914781
0.15684122997530961,-0.048319737973908754
0.078163833127853785,0.035853187281531737
0.0046187675844358315,0.11376799855914264
-0.053499713456656856,0.17743637351196193
-0.089472910963855762,0.21928114525110026
-0.098897722602960952,0.23849144591138804
-0.079789201937216669,0.23258927480451008
-0.039096992293542868,0.20625835675853563
0.014905963064228381,0.16530767428122894
0.072015698226705616,0.11715910573485799
0.12173476305237071,0.069702070821530349
0.15491911177515938,0.030107959487998628
0.16376536735232405,0.0052022078610519506
0.14747623765060613,-0.0047486559669874563
0.1082627023708392,0.0025758220217101872
0.0502570846972068,0.02288591262996012
-0.018836966775546294,0.051415969359920613
-0.089882622923312325,0.082427693409358224
-0.15378617710567949,0.11022212287998039
-0.20291530954302789,0.13007813346087438
-0.23082330162329892,0.13755734486748059
-0.23803531814509679,0.13400046192951487
-0.22555131093594813,0.11992019019145118
-0.19844264131369277,0.098691243563768821
-0.16345617961597511,0.074442630203556445
-0.12810809347295232,0.051594007910005742
-0.09943791119914451,0.034139733007664416
-0.082909875935843494,0.025083944099809147
-0.082476233854695907,0.02526117929235501
-0.097865119200514245,0.036365288033968476
-0.12428079784786907,0.056904706715268302
-0.1595940774661759,0.085418361809930468
-0.19833635811838787,0.11956000995181341
-0.23455736951615114,0.15674863761133212
-0.26270578377844839,0.19446285634746419
-0.27836691653397155,0.23041685418775942
-0.27678030736717368,0.2617633303227388
-0.25939819537090575,0.28739315478795391
-0.22934123950414126,0.30822563061944463
-0.18663319654896476,0.32042770828219597
-0.13413017000581712,0.32219567056974918
-0.075096736779315942,0.31192513577266073
-0.012831788268346625,0.28845346011024525
0.049569155397953743,0.25136667264893303
0.10957875445565719,0.20272182241517078
0.16409513294590089,0.14274528513210391
0.21111392932296782,0.073112205894974455
0.24786706119506186,1.8773632341266278e-05
0.27192735197231804,-0.070708878624846455
0.2810659649721079,-0.13277294514517363
0.27353243913052266,-0.18013379102145627
0.24843971898659184,-0.20780339757857849
0.20758914582104721,-0.21173530357856199
0.15108180222363932,-0.1922932259066189
0.081815125601625058,-0.15146020459238699
0.0061665801740058831,-0.093242272563737599
-0.068940901329698004,-0.023923945651470692
-0.13589854297663162,0.048984186999627824
-0.18735353870430266,0.11771605324449884
-0.21725646923464761,0.17527869346681096
-0.22269320061621517,0.21440694195634966
-0.20209433592957429,0.23554800404370727
-0.15635326303537067,0.23699212551493287
-0.092998073816502422,0.22232897540583649
-0.02078851319950669,0.19622171712959932
0.049988502863330682,0.16442798702787639
0.10892914232389039,0.1328490380055784
0.14701198450959307,0.10660891696572281
0.15880041352985119,0.088462297181002028
0.14014539590392699,0.081435554798128404
0.093999553050844828,0.084502143720446649
0.024968017299818592,0.095693077789001255
-0.058127804270980833,0.11128545917682299
-0.14435949975460374,0.12676124334909064
-0.22230471116272799,0.13756694467898853
-0.28176074286958175,0.13982999108162744
-0.31500479350649502,0.12951085675948201
-0.31957639627526158,0.1084062614947373
-0.29356428280029234,0.074144554596232967
-0.24438481751574628,0.031210742996840988
-0.1807487129782078,-0.017025575811160532
-0.11321797518501656,-0.066872792311628987
-0.052522004230831698,-0.11480402151536002
-0.0078785374152602911,-0.15781360313575274
0.014696110106770516,-0.19444819294515947
0.012583639094549175,-0.22134367505778813
-0.013657613377165414,-0.23961360484989758
-0.057629184481911386,-0.24698803531240388
-0.11098537564073205,-0.24301239554818954
-0.163979681455723,-0.22757374673516614
-0.2070397576249407,-0.20089860907952459
-0.23227098479616151,-0.16361605602489662
-0.23437226330222977,-0.11827598979673337
-0.21188319028393698,-0.064917843307448597
-0.16898061285695126,-0.004319615311403199
-0.10960681280594733,0.058850626835395443
-0.04150436971232347,0.12074312229274624
0.026415686083882846,0.17722097963761552
0.085429173224531071,0.22428143410175336
0.12827207545833955,0.25854049469861695
0.15098473956085437,0.27911744433419888
0.15001604139977576,0.28347193193803333
0.12882566445371388,0.27079733860095789
0.089830170767221995,0.2451852294991069
0.039014968010836128,0.21080982999850068
-0.016442098894569435,0.17283313911436671
-0.069257870452447523,0.13672771799433719
-0.11308008805233105,0.10752242694844402
-0.14360011664574379,0.089367347962983179
-0.1577800089616091,0.084248167349272762
-0.15692231115336347,0.09115816585173879
-0.14227834102218001,0.10912405094277865
-0.11764967055151083,0.13458263090337821
-0.087824178237267875,0.16280419690936188
-0.057767255665172643,0.18866924711876026
-0.031854090979095251,0.20752084018896982
-0.014670487227994048,0.21566941826504804
-0.0062895284083356361,0.21226466875364058
-0.0042188844311481207,0.19664576100063016
-0.00916132974121011,0.17242565947245855
-0.018836966775546304,0.14392363613196502
-0.030464208484895432,0.11627733121688588
-0.041304590303692178,0.094560093568171355
-0.049149543484086164,0.082895968151698307
-0.052387447042980914,0.081745031019996639
-0.05126211539084212,0.093981327363106409
-0.046049292218404779,0.11916723406297751
-0.038602764849719258,0.15175245086747841
-0.030900546000235909,0.18601428922480051
-0.024926744744315232,0.21549585435513718
-0.022304801982997689,0.23398871583586309
-0.024027589577195342,0.2364980632231336
-0.028913262949099454,0.21975886757060586
-0.039100757353366114,0.18346396768805082
-0.051263783921008069,0.13091312575005037
-0.065643040358723134,0.065724665070039962
-0.080730674235311287,-0.0058376608319281658
-0.0948778377775467,-0.076567370430463119
-0.10648949998380128,-0.13931145987412333
-0.1141901585186078,-0.18795535552830725
-0.11496762170337926,-0.21683716371485079
-0.11097333396270691,-0.22564443034113385
-0.10278106163936108,-0.21755961691580172
-0.089701853637383394,-0.19348179427502718
-0.07205637500905876,-0.15806264074727869
-0.050270318238364017,-0.11696735613063704
-0.024852563123100514,-0.075984798199475803
0.0035853319609841067,-0.040156114969870815
0.035687237562061942,-0.011084583915597334
0.067992120852953392,0.0067792725147280998
0.10066006126955754,0.013016550119998445
0.13105300689800692,0.010689130326512201
0.15733489789652846,0.0035211110558947037
0.17777589349103767,-0.0039452482967870057
0.19091483030293424,-0.0071464920027276314
0.19571278308652434,-0.0022732798708806224
0.19365024447216544,0.012249995101646391
0.18168625910470518,0.038845377363389763
0.16131539999161462,0.074168997878828732
0.13336602574190778,0.11697931608054062
0.09959612487345168,0.16321008347242213
0.062249827671557685,0.2079659248907863
0.023813413619560349,0.24623140163120863
-0.01328045241295257,0.27359285910743042
-0.044982234275669226,0.28601513077717611
-0.073001733067834265,0.28356106264647585
-0.095935346971006114,0.26520988308961635
-0.11446161371671457,0.23403761655186248
-0.12953833468522447,0.19351451699149153
-0.1424605188211481,0.14777629629935413
-0.15459342879923299,0.10098448924506291
-0.16710834076114431,0.056725813798763319
-0.17879050585398473,0.015568400381338228
-0.19301636010642645,-0.017720070987898594
-0.20867050684068414,-0.045558407030564095
-0.22535606990448495,-0.06743237435431032
-0.24183128916496233,-0.085299771138524258
-0.25649362810735238,-0.10173560118642196
-0.26765594179355451,-0.11938069053528588
-0.27385221231564749,-0.14037322216727993
-0.2744038945029289,-0.16726837404004011
-0.26891278759292664,-0.19816591599363664
-0.25685310116073606,-0.22978577193214225
-0.24057680680442636,-0.26078622050423517
-0.22221684742501713,-0.28757972718144864
-0.20424641888616066,-0.3062738154118565
-0.18913046346853146,-0.31328958819755459
-0.17896886142041804,-0.30596831192892299
-0.17659741282941258,-0.28278323795427018
-0.18026781255953767,-0.24473312457083979
-0.1901951315885371,-0.19360342790715387
-0.2046109105191655,-0.13350983356957916
-0.22148910457426688,-0.069330706264672859
-0.23859206515480183,-0.0063604395443761265
-0.25381890949794461,0.050380805721759715
-0.26551819508228008,0.096793815519074913
-0.27412692457783339,0.12879626344581036
-0.27679863326129905,0.14772313530075143
-0.27630966469788243,0.15374047705400745
-0.27211090239503866,0.14965182982833747
-0.2656650121583809,0.13896311517960694
-0.25878622606352869,0.12559996237262278
-0.25332387847769389,0.11333591974257343
-0.2508288295297848,0.10530208263077402
-0.25310329435489132,0.10505566209269671
-0.25907733398627431,0.11206642220668372
-0.2677814365618601,0.12377660966317301
-0.27791233011765493,0.14135362044425781
-0.28731716838932314,0.16338092944017032
-0.2935758858198384,0.18810332902976729
-0.29434937998398036,0.21367066903878179
-0.28772063844922796,0.23831223003705065
-0.27275760369991076,0.25901231711680206
-0.24915794203308203,0.27662301338375184
-0.21563741402924272,0.2891917420162588
-0.17527556715024251,0.29592566481818455
-0.1303522456030114,0.29566418969534192
-0.083447397834849127,0.28721661686696032
-0.03711462867243507,0.26954587326143237
0.0064119201244468042,0.24206035439927182
0.0462839864815872,0.20411091011158458
0.079495959939107186,0.15784057028821599
0.10855516889769282,0.10761120370162142
0.13132692331430854,0.055683237523336863
0.1482828721571392,0.0067077657878325094
0.16038836469642051,-0.034178010694685956
0.16890183874137071,-0.062048521814370539
0.17514449614209099,-0.072988944230875319
0.17830274634814144,-0.064576112577320918
0.18179684065646498,-0.038117745244571684
0.18756716171132917,0.0063137746306943746
0.19399938034386879,0.061063433902603673
0.20034468611187492,0.11863939919518961
0.20547103549884851,0.17070048513978248
0.20809779793353059,0.20921442600936488
0.20706636805701917,0.22763904678160798
0.2007555631984268,0.22391532025422128
0.18963832296827826,0.19441903841603778
0.17678044128002682,0.14095202938230009
0.16112887041025403,0.07013458269885324
0.14415771106149639,-0.0096588554239138182
0.12767650320659868,-0.088566625289459161
0.11351790190110579,-0.15659213902097291
0.10318275049676119,-0.20499461907828517
0.096662043384081436,-0.22891954997391362
0.094545760526085029,-0.22296831828228089
0.098315415998254607,-0.18935486393302015
0.10372799347387496,-0.13133575076788614
0.10786990196137131,-0.056086923291671933
0.10764066339063774,0.027188013562339231
0.10028674334406752,0.10858676995498498
0.0839282501848128,0.17891525124294924
0.057145076136353772,0.22954447353333576
0.021587518234186007,0.25901543021921464
-0.017602771952785617,0.26342592041380264
-0.058709121995691338,0.24756023273350772
-0.097100977726749929,0.21670497434699756
-0.12779494290322765,0.17758278200006455
-0.14614877939691842,0.13714946309566189
-0.14855893338119774,0.10143110722771739
-0.13446153532468086,0.072613329587807876
-0.10161044859103048,0.055962400008116669
-0.052816755239848773,0.048355456380372766
0.008254481522849768,0.048535240477202
0.076034918720658151,0.05202777080258876
0.14400874573949374,0.053445654607417757
0.20554331101575926,0.047533201924729325
0.25475524854565257,0.030189048033499262
0.2864358869049618,-0.00098506639430603091
0.30008886954626046,-0.045273035339167558
0.29368865469727329,-0.099389072611574883
0.27128717798840113,-0.1584479923125981
0.23724591576883838,-0.21576239886006487
0.19695303442454976,-0.26409111348826564
0.15602263721827192,-0.29671363906615839
0.11951177211894647,-0.308444464885131
0.089297187287461999,-0.29614760960075986
0.071139438104906222,-0.2597264763980292
0.06318565538388464,-0.20383411333995355
0.066030475727103952,-0.1320819597751407
0.077306262294149775,-0.051289883747677401
0.093580757339339515,0.030848236993006463
0.1109870402196426,0.10680164960100227
0.12589211523842422,0.17019604227603705
0.1352138933055283,0.21746182953451013
0.13814062789716919,0.24485230103441721
0.13340172052393798,0.25507267350374718
0.12337268044404519,0.24934745563364355
0.11063813894789504,0.23221441445177707
0.098333239442901885,0.20934962718496289
0.089557971091047281,0.18666144415641253
0.086810353252601266,0.16938432029477218
0.091250252020404626,0.16215729975112345
0.10352793235860264,0.16596988807756766
0.12195841180995627,0.17872977176056185
0.14447368395124235,0.19971410785379773
0.16789674089788742,0.22526114005180078
0.1887374061684573,0.25082819118410682
0.20376604652895944,0.27175159241829361
0.21055475186907238,0.28399279750371292
0.20874508511470555,0.28672656679338415
0.19699180687181483,0.2759933777439405
0.17832525539874319,0.25156614817200978
0.15464444505619096,0.21644079350177123
0.12964077924517212,0.17410715648480873
0.10742065810670511,0.12882904926313368
0.091886606817801739,0.084986381383892459
0.086124127138955869,0.046431390568258152
0.089914973218247152,0.015675502690325298
0.10708472323875183,-0.005543675339694536
0.13291748438736661,-0.017007446514375565
0.16665559190240053,-0.020521353092693814
0.20410762350022107,-0.01866612080779808
0.24016234557870048,-0.014592476630713475
0.26951212904984634,-0.011469149028547248
0.28745349525369801,-0.011954980779813102
0.29035572633417384,-0.017494818406915479
0.27752013232007749,-0.029726296447790915
0.24854149512623394,-0.045198282705548737
0.20741989037335104,-0.064477628329359424
0.15902388552836336,-0.085286274290389791
0.10922122276416132,-0.10488035686508802
0.063989498839041398,-0.12054509116723276
0.028491795659902199,-0.13009918606538176
0.0065477815893099887,-0.13429880533720939
-0.0006507271392129203,-0.1296288277899173
0.004728702662843959,-0.11972801094902792
0.020359248737705244,-0.10531205696579672
0.041352193038727211,-0.089598557846691712
0.061908223280800694,-0.076429939319649337
0.076289764795925308,-0.069650249631254893
0.079803771638237792,-0.07242200658599067
0.070479643778014467,-0.086879852458577891
0.046884194723714356,-0.11219798397194086
0.010187937818495097,-0.1484732924052676
-0.034187724990519176,-0.19028590651888969
-0.079945247180118459,-0.23230058251881378
-0.12000175774961179,-0.26859175873032609
-0.14757000976339107,-0.29351456864354508
-0.15721498144338855,-0.30257894406537816
-0.14487496440453357,-0.29177777533288018
-0.11094264730804024,-0.26242318307373136
-0.059638589498933511,-0.21924959971966104
0.0055863196242294938,-0.16459853896461629
0.077965216893563977,-0.10440982775389254
0.14974969333774513,-0.045420449310109336
0.2132679604956641,0.0058067574077786954
0.26195433557279807,0.043848239131999291
0.29034858870553687,0.067200514395542185
0.29792519752881785,0.071873606258751693
0.28390056597075036,0.059438894547577732
0.25229384309882275,0.034038096726830461
0.20802570336260146,0.0014756451619775699
0.15695160654121598,-0.031360086535931087
0.10498667069819945,-0.05752533285835118
0.057307588304101896,-0.071059780426011077
0.018029249178378146,-0.068158858592254096
-0.010478792199647001,-0.046871460163284966
-0.030449778555513986,-0.0079691781911415578
-0.040678001470593361,0.044589876940455769
-0.043098148395750317,0.10511632235358823
-0.040340557398560593,0.16673811432345442
-0.035228901239089547,0.2223837132899899
-0.030332914194593667,0.26576565425912035
-0.027924857007795841,0.29193444846518735
-0.028714366480746038,0.29856711237979322
-0.033623011871493823,0.28670369174720972
-0.042140359269526903,0.25757681321883852
-0.053632854220782906,0.2150871677677397
-0.067281497323595243,0.16427512449206993
-0.082253741955277515,0.11051300147966729
-0.097792388859414339,0.058704699449415476
-0.11405967136369737,0.013464977111015542
-0.12896111001024516,-0.024605330509497456
-0.14224600691571113,-0.053710393055564444
-0.15253182748410204,-0.075994747802082624
-0.15859771638002923,-0.093797478951814117
-0.15918394719576873,-0.10990149183133922
-0.15314778848949592,-0.12690786783039867
-0.1396735744196963,-0.14669123067642995
-0.12047306315247905,-0.16861394776829811
-0.093240670927008329,-0.19504439956678887
-0.058514818792814047,-0.2213641980668305
-0.019319463515052381,-0.24745829820236553
0.021318416386239731,-0.27054490980104284
0.059817595289575837,-0.28758897535926753
0.092470136469025715,-0.29578898049559954
0.11594262666159062,-0.29303370849599236
0.12861925820106493,-0.27910424985039767
0.12865949417961153,-0.25277389505137321
0.11385381313805966,-0.21603549865093297
0.088350863619924169,-0.17105511655982866
0.055662043621789108,-0.12117930669739639
0.020174476617599808,-0.070252416242618146
-0.013449905940896902,-0.022151362279775457
-0.040926125502006735,0.019676829568576741
-0.059795559367993328,0.052890993036141976
-0.06678350956574898,0.075429847260013214
-0.062246993447337369,0.087408891480395781
-0.047268405572854763,0.089300255240237256
-0.024693096213752583,0.082831617688091511
0.0016413128070301424,0.070375912478518168
0.027560973197188716,0.054544391210120079
0.049274401447303703,0.037764675634436182
0.062059636101796614,0.023320486009503791
0.067679934397050723,0.010734919024427593
0.066713721900605288,-0.0023059498204402017
0.061220295777158019,-0.014320567428362714
0.05466159777475231,-0.026399850504823536
0.050986052179282031,-0.039930582638874175
0.053889447146550307,-0.056226123465533309
0.066096164873872834,-0.076156802300382478
0.089066630888223072,-0.10069504197744494
0.12138321968692302,-0.12763874168350231
0.16166029485729841,-0.15580653387735494
0.20467820861964625,-0.18231092164107571
0.24509002758439308,-0.20418674211137974
0.27734748941217408,-0.21853334621583587
0.29651804621150302,-0.22294897663395377
0.29901883429521592,-0.21590410021041892
0.28400194255505007,-0.19501930761032527
0.25033039334838536,-0.1646473045256204
0.2018932987906413,-0.12444967127842377
0.14199149241581163,-0.07910152267022634
0.07612108678769483,-0.032176861331871143
0.010452317277141229,0.012875148439080884
-0.048912999626077924,0.0530809495512376
-0.096645286685633658,0.086160008425113441
-0.12791097948232039,0.11143816910317682
-0.1414655240873014,0.12611610076972068
-0.13787312593159509,0.13276887637028364
-0.11749506665480509,0.12908992800359478
-0.082922757513271786,0.11514677200188901
-0.037710542327570741,0.091399546060156336
0.014097612154259375,0.058741321124030174
0.068419856740961127,0.018575027050825029
0.12235306765219973,-0.027948346417697653
0.1713230312857929,-0.076777536992192835
0.21341501602980451,-0.12519630025716069
0.24649694845620659,-0.1690794862085295
0.26946715061267923,-0.20448496316982245
0.28187473118998024,-0.22777662514694114
0.28379734023813441,-0.23608248256716205
0.27572532802196292,-0.22774126462930805
0.25762638671785176,-0.20068830208060642
0.23199198727959675,-0.15958309095556283
0.19960262938693107,-0.10789864355564958
0.16239903962585128,-0.050416338775853914
0.122141124477678,0.0069455229970562136
0.080631126120723443,0.058069865875405476
0.039646243698894176,0.097349289974202474
0.0008611561344271971,0.12034844612805382
-0.033389941786203359,0.12630163031276809
-0.062923026555592024,0.11112316528334817
-0.087868069697294854,0.077664805116865021
-0.10681599218963017,0.027985522844682354
-0.11957996872441666,-0.033309525079900974
-0.12635931276944881,-0.10044623852265396
-0.12772431234206144,-0.16714241819108544
-0.12457796169524811,-0.22730695508799681
-0.11950840436084002,-0.27652998414944352
-0.11104307801251265,-0.31005226278070475
-0.10363292770953893,-0.3238409629855637
-0.09634419485048136,-0.31899103647955057
-0.090339797545576431,-0.29685395011640509
-0.086828041797869127,-0.26014079516867239
-0.08691058010659812,-0.21250848102528749
-0.091371208376928151,-0.15810743856768136
-0.09959663416945351,-0.10256475155106506
-0.11266398116658122,-0.047336246557781674
-0.1278706427155315,0.0027649129548066444
-0.14403997890833653,0.046114189975349051
-0.15836364145049786,0.080764129856049013
-0.16757341284402597,0.10522498404502198
-0.1684306640773445,0.11840891361969499
-0.15831026670365969,0.11961381910087367
-0.13380447349667615,0.10827617921602933
-0.097919864881414451,0.084957389483366424
-0.053561999671401316,0.050802418970529686
-0.0038207480149544445,0.0069818722915050502
0.046084183818894495,-0.044372271614018355
0.090316564639627062,-0.10050083481289811
0.12326135729334617,-0.15816085795733439
0.14040342480056583,-0.21385359209797203
0.14107567950787259,-0.26213710763072079
0.12262939424360965,-0.30342206879754724
0.085075674486136899,-0.33290663135101178
0.035325879362395937,-0.35072328902908895
-0.019776762617702573,-0.35627731201237006
-0.072402928673070799,-0.34961561372244948
-0.11483820168812403,-0.33135193862089179
-0.14059976052700837,-0.30257761135755723
-0.14342285366123553,-0.26336238456619054
-0.12502888463364095,-0.21740582252384208
-0.086321198310956582,-0.16763476340961744
-0.032319068871009139,-0.11535271353021256
0.030192045442834575,-0.062692631363092263
0.093347052459843372,-0.011684012122375386
0.14929510929295883,0.035838018586666569
0.1912499889387454,0.078326038749984409
0.21349501128549436,0.11658328546785866
0.21464365927516588,0.14615853994382361
0.1958861285324924,0.16988183714323335
0.15886176577607938,0.18553053161766786
0.10785697811243376,0.19357516699637209
0.048227570954428242,0.19515086243006341
-0.014404259578119702,0.19187422087430622
-0.074892763944021501,0.18555431151711982
-0.12829587475011284,0.17643619407198483
-0.1735002077093511,0.16759519584444166
-0.20794234604698297,0.16034754360750378
-0.23273881752856004,0.15334998844402817
-0.24902290830557153,0.14518702761466273
-0.25836990139814703,0.13377054674842215
-0.26242357163086388,0.11675264809913204
-0.26264067749533382,0.092039916813613371
-0.25933968089892762,0.059164578953406925
-0.25502677079824981,0.016993169124857942
-0.24917231158796635,-0.034111387475764109
-0.24365428234748163,-0.090378032244461046
-0.23952900992413409,-0.14762888931586859
-0.23786645751206595,-0.20096133470374788
-0.23964671366468884,-0.24545743246826293
-0.24557260939224793,-0.27696432802838983
-0.2561180830021223,-0.29478940668264764
-0.27002221398918397,-0.29587014727150873
-0.2870802629467058,-0.27946472271008105
-0.30397977044700747,-0.25147842802190856
-0.31760810506025811,-0.21759859140735235
-0.32456712702409085,-0.18444768639797049
-0.32164880273070823,-0.15855857583591981
-0.30635658777873132,-0.14530160957610327
-0.27541180952296096,-0.14821839840224174
-0.23240692488351686,-0.16801603389109024
-0.17775855608658883,-0.19950975903777993
-0.11615070703461654,-0.23967886535140612
-0.05244471291389001,-0.28137358140562885
0.0080526096319803279,-0.31632427212614006
0.060234195964514091,-0.33643175682490328
0.099808103458866745,-0.33511405042194742
0.12351051817590192,-0.30764309470733919
0.13088456943182994,-0.25468609015290311
0.12028018181804016,-0.18069109549549875
0.095269641181450246,-0.091682834496999779
0.059156733980611782,0.0028700940150620949
0.015910270605508987,0.092207131281200228
-0.030322230584624479,0.16583296318346588
-0.075636134132136976,0.21508427285401582
-0.11695762806978774,0.23248196387640854
-0.1514923903594674,0.22009149456576935
-0.17625672568512016,0.17844836209578424
-0.1910619426186167,0.11611541912977942
-0.19548544918885824,0.042938607162769378
-0.18961363828520283,-0.029995039401910732
-0.17398767829770392,-0.091955706133612244
-0.14961191638019103,-0.13406548821454162
-0.11603622550654175,-0.14961914127434234
-0.079100537814910485,-0.13767480511700633
-0.038467766162276311,-0.10010524000366997
0.00010748805937977673,-0.0416473385679689
0.032767027679949344,0.030276723343546103
0.055948195946208458,0.10700644822889202
0.066780315133083509,0.17987228678893666
0.063452462386745415,0.24129601848689525
0.046907829267536588,0.28589141894716136
0.015323145251309189,0.30925142814698636
-0.025834528623781418,0.31323985155054995
-0.075208470736938052,0.29676610708821921
-0.12831453111201432,0.26247557778166669
-0.17994987909047802,0.21421727872328325
-0.22476312471260348,0.15646744849046196
-0.25788558092425529,0.093832658398947735
-0.27525115605948036,0.032669291617367431
-0.27573896363586131,-0.026600818351446367
-0.25623016402004944,-0.07820503483802857
-0.22060786276456915,-0.12093642641848944
-0.17236339324115282,-0.15235235500604502
-0.11610735413455958,-0.17017015362261245
-0.056997021533601054,-0.17241743927427258
-0.000140237693226144,-0.15774388307396736
0.050787569765819274,-0.12555407569680396
0.091227095961204249,-0.078084903397596259
0.11788527850362999,-0.01547209719016587
0.13070104833068993,0.055233046856524484
0.13000519506583594,0.12750211036055256
0.11712290857257057,0.19397392688218307
0.094055462712075266,0.24730709118050054
0.063146305798864003,0.2811515886342309
0.024809280646504915,0.29080572117284142
-0.015957033997428444,0.27543188943648439
-0.056450714314945187,0.23437786903312541
-0.095957024413417358,0.17369974200217739
-0.13337968873768727,0.10049968545009377
-0.1679919555122881,0.02339692876361699
-0.19929435157354869,-0.048664164989080279
-0.22685977574322783,-0.10767918785652947
-0.24991755731807921,-0.14800689254708932
-0.26855362654595932,-0.16648349867652729
-0.2807611645719959,-0.16230402069390318
-0.28665941521868693,-0.1399411659865199
-0.28548375548681199,-0.10560385798605729
-0.27659418994793034,-0.067069226457943526
-0.25968268447016135,-0.032444877301112111
-0.23498783209788604,-0.0089057193055689897
-0.20431797710092178,-0.00019425554994892204
-0.16804313367629559,-0.010228853552571736
-0.12927567550884855,-0.040773989795846739
-0.090816489861238872,-0.086055417577632257
-0.056167016277775275,-0.13997486576141102
-0.028840246826809371,-0.19512889626582486
-0.011866121978254852,-0.24396400051022724
-0.0072801555430368646,-0.27990834951553617
-0.014270063212646622,-0.29689598725043387
-0.034558099181686973,-0.29488817016341329
-0.062263181786027029,-0.27458555504973503
-0.095307138223316767,-0.23881666063228044
-0.12828475777096893,-0.19245303429603877
-0.15507883306339049,-0.14128404649791415
-0.16970940479963659,-0.091097338048106033
-0.16727097237559085,-0.046834511000462813
-0.14621738083532806,-0.011669150804327174
-0.10391082727797321,0.012057465317973901
-0.04355633203366932,0.025795369363918096
0.029938064207702432,0.030352624251708094
0.1090151599226197,0.028532057464974288
0.18469871520372613,0.023675650297243719
0.24783915004086901,0.019022377043871698
0.29047254800568456,0.01714158673946993
0.30848745670618988,0.018683153708919268
0.2976474473907913,0.025856062161410606
0.25952772173924127,0.034818164624456652
0.19977300261371458,0.045999491171384903
0.12687828770386275,0.057096281072235043
0.051263571191881595,0.065455102071943216
-0.016279775165042407,0.068526958902457899
-0.066249253752305129,0.064292198041824483
-0.093342356536037896,0.053001252642592582
-0.093193017284909627,0.032068131188151848
-0.064899566079979806,0.0038721406465198165
-0.016399362216205141,-0.030786809065969638
0.042993511722435512,-0.06940685907539354
0.10207848947545384,-0.10895345860680079
0.14956029109469499,-0.14626066264027698
0.17588576858525359,-0.17845057640645653
0.17511365121898687,-0.20471840111626916
0.1445212569940221,-0.22168639522691166
0.08907594615238823,-0.22901428183625225
0.014505862820366262,-0.22775130196050372
-0.068621432020200726,-0.21964127765649313
-0.14791473509699782,-0.20708828645006191
-0.21109325618623198,-0.1927318937732084
-0.24794357306002704,-0.17897978560015063
-0.25170288790378803,-0.16672762867365032
-0.22125779041498028,-0.15869921027474745
-0.15971433400891527,-0.15163775877222482
-0.075702598927581133,-0.14643362163569393
0.018941603448861095,-0.1409873328224695
0.11066756876359191,-0.13257279537665706
0.1862557635236439,-0.11839730369658051
0.23481581740129878,-0.096241783250461233
0.24970630920268969,-0.066476706929242693
0.22827461810752195,-0.027594361258522014
0.17504809480586972,0.018114990678413601
0.097035471474900215,0.066301410641441128
0.0056248341534513484,0.11151249918268863
-0.085983902014550223,0.14764361826940578
-0.16474441853830801,0.16887995792383953
-0.21966727560954244,0.17070356844307885
-0.24365324249832596,0.15164262442256893
-0.23280469678864918,0.11099118397903791
-0.19191859723065319,0.052099952233011365
-0.12507132856409231,-0.018355732251987025
-0.041722168148943924,-0.09179839252757227
0.046740207108943534,-0.15857225156071528
0.12870401204355481,-0.2093025497485719
0.19399869887701363,-0.23630535040472994
0.23611138115696112,-0.2328494265894635
0.24996577446445659,-0.20093624901887919
0.23641160232288419,-0.14371647863342529
0.19901263253063509,-0.067936305021020549
0.14451916108172225,0.016648565777278124
0.081395259009586676,0.098923029744412388
0.018455622591676015,0.16801319941471018
-0.036448720485051142,0.21487386199238437
-0.075520815131172772,0.23164075917502144
-0.0984220546627598,0.2190377211138797
-0.10571417711615974,0.18102803299605399
-0.09893163287426468,0.12237715838965867
-0.082250306065723117,0.052045537461824803
-0.060739205866295144,-0.019584418752094431
-0.039408937574904164,-0.082249424047910538
-0.022375667120147161,-0.12728052195525619
-0.011425142181524121,-0.14850412394532325
-0.0092234762144372453,-0.14443510495704634
-0.012881781453385232,-0.11436446925787846
-0.021993811847133681,-0.064539240227463018
-0.033816303005718945,-0.0021678692264679978
-0.04526802902281056,0.064322092225787428
-0.053519534840387697,0.12650006740690456
-0.05648237818506624,0.1770182319350351
-0.055098361317988183,0.20844038770877196
-0.045955050834626469,0.22060061669431433
-0.032531149717983217,0.21275316605656849
-0.014997007048518416,0.18603825263190271
0.0043755125180850764,0.14328683241852125
0.02297169256432707,0.088144724684598774
0.038211645845898104,0.024555700429235959
0.04790042348414815,-0.043588173769186014
0.051348647244647314,-0.11118494632774595
0.046060221713916903,-0.17662890686989002
0.034278107083126341,-0.23735585948596719
0.015225247175813665,-0.28894321476896317
-0.009703042780221903,-0.32762841050439778
-0.038558444799653965,-0.34963824321611015
-0.069124181445858329,-0.35158219756354719
-0.099232479514931193,-0.33102145607463873
-0.12791206025579305,-0.28626519625514346
-0.15214697003041416,-0.22042109664429715
-0.17351255120381129,-0.13523953265968938
-0.19049707118535186,-0.038787120461458463
-0.20374061419044226,0.060361295260473014
-0.21441355267610168,0.15261209094744488
-0.22388094177080528,0.22853926600357369
-0.23329978228435652,0.28019012939142873
-0.24237885327417788,0.30427719512831808
-0.25217715973531718,0.29654546707686236
-0.260756142500076,0.2578130313319541
-0.26613614906898447,0.19587073427406571
-0.26527080846445938,0.12037114122482387
-0.25480448045752208,0.042944699746286605
-0.23170013719973584,-0.024455820702367351
-0.19391951853350126,-0.071325119607134405
-0.14244500038579525,-0.091058512983743414
-0.076781643733671204,-0.079408286918634829
-0.00056901247014404742,-0.03695029561766959
0.080249533633957634,0.029182218810290803
0.15849527182008161,0.1089240200974394
0.22632327042087974,0.18992511933751727
0.27627972142904533,0.25941088253804934
0.30241046798182053,0.30611886319445536
0.30152618192238145,0.32059674741238087
0.27279390298295264,0.30189501132434204
0.21978263614260274,0.24916109728534891
0.14846379054326869,0.17019638237658183
0.067595468111007764,0.074908000417842721
-0.012687011781815825,-0.024858762895929906
-0.082258121964558811,-0.1171498162261556
-0.13244318801605429,-0.19168747500727351
-0.15757197929691796,-0.24161366530859729
-0.1547789206757707,-0.26368680777410652
-0.12615852730814278,-0.25801921197936495
-0.076776170805697569,-0.23067806232814661
-0.01497933623017263,-0.18973233730979652
0.049139868161858898,-0.14466960487326691
0.10528068574921015,-0.10482116623957563
0.14451213816868899,-0.077898018183572976
0.16205605350242164,-0.069709058286790346
0.15294076567090048,-0.081177744659420792
0.12015195132540528,-0.10788685861650486
0.067962006358782467,-0.14725266866245595
0.0046240014628791334,-0.19264312255713589
-0.059756161422939991,-0.23647847098185626
-0.11479806861182147,-0.27143225399663928
-0.15147164343857963,-0.29151239298596343
-0.16379201405968941,-0.2942715854322126
-0.14945061523690145,-0.27555232010561942
-0.10739118052727489,-0.23956185752404524
-0.045372324764216529,-0.18729362659626064
0.027888992514935602,-0.12347383453530447
0.1021114753686376,-0.053841607677325563
0.16703253919554342,0.015669680274504643
0.21395413498760282,0.079694642966664467
0.23729340186403777,0.13205821801330792
0.23409871833887272,0.17306055005012669
0.20720379265508593,0.20167323142234087
0.16069151424936262,0.21813575405491234
0.10213525868858769,0.22392636682865219
0.040508078092040052,0.22103866013423853
-0.015241447685411941,0.21156668788145305
-0.057565540024186825,0.19739166429508467
-0.082278180223107608,0.17916744045943037
-0.085575943141985536,0.15996908608302038
-0.071854854165112655,0.13774547146228003
-0.043265562720528984,0.11557047066324498
-0.0062865683976420002,0.094422977930490606
0.031336815516508618,0.075232252981606906
0.061860883139763137,0.058908922147194204
0.07879072289092201,0.04632095335321635
0.07932010002783374,0.03624200044596286
0.059689493685038585,0.031788850012871676
0.023144195930925471,0.034701881068020926
-0.026785920564253902,0.043208195145479959
-0.083482634728924088,0.056352075572912344
-0.13910983240002628,0.072659821917948342
-0.1858256690507451,0.090317997957306703
-0.21699182652222268,0.10743447094189908
-0.2284727124327097,0.12093101865349344
-0.21801821324246698,0.13156519043689688
-0.18841342078788537,0.13981879126847513
-0.14305527530196929,0.14521600726179751
-0.088393222879759675,0.14880296077543007
-0.032081787452326066,0.1521064583183328
0.018202071250221358,0.15683126538206102
0.055936368636824441,0.16450139647788697
0.075330357662863251,0.17526503358495582
0.076697490371931451,0.18997370387077897
0.062321659945872861,0.21043335750917805
0.035401643896924899,0.23273600820335372
0.0018831450161597612,0.25425224928665002
-0.031386349047523569,0.27204752951296574
-0.05778480671484456,0.28334806100210874
-0.071988766435494095,0.28600723872684941
-0.070539509527435096,0.27804966356474625
-0.052868177823578777,0.26120888429023731
-0.023021714677126864,0.235632735683213
0.016129077114409841,0.20502543425178091
0.058648079044933285,0.17297578221523019
0.097873520878632755,0.14331300855591653
0.12744629970163093,0.11958391430485092
0.14227340002609429,0.10457693550613117
0.14068844997632646,0.10024504713877738
0.11977232213432394,0.10697994501204511
0.082033987742187384,0.12194656562365963
0.031083516959096811,0.14468799020950951
-0.027461333200276314,0.17248211429401136
-0.087047872747355801,0.20213258550907667
-0.14107754026499914,0.2303930494339495
-0.18375840069164187,0.25437066997249697
-0.20882445994285462,0.27156926839790696
-0.21690531900302573,0.28119153883653653
-0.20777430938311181,0.28242063464504119
-0.18294622890366768,0.27611383095244857
-0.14558839518009509,0.26351135625930172
-0.099676125038726485,0.24626572137712513
-0.049406501831037918,0.2261797090258679
0.0013154891668394862,0.20497866689506031
0.047836627199182379,0.1821727572142707
0.089489469900462318,0.16227171287293843
0.12642333895974037,0.14457274991180483
0.15629941386810717,0.13073547271493907
0.1786398174346337,0.12109591827513615
0.1932176279491761,0.11554387550503756
0.19991114659589465,0.11359398699483506
0.19864957913159187,0.11448278873338495
0.18917646519276232,0.1192517665481828
0.17226971528509605,0.12430500644640829
0.14811161652858926,0.12710696666626325
0.11817846344308434,0.12830741235163051
0.084171362669383701,0.12743461158766786
0.048214447957435867,0.12430703275560737
0.012651598735155034,0.11898819095368497
-0.020253883410816232,0.1117037175284383
-0.047255782901863171,0.10301872672090603
-0.06955666504294486,0.093388242058019807
-0.086407646837424773,0.080267884272785028
-0.099191049079052462,0.065907455968116271
-0.1097750689156564,0.050390721929982014
-0.12046402449442015,0.033663638082420358
-0.13355432542389561,0.015672743426343987
-0.15085085314464086,-0.0034385603427212041
-0.17238342866013018,-0.02227537161624308
-0.19882572465505244,-0.040753215982239258
-0.22947410131810553,-0.058123821396077295
-0.26045889182244053,-0.071144990425752841
-0.28782155351390004,-0.077050351582154591
-0.30720478370230969,-0.073096675822479917
-0.31449585448667372,-0.057059803808297255
-0.30647752040262549,-0.027756861664415072
-0.28279327514060804,0.01647345116331941
-0.2417717862853587,0.071117539977914201
-0.18372803225203047,0.12989142951967908
-0.11398681791979298,0.18942579559000633
-0.037917250049869178,0.2434087913554783
0.038282645500402883,0.28528894637449642
0.108325879521879,0.30913291621909006
0.16658442772205162,0.31048607053914057
0.2095854667823828,0.28512327447899621
0.23355957135198879,0.23700237052231232
0.23771306184920538,0.16703207562439398
0.22368179718602096,0.082733041427513365
0.19451496283852837,-0.0081721062150427997
0.15445110794627967,-0.097302749085650689
0.10828204863548112,-0.17664746384138552
0.060684574499931601,-0.23951310668249232
0.015337843982099255,-0.2832369553843484
-0.024050016155644213,-0.30231741761768077
-0.058054768853809731,-0.29869561831934194
-0.084970477524177787,-0.2739694411088433
-0.10573826800041748,-0.23262579727352545
-0.12215172507089971,-0.1805400483315012
-0.13633715067181515,-0.12420696242862167
-0.1501915210360171,-0.069971091431229607
-0.16629000528507418,-0.023077558160173425
-0.18261506225437871,0.012095487430484164
-0.19790325780166657,0.031794458374000023
-0.21014513865525702,0.035972856412780148
-0.21643188450717557,0.025216867111735795
-0.21377240157042735,0.0013073312658380598
-0.19969185569660577,-0.033119913193407818
-0.17278889629842162,-0.074906955923003393
-0.13174114915728291,-0.12150182576447494
-0.080985139218811245,-0.16825397296373604
-0.021726104468299059,-0.21161208919596733
0.039580580998074572,-0.24872441071868015
0.097345196860442421,-0.2768017048576395
0.14615278911421861,-0.29347923150626443
0.1814568154536991,-0.29690999364109089
0.20014236347362033,-0.28587599123444052
0.19946933974006384,-0.26188280408181724
0.18153038258593096,-0.22215471046436813
0.15106858360834305,-0.16875293427739088
0.10954397268046706,-0.10343919284493648
0.061218476367439829,-0.029317097676631709
0.010664199139742004,0.049606255143269357
-0.037724792889230266,0.12871303131365844
-0.080124227001468734,0.20317648011360209
-0.11494387455371462,0.27039671958322087
-0.13745076366708855,0.32409637918590534
-0.14867471500573889,0.35916129725904278
-0.14649896738082871,0.37634561982314335
-0.13110234002760593,0.37598031462059295
-0.10347821876341456,0.35982600328497039
-0.065356234175962216,0.3307784640670986
-0.019126537614864946,0.29244732305873711
0.033083167856278933,0.24782758627132068
0.086587110878463255,0.20118243271641373
0.13733247065110304,0.15805081661323819
0.18160269570174509,0.11831136606634939
0.21557470340020879,0.082909848196546537
0.23593164318971663,0.052040189433008921
0.24021858547194086,0.025427724502031002
0.22717972483700632,0.0026800719074726127
0.19843452027290368,-0.018342079963466876
0.15313560906538509,-0.034334338476284268
0.096868222636523213,-0.044325200454684674
0.032628032160805481,-0.046988200882782535
-0.034004714944829366,-0.040577483186892437
-0.096784221466548664,-0.023605468237730156
-0.14945667313822375,0.0047158406273447723
-0.1864839332942359,0.044071355319209839
-0.20288455240264225,0.091350216700754744
-0.19806939260373024,0.14528490359926116
-0.17080142538750245,0.20225863492680393
-0.12450773548794644,0.25589845458356858
-0.063663303869083671,0.30018147678717183
0.0059243960949833642,0.32930484720572578
0.077829009165265653,0.3384555496681923
0.14576570353885959,0.32452378575928947
0.20626390420522733,0.28580464875061257
0.25265888434699313,0.22463996482185808
0.28101209156840584,0.14778337911664033
0.29222695527097614,0.059348792789315895
0.28751869033303268,-0.033048642609762181
0.26943886720517746,-0.12109108281606577
0.24135252747446001,-0.19670343409354116
0.20686841770088471,-0.25299144118606948
0.16959521608096478,-0.28475896906340475
0.13145226073595767,-0.28940092426580838
0.095371869010084584,-0.26993332784409385
0.061103218258644128,-0.22703370510879584
0.028495822199460105,-0.16557023307335439
-0.0030456374419327139,-0.091955577363196109
-0.034208284636571482,-0.013302561365802922
-0.065437608181288506,0.063465263379364298
-0.096968817314005862,0.1304425542488285
-0.12760692708174839,0.1870240209805816
-0.156535917557205,0.22774054647696176
-0.18172176357511624,0.25461939221263957
-0.20130037160340672,0.26913341076797659
-0.21363581930317083,0.27365933172914492
-0.21764838220848381,0.27092985409692466
-0.21307217863739769,0.26355578441733823
-0.20200748684126191,0.25510277261369052
-0.18343774045824715,0.24482916866711396
-0.16201026390081064,0.23433051233826871
-0.13895896286785248,0.22366932873952458
-0.11731948403865554,0.21309789591194003
-0.10016287336745559,0.20297842615355688
-0.090196095520407638,0.19387076529230315
-0.089373940727104695,0.18647476648841546
-0.098862531777053453,0.18228617411818487
-0.11830977347878988,0.18060030446817754
-0.1441479729615274,0.18015223352158588
-0.17516350535880276,0.18084394390003677
-0.20784156123459255,0.18099480912176086
-0.23818945005209669,0.17836434261604434
-0.26224635644946764,0.17052287613459338
-0.27661848299978437,0.15536158683246443
-0.2769842170590473,0.13023574499925419
-0.26499090412195475,0.09811491951193374
-0.24280768555006296,0.057797022564138351
-0.21100870427271712,0.015120115642518773
-0.17264500817096565,-0.024949909560663636
-0.13139311864757328,-0.057010294721807242
-0.091027006009681152,-0.076033969767826268
-0.054887848999509221,-0.078201053050848332
-0.026282546535951103,-0.059634905904512717
-0.0047101538206626081,-0.024541442142486519
0.0077356670526826186,0.027162233675587812
0.01394664898265916,0.087769572722643852
0.01615250505481821,0.15018965822559449
0.016896543046905729,0.20689792276963723
0.018599454837533863,0.25091402191093748
0.023195770009662334,0.27668380535022474
0.033871079142935308,0.27932741088123686
0.047674527871546406,0.26028362512041237
0.065773558908839611,0.21954096535522771
0.086082931812061711,0.16173929232892556
0.1072359351005204,0.092071482367394264
0.12798840283347376,0.016414165991664634
0.14735488199398181,-0.059358097828475002
0.16460561869310603,-0.12992687980058859
0.18054939052720725,-0.19060855137780625
0.19184872172633124,-0.23785405728703057
0.19974409426695866,-0.27204078534597409
0.20112605777425438,-0.28952375656148371
0.19413298104650228,-0.28947947832623827
0.17698266393363896,-0.27187681168140682
0.14831978238171864,-0.23748719432167148
0.10761485771431775,-0.18796530250716975
0.053562330121420608,-0.12681655200550235
-0.0089236404091679929,-0.056021654200006668
-0.075395574856253311,0.017450576662754798
-0.1417067553420856,0.089478968768746212
-0.20211925427933725,0.15378323981251757
-0.25080051881644155,0.20387379621774085
-0.28258047953904114,0.23380406110959467
-0.29370225113339582,0.2390388090571417
-0.28103356743367564,0.21532120689095874
-0.24812121785710567,0.16662523255682346
-0.19518532361122298,0.095267574686572376
-0.13004840969643475,0.0093046614953069696
-0.059944940680581024,-0.0818428062115409
0.0073847046651975105,-0.16763821557736486
0.064622541053309474,-0.23776739783583453
0.10571491057345644,-0.28352805623603361
0.12623146963724691,-0.29933914575297349
0.12463731676408142,-0.2826996576547291
0.10171396279383857,-0.23518556316495826
0.059697004149398637,-0.1628689615984027
0.0027406557588455309,-0.074634910578020741
-0.063935658682801211,0.018756816625638648
-0.13464662893831422,0.10615455211695714
-0.20378061552877244,0.17753470023179233
-0.26706486207996499,0.22561118188055959
-0.31873651229194855,0.24642901730897446
-0.35588663313628155,0.23697394669243835
-0.3756127760767034,0.20285305836465115
-0.37633104743746076,0.15064005595763347
-0.35750377245663395,0.08874993532974762
-0.31965990559480345,0.026158553380751952
-0.26443310265671072,-0.028852624047083917
-0.19601087084909247,-0.070021688277000074
-0.11565375644969568,-0.09326529456188061
-0.030539845371257826,-0.095287116988337167
0.05524970187779539,-0.078856488186887008
0.1355168674559816,-0.047344222657618819
0.20382526136263615,-0.0053738048804725519
0.25413907207973496,0.04200247489826147
0.28155857271560208,0.090049696983922053
0.28501617217000919,0.13406193434304334
0.26093124525608918,0.1723951501921116
0.21142852784113364,0.20460422343724685
0.14156256351862814,0.22936247152384717
0.0585955672865082,0.24687777749648324
-0.028493047452249929,0.25768980278713993
-0.11008744790855912,0.26235573073083435
-0.17717597603001081,0.26124545085133094
-0.22397518600364186,0.25363348705541772
-0.24456645534385935,0.24125382689933653
-0.23553286919729352,0.22197417332629749
-0.2016372670650006,0.1976962497380774
-0.14881089833401168,0.16917880167473709
-0.085190393165136089,0.13752043868386779
-0.01984567241714227,0.10415852916871909
0.038627543450382759,0.070785678527396118
0.081450427745284576,0.041169754895206981
0.10797376515213788,0.013280318846517843
0.11601861605532986,-0.0084166584160981304
0.1093869750516847,-0.025453164433264244
0.093524389111992179,-0.037652484612164201
0.075283790073849305,-0.045057460371667975
0.061619374819441131,-0.047882764670731527
0.058280217139657732,-0.046478374353363321
0.06787918990433682,-0.041593103026509148
0.091563127425174876,-0.032900659629502643
0.12923902547899488,-0.023088996111341492
0.17325677216380422,-0.01130653178978222
0.21605912975218247,0.0016904777981600356
0.24944472077709806,0.014968200896770478
0.26592635092636391,0.027505706089513516
0.25999013488335815,0.038347881313349826
0.22933740654399862,0.047075620359654201
0.17392395018177695,0.052890884260723768
0.10003085486666297,0.056529585921891362
0.013183299646309115,0.058531304273425538
-0.077634442849299407,0.060260913866047518
-0.16258269272087664,0.063413511909269721
-0.23227826743507388,0.06968520168703328
-0.27902857177163032,0.080378225815753934
-0.2969619098550188,0.097423050223609628
-0.28496174030770965,0.11834593286556878
-0.24717484935462822,0.14046025087193717
-0.18596961289841904,0.16171979884238688
-0.10799138812679396,0.17848764076103749
-0.021231533982702649,0.18687358827133774
0.066049958869645833,0.1833412625100469
0.14635852576700031,0.16533504583991276
0.21352563832403312,0.1298445351365346
0.26378444618509872,0.081431949132256029
0.29761944268801827,0.019825511836693642
0.31417807521439473,-0.04795655590959335
0.31578818900588151,-0.11589318414679121
0.30594420183211224,-0.17774122196991704
0.28861837917878091,-0.22781913989205974
0.26760565243316564,-0.26170106377067026
0.24515677092724278,-0.2764394913614841
0.22476141449351184,-0.27172448418361922
0.20684891994655202,-0.24922221583818888
0.19179095146757091,-0.21166308335790324
0.17885393359156182,-0.16328772644946793
0.16682016773940417,-0.10900160853075921
0.15435323524479025,-0.053804691065599965
0.14031922506913061,-0.0022970860970859316
0.12485717267763266,0.04139923052097326
0.10675266456242335,0.074750902082542717
0.085322899665237498,0.096229462387895565
0.062199375400631689,0.10461689249096362
0.038410917971088046,0.099799652774866854
0.015022664107869744,0.082369090477177817
-0.0070437120046313358,0.053541644152739008
-0.027130101187289868,0.015133584730415227
-0.045733203928859718,-0.030138539884569149
-0.060998579370793102,-0.079540250481608468
-0.075139989041468042,-0.12969885323659533
-0.0866433959239757,-0.17607804857889281
-0.095520695891457591,-0.21413032174560173
-0.10184322717413868,-0.23940011502089889
-0.10568004583912113,-0.24802431553333174
-0.10704005484958133,-0.23728632116013396
-0.10441728630971056,-0.2058529275240166
-0.10044054331528626,-0.15487867750478732
-0.09180855048856422,-0.088673778238598844
-0.080538772847972756,-0.011535337872489899
-0.066449307514843486,0.069763337337475778
-0.049193674120369159,0.14752926463561836
-0.028411348649377006,0.21406269426761676
-0.0039458673054646228,0.26264626549369685
0.024759709823184806,0.29043510116232296
0.055916567386522856,0.29241378647565169
0.086036050735324512,0.26850139175559862
0.11425969089934962,0.22314827567124318
0.1377914365212865,0.16253446553656156
0.15363466827440492,0.094583064966704891
0.15904367331536098,0.027863933899611771
0.15203001450642975,-0.029602189258898834
0.13380763079413974,-0.069480942910610313
0.10277115586585236,-0.091655587064047223
0.059077959961243709,-0.092195687585202191
0.0089602145377504234,-0.075689704218943013
-0.042063659396566512,-0.046987744395536588
-0.087885548378451944,-0.012286929758058531
-0.12263660790514591,0.021911439530387187
-0.14155428826274175,0.049825132256693543
-0.14090555415200134,0.068078918470157984
-0.12125525928644715,0.07332602177993533
-0.085770286582948357,0.065467468536926615
-0.038143710142600901,0.046945987393585076
0.015217680970805574,0.021504249368447574
0.066884249920607527,-0.0062767004115580642
0.10943484370418488,-0.031808940390340559
0.1365204188282311,-0.051275641987087825
0.14520548548412265,-0.063077846047929154
0.13151099941793845,-0.065256425756452824
0.097305607707475664,-0.058583684413660346
0.046122069643628277,-0.045818286164433057
-0.015903443110827208,-0.030514294397108285
-0.08120343204087957,-0.016685185798534553
-0.14189190970690418,-0.0081449490017601409
-0.19092817076188662,-0.0079147723253115004
-0.22456001063213457,-0.018066190811844039
-0.23833172691047588,-0.038961885040354013
-0.23174532460718802,-0.067601909780867719
-0.20891154774644383,-0.10327599838599333
-0.1754518732242446,-0.14298881204795236
-0.13842389753323697,-0.18332434005179285
-0.10518562522010959,-0.22093338001895391
-0.082225188125314416,-0.2529782952177691
-0.075551900704353372,-0.27944506585608719
-0.084881402644071749,-0.29565350400108065
-0.10997878809290369,-0.30477172374328304
-0.14682523783672077,-0.30534753956881633
-0.18975100660394845,-0.29884806478250325
-0.23211048316383234,-0.28740368906711505
-0.26737549714430331,-0.27342489593980374
-0.29018576875994923,-0.2591777543637796
-0.29859898650540906,-0.2483620170427833
-0.28929446825869781,-0.23888479320559794
-0.26543640844093808,-0.23060855037796632
-0.22993414953584454,-0.22263466518875533
-0.18830662494934144,-0.21320680239635642
-0.14694539617303856,-0.200354375520891
-0.11208998944315218,-0.18230490898246682
-0.088832439071596089,-0.15787603751882995
-0.082282619088922843,-0.12818903018088856
-0.090333959942019149,-0.091721488229782586
-0.11030517858213258,-0.050921954717873516
-0.13888357756305209,-0.0080076195842711546
-0.17043386875531777,0.033852538271233107
-0.19871872846856911,0.071240154186455767
-0.21784432068284795,0.1009774330459231
-0.22312674539975946,0.12061174213206073
-0.21259394083468666,0.13079284214690876
-0.18404846768613423,0.12841485426099319
-0.14043330026772258,0.1157280852645169
-0.084233469053612078,0.095053614224025487
-0.020249182287866895,0.070168258234755379
0.045949799681260971,0.045554403969309529
0.10879156889110049,0.025800198568749516
0.16341928780833265,0.01495358606053108
0.20653771683285937,0.015645698685496378
0.23528115046234807,0.029550908213733174
0.25138153474221497,0.056523277828178266
0.25445638143389482,0.093999382190710454
0.24682526573805813,0.13821690372257858
0.23166281095042793,0.18447331081433421
0.21249491433393669,0.2278193840343814
0.19270949760465741,0.26380001996049829
0.17487092416453542,0.28827920751097935
0.16117286149046908,0.30028259309442351
0.15384022173866885,0.30261490529388629
0.15213794613725831,0.29508347939168161
0.15547080901805604,0.28090968682545542
0.16279044544494814,0.26417416953746203
0.17286077902503186,0.24907464238906349
0.18448661481789022,0.23914565052245604
0.19695312100430237,0.23854976437268804
0.20843631359909054,0.24393670552533014
0.22122246978350091,0.25678121436658263
0.23268230176383584,0.27123922762027713
0.24235861339479275,0.28245870515337723
0.24993276384105775,0.28541402821044193
0.255151252077916,0.27575417544937231
0.2577578173665025,0.25055075725917331
0.25773033172937532,0.20741586316771238
0.25398515864817234,0.14946172658623921
0.24733789544546489,0.080868987692371455
0.23640657445299415,0.0057020942955276757
0.22083808753343429,-0.070192472286247878
0.20057681597544846,-0.14077769533329312
0.17594795521171303,-0.20055509954719031
0.14769303905091075,-0.24516804536011855
0.11779593321347412,-0.2703895819545839
0.085929884562569739,-0.27701071946722922
0.055840529900070594,-0.2664341313158452
0.027513534323818322,-0.23963548011763597
0.002381985383396101,-0.19933015588529437
-0.018202308932450839,-0.14875001623444528
-0.033108458413389476,-0.091335615454937139
-0.041571421009970251,-0.030542761278015793
-0.044167110987700417,0.029947824676496822
-0.03942400849778939,0.087309974901631962
-0.030355908963881604,0.13774009937803117
-0.016734516111900251,0.17821350329408858
-0.00033373984470253502,0.20546951936748376
0.016641560407497782,0.2165259443914655
0.031813953269829137,0.2090591339426166
0.042955454587953336,0.18188149351186517
0.046347574822418455,0.13457867482000566
0.044557932544734224,0.071549108820970209
0.035278423184530741,-0.0055000419780820309
0.021298193520676151,-0.087640852243675862
0.004603842002402026,-0.16664038433885542
-0.012529858742493773,-0.23388167877672916
-0.027899055074601942,-0.28143460781167379
-0.039711353402100101,-0.30315304794528786
-0.045442781780200087,-0.2947820113142478
-0.046533624740891837,-0.25695470153220124
-0.045220888613130665,-0.19579421011683881
-0.041239220119623977,-0.11592944256966933
-0.036144873995774041,-0.026513012268129195
-0.03162455496882817,0.061877729379253434
-0.029205037700168638,0.13861694605607541
-0.030004145905440108,0.19445689026410501
-0.03258909375550853,0.22307013522166075
-0.03927516696259991,0.22141523732802706
-0.051714208845505913,0.18847278461625752
-0.066577179995806188,0.13050891427973199
-0.082120151330252175,0.055411692199346815
-0.096441125900753669,-0.027048345164140276
-0.10769889335987703,-0.10659070908907871
-0.11428926803398495,-0.17380785868378526
-0.11468035685218321,-0.21937795263398685
-0.10819037378821553,-0.24256689525962394
-0.09550772180960955,-0.2390956873998604
-0.075636707095578043,-0.21334853987444619
-0.048804880805136758,-0.17002042276804735
-0.015612149457875609,-0.11517854321369461
0.022965849308764216,-0.05528720806597013
0.065568958662867396,0.0036640151487046901
0.11073097115790498,0.057648879869277636
0.15580048871169311,0.10203522132633311
0.19878155075745826,0.13468718136247237
0.2366787138416232,0.15527334651742222
0.26677344732270586,0.16420627404056967
0.28655990656835234,0.16253160942837447
0.29397973801771704,0.15158094725264357
0.28764563667387766,0.13274125212792542
0.26730489037159466,0.10821657120637151
0.23304170608889985,0.078348787465091815
0.18593368846760711,0.043654173621246649
0.12860742819740342,0.0068649116813136561
0.064152000032158929,-0.02973661874483554
-0.0038550805483401327,-0.063538244929292664
-0.071652725013082522,-0.091813702139505043
-0.13561364995596395,-0.11206843696997418
-0.19112637262824128,-0.1216115698913999
-0.23793704933997087,-0.12162698645496296
-0.27367420181902608,-0.10981852032780608
-0.29792217516901848,-0.090594823911703246
-0.31067051962178349,-0.067537210907368292
-0.31247638985253468,-0.044940139257950693
-0.30433270240373461,-0.027228872127991223
-0.28754872223414624,-0.018314545468910239
-0.26224736723717146,-0.020142967374801372
-0.23241004522800768,-0.034769748290275702
-0.19920694679528148,-0.063360769940497816
-0.16497321840980519,-0.10192200167082099
-0.13163708602463747,-0.14636885047714426
-0.1009077427256712,-0.19168288883470103
-0.074186959427081603,-0.2326227655353984
-0.052490540711341717,-0.26446937295444906
-0.034976624579563721,-0.28566484287909588
-0.024206675506592258,-0.29174531317691066
-0.018371241503845,-0.28117174148970431
-0.01774675829987624,-0.2573228255575597
-0.021241690576322102,-0.22381062610844393
-0.02735070870355236,-0.18532783228011679
-0.034342743058884663,-0.14693906330174653
-0.040507448799197827,-0.11333692740507728
-0.04470526435057371,-0.089023374659830026
-0.045326565116593998,-0.07472242295836419
-0.043398721534097497,-0.071352435298649083
-0.038493609979666409,-0.077186417256774623
-0.031806499378119038,-0.089485396083386057
-0.025142382571412648,-0.10475501590549242
-0.020624827060788817,-0.11938063450684386
-0.020326826712324865,-0.13025248342540241
-0.027297599184620085,-0.13386831957727025
-0.039563142137201086,-0.13138440882436825
-0.059990177303401476,-0.12436227097241605
-0.085034227926130329,-0.11381641136462811
-0.11246877220562969,-0.102358616414761
-0.13975390488355366,-0.092827971406137202
-0.16442286245068252,-0.087730458281104956
-0.18444660997256962,-0.088739138239668891
-0.19823484865196628,-0.097750414005735142
-0.20626604986201685,-0.11200249823181085
-0.20701574805713724,-0.12848317167049883
-0.20337954425713786,-0.14499801403719714
-0.19725898577355952,-0.15808628179957429
-0.1906230410531666,-0.16438804900061779
-0.18517906667865985,-0.16114363816121219
-0.18211718797642101,-0.14659123026929655
-0.18055337085838066,-0.12105049241257189
-0.18317621760355107,-0.084058577997842956
-0.18626082886620454,-0.03729818155845508
-0.19104382798243633,0.016165110951200847
-0.19633765853768143,0.072947212424637142
-0.20066609542259475,0.12943776276271413
-0.20245914479368107,0.1821461019928686
-0.2002543742296769,0.2279740565685891
-0.19259565818651408,0.26467417395844628
-0.17926791451389795,0.28926885619765419
-0.15959269781081331,0.30328453093977248
-0.13420721086200041,0.30375969918870172
-0.10390763474268282,0.29039156399287119
-0.069832778810340196,0.26358281791979155
-0.033345873575712802,0.22445557515564482
0.0040851482822369459,0.17485437138299303
0.040711799394192602,0.11760863304262813
0.075496715452544702,0.055188588992495645
0.10753305871582274,-0.0074784904500675995
0.13543955025158597,-0.067354820463644674
0.15828321882867558,-0.12041234824848168
0.17530199273530173,-0.1627801661219592
0.18590812131871742,-0.19110136991196278
0.18969645577615465,-0.20290417370875949
0.18448558173768426,-0.19665132315606948
0.17326453839459693,-0.1732595473953695
0.15631527282026927,-0.13325487812782652
0.13397353492695122,-0.080842843051049204
0.10693843052133202,-0.020496754065532741
0.075975537746422156,0.042646800404904983
0.041925374422776357,0.10332493444580493
0.0057314537629941358,0.15670212031586161
-0.030675870213732557,0.19689217448140897
-0.067825328220955397,0.22406846434896399
-0.10219227023387621,0.23791359372202403
-0.13391069170765449,0.23797389134770569
-0.16148408688800223,0.22581190464605297
-0.18329176795084071,0.20384148329556209
-0.19777273591695071,0.17494774277341188
-0.20367309238376122,0.14210926590536394
-0.19890220540607154,0.10610367604365815
-0.18624523349030592,0.072020832982058927
-0.16457230904737588,0.04239792297661097
-0.13763931883947381,0.017555345353324755
-0.10834418410918385,-0.0020079411499516532
-0.079769569788613562,-0.016347581970291462
-0.05475749955389618,-0.025927245591182615
-0.035489831265558498,-0.031471055102079724
-0.023424431021027307,-0.031864205515736342
-0.018550792385524064,-0.030423822750054376
-0.017695162670735738,-0.030387717217512957
-0.020109815775544784,-0.030434135463713971
-0.022848966107883433,-0.03104070145981053
-0.022625073721258087,-0.032515917946069173
-0.016341785747245683,-0.035003015144816262
-0.0016317341309150571,-0.038477431494136204
0.024663160180061088,-0.042458054877560866
0.059272762763060274,-0.04672355205680092
0.10032056131143591,-0.051829806360662638
0.14473721832971095,-0.056098413594567749
0.188330839000834,-0.058593174485267151
0.22660991022360269,-0.058345436867094834
0.2553636645942069,-0.054426709611298238
0.27119202301958867,-0.046014925196598395
0.27275362336873732,-0.033296291700780384
0.25844877469514549,-0.014971690688194728
0.22720170646605312,0.010945289044844556
0.18260104997817037,0.042789232013748929
0.12783585020525506,0.079964303317805824
0.066698879464939673,0.12151503676894522
0.0031752432183339476,0.16609974532228869
-0.058913535548674775,0.21196577371318787
-0.11476055471404208,0.25779019747879595
-0.16383464292857025,0.30017627556033544
-0.20330981659669642,0.33450855868643614
-0.23207026066699696,0.3594220634097206
-0.2491545386751553,0.3722776403935919
-0.25399787056218515,0.37083637666782421
-0.2464655032471757,0.35355216100203302
-0.22696081865402323,0.31985095045719619
-0.19573390092399698,0.271194668056215
-0.15650924664207505,0.20846541776199845
-0.11006361299917576,0.13384426887022075
-0.061861636556063991,0.052531891483676776
-0.016474037529837556,-0.03031793036720393
0.021432537678762738,-0.1092105537098514
0.047609247328779324,-0.17883396538793106
0.058765341996933729,-0.23458186837842326
0.05446314283246554,-0.27103401459273441
0.032355219137376802,-0.28939617293511932
-0.0050535263206106362,-0.28860814256515893
-0.054538362449027995,-0.27045358006777287
-0.11101089370288816,-0.23762938772718956
-0.16838360472270114,-0.19366027212810571
-0.22033590238728812,-0.14249499077178396
-0.26115689653141455,-0.088125232784704174
-0.28569148958646118,-0.033427141159432079
-0.29286997176703655,0.016953415586830535
-0.28298509358254476,0.060924369050962768
-0.25817529772680442,0.096092854669521166
-0.22277613710926014,0.12106058564453787
-0.18238213508241957,0.13510931931346826
-0.14300567935820474,0.138150062375787
-0.11018369481760004,0.13067223624051144
-0.08732751303349176,0.11228966873066448
-0.077485391481824081,0.08661910464106666
-0.083448818761096999,0.055748377046069018
-0.10111578033860039,0.021770983498558917
-0.12666824067016239,-0.012835122588212532
-0.15528205541506182,-0.045669627672918323
-0.18193808932117503,-0.074605429375505405
-0.20222649964604178,-0.097981105367998741
-0.21104212315080131,-0.11561205434152973
-0.21031966080943101,-0.12523619995867921
-0.19897518448201576,-0.13020262869328192
-0.1802780652318979,-0.12934156079114256
-0.15767342334371309,-0.12422024668020673
-0.13498871172570406,-0.11700197729820294
-0.1157837725815471,-0.11017297911731104
-0.10280089038036902,-0.1061994639981442
-0.096752536172040868,-0.10857797706426217
-0.099661931753368793,-0.11584567898157186
-0.10845131892969424,-0.13143064901281332
-0.12290471245893723,-0.15235713228009887
-0.14069925596818789,-0.17690238716760145
-0.15921678334072059,-0.20286995419981008
-0.17594714224946206,-0.22787086020188893
-0.1888284745923571,-0.24959168105351118
-0.19619501372247483,-0.26742228760668219
-0.19778267724393672,-0.2782440497792919
-0.19406008253158347,-0.27852898250693875
-0.18545739116384555,-0.26991249191956729
-0.17308041888854497,-0.25256326165481519
-0.1582204832537572,-0.22705883304828434
-0.14217452223636878,-0.19429633361156445
-0.12612209764632848,-0.15542986877783457
-0.10909554057493438,-0.11324827066713915
-0.095661458584412482,-0.067243307929082716
-0.0834684063422102,-0.019078529029007734
-0.075628265267876818,0.029058002677292315
-0.072944246624199183,0.075028913584068449
-0.075818272629042852,0.1165814366076889
-0.084219516826470636,0.15153710792574218
-0.097692532751402134,0.17803535281371036
-0.11737889967709909,0.19676872039115714
-0.13936071422050125,0.20447611516396455
-0.16151651364253958,0.20084580817207034
-0.18328871932529417,0.18820072608915767
-0.20346177890540593,0.16905788850851136
-0.22108769636313699,0.14671414252845832
-0.23550309269056777,0.1248395964854051
-0.24628422913354958,0.10697888169520893
-0.25512941932105587,0.09801103214956583
-0.25919817903536979,0.096404327906565807
-0.25661846791819964,0.1041211532673514
-0.24849163695677831,0.11899952503444773
-0.23456662649412777,0.13865805988537236
-0.21474429271248677,0.16005795313304394
-0.18922265447791989,0.18001503843373351
-0.15866354173075076,0.19573185210305499
-0.12631300601234133,0.20497901926009984
-0.09134312410538814,0.20713260677446355
-0.055575611273629637,0.20380147923827258
-0.022975199743168574,0.1956879321776166
0.0029747306883768738,0.18521317320810596
0.018838928137274256,0.17522252631770344
0.021735433741484997,0.16845266667400366
0.0098602619003976232,0.16700574910536625
-0.015081463909204808,0.16994632701275492
-0.055064111705239498,0.17940554065528697
-0.10432432896502707,0.19608591799473077
-0.15949629241810642,0.21499868397585667
-0.21431227176024342,0.23222791129991158
-0.26167790442595268,0.24350838918903456
-0.29455687872927222,0.24484392335849736
-0.30695389437874382,0.2330988913159083
-0.29286904551223464,0.20788644785858096
-0.25431577512154058,0.16656843662780318
-0.19149312277598754,0.11210400506699758
-0.11025909298681723,0.046480524392560306
-0.01786570673814564,-0.026103119612705977
0.077136105364354085,-0.10056928731975859
0.16604407047143502,-0.17157341362534553
0.24118525643968367,-0.2341545578195236
0.29497272652232015,-0.28574131814954418
0.32736258636186205,-0.32112223115659566
0.33939722078332019,-0.34161637186487481
0.3333764448538995,-0.34626750871412698
0.31457291052266212,-0.33717578048699259
0.28944318099543459,-0.31768151281669177
0.26453671464452633,-0.29176568935589792
0.24543684699861446,-0.26335277111019995
0.23392904159313113,-0.23478659807578312
0.23383732943530686,-0.20901662906938306
0.24644745024281534,-0.18738619900501818
0.26634027840935398,-0.16772364458802555
0.2883921479329104,-0.14738706298341714
0.30667113359544629,-0.12301208275152477
0.31539056923293179,-0.091288025263926542
0.30979264892356428,-0.04978551269903056
0.28542083425629278,0.0025941578240955094
0.24324413485989088,0.064590795098606241
0.18539268813627235,0.1307729816483682
0.11413617626403708,0.19721435445650606
0.033932960893055378,0.25716432401244077
-0.050031792896377693,0.30337290744138878
-0.1324770830498869,0.32919808321547939
-0.2085728043160712,0.32973195976949771
-0.27235635665085339,0.30078178460388078
-0.32404839460578805,0.24697117087739676
-0.36102571597734939,0.17053809571508599
-0.38284428153621747,0.080891563109936365
-0.38932356182089123,-0.012031928873783652
-0.3806112456373551,-0.097646967335212456
-0.35706834501084139,-0.16613398544156766
-0.31928596994084868,-0.20976729133502153
-0.26906775537599048,-0.22311023415259021
-0.20728480461695434,-0.20615319047077751
-0.13368633615058625,-0.16362527094087909
-0.053708884644369674,-0.10023300780285141
0.028360638498029125,-0.024511533042646312
0.10769478047834349,0.053775216037870673
0.17938177006133951,0.12494823421113195
0.2389987456392316,0.18065456593559562
0.28236594667813236,0.21288410524358342
0.30973047823043215,0.22094354644284986
0.31844088956822281,0.20717381134628801
0.31307655653616984,0.17224557782209302
0.29778566491992225,0.1209339270330977
0.27764268023249866,0.059346042691432552
0.25785907659775636,-0.0059402943873965381
0.24294108247197232,-0.068661633249655171
0.23677686218195443,-0.12262289994865828
0.23974070815077436,-0.1657206047873101
0.24807474072106384,-0.19240241007430892
0.26072691484016974,-0.20365870146052367
0.27306279536512429,-0.19942129571047462
0.27959285062196543,-0.18025623615517805
0.27491413844404533,-0.14718956778329326
0.25468838031751656,-0.10168402040982578
0.21451720156280035,-0.04434411623244585
0.15819261079086744,0.019973119726962446
0.085395358829224249,0.087468119071860029
0.0037967236216368051,0.15374052190658216
-0.079365411191862925,0.21345509065327664
-0.15628775684204707,0.26105047360325428
-0.2196466524550125,0.29136903124721081
-0.26354788599058554,0.30040776351969006
-0.28565056762182189,0.28803809844587708
-0.28319333827907905,0.25223599582076478
-0.25504295392191489,0.19383448657833199
-0.20694307372524529,0.12087464998916851
-0.14434334335583041,0.041694457973420584
-0.073604250479267164,-0.034053090752986362
-0.0012089041025608661,-0.096646827430608748
0.066927537816348956,-0.13765742451365923
0.12737737174456759,-0.1503635385928429
0.17381594274976822,-0.13418539152872644
0.20716382111694409,-0.088659793678716889
0.2242738701079465,-0.021023793289283443
0.22530971163484331,0.059837524362489798
0.21156250593293624,0.14319566886247626
0.18519324445313565,0.21797100209215764
0.14896960979448859,0.27427500088682238
0.10574625051694095,0.30448426211765522
0.05992780019470758,0.30567655078201789
0.01208029405697952,0.27597703165365051
-0.032246246020137773,0.22095142440169063
-0.069828959100499965,0.14772577458626329
-0.097964020772516369,0.065226117475273224
-0.11459938346702463,-0.017192363992486442
-0.11843220094308263,-0.091095017360007066
-0.10812266338118572,-0.15093516873753429
-0.084664679845937188,-0.1920604418915863
-0.051752387205909155,-0.21287688076890005
-0.0090164124638358462,-0.21652554956998968
0.041292316720917419,-0.20750504174511356
0.096376278117950645,-0.19158205228836814
0.15303429791396825,-0.17474187358345813
0.20784014165208467,-0.16220151784549536
0.25593368238897701,-0.15679192191330318
0.2967144083212726,-0.16160935685189201
0.32512150460987393,-0.17572373595300264
0.34063029274697043,-0.19732729706127744
0.34184376861830601,-0.22295033572098175
0.3279965241330815,-0.24842491231106364
0.29907070842151062,-0.26962296884936776
0.2559226962560362,-0.28312716359956774
0.20067510759680518,-0.28475689253941389
0.1351109221256947,-0.27619289719924039
0.065861670750798143,-0.26052576836019792
-0.0047191200516970202,-0.23757290850974674
-0.071685110420390746,-0.20984561941697805
-0.1298864608977888,-0.18009716155488328
-0.17452616600573467,-0.15085271211936668
-0.2017884255264954,-0.12402859178333042
-0.21085084264878196,-0.10267501115751573
-0.19905343361307495,-0.084184114022622658
-0.16990008287848199,-0.0671574692361082
-0.12656141368417531,-0.051308370682577133
-0.074998423763768682,-0.03545426904545388
-0.02241606553370008,-0.018682057367690942
0.023702049385707118,-0.00057705194390722568
0.056686558164633832,0.018680990915709066
0.072575929419700161,0.036955770725924625
0.068212405203146392,0.055996738505653162
0.043594532978482703,0.071610661170109141
0.0037494939039874947,0.085121803777397781
-0.044535165490972674,0.095975348902385835
-0.092849703627084793,0.10375959482944837
-0.13244804846742242,0.10819862724207369
-0.15563674595467389,0.10909495819211644
-0.15788930589270572,0.10708810165378835
-0.13605497033908667,0.10027714178999331
-0.090705907563916846,0.089522792017447686
-0.02789820101143934,0.073173693826514563
0.044283323902205247,0.050501104048511228
0.11608418325408386,0.021045565499061888
0.17757698379748421,-0.015170592908113177
0.22021312341390606,-0.057449274914209911
0.23789773557125879,-0.10287178322075236
0.22959065218509728,-0.15174370699817316
0.19444269943308587,-0.19875184716242977
0.140476433211533,-0.24198097472251834
0.076520835238956947,-0.27766385772274987
0.012803404458771591,-0.30195472766966003
-0.040641215789471975,-0.31138278074802384
-0.075519227994066573,-0.30333421778109532
-0.086257627661977546,-0.27564154288849002
-0.071318847759046594,-0.23056318953261065
-0.035047409634758976,-0.16726151661930902
0.018189020837959591,-0.091791657508854735
0.080002931384561021,-0.0093935169870119038
0.1407116072816906,0.074083832744986422
0.1908311699967826,0.15279956992907698
0.22251412225949352,0.22152160718907732
0.2326827162708186,0.27810554898299339
0.21624768508313105,0.31653979684369893
0.17761425474626463,0.33729416918650845
0.12035245115246072,0.3397319692705002
0.052100442021490952,0.32562860760090157
-0.018000963983516451,0.29799165136745653
-0.080667576745578021,0.26059274583936509
-0.12782374097539134,0.21743636602007613
-0.1557157219468619,0.17083394523999859
-0.1585569444561826,0.12608599979078797
-0.13785060902260204,0.084577260315698607
-0.097012230700458682,0.047695108800226475
-0.042397399241269056,0.015399630985447244
0.017993941155354673,-0.013258535777952409
0.07575000538464742,-0.039754664270089834
0.12330525814945714,-0.065629405806763089
0.15531214063405091,-0.091753798013565688
0.16811310971834639,-0.11868917067547827
0.16298792112931071,-0.14700007053828085
0.14182696602330935,-0.17422673807319713
0.10965912750757431,-0.19803885353919948
0.072875146578845085,-0.21580244693696782
0.038095240992635435,-0.22509871742826082
0.011020737645441356,-0.22425871065194622
-0.0036957798744342895,-0.21366280237761195
-0.0056324533148638728,-0.19329745430150461
0.0019574261138647995,-0.16471227773381278
0.016717095242993894,-0.1327101934300971
0.033124795420482869,-0.102146563423355
0.044895189342571099,-0.078102928272718475
0.046128528671399015,-0.06511092259534712
0.032427065845615062,-0.066390439743082549
-0.00018396062384838953,-0.081250956919226236
-0.047810591330532864,-0.11239150949001922
-0.10653887513650902,-0.15335386850065963
-0.17012696928570398,-0.20115755446173395
-0.23056256472037226,-0.2491360700688772
-0.27950480376287024,-0.28975172758815215
-0.30951725854036899,-0.31565723995197709
-0.31517999979026307,-0.32082530370680712
-0.29193419072542459,-0.29959344930187704
-0.24303550377750432,-0.25376081407033135
-0.17388694989330158,-0.18844608087887557
-0.089478654951431189,-0.10745174862483381
0.0021196127469321579,-0.018957879941772018
0.092221998333056443,0.06752439059439902
0.17260085569727465,0.1424753083064941
0.23642145624632135,0.19773723361035042
0.28088636619375912,0.22686967785808454
0.30026912132689626,0.22946288087403652
0.29610357642593599,0.20496363984653357
0.26934599315621144,0.16012015863972159
0.22362350364778483,0.10284175328828338
0.16383056798434265,0.042388436690865561
0.095531006115944547,-0.012029602089893593
0.024407150008515018,-0.052610452405247282
-0.043900178248942628,-0.075477301163016944
-0.10481828761508424,-0.07663711136020776
-0.15553056647086472,-0.05649305903328386
-0.19202230917298871,-0.020289887841730761
-0.21204506725432326,0.025195289224962288
-0.2143070161754741,0.071895979209940453
-0.19852319554000683,0.11168335020878876
-0.16548558255829318,0.13753839718872413
-0.11685368305826424,0.14308545269277231
-0.056101912941092402,0.12772425879706728
0.012158460105214292,0.093617253598182487
0.082979384676369339,0.042269433172011289
0.15047773507987611,-0.021497787443978809
0.20857303202860494,-0.091740404962506725
0.25155439677096003,-0.16224668646121315
0.27469486332831344,-0.22732360320280837
0.27341756508561615,-0.28381174282650329
0.24866265737106777,-0.32670661256936356
0.20164549444893845,-0.35357277998155112
0.135447417211841,-0.36516948610317485
0.05521810781421891,-0.36259514391738246
-0.032659259984903183,-0.34771999875161325
-0.12126873645488531,-0.32276543535181179
-0.20391228336050887,-0.28995184959581782
-0.27452336826200735,-0.25267514285870585
-0.32987405046764007,-0.21105276003892876
-0.36467449561645865,-0.16398090438233998
-0.38060921121433183,-0.11481600680084895
-0.37899186810589336,-0.064929675684431656
-0.36235277088339529,-0.015766479563202943
-0.33397800124281662,0.031130836030653315
-0.29745583699433853,0.074173155329110896
-0.25714260754318191,0.11100452604577411
-0.21422998289192674,0.14215552055561104
-0.17425400275367056,0.16472511849716445
-0.13697920639161598,0.18021236269793867
-0.10382502000749337,0.18922090272934156
-0.075992473530377927,0.19280559286141905
-0.05448957354093717,0.19234827414828001
-0.040058611786088064,0.18938834947323438
-0.034428999324299783,0.18627907378061895
-0.035200348351854989,0.18290475903425082
-0.041150420030897084,0.1807447902335427
-0.050542967543209215,0.17990449548278886
-0.060697814749951985,0.18042349822349618
-0.068527356495318895,0.18206647302684528
-0.07092488837162414,0.18442677709843036
-0.065234981136769135,0.1870385936446797
-0.048881483852680277,0.19145083685266606
-0.023045806110665663,0.19456043944624662
0.012469179197660355,0.19539751126534499
0.053964058993106002,0.19477573122122521
0.09744524861914898,0.19293062641222056
0.13828661613950488,0.19030965942350048
0.17186005427343184,0.18748276933232907
0.1941920985745878,0.18503559011636797
0.2005680052878181,0.18261669519777393
0.1936160073380512,0.18119854325234169
0.17098333609587049,0.18340678685973966
0.13757542592826955,0.1868010768629475
0.09741825492287999,0.19068583068796108
0.055055268511771713,0.1942372963891639
0.014954449989084807,0.19661806314644731
-0.019005336158140786,0.19708908479889506
-0.045873009800376424,0.19482279328685145
-0.061443595880961245,0.18931403398448468
-0.062711731418082048,0.18321681742554732
-0.052174853348443809,0.1745016795448931
-0.031222981110171157,0.16338590119831398
-0.0018340825885802027,0.15030412876214305
0.033676536882113056,0.13579894897457448
0.072840052732988977,0.1203754560030109
0.11229364906183789,0.10350276363533874
0.15017370263706126,0.086779347956032399
0.18651828255606939,0.068513835089678607
0.21659640513313264,0.049030179706608064
0.23777821175681252,0.027439311262150972
0.24775803370588564,0.0026630542220923473
0.24480877028482098,-0.02629324225483683
0.22806333531542583,-0.060018052938965012
0.19975028999633282,-0.097536467127523827
0.15826462851848896,-0.13861671104480741
0.10726843461537465,-0.18291720357467409
0.050429742147480826,-0.22577098355906261
-0.0071637082772120679,-0.2632253425705422
-0.059749996223540207,-0.29110377412861804
-0.10153128199257647,-0.30558257969709357
-0.12740581763599546,-0.30378780041290421
-0.13283873393156451,-0.28290669204452218
-0.11754774245510038,-0.24508683866015382
-0.081640112662306946,-0.19437159508330734
-0.028528979731208146,-0.13336496128479747
0.036696226121435485,-0.067361393181476423
0.10762176728829084,-0.0023094345491470893
0.17734476232318858,0.055939569517594406
0.23938520569403152,0.10239656025295599
0.28994500739272594,0.13557023805877283
0.32401664156471049,0.15137013764672591
0.3389184619523673,0.1488803736661044
0.33747100860718326,0.13226968621949642
0.32308650798532756,0.1060036064373194
0.30051253728584087,0.075576734202318696
0.27497492444927446,0.046689708807961298
0.25127066244119989,0.024405397863649363
0.23211262543424166,0.013258167861441194
0.22046436890622234,0.014196561339824623
0.21622626466329836,0.025119856140351074
0.21683372428428138,0.045282758932570881
0.21841747408328299,0.07094076144101065
0.21624208141583773,0.097377334522897901
0.20558878851230808,0.11965934926487928
0.1826541737648075,0.13340889275424589
0.14728939967571694,0.13687912789332779
0.096764889460897452,0.12667887659332178
0.032673997289203581,0.10228379483325807
-0.039642662968090103,0.066701271756804556
-0.11400764632939037,0.02355546070757911
-0.18341415445730322,-0.022657379270817152
-0.24104620815292765,-0.067275153628310644
-0.28130848819019516,-0.10617709992277934
-0.29985722474317122,-0.13779105856418311
-0.29672033686617411,-0.15875780460753985
-0.27572353971472946,-0.16840047800948313
-0.23993871407021114,-0.16937212855464254
-0.1957890860567964,-0.16474838459698588
-0.15069459471432853,-0.15831112682011403
-0.11195132996215824,-0.15388365930507536
-0.085608305206111235,-0.15466958322055491
-0.073545284816917231,-0.1607249558263166
-0.080155496884450145,-0.17627626524445927
-0.10196327195334283,-0.1971176504160923
-0.13544672509444147,-0.22310260980109797
-0.17400749156963757,-0.25074890488999135
-0.20983254489356928,-0.27574889043844081
-0.23513979052083803,-0.29368366062096496
-0.24346115407761301,-0.30080443582632932
-0.23216887535155706,-0.29334071097657588
-0.19756931502075117,-0.27275990357589558
-0.14525876168299323,-0.24167087188321051
-0.078660298991133887,-0.20292459207508157
-0.0058505846808656978,-0.16167120934866136
0.063538273496705613,-0.12375196428053595
0.11974013717097082,-0.094770356517186752
0.15435481180074129,-0.079144486275397621
0.16196871801192581,-0.077324802895087003
0.14076619746985139,-0.092194047673714946
0.090129529858376231,-0.12102593027140615
0.018248299374291743,-0.15851387707584133
-0.065693080801499132,-0.19776001825416309
-0.15089105927492388,-0.23098109976130118
-0.22652785048200627,-0.25069897105362632
-0.28338114779171841,-0.25095202469298966
-0.31603329837872812,-0.22805226385910829
-0.32048412942905463,-0.18199939537528931
-0.29980784565358931,-0.11721574984536234
-0.25852354224988855,-0.039212500984814505
-0.20500343267394305,0.04326956736269548
-0.14927395590239115,0.12027343856894644
-0.1014045511537425,0.18201674213700239
-0.069892403376179774,0.22029621280469658
-0.05888863285690029,0.23053521373839309
-0.072973947430737304,0.20930382024394598
-0.10679857323348317,0.15996434602584525
-0.15665389301384791,0.087110196434327242
-0.21383488033193551,-0.00089284337328403903
-0.26796482493552387,-0.093933421288510538
-0.30863494258801433,-0.18158713213023139
-0.32707440731508203,-0.25458064732179903
-0.31955877064775712,-0.3074729693514679
-0.28163982922811626,-0.33499622175806493
-0.21524031813077896,-0.3356055828987819
-0.12796794096345163,-0.31446049985365915
-0.029813545242627006,-0.27814920124185172
0.067464738324534007,-0.23496114273420049
0.15208976087200737,-0.19352853957425611
0.21402865123386722,-0.16146363199535976
0.24677829075200752,-0.14392162436758402
0.24690100171018733,-0.14448845247943681
0.21846152975378835,-0.15966991313258
0.16611709107613543,-0.18808655471916896
0.099275881876883632,-0.2239925761230856
0.029215796979212425,-0.2602601363627749
-0.032678948143597411,-0.28959893058324304
-0.076695938286264892,-0.30578522254479201
-0.097716171135090971,-0.30667527861823662
-0.090922834300848465,-0.28815067360390673
-0.059915062389500846,-0.25108958497859046
-0.0099138680985260078,-0.20074634521629905
0.049734733131005779,-0.14370305805056816
0.10791651807052685,-0.087664252891821864
0.1535590119611592,-0.040219504670948404
0.17745386832965118,-0.0076173373837374802
0.1718250499441239,0.00427952372945425
0.1377033740820478,-0.0028073923381338114
0.080788855585595801,-0.025001557548152548
0.0065678479042063755,-0.0586535750612871
-0.074427829344758348,-0.096772410328064884
-0.15019759064203181,-0.13153559758608424
-0.20911882540740279,-0.15552622143269709
-0.24174351622929577,-0.16291000370337758
-0.24028444336160409,-0.14951943433375509
-0.2068114187392337,-0.11592957939204941
-0.14324735878331513,-0.06675982865496892
-0.058376021069365187,-0.0059521862600928517
0.037064324221791657,0.059296316440989455
0.13115626946114667,0.12102197165052102
0.21253846318316669,0.17167898474419238
0.27198068688845289,0.20524486870564307
0.30158977026321265,0.21723127313527113
0.30179845458724647,0.20751820425208919
0.2769256447443102,0.18079098932205387
0.23017407388015107,0.13946387207697128
0.16901997692101051,0.089742209430297107
0.10203401692690585,0.038740647398759626
0.037656512571513111,-0.0065069925630216194
-0.016852843883008482,-0.039966272447853293
-0.055301190236389068,-0.056469758719901689
-0.075445494498511498,-0.055613728037344753
-0.078198313983672219,-0.035343079110256782
-0.062991359444591583,0.00058697311496835197
-0.03202836693796722,0.048438459026767279
0.011642722573612367,0.1037105066821051
0.064567088511165993,0.16174758217950758
0.1231629761691273,0.21822832490456562
0.1818485507296087,0.26975942457370744
0.23992623751329825,0.31233935238090665
0.29358086779057607,0.34655896701280503
0.33856400357394989,0.36852910947309614
0.37057716187132828,0.37694065676676169
0.38526475642485786,0.37105826712067064
0.3787365162444753,0.35074341678810911
0.34827550433055515,0.31653913820337692
0.29169416243379492,0.26781955432456606
0.21328515257425942,0.20983155970140471
0.11641257071510364,0.14584404089037897
0.0098582753189749121,0.079817537803667085
-0.096296308378208226,0.01647403752983756
-0.19091222081033565,-0.03938843892636585
-0.26320356978150872,-0.083389675219982556
-0.30426939786037749,-0.11208765505626339
-0.30652699660484745,-0.12372762235157679
-0.27223743752281726,-0.11785347494410026
-0.20262162261540353,-0.094926266670211035
-0.10756340021514001,-0.059247559534605393
0.0010971449617699863,-0.015672333981733837
0.10971662945612275,0.030112244247867005
0.20471183058139947,0.072272456017380832
0.27444133704470247,0.10553525292492111
0.31053391378479267,0.12440583932572963
0.31063973467993328,0.12911143020088831
0.27360513142809278,0.1169079496172632
0.20809012485694373,0.090866600112527993
0.12436389826381211,0.054043463355460487
0.034715936422686555,0.01040778827020873
-0.048323787438750439,-0.035687861634838128
-0.11370297329478196,-0.08000117946383381
-0.15127490396975118,-0.11963817304601902
-0.15980868405236473,-0.15039224153672465
-0.13823522301182439,-0.16991208816566447
-0.090486347441357431,-0.17720219627003811
-0.022976341198577929,-0.17182980777472742
0.056251322948693727,-0.15409585271340459
0.13872188147274636,-0.12492632468344499
0.21659061358126008,-0.085793018316771275
0.28426571799634426,-0.040080561239843396
0.33628723545542738,0.012606249175379202
0.3681503439605267,0.066397471242691214
0.3803904938176047,0.12043388021101119
0.37344228412824665,0.17141267950776468
0.34861370413239257,0.21574302848555882
0.30774042006432484,0.24987886188829722
0.25300185134577757,0.27076789289180758
0.18493639961006159,0.2783194958612048
0.11023573730228156,0.2694862977425313
0.029406763537311694,0.2430125147437053
-0.050806972722697762,0.20394427226007625
-0.12529594270304831,0.15703332419411237
-0.18894934296035168,0.10818971656999038
-0.2371250529310496,0.063730051846069016
-0.26619521250299216,0.029500208375457703
-0.27210577569336053,0.010290615773776674
-0.25847337514629687,0.0078408125658458033
-0.22430031784440468,0.023347180179026102
-0.17623694116934219,0.053251620575572388
-0.12041015613511451,0.09273102449821774
-0.063701584431389763,0.13558255450381634
-0.01294467418404322,0.17519111377193186
0.025870885342137669,0.20558071559495741
0.047992784851963941,0.22153202750110226
0.052030187082675872,0.22258634031922708
0.034918354779681186,0.20802991357962147
0.00078656545213775196,0.18207859411777449
-0.046566418057500961,0.1500031232963446
-0.10225307514137906,0.11807074154065163
-0.16089716435035842,0.092468870788335392
-0.21718707868278611,0.078234701561486555
-0.26772590423914311,0.080342748839781514
-0.30659299640652016,0.095848162761103181
-0.32982484495954595,0.12395300416332031
-0.33623559553161531,0.15878502051100774
-0.32486534596389155,0.19385840104035518
-0.29578666288387845,0.2222487703304773
-0.25007386314250329,0.23766999488877644
-0.1897949309034716,0.23543264014206894
-0.11886055668546318,0.21398277079133773
-0.039338530459740242,0.17212900386175353
0.040981666312345351,0.11318113518725534
0.11886630437181002,0.041630418555006606
0.18857912725775419,-0.036240269099843625
0.24428277898169365,-0.11348291221369324
0.28062625055193519,-0.18336230163230316
0.29342336876461383,-0.24013695138321922
0.2822918056714378,-0.27766476829695375
0.24463267878802678,-0.29608228367080569
0.18151260377862755,-0.29739272021443269
0.09965995449345412,-0.2808190391485863
0.0066887096501451445,-0.24881304742753271
-0.088269513707366409,-0.20465487969504301
-0.17561288431361391,-0.15203853687263563
-0.24644434903600518,-0.094736043426533911
-0.29454829761754531,-0.036094799206046344
-0.31495127254942656,0.020157849084770703
-0.30407849936200521,0.070569608353513155
-0.26653858240469691,0.1125834529319976
-0.20793914845202938,0.14363406911135829
-0.13599955256130891,0.16150247043519114
-0.059405938514320883,0.16447693751941223
0.013439744283613874,0.15159095839219952
0.077557492763200633,0.12204837024626618
0.12536021768232272,0.078938946605640992
0.15504741290675916,0.022862916971578291
0.16788256344937047,-0.040435055467514233
0.16744505368739715,-0.10569777745601402
0.15909008697859284,-0.1672571760887088
0.1488477891662956,-0.21966766541799781
0.14223089130288857,-0.25837705187128474
0.14174406009056673,-0.28005229912100893
0.15045765245952142,-0.28374471825353054
0.16962817555326193,-0.27160126787735339
0.19327989254592054,-0.24573906829870118
0.21542865901536229,-0.21079633315036622
0.22916625755054076,-0.17246930996848756
0.22793258043041884,-0.1367280650248732
0.20679129385494111,-0.10898182999094094
0.16151872317325824,-0.095296960577095052
0.096005137836087689,-0.094347469533774889
0.015640455790226371,-0.10848330114625829
-0.072773632817851472,-0.13384120286295978
-0.15965306678673216,-0.16647438118140576
-0.23481988167448323,-0.20158483382462841
-0.28900305839798379,-0.23423622952751055
-0.31526383662182655,-0.26001973416042351
-0.31209312683707774,-0.27641998228275572
-0.27637237235916001,-0.2807736402127895
-0.21591183984323919,-0.26995818836199775
-0.13655163306327919,-0.24695842558521491
-0.048860945895409083,-0.21379161014275558
0.035257421902898461,-0.17307792347716322
0.10422771395372973,-0.12765453701570997
0.14845486910289138,-0.080273539775355632
0.16030954027929059,-0.032008249458189315
0.13940583309726895,0.012703364603480481
0.090871974465456432,0.052661374267624413
0.019412969308357619,0.0858253914262921
-0.065081852358027908,0.11078475633193841
-0.15091911037596811,0.12649938746793518
-0.22625501499079401,0.13236405079184296
-0.28074350813365939,0.12831020120954945
-0.30608331636110697,0.11407602314496217
-0.29986610016176324,0.092590346567833923
-0.26286619088197799,0.064648119786351266
-0.19926149121155018,0.034127703928348421
-0.1165227522486954,0.0044644602298981977
-0.023915420266206085,-0.020820038133791217
0.068891898780159042,-0.038480260905198994
0.15316926385861243,-0.045906924378525997
0.22080398196386655,-0.043409003705872959
0.27047177241770654,-0.028062001465922554
0.29892646484886892,0.0017572123265714593
0.30956085981599135,0.041984300999657179
0.30621310884776332,0.089443988371854397
0.29368429146580344,0.14020837497751465
0.27684042680729681,0.19000351211944672
0.25986626027376092,0.23463797354257881
0.24549758693293242,0.26955551488183377
0.23612564352088025,0.29288606972251124
0.23096724509922098,0.30375576652140518
0.23053460736517614,0.30047961074777219
0.23390417577068276,0.28327758782930779
0.23993456303402147,0.25332333636318688
0.24754810388587248,0.21257137792415537
0.25586639417163803,0.16354817888540998
0.26447134504004532,0.10772621969701172
0.27160152334663329,0.049680478811999093
0.27918586558730457,-0.0051147687957777549
0.28372403509482186,-0.055996491116662092
0.28341904729954603,-0.10063558563077912
0.27634497422155013,-0.1370614461582669
0.26071214670342296,-0.1637025643642655
0.23522072777751121,-0.17942569724486412
0.1991562512152123,-0.18442173565709016
0.15399391646743354,-0.17732789506471133
0.10064442900848534,-0.15831083987872666
0.043587439330210254,-0.12858085726306245
-0.012528949438975904,-0.089659007163698415
-0.062543778705016595,-0.043599415599054434
-0.1014264063351252,0.0071205892426146845
-0.1249676798307937,0.059754782733673566
-0.12899935010397406,0.11232029576920323
-0.11552744342200605,0.16107115480346804
-0.082869189897959161,0.20260071914029801
-0.036771386853293134,0.2359149262008518
0.01756840284683113,0.25982179203689981
0.074201317123437929,0.27383470120101405
0.12718014416976706,0.2781672511820365
0.17127750475737605,0.27366943448404624
0.20454113813176092,0.25974010491427496
0.2221126467435976,0.241104019668724
0.22194897576339509,0.21974521653431292
0.20674652803541446,0.19748356330275005
0.17925679132331934,0.17612749116010515
0.143215866280025,0.15706578231030952
0.10279440652084949,0.14122080714781163
0.062062907640521234,0.12907953462113364
0.02426247842495086,0.1216324174833638
-0.0068445067422292262,0.11814933250754012
-0.03235566389222716,0.115917199792402
-0.04927331342791566,0.11703104091977955
-0.057570319856569588,0.12163673935310107
-0.058053690649680835,0.12982366523953823
-0.052128098837785818,0.14149253403448447
-0.041530966705260852,0.15619853828430816
-0.028365379954072706,0.17272398692605692
-0.013241219877684007,0.19027088622957847
-0.00037933493811814284,0.20552777411401627
0.011390392156377823,0.21694901257462826
0.021418081301410888,0.22186405144262725
0.029098312395039821,0.21766647136899303
0.033784119696051218,0.20225087239896156
0.034751292962401849,0.1744789125686112
0.031506779989019115,0.13487307729983869
0.023340350156753904,0.084413625419914873
0.0077893054150491104,0.028672472626797525
-0.013792133285124471,-0.02895525215268745
-0.041071738639520551,-0.082567769417514703
-0.073275339787766888,-0.12584615409785085
-0.10917445120384563,-0.15290819995426105
-0.14712318604520672,-0.15921434763899542
-0.18599180892942288,-0.14266128152776025
-0.2225719859170196,-0.10286916895395563
-0.25364912011862545,-0.044329808563634332
-0.27808633276162686,0.027961272612095227
-0.29426269138637934,0.10599786099210498
-0.30105541027541799,0.18057641414458531
-0.29793234284576792,0.2425062744073829
-0.28499134169097362,0.28388547439774281
-0.26153277392349983,0.30009068070011102
-0.2305333969320178,0.28825358375864141
-0.19535179508263759,0.24724275404627535
-0.1564110867189524,0.1842064838250552
-0.11560698430237012,0.10711424824722389
-0.074777958549808829,0.025603156184027465
-0.035614894672438675,-0.050386739913145316
0.00039372097076376903,-0.11200633808437505
0.032264629531083763,-0.15299135544829054
0.058607162740556898,-0.16922584984552413
0.078246441978653533,-0.16203740549357268
0.090853756741949607,-0.13386874425588699
0.096052991879431657,-0.09075615212546842
0.093747092782232117,-0.040464757847212644
0.084189353827280711,0.0087569468914648289
0.068067867767097709,0.049448837992601094
0.047990143034026003,0.076882998380458437
0.023410777898944853,0.087281458823423114
-0.0027727029467677707,0.07888333304259372
-0.028353338682460108,0.056072419811949333
-0.050508855451431293,0.024004368273292952
-0.066367177324266627,-0.010942485482364745
-0.073381603225318032,-0.042279054936369756
-0.069747225350146005,-0.064485849742073567
-0.054507222094568417,-0.073043614552868022
-0.028745386879262598,-0.067700096121799211
0.0049404801597483063,-0.050690973181565555
0.043185735223361194,-0.024547923462148988
0.081294233730655904,0.005806397324557613
0.11407120423820527,0.034768793923342846
0.13651423900651588,0.057003632969528768
0.14454626079753016,0.068317922203042183
0.13652170236661051,0.068299179943296415
0.1102229055379555,0.053367454813085746
0.069562324457389607,0.026971103504439476
0.016773390681624447,-0.0082927514811015537
-0.042673268725867464,-0.047544841966412454
-0.10216955258275549,-0.085221628629665092
-0.15487681747112078,-0.11592769153715395
-0.19471491357046927,-0.13525683227962673
-0.21812287169368821,-0.14130307860964803
-0.22239701820504973,-0.13140430421620741
-0.20564600103441777,-0.10989026635864932
-0.17342233378716762,-0.077776499694556286
-0.13145513600999584,-0.039648218392432662
-0.086762594104041343,-0.0010193128706765372
-0.046589866263573101,0.032484232571120528
-0.017312133292058825,0.055966292043035604
-0.0054493737813185502,0.065714877056004609
-0.0098820254779201644,0.060437556188831086
-0.030622699157749074,0.041983830070125003
-0.063834993370513224,0.012183100961358313
-0.10412324106593608,-0.024668882162260049
-0.14514853005003975,-0.063342610882752476
-0.18064414944987275,-0.09851202229872115
-0.20538252892767431,-0.12560878585492122
-0.21678759289153074,-0.14183750938111067
-0.21228395813876536,-0.14557105654899496
-0.19358158625771357,-0.1383045546288395
-0.16349825206927859,-0.12270994496980382
-0.12668322768462201,-0.10324092874034856
-0.0885590303891889,-0.085104008125855307
-0.054461653103015394,-0.073375234301731901
-0.028835941274451545,-0.072122994185820855
-0.01658371076977002,-0.08565457552310822
-0.015778389440433943,-0.11113276343762354
-0.02551154295672382,-0.14636523116061587
-0.04339054338669196,-0.18731922209022275
-0.065712323094848021,-0.22840671670792589
-0.088370940525359584,-0.26359851384448579
-0.10747611799029186,-0.28732283467801245
-0.11986360159002706,-0.29528747571158065
-0.1214511741676821,-0.28707343965423815
-0.11409538972130054,-0.25934835090730618
-0.098759936224747893,-0.21491002114566454
-0.075630989733968632,-0.15722419145104696
-0.0461366955773196,-0.091572842688031772
-0.011797908817368396,-0.024062540947420805
0.025977073510873555,0.039172676247533553
0.065961876825712057,0.092737648143070048
0.1062004834265447,0.13175750093854779
0.14638506122004213,0.15501160805417602
0.1869073776566427,0.1631687988359285
0.22441909022299275,0.15676124286079129
0.25657804063192868,0.13857408393170284
0.28081398386369544,0.11231211386096288
0.29466503150958601,0.082048517810085986
0.29623005479275821,0.051697360159419739
0.28550128985791451,0.02543104690846346
0.261677160437784,0.0044866933669671328
0.22760433773538635,-0.009886296022461433
0.1868598699937225,-0.016868954905833327
0.14472830548050672,-0.016612129823890088
0.10729324010318012,-0.0097178714654743807
0.080562069116714097,0.0029934329024844022
0.069470646328448585,0.020663790222876757
0.07608948877327959,0.041086399735884536
0.10144041621885179,0.065449187019119573
0.14439522752707173,0.093945711673206339
0.1975135599542866,0.12490027601074521
0.25245009989150952,0.15721101892986475
0.29965720189038608,0.18947046875697474
0.32978489781664161,0.22002188479601159
0.33515757434613325,0.24710972111786747
0.31137221892847905,0.26712870816055906
0.25713262358300276,0.2816148085640296
0.17640688780604591,0.29072136717457875
0.076390745914838756,0.29371119024345349
-0.03228724345040037,0.29130642930428058
-0.13726528542102404,0.28472567357878154
-0.22618718094343757,0.27546448471319457
-0.28849810484399463,0.2650100296347212
-0.31786208598770899,0.2531330983597202
-0.31053031068604969,0.24199408191826138
-0.26768778449232555,0.23396158357010483
-0.19706230296473223,0.22602930781882108
-0.10919672309372597,0.21654208047004328
-0.016743777447540128,0.20353245971304695
0.067395982964724446,0.18511872343722474
0.13195810637507494,0.15992431739174875
0.17090338964111509,0.12547154357119136
0.17777924735864012,0.085731637617930262
0.15289097460893258,0.041006338715583131
0.10264175235342936,-0.004649852290726582
0.03621824716171828,-0.047479406359049806
-0.035060380554301288,-0.083652125759370574
-0.099532767851854706,-0.10975913126841866
-0.1469960833774249,-0.12324794672828068
-0.17051957514679533,-0.12132373974625678
-0.16581366236211822,-0.10601478632480003
-0.1368387701406934,-0.078659636089121909
-0.086535306386246277,-0.041326740505669049
-0.023069544189280311,0.0029989592720817255
0.043508024308219935,0.051083318395192784
0.1029050568034494,0.099800604304412621
0.1462385099279844,0.1464097552294642
0.16771185348890152,0.18956426001825544
0.16481325822935924,0.22644483458724363
0.13810585079869472,0.25576866364635037
0.093906774103093268,0.27719456548893551
0.040407224750553451,0.2905017599557389
-0.012868876622011477,0.29579217892574139
-0.056644619132270396,0.29345663595812399
-0.083406042925647017,0.28419283375061349
-0.087202777374888171,0.26934239103733237
-0.068721877854102331,0.25060580808976129
-0.033373277058761912,0.22725720675689542
0.014773372163613831,0.20392003671431347
0.067413518096366101,0.18342581013955125
0.11530737335357162,0.16849057774526327
0.14973975231243364,0.16136438146007176
0.1638811583787598,0.16347495158774239
0.15524829455345682,0.17427688538341499
0.12061508054524357,0.19472354208366241
0.066122889534373758,0.21958071496655895
-0.0044222056218303088,0.24765984745281519
-0.082889301892534059,0.27476677001141886
-0.15996510747644435,0.296131577462593
-0.22647786064201725,0.30702059786979075
-0.27467409122046571,0.30342057871048156
-0.30123260247625827,0.28466298471422818
-0.30061843739692196,0.247191596201705
-0.27546815802591301,0.19157949436766228
-0.2287652085389715,0.12214764027888236
-0.16689073576129773,0.04428571670344629
-0.097822093603365856,-0.035335992431522238
-0.029988323433826708,-0.10962385417348121
0.028888508239241363,-0.1720166511542065
0.071948106302577336,-0.21654674156619116
0.096619671869086612,-0.24184361354801609
0.10302353133216535,-0.24617934957154586
0.09195734468153352,-0.23276906493797736
0.067143007213446723,-0.20604863887648495
0.03362111955605953,-0.17177925074090045
-0.0031534023521325146,-0.13611518341497139
-0.038208924467478797,-0.1046315610649189
-0.0697787604276697,-0.079494406509757448
-0.092484362286887833,-0.065409033947573303
-0.10768947575491408,-0.063766292060649668
-0.11578356145198108,-0.070729880383932769
-0.11946183520296741,-0.082093157633983213
-0.12224232155090785,-0.092668444820057413
-0.12768922781148542,-0.097255362758596378
-0.13862986022804971,-0.091619779764999867
-0.15678162698720266,-0.075297396360570784
-0.1814299670961147,-0.044458537109289702
-0.20996786109312651,-0.004564444106089003
-0.23877416370629487,0.042215135998620305
-0.26285258781554904,0.089832432088349234
-0.27688454669660378,0.13120003859449031
-0.27610218508572754,0.15928549767167169
-0.25712384811732963,0.1682661109843237
-0.21946156553307211,0.15370910605942578
-0.16260646194651912,0.11677178576842544
-0.091404839412514469,0.057982876698996176
-0.010426161669307949,-0.015294659471702892
0.073366346649305567,-0.094941777070330219
0.15234269868611128,-0.17181230025293151
0.21922332999748323,-0.237057307540747
0.26808240881240414,-0.28343041084993653
0.29320986151792422,-0.30439459236340566
0.29601145635936449,-0.30116830077100426
0.280707296123481,-0.27844670078944056
0.24962208642817157,-0.23958815152819993
0.20892429218109984,-0.19214131638946155
0.16575532173118501,-0.14469072175715075
0.1271963432801721,-0.10551719630231793
0.099257386617996463,-0.081310610023286434
0.084068973503220568,-0.075855775076577064
0.086463041735776014,-0.090888324631956507
0.10476818838039999,-0.12190266608857442
0.13618394403694303,-0.16511305306598081
0.17563382323888627,-0.21313413117745428
0.21684753448700519,-0.25750539555934104
0.25332080037126986,-0.28995277357627408
0.27928530774225518,-0.30360001002634757
0.29251585805645364,-0.29366383668776519
0.28779070922294125,-0.25934148840993643
0.26617690234845726,-0.20103061153519886
0.2297664249204098,-0.1241913152555587
0.18294874834696226,-0.03552951922125866
0.13145155992745311,0.057107101892670646
0.08148341724497557,0.14575414692204564
0.038831253577939193,0.223271823465817
0.0060771968984413829,0.28266268342171907
-0.011445670352028451,0.32242491325933648
-0.011549729192321813,0.34118877820245663
0.0028001626690046665,0.33916322898796775
0.028206269711065674,0.31826188721365484
0.060065617476538706,0.28133038492580698
0.093377322595841625,0.23167877954296257
0.12358844613562849,0.17271948862567058
0.14705966631018788,0.10690793911157935
0.16212617660386697,0.038967383787086564
0.17097911419794681,-0.02942391481450151
0.17411028026339984,-0.094264791767696865
0.17481991232109934,-0.15252320097379327
0.17712036581331936,-0.20135349677610323
0.18488660762228432,-0.23824543848971708
0.20098622479450762,-0.26125250098541447
0.22626005338452523,-0.26728828085056688
0.26071577096604137,-0.26005708510882797
0.29819918105760168,-0.237726571244677
0.33565851398748298,-0.20527800302664237
0.36664706079492615,-0.16653761014318891
0.38423962296457714,-0.12573870808575588
0.38216424573298868,-0.087038568849505435
0.35594488248692246,-0.054030139372156796
0.3024515648168008,-0.030165444331697332
0.22579989685226415,-0.015735425782522346
0.12969724816119144,-0.0096589153249225981
0.023442853008731446,-0.011459937313194005
-0.082528754507224078,-0.01878206221588017
-0.17712116767889013,-0.028606853381531506
-0.25004519408979381,-0.037696490357374483
-0.29321847673691348,-0.04303690116078325
-0.30329510378194163,-0.040240956963561184
-0.27666404516442705,-0.031487582487177382
-0.21964282290235357,-0.013148027666611458
-0.13682767563780382,0.011901826637903515
-0.037752149527335382,0.042215119590908429
0.066326478055977411,0.076057580379959591
0.16389393273380254,0.11160416913092633
0.24465787230744604,0.14703697989012116
0.30166996812507157,0.18195167270742238
0.32930389170944252,0.21292651880415536
0.32670368000822608,0.23546555458066357
0.29714397086726163,0.24953341546647259
0.24667806082260549,0.25304065308312307
0.18340042564651352,0.24399338839606644
0.11620828459244158,0.22080745341064151
0.053539523774751567,0.18271705109113506
0.0019938044480479209,0.128221991483181
-0.033161466766272574,0.06272128970931963
-0.05129080324065334,-0.01154196015004858
-0.052161845397056761,-0.088067360873741687
-0.038625936762932044,-0.16026764787417674
-0.01504779099638973,-0.22134584051203365
0.013582089389953401,-0.26514497522570474
0.042541763136757574,-0.28699970187444407
0.067284950328337326,-0.28247910584228381
0.087604305944239444,-0.25552286422652321
0.10015588849625143,-0.20605948107086897
0.10838690604491942,-0.14206864625980181
0.11471117512864813,-0.071155594077193102
0.12182257855266315,-0.0015751061117558129
0.13202801788870597,0.058777127376693113
0.14669705570423011,0.10328401428134611
0.16789619715716297,0.12533671378136627
0.19194759279876286,0.12566368373030073
0.21406511381572954,0.10450260543994035
0.23319993563611294,0.064108523366528836
0.24619291799137749,0.0085860679936937568
0.25028772530182469,-0.057003215858357985
0.24359705184938488,-0.1272348303975917
0.22541759077184945,-0.19680701407931758
0.19832136110875234,-0.26002023213683406
0.16038967381661431,-0.31404082798130356
0.11744266482091154,-0.3547314431261312
0.07032628508537625,-0.37951973451273835
0.022289676423640381,-0.38608382233133126
-0.023325602707210395,-0.37271069572296461
-0.063412924714412094,-0.33851105569503093
-0.095379164871467095,-0.28375325491315045
-0.11649967256877339,-0.21052745919782986
-0.12637867067067016,-0.12159418212121451
-0.12735714438301693,-0.024603143978359252
-0.1177561660429717,0.074617518270369512
-0.098553110784277004,0.16740436245511983
-0.071305330828767596,0.24449595649889552
-0.038024401382555195,0.2971614793451775
-0.0010415891254865429,0.31847816211983376
0.036278119045718878,0.30313843064963442
0.072762605134145203,0.25367500267466175
0.10534305552040142,0.17312279730393723
0.13205457549640851,0.071240172630014781
0.15083272317563323,-0.039891534891209238
0.15990204394040336,-0.14648908116242662
0.15790958780564518,-0.23488403435193678
0.14407529038033551,-0.29342222962629705
0.12031240968899842,-0.31443316336180366
0.084414713946861689,-0.29508689803023502
0.03800424416317686,-0.23509729302238591
-0.016256210227243252,-0.1442742150196942
-0.075117861295881577,-0.034500775667289284
-0.13471620933648651,0.079974493020124049
-0.19095018581314871,0.184547243629617
-0.23994480837127558,0.26628657701687869
-0.27994229725432113,0.31765186170090826
-0.30623993122682003,0.33095484452540835
-0.3204006255718938,0.30560301586800698
-0.32153509204077718,0.24748810536980101
-0.31173717476325374,0.16570556025484279
-0.2943547421546529,0.071931773399045759
-0.27343594121290316,-0.02133893084723102
-0.25302457043299581,-0.10257136204830658
-0.23839940583530794,-0.16073712648152899
-0.22795513780325757,-0.19404333671338311
-0.22414907131879136,-0.19788972055222348
-0.22348891168586987,-0.1770242867412323
-0.22258682253523385,-0.13701376086901371
-0.21739796344135998,-0.085039933717533628
-0.20403061103880527,-0.028620898601299918
-0.17957946462269786,0.025548303397312427
-0.14255210269478233,0.074432702249281862
-0.094604952455132563,0.11162596817653163
-0.037710887617053462,0.13872258951158886
0.021967326732832543,0.15503032981755915
0.077859992688839919,0.16272565712044848
0.12307331775596952,0.16474775710432715
0.15142355280289388,0.1640634897161336
0.15841303770644174,0.16302584170122508
0.14396675632508885,0.16434009784959513
0.10593206144480984,0.16652052374115489
0.047996331874884224,0.16600191367289141
-0.023453199859812521,0.16301886971451651
-0.10038652368678812,0.15547874657663768
-0.17384290778280284,0.14141471651769641
-0.23506484514413953,0.11942757205470896
-0.27660883503262335,0.089011277545897147
-0.29412096915506969,0.050427244681401306
-0.28366542134152894,0.0050179290765613197
-0.24730581509137689,-0.042186373872085535
-0.18763300806210434,-0.090621771600622875
-0.1105464115913055,-0.13758952773404154
-0.023587533697955038,-0.1805682487910478
0.065067105594213456,-0.21751049227760386
0.14765023256320128,-0.24705423049816072
0.21745179234817238,-0.26777629809617304
0.26985024055903156,-0.28052524617803526
0.30547634687654041,-0.28868956337426316
0.32237527368393798,-0.29130661745346786
0.32264257217775733,-0.28962797272014218
0.30987108919850015,-0.28497168814958884
0.2883898903219918,-0.27857591254806235
0.26245406877983291,-0.27149889138728772
0.23411210369304092,-0.26259847816896159
0.2070450250533582,-0.25583576031605276
0.18430105541506414,-0.25011263006398743
0.1628027614531089,-0.24685452973649036
0.14030008051612272,-0.24629574939486046
0.11401337658147695,-0.24830283406990414
0.081351654590160763,-0.25238167745140355
0.040603759026341113,-0.25771623429532914
-0.0071080360344281208,-0.26295564595591603
-0.062823698724460142,-0.26721847495598822
-0.12196780541458578,-0.26957075286038817
-0.18106420805978954,-0.26851401068848924
-0.23475651406735107,-0.26301768833808287
-0.27737294950374941,-0.2523476745519731
-0.30375984086980562,-0.23615255588006626
-0.31010178146259404,-0.21451652596378215
-0.29431484166060562,-0.18656292359458862
-0.25718360702282267,-0.1549714901479837
-0.20295226221981238,-0.12273254065856394
-0.13600511716618785,-0.089876123599883173
-0.063178547881391073,-0.05791737039374506
0.00795178110563881,-0.028349888559544439
0.070080589529158119,-0.0025625235574216437
0.11717719901255638,0.018223396551926646
0.14674151668069019,0.034404429140925272
0.15468634506201148,0.043096327268474302
0.14558079230973217,0.04362380107807555
0.1211971085621569,0.035915066509721316
0.087471895643881539,0.020018073158773488
0.051647292286865057,-0.0035774442478831415
0.021155716152020321,-0.033914561048051767
0.0024428535384211692,-0.069566096715441755
0.0018901171762872051,-0.11007365159013749
0.01851143754898521,-0.15166092308696319
0.049230740968344879,-0.1893823181322962
0.091098716276580477,-0.22285790816269105
0.13757938352988044,-0.249887453971923
0.18096438182922436,-0.26860853653596539
0.21357945415797952,-0.27768070857955973
0.22899949132451738,-0.27644471467149284
0.22448612736520276,-0.26418382244908639
0.19730577549492723,-0.24382337150947708
0.14697666779160298,-0.21422561416737332
0.080565378906291965,-0.18012865000585485
0.0053830078209998961,-0.1445382172194096
-0.070117449054600531,-0.11039402757693016
-0.13756758719912363,-0.080304573169424159
-0.18986745013206593,-0.056356978775247368
-0.22242968291468368,-0.038041807083824673
-0.23287263790669546,-0.029914213008804633
-0.22182127887843048,-0.029147789069629781
-0.19326375945799593,-0.03794778342181275
-0.15298063362949793,-0.055833276433072739
-0.10790170244267515,-0.08161599756183302
-0.065070947321966235,-0.11345205272342115
-0.030663284600684178,-0.1489405223006918
-0.01117191940609322,-0.18329093184075329
-0.0065608207025589843,-0.21699147678761568
-0.014585313739416137,-0.2446708819679278
-0.035450298046876341,-0.26525808009751262
-0.065922183972886864,-0.27643670150556637
-0.10194598594825303,-0.27623077152380016
-0.1393370077983781,-0.26322357083896819
-0.17440372843524737,-0.23679637174171128
-0.20299589278256552,-0.19819449198127406
-0.22547252983299493,-0.14757884258035142
-0.24237301633318251,-0.088273410566560434
-0.25343514945172196,-0.023770992062252649
-0.25978743378124619,0.04121835602356394
-0.26271997281984755,0.10145732414242423
-0.26335045494423454,0.15172428979983912
-0.26240480845406738,0.18742426313206367
-0.25986381674428971,0.20320503629589354
-0.25594438426052007,0.20016970915504598
-0.25064107328018004,0.17940008501238369
-0.24331233173788883,0.14232007681625658
-0.23378823436260068,0.092765955753068327
-0.22220387768999061,0.035639273605708233
-0.20899546556553913,-0.023741858711389233
-0.1947739826082002,-0.080340234731538326
-0.18095379487372817,-0.1286263958297019
-0.16602414643799945,-0.16872716761305465
-0.15184151814588376,-0.19659634722852987
-0.13584515644418074,-0.21519735944847701
-0.11648077153796682,-0.22662859520861633
-0.092052327636200582,-0.23357124549015892
-0.061084995291341357,-0.23872187556292923
-0.022729060295788594,-0.24428425355258646
0.023718010467150465,-0.25244856679064037
0.075080243901297639,-0.26230168146578281
0.13073450008873022,-0.2729123794625144
0.1850765424895246,-0.28304447651366832
0.23325962065431896,-0.29077135367153006
0.27037135785567989,-0.29412576303436017
0.29208175375061485,-0.29142409213532949
0.29525501923559228,-0.28148901761403117
0.2804057443165528,-0.26176648762020233
0.24486165701987378,-0.23577858545922503
0.19183788383168099,-0.20164756591924279
0.12506496249951063,-0.16186070526591059
0.050054976127573807,-0.11734719421417883
-0.026779347169392148,-0.068770693188364124
-0.098847702259038647,-0.016585719541350609
-0.16012987972324094,0.038739477669343284
-0.20781944448052331,0.094414576171305775
-0.23627437585119015,0.15152401283487787
-0.24288630967923958,0.20916190297852244
-0.23013409325388684,0.26231121869226509
-0.20097734896206221,0.30638949957285205
-0.15978812641814341,0.33632517013751878
-0.11171813872088084,0.34729578887284668
-0.062006243768469062,0.33560996863551734
-0.016172734088559258,0.29929614726434323
0.022850861078035526,0.24025979657338917
0.055428201457402126,0.16053775780697122
0.07859849328504985,0.068726968051984444
0.092707698549428799,-0.02581297959290229
0.099119041545115999,-0.11266799344474734
0.099752903121345729,-0.18177242436432403
0.096569430302446926,-0.22488939307448844
0.090808648300655062,-0.23608447670983293
0.083174028235782432,-0.21594627622522375
0.075337855691379851,-0.16659325261933614
0.064580817756903872,-0.096656147139378201
0.049038955734668134,-0.016978422654414467
0.026770421724058059,0.060051588674819981
-0.0037034945782034733,0.12229974769000095
-0.042892176550733796,0.15969709895790671
-0.089113044414079606,0.16493367809607384
-0.14123474094323143,0.13683191294218333
-0.1956973242089689,0.081072705517525948
-0.24733382794998413,0.0030878163181218559
-0.29062563892240256,-0.08624809207067137
-0.32011107208601736,-0.17416843445669722
-0.33113527049877933,-0.24787809154542423
-0.32054892319711631,-0.29641347338658347
-0.28640210256895943,-0.31192931607613356
-0.23058827705906609,-0.2923992840153985
-0.15922536039437676,-0.23674796864310024
-0.075637006239365395,-0.15345166657779785
0.013455449120871536,-0.052357255368402023
0.1006640709723,0.054837093095389706
0.17880036212212622,0.15625036368887432
0.24172922123197188,0.24139831448718943
0.28593467517555438,0.30217061456053185
0.30752353251664005,0.33489060588115427
0.30890472484965725,0.33759957620167191
0.29095598040084902,0.31389841098945476
0.25794199966471348,0.26906222971539956
0.2154614202120344,0.20985917722652567
0.16963544491135241,0.14347341226201851
0.12625077092834586,0.076556901093986843
0.090832653190082518,0.012567063957671359
0.064968357132059285,-0.040917731988064095
0.050219226525302495,-0.084731501459652497
0.045253842850038639,-0.1155693410137538
0.047484965648602689,-0.13341314435842497
0.053352930896336921,-0.13919793479605289
0.059000804756701851,-0.13443410709853373
0.060943437641604328,-0.12088573442371027
0.056340247774485486,-0.10176282274689755
0.044637904570549218,-0.077077300210969271
0.02475361762321502,-0.04682568488491199
-0.00089157075018644232,-0.014227742273657812
-0.029840538938895978,0.018760040277754835
-0.059231612581300837,0.050023411108824731
-0.086295622268123484,0.077358130879239109
-0.10878470384881003,0.098624843614024363
-0.12611225361793124,0.11169221491231761
-0.13674936675415456,0.11597832050989472
-0.14008434245982437,0.10975331166313712
-0.13813697139761497,0.094459938166862073
-0.13254213676760471,0.071617611647506019
-0.12507426344871081,0.043553114151154045
-0.11735506178079735,0.013171347221412957
-0.11063831171674236,-0.016358778370882114
-0.10710869150598941,-0.039983753856956857
-0.10552115592918904,-0.058782979839889324
-0.10331810397126541,-0.067750322033321653
-0.10234223818613884,-0.068297619144378569
-0.10240576957150707,-0.060501450720047652
-0.10335963543485624,-0.044947895157356511
-0.10514058727204749,-0.022586049471489417
-0.1077605555085465,0.0054023978166047246
-0.10926882322826918,0.035721021898064281
-0.11201666980790945,0.070682614029542803
-0.11810169996029876,0.1057246306033032
-0.12484706269113938,0.14173438704929495
-0.13116615652079833,0.17725311998446924
-0.13567673474118122,0.21043762485583745
-0.13687360967281781,0.23918365601634259
-0.1333653001803824,0.26138065870955701
-0.12329107973647338,0.27497444387414754
-0.10728806548347244,0.27942834563581453
-0.08674848633953787,0.27423740349801234
-0.061961416833098928,0.26084259150104588
-0.034751127089731569,0.24146427985518357
-0.0074030762884035447,0.21909979289114398
0.01767660527678503,0.19705292467362992
0.03836175443675318,0.17834876060858026
0.05178627063322342,0.16711170090773292
0.059756576263190093,0.1607738239386769
0.062277096953034704,0.15999584772548048
0.061522545182144242,0.1611439563283783
0.060071599292021174,0.16037009243412437
0.060751713318556888,0.15341221568243041
0.066126600072737116,0.1363741740965787
0.07799346965460642,0.10651044840823966
0.096131027649845144,0.063161201207251591
0.12079119262884672,0.0074317406123051415
0.15077446648605838,-0.058255211098155492
0.1817399470683162,-0.12742798935953706
0.20936266869911727,-0.19313898259172194
0.22906984840534816,-0.24801747835875831
0.23668908339153547,-0.28527580477902581
0.22906515935224697,-0.29967017798162043
0.20257777847271782,-0.2862950002599724
0.16017214230552845,-0.24815559569161477
0.10465813083977463,-0.18720138391679983
0.038859204212571594,-0.10916179532923009
-0.032471586266283069,-0.021184006371879515
-0.10405544256773994,0.06877547370532075
-0.1706810268621522,0.15288908777119775
-0.22774584998144032,0.22430595916659746
-0.27026297056686849,0.27977134886474003
-0.2984034005680285,0.31307467906999892
-0.30978337056848831,0.32303358629167594
-0.30577443970403351,0.31057631399962415
-0.2877368756131885,0.27807524054449828
-0.25755810974862792,0.22917179501429222
-0.21739344943302644,0.16826950470658161
-0.16949973542486493,0.10005513342899057
-0.11589243930385161,0.027694300608556873
-0.059654684521641646,-0.041777754827269163
-0.0020669916910928325,-0.10769689769786488
0.053191305311678906,-0.16464225420957979
0.10321612715744675,-0.21005728556484871
0.14519912807628241,-0.24233234467957637
0.17669020156910986,-0.26080205630209002
0.19592620888455031,-0.26569843631577411
0.20357963663758549,-0.2589184092916163
0.1981129627959187,-0.24044300710455146
0.18139167928436956,-0.21471725638651382
0.15700046336263912,-0.18282460346525611
0.1294394434571241,-0.14769231896552557
0.10389097123045285,-0.11253464252760664
0.085512758336298275,-0.080646868604958011
0.078637386005751347,-0.055151869646341306
0.086288970974920984,-0.038442488838934891
0.10886977791566643,-0.032827222788939736
0.1433497135821083,-0.039680231798507597
0.18637526467165338,-0.058674245021480637
0.23180452179635386,-0.08866412060621448
0.27235886788373542,-0.12749183125583072
0.30067654857563597,-0.17217651941676601
0.31045515333714702,-0.21918410579872993
0.29608774385133924,-0.26276834578507008
0.25891799708012353,-0.30297128141107521
0.19867154367609291,-0.3334242586542997
0.12212835915462386,-0.35391861848922618
0.036927521406190399,-0.36277096164327438
-0.048085586518172095,-0.3588314337012713
-0.12410802476746466,-0.34152932356914756
-0.18361784011314849,-0.31093843427078161
-0.21999889586223542,-0.26644391885171631
-0.23388559277132362,-0.21116474169150054
-0.22330313985234507,-0.14994446514573373
-0.19460476033104135,-0.083726054453605633
-0.15418079615041252,-0.015985341366762315
-0.10938757164792556,0.049465963832404661
-0.067437814065472348,0.10879864670762515
-0.034404784701985776,0.15854520411442449
-0.014767552350643394,0.19796021299062444
-0.01030303227665046,0.22242422015848659
-0.01956064575966374,0.23155575930996608
-0.041214746157063255,0.22651692691417422
-0.071687173585912839,0.20957549537759401
-0.10665365111416478,0.18408400445956336
-0.14170199020661889,0.15400244842413902
-0.1728804086352885,0.12331617716488398
-0.19678217261472117,0.095723466005860736
-0.21123841842019311,0.072467743590743483
-0.21695312127974506,0.057237187761990986
-0.21191958242230047,0.047118917823907272
-0.19617844694041944,0.039958317184839623
-0.17025501112441874,0.032832937813577316
-0.13506725179697657,0.022628407003156815
-0.091917327831562742,0.0066456393021616603
-0.040581772969250786,-0.016016060956252094
0.01385392142949377,-0.047185109575415309
0.067676814386129935,-0.085260402363798213
0.11821968147327862,-0.12820045630531945
0.16168838847648817,-0.17254534325579449
0.19431278257201604,-0.21421079383807673
0.21275561362630677,-0.24912482211422449
0.21457157161925508,-0.27388552619591311
0.1972290101559252,-0.28435621078430368
0.164101435425062,-0.28372663395166597
0.11452690730638061,-0.27014917693092944
0.054909634979365816,-0.24891995043238932
-0.0092278434652811429,-0.22426566596290756
-0.071883814693390669,-0.20065221515744236
-0.12726015812989325,-0.18209993679608577
-0.17041713680001691,-0.17158961996669458
-0.19921901652233368,-0.17036734088030342
-0.2101349881407345,-0.17942977039959099
-0.20153630405505221,-0.19437227363386564
-0.17675714083238445,-0.21464880407913892
-0.13922232132775902,-0.23685469240756712
-0.093383403286755304,-0.25721651186973404
-0.044175583655681611,-0.27214506979753073
0.0035159528160606016,-0.2787415266355816
0.045596039875280901,-0.27433689112487125
0.078000175937150126,-0.25924503262460852
0.098677439262851899,-0.23602501373290655
0.10589399379727193,-0.20501997684794621
0.099305984853647986,-0.16881806813376557
0.079574122081758195,-0.13048377517702689
0.048216632347327933,-0.093174285681920696
0.0074491060639813979,-0.059790297608276317
-0.037994570524258225,-0.033554575580857414
-0.088491935048351525,-0.014562409568740517
-0.13831991777227817,-0.0050885799597630531
-0.18573045946215461,-0.0043482332400635784
-0.2273400615664557,-0.011946348338156229
-0.25969600729867698,-0.027182525417870453
-0.27953848550431387,-0.049152317409067552
-0.28414957401515406,-0.076778052100306513
-0.27202242053403808,-0.11074814597287971
-0.2423082511606513,-0.14651863285201086
-0.19570079891123768,-0.18214575622966009
-0.13514507925433128,-0.21552817591602863
-0.064782470768979014,-0.24418072156253659
0.010137388760826887,-0.26570797109832817
0.083815215035035084,-0.27805407777595403
0.1505758790336448,-0.27977729617533775
0.20358279393504899,-0.27227672408294162
0.24292088674436696,-0.25360947872159495
0.26464983690610783,-0.22300497692734489
0.27087232508483738,-0.18522438407990022
0.26380090874769618,-0.1439371329800995
0.24669902791590437,-0.10328859695572902
0.22328649773479461,-0.067396601334525061
0.19712119575829898,-0.039818968825749784
0.17303417589320783,-0.022222901235222241
0.14926664074027712,-0.017501101259251077
0.12866240744518595,-0.023088405565176186
0.1088153023922197,-0.038679592712030843
0.088133629888072176,-0.061113839694125038
0.064906276200472637,-0.086189147498272972
0.037764395774354351,-0.10923743037404832
0.0060404356132395271,-0.12578609923131448
-0.029754467650486564,-0.13022860737061717
-0.068831684464363038,-0.1240257668061724
-0.10965357821588523,-0.10352796015733012
-0.1495865079208526,-0.07236164165680474
-0.18615444468437514,-0.03341138210843933
-0.21708234111751165,0.0097138922170670484
-0.2405390098438821,0.053266011667805736
-0.25525925539803007,0.093920764739283583
-0.25912863357841698,0.12781841017037007
-0.25418455028915637,0.15575461730092127
-0.23983005171949759,0.17775947417308482
-0.21669807005893468,0.19456388997016308
-0.18504729899850142,0.20778665667492641
-0.14504953876669816,0.21923031790935626
-0.096945702699028094,0.23046678618536706
-0.041324227561520439,0.24250689422853683
0.018569736805005104,0.25476221434776369
0.082895902880847624,0.26774167209032895
0.15059620816017932,0.28126556269533848
0.21499158861423048,0.29279699327379349
0.27046520365847493,0.30047161680697548
0.31107341770832475,0.30255404604993613
0.33133232229715304,0.29768336390065298
0.32709293386091037,0.28502354195884272
0.29777015325411343,0.26345919194907713
0.2424066615939639,0.23389145816351212
0.16311671119510651,0.19950741831850596
0.068090660394501248,0.15894114916546251
-0.033591469645432769,0.11294616363393764
-0.13160083137660794,0.062402462538908784
-0.21568825352468818,0.0083533133083799321
-0.27710085765252984,-0.047912054715577426
-0.31184280361934757,-0.10278129043279291
-0.31412945729228103,-0.15734725728239354
-0.2881630026105943,-0.20833372793252236
-0.23801739229824312,-0.25330490208798101
-0.1726194901088095,-0.28912635270812942
-0.10307132938795253,-0.31252507512497035
-0.040979631243357191,-0.32050291036956591
0.0033650358632424907,-0.31082939783511088
0.020692468359177155,-0.28394151151168229
0.010931135651514422,-0.23860201219862762
-0.024089582596092094,-0.17643010719893262
-0.07806910272078138,-0.10262478890282523
-0.14087991650437828,-0.023091566127405646
-0.20044548483352514,0.055326384965240297
-0.24469390572824051,0.12567343417371862
-0.26355543125116987,0.1818020762242433
-0.25208696013787069,0.21952831117136695
-0.20726134912390723,0.23658941141684336
-0.13038171110923216,0.23248935314484778
-0.032200575572388826,0.21148680076677834
0.074890233758606664,0.17919264519440795
0.1767263505000963,0.14256613297761037
0.25950304152538417,0.10882324543871379
0.31186313432396817,0.084270619799396373
0.32858942662612312,0.074099224667108249
0.30476300550114749,0.079272874749092337
0.24395122237453779,0.095807754726117009
0.15492186065294,0.12163973285968631
0.0500627275304939,0.15049401157278705
-0.056134988641671296,0.17487507203971195
-0.1491589337391441,0.18733444520771023
-0.21652264762909687,0.18178562911179114
-0.24749578362337984,0.152671129294802
-0.24058008278755783,0.10340973081044544
-0.19942834631043585,0.034160822075844796
-0.12799668994615174,-0.046154058690478734
-0.035840319960707662,-0.12849331463834418
0.065409428884660503,-0.20302119428964205
0.16381805997146962,-0.26053383956804682
0.24886214985494556,-0.29378490723499845
0.31423374948062915,-0.29935259797653757
0.35304491613286509,-0.27547961989881931
0.36815372713814049,-0.22402190636360994
0.36058872122027186,-0.15188208413774254
0.33625297761700168,-0.067384131598856117
0.30276075894679871,0.020046984917842393
0.26805410332637658,0.10113144245668884
0.23905615053713428,0.16787275263085266
0.21860105254783554,0.21414948110998258
0.21167776700256574,0.23656740106099522
0.21735047478870009,0.23737379492733215
0.23182705697731154,0.21636478645565901
0.24951308010275963,0.17732371350563708
0.26375754966397075,0.12537242431201009
0.26802337980177876,0.066233152771507875
0.25700877486177087,0.0055435221813312056
0.22951782682597036,-0.050837963622849244
0.18150844204034261,-0.099715054953574994
0.11754332529131779,-0.13993416131234318
0.040525592915064343,-0.16804979887366273
-0.043227586651966902,-0.18294079625616835
-0.12630710310182133,-0.18423772467320615
-0.20129653891836399,-0.1721743555913072
-0.26186162990038708,-0.14749463021131323
-0.30452146149088394,-0.11001927740193404
-0.325598586152203,-0.063409932319250226
-0.32908079421890385,-0.010888349065271282
-0.31631062589245651,0.045526545396462101
-0.29274066675472649,0.10254942115511247
-0.26505549093558273,0.15663785141481781
-0.24004627399862127,0.20425277648733356
-0.22344114357217806,0.2421927411853137
-0.21972952210041874,0.26992929218981582
-0.22892479946457403,0.28319567160662318
-0.24707755233650017,0.28096600816399497
-0.27084211481846843,0.26518599659936115
-0.29346654712782855,0.23834105477290277
-0.30731064032429206,0.20401492203855678
-0.30517059433949578,0.16642700128511195
-0.28160833118077017,0.12985951907163934
-0.23321714704228128,0.097216240974035292
-0.16167218206993655,0.071851861594135688
-0.074273449435308822,0.057600364861431379
0.023192154361805866,0.05193903212221946
0.12064642317801305,0.052889221720657152
0.20704521515130631,0.057426918503282624
0.27194579840967026,0.06202657776887209
0.30704820334590088,0.063274649759812771
0.30662064669027039,0.059862562746050937
0.27196334073891387,0.048498698873702763
0.20395038896150144,0.027343986272059351
0.11266409750172852,-0.00080155855992833651
0.0089836243315886775,-0.033293248586990058
-0.094919223001077857,-0.066696768923619268
-0.18719629777368493,-0.097392256288626966
-0.25783344847175638,-0.122216935204689
-0.29786354559977357,-0.13762750554300177
-0.30662413844834341,-0.14521113962129223
-0.2863099445469926,-0.14521798573451694
-0.23954204748931732,-0.1404568361967812
-0.17290679327602035,-0.13438904651825032
-0.094471720577447932,-0.1307989997667055
-0.012644161664457747,-0.13310410970285644
0.064857522162648965,-0.14370086328326745
0.13262561008706303,-0.16486821402613069
0.18433989994552422,-0.19376502934769219
0.22052003452023541,-0.2267783616447161
0.23825798037539914,-0.26061624063255368
0.23823435493406586,-0.29034183187922252
0.22234069033087131,-0.31094559239741426
0.19325687943763706,-0.31811185872335607
0.15409039812770331,-0.30890598808817449
0.1067143243458063,-0.28142793459385873
0.05598787816231128,-0.23739738986528477
0.0076744442690952087,-0.18247629014127772
-0.037148294375798779,-0.11921552613567217
-0.075547712723908048,-0.053258623831676913
-0.10479538098896497,0.0093165962858069874
-0.12255306039810632,0.062728663087764189
-0.12714850869221328,0.10216262036097808
-0.11591882827145414,0.12513306182925549
-0.092986103267614389,0.12905806550495316
-0.058085378296057893,0.11322724761545731
-0.016490627471238185,0.080540701537259798
0.02699040369643713,0.034429594614712219
0.067097819556341393,-0.020762115263493672
0.098710334229623165,-0.080274610332884411
0.11745356587387465,-0.13939004291437554
0.11995498416228119,-0.19577399985492641
0.10588966366895124,-0.24261300831628593
0.072925823893615363,-0.27779898868694414
0.025620888044514609,-0.29883225029805127
-0.032046706596400215,-0.30452999560898791
-0.095194729431660061,-0.29472575631448211
-0.15858453313512055,-0.27020424464983017
-0.21714367298313619,-0.23260543240777465
-0.26611655506959081,-0.18402503423315339
-0.30302793930284438,-0.12816267373904394
-0.32261553158145162,-0.067230801445076815
-0.32582352665532349,-0.0059314902890282581
-0.3125652990084295,0.051890581143452109
-0.28356671186001742,0.10264817737489475
-0.24027550448109083,0.14324281885498491
-0.18483212639915211,0.17126405973943831
-0.12206580280100368,0.18655180563477822
-0.05222691096848768,0.18580616501873673
0.018826822750702778,0.17154130362669226
0.087282164149979996,0.14324298586938569
0.14788292301800321,0.10284911784766801
0.19516789126355355,0.053240133898928212
0.22405930478227917,-0.0019542142112716626
0.2305773524608323,-0.05862610683350724
0.21397563316270068,-0.11166556820495227
0.17260492415345471,-0.15896551631979991
0.10857202235524305,-0.19409048755185479
0.02847511331244575,-0.21662625294715354
-0.059594924342967572,-0.22498171723535518
-0.14608347444485653,-0.2184259010544613
-0.22116350616145128,-0.1971182389544896
-0.27607712405360552,-0.16211071238120889
-0.30639407062220492,-0.11560175941542919
-0.3062856500531041,-0.05958564093397397
-0.27583025879321948,0.0013283638097582038
-0.22064456641776151,0.06424658844106157
-0.14892683974209378,0.12508388971164228
-0.071136054783693378,0.1796784661740381
0.0015729070394094797,0.22412039665961864
0.059073067335829572,0.25510946311523452
0.094153757232596086,0.27058003942289349
0.10302007169887906,0.26850557665468888
0.085400730893716692,0.25114390936632597
0.047479309832723818,0.21849526886718668
-0.0018696481680252764,0.17331745961851439
-0.051684614335840331,0.11944132429491969
-0.090741860431676549,0.061343181279690004
-0.10946098499331054,0.0036211220302083372
-0.10185942933490509,-0.051522495191929182
-0.066365028266562612,-0.098210831337065485
-0.003447261453111551,-0.13283600307838112
0.076919681155128289,-0.15625795825034763
0.163369624705403,-0.16938310326322306
0.24292373895748387,-0.17428873455839705
0.30303368479558046,-0.1737641212782452
0.33358896478039568,-0.17075574653369946
0.32941427954624541,-0.16978567354927429
0.28801012920264468,-0.16900120684571854
0.2151523659521532,-0.17123535036920842
0.11902552226587718,-0.17401391049572026
0.01224792204057233,-0.17551013042788413
-0.090799852048965152,-0.17356335037575946
-0.17607914360060506,-0.16617272118033585
-0.231951269712109,-0.15196489123309698
-0.25171923968505294,-0.13252590314647578
-0.23122531444291147,-0.10584718891805893
-0.17565196151309942,-0.073053298562462302
-0.091324363316631504,-0.03782678833427186
0.010157695791150161,-0.0036818128194818257
0.11505233644920354,0.02569812008771432
0.20948728940742503,0.047023032276639024
0.28145063472132092,0.057926153049394143
0.32386873916621617,0.055966212726740641
0.33003334270707951,0.043587642450911054
0.30405239886893021,0.023794234094948043
0.24926544313362189,-0.00085753368223186568
0.1747873593352775,-0.026155244527595663
0.092040426554249266,-0.047637578928207282
0.012954636835995214,-0.061198092341254798
-0.051852048256029709,-0.063642765760091091
-0.09547584155095229,-0.053401676657940003
-0.11268107120199407,-0.029108842246447639
-0.10451131584541448,0.005147703065914019
-0.075110710806474731,0.048977720370097531
-0.032121569928669602,0.09887891307039795
0.014969816350132864,0.15067153755603777
0.056459718574742239,0.20004731342981091
0.084041470909580682,0.24312533097374761
0.090738544570017704,0.2760863039057031
0.076686456565816852,0.29842257392103716
0.04390626283133655,0.31002653461702212
-0.0024632834251292371,0.31162416063199361
-0.054606306371550742,0.30524204949823647
-0.1036575847565072,0.29354764466600253
-0.14119230742197822,0.279415630235887
-0.16061486002864675,0.26551060262043985
-0.15850709182349085,0.25423176390747448
-0.13354858230511352,0.24602758639267136
-0.091762993818048672,0.24340893302371178
-0.037029617115684595,0.24446070134512193
0.022710286282421655,0.24818128721226126
0.078650842255213696,0.25333762291538953
0.12246269375544762,0.25870679168332117
0.14754084913698584,0.263249924127827
0.1491219098761084,0.26591372615118986
0.12736123089794052,0.26634605171370207
0.086617839530185231,0.26533686140830653
0.030714629164010569,0.26168581151923809
-0.033133320510473713,0.25505266335630244
-0.096788045262849287,0.24508856829802558
-0.15233103031035058,0.23147210034135052
-0.19311281632693633,0.21400302832157708
-0.21427635023746083,0.19132396772518784
-0.2135600288277921,0.16616395450294824
-0.19417669050391853,0.13880945275765713
-0.15669193074158372,0.11114138914889678
-0.10543301201830906,0.085037212346398772
-0.045806753200181467,0.062454766413237064
0.016474671700820762,0.04518510122433643
0.076111226618609987,0.034593083165172879
0.12905688158964107,0.029978709454798424
0.17176202441413552,0.033341358464256683
0.20305902564725528,0.043850491199979927
0.22228834080971369,0.05953387029995072
0.23014692661973457,0.077972968296484049
0.22807174831050833,0.096303399343174209
0.21789563589689018,0.11158098685950206
0.2015576465636964,0.12117891037591895
0.1811906658678942,0.12230955368404395
0.15812493155472759,0.11597150282668657
0.13352724792624596,0.099445833796528812
0.10909294867074001,0.076365030143214066
0.086198359957022727,0.049149151697535795
0.066206985389310108,0.020630436643931511
0.050428252374307252,-0.0063262791742952976
0.040004418744892016,-0.029175210384428062
0.03602489627028798,-0.04455434051924656
0.038056286315049551,-0.052807316007088795
0.046921238567788175,-0.055994832538640536
0.060463757260452604,-0.052252667852576012
0.076727916472219368,-0.042221581515377193
0.093298482644790626,-0.026905054356818673
0.10758128630201987,-0.007490404209229716
0.11713995315167,0.014806883217038694
0.11806260821246907,0.040825781592053835
0.11255128168481376,0.067149152615558955
0.098908305559546494,0.09055738604713108
0.079117398341756531,0.11244130374673519
0.054986812529463976,0.13237646324587399
0.028720773805812221,0.15003628604974717
0.0026095831867600306,0.16515332232677124
-0.021263601402298847,0.17751264488675952
-0.039279455469385736,0.18556448046694723
-0.053909902425157114,0.19194771717452219
-0.062406862131063237,0.19460372711540169
-0.066677546829509368,0.19560260668605817
-0.067384131598856117,0.195555011127265
-0.06515755239039081,0.19492831917097325
-0.060483601775857911,0.19397865394915492
-0.05369696484280953,0.19272048833806263
-0.047052130949752385,0.19009181090084395
-0.037585930268756451,0.18710543015096215
-0.027488876047519432,0.18271792146954124
-0.016686971469736054,0.17680179196599607
-0.0065975698249648475,0.16890331903367406
0.00082597194726878392,0.1585637563433456
0.0034113876693256965,0.14534994705366952
-0.00075125503137433124,0.12887470440895965
-0.01303764864853995,0.10739885591488624
-0.032312662811119566,0.083137116694771945
-0.058687726047650005,0.054498232847555159
-0.0869276109938842,0.022526372041284895
-0.11192666164921346,-0.012595158733409332
-0.12798222238683998,-0.050654988308884208
-0.12970930500699143,-0.091309134586224153
-0.1130461749248149,-0.13393234073714952
-0.075330357662863223,-0.17717743409302183
-0.018872957001316814,-0.21994800935156228
0.051850868582053462,-0.25956958717428996
0.12996488114824029,-0.29362368885463908
0.20624719501975647,-0.31903956286592761
0.27060470525230235,-0.33270006377412414
0.31351746963575633,-0.33186707546829131
0.32751597399169596,-0.31464794111032679
0.30817013011040201,-0.27844952228614661
0.25622032791669963,-0.22721062097058015
0.17490654878004036,-0.16361550228729868
0.073735733137911888,-0.091712121385400899
-0.035669674680833291,-0.016844012640054268
-0.14024049031654859,0.055219373071456759
-0.2272196515541203,0.11896501888857311
-0.28590154213697228,0.16981376291282813
-0.30937165989620719,0.20440738911540846
-0.29455531333750506,0.22245277983810691
-0.24317202218660708,0.22275416990252833
-0.16201114397006414,0.20960647939275634
-0.061050023200932661,0.18721445174571505
0.047689015047837666,0.16046869590815513
0.1517905466987981,0.13425050771373304
0.24007278155327785,0.11278106571406288
0.30197699979475873,0.10051829447246229
0.33540818388880289,0.097302825476199242
0.33919560033549978,0.10146246645832664
0.31562924966375266,0.11313478844910935
0.27006545520721287,0.13003277629351417
0.20959972868145085,0.14926508600998817
0.14191174564278222,0.16776847317451737
0.074194335324676036,0.1826908454874327
0.010914458559726089,0.19082591329324394
-0.041755491447144091,0.19205709417395855
-0.081538929625849924,0.18403466704206087
-0.10823720356429531,0.16740163669493016
-0.12279582379820293,0.14234703657636499
-0.12705846477119653,0.10932982953700197
-0.12323360980825009,0.06903514697659674
-0.11345875446506438,0.022424054360192826
-0.10150246234282967,-0.030552416123480662
-0.085749874748738464,-0.086258812131003504
-0.067171921269779042,-0.14044643071768012
-0.046750010765152353,-0.1914264544424702
-0.025363355547934091,-0.23566434445509477
-0.0042153912576164054,-0.2694933746800573
0.015168370266941069,-0.28956033294955436
0.031105915978964525,-0.2933515034192547
0.044033927265295064,-0.2811171803327609
0.050514744491498655,-0.25191343580554187
0.048035574624364023,-0.20582055160433696
0.039682567764686053,-0.14942281978392846
0.027791720401005481,-0.088829407284409828
0.015691675667556488,-0.0309501692998027
0.007240880922796759,0.017384159926314667
0.0061974498817462982,0.050357177108271124
0.014116547377803004,0.064295727614999035
0.034080562933901916,0.057757220191699238
0.068234407529870075,0.03015383668097868
0.11207584365861049,-0.012927366433222212
0.16125279160324729,-0.065189268676119155
0.21017663092051561,-0.11907060409243271
0.25287172937321023,-0.16678845135078901
0.28395516394277076,-0.20141159315364299
0.29760742326664197,-0.21977863438909709
0.29598961870550922,-0.21587042024451572
0.27713907315834746,-0.19131293513708128
0.24724880008638503,-0.1477373996667147
0.21235426341181424,-0.090041906122852677
0.17934304883907629,-0.024785842766050163
0.15481239327575658,0.04080627638469074
0.14393407246380829,0.099921239121113808
0.1481049814983276,0.1451693668843666
0.16947296570093551,0.17681497595806833
0.20419094832740275,0.19181111520645583
0.24680888432498663,0.19369779665529802
0.28958043271986078,0.18638704397979364
0.32388519818441691,0.17476655585209966
0.34155951020116021,0.16377457178529833
0.33621205663171166,0.15751511087243897
0.3051624790918081,0.15940602880542393
0.24684376576961531,0.16867524064613312
0.16633349095813763,0.18451846482763054
0.069692825319606952,0.2035114730655245
-0.033569304227250032,0.22151331862575943
-0.13257296312803779,0.23415908545287334
-0.21652202825163008,0.23765340428040369
-0.27616606822966483,0.22944864544803978
-0.30476754663767786,0.20672501700370532
-0.29986036429948271,0.17291767017448809
-0.26293937037172282,0.13312555315344232
-0.1985845683686345,0.0892628911291867
-0.11461169636913848,0.045855668178916002
-0.02063828142091003,0.0074353382642560082
0.073278553167338528,-0.022051445414659705
0.15800337559787372,-0.039699061151724079
0.22563177173276058,-0.045315089619011956
0.2733765225754835,-0.036361208630643641
0.29967253351143047,-0.014438856188876754
0.3068804419723013,0.0190010431136916
0.29934670446186573,0.061474000235899599
0.28273751258575247,0.11004996328130459
0.26296960880027798,0.16162266190317154
0.24520077834496429,0.21310788905280451
0.23388552762497539,0.25958658907943138
0.22996555498570473,0.30090596438736961
0.23040370562239401,0.33609553866704334
0.23516949714100593,0.36134439332828383
0.24102312369238979,0.37443052260560034
0.24418810208873701,0.3734717480461312
0.2410930927107231,0.35717325159394281
0.22902629942330072,0.32513012636682204
0.20744276761484054,0.27784575387287264
0.17563035674297342,0.21824172143340284
0.13340505075043615,0.14880052637443791
0.08511519250846826,0.075593627458917553
0.034421657056130608,0.0047774676149266821
-0.014841800884708607,-0.057161186329897751
-0.059180898431762878,-0.10414065970800719
-0.095834659131088504,-0.13125698368619804
-0.12271970733154482,-0.13688834204595562
-0.13882268519822524,-0.11771191186922315
-0.14690202236658054,-0.0778409015990216
-0.14544931363533314,-0.019885601775338702
-0.13542572763080132,0.049952345411964673
-0.11809620834147792,0.12402430851156759
-0.094874973255076697,0.19422161882420985
-0.067230986615790286,0.25307408458078906
-0.038067630757480139,0.29338055216774256
-0.0073850021585057197,0.31450726007781193
0.025648323661877134,0.31391369618087461
0.057096937930406488,0.2959644792768259
0.084863586733874119,0.26590405884605589
0.10683511128088995,0.23038389094226092
0.12106573176361456,0.19638082330519974
0.12600388122205614,0.17009147701673363
0.12044615870535087,0.15738994102559714
0.10521101424813877,0.15807050003719963
0.079177527678229082,0.17222683837251146
0.045844630786476395,0.19642131347729863
0.0080310335883399774,0.22577844902531524
-0.031014253090328448,0.25457576528186798
-0.067983951902433767,0.27721395545323219
-0.099907329745204609,0.28912057354601012
-0.12422909182074701,0.28659654036844234
-0.13942641819402307,0.27086251264803435
-0.14795727423042088,0.24043208034444455
-0.14841465568781426,0.20088025064968706
-0.14233779500711977,0.15687727908516222
-0.13196609750444716,0.11339753841363041
-0.11984982514009695,0.07499356043072089
-0.10840595212136533,0.045227841579116614
-0.10090526626424563,0.026055970467885561
-0.095661217571172963,0.0194085877697644
-0.094782495204293868,0.022109305835061627
-0.095381923735551322,0.03513301774421819
-0.095355022369726816,0.0567839901664609
-0.09237105431271965,0.084969071441986274
-0.084308843809575873,0.11744138838065138
-0.069651535680622975,0.15195120680163277
-0.04579994956715451,0.18545106356303309
-0.016509509485928994,0.21679790876071978
0.018340221319984178,0.2447909196255007
0.055396917712721677,0.26623924487872186
0.091888815873498245,0.27874750583638547
0.1251709258372041,0.28003969640815435
0.15304912862915795,0.26823819255788039
0.17398301504299363,0.24221610489842807
0.18855552196451364,0.20336941235078479
0.19429223215352762,0.15155144107338744
0.19212382342781859,0.0872440252940965
0.1821732307086468,0.017053378070718626
0.16510486285906811,-0.053198159982457902
0.14176368375646778,-0.11708876469292541
0.11316070792200059,-0.16835634456589807
0.080520298445172028,-0.20172397996526484
0.046210926248365279,-0.21225628212646061
0.011099694745831912,-0.2004833491537284
-0.023508826636148384,-0.16950432652567068
-0.054029606513682549,-0.12173385187491852
-0.077512755996002908,-0.063010094714883877
-0.091108091924432227,-0.00043344128764788713
-0.092466159162571129,0.058594969066320189
-0.080171415445299196,0.10740056494369714
-0.054413572009145435,0.13955682312627976
-0.016531215165113525,0.15524273412894055
0.031430736300104609,0.15149684879507494
0.083857826245086795,0.13333592517204507
0.13491856286144793,0.10566986659261685
0.17835983829632812,0.074417539545367575
0.20827350069802938,0.04553127798493832
0.21988187152529681,0.024064247471598695
0.21107110412192037,0.012016281404943874
0.17958012470762794,0.0129950809323735
0.12854302998716585,0.025494045472788895
0.061058463716135075,0.047157545174267408
-0.01693793211001102,0.073795868441613122
-0.098233051141838765,0.10036739836059649
-0.17524936383729575,0.12177069634195159
-0.24102587004892734,0.13360054757745873
-0.29209484418890519,0.13416479858109415
-0.32224268750711627,0.12031604862190386
-0.33077446128669485,0.090739867571031807
-0.31975705715233843,0.048976584359655621
-0.29332786730236671,-0.0015054185030229758
-0.25728203363314822,-0.056426973091263807
-0.21813643690871856,-0.11127849601097962
-0.18210018345366122,-0.16186323857031279
-0.1538338417180293,-0.20501198056239237
-0.13624878345703484,-0.23738493421396142
-0.13177820168242585,-0.25965303920378691
-0.1369647682104797,-0.26987857459498982
-0.14784449563912186,-0.26849091881713488
-0.15931813248594159,-0.25664169561454364
-0.16611889548269693,-0.23591640693569735
-0.16380416362043049,-0.20804403413946831
-0.14819445045769811,-0.17606215902424005
-0.12085639041824371,-0.13960847234499649
-0.083803635375502353,-0.098037611995470467
-0.04087588423785634,-0.05363335110688159
0.0023764260938432249,-0.0071688807232295308
0.039882313932945453,0.040535033577967367
0.06606846813301466,0.08845658129307056
0.076819368307530056,0.1352527484231543
0.070502567893969206,0.17723072750775262
0.047274987607708034,0.21568142016498859
0.010862791847858131,0.24680570789921646
-0.033615136319736109,0.26945505011204413
-0.079293657140088916,0.28163962178957286
-0.11882409096259039,0.28161930981859107
-0.14544124005833131,0.26818823166010164
-0.15395326912239507,0.24095555973552255
-0.14065838823173477,0.20141950491530575
-0.10630669609520181,0.15018058135704604
-0.055365687080525111,0.089989822484250567
0.0086499167572731319,0.02509260033518362
0.079112867656053437,-0.039797615421252507
0.14857988435633293,-0.099659669755835859
0.20976028070274697,-0.14969520908084591
0.25642288634945232,-0.1858789210251339
0.28213854757635698,-0.20629686550751991
0.28707673767559377,-0.20821465368485034
0.27366195647953429,-0.19359561442442985
0.24192385267641506,-0.16374882877971761
0.19542279322627207,-0.12237241976243292
0.13869172401487406,-0.074231322046226178
0.076612271387995201,-0.02451212790914202
0.013852243539530688,0.021898816542782383
-0.046968518050667117,0.060256672166471251
-0.10097894133417754,0.0890378191790243
-0.14430437303658916,0.10948158922639453
-0.17716646671789224,0.12129336101158249
-0.1991644823635636,0.12710661718817973
-0.2104853845843456,0.13053686205638748
-0.21173667786747377,0.13546522932981833
-0.20384865844248903,0.1452615809525743
-0.18889949526766675,0.16067140467182309
-0.16742310560568333,0.1838567259932555
-0.14036536466402688,0.21500545250403574
-0.11099919727576016,0.24928558699855868
-0.082115179572108524,0.28186297951574618
-0.056670249787788576,0.3072335633614392
-0.037479249843189101,0.32011887133912942
-0.026830491647140315,0.31637062265660687
-0.026933551508791481,0.29514657446960207
-0.036482588253395364,0.25486455138774805
-0.054669965715122427,0.19652691970443706
-0.078308503149948208,0.12665278406631492
-0.10339032576916837,0.052116718514401868
-0.12527670680113034,-0.019338908702946616
-0.13930917602451551,-0.080150898646097632
-0.14147178997633647,-0.12397505380634594
-0.12702651855254027,-0.14458769955333753
-0.098270811761306254,-0.14301409256507228
-0.054563404363335524,-0.1221187970991878
0.00019190009684581932,-0.084333144039619903
0.061623397264719423,-0.035407688887904736
0.12463036315356975,0.017869536627301862
0.18404656288669685,0.068674804603845216
0.23527781967838324,0.11112443856960473
0.27284411615669674,0.1402281602115584
0.29838256206461844,0.1549315727518821
0.30825528701428784,0.15749478479374654
0.30576700934637174,0.14895413160346099
0.29307790272345974,0.1333247841780211
0.27273404256060618,0.11543610079086443
0.24728283491511241,0.10008221204220416
0.21901526972177357,0.091218492039657997
0.18901689250275433,0.093306696470923711
0.16011960947904852,0.10402851240362199
0.13397091861104807,0.12213756287881608
0.11166816585912033,0.14497096261441372
0.094552416186707178,0.1686437260419866
0.0838975091033346,0.18897910153332501
0.080758008830868852,0.20214575932627099
0.085711911422992046,0.20517685390417389
0.097707157777342138,0.19770673247543077
0.1163244179337575,0.17753036462797764
0.14086267248843809,0.14368132982867712
0.16608098028396201,0.099352291403166718
0.18724733436725585,0.047005511054772652
0.19928182068877093,-0.010563812873220677
0.1974871144923965,-0.070507131130820785
0.17835138902727796,-0.13009415870361637
0.14000764099865715,-0.18648904032765679
0.083681949212332407,-0.23706803952400035
0.01327429127184385,-0.28216769442013173
-0.065457533510499571,-0.31722383880904331
-0.14457741828536175,-0.33980605412730891
-0.21519217362152115,-0.34783836291333309
-0.26861863790865065,-0.33987012924595994
-0.29760818623476309,-0.31538547881761936
-0.29941246372595814,-0.27537486788949511
-0.26982531879617533,-0.22181480430431452
-0.21026592680055708,-0.15720221999475811
-0.12724787844869556,-0.087433418995686449
-0.029361858032136746,-0.018498255172700134
0.072983115501514317,0.043249695306994469
0.16894462580764641,0.091789188652137213
0.24870571604438996,0.12215512406548998
0.30563306378267663,0.12967358674695348
0.33489150576557097,0.11572185543132436
0.33352734219520713,0.080154994978110336
0.30707709953170259,0.027614380758646851
0.26214609321585342,-0.036423136281613491
0.20727260788201152,-0.10548169380784167
0.15157101119668093,-0.17287937462779981
0.10334305929377009,-0.23251673977612372
0.067462156367961768,-0.27983203764787051
0.050016522743340834,-0.31098489325533712
0.049029387853305816,-0.32599927686657276
0.063438038634496513,-0.32454412314906927
0.088175424443139222,-0.30877387775748921
0.11655902938671459,-0.28202915667679779
0.14151881612967998,-0.24827505043209114
0.15687043877626361,-0.21152434374033674
0.15644774781527104,-0.17561532148303602
0.14216060437108655,-0.14237462395177214
0.11407765787379319,-0.11551130721823366
0.077719767590941763,-0.094052663859494304
0.039582596629408488,-0.077653498986986785
0.0068597049447654121,-0.065461515257636438
-0.013801797467291653,-0.056399067772414511
-0.017459404957380201,-0.049393293943400196
-0.0026034289216071457,-0.043236236532063772
0.031669143338918702,-0.0381017618750015
0.080325610036685896,-0.031425720588347555
0.13818948799624386,-0.02437669472212009
0.19750042526247558,-0.016601412620532049
0.24989000467929562,-0.0075525391510419928
0.28761474497022282,0.0034949617968545511
0.30470216077565992,0.017322313275194668
0.29586091004351089,0.036538737189549565
0.26333441075760761,0.05766908883252779
0.21247831780378851,0.083441653518976422
0.14688951215265361,0.11033853852046945
0.073983707381526598,0.13641048451633644
0.0019991096057294859,0.15951952440626882
-0.061101875086239418,0.177605488226037
-0.10864100768068054,0.18896094683405851
-0.1345881467123963,0.19218809654252966
-0.13835852976590624,0.18764651449554592
-0.12284824114840315,0.17457937740011606
-0.088578821995046422,0.15521848639870811
-0.039726434368675435,0.13148639951736635
0.018532888300198266,0.10558827639173012
0.080740266662003859,0.07974216423398453
0.141792488520597,0.055936198760576088
0.19938996491191482,0.034335349238876794
0.24756373778165355,0.017532779758371097
0.28348433284511038,0.008492129134746498
0.30700758089789559,0.0050159882602970581
0.31814040104823216,0.006416006653858582
0.31765354299927007,0.011675710261326352
0.30686049375764862,0.019576375723045734
0.28745146027354201,0.028793921958496255
0.26280844471599951,0.03711616644964242
0.23323691287082643,0.044018957183516491
0.20028476708689419,0.049933905424466705
0.16749176518908276,0.051983259070481243
0.13776650599053961,0.048804880805136758
0.11404542961384431,0.039265597482972404
0.099001650289000487,0.022607967076378615
0.094679985249252807,-0.0013975420581683765
0.10352676852476617,-0.030909841650197882
0.1231498470354867,-0.067041091642100162
0.15161529823370148,-0.10722053668053762
0.18584832478517652,-0.14929371854231413
0.22137651581015819,-0.19018699032072478
0.25308475797789148,-0.22644872416783113
0.2758289853831094,-0.25460909506999663
0.28510492787644209,-0.27159679679297449
0.27625932881927506,-0.27712743796779044
0.25063539250849476,-0.2669352295542825
0.20574581581607893,-0.24203624004949573
0.14645185185207593,-0.20362703133493101
0.077066628075065507,-0.15465133881071627
0.0027522025905808087,-0.099195732103768031
-0.071132847554051568,-0.041974255053597441
-0.13965976138817801,0.012307186988892917
-0.19855823210291831,0.061581913782291046
-0.24583259346898967,0.10044110913991637
-0.27895251739343846,0.12611547514048238
-0.29893783365464216,0.14064148005527774
-0.30698800485525962,0.1463270559220772
-0.30498505849400209,0.14668792102172543
-0.29514985979530484,0.14574665957196836
-0.27975924496770321,0.14721812693872061
-0.26011413996201982,0.15287523978155462
-0.23899584178306002,0.16503427706401216
-0.21990531053505025,0.18202626102930361
-0.20280053712664572,0.20113583805693838
-0.18889071621648626,0.2177259664980469
-0.17923673540857218,0.22629041135880146
-0.17468487471307642,0.22147343063779379
-0.17572560949043275,0.19917302373826537
-0.18371851804299172,0.15950894998835857
-0.19504309429086181,0.10059292981466796
-0.21106273552546306,0.02667628538988278
-0.22693311785657092,-0.054876712835824397
-0.23936979832687214,-0.13470295653819467
-0.24505229214466484,-0.20239741795737803
-0.24105668914402811,-0.24805224516692109
-0.22528144031816388,-0.26386179800091769
-0.19764686672601012,-0.24524913944431412
-0.15702670495513904,-0.19292728759837605
-0.10665124352557609,-0.11144531090893788
-0.048681338907212837,-0.010551587233222616
0.012765804013283725,0.097029223674975934
0.072892459057666656,0.19700384619405781
0.12675932882913141,0.27552401684332678
0.16985864770985631,0.3212217090603568
0.19666477537963362,0.3249734615691347
0.2087130736685589,0.28742244272440104
0.20232886276468992,0.21490840519247734
0.18097757878474391,0.11454918874021466
0.14728461842346954,-0.00064823739605615019
0.10461517792977308,-0.11561637613760024
0.056662275057949039,-0.21540297625719673
0.0070832079180626374,-0.28733250983547914
-0.040488122883827797,-0.32253635992175939
-0.084071359783759916,-0.3180463539102385
-0.11931230703684867,-0.27653960370534075
-0.1460218463653524,-0.20523495277337153
-0.16296470380812345,-0.1155772109613247
-0.16920748231705326,-0.021181713954680808
-0.16413474850137177,0.064197980700985757
-0.14755172439745851,0.12864004206465279
-0.11787530804162315,0.16450950693106178
-0.079989001366281801,0.16693992580432473
-0.03287403249630063,0.13490221492525817
0.018048923761627735,0.075101576293208294
0.06886992096499478,-0.0037934844164623301
0.11559110793503767,-0.091181351304424355
0.15456472911581332,-0.1761170644004828
0.18293506701508588,-0.2487966920217857
0.19929947212395541,-0.30256813901817853
0.20248748937275249,-0.33134381729320334
0.19571784494490038,-0.33514393889777244
0.17991639158867198,-0.31452302258358866
0.15856148111451504,-0.2732585718636194
0.13582868935895834,-0.21666561575207213
0.11602178842602996,-0.15068512613404503
0.1029627955544143,-0.081055370720875167
0.10140989303087938,-0.013531722749310356
0.10915394497805135,0.049009551286343475
0.12815923908320498,0.10589204966077402
0.15466640677517082,0.15418527690197709
0.18524016690437498,0.19316450065387808
0.21586403241271887,0.22257329205041307
0.24248635421520817,0.24233102392219996
0.26152003218579017,0.2523432177753972
0.27219968351854629,0.25442429789977489
0.27025515895716135,0.24601956030894254
0.25356816520139791,0.22484143033049439
0.22412893913674314,0.19353701152062447
0.1834843969789097,0.15349593664530678
0.13388634019760601,0.10689070708529287
0.078016967987083463,0.056601735084356244
0.018745638224908302,0.0059953996915366146
-0.040211152958732281,-0.043392651924608137
-0.097515713887338457,-0.085903190742116692
-0.15007686891531238,-0.11660681535010239
-0.195986529513029,-0.13606612025462494
-0.23325387520910457,-0.14412088826457298
-0.2601526371670409,-0.14181262276672008
-0.2753457682937156,-0.13113861476575164
-0.27806031918296337,-0.11464883530059615
-0.26969242119564985,-0.095239171351665236
-0.24924428573322857,-0.074384432176548262
-0.21774686441138022,-0.054691705521378767
-0.17901150582984443,-0.035544041355729743
-0.13692282173170725,-0.016273418221043938
-0.095952477985144807,0.0043990295218355718
-0.060691219282354505,0.027909285793621105
-0.035303300191525708,0.055314307419989391
-0.021572154002144659,0.088191384111070803
-0.022989501719009136,0.1225920801995124
-0.041288518077250307,0.15897087485497288
-0.073209866825785716,0.19112202780546306
-0.11525477585138949,0.21421222000153689
-0.16272737355927711,0.22353486401827832
-0.21037200459253816,0.21531181035363428
-0.25310297194664183,0.18743685767535792
-0.28586875257096944,0.14031467266834438
-0.30695598940157964,0.076029767875589294
-0.31642952114950551,4.3676308551150165e-05
-0.31428592909268133,-0.081016203675440004
-0.30294474201555194,-0.15900482939067598
-0.28590577688603624,-0.22551012341950916
-0.26707370801998692,-0.27291170785158919
-0.25001883265208241,-0.29537839955025003
-0.23758484784128628,-0.29050500409808133
-0.22973896879946915,-0.25611322758706478
-0.22858803829574481,-0.19797736235432906
-0.22952969097660467,-0.11941465837685077
-0.22885562427363976,-0.027993629188250383
-0.222474086801701,0.067336076162524419
-0.20669566444416004,0.15731804890617213
-0.17897510276054218,0.2334907527424667
-0.13763754272933948,0.28831506837097259
-0.08528611517103625,0.31880053696650368
-0.024580153441823255,0.32380618951235385
0.039215044246632684,0.30450055696205303
0.10015541455769474,0.26467469598329285
0.15213501628546983,0.20977923485030878
0.18971617536448024,0.14608996881069747
0.2088639394340808,0.079855076308696274
0.20663054388457239,0.016269541471445798
0.1837603776717075,-0.040338673212058911
0.14502992321231462,-0.086265361816256644
0.092218528265896466,-0.12145770334248025
0.030349193874574479,-0.1463362974913224
-0.034918031140492523,-0.16222241077419369
-0.097954552358494471,-0.17085948754433386
-0.15377036529626925,-0.17396934108534096
-0.1970691797261544,-0.17432935576443584
-0.22762977642980461,-0.17030021762954387
-0.24374660374917248,-0.16359193178684847
-0.24612810719257866,-0.15298521926967398
-0.23612674886894308,-0.13810243794860932
-0.21568775411983093,-0.11884139222252744
-0.18705152051240695,-0.095571309616681227
-0.15254218217326651,-0.069198329312475992
-0.1158726724853604,-0.040241214703324008
-0.077776887007162121,-0.011357503292775481
-0.038084332773118859,0.014838048383490421
-0.0013330929473652185,0.037958339274692131
0.029833504015230265,0.057327003357793026
0.052844601124099222,0.072915568835725336
0.065459709008514291,0.085290511086051707
0.066106911030523435,0.095423761961802106
0.055091223689351189,0.10412370686358741
0.031236423517009695,0.11205907974182462
-0.00029412215980914282,0.12228729294359166
-0.038118264568253936,0.13225624361386923
-0.0775333023000154,0.14078025158920709
-0.11298367627094451,0.14626777116354317
-0.13880443364653611,0.14704672829901955
-0.15011163816514117,0.14175709850769522
-0.14228118962485109,0.12889017127099614
-0.1169654313265472,0.11075301111612849
-0.074716129805164885,0.085957904677704006
-0.021363899019569133,0.059439706993754102
0.03602893258769195,0.034785170241878563
0.089274713136703071,0.015699018875116908
0.13026324597908992,0.0054332700857430034
0.15222953114908114,0.0062446045212608088
