i,q
0.077765023095550473,0.044048427709623812
0.084845329331533187,0.057550788593256505
0.066205583644369362,0.07263950965834623
0.034850315998398752,0.084924794666305509
-0.0048868079568190311,0.099852542955498391
-0.048144424176825885,0.1229241001388265
-0.075572172696497047,0.13918185873211988
-0.090209050193020709,0.15384171108184161
-0.081860574163672706,0.17677602799489228
-0.05897413954511499,0.19719710642439009
-0.011650573234835778,0.21299395384681677
0.049302105436967746,0.21755017183819564
0.10923259220049218,0.22187961764572176
0.17639013096234721,0.21405454909882321
0.2114961028502442,0.19901999881916116
0.22837294011915249,0.16425060980483416
0.22752075078430525,0.13388147119268901
0.19105041183540622,0.085754139947577052
0.14094301267304749,0.035165657011904432
0.057114737358547614,-0.018087951711607254
-0.023308084374509735,-0.065772519455995215
-0.10710844911346969,-0.098619410751054279
-0.19105922284243146,-0.11400701170961917
-0.25167258573176227,-0.129908201031322
-0.29317947078994611,-0.12814230474156629
-0.31711983420838863,-0.11539481334892943
-0.30696944077150745,-0.070482477098649479
-0.27326894454667788,-0.033101729992704269
-0.24354882523257093,0.0081547298641111553
-0.18012538139521045,0.056104831186132839
-0.12109085377490458,0.092486794265915315
-0.066564116388512673,0.11271202308377444
-0.016529958692408336,0.13232501239392766
0.03029291551793465,0.1291154138771558
0.064451563128063966,0.10222069211350533
0.083921185541393342,0.074265530710809005
0.10314853992587117,0.034835353479887074
0.10599057931649297,-0.017153663998597794
0.10207507755785565,-0.065218925656394963
0.091046025006641759,-0.10780195463416048
0.091948961327036421,-0.14126870610581549
0.0967539370711505,-0.1557057915242053
0.10531104383962341,-0.14756457062259187
0.095585177372000271,-0.13947739527145095
0.10935417879766457,-0.11723411926297335
0.11160488405575256,-0.094322511632461428
0.12861479584103702,-0.061906884515564573
0.12957862289194144,-0.023828903372293771
0.12957865131194343,-0.0058711770820215614
0.12912849831469619,0.0015290687475106636
0.13191807114515491,0.0022664100266603653
0.12181514228254942,0.0054916117491471197
0.10932125710276802,-0.018579119831938731
0.10015233856731182,-0.035526367099613522
0.091977319589282375,-0.048444271417124346
0.097399458705103206,-0.063402675887695339
0.091451731380979201,-0.063851425252305416
0.094274097342548213,-0.072368684577166123
0.096545868814862684,-0.054197126462480774
0.10242347678849612,-0.036306141859550688
0.096975957431288645,-0.020907157429632204
0.087705298685161553,-0.0019774658938322403
0.071698372155416662,-0.0031689761058370375
0.031958703804055105,-0.0033478626315760641
-0.0091833095865458975,-0.017982062621831378
-0.065147398893308728,-0.028707547294323874
-0.13500384028231305,-0.058397216236711992
-0.19003362405687449,-0.078736172503941673
-0.25096710716638743,-0.092773661216191322
-0.29354041709895157,-0.10732540335960085
-0.32205912463843295,-0.11083946164305514
-0.32513538262822933,-0.094430255570950902
-0.30183487171719581,-0.060523142128945918
-0.24248481101011149,-0.012058064059079514
-0.17716910425446447,0.048731480927582733
-0.092144574651938871,0.11254745302054578
0.0014917866339134323,0.15772577492740569
0.094616925287851081,0.22864513575914924
0.16482444204573568,0.26036643420590716
0.20940254144788459,0.28136931283759603
0.22774647962911979,0.27465888999225785
0.21023560202832958,0.26014806474319696
0.16489976750043267,0.20180386541500173
0.088822063936611975,0.12995916818530373
0.0012869056371145407,0.062701086145250565
-0.093762517415208468,-0.025378760414488027
-0.16947940598900871,-0.11725577727668497
-0.25108414334576779,-0.19628465492439945
-0.29868356753286096,-0.27315727248549515
-0.32222008958903503,-0.34056210152111344
-0.32303190323499653,-0.37811195671765108
-0.28730353370405298,-0.40021929134803125
-0.24670794922941275,-0.40483999760142725
-0.18488115412075146,-0.39488784960856066
-0.12221689458663078,-0.36006223049854924
-0.056079318002564583,-0.30411491638854105
-0.0013318897174235461,-0.252345885217856
0.032245266106281152,-0.18775585439225562
0.061686455825280984,-0.12786348460761979
0.069101762007681186,-0.060444385983703192
0.058046795101548365,0.0097884645383661331
0.061683799383682764,0.05637377966139643
0.04374207973316295,0.1100590061065502
0.027042106100792582,0.1530096064634491
0.014846050781717411,0.17849484269502586
0.017637892465144162,0.20141246915644034
-0.00032377921652844031,0.2012386289768768
-0.0002069639084829049,0.19085960843753941
-0.010601568301063246,0.16153692597459465
-0.020736125465907126,0.11222882433318851
-0.023205772265950754,0.075228809602243554
-0.020073560918288609,0.021904120120473072
-0.038649100146471792,-0.035207678048814181
-0.03751115625422452,-0.096492353364363223
-0.046766652638001269,-0.14467432288663132
-0.040447643927371234,-0.18157190716656099
-0.045944551770319322,-0.20695712449625325
-0.036797712609161003,-0.22410578657493407
-0.035554532373084674,-0.21570512689732546
-0.026003141954057247,-0.19991493974455563
-0.029633262334020534,-0.1780646340215547
-0.030906860544849674,-0.15025118193821804
-0.029448408333471877,-0.10821011480175942
-0.049003048724341275,-0.069465422115305098
-0.052517779170632398,-0.0092163186662154069
-0.053839734636848421,0.03502927276074657
-0.067303786607956717,0.090665876241007956
-0.068175470574584396,0.13693249095285534
-0.054643923753525385,0.18277816294965235
-0.05765981000654323,0.21804611646471661
-0.02710524373816851,0.24438156519273579
-0.00090463199350276219,0.26135050965019363
0.019869711461502262,0.2647378016804306
0.028201335016015572,0.24703089705536252
0.024032513603720218,0.21665364873760587
0.015710700609711213,0.17786176547394275
-0.0096139473139649125,0.1173048464036798
-0.049730198800980452,0.054413491785153152
-0.098879102616988263,-0.0085302340933001465
-0.1525218646897489,-0.066316890400044681
-0.21685708293800776,-0.11723649664532157
-0.27052666034322931,-0.1653985962836102
-0.30148337157337435,-0.19187374750296723
-0.31477621433431835,-0.18843484825206994
-0.30887324803830191,-0.19329648130577301
-0.25564926427617307,-0.17249689367476906
-0.19794758293213618,-0.12217247475628586
-0.11981766980859195,-0.080172889596851968
-0.027263582392910518,-0.013270617427437717
0.065151055817799619,0.055213605415245962
0.140380457209583,0.12174775458391641
0.19668035280616342,0.19265259671245685
0.23541014898504714,0.26312559528448248
0.23974994251723428,0.3207226997592531
0.21268673484261247,0.36238122719018045
0.16475030173743574,0.38289597135803449
0.11319528052063539,0.39738416748926125
0.055738914876744317,0.38959597282128866
-0.0097190520403402977,0.35594900883863906
-0.043839959878088218,0.32017654280627422
-0.082966085820231003,0.26154255294857287
-0.081104592939999789,0.19111477175837155
-0.062923452342110386,0.13198428205871285
-0.032579151663885884,0.062808798745892236
0.010883940277805437,0.0022265853458099446
0.058456669960829703,-0.048760859760983898
0.098067179491351686,-0.079808393759100579
0.13150924665524436,-0.10297868648473758
0.14484541218880284,-0.11466688176115415
0.14254736494023526,-0.10189811313649053
0.12759228812550402,-0.081222292617009001
0.08922874902772028,-0.030783534883720744
0.058026254044987589,0.016969689386000596
0.0077440300358466215,0.079079596323651469
-0.017325457057551716,0.14262087266601384
-0.052804165639425825,0.20356212370343779
-0.049922893074785799,0.26404319608449617
-0.055335994924621323,0.30825960040902184
-0.044951668241784322,0.33949474759268067
-0.025032837812103331,0.36457935583437301
0.023892301123294303,0.3583671151979354
0.060693425590080806,0.3257995921067246
0.11091484893257551,0.28428669978466042
0.16426667228271466,0.25190764655516529
0.20362156619165692,0.17514603158665931
0.24518592571956366,0.11708530318610355
0.26472629656699426,0.047111119924175313
0.27124535718696713,-0.02677901564878828
0.28091933564584648,-0.079729000058653313
0.27502623639965312,-0.13388465184288864
0.24411042826483298,-0.15886778730571188
0.22601489097685212,-0.17751474220860722
0.18226110175486415,-0.17485310441735338
0.13231662805284838,-0.16267890749668501
0.071093436593708662,-0.1318805546236603
0.023025080673215428,-0.084830522195181515
-0.038619774751984699,-0.03101382495540167
-0.099931020765151563,0.034745028372449693
-0.14737622160033126,0.11598952137553795
-0.21092091306518182,0.18573047965828129
-0.25636333409309287,0.26014420358978668
-0.28903022059595318,0.32802675903180362
-0.31642997291101743,0.3677198430381452
-0.32921292331481378,0.40602459917644118
-0.33409284814508439,0.41744285292008027
-0.32278767018429272,0.40963426115743601
-0.29325131953798134,0.37473851621333332
-0.25329401967487214,0.33467226478959355
-0.19424218143617764,0.26383452489761366
-0.14404928162931255,0.19358162108980714
-0.073512641365109155,0.10346976884670528
-0.020449573138767684,0.013982338256289764
0.038752914994779404,-0.066831428431968487
0.093105526880622763,-0.14120796604256941
0.12300751567519208,-0.20682970360016897
0.13223259847052074,-0.25524136440204853
0.12656503669392158,-0.26889428083943751
0.097555792624182291,-0.27108887438026891
0.066325721178028998,-0.25009320129687546
0.0071113262464804041,-0.20300335136454759
-0.057741290835990146,-0.15190656650945517
-0.11724000520284091,-0.083977305632972066
-0.18590713119762994,-0.010665296978403876
-0.24744651511115789,0.052954017657006684
-0.2823922659941413,0.12255592212932905
-0.30581168882573817,0.18047598554816568
-0.31935329198439399,0.20681351490821764
-0.29866105339646754,0.21825831614356286
-0.28472508234874117,0.2276535588687548
-0.25668432926211676,0.20623228652511338
-0.23397592384828725,0.16698425104062517
-0.2005396952476737,0.14289457202144867
-0.16750504719695039,0.10190676116306341
-0.14342585110687373,0.055486625849583159
-0.13369973530838442,0.0058588483563033512
-0.12497225470513763,-0.027461552154270166
-0.11908238488817963,-0.059277620295290608
-0.1121446063725393,-0.097783943521417879
-0.094747414990561413,-0.1250610885123061
-0.098394112813987855,-0.14928487131236637
-0.058562923573177453,-0.16373534895710112
-0.02740831049223004,-0.19104547686681569
0.014849165106517119,-0.19866989881248412
0.063809464539829414,-0.20552686861339092
0.11249030731350423,-0.20377884972137844
0.14639974319420923,-0.19860715802098072
0.18442798068743177,-0.18251320988685399
0.20596384620226052,-0.16196167593320981
0.21875894125680825,-0.12544642004718748
0.1956922993333905,-0.095685588982455189
0.17788887543293919,-0.065120735121023177
0.14176547345659077,-0.027834908500256189
0.098505129731462818,0.0094908139830751619
0.046598651448593806,0.011954180360410072
0.011145069120305311,0.024587302837429211
-0.022490314373704336,0.0073456977365943844
-0.046077887734145374,-0.022479429948484744
-0.071982710079014134,-0.057947231520253981
-0.08024649630473539,-0.10197879763547874
-0.084914171924107149,-0.15048761825900617
-0.089917096013752959,-0.20021397401484514
-0.081955283380150942,-0.24770163361812716
-0.08217162850532124,-0.27155258843288516
-0.090856928524508773,-0.29001155086750635
-0.092053879147546147,-0.27789678944393986
-0.1188529212277937,-0.25367278852811498
-0.1480849375163962,-0.22141924891708004
-0.16426815597758609,-0.16417116586753999
-0.19313367168578829,-0.11021109287365149
-0.22730695815578919,-0.050231060731845772
-0.24916903138529845,-0.0068692582871355224
-0.2702966964306478,0.036160081963070259
-0.28089732458883027,0.058433499326006506
-0.28671495500175181,0.057996799253384648
-0.27018012597328983,0.043004978222337953
-0.24724244593796446,0.018721083298789271
-0.21793609673317957,-0.023124331382579195
-0.18260312505524023,-0.070972221224324783
-0.15219945234963597,-0.11630882244795669
-0.11953738090481,-0.16289437778337187
-0.094102590880355608,-0.20368728368046982
-0.071640908656558228,-0.23050027038755708
-0.052602097891289293,-0.24086404515997739
-0.057109358516770688,-0.23809510224767583
-0.058879039088934937,-0.22558089150759347
-0.058981637985176916,-0.19983086663182054
-0.069015216658183332,-0.1788553411665337
-0.057525270565922049,-0.13615524060863357
-0.055931118559464671,-0.10321758042340073
-0.051777506356277286,-0.066031446752650463
-0.047931213531258121,-0.030146571976930776
-0.032278892311803753,-2.3842686061060006e-05
-0.024431509895335581,0.01005204814458808
-0.019609141269657428,0.037471059557925776
-0.033632068861786525,0.043433720374121139
-0.046970820277102955,0.039902850828379341
-0.085938494700475529,0.035638058268609905
-0.12815713814219801,0.012194716828151989
-0.17901692642627842,-0.016249766293639317
-0.23173331059662086,-0.046570213364350764
-0.27610020678781588,-0.080651641089277054
-0.31581448639057513,-0.13005494672722825
-0.33913173772337418,-0.17946150558863788
-0.32472941183247905,-0.21949457763189292
-0.29421423956347537,-0.26382949754798496
-0.24713487046516799,-0.29738911727110834
-0.16223072332874269,-0.31975749127583597
-0.073737666430827437,-0.33432181795054744
0.039421085535036149,-0.33657030184464426
0.1266080548407128,-0.33440254257572904
0.21261877145516767,-0.32681932102567468
0.27102223010624976,-0.29683644919614532
0.29844313395334787,-0.2591915193490279
0.2981630833406822,-0.22418040651005788
0.26194393543410477,-0.17569107542588613
0.20819341348390755,-0.11931447365507478
0.14345740534468332,-0.071915671696210534
0.069223575171119794,-0.016217734698959159
-0.018135291271110437,0.027836291133183061
-0.095951675932494221,0.064970685019934887
-0.13830754793332251,0.11152856599504157
-0.18875141697560727,0.14470170451251396
-0.21007591326468728,0.17517182466503797
-0.19926990991611737,0.20768454292055791
-0.18291564874458593,0.22531971092222053
-0.15533545736032689,0.24722752619462124
-0.11742927387190112,0.25097979859119091
-0.093966852341920787,0.26070442411078376
-0.082657668316228616,0.2760382856847895
-0.074909334830039906,0.26962294573710205
-0.069995715493393826,0.270098433177553
-0.078911658693992123,0.27337518967715696
-0.087118492726243668,0.26375324277149481
-0.090695911443432142,0.26384989736874542
-0.098746967114320863,0.27464618085263581
-0.091635123637436713,0.26125233420560068
-0.071107912017596711,0.25925026038639032
-0.036856051241957073,0.25409971111921353
0.0036414429216333642,0.25818256952076479
0.060734611144738278,0.24635639128877257
0.10038593603085111,0.23100433992216063
0.15015351477773298,0.21042051590209057
0.17769935184078756,0.18903691165035552
0.20366364528037151,0.16205006886582179
0.21536502266236859,0.12458522996625518
0.20214891309499333,0.081705780904802502
0.18136660726224629,0.032678975482526365
0.15529112603545828,-0.026799861676123311
0.12592139500978941,-0.077174913721642049
0.084370131133539111,-0.10735357174255192
0.064169554828929984,-0.15524641819263921
0.037848613772581141,-0.18274047376290162
0.033655374707548119,-0.19453682790872173
0.027570056896587598,-0.21460077831288907
0.044203112320103828,-0.20275672119418633
0.053104941296698238,-0.17814919260594075
0.08035747378726657,-0.1696588015042042
0.10384252048698561,-0.1418986080666256
0.12868035788363452,-0.10822154193254863
0.16304044839327062,-0.10344883079651623
0.18424098367576533,-0.098738684935614524
0.20384239649370534,-0.091037049122962344
0.21355071658096167,-0.10005639645692649
0.2353417934302949,-0.12582098126488159
0.23269249119347657,-0.14582075082523258
0.22717736844593303,-0.16681442720323394
0.20258457023108067,-0.18551666899717892
0.18042211988783993,-0.20284515026830782
0.13456750353276004,-0.20514495721290055
0.076674868998135984,-0.20178672422103267
0.021112396123095845,-0.18764771169850664
-0.041071917199822484,-0.16422305411911775
-0.1067479110059638,-0.13194302408124073
-0.1603818926759166,-0.1065233525220268
-0.1995389027662027,-0.073227303684704939
-0.21773690148563515,-0.044773666190038836
-0.21183064663896936,-0.023510151551488813
-0.19447047283370386,0.0018591736394387229
-0.15821514461924893,0.0090769740614349784
-0.10347449156149456,0.009772299378456438
-0.050277799939664712,0.0099400201909512712
-0.0024348415754430401,0.0012767771528081329
0.04934289689786775,-0.0095003301995977354
0.063734938793355581,-0.0025814681918260238
0.068085163790104708,0.013957504694611246
0.039591039863281309,0.02960266759777725
0.0050618407807455574,0.057459700832951682
-0.061092322594426637,0.077199718163756315
-0.12518038133931769,0.10171004276384038
-0.18005569671963928,0.13483521271005108
-0.228999905068801,0.15238672292286023
-0.26546604131563145,0.14971160066815084
-0.28134320796520079,0.14397204260860311
-0.2731096564899898,0.10949111957148232
-0.23976982447942652,0.083283069199842477
-0.19199668284669924,0.046003976280760236
-0.11707486789168664,0.0050732834271298597
-0.041202202127851466,-0.041196159172303251
0.039123355156757335,-0.060593447625109341
0.1203256979431114,-0.069779589054630331
0.19154550053528749,-0.067012565525835552
0.25818984420891883,-0.032213139002456537
0.30232739944572623,-0.014629429478087506
0.33279932740922796,0.060585441583015334
0.34454977161642597,0.10222830281857941
0.33698787212516951,0.14078970591870973
0.3097104750058185,0.18501429806552461
0.26242299191353358,0.2067160728016442
0.20879134447993752,0.21393318654048868
0.1254038372393472,0.19325912422812799
0.039111035557113205,0.15929615577495249
-0.051367022052497664,0.10580521055356366
-0.13682372733530637,0.052545018161553242
-0.21183423026435175,-0.0069226785479410292
-0.2598115092037569,-0.054549457638585395
-0.28585431138056633,-0.1083097509903726
-0.28881615277223271,-0.12958520918195732
-0.26576314590032685,-0.14369747337335381
-0.20774399283924025,-0.13033770796932492
-0.11449046642635778,-0.11657577779757598
-0.043468756945485042,-0.075708708847194633
0.050335403184533757,-0.03225672688368867
0.13020758723956599,0.011783606985902691
0.19767547608889,0.067703157284591406
0.23448603041851973,0.11520416672095611
0.23542856572829512,0.16570829221290043
0.20629827617439198,0.19797207086146346
0.15717742822958639,0.21863270228608392
0.084517840153219337,0.23746060391205839
0.010416043017958905,0.23717195752739961
-0.066665178385231616,0.23664404751638454
-0.11798940545695885,0.21231340852212055
-0.15660435496255923,0.18062896375817519
-0.17162246556435157,0.14998517618807355
-0.16011037460790373,0.10931031597473852
-0.13018433221209572,0.065280302886677494
-0.075894424823768014,0.0082366664989659416
-0.024142284486474291,-0.030016641013753537
0.022508316762212204,-0.072483173781194121
0.050968006686784507,-0.10214501136062921
0.075971285552619172,-0.12224894778621552
0.082866605661082546,-0.12727472384366648
0.066009482067252628,-0.12323262527644717
0.044049808891310986,-0.1013655414518365
0.0047003118414053122,-0.07878291821663036
-0.027188155289952883,-0.042307611901761952
-0.060564151866285998,-0.0053399439121659545
-0.05813688377170427,0.018868650680957597
-0.068655594671755346,0.060887068221229863
-0.047504458842277636,0.071813134113753771
-0.01857206557108074,0.081782773904979816
0.01899322176349252,0.086544573842981559
0.054734801904438364,0.08662272289497723
0.099432146581576786,0.076985199107873478
0.13488447529252379,0.080710600119177314
0.16546279755917445,0.080323824722712253
0.20072121284145675,0.085829377359421713
0.20757467733884799,0.11026670086155695
0.22229621864004789,0.14147750261257064
0.21030367108089371,0.1605602951245442
0.18868349031293871,0.19765473502221029
0.16576949346598868,0.24068075594234639
0.13117074741160162,0.27273366186646986
0.09764459568058749,0.28274508269480514
0.045439203591017781,0.29260852696281925
-0.003337421332571323,0.28342739666798272
-0.053527069774333087,0.27287615537927939
-0.10092305374415153,0.24704761910052608
-0.1310698183741564,0.2247035636773026
-0.16365688348238208,0.19730477971724034
-0.17319537410147348,0.16723042400322552
-0.15666235218318483,0.16550585072300036
-0.13640298517531282,0.16113572985106064
-0.084480182350621269,0.18077163227420162
-0.025659777401783542,0.19198307316970345
0.046537532445887736,0.22287509617689402
0.12237839806120773,0.25392955610006795
0.1889737939929797,0.29294592901826427
0.25025310815780544,0.29774859174107321
0.28220426574403762,0.3054319663725279
0.29311399882780159,0.28886375409485399
0.27997285736978594,0.26856178061978986
0.23543925455626774,0.22414613521510771
0.17376569443401713,0.16894097137847705
0.094582842511000548,0.10354958684922673
0.0077485558138657516,0.044324832334780302
-0.073711998934210557,-0.0088711872555232649
-0.14928070662896456,-0.055445400199759874
-0.21093311516662788,-0.076142020021503179
-0.26252780446047552,-0.076710152128349682
-0.28419007147271808,-0.05807971580847264
-0.29547323717639057,-0.027790712221102205
-0.29772185127946776,0.0030885638167124849
-0.2821368821627579,0.039164835945777167
-0.26348944071781083,0.06013617441835431
-0.2502283985968678,0.071944371319169781
-0.25061395841066259,0.067297936698664448
-0.23668396914311421,0.045307671565899946
-0.23596562639560295,0.011072321023972775
-0.25187204258688783,-0.031923243350495997
-0.25400374468043602,-0.091595977922661234
-0.2718321867091425,-0.14825025537132241
-0.27671650355470179,-0.17971844658759906
-0.28717732490965675,-0.21803434798109952
-0.27264025957599991,-0.22418324584334737
-0.2629996192337104,-0.20549227031215309
-0.23940260852434789,-0.17090916888042804
-0.21743749467826501,-0.13135957146358901
-0.18661367947771987,-0.078108699792509589
-0.14772337949021938,-0.033482330859592138
-0.11305771226885926,0.017859058452824043
-0.07065850554821769,0.048499590431355162
-0.03620810419413794,0.059672491102960884
-0.0077111344752280927,0.066572206431782133
0.032517779419797027,0.03601865671110404
0.065404587526209257,-0.010012588554627978
0.095065544883583625,-0.059759190184709286
0.10912549407091948,-0.12302897414254714
0.1239306105984706,-0.17326779314517998
0.12970121570472171,-0.23327835542952935
0.12024952958751736,-0.27956535981652264
0.10090643500407387,-0.32296803096643217
0.075727352270337639,-0.34227929216302633
0.026746189468759868,-0.35522305751067318
-0.008013028175544409,-0.35117516340250859
-0.053453968089807027,-0.34550556381067488
-0.086159346624088501,-0.31552089630723412
-0.11380547470121573,-0.28176745946378962
-0.1212187203060086,-0.24562665983413595
-0.13996401762027147,-0.21649980562139232
-0.13222229853694917,-0.18266348165228108
-0.1074279753315875,-0.14068083015221233
-0.090619710188566252,-0.097246642017500551
-0.064092854306318975,-0.058109057552193713
-0.041384566739345034,-0.013921938678366989
-0.029991130856325834,0.011081755227658741
-0.018592836148584289,0.030687270006018258
-0.024221057772774418,0.05736711113673218
-0.041049800128995735,0.060113530915631729
-0.065178159149161669,0.07886497173982765
-0.097796247986203663,0.068304646963849358
-0.13373021113236983,0.065904486409442783
-0.16850127101838366,0.05783382611045898
-0.19328205539261328,0.050737497798276868
-0.21283319805020717,0.039359129934742026
-0.21481463565398645,0.029857255675905404
-0.21994502876559455,0.021999548890959463
-0.20574539742429393,0.013054605237221545
-0.19415946600540615,0.013261396198047419
-0.18110254162135048,0.014793838059910545
-0.16491977347577313,0.011575524334719135
-0.15535197819600935,0.012987368558491695
-0.16406296713258045,0.028411803667607437
-0.17873058894781951,0.046115945895089397
-0.19957529058895712,0.061472729445195655
-0.21319784712830861,0.077620345962538986
-0.23072563484253183,0.089773790501224512
-0.24482100068221066,0.10480290258277239
-0.23848798478930253,0.11505918332294678
-0.22557392529132539,0.10982870558708048
-0.19438428154311915,0.11651127933342896
-0.16029050393364908,0.11713473315041778
-0.10108670237353957,0.10431354104875611
-0.045511886280458366,0.10350789820066829
0.022604900979733892,0.095667448983628278
0.08746109282834276,0.094387170705517831
0.15312361963132939,0.092611483090632621
0.2117576138591562,0.099931294979316895
0.26709748766310026,0.099439990133211767
0.30937022402753295,0.1125055998425301
0.34117381418373122,0.14181391928138065
0.36028602274927929,0.16429440623389216
0.35492954258367615,0.17630678545418874
0.34919315369887088,0.19908779700008281
0.32653829531081224,0.21012361908714755
0.29812755317474043,0.20672222160219764
0.26415724538021357,0.18548626556171449
0.21536379115544307,0.16711557875209232
0.17307829333997782,0.14190498316367336
0.14486603751019389,0.084401442083975514
0.1002665569458302,0.037237766420884916
0.064093349311168779,-0.028473020675546235
0.044169971960978195,-0.08756424552505164
0.031685574581978744,-0.14680458198750507
0.03610844513817444,-0.20294041498737353
0.051692663505256212,-0.23748202852314448
0.068516924656137179,-0.26696143864772054
0.10254956117439272,-0.29923389288136049
0.13606435140942202,-0.30551832791614608
0.17411876720320205,-0.3080377885566109
0.21545285504756484,-0.29902365281621568
0.24698093011830138,-0.28538124919641616
0.27408162397644592,-0.26493028156200454
0.2885610338474886,-0.22927835862565304
0.28890463121807797,-0.18958950624254828
0.28810645619747366,-0.15800660969035596
0.28095837132402846,-0.11679134272967277
0.25229743833210372,-0.081075324335357593
0.22821632599634689,-0.027060049234895637
0.20406036449598078,-0.0034610407831594933
0.17835577981328374,0.040780139545031249
0.15063867917829835,0.057286747134029668
0.1435486040392652,0.0850528351755961
0.1191336307173978,0.097646602739619254
0.11260993143305154,0.091829762474229581
0.10323610902860512,0.10000448376850329
0.087088187866322955,0.069509137385985659
0.071888029955069002,0.059040351795908164
0.045202399633144839,0.033716056658811049
0.035036468597567434,0.001780428360779642
-0.0032768617890353456,-0.02336611152612816
-0.029661087271766508,-0.055543270451847551
-0.066959653453324233,-0.078229145552469473
-0.092062427359325918,-0.11365430070850929
-0.11111842266462214,-0.13943587857073006
-0.12914422904764869,-0.15416942821506732
-0.12753615570104987,-0.18066923496137252
-0.11543392312101756,-0.20107260360445148
-0.096690302134972747,-0.21079019452478556
-0.085997704402653793,-0.21597416200398539
-0.063956576536546808,-0.21744530326588327
-0.043682312039851283,-0.21837543480561639
-0.033880854469309253,-0.18589073178126164
-0.024058742898825456,-0.16573452578751646
-0.033058647379985817,-0.12426117165995967
-0.037427510467508696,-0.07641591113779532
-0.046943832650273194,-0.032839757057748394
-0.059995359458432443,0.032494799871405661
-0.080551689835011139,0.096399896651137185
-0.10128352723610616,0.15756431543227956
-0.11930455007552053,0.19913763147624469
-0.11844661495154184,0.24342185699478769
-0.12556242800697934,0.27108550518180485
-0.10524905946317541,0.29339921450600931
-0.094459926403697839,0.30309044330950885
-0.060283895661378498,0.30622936553836705
-0.029938980171767954,0.29918773813766714
0.0033233764090223532,0.2849893378726156
0.051609849103952797,0.27243629819231041
0.075891024144313951,0.25422709175821939
0.11192761029996454,0.24471486287158056
0.15035140548905312,0.25306428056316327
0.16526586295345599,0.24938052548296372
0.18535237163064272,0.26211527961404996
0.1843395380353198,0.2583872922454713
0.17606052063387925,0.27334953352349961
0.16205925881504862,0.28395407299134057
0.13727215606353863,0.28336615024222039
0.11067647298723519,0.28101356934262356
0.074006889485408733,0.27199974600585897
0.033392477088002741,0.24740355784668233
-0.0106001166609275,0.23100271090728439
-0.054401389481734737,0.20377336729533357
-0.084401934273368673,0.19554899830575992
-0.12336653736956626,0.17973813513602055
-0.15773244797705166,0.17680053474073176
-0.17939662025368286,0.1815872919940483
-0.20244372220823401,0.18201353597124309
-0.21870789412593736,0.20510798458900903
-0.2267886189974018,0.2184152628665115
-0.23472021992424541,0.23005001465182362
-0.22393759554418374,0.23695507027143639
-0.22234187430894997,0.23507727794284941
-0.20439082171928941,0.22086030902453979
-0.20222945095508316,0.19975441577428682
-0.19087208935759523,0.15356918388578586
-0.17120441865014047,0.098150868026376764
-0.16277730256336323,0.055715828517499108
-0.14453448241895755,-0.023043922110223398
-0.13637588353309513,-0.079540227745609746
-0.14317457374637715,-0.14824374948407615
-0.1635637473303326,-0.20934104192394803
-0.17405861268338862,-0.26657247039430082
-0.18670269845698664,-0.30128181148828159
-0.21657483019899379,-0.33300582915286808
-0.24789304089969227,-0.35833570134613613
-0.25707554933443344,-0.37304771436880685
-0.26967305936591635,-0.36359666412660446
-0.26635642567810636,-0.33842016456988377
-0.24635365288658587,-0.31965802257874543
-0.21517403975672356,-0.27125130694820215
-0.15741342484458748,-0.21899738941302258
-0.085413573255122582,-0.16645001209970356
-0.020351481064587403,-0.10710984674925776
0.05061104612835831,-0.057300440374192532
0.1149818627762271,-0.00044452857556947448
0.1574902305911243,0.026985048588440752
0.1935884142734639,0.053390541536385804
0.20298264087130868,0.061772157902984029
0.18741160607610946,0.052307655813934442
0.16526462747230583,0.0069631234296540015
0.10869827808499753,-0.024443810922936793
0.047268322470181791,-0.064583340811761952
-0.02167341602156745,-0.10385437114804608
-0.085654253626108665,-0.12311486342796953
-0.15581322805994663,-0.1410481917611027
-0.195750206156032,-0.13166558673211834
-0.22841521296889572,-0.12139499047764324
-0.24300034299545503,-0.078803674129001078
-0.25212831780892397,-0.022400328949267204
-0.23148445273695975,0.046223899642073851
-0.20299439810577266,0.09906468113631467
-0.15816182912601348,0.15589147006066906
-0.098073656731179862,0.18901049427515063
-0.039834490043887567,0.21232649405214241
0.021646958677989849,0.20580360336745976
0.083018492960926629,0.18080452568919914
0.14502866360563565,0.13389603458252322
0.18763346917863788,0.069937104032851208
0.21867865941281317,-0.0027022262828509582
0.23674532333851397,-0.073155626963044298
0.22520834516309099,-0.14912456413873848
0.20279000484802012,-0.21416979644198456
0.15749242291492913,-0.26387676295034679
0.093888440657838343,-0.29696494103296461
0.019067294419525597,-0.31573656908307945
-0.045399770203224901,-0.32268760249278583
-0.12659199868492044,-0.31390741144575784
-0.18779991487845951,-0.28963499806285797
-0.23774998157158286,-0.27038898032660674
-0.27690890005242347,-0.23595272226354375
-0.29736109675629596,-0.21499424914172494
-0.28640403387624064,-0.18311469155570234
-0.24468355137000691,-0.14152529502619907
-0.21929327375210839,-0.11947210265772383
-0.16949556661185347,-0.089758741780727402
-0.11733283256470635,-0.05701217935344325
-0.061637182667829291,-0.014659689075945517
-0.026273545635610081,0.020092736964197579
0.0091426633099213651,0.054754936619592957
0.02614531504825178,0.085577527802166806
0.03063544250060047,0.11782725250587218
0.026536503488448278,0.14205024449292011
0.017217398560792168,0.15090416400665768
-0.0082856668022850358,0.16324600528300751
-0.017626563787608133,0.15616946172073443
-0.052679899562258894,0.13370817500573004
-0.068950909102449623,0.10985078505677887
-0.079952996082184383,0.069086135475873528
-0.087136234314111632,0.028187120730722871
-0.091036927799224593,-0.0080578713139518778
-0.079763207047477913,-0.055146677650381698
-0.074477958306392519,-0.070629876035425893
-0.059593166229724076,-0.076860122748357698
-0.031625619089223088,-0.072087415196221818
-0.014158973091517207,-0.045610555001834807
0.011360105861143726,0.0048454383072292356
0.050211034975707704,0.059868044167478783
0.072276657551121642,0.11858260190735162
0.10787464675117865,0.16795943496707622
0.11555595380666421,0.21371108957310581
0.12676112458324179,0.23518804565375429
0.12018545226922658,0.23213108268011479
0.097999819681474309,0.20538029576287681
0.065800619196090038,0.15816243579817815
0.037487144048222544,0.08642782681878021
-0.021487752907845124,0.024521318677988086
-0.070126005082931306,-0.055894811854911818
-0.12325805179605784,-0.11926928399545217
-0.16056512633628639,-0.15504035092082835
-0.19974816397194142,-0.17059920629813893
-0.22374380077582973,-0.15499569901106644
-0.23189848543269415,-0.10379675111456826
-0.2379167071455501,-0.025291801182892079
-0.23255543222127972,0.049832124072673144
-0.22429695586759552,0.13739843753425726
-0.20670894991492955,0.19996689751948318
-0.18945797324005406,0.24471729642389378
-0.17624028237535461,0.24989588925199069
-0.17411052611171224,0.22463806902549355
-0.15271558775125976,0.15945536901141993
-0.14637453433530875,0.081730154266653837
-0.1447767759398351,-0.0051736038427471539
-0.14114649267127466,-0.098532391577104653
-0.1382077506280274,-0.16968444122907411
-0.1256819191926225,-0.2226104846234504
-0.12795476087931307,-0.2536949507350118
-0.10726924019061847,-0.23580045996465462
-0.099462038749155074,-0.18602111873693214
-0.071006916043872464,-0.11897118104293518
-0.056455342817056393,-0.044583359648285768
-0.040821182785984109,0.038877444108129752
-0.0022970520577990502,0.10198931530268079
0.025632965683646751,0.14839690322469545
0.049798262336121481,0.16435259085697887
0.067999213810546091,0.15647331279353008
0.08231033558904538,0.11560487256826379
0.10613457084156255,0.02899149871722655
0.11363051132018334,-0.059390181701776873
0.11354162153225779,-0.14258608294586933
0.11436740753076656,-0.22843925994766978
0.10780759433054214,-0.28462636730259244
0.10160634296870227,-0.3199778794134906
0.094315251915335435,-0.31392763462144008
0.084098002965375743,-0.29195873423360197
0.060055265170188499,-0.23004011186007936
0.037123998706388724,-0.14959272089593154
0.012263691483989772,-0.06512615598274317
-0.022634041394762747,0.0097675797814025089
-0.056576733874607044,0.10176445573946748
-0.10217251114200249,0.15764293153610648
-0.13846086605044233,0.20450559275104541
-0.18825093268399129,0.22357178667636043
-0.21830750105555441,0.23109051623953072
-0.23267297181245633,0.23924989625056556
-0.25725986214109564,0.22659180711985979
-0.24853694131994075,0.21945174907334597
-0.23350316392923795,0.22205180434888264
-0.1966417867949698,0.22206836571582272
-0.14434114876961615,0.24194382432752309
-0.082072891914309304,0.25588917121285748
-0.017713746720478388,0.28476911802460592
0.060486638400546071,0.28639996019301339
0.1389935182079225,0.30313196241901269
0.19386035501184687,0.29365190829301602
0.24823981520640473,0.26588597731669
0.26907352675605911,0.22319196196365881
0.28521775823869144,0.15868781628454312
0.2776707920734714,0.082745026051886453
0.2534686876311516,-0.0042177501383776957
0.21025478312191861,-0.094339205231495415
0.15336491211634554,-0.17523574869044944
0.091045005402072748,-0.22831068667924351
0.017474443922161183,-0.27156199678561305
-0.047742539102423411,-0.29707205571409756
-0.11224292033207134,-0.29167789712602049
-0.16291059415910988,-0.25452319811792634
-0.20595184916898385,-0.19738196700359412
-0.24982147885561251,-0.14166737888642852
-0.26710871187459673,-0.065688107535291335
-0.27317163604939593,0.018017384811691479
-0.27093394143545035,0.087369391666557092
-0.25774432035524891,0.13977513527193239
-0.22982028811708571,0.18639787128258417
-0.20622884821733967,0.20708723201235377
-0.17252224011379499,0.21861836131488308
-0.12999525271755349,0.2165174430533249
-0.088931402505691856,0.19086961335998567
-0.047869359557935934,0.18091738425576995
-0.0063472238582145254,0.15734655998957339
0.028157040154853097,0.14633893679246823
0.054246095331271837,0.14443267811383168
0.078186456918996478,0.15248033018494889
0.091558788958790799,0.15719649603664057
0.10130260443409969,0.16441065538324079
0.10570189122268793,0.15647243785069534
0.10083838180117739,0.14602898824491425
0.076004473633966452,0.12111583091771189
0.046392871253380673,0.082403847303982952
0.011530948070458916,0.02545819663832119
-0.018318139888089172,-0.05885799711087239
-0.042284081245892023,-0.13594777696104526
-0.081171625721223675,-0.20879683914859856
-0.10509408130348111,-0.27174035926113455
-0.13044383707725865,-0.3110341762758721
-0.13615733742283587,-0.32636178766226454
-0.13306146025715548,-0.31127642160819591
-0.11888308625282956,-0.25931878325443408
-0.091340661893976202,-0.19000358080443969
-0.074809438001778111,-0.091328929301926917
-0.037144822970260991,0.014041524205315212
-0.022269404960257224,0.11375949954295467
0.0035590756009432501,0.22076830507356107
-0.0052021833701139291,0.27591838854263373
-0.0082070204541545219,0.30106053734730576
-0.046318942300382422,0.30686424153631392
-0.082657065489565251,0.2825468285516583
-0.13252976312142103,0.2404655159965656
-0.17476842445423593,0.17041437089331338
-0.2283534602043826,0.096568646905411865
-0.25860823907324088,0.024486908478777308
-0.28405533284596396,-0.02522145883617527
-0.28650768612052563,-0.079182761738047031
-0.26422390854083622,-0.10211933751207002
-0.22895929179843044,-0.094464950411127957
-0.18301554974728607,-0.079056733780750177
-0.12951826324235735,-0.044485323867957574
-0.063081665430692505,-0.01015194187577659
-0.015409107874723604,0.029005801777241592
0.019655900207380939,0.066944739411074441
0.052093501421711604,0.075730940353467904
0.068169581846141303,0.064180114738641811
0.057720413355333115,0.044738080254660417
0.026267792748224973,0.019961990412567091
-0.0089967967379025893,-0.033631779334693766
-0.040544291026358863,-0.086610992975938134
-0.098848060717695363,-0.13741447476438878
-0.14297263663120549,-0.18342050776896701
-0.19502960505777267,-0.21427151218257792
-0.231914301930503,-0.23915831276407057
-0.26761492024717903,-0.24899300668817245
-0.28996704522669142,-0.25450353092070593
-0.30250542962314009,-0.25928079007610305
-0.29052352658833747,-0.25489848528827003
-0.273636115966926,-0.25347271815604844
-0.24366150181126051,-0.24651504809743544
-0.1937227434790609,-0.25191757676418874
-0.13761540959552543,-0.24989284755976957
-0.063023577292020724,-0.25249470303845584
-0.00095348777316726951,-0.23741879082199013
0.058737109132064251,-0.21817700998002054
0.11605426213374463,-0.19748887259525832
0.16638606628947855,-0.18595472529188709
0.19918580593872123,-0.15666263012387074
0.20086763929101312,-0.11888482211773191
0.18152897508148669,-0.074232728115040433
0.14477527919721964,-0.023784922690980519
0.10483257058172973,0.024318620331368959
0.032122418466460564,0.076934970217624105
-0.03427821980067227,0.12313390481762101
-0.10111752326995405,0.17146097083605466
-0.16062386695675371,0.21519441304486769
-0.2038665371528755,0.26914558533995148
-0.22989160519757579,0.29616774266858914
-0.24023968507362473,0.32951980740660713
-0.23269959689747335,0.35175872945183073
-0.20761017952576846,0.36095476666657528
-0.16934398536335737,0.35294560759284704
-0.11841804045031588,0.33711665941815527
-0.069303698324784002,0.31205321238505662
-0.021217128892742267,0.26841549039871104
0.026527894054323133,0.22152956254459769
0.060412180930518485,0.15291005830578183
0.098977360573124062,0.091362535692751018
0.121753722548789,0.02071313377734783
0.13972826440071442,-0.045139539220839062
0.15753718471680545,-0.11210878486234498
0.17190123438102373,-0.15571482879867335
0.17852973839037248,-0.19458343330708397
0.18745002946752004,-0.2217602645019755
0.1893283183301214,-0.23385904938292737
0.18503266153517214,-0.24111742589189203
0.16863469081381996,-0.23448720102866677
0.16294838716894999,-0.2119779569005697
0.1473106542613983,-0.2042035513803985
0.13026586767845216,-0.18847415330151288
0.11324490663685888,-0.18753924081625969
0.093991419594015399,-0.18578066791481468
0.075642866630148853,-0.17836014694429894
0.062931893351412652,-0.18640441610835864
0.039947153822373828,-0.19006626604264801
0.019306426465268898,-0.21423455429959803
0.010410249370563354,-0.21838880497588181
-0.015873371051571276,-0.23548041383788659
-0.033164063200078399,-0.26069684628546069
-0.053683715678684948,-0.27117031625298382
-0.07928126574177019,-0.29280976569499451
-0.110301172068322,-0.31042228906938385
-0.12020482704250068,-0.32612788977965812
-0.13271505211826426,-0.32194440852472161
-0.1373812155147012,-0.32693760787663301
-0.13678778780843689,-0.31064432918133683
-0.12281123715554915,-0.27972527002733349
-0.097866000651448029,-0.25273707101479609
-0.066725701244920818,-0.21284477131831067
-0.036362755712890091,-0.15472844763054727
-0.0011448267764891714,-0.11261934757076898
0.049046974291193188,-0.057539580088588914
0.066424477999431283,-0.013082392941688685
0.098257707090207133,-0.0017120938308159217
0.11524633900275696,0.0014244222344931628
0.1219992616419443,-0.021875233179821516
0.12202376173947171,-0.061061270284058188
0.11976964357455742,-0.10979156293779038
0.1009607055265324,-0.15790299917656109
0.070089221479117433,-0.20596592887361229
0.04213214970464408,-0.2432401524675199
0.011303714916107342,-0.25696723676833133
-0.02513475070481164,-0.23693382425554749
-0.07060238388985525,-0.18923675947152724
-0.10891744025193864,-0.12555986358085122
-0.14596102988759135,-0.032841903443567362
-0.17423353243416653,0.05814931803403238
-0.17640807015810722,0.12994719513492878
-0.17478181996742853,0.19698342876205716
-0.15776431644934613,0.23429264784541004
-0.12677281484727929,0.23685551946377933
-0.078870826427578478,0.20201122304540994
-0.021083544747932829,0.13985740660398116
0.049389392665436134,0.062699817855977391
0.10716240830449247,-0.037990746911462515
0.16584109054835008,-0.13397821011071409
0.2211143476737274,-0.22143573447925463
0.26427511044803448,-0.27478427922471965
0.27680129796407482,-0.30617827623958221
0.28645708888257299,-0.30006622862744048
0.2622638474238978,-0.25581435101576233
0.23945460519473422,-0.18776869797251611
0.19253047811708504,-0.08412547166281345
0.14606075548327138,0.021739859569975293
0.10006164298518162,0.12897235653065742
0.054981479443797714,0.22003968726228662
0.026488137905116463,0.30161640136616619
0.0082004902169123747,0.35923960786138059
-0.0014475637543316239,0.38925884704014041
-0.0001224660486854566,0.40012538927956526
0.011306468543593937,0.38619099095460496
0.038382453645924956,0.36325149994508699
0.062352870336115154,0.32486241937551064
0.087714942827573777,0.27522246341057305
0.118352436927551,0.22914067055650264
0.14673328664518578,0.18492411323542302
0.15514689989339941,0.15989027550404913
0.16768379125769356,0.11890547038362216
0.17506828525513529,0.088082471763654413
0.16850141396138166,0.070085637348212937
0.1549160795709926,0.045872766462570574
0.13912532842226827,0.016200948883503347
0.11066430663291657,-0.025524959207617569
0.087753771455606838,-0.045727128901366008
0.053750471610932993,-0.076821452874225385
0.017752285741450616,-0.10974168779362642
-0.0014367817162784014,-0.14070034902308839
-0.025896462404777009,-0.16359232651437189
-0.05354335114125252,-0.18569282966030398
-0.053195612351872264,-0.19902495464882122
-0.051681052582734373,-0.19127942391184122
-0.033785886016081526,-0.20404059239783362
-0.0034867054788673252,-0.20064297627440769
0.033263718384915285,-0.20412575926061838
0.074469845626959033,-0.20551748739476561
0.12128712939299982,-0.2121756156201843
0.15385835276217091,-0.22624809732187853
0.1976286845249105,-0.24544483063835115
0.21148858103706741,-0.2496094868441259
0.21078044063473095,-0.27232164215619842
0.19189912347761093,-0.29500659337161761
0.16182211380418937,-0.31364602589078261
0.11516941507435521,-0.32759302903731469
0.069587908489786882,-0.33351014224737252
0.013133708506347607,-0.32507238698684238
-0.025999898373612367,-0.3018898268883527
-0.059216155798107649,-0.2744910893590522
-0.090120176394167778,-0.22078832738931753
-0.10570553638426579,-0.17203272887940316
-0.11614989664987953,-0.11861425019764003
-0.13230315774354115,-0.045399521001115523
-0.1323727290117136,0.025613013430578757
-0.13451812549068254,0.089394891924464648
-0.14433202228381062,0.14217317026047757
-0.15658071383073452,0.1981406153987389
-0.18973345141972012,0.22432777707591101
-0.20937869361781775,0.2493076907216803
-0.24218387238242897,0.2533836763785664
-0.26085019813075527,0.25008764433068853
-0.27353091019439268,0.23144433469196238
-0.2664518106641689,0.20397848834783425
-0.23901678075906732,0.16418565570287499
-0.20905534181099672,0.12038949046118907
-0.14886476247888705,0.067503077306489925
-0.086997759496542246,0.0082811502491433459
-0.014706344993127177,-0.042305200730747984
0.065699980265417929,-0.079253194938635141
0.14191901984402661,-0.13713018865712498
0.19675541229174179,-0.16615602435842003
0.24444005794823134,-0.18789616943544438
0.26789414656820842,-0.20401652240546073
0.28314467076660077,-0.19960742487496894
0.27979790243682989,-0.19526486276897834
0.25580313088298112,-0.16462753420574394
0.21631992297881295,-0.1491734411699592
0.16060301535188232,-0.10324789526010374
0.098953044018643521,-0.08707904407320935
0.034040954936771534,-0.072050530071623403
-0.033503091468602302,-0.078913339276451375
-0.10511693650389858,-0.10308254105232942
-0.15454103449227133,-0.13509974983967948
-0.19577519655644779,-0.17165094040955545
-0.23666138461733258,-0.2253081576055212
-0.25060867958586991,-0.27480402642927726
-0.25208859221341068,-0.29945636337849019
-0.23563863223449469,-0.31298625405773212
-0.19665991073397643,-0.31139681654738816
-0.14044028483334448,-0.27425165909502008
-0.080523983808721528,-0.21639407799258087
-0.013658308062056021,-0.1524765905294633
0.053160331257847526,-0.080794665422530221
0.11742591291288686,-0.011404545164567995
0.15063022436333806,0.04482773958078691
0.18245304086302852,0.072895345166227005
0.19414188549231184,0.084656471309284137
0.1872855103696878,0.068029382659994489
0.14962077007062818,0.016936818418968429
0.10068469000449334,-0.048495746301696202
0.031010570603541308,-0.11993355888992116
-0.042315839643267468,-0.19998934146505509
-0.12928521102104998,-0.25797319551532877
-0.20212844422849163,-0.29542046273009748
-0.26920244653811021,-0.30346666651184623
-0.33199903065884101,-0.28971979384778745
-0.36912199273257573,-0.2373299334796613
-0.39168110694940994,-0.16880983667379904
-0.39236270335681162,-0.083920264225751676
-0.36706136669458955,-0.007408725014951557
-0.35223808289378594,0.088734491116866071
-0.30298272802612708,0.16702433932645216
-0.25316984371997897,0.20659955869285662
-0.19617074898226194,0.24274814307078285
-0.13812837140008422,0.26774229801189708
-0.080451197780441047,0.24957007071369527
-0.037463949724707769,0.22518002121931682
0.014391718611798556,0.17983741668549849
0.051823761525325744,0.12944674644216958
0.076497862215144305,0.077100533264341145
0.10523207672356595,0.032412160232486206
0.11836620620212948,-0.032458963326064773
0.12214086204078686,-0.080786624614097108
0.12201830250715819,-0.12979733042558278
0.097480806767866218,-0.16258636496073189
0.075890917235528071,-0.19325580775026815
0.042247331559004876,-0.22340156833655181
0.014545504511687322,-0.24096407420998806
-0.030467449244555925,-0.25939992612662111
-0.076279530260392442,-0.2750801771836886
-0.10766453016687307,-0.26627508131731364
-0.14324600291567582,-0.26390507763372284
-0.16214261870034422,-0.26668142458092081
-0.19231005282281705,-0.25834714008459037
-0.20407730798209001,-0.26132459575125228
-0.20419128499728478,-0.2553192565417971
-0.19346253836963426,-0.25784109207596001
-0.1817508706208226,-0.2642377235816038
-0.15920834035489553,-0.2538513366159626
-0.14817417634404784,-0.2655001888975928
-0.12499316257146097,-0.27013042759848926
-0.10691620919495101,-0.27099355307793238
-0.096438202551279495,-0.25224654379956735
-0.10079987906671925,-0.24348160141725614
-0.10414034504725211,-0.20373079030730004
-0.12507038615376195,-0.15881043205076623
-0.13610749530970331,-0.095228885575066591
-0.15758936575888646,-0.021441126027107443
-0.17549129203715141,0.04533990829422084
-0.19009910957795492,0.1267376898912215
-0.18999050941793846,0.19138460259274159
-0.19881981350031019,0.24361671230540627
-0.19076492812145643,0.28219592694988516
-0.16677452569770551,0.30365803675456499
-0.13599736390765954,0.3076023930791752
-0.08647330142163942,0.28692455281568546
-0.038575722656777986,0.27588964871272531
0.0095321272857812646,0.22750471008288289
0.08011389133737648,0.18250584030980044
0.13283961375523318,0.14061550327645192
0.18858213813417637,0.097281016788353936
0.23813187506716471,0.058300473105135815
0.26457216843017606,0.01401872489529441
0.28517446435416882,-0.018999347320937447
0.30396028116821627,-0.05988148084601394
0.30085313018216908,-0.087586258918938203
0.28173713154923413,-0.12035007648100789
0.24509056922624364,-0.15025487004316027
0.1987879932177512,-0.1930627729579138
0.13476854860766282,-0.21964743082687943
0.073089258796578113,-0.23680093294751478
-0.00058496485844544493,-0.25736913954118934
-0.065282126801248022,-0.28038697567158916
-0.12921618613287084,-0.27413326650900011
-0.17239618727425265,-0.27913399730349731
-0.20295845008472299,-0.25518164651092468
-0.21036802925848525,-0.25490851225257827
-0.18728232025484823,-0.24133194635615351
-0.13305866137733949,-0.21171087604711089
-0.071311158565841984,-0.18390023452693052
0.0051241989973150213,-0.14960367793925905
0.075179461285709778,-0.11710557981496336
0.15544636181889179,-0.069966471114406625
0.23154720808322563,-0.038668965223260479
0.27707957254195109,0.01261137609775129
0.3347303714821675,0.061738319184223678
0.3461065789497339,0.12491273457694249
0.35333999412176476,0.17681136871927158
0.34990358314030223,0.22313870868257815
0.32319580515087187,0.2589187475746671
0.29547832593214268,0.26202552862031631
0.26090684542099335,0.26108809887163698
0.24525661018798123,0.22887688865235498
0.22010768428959399,0.16087341709410347
0.20278000150763603,0.097996524821283321
0.20256752785417384,0.0080236583932183411
0.19019689237340523,-0.073185054396572816
0.18703853090651107,-0.15499167849050552
0.17077023066272495,-0.2036209234679619
0.15102953257512824,-0.23403408789073718
0.13578969805227875,-0.22725907855935834
0.097073296545589632,-0.19067306112844734
0.053532802001299562,-0.12307759889729546
0.0059913277829751251,-0.038872007100093996
-0.042810922705725514,0.051013940298075003
-0.086953476963947257,0.14573870568615255
-0.1277355892029256,0.21878446377051011
-0.17159610860936192,0.2797074919030707
-0.19187867050148361,0.29693908459369778
-0.21399148918285005,0.3032511254993423
-0.23408049413934043,0.25543951430134848
-0.24579943530238563,0.18901649369935036
-0.250610628723203,0.10582152587268877
-0.25821373030197242,0.0049631701139044295
-0.263362420286958,-0.087548648998581016
-0.2636300731914773,-0.16755413689686308
-0.26686482772677589,-0.22530869683331622
-0.25736032044701496,-0.26640298876290092
-0.25321329069466175,-0.26811809641929768
-0.2601047254779647,-0.24940938667477702
-0.25269350540470531,-0.22176589389214754
-0.24812500633299397,-0.15969813709067202
-0.24862428077259313,-0.10910328795269203
-0.2524989196964979,-0.047902114153589005
-0.25640463341278696,-0.0025652406528010644
-0.2614322551195411,0.037173011442192976
-0.27056455419407416,0.071768011128150427
-0.27514370354027406,0.073510489699480153
-0.28285902767601512,0.081672781385139753
-0.27545759490143268,0.081529182244789153
-0.25633086369982433,0.067871889523549653
-0.22793121998195109,0.077408718623311029
-0.1928827205891967,0.074801319144803466
-0.14675138764004894,0.087603096295352206
-0.094744156670370602,0.092490898347369691
-0.045236166349490944,0.11474635660074263
0.016148500694849788,0.11722016377893292
0.073543502572221836,0.11916468022105081
0.12688023493621384,0.11459349408280459
0.1640942313045991,0.097800299693619711
0.18423504768622281,0.069036673972122611
0.20981429830321796,0.018249094518076922
0.21086390664992488,-0.030185068198685352
0.20913083013976602,-0.058198132358077866
0.1910035389823618,-0.11061141636634718
0.16165062533466865,-0.14367197372754431
0.12195660967037286,-0.15952271329089984
0.08124886903835174,-0.15041391173438434
0.038785593080117219,-0.13189726742986585
-0.0081868353353711249,-0.097738154358470969
-0.04399936606898016,-0.041506681555270819
-0.082691371096733843,0.014020070214815869
-0.10237418175306293,0.064105631228117507
-0.11951293213261807,0.1179384653995853
-0.12506226124163383,0.16451192038379103
-0.12742373552584066,0.19696601517480522
-0.11875892069730323,0.20421486308632048
-0.097828153432120646,0.18533484003815631
-0.0683266361126941,0.15553076191822562
-0.038363885823263,0.09892278103692688
0.001101369876006713,0.034085863668346178
0.038698576320015547,-0.046198281616343172
0.081018435390103533,-0.12310711197887496
0.10242780100421904,-0.20523863231462983
0.1234944418067994,-0.27286561807375898
0.12339415145527795,-0.3334063686696177
0.13017898859105614,-0.37881642881682998
0.1317263298383915,-0.39330598178159637
0.10842838572987783,-0.40627265551224684
0.088204152885239195,-0.39649460694305905
0.0721645565484378,-0.37117333266702929
0.036641780357474403,-0.32617450501771011
0.03325353900786944,-0.26756165915713082
0.0098156138303504906,-0.1873229200984656
0.0060141852525772647,-0.11106771684633614
-0.0067565864135774182,-0.034443400789808669
0.00051395683752551756,0.036754407732479566
-0.0018278907289760709,0.10709544011856599
-0.0077206873491130704,0.18231804322876441
-0.0053722442882878606,0.22183406401114925
-0.023636011681419749,0.25583580409411394
-0.034537564010893869,0.28533285506074807
-0.054020594777536117,0.29399018269252575
-0.078133430142560273,0.27315020174257199
-0.1064582034034568,0.24551693058882837
-0.11537563336970631,0.19865031753359177
-0.13294791955705149,0.14629971700340777
-0.14063220664735746,0.089240000997785035
-0.12796239328195175,0.027636013358861289
-0.11473193895190434,-0.031904731562978052
-0.092357373414929778,-0.080792410219426042
-0.051621252147237916,-0.1134494940870594
-0.020900100493720885,-0.14749173056560083
-0.005223847462930053,-0.16646319466927437
0.030190072905791312,-0.17942104417537524
0.041668852731769554,-0.18191209604618583
0.047509886261201784,-0.17570704336073023
0.04577845844540613,-0.16752886991872351
0.032332231131126196,-0.15340749583345542
0.0085494357389054518,-0.15355543470922964
-0.028845997226166372,-0.13784279601933941
-0.051286907612271289,-0.11944453503321328
-0.074763266824030145,-0.095918100558771882
-0.1030700548455727,-0.08987936929068005
-0.12102316041346896,-0.063447475387192767
-0.13529005321460466,-0.049444486287125021
-0.13463020449602014,-0.012957168312916462
-0.14286611914166578,0.013317580290351487
-0.13530681885694829,0.039309744318527406
-0.12389022234212146,0.039418072743155633
-0.12238923414585083,0.035451314215689242
-0.11992741987929209,0.022954299715232045
-0.10347141436454516,-0.0049058491067036593
-0.10705130478546793,-0.05299938328053494
-0.10527484800901504,-0.11880518677302174
-0.10780203738542125,-0.15682218700369266
-0.115511249376098,-0.22265448916543545
-0.1193442772683216,-0.26549786119733587
-0.10475005068306928,-0.29500004956495079
-0.10595389299165793,-0.30814567467831805
-0.10179248214078575,-0.30751681028231931
-0.1113117924209522,-0.26379880982274434
-0.098286942567846022,-0.21083330492580271
-0.090141513749158589,-0.13923057124112756
-0.078297606990007582,-0.087792959336079834
-0.065329157520862005,-0.0091904669730414959
-0.044837464731886482,0.042673547554542994
-0.0050659954708451018,0.072787859127946566
0.021417110076250103,0.086019014199997426
0.060215215614014536,0.059656163237308657
0.11537678277322401,0.017852574420935997
0.16097650602520377,-0.045027388069677474
0.20642424971145043,-0.12570782086695875
0.23925460235448925,-0.19270393313012371
0.27328271476204152,-0.24794781445089573
0.27779721582010009,-0.2977501994313842
0.27744125852397089,-0.30721304848068948
0.25933636350942713,-0.29865565629718926
0.22090871487651309,-0.2401595343790047
0.18483014617840837,-0.1636237749989812
0.1430347050797133,-0.080918411512360081
0.10110734206560325,0.01222922316263988
0.060490585342822867,0.10515917965150504
0.035134385248000492,0.18417123961575063
0.04190101366022872,0.24331907931274352
0.023621872360904954,0.26962062756586247
0.052307966003794226,0.26760700510601637
0.08608843351951681,0.24788482759050859
0.11732072498187308,0.22771781590149584
0.15776037437838841,0.19794237676636642
0.20274262125682452,0.16803421455286074
0.23993001695725918,0.14367721360648308
0.26638703885356224,0.14087690987901189
0.28272984946275054,0.15908733190874838
0.29727489919373035,0.19187891862406908
0.29603104708766104,0.22714343871690662
0.26850588054531382,0.26559556915370935
0.25748384891929954,0.30211006669538554
0.22206557702503274,0.32552397407966632
0.18440215229226117,0.3306882337450191
0.13156038252244348,0.30742595928825106
0.071333056872408818,0.25740172425801044
0.00038709366857003075,0.18549945023832065
-0.052650599474580451,0.10333602160243199
-0.10046386713488099,0.0046607031015679532
-0.13573994100378758,-0.086107416439568235
-0.15315489946553135,-0.16810663548928756
-0.16157571222010589,-0.24127067868274332
-0.13523974857334101,-0.28992564455381181
-0.10217899557793016,-0.31929807100888047
-0.040544786274958992,-0.32194804506148206
0.02109123268027888,-0.29593803638046551
0.085885923110921941,-0.25869941980628874
0.15321157914053188,-0.2243501943157982
0.18995582299298272,-0.17314508009499968
0.21703031507537007,-0.13109025098533814
0.21023932830962791,-0.087430072976454595
0.1967385973604468,-0.06147578099320012
0.14073673771585149,-0.031818930986953806
0.074642777665751475,-0.023058948217615647
-0.00033804518588070182,-0.0076412659218212751
-0.079961548893559942,0.0018086233229485994
-0.14792216563232871,0.0069134894111478728
-0.19648916650720802,0.018429189132255656
-0.21906720751379413,0.029998352712708353
-0.20918105746987517,0.040072014983188173
-0.17025086001644779,0.061193989694057836
-0.12517545448649531,0.089718377469925698
-0.033844318181771679,0.10653789887552677
0.043109672820622252,0.12671054424554448
0.12539713682985043,0.15170384352328595
0.21077957723306665,0.1806794007471467
0.28055940876438207,0.18597563610791129
0.34192037461392438,0.20628088937996941
0.38169787618659379,0.21137495143722618
0.39161919895771979,0.2228920757922509
0.38919550215133186,0.21012351562264261
0.36999266494940147,0.19366022910234035
0.33766470002355697,0.17513945316375415
0.28852747596714595,0.14707224867153001
0.25503081161141977,0.11742627563604251
0.20632802437597836,0.078569084062584629
0.14041069878605494,0.033474487327672192
0.094489113506418893,-0.0076928352232788445
0.038619986013474848,-0.054978460159740332
-0.012852348558534302,-0.074936647411915011
-0.058423560687678802,-0.10097220650278779
-0.093545850095316477,-0.11992600317437606
-0.11567287716747979,-0.11320187014445113
-0.12795564602409948,-0.10140399968341954
-0.13370617180108305,-0.063384549082494773
-0.13287429109408361,-0.022222854248693372
-0.12299275660252112,0.034202324788839479
-0.11125534939383371,0.093824401393006435
-0.10805982931220307,0.14248983670499588
-0.10073980503237354,0.19211227109481158
-0.10427448424275305,0.26375115945715072
-0.10971878269254701,0.3095444495685612
-0.12663716313036294,0.35042250650239942
-0.15748260083379753,0.38563501707580106
-0.18446975276784508,0.38902987676012196
-0.21512559623186536,0.39520651772042459
-0.25546600638021572,0.37504618098073095
-0.26643339634599483,0.33048571439923619
-0.28050411192153407,0.27892569974875042
-0.27852452507173692,0.19848629078901789
-0.27437778927096257,0.12751777508030254
-0.24441345468630862,0.048768659598430131
-0.20577482613489237,-0.035582363102483208
-0.18249437993142306,-0.10997679934236626
-0.13890355665429477,-0.16118978780296431
-0.11844864015264037,-0.19845698631419992
-0.10215791453139116,-0.21033081642234219
-0.084715193835922686,-0.19300746371157582
-0.085506808691679231,-0.15516635769093437
-0.075950111888520036,-0.10981750615148439
-0.094712603505243811,-0.050367078366805568
-0.11094690231500201,0.002064181885517451
-0.11627993331032603,0.069473926127584101
-0.12343845261467444,0.10416050569253815
-0.11954901165748971,0.13064650755088453
-0.11960047362185643,0.14155109061649257
-0.10005448515478595,0.12806707502383724
-0.099409884334430362,0.092705035833619262
-0.078619687362917759,0.03088889446900572
-0.060143193630488798,-0.024395776223379264
-0.049603866471926689,-0.075739463252651573
-0.037243268972873222,-0.15123125482440156
-0.037797795698725704,-0.21010262386288878
-0.032499199345891787,-0.24348099881234841
-0.0318924548849236,-0.27435818466193745
-0.019362875551348184,-0.29031236316827991
-0.025330918867212969,-0.28590608827411729
-0.017955465837271201,-0.2667513822155575
-0.026365483539454688,-0.24702056111734247
-0.022036655374824764,-0.21215271504998193
-0.033733922473956533,-0.17862193849027438
-0.028640480613429505,-0.13214387280689949
-0.04080838606119519,-0.091609410443485653
-0.032839669570588613,-0.051333567217273141
-0.038651703788854394,-0.006566184044807943
-0.035264873259305711,0.028722676615930257
-0.035239259045928083,0.065425800806917025
-0.010758217538457449,0.083889923242644854
0.029601304312065688,0.11644381880873059
0.046816321408277295,0.11660514627200089
0.094117611466836656,0.11573171169453782
0.13083897095172436,0.12917766473878872
0.17162147448799758,0.11529723437402911
0.20413499741165525,0.094662641637699121
0.2262285975952722,0.074051917531832864
0.23167883812182977,0.055209668837604933
0.21762110468159088,0.036187671505156817
0.18548237594627656,0.025822063169304434
0.13963773184483907,0.011145765501438636
0.083704094425104347,0.0049731592479634974
0.029906145840277031,-0.0021055728154778163
-0.017697368820658876,-0.0010752835647301099
-0.053814852333020954,-0.0020022164787654034
-0.07396830637238816,0.023892389755439426
-0.067941280910825921,0.034502348411382625
-0.042577492614330109,0.049569644544086244
0.011697652306911152,0.057683413604438197
0.064627031696219209,0.078197732559481023
0.12880360598462948,0.095586093079148754
0.18836107412272099,0.097592697512012438
0.23139404420530371,0.092031462220412488
0.26690147923330598,0.086132611816124485
0.2776950770859799,0.055528658076923643
0.28702045952640992,0.018008147037481496
0.24829591353695249,-0.019494081548274683
0.20316513672639333,-0.06867217692508723
0.14156723548944211,-0.10342953595081598
0.062421363810621334,-0.13806516187731321
-0.011843108589361308,-0.15841576177803443
-0.072097385224013863,-0.16505897256712765
-0.12968767704317133,-0.14271424626299334
-0.17486855195695206,-0.095273000146882308
-0.20255996679229932,-0.043615640700278006
-0.20413392297417171,0.032231639807857509
-0.19540621546340933,0.097668136096732555
-0.17756280992561294,0.17618774030740497
-0.12494096502970663,0.23248308045651425
-0.078803297990864815,0.2746833969079881
-0.016368984845291513,0.29230787538736158
0.024454267322527222,0.28083817169405806
0.087582966709853077,0.24763684916845782
0.13890118281544947,0.20955211714222577
0.18117513495037427,0.15665825143631157
0.2206146385037159,0.089962518312892412
0.24231684937716511,0.029421149528517567
0.25815666492583283,-0.02391723445651759
0.25154082778141595,-0.058116241702834588
0.24656005539109288,-0.065242570396140495
0.21518486587331392,-0.067882175029777336
0.18418527688877592,-0.052134217460844672
0.12439709201402331,-0.013871383460060425
0.075268367136706038,0.031553225072299698
0.020743180186470415,0.08066162725311031
-0.052233851418069646,0.13862668960278179
-0.11171856474448616,0.1977099214940658
-0.17011333102828316,0.2413431427182092
-0.20871355820256732,0.2904339344385321
-0.24176264205606002,0.32024294898695566
-0.2573355030809058,0.34246128444933766
-0.2591721879169368,0.34585065355058037
-0.25773607674645993,0.33977391131211815
-0.23275330466205746,0.30673041760898595
-0.18881996318329675,0.26489032875035495
-0.13362706377897501,0.21238756221558891
-0.096142897781455183,0.13183277051815265
-0.044229240745317942,0.058113685074651297
0.0083670004610082189,-0.021970639662970259
0.043675017783136191,-0.09395384840336149
0.080094445492026212,-0.16707219872149462
0.098344297940458889,-0.22363549121281712
0.11397923583504672,-0.27405090143234939
0.10850058155093141,-0.29927251537208155
0.093713050994771618,-0.3096957610255367
0.057576583516591652,-0.28624416868795022
0.027885474574367443,-0.26489859817947914
-0.022298129854723174,-0.22381234793037183
-0.072952247312530194,-0.18820164146641027
-0.13084035133493244,-0.13373180332021323
-0.18239721900691902,-0.097069966972381447
-0.23457200860386393,-0.062723311063975426
-0.26964669709539746,-0.043698268673279438
-0.30559851017870709,-0.022975076611332038
-0.32591722099780829,-0.031731621229305534
-0.3383741974483665,-0.027650497042070881
-0.32183565099124689,-0.035795635806164579
-0.30857244952834029,-0.049692227774677446
-0.27406855409428982,-0.048030744435025946
-0.22858262543596505,-0.056518434875246423
-0.17911253772123076,-0.065005689618393911
-0.11825307208237448,-0.073341801113972926
-0.073008880867216519,-0.082553155771042275
-0.017621231757540819,-0.078623771394278993
0.016416642203527308,-0.078825862879011416
0.035388487834652357,-0.089066748547998731
0.058671164643455093,-0.10048715938170194
0.039753122259027912,-0.1120279050752947
0.023378271137074212,-0.1290889481244967
-0.0090564970175116711,-0.13960057684173077
-0.060611429976074348,-0.15185604004850231
-0.11139182348164799,-0.15715847103722155
-0.14398578202987936,-0.15717166033158128
-0.18801550429583819,-0.13973136131118749
-0.2062096975352023,-0.121133410597831
-0.21701442049984479,-0.088111316095081521
-0.20582854702896342,-0.057325683042207941
-0.18055875877208097,-0.029788801089325894
-0.15234540549464126,0.0043287865772113129
-0.11443315346106465,0.048002886822472127
-0.075403468605991841,0.076666816662767506
-0.039071729142014233,0.10036064652325724
-0.019323589328210714,0.1141069584788313
-0.011352594353760579,0.13162090974186946
0.00036261091692824056,0.13087080676719634
-0.0092488580662310246,0.12900547255474812
-0.014342689478013058,0.12489098645879156
-0.026939014524703209,0.11313923940655224
-0.02577684057875182,0.094375236963383957
-0.035667283443966101,0.05640496856900816
-0.04634462408894318,0.038470702444237823
-0.041301688366997574,0.013266971920065184
-0.040669432064031098,-0.015868206222517025
-0.030177648737420418,-0.047836132560140861
-0.012848059209713511,-0.077940986265337409
-0.0083425965685074537,-0.087753344419607554
0.011327091868233115,-0.09905653833675887
0.02465170866012039,-0.11035472983194144
0.027651666132136678,-0.12727508965311868
0.028620794260529339,-0.11956352232086082
0.0494389641284642,-0.1193853713025813
0.061716716446923496,-0.11320097135438575
0.067517572739446099,-0.1107495150147414
0.058617224269588257,-0.094171424864269007
0.045404907088552895,-0.089354160624096526
0.021109510340033579,-0.096270157433969758
-0.013196566331847466,-0.10241835831616339
-0.066195800623134557,-0.11756309933877725
-0.10832624385371598,-0.14667903970972671
-0.15529749247489522,-0.17645327617207054
-0.2025056787762074,-0.19522523296716712
-0.24615155992190144,-0.22493004512068238
-0.26091620681219824,-0.24064305174783565
-0.25440860377069735,-0.25788470895232402
-0.22380197956563563,-0.26719304410053663
-0.16057880184960432,-0.27257835154566962
-0.098266158039346824,-0.25706470188905117
-0.0021723099767457926,-0.24195358296446451
0.094380521657508779,-0.21504393119602633
0.17381011355800846,-0.18887930276862525
0.24620939348123128,-0.15501354059636954
0.29198179926080176,-0.13111342075415505
0.30617696538997102,-0.11214967113877218
0.29729298351776834,-0.08047522481167578
0.24975239087712053,-0.067141536539710667
0.17853444781160804,-0.055904710776658005
0.089307125636128915,-0.032358808237662205
0.0062972779694232661,-0.013230184058715313
-0.060757826392174703,0.006171464084593163
-0.13245510943603336,0.021081602017624858
-0.16026155337458817,0.029780385663397659
-0.1650038873168416,0.063976828349457865
-0.14928136632179267,0.082068196283969816
-0.096262937346860714,0.1081695957206943
-0.027741115788525068,0.13414782990593307
0.035397224488300558,0.16630067680708618
0.099119088155971646,0.19969986442568241
0.14889965599655861,0.22915089543116335
0.16184455947467438,0.26109394136482744
0.15995467412800898,0.28071195360043721
0.13504007195892545,0.31705770168310948
0.082037954423342177,0.33303318630584078
0.021123743215379003,0.34191693921531546
-0.044039215015541845,0.34303969194323342
-0.1040240399420073,0.33360027619572691
-0.1404107247432014,0.31221180007720506
-0.15923627316226208,0.2773941298950845
-0.16018899165459483,0.23428366370657283
-0.13718100180579626,0.16946735729481766
-0.090017559230287369,0.10323139666459707
-0.036941613784276822,0.044227239372594179
0.010868455023765468,-0.006171763267991316
0.048355619335180448,-0.054450415218425266
0.083536155902876677,-0.09976565308685971
0.084498956895345409,-0.12744878523551117
0.059405313125981435,-0.1375928965967326
0.025299132772870731,-0.12379032652796662
-0.029917579327618217,-0.095744898955737567
-0.087014661354656936,-0.056830611442823441
-0.14892622239468076,-0.015393402718748278
-0.18922184826863753,0.035761022292543604
-0.22734189898292409,0.09402687830623567
-0.22956697035824086,0.12338531393515308
-0.19788808204961925,0.16323234776908827
-0.17068476441650682,0.18891928244142003
-0.11465661072082471,0.19658258591955122
-0.057884021987902955,0.19726635055794176
0.010678780020092413,0.21610346881002501
0.070206471920161662,0.20526532761677732
0.12002616956033567,0.19177525457472241
0.14551497575366701,0.17953867010217492
0.14537126850647045,0.16281104874794219
0.13542958767370797,0.13849431846022067
0.10326463392921291,0.1209725608267317
0.060594249500338135,0.099219131196010696
0.0082300586975660624,0.071919865374584585
-0.048464838262245923,0.048509832148170812
-0.099128423226446175,0.0074635766030528156
-0.13335483089699363,-0.024716022076518428
-0.15918755076761137,-0.071852316309463399
-0.17939493417989485,-0.11305933363492754
-0.18681663976299781,-0.14543084155515945
-0.18862026541233623,-0.18550402835318699
-0.17552232017769831,-0.21382952203168404
-0.15489482651805919,-0.24885878523278018
-0.12798256792431198,-0.2562575994734837
-0.10681100781874309,-0.26311305034297461
-0.079896726555927916,-0.26255030708683491
-0.056416475237325472,-0.2677887244126807
-0.036341560744272507,-0.24426068050755229
-0.011364101408876436,-0.23848397071285263
0.0066934192636271131,-0.20580196065175022
0.024126733071844535,-0.18248758619571487
0.037412856131921766,-0.13735363043319296
0.042815510028208541,-0.12081010193658696
0.037349489427612972,-0.086127772602827959
0.02875132834435104,-0.045009952970800099
0.028094149699937572,-0.023797527821051222
-0.00037060868276037745,0.0036189819803505172
-0.016892208666845474,0.033077131844207727
-0.036179116969096189,0.052805549792529868
-0.045476467885450206,0.051793183668600029
-0.051352149087840693,0.034081347350238954
-0.050830933921687964,0.027254796830690452
-0.04987503439424848,0.012214603182800869
-0.035877188115618602,-0.01489101067757133
-0.028606406565753043,-0.035771568472963908
-0.01063681477615136,-0.073874019943583072
-0.0013366834748273467,-0.084043082895309776
-0.006650560130101733,-0.1107953820722979
-0.012432710849130311,-0.1253652851108506
-0.036564910839815341,-0.12573282630796834
-0.06105140838812511,-0.1174040886289066
-0.092606793546072944,-0.099880878359783931
-0.13093192520911603,-0.080415408809819566
-0.14878935784748923,-0.042822929816439093
-0.16036052087811331,-0.016079143452947409
-0.15858607493630064,0.021712167602271303
-0.13913960691069346,0.056575118046360728
-0.10008921127769359,0.090991882231921117
-0.045614467392304375,0.099418873807486222
0.020243435746099898,0.10807698699517984
0.079957082619368319,0.12828677104024083
0.15391197050823646,0.12305556645352202
0.21562626634302712,0.13216764253536778
0.25806318423971097,0.13678758571839444
0.28528377328179616,0.15763192607815146
0.29478287675994369,0.17620093225783212
0.28127260696035844,0.20229487575523458
0.25486855504491351,0.22956435146539184
0.21331714501401833,0.25913518080271986
0.16016348862068588,0.2730559880170878
0.10110041432731089,0.28905364610949508
0.054915987602527139,0.25997399295554757
0.014342725458992185,0.22574256321920017
-0.010414994339002634,0.17192739678518076
-0.022441816394307687,0.10401863819871986
-0.026406454322632687,0.031184921135929747
-0.023355308779605729,-0.044169675062850661
-0.011076042451588001,-0.10414992504310136
0.012789728309032161,-0.13574631707505669
0.03463316920594732,-0.16198965624938516
0.045849955956035873,-0.15528380488298707
0.079039221678774113,-0.11579665859255657
0.086752179902314944,-0.054034267281431056
0.1023085826601713,0.02719444425007126
0.12261906596511447,0.11229839665947727
0.13404891788398929,0.1954236570252065
0.15646342003778541,0.26251378428227168
0.16615535633045111,0.29806374269173735
0.17698324907900687,0.29429461119162642
0.19135690818478951,0.27197191679925775
0.20689482475989998,0.22068858173084771
0.20950372406906967,0.14780258722670295
0.22154294269311084,0.061174923703417164
0.20895907063241659,-0.025085006456135858
0.21319451329692593,-0.11031296960916014
0.20176662709045676,-0.17588142844960342
0.18536288536738976,-0.21413017030897877
0.17187298460825806,-0.23190394574474374
0.15111701479508213,-0.21588424074761148
0.12697675382498347,-0.1842163725192458
0.099480980506167299,-0.13044626860260092
0.071198510598025913,-0.062904045126753252
0.038413042730607291,-0.0026224160070382144
0.0071026270871860434,0.068635645137030243
-0.029003026158799704,0.12550199253053915
-0.074580107928817835,0.16926729798258805
-0.10159786726123257,0.19775439039116535
-0.14171489912651145,0.22170044818629023
-0.16250539639847725,0.21213735355259603
-0.18503331822403102,0.1882072909823192
-0.1935340671621,0.14757524963382432
-0.19952871721185075,0.099586101560820386
-0.19269853451317193,0.042589999121555706
-0.17379801152585456,-0.021808443405006137
-0.15518766823596397,-0.099787898896994492
-0.10697155244598933,-0.16490229491791192
-0.069554325098440492,-0.23059076093693259
-0.026155845777767476,-0.27793115377094485
0.020256381119739004,-0.30958682174688257
0.071008533467093404,-0.31582891050019912
0.1124113506016307,-0.28043229938534653
0.1593596366977709,-0.22882036179522594
0.18850793937133981,-0.16331844762903044
0.20648698567092824,-0.071356699772237811
0.2223898910569603,0.028950202628967962
0.21965452512831407,0.11694325041628811
0.21929321468439752,0.198335643810815
0.20658374916699315,0.26188452081818336
0.17955656657830915,0.29437735154493866
0.15783798030260743,0.30352346839560179
0.12118447484249154,0.26249149863947063
0.096988675824255036,0.20652692373304549
0.058605265509077582,0.13062541816859002
0.035132498376704249,0.040563555400504145
0.012627419944729306,-0.06109010153548329
-0.01830814695294989,-0.1506589818358505
-0.027471521123852712,-0.22138242147292653
-0.039718348599159736,-0.27429643880693028
-0.044183131245218769,-0.30575249532228532
-0.039407680883348888,-0.3156713405089252
-0.025688727628712583,-0.29534459386808642
-0.0081004594789426398,-0.26856302827282225
0.020034874787568435,-0.23748996683097101
0.057053819267060144,-0.18903299249226124
0.094927464802077671,-0.15592235470847068
0.14365470367592917,-0.12229851206514067
0.19504346082182608,-0.092885610579641453
0.23867963778296042,-0.076686246497820826
0.27405622790252909,-0.063546593088037784
0.30638897624841432,-0.046628537135982716
0.31127340716536367,-0.027517999184040291
0.30461020754280088,-0.0089154021043880757
0.27279319945126035,0.020775489364357719
0.2347651381064351,0.044746057556011257
0.17311480073893878,0.063240470673701477
0.109358695765908,0.083703384246569618
0.040460791935109694,0.10059741193381269
-0.036003694824184938,0.11898678792186565
-0.10025208344507658,0.11178116582346849
-0.15954208975778675,0.084640094525320397
-0.20354638415198403,0.054252464603629619
-0.23254160578598898,0.0018331623690520816
-0.24333110299607025,-0.037242577564005404
-0.24316900332727093,-0.092957691208423232
-0.21303859808047187,-0.15197608948853486
-0.1910391332889545,-0.19964163437372615
-0.16231741107879044,-0.23129500078790363
-0.12640616471837909,-0.26152239979970188
-0.099780714499538126,-0.27846607108104426
-0.076925340087041938,-0.26074521896081948
-0.058558972677187911,-0.24477301034262716
-0.059935266684417426,-0.20885664482280628
-0.053566813554831241,-0.17957043885185586
-0.054073562457593982,-0.1297636323374024
-0.054362129622979274,-0.078283156177589519
-0.065890933967604981,-0.015935537317935893
-0.051308239148878595,0.038737001987135838
-0.046461788186296482,0.0823457561484255
-0.047991078615291255,0.13530100381839258
-0.026148280489021247,0.18332462697002158
-0.022431285352222202,0.22699130718538052
-0.011381492040051257,0.25429921271626099
-0.017758830825059142,0.26600717310240257
-0.013707414871297952,0.27813320385019857
-0.027725606923757889,0.27184723421677098
-0.042344562131348247,0.25650966693115751
-0.063349748204217349,0.23159112287911982
-0.093401675647205792,0.20272753574813093
-0.12083365918524615,0.16411236746650004
-0.15258073472125061,0.1436812421978339
-0.1691675461121665,0.12406749486329874
-0.18736552281988283,0.10971211754741471
-0.19903859336106866,0.1023854873771049
-0.21059051056009859,0.11145902947474659
-0.19273193236522754,0.10601860056002106
-0.17889688856103786,0.12152786530527851
-0.15878096238290795,0.14445710708075055
-0.12340662557627056,0.1593454888284549
-0.098569672520526341,0.15051201034202139
-0.066348725065434697,0.15202498112487139
-0.023848305646299181,0.1360927103102714
0.011070205815140236,0.091470533643766144
0.044911434072166648,0.048554419392320886
0.080185255319077359,-0.00554533460408386
0.11692227074178003,-0.064184641915977586
0.1416609739094406,-0.11498304065033615
0.17214171770555642,-0.15686823388979768
0.20823665727785284,-0.19028431479531638
0.24512114192164081,-0.21470653831345968
0.27981866487633766,-0.20956059001794494
0.32145182732089045,-0.17600450250600994
0.34404458554831951,-0.14519652248897785
0.35666557550702982,-0.088083075761062946
0.37435803797351186,-0.030927460474568375
0.36179537378965954,0.03765291900220448
0.33626401562316188,0.08690324113475735
0.28883155536869171,0.13316399632425743
0.22326762927627192,0.1702282434913826
0.14709060147965608,0.18926097845495266
0.069992282769076888,0.18774196552982844
-0.0096533790851344708,0.17496128133982689
-0.091112401238358828,0.1709162645965159
-0.15032006298995479,0.14742557390857833
-0.18201052090511266,0.12007480659279041
-0.21773413104644132,0.10380511739667814
-0.2035448860702033,0.075150849810134021
-0.19193236800422062,0.056443359861490003
-0.14826244906934805,0.026774346257740229
-0.092157475790364887,0.016277858970383384
-0.047371779129657218,-0.012952387165019105
0.0056107166858169431,-0.022152981585391803
0.037151963379839607,-0.028257951114744197
0.057520389088831558,-0.035169589194722815
0.056265035245275083,-0.039164822440704558
0.040282679280575245,-0.0324074963952787
0.012367019812560448,-0.033710140430551323
-0.026523833597780325,-0.015555776782709533
-0.077109777442269281,-0.00018302486084758891
-0.11958447067122507,0.010782469095091039
-0.16755992681745477,0.030153386658104471
-0.20526202550170727,0.041110071822705603
-0.22728015882772909,0.052425010006252791
-0.249551265380384,0.069393542526229882
-0.25825388365905133,0.082260663912776588
-0.24738549352958433,0.076192726212523904
-0.23088213857554632,0.088000353100788284
-0.2096971529738636,0.090641506572563618
-0.19784856142386359,0.096716594120281607
-0.18102603345426682,0.10181025066715201
-0.16318298156649175,0.1107212363618638
-0.15008007910198157,0.1303214129985204
-0.14843573137213639,0.1408846212319653
-0.14536593554183841,0.15994982441026029
-0.16039498049048595,0.17544618299903306
-0.16770422796608417,0.1827809107279193
-0.17587603935101587,0.19464951072921161
-0.20036851095162361,0.19045783074967662
-0.20709749385230503,0.19469095959720784
-0.23457510408274318,0.1865726577522899
-0.22868807115675446,0.18785553203274805
-0.23860183654722456,0.17506903092200968
-0.2328844956216008,0.16415366564246256
-0.22764461406985365,0.16958699510989822
-0.21011700691997912,0.1653369825897926
-0.1874359538684032,0.17786912812514108
-0.14880500299266944,0.18959792667253655
-0.098330117554482913,0.20852051247514417
-0.048319884159932394,0.22647668236334312
0.013028069213747783,0.2500627731640141
0.080994648109069686,0.26825977525957195
0.1335246050615054,0.28298944999845838
0.19960737934946415,0.28026886787412719
0.25658727326397451,0.28180186062317863
0.31103752668393969,0.26001471174283963
0.34305783694980829,0.23643898492511831
0.37453048493919178,0.20636720954515969
0.38243307726207093,0.16066063827675636
0.38576121597327317,0.12562623728539532
0.35352539338073347,0.082564739962509501
0.31972017911681605,0.047979443133760159
0.27209402314591025,0.017311805281241745
0.20680181149584623,0.0028218571274162335
0.14442501594737051,0.0039335783481220642
0.067122625669494521,0.002928846322818957
0.021735691018463808,0.017630462223850701
-0.033785318664401237,0.023834026356750391
-0.075956822818455921,0.036510934117211402
-0.10249521104841383,0.052401030112595504
-0.11653228839502851,0.058083207154814145
-0.10814789761617383,0.066326553153506607
-0.076183517373646314,0.060647901445088741
-0.034845564714139937,0.060265074792969407
0.0084901209632794392,0.048821798803060035
0.074256638252895787,0.050635470182284592
0.14626517901188812,0.054675935937196357
0.19773205644415456,0.070360802265630587
0.26794601495093617,0.095189088220386769
0.31574076165255832,0.1213991947677887
0.35926479342310225,0.1618348601474521
0.38541254276726727,0.20071568175219767
0.38723559641863342,0.23294288888089487
0.38224382075237934,0.26513094029610118
0.3478884628706595,0.29303892650788155
0.31235404312558551,0.29675954575519115
0.25795179295364445,0.28623498148571219
0.20391127742591619,0.25733647651992775
0.13722293868987023,0.21783603734558851
0.080902701645514316,0.15051247354763736
0.030600709820609334,0.082506678631185534
-0.036721655177524189,0.020473710805653432
-0.064049657536566454,-0.047370316629332256
-0.098288143539241812,-0.097793084176374889
-0.1138545378782248,-0.14124849066384773
-0.11236563944554569,-0.16193228621673339
-0.098751535444448355,-0.16797242552894021
-0.065427872961824812,-0.15962079045890229
-0.02472188928047464,-0.15257227673552226
0.01642624910430205,-0.12484346834717329
0.076237822827363022,-0.1043251137237
0.12862022005658635,-0.090126898978675082
0.19088167171782935,-0.080421194695093706
0.23667416185545642,-0.080187282171684193
0.28028340629214993,-0.090104005049461339
0.31298779154486628,-0.11181933551028241
0.33340130421935632,-0.13361112227133337
0.33857828527475342,-0.15261440464745044
0.31970392171471301,-0.17476076195000373
0.30162708936115551,-0.17071848654995192
0.26782897469496392,-0.14816805670954114
0.21974960564669313,-0.12196372178431734
0.17450944440660113,-0.07623855532791278
0.11231461301673618,-0.010461237469171495
0.063056989299336202,0.039980841174704185
0.0021568803123270461,0.1071413465162456
-0.042556930713149213,0.14632855231386982
-0.08630004487401341,0.16116087643976076
-0.11409255248960465,0.16064892241926862
-0.13601929829270606,0.12819975557075436
-0.15233013335389442,0.080969889643183815
-0.16345626039241617,0.025996901045155667
-0.15288388805939437,-0.054469374310468069
-0.14366047192843689,-0.11388065559159967
-0.11920907446226267,-0.15954529859974834
-0.11205053156825026,-0.16863999014783443
-0.095055510633357002,-0.15849836551080976
-0.077308447724536919,-0.11467187599827514
-0.089849323381889168,-0.061375504292757434
-0.09753888726827524,0.022064638513951032
-0.11173796863308574,0.12008610404784285
-0.12463880884359946,0.20343030466485376
-0.13537437582915962,0.26146352679233448
-0.13239177369088218,0.31165732230574039
-0.13813936642426752,0.31238679438304506
-0.12093252629184859,0.28912869588958662
-0.10265110782932586,0.2294946007059582
-0.080279075729104477,0.13737615092805494
-0.047561118254237617,0.02606258397740437
-0.022427199477869482,-0.079051080014894581
-0.010734818873273339,-0.17893894950232009
0.0025273820768188472,-0.25790922093036001
-0.0041097663993273168,-0.31622470078629561
-0.019628126442927305,-0.33663696209741628
-0.051729902213907081,-0.32942134141898261
-0.083834096380421719,-0.2960882544641682
-0.13295717594485934,-0.22782182811659402
-0.16038787257089451,-0.16224765883387762
-0.17708883234389727,-0.083331590589656543
-0.18705773463464193,-0.027544947292665656
-0.14639809735472903,0.012282731332670572
-0.10389656442311675,0.029625288293426828
-0.045910718391506601,0.030956477728916226
0.031608499591942799,0.0075817707248019717
0.11843180627602155,-0.017172259226872804
0.19488564389060617,-0.058435856350788379
0.25809180460466891,-0.093322691673449018
0.29783202917108059,-0.13249875013373585
0.31290257121334086,-0.15283657215504617
0.29338222811532005,-0.1647061232501501
0.24871159233567305,-0.16392897331487641
0.17755526834114044,-0.1538232335328886
0.11236959042454309,-0.14008079216653502
0.032635282071627442,-0.13421331469938208
-0.030177254937728378,-0.1335064348080994
-0.066195987740870488,-0.13616278540088034
-0.089979255647391274,-0.16010810688644478
-0.081577120663543945,-0.18408327768800792
-0.047260089198563116,-0.21786844687883605
0.017598994785188553,-0.25203532129649209
0.089070002387743624,-0.28223064768513229
0.14788751526236593,-0.32062052534989827
0.19559843312231923,-0.33158092201114314
0.22839419709919612,-0.3132787689701807
0.23554735642229169,-0.2849318812771392
0.19965952869140197,-0.23827726305899313
0.14748855629999277,-0.18636844870564584
0.083328300604805783,-0.095814452850554302
-0.01182122825619002,0.001990863880736337
-0.10252384872757807,0.076621766156155527
-0.18245032817655255,0.15857391097140419
-0.25297967126241,0.23851706736352205
-0.2951087626377723,0.28772602756012999
-0.32421909158258011,0.31155812927295939
-0.31386993110843625,0.33569966301019699
-0.28667453769227685,0.33353797503818139
-0.24267456446455685,0.31585301945486211
-0.18352422499301208,0.28732899694856512
-0.12243990204676491,0.25567247054292797
-0.075960977602699584,0.20667305973168723
-0.015305262041039221,0.16367302956969329
0.030382033705174883,0.12358671064685114
0.068495760076369219,0.095880722147378916
0.082343547526143868,0.057046151216421773
0.087447603602367904,0.043976243436857479
0.079596713569607319,0.011344159225046587
0.066427832903874287,-0.022856158910821361
0.034230877224864946,-0.047950848438635688
0.011463684202281591,-0.089583097594682873
-0.018779287364350569,-0.13543668149700261
-0.033689555543350791,-0.17771253539532889
-0.074107640199211636,-0.21734644753513208
-0.11370306187950845,-0.26353910110975703
-0.14177906353773639,-0.28427136980064038
-0.17295532170193226,-0.30074223586074689
-0.21476550886230708,-0.30066337734563414
-0.25026404883727216,-0.29113714747213915
-0.2809370189052624,-0.25395101468941322
-0.29902810495099769,-0.20841108452319787
-0.3150509400858621,-0.14573395871978403
-0.33271016417933674,-0.083290654021815486
-0.31478901672026904,-0.013883567811062954
-0.29896657740479404,0.048723495865465857
-0.26093486264838256,0.098369072176086272
-0.21057236422216863,0.13680915099057561
-0.13055150929058967,0.15339251853075694
-0.070745583536170539,0.16853166495683969
0.0069592821881587687,0.15895582034218411
0.074367947892734251,0.13427208439913332
0.12858248171367978,0.1120430553688762
0.18618952752115067,0.086440064921881971
0.20535141556915257,0.0482129728345317
0.20418873038248692,0.0186723850438924
0.19901930871628121,-0.0038388555355344349
0.15157408034816916,-0.032712192530911011
0.094102181900793419,-0.052354304356391351
0.031548537713659071,-0.074986434779292843
-0.042213056676185114,-0.087709380824830471
-0.11238667848403359,-0.1049698078285225
-0.1687443134417998,-0.13342794158549195
-0.22716246009875379,-0.15334156161112206
-0.24016967962963287,-0.19610089217051893
-0.25722244774946063,-0.24505225939467676
-0.24354180621978078,-0.26993508853227488
-0.20492114530793457,-0.29894057840836202
-0.17633931486549581,-0.33799000989750189
-0.13770674545823544,-0.33115380978413095
-0.10123968018954214,-0.32745637616876744
-0.077376883630722357,-0.29454179002812142
-0.052197112583612579,-0.23800728764361226
-0.060722958517254601,-0.17110257734270415
-0.058475418681868285,-0.084071624247666704
-0.060586787900706776,0.0015771139787275224
-0.072668802316763176,0.1019403502837488
-0.065071168292766546,0.18508418201787247
-0.034889344151904172,0.24931623567671726
0.0043917670754294843,0.29943969717672031
0.048631290991503692,0.32383475870849648
0.11091287280287339,0.32477125290875891
0.18325473344798415,0.29245464724328396
0.24481784759488046,0.26612829416415251
0.28749665878950709,0.23823109886389104
0.31750163589342917,0.1981045765504296
0.32471486009831446,0.1681449947004206
0.28979330808802467,0.14943511770312359
0.23908864676374075,0.14406437556263629
0.17578676035322699,0.15301834236959336
0.08318970082686164,0.15898014393520316
-0.0086961818183129216,0.17603009530558245
-0.094960066936603443,0.20599163417942179
-0.18155666849480337,0.20762318867766941
-0.2413208699187154,0.19083977647349515
-0.28436294101792425,0.15297640253810549
-0.29968850122552654,0.10573729480642154
-0.28920955453180008,0.03134234393708106
-0.24662116776483339,-0.057506394617337912
-0.19361712861138294,-0.13434362423914603
-0.11214224378133653,-0.21580666898954567
-0.040134186387846715,-0.27185104811161731
0.045620786328975857,-0.30182776258636462
0.1209361159728654,-0.30314525213135352
0.19381980538205745,-0.28465223044990573
0.25359029244864423,-0.22342914043059822
0.2997952089894127,-0.13620411888278194
0.32759463936215111,-0.053812485134311874
0.33723098294890252,0.036456521259382063
0.33061236880281247,0.12277854125693918
0.30698849294163222,0.18292279534195499
0.2655676109989985,0.23446616053545608
0.20845736001617524,0.24474314485607565
0.14410116477398024,0.2327243054936175
0.089796852744058769,0.20146796065582284
0.014856004017487105,0.15756457778446697
-0.03671170248069297,0.081468639761818201
-0.080338051137528926,0.020753245526555438
-0.10779363196765024,-0.020801605291704904
-0.12684534092989205,-0.068902759308134304
-0.11835123886903336,-0.10096295299427761
-0.083168118984913705,-0.11341142034963833
-0.038975255784811882,-0.11846459360567459
0.026962448025556342,-0.10959928820257836
0.089830111022979053,-0.090616859271730507
0.16995250553728827,-0.071899838793547929
0.23016746462701826,-0.075090434984314156
0.28299440503358059,-0.079744446056724858
0.32414958910860164,-0.089228154545861166
0.33717329903206888,-0.12915053180464625
0.33422190978802557,-0.16827956506163647
0.32258389032478402,-0.19949922393933331
0.28340779452891007,-0.24882491024041969
0.24142354341483943,-0.25997550889331955
0.20234039681953014,-0.28942382041446363
0.15049742313449407,-0.28191257839462297
0.11127441309583952,-0.27671570897243558
0.088443516624073126,-0.25593284917719195
0.062146787598341059,-0.22460856483590447
0.039070038608188772,-0.19653685208331478
0.023687422519547786,-0.1697151115069552
-0.007141336760441667,-0.14473946330589058
-0.040833867236713291,-0.1230067926974926
-0.086174234498032756,-0.10419844222836312
-0.12653886640211556,-0.1016468154647045
-0.16776161276559198,-0.095519805658413531
-0.20828305437774777,-0.090538376768680248
-0.25419277524223827,-0.10101957974229099
-0.28045907263434039,-0.10550920189201496
-0.27333319106894766,-0.11333097736160958
-0.25961910667141425,-0.11271869352451644
-0.2094836725973199,-0.11721908890232054
-0.15650644135628619,-0.10034213739340764
-0.077566837312527781,-0.093669317323475804
-0.0004915534474640524,-0.083878533704570823
0.088775924127956041,-0.056593974478303076
0.16084266195326219,-0.023212792492696678
0.22521633664682181,0.0095370416030072479
0.26513865780995494,0.044112644937026858
0.28276239558690852,0.1060060161587548
0.27636048575678651,0.15648717419956235
0.25226202798634623,0.20347446983670364
0.21469595881083259,0.2479765495708898
0.14540261622550563,0.29191287412913208
0.082928106089738926,0.31603438197167077
0.029327128336353186,0.34176017734743869
-0.01600045896974004,0.32581759221035894
-0.042065480731400012,0.2846972080127258
-0.059942949507484425,0.24154213873232261
-0.069672593066355981,0.16713545427178528
-0.056039592335576177,0.072218952067166609
-0.026066724824005068,-0.018988133345112679
0.02950006389409409,-0.11742077860912234
0.07415527544630493,-0.20551985026381928
0.13744543184370001,-0.26991427119239536
0.19101574053791173,-0.3025783987931186
0.2442085763190236,-0.32015174376834304
0.2941373194110809,-0.2952780697083876
0.32333454934940853,-0.26662188808958792
0.34262708662736774,-0.21240157822619857
0.34909651071562331,-0.16182431795870086
0.34698633279129965,-0.11681751079336464
0.30461489917171902,-0.083555834757865211
0.26368397835569396,-0.061235358447578984
0.21432334110345208,-0.073810368325225542
0.13687620387946944,-0.095558397094272413
0.059379944789136177,-0.13157400382314052
-0.014964016320243216,-0.18039968207833332
-0.085495229954908353,-0.22376542100454686
-0.1395542756455499,-0.25155053513096604
-0.18157287713700049,-0.25390567312687873
-0.19601918944753438,-0.23012522905852059
-0.20157179746133838,-0.18752247477624798
-0.17815973716354291,-0.12847254637660591
-0.13709826064836805,-0.033582075842220081
-0.073970585375845485,0.065664205673522449
-0.013965161743513218,0.15968763513488612
0.045154384871946056,0.23184244679893704
0.097901020965415364,0.28789554967143849
0.13215190630777798,0.30505106536043985
0.15787807890129024,0.29506738192109749
0.15527300988450896,0.25274937113343882
0.14471530142255515,0.18766437101800423
0.11418092438485565,0.10568272281277553
0.064313079156944827,0.010170910892965783
0.021070574402227097,-0.078804710077403001
-0.018370997346370752,-0.15777868058797107
-0.059216844792757337,-0.21638329262315389
-0.08040266300668901,-0.26229812564874549
-0.10190811349109935,-0.284678174778
-0.10779108797027727,-0.30233494494570068
-0.10075162689886299,-0.28816078624743219
-0.090097030127503849,-0.2674771109753265
-0.072304551169456804,-0.2307092378606975
-0.046439664421134071,-0.21101118963701032
-0.023178593123112958,-0.17271499778707319
-0.0017390865178120909,-0.14912030623079756
0.027716478588359489,-0.11564580713304727
0.054710030707881198,-0.093638224171009088
0.087386623251535941,-0.077227895478722386
0.11041181954511613,-0.052580958257562635
0.1344596343323973,-0.042325673798980688
0.15970053626609002,-0.047556089912959787
0.18355886438734609,-0.030441869347547348
0.2061873767102452,-0.029090518652543647
0.21718421386219511,-0.036170817480626866
0.22009529788471893,-0.036613297950626414
0.22977642990824462,-0.032438265895712533
0.23598784438295273,-0.036489178107183939
0.21794356627939449,-0.02937999796552096
0.20629787849517353,0.0023009631136264698
0.18422390777153017,0.01864906716434735
0.16296331988858392,0.065111508308611871
0.1487796028743941,0.10999283367825546
0.1301414241977174,0.1609860960344856
0.10261721606579961,0.20915578523704567
0.097502505779409054,0.25109328950154991
0.075576382809063286,0.28013392527099534
0.062575690939966538,0.29931222004384955
0.052836526632442593,0.28503077761022205
0.042662375823584182,0.24728007710680178
0.010093626953829805,0.20565261294211756
-0.0048407254292945935,0.13984588835725698
-0.015624267856104004,0.058305102864344753
-0.031114686598132761,-0.017044081378973439
-0.044123619235142117,-0.0979368926114184
-0.055128693973317468,-0.15962710707248318
-0.056813953565249223,-0.21226108613142031
-0.049032532430444323,-0.24532343513155322
-0.048457242668495916,-0.25035761946755819
-0.043286493671306575,-0.24408604200361875
-0.030744161633886914,-0.22128326799086587
-0.03268860500740893,-0.18852672963017925
-0.038022251975118423,-0.15294590094165247
-0.056515121953465454,-0.12649587830078432
-0.093127213279242407,-0.10271481365692495
-0.1244281705896461,-0.081418676937957485
-0.16293562690457813,-0.048428953387429835
-0.21066469011798175,-0.04427959677081688
-0.23715480622524313,-0.051408706281452124
-0.25719058899690322,-0.052381537801445423
-0.26102330004886004,-0.055941283512912526
-0.24774583801272479,-0.061666510696580218
-0.20720883778263202,-0.05231836829199267
-0.14960134575780576,-0.044992116931250707
-0.085103983897768909,-0.03564811989765404
0.0031326696840704321,-0.029052312873886731
0.082590392698334625,-0.003696235466341432
0.16431311911580967,0.012900241110202203
0.22166601476290887,0.025415967816998113
0.27171059707555623,0.036050939234946601
0.28052068794347135,0.047406299958525661
0.26770714161922471,0.048153286515616421
0.22531526609307198,0.058148353029694511
0.16492991412875851,0.057576053592808346
0.08515603291012723,0.072289469680440713
-0.008955856395374431,0.068188724556812783
-0.10031528117280103,0.082261820662120705
-0.19808857419120607,0.09189219577561511
-0.27614429779433958,0.11718260779031486
-0.34059131211418375,0.12580188179998761
-0.39263651150016365,0.14226746850568067
-0.41855784644964933,0.15269188448015747
-0.43065772978541461,0.16290524790308983
-0.41544253471426362,0.17316975368576198
-0.38775892167120912,0.18512255712822251
-0.32626245449982638,0.18697737951289389
-0.26561309466609839,0.18941870320205317
-0.1875342642884415,0.18093537324699824
-0.096658692472488081,0.17144162625568563
-0.015773058000129903,0.15786093972772006
0.068534835577561515,0.12427092099695505
0.14126452595605435,0.093287937690278155
0.21021690501132728,0.05714439289960687
0.25310200473117911,0.0072801022411056494
0.27790371923333823,-0.04024869459774133
0.27783355024186207,-0.085542645173067366
0.26274252417269506,-0.12852322858173418
0.23553425555111943,-0.18158041304702169
0.19032694545869258,-0.21762996037980276
0.13942713432008966,-0.23987285377266887
0.085847687989006966,-0.25543532362599092
0.040845876187608356,-0.26470745693624481
0.016454793465665328,-0.25511402689972795
-0.001450816461310518,-0.24663776531161183
-0.0055551663754257498,-0.21240868934750931
0.028055061712325018,-0.17535449521272778
0.051920612000285436,-0.12668263886247086
0.081438841267739218,-0.077780098142900961
0.11148659338928849,-0.02393026525899862
0.12975252603331786,0.033129898842681714
0.13283443066982298,0.098466946059556262
0.12575780810687351,0.16169349890012583
0.10540680393031572,0.20109748494689347
0.068996054187471567,0.24608770511277459
0.018710920348773426,0.2748667054395284
-0.019245884177346868,0.28874993342518718
-0.067401554882268983,0.27952782797519604
-0.10007732559217677,0.25382964372659439
-0.12689140587401757,0.21085030338269375
-0.14464404243873827,0.14385275057321614
-0.15402870475850444,0.065294867322769942
-0.15216700198978,-0.0081649547786865617
-0.14280329055013363,-0.10871949152714143
-0.13549637219947192,-0.18815420252584866
-0.1213681350486237,-0.24659189832561476
-0.11336964746889949,-0.28412829861455147
-0.11118771041577116,-0.30262093016637598
-0.10562385388752328,-0.27822430449269353
-0.11463099587192775,-0.23767703801211565
-0.12908965476442949,-0.17560908863773311
-0.15086397595247744,-0.10038317736430312
-0.17735590354385819,-0.019339011731869419
-0.1977385985046074,0.051768429029738029
-0.22067576712456852,0.10469254804943312
-0.26068584458360539,0.15493534148240121
-0.28951435402812153,0.15958787540752639
-0.30925978327833459,0.14393740663426172
-0.3332559948395688,0.11697690498983815
-0.35502797169854894,0.076562837493148697
-0.36314311328929882,0.029478824353744559
-0.35313767643337118,-0.012491199937225493
-0.32662237023630386,-0.05033055101143051
-0.27849184002950927,-0.075581155844603717
-0.2159616939837572,-0.069256953708668717
-0.13991605056861653,-0.052175800030866859
-0.061267396932846108,-0.012065695354697514
0.025308762222307643,0.032707358636522813
0.10589962860084214,0.083658361105386464
0.1861596945150128,0.12675942065441662
0.25258683472288612,0.17843594721118888
0.28532410744633918,0.20831680904562944
0.31721629104832449,0.24037741600989848
0.30224765119980418,0.24157407945129786
0.28169084116819476,0.23895000330703847
0.23916329340296497,0.2324402878139443
0.19924435038210767,0.21532217850504259
0.14480988465060046,0.20250537371610983
0.11477660179285482,0.18862462064723115
0.081707229046123139,0.18043248827138028
0.065245914603803301,0.16560757017362404
0.057793954589152124,0.16458218290508972
0.063896449157703927,0.15862173342825303
0.077502566937997036,0.15977616825538796
0.085811974758304904,0.17377071228325086
0.095429083178796267,0.17519052186784917
0.10132408710223875,0.18094898459865377
0.073959344157923962,0.18318153925210207
0.048126903344515332,0.19099176558616987
-0.0013298109729310828,0.20265957712981703
-0.063425742386642503,0.21795800143351018
-0.10885714304371354,0.23309289098215108
-0.15455866140800795,0.23081448985875352
-0.20223428903280416,0.23046065654254777
-0.2191606319420252,0.22512996025822332
-0.2191929382930988,0.19860486031014121
-0.21790987596693076,0.16689693273183862
-0.16594390587341973,0.13065679926987425
-0.11650694451607388,0.096838092677499904
-0.056321397776312204,0.053329453257176522
-0.0035013606272511406,0.022893897367958039
0.047204914808472297,-0.0063789357940165561
0.065860947680934132,-0.02936730425016032
0.077254704241806416,-0.044647299890803099
0.060103057302227751,-0.053578313653470766
0.026053533149693775,-0.040608430250318253
-0.037965314063519627,-0.041560022584835515
-0.093646913176688745,-0.011666909200127898
-0.15189360549233705,-0.0014872108864557052
-0.21711151046321411,0.014781364559904069
-0.27337701095115458,0.039094460424798069
-0.29899419524176257,0.035944932868603084
-0.30970278269077522,0.046418043192992607
-0.30023164972434951,0.034627504648007436
-0.26972021237614424,0.013792818928761847
-0.23055809229285404,0.0033789954994451281
-0.18568632250143327,-0.017466201113053123
-0.14448153938118272,-0.049895293088201488
-0.10817619349061283,-0.08042709923276771
-0.085681896661599685,-0.10921485697388847
-0.069866950885009604,-0.13162842102669192
-0.061655333333595463,-0.1635532005098107
-0.067344288711009198,-0.17793372595269016
-0.080720017322164814,-0.18911430171018764
-0.087226780334269768,-0.18640583104625835
-0.092300640767066428,-0.18988242255749294
-0.07929499371375788,-0.16489378471624291
-0.072859191314085248,-0.12436089779330033
-0.03031381966797015,-0.085413567171922153
0.0055155577072699838,-0.027248143411894465
0.065562224560136356,0.034580809991449836
0.11925667246768401,0.10331165915213404
0.15967607047680932,0.16687993583668204
0.19069892516633594,0.22351150690144606
0.21292726425471384,0.26640916958147426
0.21394963143700557,0.28948729921119021
0.19880868693724862,0.3058093045079826
0.15095100083837387,0.28856119938225921
0.10858489648894802,0.26582278242637769
0.052740678848544789,0.23962625437595911
-0.0081059956231376278,0.20420947558077232
-0.05551992064709145,0.16531040559928337
-0.09588660419334244,0.14502363443676625
-0.12077301402583678,0.15270485742618048
-0.14540148859814553,0.15940470696948802
-0.143020224715175,0.18228478629316375
-0.14216876654312749,0.22962358272657613
-0.12564278756316588,0.27447245662825887
-0.10532941805843507,0.30816329148500993
-0.082486382644935297,0.33460300288695444
-0.065994303501367438,0.33866216823414225
-0.029653104694048069,0.31738453262793676
-0.020726334734200238,0.27422281530057274
-0.00029838928177252418,0.20363231721526373
0.012951124391826094,0.11268306066402695
0.018076305347312315,0.013815448035386394
0.015379184906016452,-0.070057609521403219
0.0089985040384758692,-0.13005798769231672
6.3916286759542126e-05,-0.16060069678542346
-0.020478307704200109,-0.16804408384020242
-0.050307682946891898,-0.13908734613350993
-0.077731396920002818,-0.069456223857577146
-0.095173111173493738,0.013961346072518229
-0.1158451482729755,0.10572016138210186
-0.11944438684891318,0.19575388627960577
-0.1090630035987426,0.26730772020044963
-0.089639469307235056,0.30639188867676376
-0.058808405585160387,0.31585563153817997
-0.0083294805315278931,0.28498963614027489
0.049852886214440832,0.22388266332973933
0.11898091751992217,0.13922059642270204
0.17976031591502414,0.033205856358318901
0.2312764715438228,-0.083390215964611353
0.27239493383470109,-0.18141508741845272
0.30180600095015642,-0.25049819890892788
0.29176035845385739,-0.30938426048228407
0.26055073819305286,-0.31741712808377448
0.19725965252744176,-0.31288708364579843
0.12022269355131714,-0.26693927925224348
0.02952157449718882,-0.20292494842731149
-0.071506122238869818,-0.11721616488023001
-0.16169600526852979,-0.026043640759635361
-0.24780329610373855,0.063377756598536034
-0.29275093802737412,0.14220155075940882
-0.32922667457391919,0.2075579524406119
-0.31742243462709324,0.26036849006535157
-0.29691529910340059,0.28179039944958745
-0.26247187426577973,0.29135528843628472
-0.19998816972276343,0.28824021068440298
-0.131738940510327,0.28024610035900088
-0.075705552945889251,0.26147058483474522
-0.010592318855666728,0.24430392568278525
0.043289364616514323,0.21278953244165147
0.089810332257652947,0.18376828076309742
0.12742257312097705,0.1570460344813672
0.1572525378892157,0.12691546483121374
0.17464813497808679,0.084325879270918058
0.20753616523989249,0.049625187461370478
0.21937810078612693,0.011151646105683368
0.23624053377506776,-0.022305266330365
0.26044006511554113,-0.062224199995553987
0.28956829211442686,-0.094074636363112973
0.3076329506355705,-0.13018231057951574
0.32480601906717893,-0.13644980360967376
0.31913058321407273,-0.14158372577814979
0.32773313736698717,-0.1450152073535142
0.30869928378272532,-0.13453405736401172
0.28349394222815516,-0.12148449787115312
0.2439277681763779,-0.091713409195896795
0.1865827975274168,-0.063968385905773736
0.12768039310620999,-0.040403116395780057
0.073729696787754026,-0.014406338016708488
0.017826919289660136,0.0095074411398330134
-0.037955971656334686,0.018250928446784907
-0.089923640662322002,0.037752459451445917
-0.12018562677921464,0.046441411400893397
-0.1612220301420465,0.035161498477001341
-0.16664809409770456,0.023785749370742959
-0.18803602992414889,0.012496882633185826
-0.18584596407569332,-0.010898746123353259
-0.19455957577254307,-0.033894793232096168
-0.18811267302277326,-0.064538652060197779
-0.18101341970074117,-0.088345032670597817
-0.17370448574287642,-0.11989678340979855
-0.17224399608386984,-0.14059882907981774
-0.17937207645862574,-0.15383149905419033
-0.16199214406294768,-0.16591088109639823
-0.16443071726743885,-0.16410644081339587
-0.16173999622244806,-0.16066971490371029
-0.15104219416781842,-0.15002482766677841
-0.14156653844701902,-0.13444301146870358
-0.12277452096121441,-0.10304372629192328
-0.09620090095196196,-0.077241900307476824
-0.062542122992425411,-0.038546100238702703
-0.038992006743197125,-0.012407926604267691
-0.0085496061921040076,0.028293673240184666
0.027977752037255627,0.062337747379253822
0.061583413521262634,0.089664624108988511
0.095907001255140345,0.12476048369686944
0.12268283048328178,0.1737570471612884
0.14765243953530463,0.20813075642658929
0.15426368480270591,0.24515572756233148
0.16417217027541334,0.28275583862511211
0.17110526433738818,0.31322206143823789
0.17714654833103002,0.33197223206651671
0.17479871466719002,0.32611416547194905
0.1814827155583551,0.3208466374121553
0.18713607261084447,0.28976941311324428
0.17419374671918525,0.23899496031290135
0.17150126119891504,0.17891024078391593
0.17592213116716374,0.11566859405861073
0.16708098910231045,0.04524322420898385
0.17121621806408105,-0.022295365690835397
0.15569267846258858,-0.082107019643897897
0.1419152560330286,-0.11954436322628194
0.12158239792740527,-0.14298335619022809
0.098517582918221366,-0.14902982212753671
0.079689825673500692,-0.13155530017799155
0.059421368962614164,-0.10577811815278573
0.03809860698572811,-0.069332767643555671
0.023553677758564276,-0.039289556284108011
0.019042357911864257,-0.017644107990911269
0.021465726867236967,0.0062798321563858131
0.022828923359046613,-0.0045876584478573177
0.047438803739815939,-0.020468130668308663
0.064209726089743596,-0.068294152883280709
0.090867878777377814,-0.11393133494630471
0.12581039479045272,-0.17246559088359684
0.15128500675705392,-0.22931978553191709
0.16461259094797492,-0.2683203092035355
0.17626896113648904,-0.29577055595527824
0.19514513472182241,-0.30026716349253857
0.1902775230397134,-0.27379219542666439
0.17466638954281052,-0.244855583288838
0.16599049722488832,-0.17264961664874057
0.14489186389614361,-0.10591199215217371
0.12477531336922948,-0.030936705763059229
0.087266570688542336,0.045340435206870762
0.068989076722237128,0.10514139552074067
0.038507580456001889,0.14885293257729351
0.017433190867275093,0.16615376726901751
-0.0035113667470632495,0.18067698814420713
-0.016822371207180359,0.16044751469069027
-0.033842256297878091,0.12741720594785264
-0.034338107436348062,0.094333760195801267
-0.025563802676416003,0.051515692180621603
-0.0014552936146747064,0.033545636197921148
0.025614529277660059,0.0098499139730114597
0.073438418079259563,0.00025671839537055126
0.10692073591542113,0.0048708129490533164
0.15471645200873285,0.015990601067441598
0.19063920255238115,0.026662552599002635
0.22994422821868354,0.04438884971245384
0.25983180872042128,0.053910132405594932
0.27406014417564706,0.060381466994882949
0.27947830005585256,0.053551622042624841
0.27616737522972307,0.047140174055827488
0.24498031845682106,0.02743708786065515
0.20968846976233002,0.01372476635818771
0.16061149558139051,-0.012499300489991632
0.11378608384305511,-0.035648110222152515
0.071918962560661145,-0.051144415953121074
0.041373830018368481,-0.048486077310983026
0.014179412771645829,-0.056530152292146675
0.0075305922865875992,-0.036653112697278951
0.0040544823140137931,-0.022754530495063124
0.023180854443029184,0.0063458753033454893
0.04763378884657879,0.035932601624204204
0.058550949039824461,0.063748987972037527
0.075259231746201402,0.096969566420277389
0.069987329188178043,0.11408856258941019
0.065538143928690729,0.12927407888082562
0.045360929963807188,0.12918111181701158
0.0085249422542375899,0.12541899463400136
-0.040080659852841399,0.10404884100473058
-0.09334417699107439,0.088254317734726917
-0.13059158570260435,0.065005723523771944
-0.17552404011643957,0.025314266810183658
-0.20548944650097678,-0.0041214687946741083
-0.21387156858765538,-0.051897811966741363
-0.21094395328990692,-0.080080254935688017
-0.18858406346586723,-0.11157091563252033
-0.15280779191306199,-0.13353747190562926
-0.12116364930156873,-0.16110305163379343
-0.077066885982916986,-0.17194762668779739
-0.046214778820602744,-0.1811896456358143
-0.020573708192730952,-0.18804473164369898
-0.013096999770536886,-0.17359083750393356
-0.019476879904537336,-0.17778064099136817
-0.033108028107144472,-0.17131257511808243
-0.082776081320376727,-0.15121198095680835
-0.10857576012343738,-0.14205127798669423
-0.14638646750010109,-0.12571363937384736
-0.21214680164359898,-0.099920380218837146
-0.25156237683212224,-0.060933191633302894
-0.28614154087634847,-0.053979344273628785
-0.30805109898911698,-0.020165582118672296
-0.32100850644594958,-0.0023004726568898125
-0.33037943236081979,0.020697442944024286
-0.3131704467583285,0.034541012035166678
-0.3030907678597291,0.030820168207295499
-0.28830119355108363,0.027954027605704247
-0.2608784199239278,0.0076726700784203686
-0.2297558559322033,-0.019150546722927344
-0.21131122993490831,-0.06151400337461093
-0.18937191175726312,-0.11081150328946944
-0.17463105999656237,-0.15161610030783715
-0.14663517028468739,-0.20252448788361235
-0.12013770079038422,-0.24101993636333149
-0.083114468231573008,-0.27265175030425798
-0.045480660743398883,-0.28077593813003182
0.0087911369245771784,-0.28182013200351325
0.069812075138301524,-0.26264740966619571
0.14004389990660165,-0.2354949000888876
0.19460376911167765,-0.18295561145054418
0.25774193201466306,-0.12511355650867426
0.29881561811363444,-0.07483447290875446
0.31537807006385549,-0.013456888572731165
0.32201143598402793,0.023539645851371978
0.29665901599862327,0.056397757739142101
0.24712678437510804,0.068126838012938007
0.17803257395837702,0.081780915390434944
0.11739654182789484,0.072216666659032563
0.02695841575375384,0.07352391065353979
-0.040779947292435073,0.042627478618419826
-0.1004708619044755,0.02698132006252426
-0.12825229235336041,0.018901722858718072
-0.14799047414119251,0.01542618970837872
-0.13577056702433019,0.014563007458373231
-0.090997287480975131,0.048418926459561674
-0.043766069180900827,0.064658159402492421
0.017549163496615061,0.089721461896023286
0.099400040929082653,0.108602816906986
0.15192989277272764,0.1357354407925476
0.20244462376983258,0.14065330427009443
0.22239654702587522,0.13926476238186594
0.21007304685035222,0.11627508437781112
0.19142624520045121,0.085268168803540642
0.15108503223785164,0.036808833815266319
0.074882378244377323,-0.022919799647362928
0.0065702445190583192,-0.079590172146095095
-0.066619400154446395,-0.13271905980766557
-0.15237145514873665,-0.17775172283684509
-0.22137031899036649,-0.20874016077822488
-0.27448424380142622,-0.22815431002610023
-0.31060791485312439,-0.24343783526480806
-0.31164150498687654,-0.24423686091358332
-0.31417098781295982,-0.22735407027776869
-0.29991284373408555,-0.22217846594717336
-0.28070974714324853,-0.2046048486087729
-0.25223644012153762,-0.18516269470656121
-0.23599115874383689,-0.16668153992263826
-0.20886499285484272,-0.15127536991558327
-0.19254547245679873,-0.13637939686232359
-0.16782513926948286,-0.11790978480275806
-0.14245768431453251,-0.10932369086711932
-0.10952397845713831,-0.094185917599316007
-0.075578245583637071,-0.061181779563651534
-0.026651625636670246,-0.03589364006179277
0.017672184076481249,0.010634735032369051
0.075488618829894855,0.063620572880449672
0.12477137548638842,0.12599828432974311
0.17203440886793464,0.16741420864837586
0.20919175552842292,0.22864283632369337
0.24069871454697303,0.26570172565193673
0.2421444875271743,0.30634849342702719
0.23750553462115034,0.31279421830664011
0.19879682988829089,0.2980915193710747
0.15397047254873769,0.25303881812219042
0.094787792976469123,0.1957933474844952
0.02637349535796497,0.12985302103326452
-0.052933808597428592,0.044845711909764149
-0.12299021443654982,-0.044242285694812714
-0.1836712865402918,-0.12406954269605507
-0.23494268925289685,-0.18314779242291079
-0.26955627720790454,-0.20836670409706962
-0.28196042182333686,-0.24551392364378705
-0.29718948643818149,-0.24692160691493512
-0.27574600684834316,-0.23626043904240876
-0.25499736478395924,-0.2079028891856792
-0.19963118989932224,-0.18742106820656487
-0.14982636696486054,-0.17197691391626535
-0.094576910264027245,-0.1567544228105564
-0.033397180796323339,-0.15597638138999917
0.016004665341991003,-0.17186843055048204
0.068109033537103403,-0.20044091423064153
0.12090164741132141,-0.23065639318893169
0.1486706348180197,-0.27139056692905023
0.16182278512564238,-0.29527965350230584
0.17376140626332556,-0.31653448601371964
0.15188591600975804,-0.3185397562033801
0.12495540778044445,-0.29232521494802882
0.076466666327852956,-0.24776232103549986
0.023256738979022494,-0.18983136960223418
-0.039485413611103297,-0.097975018492214724
-0.1127644471194288,-0.0047397534032745997
-0.1661389977267885,0.090023737290548814
-0.21528799936580689,0.17574133593040769
-0.25596234874405427,0.24255058910709687
-0.27867929639497357,0.3001049174074279
-0.28099178096949773,0.31679547610719394
-0.26380692538222422,0.31444470259439289
-0.22650124546290559,0.28768724319195077
-0.19524769692011595,0.24869727783101253
-0.14579132661515187,0.19121438097954813
-0.084537920847970668,0.12847278314719535
-0.062859712963491354,0.0622854715853507
-0.031510598407540259,0.0029766104159346636
-0.002912222696285556,-0.041308875554517462
0.012130068555606215,-0.0768759120744789
0.013276717708046242,-0.10781011868642623
0.0030274346603158964,-0.11794261921942156
-0.019375313788396461,-0.13796192391535742
-0.03455593427072063,-0.1472935195951611
-0.041102810623056124,-0.14661874892803103
-0.044868422237040136,-0.16477861299917679
-0.050156127324540868,-0.16978709925341159
-0.050357738540713071,-0.18692660008112358
-0.034370802073658162,-0.18941787098532956
-0.020020941528024239,-0.18739732701445988
0.00017458529094603235,-0.17424028577441331
0.01153968413614375,-0.14741871190061723
0.029616129450775821,-0.11453789134729254
0.043677378597455616,-0.062065512995310858
0.053689926260369059,-0.0074754924333635137
0.052456759911566557,0.059911447001436087
0.048792598056864339,0.13667693002460535
0.037905570297135142,0.19874127604477132
0.027870987786013181,0.25074941579551974
0.011433916362385985,0.29418267055986369
-0.011459998404206206,0.30259857668070939
-0.03536797361961428,0.28874775147929088
-0.058831362506939412,0.2471164221127225
-0.090169886566613996,0.18296614361098765
-0.1150041881436301,0.11201459971306728
-0.13548050823760424,0.023237784107083794
-0.15446820887164284,-0.066914290693629447
-0.15927188363182609,-0.15309900724148201
-0.14940308210904382,-0.22907343285715148
-0.1231462377176442,-0.28363946426636938
-0.082851543263253113,-0.31383942071868526
-0.036351325890545842,-0.33586108659798242
0.028930757377053494,-0.3304872933475852
0.08363666564962613,-0.3184430503432053
0.14767751059295495,-0.29306692486983277
0.19122088788008013,-0.25963573321354899
0.24363439777603929,-0.21811659138631403
0.27453545923025846,-0.18341084585039219
0.2845943004987399,-0.14530012196963321
0.29287891754628659,-0.11236236729555578
0.26993324805301311,-0.078862816084175516
0.2519611473696679,-0.044911485047183515
0.22880621936282239,-0.015805884065416571
0.19119272511726215,0.019659453008840783
0.1437590286795834,0.038448576572652805
0.11321313723940014,0.04229525839448138
0.068744429654892178,0.056088349623230588
0.038541914934583282,0.062894371727432688
0.0082607364932461014,0.077138833017437597
-0.008937896358732076,0.084629217737608731
-0.026098866866690794,0.086979866356769783
-0.030160671093055862,0.10727324650281976
-0.0331147450011419,0.13219853684703192
-0.038193182978843519,0.15647759094154351
-0.032736720266548586,0.20384094157412871
-0.032496066176367341,0.23899236633719007
-0.016952025994364513,0.28424495070789746
-0.013686676856419475,0.33602048596315637
-0.0087683638999730366,0.35753749635123477
-0.014327129535177667,0.37461851063956764
-0.019834215298722414,0.36429466164942209
-0.020682739410376495,0.31054465724400432
-0.050509190087900259,0.23902920570402983
-0.079496413447711356,0.12782627144705266
-0.1135914691012567,0.023416102967577401
-0.14194130127882607,-0.091139140400921317
-0.16500181480049084,-0.18552824031452356
-0.17485485626576644,-0.2618550536828288
-0.19835276501194318,-0.3079768717776713
-0.19625777667212768,-0.31457442970842958
-0.17714808748857985,-0.27241208577496567
-0.15672088079158561,-0.21222893602077583
-0.1287331352070801,-0.11261872774642073
-0.079343309445584376,-0.0035665569391316564
-0.025934286321619242,0.09332756188894234
0.02120681632099692,0.19628084570820836
0.069241000128872229,0.26556857225879321
0.11655797907638699,0.30479690388212627
0.15512690983502117,0.29670845660646045
0.19707784902453326,0.26731382384213875
0.21782444515551752,0.19691943684436694
0.24818847713413167,0.10856168585893224
0.25595669954294348,0.014636459208978408
0.26603337974191138,-0.11186433193751864
0.26971390901947567,-0.20290712242286779
0.2532498127649862,-0.28342799516716938
0.25274768365463074,-0.3551651795542356
0.24692342256384586,-0.39585733620791891
0.22808835411373313,-0.40494930142737534
0.21981133243223522,-0.40006765741592015
0.20794781022816974,-0.36678872200068591
0.19601529040889734,-0.32042445426066452
0.19784279336933633,-0.25355168910427783
0.18770365385372317,-0.18011538645921385
0.17797199905161015,-0.096538696082823408
0.18004436949428695,-0.017163560399771707
0.17397375671462417,0.057401976307255173
0.17120412004520472,0.1360258693430495
0.16890953489946389,0.19192193782206829
0.15374116653145509,0.23915469502026032
0.13580090681480878,0.27095892838797464
0.11075052205938621,0.26878001731500867
0.096709231493147918,0.26068083021755961
0.05976535015025148,0.22625985236544738
0.027822861338935009,0.17138472632442106
-0.021815347395958494,0.095341502404300602
-0.067865066735649612,0.02631415511956375
-0.10799559523400926,-0.047214214015911291
-0.15105406025009865,-0.1082176986033417
-0.19240674196150814,-0.14157788862100606
-0.21835899243181481,-0.1642678224835685
-0.24134268064025174,-0.16380373654569522
-0.26304094840109155,-0.15440568450371023
-0.26773358522094237,-0.11920397954897362
-0.26243667035750318,-0.080648082184592434
-0.23941714836971595,-0.039675120272748721
-0.22244396300691643,-0.014396912450709162
-0.18775465335286878,0.0063407004508064281
-0.15777210457088711,0.0010149617821638324
-0.10772609101103443,-0.014981032349100778
-0.059109840977065072,-0.052654077524466297
0.0019194204251485893,-0.10449830678868545
0.04945875377836214,-0.14219732888875533
0.10357433329403945,-0.1811274741569717
0.15584559385490249,-0.211543322936354
0.19971875749504731,-0.22770955505416138
0.23545128092841161,-0.21991615783085966
0.25298351777497069,-0.20829033881217607
0.27424764158677462,-0.16661374853425936
0.2746444343657507,-0.13670838132421481
0.27122271217385041,-0.12020286817883324
0.26768716796610309,-0.090731598338375768
0.25420772691754406,-0.069348067985101527
0.24464199981339838,-0.078203523623650684
0.23744407596917863,-0.10194277626203486
0.23749174957023994,-0.13945053706276317
0.22404590007766034,-0.18016037607363239
0.21871236254450488,-0.21327905494842703
0.20133635219984042,-0.24980664042275119
0.19299160538441099,-0.28067405267267692
0.16976381062430632,-0.29350383753588366
0.14956905827592076,-0.2958444058388065
0.10434555555068224,-0.26939937944680209
0.065812928256242284,-0.2248431200449317
0.00816110059323083,-0.17346256050222622
-0.037931745949433625,-0.11087193519095688
-0.070226750596943333,-0.039964077805276742
-0.096809555416143236,0.026659051229227449
-0.099553623456783438,0.085056580073765722
-0.067416783876481118,0.13996102891432122
-0.024928785245651151,0.16464196046902796
0.029766686594962156,0.18590923748428664
0.10163649573795738,0.19144242055341421
0.18005777630116654,0.18126976904271946
0.23820762812591761,0.1653257087889875
0.28055170064363766,0.14449464205338083
0.3053287556330353,0.11144762340573314
0.30480126062056073,0.085716675221471611
0.27667296339707664,0.065582361021425117
0.20921758651764394,0.055186256317235269
0.11939829661853692,0.036858889775136891
0.038416963110440856,0.010276583469365285
-0.054807494013769706,-0.0019389893827795256
-0.12612892111361607,-0.024284334563929828
-0.18465879970825022,-0.058352362701246621
-0.23630917554823794,-0.091785808668185032
-0.23548845985430478,-0.1298731691045906
-0.21687715786302988,-0.18235815403665051
-0.18495588248166164,-0.22578304817478301
-0.12770606592203357,-0.26618497987333795
-0.060395125129743217,-0.29426849242718384
-0.0048254123701237384,-0.31619354269399697
0.03854030239587982,-0.31327862606898571
0.075400318604939939,-0.28772689223326242
0.082064435257333368,-0.24454930813178125
0.067777752502134428,-0.19216411031716873
0.044224045526982322,-0.1109307400771074
-0.0067657428191138748,-0.039744642979572919
-0.065518261939434247,0.045075643844863254
-0.1227057213506406,0.10914753978642752
-0.17739158643695316,0.17605637787039574
-0.21678424728279061,0.21253641470788748
-0.25101342455678211,0.23917308595281067
-0.26666514152730753,0.24827613936304679
-0.26719053032887585,0.23832009995700193
-0.24848998259315935,0.23728381465973622
-0.23508222031635806,0.21408459609467578
-0.2086637842580728,0.19919634940548336
-0.18053839788455892,0.17205866392094527
-0.17140724322547976,0.16066785316329135
-0.13195415849069217,0.17280078785588329
-0.11654639589383148,0.18367091458716842
-0.10193605593302144,0.1826602424080494
-0.091430555193686355,0.19090060896964367
-0.07454102833270726,0.21286392534837142
-0.052993712021102542,0.21999819959197131
-0.019093262071650349,0.21033284903837471
-0.0044531764512279548,0.20444081988938562
0.04156190856822372,0.17633368944870584
0.084703877764660623,0.13395687791492147
0.11723400750208123,0.10613552215277884
0.16358114953748548,0.050771022903607736
0.18730174395892693,0.0024674017790273428
0.19269226487013216,-0.037496665562083274
0.18838442357630966,-0.087695787294446825
0.14434945609390326,-0.12109691521867877
0.10361253978489685,-0.14016270529470565
0.040706704043552797,-0.16132275193847562
-0.036827308476924635,-0.16645674964097734
-0.11179401316620383,-0.15512924878857204
-0.18440110899776707,-0.14171470756580318
-0.22802391989337475,-0.12025996925981906
-0.24131140174457072,-0.08620182091045446
-0.23441537307868687,-0.047134267328876191
-0.19327460147402675,0.0094600122074315549
-0.12408614905063818,0.065781499663623566
-0.049096382295127895,0.11307044063491199
0.034132154424952849,0.15914851227648474
0.11723575966666734,0.20269483770786223
0.16993264272314171,0.24009414281680833
0.22456223627967781,0.26433419317165779
0.24716130375268547,0.26060140545168009
0.2144927892623131,0.2584251769208612
0.16722928991589814,0.23422613562028696
0.087135485523182107,0.21389943797253466
0.0038685581232632267,0.17997164417729289
-0.085218395842124164,0.13753167570651303
-0.15783588434964632,0.09451474384545612
-0.21240542687870773,0.058332985890406287
-0.23800620004678011,0.029899570045227003
-0.23645775973999703,0.014363183814895026
-0.19423494131207517,-0.00044559270943447154
-0.13216314229060347,-0.00027528878549068839
-0.046955730729771987,0.00016755551928957597
0.048579292338592421,0.0065854038070964271
0.12046295140758204,0.018777123646078777
0.20035105990036281,0.036316759545623571
0.23416576449247958,0.044611275814914531
0.24739593709785979,0.03962087612494132
0.22748131017382503,0.051724819959673221
0.18299455509715692,0.046225828751444181
0.12772264610029335,0.047671098740095043
0.058654390711139134,0.052734187373539118
-0.019678436893399782,0.046680205377755343
-0.083525380303539759,0.046610802081914413
-0.13741683254859197,0.03865967288810937
-0.19052178388835039,0.037480408526721624
-0.21349198674976611,0.042000594636895115
-0.24115655906785496,0.032790340658300152
-0.24323851156651491,0.037127485878506526
-0.25629470534747367,0.048600511079596592
-0.26517015708441072,0.059664720485304072
-0.2545325501096562,0.081137428404247411
-0.25358086359035137,0.10723871221988779
-0.25152111292475093,0.128501354931814
-0.25495693558223453,0.15610484509068959
-0.24317940334972515,0.18844345176048657
-0.25640383463029631,0.21601842028911161
-0.25067439655756818,0.23893696652596841
-0.25190862060112101,0.24629318167097541
-0.25275770237987705,0.23273257224842167
-0.26129514746335597,0.21632538872027796
-0.26174473145756072,0.1752510424482133
-0.25988140663421788,0.11269436439984599
-0.26723491829409707,0.050893877924926854
-0.24929810643887873,-0.019014144151667325
-0.24388910562909824,-0.074094066800615629
-0.21430978282289231,-0.10692158812147229
-0.17365797764809479,-0.14213815252611406
-0.13628384023125534,-0.13990412011298459
-0.07669454824047342,-0.11680412365522345
-0.0034315757652343916,-0.076008325910041738
0.075884821780033598,-0.019023084665406309
0.14955693446481044,0.05889049942772677
0.21648312030361705,0.12240652479162145
0.27213524593528643,0.19191695957861529
0.29635248422800853,0.25210733842678973
0.29584769535067978,0.28197796423399807
0.2649174162619003,0.30762007010283504
0.21718159593486308,0.29671635441166022
0.13436121664273351,0.27339121661733023
0.041833475099480689,0.22793815172482643
-0.060508986123305852,0.18776459558220981
-0.15567885613483617,0.13034536791124351
-0.23421881483166981,0.068986553152415295
-0.30151205106005613,0.020561595193093009
-0.33567649004168471,-0.025792518886539169
-0.362639536050338,-0.059427679856771352
-0.35435868840791618,-0.075817560047449842
-0.33302835898639715,-0.093386010374089973
-0.31022178591398147,-0.10842431745053574
-0.26754681543671255,-0.10861255319219569
-0.24230248108138877,-0.10277048826474633
-0.21666862643835999,-0.11006800692596015
-0.2098355830500899,-0.097103298149730205
-0.22379329947738144,-0.086233237746006525
-0.22487189142996969,-0.074854827851346742
-0.22508867824180354,-0.060594067573655687
-0.23559623304205118,-0.044281654156737078
-0.22547711263496187,-0.016885231323981537
-0.19259606629522941,0.0064736900861156309
-0.15147175561972853,0.040137300759286391
-0.088043245770811684,0.077141169937818055
-0.012598662805504047,0.093571744290472991
0.069291696502062031,0.11594057769409534
0.15346633230298448,0.13885586036704581
0.22066533295299801,0.14907518261625549
0.26952256078688069,0.16436659137895812
0.30235017793190078,0.16612792420161682
0.29921461921953191,0.17037812428427984
0.2624242248517169,0.17387129303044113
0.1972486790859049,0.18534659170719286
0.12645515362159881,0.16999649356691129
0.041721785993919666,0.17513532451768585
-0.052840531415372441,0.16205965338291783
-0.14022528564417724,0.14611081530426276
-0.21735144680088761,0.12232509483509263
-0.284218123320162,0.067862841219521616
-0.31703667894448612,0.013873723418720941
-0.34409777857793988,-0.04932450384190875
-0.34985300604980862,-0.11381473144306317
-0.3207704568300494,-0.17993612773060993
-0.28100953504537096,-0.22810255078972319
-0.23689234510999413,-0.25741598747219741
-0.17872653428507329,-0.24985815124905686
-0.11400640606878097,-0.22635811581548002
-0.045569167239722624,-0.17649818011046009
0.018690769338033347,-0.096922617714603448
0.084167289941672316,-0.0076406253518115815
0.13606589203292502,0.086432305887999036
0.17570073240715925,0.18119164601908871
0.20107077185657704,0.25868794582127386
0.21300517288312629,0.3037548437847713
0.20113888162388677,0.31858149183062057
0.17134572887916544,0.28540781503330076
0.13388950014728077,0.24076130809636814
0.08050380649381339,0.16966532006005178
0.044699783184096196,0.07725450929451276
-0.0020624596327569276,-0.015388251139795559
-0.038354485901979901,-0.097902106114919063
-0.05774539172451499,-0.14459530654136102
-0.06593951238357082,-0.16085324631747003
-0.037562849029395246,-0.14960689569677341
-0.0011705973648402715,-0.11022977180877326
0.056111831938534328,-0.039036021573380424
0.11850613564168477,0.04526772294112355
0.18168766351428078,0.14714902499811411
0.23439619933977249,0.22478769347915306
0.27717928404304376,0.28652562149558447
0.29312916558499752,0.31343450641953341
0.27973326684207495,0.32199193425031142
0.26221655390694604,0.27446514864958665
0.19116200695458363,0.22890836162259237
0.12670260935832842,0.14620230745141655
0.062417162375558721,0.057680950962189621
-0.026002833524114671,-0.029104082415836223
-0.096666721594914296,-0.10312788048916784
-0.14980987963799333,-0.16238944166954217
-0.17753362694836985,-0.18467479535464035
-0.19458350445721345,-0.21450672667033124
-0.17753719653425404,-0.20864729950319907
-0.15048695278131691,-0.19265897799677004
-0.12755779128464445,-0.17853918105301189
-0.080429368613937915,-0.16461584436889939
-0.044924080135221846,-0.14875919068372009
-0.0066718379434448759,-0.16905361803665536
0.021361145536909074,-0.17468254231777927
0.039796359047891659,-0.18919267999251252
0.0555032291666391,-0.22301465517592661
0.066651421680516909,-0.24635231658900902
0.063898090069326785,-0.2657664317742231
0.07037855356832641,-0.28892685531300161
0.078103312816393988,-0.28887519810245899
0.088842905338248429,-0.27657007075894258
0.093785500043598161,-0.25997240763088952
0.11624188727998261,-0.2281332233642869
0.12669248554686049,-0.18728604943725982
0.13695057130365113,-0.14037248038495342
0.13782256141549826,-0.087793586998031262
0.12638965938297614,-0.040503958419394644
0.1113768982698483,0.0028717584799187162
0.071394487422168154,0.037761766678779535
0.017668067660693502,0.072318897018702741
-0.047889804984409701,0.10828684604955
-0.11717394218703957,0.1153151046368015
-0.18966630125068176,0.11098993735410767
-0.24530179294390211,0.12061856870476222
-0.28552090289254051,0.09654980635196253
-0.29944427223108805,0.074068240371530092
-0.29657784788202901,0.037941515255878751
-0.26311399496380872,-0.00064044736725917505
-0.21513505843862221,-0.046881699923007523
-0.15880487640737731,-0.085751011159831608
-0.090290759148331901,-0.12066752512097677
-0.020527774447326008,-0.16113555151031431
0.024780957520387951,-0.18308558872505831
0.05496282723829999,-0.19516963025858033
0.07967737060587457,-0.1985892850675606
0.067666777560071154,-0.17869605776009051
0.025403632394274428,-0.15524395320275985
-0.01468758345509312,-0.12748317007978111
-0.065676234549752577,-0.088388050967249873
-0.14121933932833119,-0.052342528951709918
-0.18763145396350583,-0.0096691886471047157
-0.22094718094011537,0.030309579810615418
-0.22349811451316443,0.050794231606636535
-0.21089382050913519,0.05613322214713054
-0.16981872068987364,0.064184421533444225
-0.10440616041014651,0.050661036532547332
-0.030254321198660266,0.025768817428527505
0.056263751015514299,-0.0064028790466332634
0.13514638032273191,-0.048148800708985799
0.19081724704542669,-0.087285255528563949
0.23153405126651247,-0.12092493378555098
0.24272010177940015,-0.15206008072245167
0.24028712605060479,-0.17912825399166413
0.19845069193740239,-0.19215160108254714
0.14172345997173144,-0.21372437213251039
0.088935617006434459,-0.20586976990151773
0.018047624672754187,-0.20294076286535082
-0.036287752793041687,-0.19646644627448773
-0.075396495008411557,-0.18260797202572646
-0.10613339285560683,-0.16582704081852492
-0.12168504185295667,-0.13439915398182889
-0.12491135275669905,-0.11446999913132305
-0.13118346982277104,-0.084786069543939496
-0.11292005920827083,-0.048008951450937157
-0.11444894123796745,-0.016289876099579038
-0.12702342046719248,0.0076061358766787868
-0.15237872872283711,0.040680218182933214
-0.1862700184996855,0.05706988928616423
-0.22964795942858962,0.077834253298421446
-0.2680847901188807,0.077466208964661332
-0.31060781207953597,0.085578357806546351
-0.32127672302073718,0.076538999963753879
-0.34342140856375603,0.060267446452876954
-0.32115851196620399,0.043897149743599359
-0.29588739409259235,0.038245648754235168
-0.23913463325017886,0.0086985215214856314
-0.16994210018631772,-0.0012490984873505823
-0.07832094952087934,-0.021753759351012331
0.015067184689379539,-0.045181907575391311
0.099661561676567686,-0.059167484363298627
0.18448089918968144,-0.06578710975659581
0.24935160572509252,-0.091160097740819901
0.27886539057023269,-0.095533144485344598
0.30421903244335041,-0.1152349986946062
0.29436169211183127,-0.12913779179864376
0.26918194342172541,-0.1393140628889076
0.213835307881276,-0.14718399970023688
0.15578302779539605,-0.12992866577430023
0.088658546374980884,-0.1085013142229893
0.015540284211612845,-0.08871588213832178
-0.058435744206212996,-0.046094867895446423
-0.11241621647626161,-0.0053694245796634442
-0.1639564312232305,0.038149604582505381
-0.21229635685015424,0.10557163149353997
-0.23634801196042676,0.16188187901455242
-0.25924412149777482,0.20304742961243508
-0.27456547321689917,0.24494603771892504
-0.26164386357810393,0.26876486626194762
-0.25338724926350664,0.27487278287323247
-0.23758240150752136,0.2618857186386136
-0.20950193037107781,0.24303258781347292
-0.18285631699017135,0.20482877996709448
-0.1413737914087147,0.15801008615928214
-0.099728301039903794,0.1122049105640658
-0.068519643668097555,0.04844842192451379
-0.010887095081928392,-0.0009918954811295197
0.033167211967312739,-0.044809611064868617
0.072827072944633531,-0.091971240961011114
0.12150456274207487,-0.11005651524443644
0.15644604992377362,-0.13734409256169983
0.19388686211657166,-0.15345663013168026
0.21759293217201758,-0.13711429427480948
0.23860652585539949,-0.13303644293969852
0.26371315823316649,-0.11666720494390673
0.27079355034487479,-0.10528902496259396
0.2658118831484641,-0.08434681224950924
0.26571389292938491,-0.064716565883727636
0.25186716057891234,-0.033728047723372817
0.25038705615951573,-0.024262930254111293
0.24016979738083771,0.0089807855404577617
0.21444002335986398,0.045605525706665172
0.1996571363210404,0.073827144297680572
0.18353516515881127,0.10497935404116675
0.17099648469648415,0.13948235908439086
0.15032214289524543,0.17355451127685859
0.12033550030557123,0.21592591254580412
0.093329060958972296,0.22992356414211962
0.061628649818274012,0.24679015144551822
0.028389929462183917,0.25151869187977666
-0.0019821289364760262,0.25999504223812847
-0.0350750032115342,0.26501946490194805
-0.074578607457036886,0.25895246343797979
-0.10500061974170763,0.24138999748873277
-0.13312588237113387,0.21771671705024948
-0.17077794992336981,0.19459171808845047
-0.18620393713716646,0.16408398628750384
-0.19312307673213319,0.13754456003220822
-0.19557807332989677,0.087756124312388495
-0.18600467550298122,0.040159799628403034
-0.15708209968765099,0.0013724650233633943
-0.13051787111503252,-0.043701886811697503
-0.096853259510742709,-0.084461289975551412
-0.047412012252403109,-0.11683467644412815
0.0090572917090241192,-0.13966433112172097
0.059898981742982103,-0.14153127764503595
0.12115849268351137,-0.13069270245899589
0.18110842027282939,-0.11172277796264121
0.23210308648380201,-0.090092480907186537
0.28199613773867493,-0.04347868146484743
0.32250235381831027,-0.012023923904683664
0.34894638883159956,0.041339289525519567
0.36554982975617539,0.10044539871979341
0.35190257639882228,0.12777751328557785
0.32498451981347531,0.16517190981122593
0.26975356080509078,0.18749122068667465
0.22276335843727402,0.19712704425374583
0.13658881749185739,0.20360582627301074
0.045392370853864196,0.19040039205177359
-0.042874350725797164,0.16271196449753153
-0.12082595473285856,0.12350440379605385
-0.19787052712430561,0.073509490517693676
-0.24095952947131816,0.024039115121272207
-0.27505129250210114,-0.035395626325243165
-0.28436456923561237,-0.089941341544358178
-0.27746966699748832,-0.15025858054496402
-0.25918811202655168,-0.20770221078552184
-0.22963030413006572,-0.23774237279434754
-0.19950747161687243,-0.27088295369707277
-0.15786943121392916,-0.28165850972555162
-0.12268643285115594,-0.27975545384945899
-0.094188232241162212,-0.26543193723314923
-0.093261753408222112,-0.23202765937176556
-0.098972136242764921,-0.19538861799329169
-0.11254471676431486,-0.15270593051618253
-0.13635247064766337,-0.11453107263844485
-0.16131428558099475,-0.072701848063348631
-0.20121314474615334,-0.01328413500476135
-0.23923155286437631,0.016664040078237307
-0.26015417103696897,0.03033552928268575
-0.28923598612578388,0.052221735553279726
-0.30291404521477,0.052214634926384812
-0.30298943383012689,0.049494899775636064
-0.28973662370095382,0.024875900768867171
-0.26663110555116865,0.0053653556978121948
-0.22731059020300298,-0.032602085014544591
-0.18308528271559243,-0.068602052993458298
-0.12109323705744132,-0.10288937416034399
-0.050115722626700394,-0.14318638663418792
0.030139365167837853,-0.1717791079978436
0.093246411701221416,-0.20773320952894611
0.15369617912444136,-0.20765371229924304
0.21848219946961345,-0.21621545074747653
0.25556169672070483,-0.19777247586849278
0.27726299954782418,-0.16245930541480982
0.27649986372176388,-0.1238799658372827
0.25179858476945438,-0.067604460845594308
0.20958893436214854,-0.0050822328162614377
0.15417637861450978,0.057910091014141331
0.079246438629368074,0.13078950052156529
-0.0034501736944667662,0.18842666109866538
-0.077287728075435422,0.23369391487964192
-0.14060928836844433,0.26174868216112723
-0.20600914543809321,0.27642269495865412
-0.23404257162075914,0.27415040534760404
-0.25662311832258716,0.24215322736936074
-0.26394900475478655,0.21740798948559187
-0.24385311042130389,0.17187566758927622
-0.21499025171832489,0.12219818884280489
-0.18356870338134668,0.084223133917986984
-0.14094724045944965,0.045491208688848379
-0.10150105813778525,0.027103472857904116
-0.061332544581222032,0.016428148133553387
-0.022852969865401279,0.019733284484095063
-0.0036194958511863865,0.04429718022102349
0.0215849510188835,0.076702289948711089
0.028640947066803833,0.11295375849034259
0.02939076908176683,0.14355348075889324
0.032618967354903952,0.17557380873479325
0.025473338000384226,0.19544774717422031
0.022659438297469098,0.20399786745561715
0.010896792725318081,0.20464737976008526
0.0045250885826776614,0.19226883385456991
-0.0074708486769088731,0.16523051598191013
-0.011137489808081425,0.13405976118987351
-0.027472269990606351,0.0869232890197114
-0.027741434089360521,0.0334562186902682
-0.033469102488580864,-0.025644563591183722
-0.024529495217147188,-0.099031233229049928
-0.019922080132310841,-0.16530697874701794
-0.007713992321418164,-0.21845273346830962
0.0066074779043884422,-0.26778126411699843
0.025342812234497237,-0.3065099373653396
0.044881672648523566,-0.32477622364201386
0.073224558114822549,-0.3132677646773443
0.10301231015502346,-0.29033443963728461
0.13125417950517124,-0.22610416871768588
0.15361796288202531,-0.13816087965564525
0.17591434442242179,-0.064906543992285376
0.18332355619442711,0.031273313904645349
0.18481358931135464,0.12369858529817393
0.18446137866452181,0.19991928464035397
0.16241364277575299,0.26060369967690877
0.13673916578763973,0.28946690262336139
0.08619844814483936,0.30025677091597147
0.03470055086321381,0.27230398743057288
-0.017783972137384425,0.23170242715353834
-0.079269920158399607,0.16990490711885262
-0.13882512345151668,0.098217532335173913
-0.18319301848685121,0.030856202187115329
-0.21370061989490036,-0.023967367930416723
-0.21555751827833164,-0.064394782600396189
-0.21468016406161428,-0.082609128186895517
-0.17695980007048087,-0.083843321095250736
-0.12773046709038161,-0.065612363328697881
-0.077822756840982027,-0.046993581300602862
-0.023348444027110088,-0.0021652500809614763
0.022225242132198193,0.04386892596187135
0.059858722051786224,0.088273172898803154
0.081061169641472433,0.13017573712657526
0.075341371509567934,0.16743016259133844
0.055515981099666899,0.17312428952078074
0.0091472698942660826,0.19196662323278532
-0.024629034135583552,0.19655166459216114
-0.06796430835867201,0.17945385237810957
-0.096355733795639026,0.16033344190160201
-0.11319281939545402,0.13790819728174794
-0.087446604103512002,0.11564025140910979
-0.055781531589803056,0.07981056028399594
0.02291745531741108,0.04498708177058014
0.091958307809205123,0.001574557001672622
0.16345811178684988,-0.034759091243506512
0.23828529489321787,-0.058327998352535777
0.29212733410089359,-0.096934031130732665
0.33260646072627875,-0.11766960780981721
0.32306190959487147,-0.12070029284426868
0.27970410240196514,-0.1293431165143123
0.20295526988693305,-0.11654588070680015
0.10875681540348114,-0.09909918095740658
-0.0037415474991906719,-0.065745224990061094
-0.11569362363082723,-0.04499615004908461
-0.21603303494762313,-0.015193334805844262
-0.28386891755255111,-0.011395694221211441
-0.31631697127344177,-0.014309416602447627
-0.32234015162770424,-0.030436832907005874
-0.29258137693809511,-0.058739804923643391
-0.22817393747310144,-0.10075348547536045
-0.15186087743672935,-0.14525567953615043
-0.074855160502432502,-0.18327009957672347
-0.0055256466907463208,-0.21127657943775696
0.053299831907784485,-0.22391833676985501
0.086011468297702398,-0.219151565193871
0.089645565980435771,-0.19178307754621879
0.07240238548657793,-0.1610059899593376
0.021251790556381326,-0.098750077385325638
-0.026268253735567394,-0.03162420411729211
-0.087250111279982501,0.032892694206561081
-0.14856072337719775,0.092536768659792934
-0.20043874820035062,0.12739222728090049
-0.22929602799350349,0.14072834266586959
-0.23469250136920777,0.14323347823030033
-0.22334756877821485,0.12053255352727708
-0.20010053889212892,0.076022923255289754
-0.1540296343306515,0.030982910158780626
-0.12042536306548443,-0.023451331321808582
-0.072397371153251885,-0.073270140649494511
-0.043693116135917739,-0.11546316282869586
-0.0094352108619996742,-0.14742905273205301
0.00073091394241982287,-0.15781562895661003
-0.0018793848506516643,-0.13644050829418938
-0.012083772059534686,-0.11753525034687673
-0.033269459325793879,-0.082256117883970872
-0.053843286671423921,-0.034870820162981077
-0.082376758040304199,-0.00044566868681008382
-0.11579448241233188,0.039416922776356722
-0.13639438414556984,0.068929440522358998
-0.14376677030817039,0.086525050252039257
-0.14500748686720513,0.090446595503138702
-0.14264788573358217,0.080923198003074376
-0.13175049877717354,0.06422665284826122
-0.11454577236601661,0.046057771327577116
-0.089783490803263116,0.032809212990964079
-0.052193891402213782,0.013705934897944357
-0.024106833680893447,-0.0014914533398844446
0.0093121737063648399,0.0093914682814576385
0.043170189143961042,0.013634997296769034
0.078666498596355522,0.021214671784467305
0.12375938113047126,0.041926344907321889
0.15486477707221111,0.041434497163978082
0.18520549481322005,0.03049107561089447
0.22695683813602244,0.017383787480135408
0.25669794965855558,-0.0027541502714111678
0.28387423778012871,-0.0360169952346623
0.29372026885954161,-0.087518063368161897
0.30921495006266803,-0.13879161990812949
0.30922801452939958,-0.19121671466054185
0.29807251131245582,-0.22321479176958026
0.27450967299335272,-0.25211552642398105
0.24636854959054511,-0.24624751014862245
0.19406639855404226,-0.23239912583144851
0.1493954681537307,-0.17829520103821789
0.093340112347018014,-0.10415036226627679
0.036137905745651983,-0.02146379742865015
-0.0064169437245121374,0.057913819022067686
-0.061591934789600268,0.15271996256391501
-0.089844147973176844,0.22137425855253653
-0.10018763637761215,0.27979927067220245
-0.12061315004043691,0.30394593082952337
-0.11156924471430418,0.30455919806790871
-0.094458895146824207,0.28514334439336431
-0.063202472163038745,0.24158370281827543
-0.024704544434039938,0.17780848790079529
0.027241075031009285,0.124621137048886
0.085707990761902109,0.061622051991224149
0.13093386816916944,0.018470150056529386
0.1927004528392037,-0.0080124035381841062
0.24523279904001391,-0.01558450393612437
0.27369726892674351,0.0070635528064394047
0.3056953069027345,0.034990537976823229
0.32608328266608055,0.084689820262388402
0.32423446937239092,0.11868717312531041
0.31027446587765367,0.15690670321709052
0.28580175079106757,0.16784875100443522
0.24857964086437828,0.16230977493002829
0.21986833430279454,0.13663213598811019
0.17537462997774331,0.075532112235658741
0.12369657174712918,0.014753344257683033
0.076536517478394447,-0.086796693136296482
0.034941753070239466,-0.16562350720116939
-0.016423958833797051,-0.23406869493186552
-0.055289889376398782,-0.29181199581709782
-0.094260756593828265,-0.32132480565345128
-0.12331397028298068,-0.32205174814188309
-0.15604428328548689,-0.30276889436359322
-0.1723605406090554,-0.25865828596650914
-0.19030855802970742,-0.20307941597259799
-0.17965472059978757,-0.14279221328089453
-0.15034529619059761,-0.088952064998866417
-0.12087601782256241,-0.06039528558223884
-0.061026474555861951,-0.051889630013104884
0.012986065846350141,-0.072034530766996965
0.080507598039345776,-0.11634451405377215
0.14489184427952895,-0.16346780631848645
0.21625552816407539,-0.21776987652916791
0.26800742910356895,-0.27772326017186927
0.29685297263486937,-0.31572907534565542
0.31211987757879528,-0.32616635252808923
0.28696985141752901,-0.31215788544848599
0.24678194825710845,-0.28233152833389874
0.18068223209719683,-0.21208239947712867
0.087487098210660572,-0.14600987515584629
-0.0074581698220669915,-0.047871954812351084
-0.096338541579991804,0.035205932495443903
-0.17369873084404291,0.10561119108243711
-0.23864618456972633,0.15888777668250276
-0.2915850980559983,0.16728683267923136
-0.3032962652078669,0.14874301835859893
-0.31075201657251017,0.10140057816694174
-0.28863735426660153,0.025679363929147377
-0.24659964690113828,-0.064884050700489374
-0.22317335841566843,-0.14236510566829361
-0.1637562818055478,-0.22748058740148008
-0.13297261521261686,-0.28634295284451489
-0.098695919555014722,-0.31505154683078945
-0.076848279257286947,-0.30684521408315707
-0.08011876458529181,-0.28477340875543011
-0.087751975208876842,-0.23447640652409171
-0.11918953352084408,-0.16000998709808145
-0.14677389386083603,-0.092503330746512333
-0.18191544934288575,-0.020453483058774917
-0.22120616143281924,0.044979651113401228
-0.26063777951495831,0.086242414991385893
-0.30882605660338314,0.10344718861059297
-0.33845399481121852,0.10361144379823284
-0.36437411624810273,0.085923583449064936
-0.36742176232445173,0.070149291634070132
-0.36034239622929493,0.041104512120086922
-0.33363757620337992,0.014962251474845626
-0.30421263725497411,-0.0098199072530533987
-0.2691943827544297,0.0008045256980394027
-0.21015578316741146,0.013985150854263044
-0.14398949433987482,0.048626720895728587
-0.056080402373891211,0.087990132041836866
0.0026594716747413731,0.14398247266553621
0.077209624517753983,0.19870528539659763
0.12606868682289604,0.24641881482208416
0.17000084173494331,0.26947913088317349
0.19455854874757902,0.28746928283117673
0.20286346144463488,0.29806373227004651
0.18607328076361812,0.28114910873518989
0.14251505587032601,0.25270435687455189
0.10912017259569882,0.22654137774122196
0.04778829103409088,0.18409352407822396
-0.01395187043666596,0.15551333415454968
-0.066090784172794625,0.13137109904781413
-0.11923184953604085,0.090698963500193117
-0.16415706859931761,0.079745605948038992
-0.19752535332645674,0.057194027045323025
-0.21529290723429506,0.048504739166148725
-0.22492084265436685,0.038650460963817752
-0.19927877151187634,0.021261961741744783
-0.18612195934850778,0.0082945641247766308
-0.15680838551161833,-0.0042123516464125169
-0.11161968993801204,-0.030405715480581613
-0.063572787153117163,-0.058154613637826556
-0.011246536799631186,-0.088993566134802068
0.043109281249963757,-0.11665660566531427
0.087388656463775569,-0.1608946656844992
0.13356477952166648,-0.18935618489033984
0.16778676641939699,-0.22025679778441343
0.1768031062480569,-0.25391227273452199
0.18614054029165089,-0.2764837041246726
0.18941800620032628,-0.28230795937728731
0.17848378441486462,-0.28743848984508563
0.15637852790528256,-0.29481815343657597
0.11940253415175073,-0.28310734059526421
0.10527366716275799,-0.26422963137664546
0.069368331540183029,-0.24001771472342578
0.054320810911426376,-0.2131435275658364
0.040988435913257279,-0.19458808526421539
0.022624501645604294,-0.16646869356320357
0.029399996571835747,-0.11673787860871618
0.04557625679134103,-0.076571087424618475
0.074494942501868944,-0.033983651642934307
0.093834331663301448,0.0019210019757692608
0.12921798801784132,0.043878143267757352
0.1589676182965204,0.07921878128569225
0.19584906846232289,0.11528401416490416
0.19809486829974005,0.14912618326530064
0.2221226945820661,0.17106630035572248
0.23040349460484646,0.17799870858919731
0.2245022179055102,0.19026157885115383
0.21434263814891338,0.19480773394149847
0.19105148263260605,0.19567232108323449
0.15709630381032283,0.18801485086105291
0.1297015179571967,0.18395860323981283
0.071852942996365493,0.16788270323767535
0.017955176385527231,0.15131924554104872
-0.023302866564900892,0.14195647506149064
-0.068710279956579398,0.11333318618762209
-0.10533404843573084,0.094557208473503337
-0.12378813025386062,0.054954003945941542
-0.13467364348827809,0.018111521860511192
-0.1264767469559587,-0.02375894812400187
-0.10392954505445935,-0.070565841921018654
-0.057613747106904339,-0.11674782366164881
-0.0061258719728962425,-0.16453278702729812
0.050631858591673809,-0.20839833914784286
0.11907817178969239,-0.25009136293770173
0.18430006938551569,-0.27542788268626306
0.24167306051851592,-0.29048287620617802
0.27980684055500732,-0.28197571760143292
0.30858203565431797,-0.26370823363884782
0.31818930414805519,-0.22208883784369585
0.30084000468810956,-0.1744272342243304
0.29225947269572394,-0.12047071859691418
0.26375427386490474,-0.07204924267555779
0.23107886352661189,-0.016301691440812532
0.19614981393838837,0.0199349182114868
0.16157082997815556,0.044082623024345874
0.13849806097826287,0.059459568701090877
0.12733264142578865,0.065038014114249504
0.12259441939989225,0.06822809151824058
0.11988115163856695,0.059212373932358384
0.12267856584022208,0.033271843695732578
0.11607553048979459,0.013701903416862062
0.129585954449806,-0.014677793130821629
0.13179131623265966,-0.0339986030259904
0.13051212798554312,-0.067787704626476056
0.12929793665372422,-0.095095322684157324
0.13272171267688515,-0.096932195694231546
0.12175998054342713,-0.11325545882743607
0.12156105927951659,-0.12298704568213527
0.13169582683268083,-0.12516263892833462
0.14051934141274694,-0.1316669550888718
0.1731150653001953,-0.11394097595620799
0.19744636412407937,-0.099052584888970244
0.21899214001871531,-0.080259575655322379
0.25437173557074344,-0.060391764450768493
0.28856943231822862,-0.046725965117491046
0.29911100578398758,-0.0318892259350088
0.31053329082737841,-0.023173792516243547
0.30458975607559774,-0.020178599514863366
0.28648606141067151,-0.034103999677824397
0.25003134298586904,-0.052709028448677329
0.20244601865258838,-0.063202890745724646
0.14495928420613766,-0.089415919365288588
0.087897519716469141,-0.10116990192862693
0.040434718495754168,-0.12705183721724167
-0.0067619791494017804,-0.1268265723220636
-0.044612954411148688,-0.12712324596943134
-0.058656054775183868,-0.11534737246494241
-0.056451754423029479,-0.1001296601965934
-0.054378041695252101,-0.069590850207793611
-0.016995678604885489,-0.027689832313431532
0.034191605342331878,0.013621584030790168
0.08776689662646657,0.074061559239504332
0.12342805943375412,0.11712593598569035
0.16714574612272137,0.16201176702208814
0.21213751615298104,0.20202346821418263
0.24037990124041428,0.21525506529918109
0.24898332991310038,0.22069782873875626
0.25435483357177985,0.21965046234414221
0.25391333764315044,0.20635027945660642
0.24555294147981599,0.18246137347744099
0.24689487412484959,0.13467877151141666
0.23211261663053948,0.083175242961165033
0.24434895046111327,0.03188748144952782
0.24750158361688482,-0.02067422095680789
0.25906074729646889,-0.079544456805110866
0.27516842362173694,-0.13179488260780017
0.29270340955754637,-0.18423193103711794
0.30058442318096085,-0.21170185361237631
0.31156510103150964,-0.2444995636210302
0.30347025239421616,-0.25868058745164313
0.28150949992963514,-0.25775721447061678
0.26341465631095767,-0.25188173232023148
0.21757162006806133,-0.22427773585480046
0.15788260058089026,-0.18215066592489995
0.10501795105479179,-0.14431518841663432
0.053248034664042092,-0.084383756587003131
0.0016739034180773124,-0.014972618339440314
-0.035659066512899566,0.039638021840880958
-0.067538909142651926,0.11289408764947642
-0.07765443458277381,0.17864206115080711
-0.075889023017203378,0.22423002141060844
-0.0630011551302012,0.27011492610216226
-0.046049151198955175,0.28987878168030856
-0.027991121945926553,0.31684040159899429
-0.0100912454546745,0.31266235771391898
-0.0018630654517513593,0.29484826628870259
-0.01128877975193031,0.26072639153552518
-0.010169091222276768,0.21449697355795724
-0.049141822606659828,0.17187042537941527
-0.077399007930450403,0.12218435621230476
-0.1106427732241244,0.070311504814531925
-0.14743676708333228,0.018594009671303167
-0.16598082587027244,-0.030764994279091126
-0.15880838838876976,-0.074815857673297015
-0.13850713589335206,-0.092974425114237425
-0.10792145671715404,-0.12527497789357034
-0.055753750814249617,-0.13582409022372194
-0.0033310753298039526,-0.13863052517202662
0.068216045477960063,-0.12654185380477934
0.12690814148014612,-0.1071346001990611
0.17209122528552437,-0.071865793403741676
0.2051053164488009,-0.034152718370676349
0.21251364397239361,0.025940780032497099
0.21230170508313431,0.066609573971008001
0.18378470394502028,0.13273459215817485
0.12898672065395481,0.18687724829220539
0.055599203205235183,0.22466551892829478
-0.0038821995713443943,0.24879351160834526
-0.06544168292342098,0.26546271000344834
-0.12020304261725237,0.24385799480093617
-0.13876386845543784,0.2234712815576726
-0.16631119479150283,0.15985877251226185
-0.15423445031505761,0.084437703093685409
-0.12438267635876214,0.0063409908189680005
-0.083570876059132368,-0.07829541788506475
-0.03572228030043921,-0.16866267876440386
0.005964855672151971,-0.23631627897912419
0.041261883063288964,-0.27628109018817748
0.071781804176030209,-0.29522945342232298
0.085245536509476111,-0.2975596751835099
0.087838289969566927,-0.26562492229786755
0.076154384366090622,-0.21479227007893675
0.054525040044988517,-0.15710519514390542
0.030284200255861135,-0.098324725601493815
0.0095580709983516133,-0.04298025355379765
0.0049361317154519172,-0.0020414254103359891
-0.00031977037516409357,0.0058645907565546143
0.0072411397422474377,-0.0059242400028829403
0.03012823642035372,-0.032820880201875298
0.050735508329255073,-0.096878266528148946
0.084950434069028261,-0.15859965786917371
0.10214262343856986,-0.22518573435151626
0.10690542599867781,-0.28967871914736548
0.10377628258423413,-0.3132515131959292
0.076591028512218648,-0.31606860464357334
0.028479591842008406,-0.28638142023890883
-0.025095011296404707,-0.22638856273176811
-0.10592281016625844,-0.15104138007312579
-0.1692828486586381,-0.054186717410441204
-0.229390577236599,0.035108091815141157
-0.27915905524651524,0.12638946224663825
-0.29911189437814406,0.18913208145545551
-0.29823357949257762,0.23563580401321127
-0.27186922754805337,0.25421870479198883
-0.22745890822773401,0.24608211647966302
-0.15910280187459763,0.20566306627281841
-0.078677604736111739,0.16051577494992431
-0.0029366289687743291,0.11190172745327982
0.06909616756401879,0.052464726833640923
0.11997860245931197,0.0057784930353905056
0.14588205260093659,-0.0033751796312988325
0.16048690580605043,-0.013459940269107769
0.14891011823315534,-0.0067526930772925653
0.11518239786094815,0.027068839455832348
0.071666584386937904,0.064953843581339168
0.025178629354034334,0.10301530958637389
-0.025895985828583028,0.13989904142610265
-0.048168724271197332,0.14922169498812016
-0.065557138893297506,0.14663581717359545
-0.067472583842287631,0.1358827145960346
-0.046777186544122877,0.10277986715417402
-0.023689819931624723,0.055505021461268039
0.012543127984271218,0.0032484706035106684
0.049835415655959406,-0.049945215137054272
0.086555656498352992,-0.097516935731362622
0.11326592278893639,-0.13292980658857145
0.1308922743360583,-0.16006736403844163
0.13501679795509022,-0.16183918920425136
0.12379038810170272,-0.15699170879797641
0.089183215090346712,-0.12357468449384638
0.062650525997428347,-0.096875642503373563
0.0091919095430369174,-0.088977350536862662
-0.026180512166185138,-0.069378825385565071
-0.082730125065056795,-0.068272164114022399
-0.12128950340035706,-0.071264485949713699
-0.15737226579295316,-0.1034030241227922
-0.17622681250527317,-0.15599537611310293
-0.2021509279436268,-0.19641211642476328
-0.20680774934383012,-0.23906367278671095
-0.19979448746613557,-0.27401371045015122
-0.18329314234664718,-0.30496500157207873
-0.14857035215566916,-0.30569332017610407
-0.11411965893986531,-0.29240314547888985
-0.061451527092390316,-0.25838594038621082
-0.015344555664871581,-0.19159043243172214
0.036120202898851962,-0.11482513550595497
0.099194156201195816,-0.029261228726903322
0.1504281488069617,0.062855284583038698
0.20717986725397755,0.15146523973134196
0.24290784928341955,0.22688938562581917
0.26555556367660832,0.2805868551769034
0.28679932261710117,0.3342571417448893
0.26968589808299132,0.34970759479367308
0.25123320393777226,0.36076105861495683
0.22242494841171562,0.34043556580788265
0.17506018443357707,0.32078320668760313
0.12525132889798496,0.28853442912958988
0.078968377544868712,0.26650551687354451
0.028130816227020912,0.23782100788990537
-0.015629594632210492,0.22785950007522962
-0.059615828901111056,0.20858266797031935
-0.096717327337149203,0.20988313309998732
-0.12119673225131417,0.21372369096086136
-0.15115291542063555,0.21251915529509491
-0.16592912770044074,0.21209230963312642
-0.17768719665922131,0.21702539409210983
-0.18436966216808448,0.20703043927628195
-0.18451243910489093,0.19208348166345932
-0.18324391937752665,0.18037620227537773
-0.16819376431108282,0.15296043231495079
-0.15674183980042763,0.12962176389489161
-0.13379974565939937,0.11737178378337394
-0.10421514111269746,0.11356843523151042
-0.069142638261342801,0.10607576210493726
-0.02872929347750907,0.10884292890283831
0.0057369319047236716,0.10197242345939114
0.046793483744675075,0.1230090502923868
0.082183915152223674,0.13936211814162439
0.12455613905428897,0.15660973966382422
0.15953079628694522,0.179412048495393
0.19955314749569164,0.18492213136448271
0.2355282063115014,0.19305567665399584
0.25363099717034032,0.20084449240190383
0.2763929861041185,0.18647166880475552
0.30420058435018732,0.17825387981953653
0.31192799519136027,0.15088115113847461
0.32249205542110881,0.13877470924954352
0.30755181676139853,0.10465393629480473
0.28384835178459894,0.080972084003996747
0.2377485375469518,0.060922554239772962
0.19747920007768791,0.032189771895451441
0.14092608242892357,0.019042099992440876
0.064675032570741628,0.0023926777239457516
0.0005736950008848312,-0.013825422409876425
-0.075850282457881585,-0.010192214977131651
-0.13758789727386903,-0.010659647827171468
-0.1982184459701273,-0.0019970674841134455
-0.2472234745667356,0.020883714742048622
-0.26883646682716883,0.042142841283134926
-0.27868043268061615,0.065462179770962706
-0.27600015259320365,0.093040392116783527
-0.24636494843215756,0.12565092463453068
-0.22646696780818215,0.15881208467905755
-0.17601485964382393,0.19024323541428587
-0.14488205617569183,0.22372427266692702
-0.087764099579596883,0.24757913666437631
-0.027415445571902654,0.27703982612272565
0.020532631763348144,0.2855385871042212
0.055910948884871373,0.28748522897089301
0.088455069551084856,0.2819474833893485
0.11484760359478557,0.27282196257476771
0.13588062146412405,0.25197466849332445
0.14114921178927425,0.21700626000076273
0.12993954242994973,0.19907725145604549
0.11405439156178326,0.17125783258642507
0.09671433452074904,0.14635078155737011
0.059181608650373745,0.12128379250941775
0.024087721106648835,0.10297706623590548
-0.019145422769919099,0.074354920398109911
-0.051094711104880806,0.049501594415076108
-0.086832466034468758,0.037811811083201141
-0.10164022926941281,0.017253922296801026
-0.12469542403629874,-0.017486176473495409
-0.13221618430002752,-0.057187268333311128
-0.13293937301709163,-0.085765678417029312
-0.12667179761035507,-0.12018506915124509
-0.11703276003544733,-0.14767255333364016
-0.10849647619457302,-0.16809223627325565
-0.094901174432042365,-0.18117454207896871
-0.095309881748083122,-0.16058476427123822
-0.10265607357846469,-0.13888319344825265
-0.1131859686787875,-0.095126953646566662
-0.12954580745278516,-0.040977292920777661
-0.14876489884703364,0.023068848346672933
-0.1996389115338244,0.091079707950174768
-0.22749608639372595,0.13890068461980398
-0.25183462351083313,0.18115780245917701
-0.27063090746618312,0.20887105615923582
-0.27890849920048028,0.21901160322147689
-0.28397684344397733,0.20961543825861445
-0.26718286685332754,0.17095659192096677
-0.22804891619917403,0.11902110433574721
-0.18136844753051951,0.062640065904313702
-0.14372415277736086,0.022298770480864614
-0.10817262960108844,-0.023657146140220617
-0.066396122289583831,-0.044720193959111844
-0.015540457150770362,-0.069876657801129671
0.021026647887529577,-0.060816069482764586
0.043173344264093208,-0.029076151393489159
0.069552897102419672,0.0093130906858945282
0.086581153454603266,0.07032068391605871
0.10234856182179836,0.14114602556520542
0.12943050612875986,0.19060664644620037
0.14592308106066479,0.24330092351596902
0.16657813875474739,0.2864334260799441
0.20517266202235693,0.31584423038230414
0.22525172623473527,0.31837408829056613
0.2531803617061425,0.31158300278416451
0.28232169030493154,0.29852762448488362
0.29486069973625845,0.27136342023916982
0.30250432881373968,0.23637103171120721
0.30980958472829145,0.19536094129203302
0.2864741549433093,0.16723431149365536
0.24743273311308595,0.13852606596870964
0.20733895374221881,0.11512513178748664
0.16411348362854891,0.10371622469181226
0.10913213481142353,0.090987168856661735
0.052969694980934984,0.093519998115040748
-0.0017104884654382444,0.075134404940450095
-0.032601343264284516,0.071333398833146211
-0.059048906017973107,0.058641042510015964
-0.061730741766594807,0.036179271425959447
-0.06748629397890632,0.019958650235025206
-0.048108742016822657,0.016664258604490299
-0.043693736347661521,-0.0029133233495379318
-0.02173072677981704,-0.0074875125884014387
-0.012632085249794551,-0.0023307772665148623
-0.015902488960340334,0.014761238006722197
-0.023892376223667206,0.016958528728560324
-0.030801073855597619,0.051720148801525423
-0.056855236789268675,0.080992738892822755
-0.092557008084082945,0.12700935997775148
-0.13225341780874486,0.16429856971750756
-0.16618663704441272,0.20135869965990835
-0.19413756411952016,0.23890386981899378
-0.19615857614586141,0.27436330290031363
-0.20382301857369289,0.29225359478828355
-0.1880375773512809,0.29373669416245229
-0.16236874856114125,0.28530672792186185
-0.10834646312662348,0.27169478633157812
-0.068396183025532006,0.26684978244072444
-0.019766113805542319,0.25041181242459526
0.042622852677882628,0.2401072593590296
0.082311641594065357,0.23896092664397578
0.11897427894342552,0.23405224069367811
0.15238643981568811,0.25242341850274563
0.17172913902727477,0.26599403367925406
0.17557539441747985,0.29415260185633069
0.16932581510512237,0.3084749301657953
0.14043989623206404,0.33021035831892609
0.11333510645748644,0.32349594961236117
0.06861659060118469,0.30972380292706331
0.031734730778589876,0.28656436085340653
-0.00046989277328457479,0.24487348849152601
-0.060877260715715205,0.18776324449735485
-0.10256724891844526,0.1039978677170013
-0.14725981732402366,0.026055596112346098
-0.18945866804840916,-0.044740769720298182
-0.22216850901497243,-0.11615740898934727
-0.25193150024321143,-0.16616573771714688
-0.26490321902981045,-0.21676773427045906
-0.27014562725739116,-0.22594669719744051
-0.277730239491011,-0.22559473780871173
-0.26448726783228976,-0.23151727266795388
-0.26042173452918793,-0.19970027926611722
-0.24215674882500338,-0.17973023498953722
-0.22225574901889467,-0.15350177260214085
-0.20608959563076443,-0.12547530874147361
-0.18696906260376461,-0.10137077613632424
-0.17019807435777493,-0.097890105276022737
-0.17159344898833884,-0.076334525083611174
-0.15425392315117897,-0.082765994156485945
-0.16376288424084715,-0.077557371226603139
-0.15779465264210896,-0.088073306415970054
-0.16463748631465838,-0.097356510156753603
-0.17579839206780301,-0.10327126485539999
-0.18552123691846653,-0.11235200667153078
-0.2029734652242583,-0.12253594901538785
-0.20724446869675131,-0.1208953500560494
-0.22124403931167272,-0.1146995302829279
-0.21620721632114046,-0.10039197858112293
-0.2104922524691995,-0.079345061846869097
-0.20219638311776517,-0.045864029645110875
-0.20849712708985654,-0.017439639257570652
-0.18740760368764744,0.028847441148837194
-0.16908664827582781,0.082040881382307113
-0.15071439958548966,0.13452432333496092
-0.13497097710547562,0.18511921856346378
-0.11218768045095649,0.23169124340058161
-0.085825142838740903,0.26034341289821172
-0.063803719482914772,0.28873835938463682
-0.041681941845360886,0.2931435365455915
-0.029772758488827857,0.27651181078529558
-0.023078312385949068,0.24574403610032217
-0.024084179644188176,0.17695261546830537
-0.023501560676915542,0.10851188246094023
-0.033050134345520947,0.034328916914777199
-0.028367095067867956,-0.061377512923337436
-0.048520563296718271,-0.13345199015833595
-0.054138630578201438,-0.2154533047512984
-0.051910271288103223,-0.2806438961356979
-0.044927129170477066,-0.32390791026549348
-0.029693650961985445,-0.34797475873339506
0.00052405624438105159,-0.35408209269913027
0.011867361636762091,-0.34523016755380415
0.046252125887784296,-0.31905387629672305
0.07207112158267108,-0.27753514635956611
0.09881787598838003,-0.22970765612605012
0.11678598881087254,-0.17854782982154932
0.13401726566953928,-0.13591225232581672
0.14791947974193811,-0.069890535371001858
0.15480520793849736,-0.014065156239592185
0.1695461161537358,0.041140652551969178
0.17764939272577857,0.079591550469234912
0.18284199947207178,0.11525195988749937
0.18620451180159886,0.15007524498253644
0.1875183452073961,0.18576636937660318
0.20236876726408931,0.20181552939330127
0.20383395316542136,0.21567563146552926
0.21657047554947045,0.22593564732742671
0.21511253769528818,0.22258444991989876
0.22381330689329271,0.21442141531348333
0.23334840968222398,0.21500299202435152
0.25076242494119061,0.20807678939322211
0.25217669068567811,0.18722699925364561
0.26288108121781156,0.18380393873989617
0.28362726389159654,0.17664314803832198
0.29585187223753517,0.16688359069681152
0.30488972275249987,0.15892648679372506
0.31519686457102919,0.16476381087945713
0.31421106185084546,0.17717998491067888
0.2997001907716893,0.18478296835895014
0.28692044628822516,0.18383156068455728
0.24954155675188577,0.20702092170611622
0.21215410728424669,0.21267743841414824
0.16503693676662853,0.22398271876651352
0.11403641883149986,0.23365719638777541
0.070062541371040135,0.240105794306892
0.044420020418808992,0.25138106009298206
0.024380711346067174,0.25343349352430455
0.019276432312171903,0.26278187385998525
0.01631308800395757,0.2604022230723666
0.04024799441597101,0.26265720228979733
0.080051425637150619,0.25537213999685032
0.10973796991806152,0.25575088605044349
0.13214664272861928,0.24946323145323956
0.15247286831154036,0.22556035919031855
0.14863086834767805,0.21430085675821164
0.14122154137810011,0.18636806883680815
0.10566001204756567,0.17140464447165615
0.063255421877126086,0.13978355189525127
-0.0011272385140963152,0.11534306867981382
-0.061279797407839107,0.070183553400340035
-0.1209185154769598,0.05048297654099046
-0.16775048336517773,0.01262489891828796
-0.20616098494880977,-0.016878746926859273
-0.20559865149833853,-0.042281048071395308
-0.19739134661068072,-0.063547868120447062
-0.16505307137321021,-0.088561413543271697
-0.10532560609834611,-0.10954061663647804
-0.036056146530214647,-0.12388047361553131
0.040005208732692803,-0.13229107605135407
0.12611691729034488,-0.1496440412795948
0.21392799016119049,-0.16435575770764099
0.28140267679554909,-0.16977832328767462
0.33738987037187063,-0.17860151182702122
0.38395160158670461,-0.19795158754569689
0.39556017380405734,-0.21583113488283265
0.39412239009254585,-0.21258807336648092
0.39656313212906358,-0.21649712304487534
0.3520970539412116,-0.20360258223725081
0.31267418209458497,-0.17663456543398237
0.26119685822542649,-0.13373416261642179
0.19680432353947575,-0.080721545395037841
0.12514161664856405,-0.01780426908641318
0.05020274597463819,0.038841848574846162
-0.0286597266423004,0.11042002641319423
-0.10195635674341119,0.15497484105360915
-0.15963537817405232,0.18920588377037761
-0.22497423709892314,0.21807865819947983
-0.27436985411452297,0.21537911188064496
-0.29366742827405296,0.19777046508900484
-0.31076000492941996,0.13800957469888195
-0.29365965771897928,0.089598465723957535
-0.285171449394508,0.011409466744499856
-0.25068726695788601,-0.069110551953426275
-0.19623153616131894,-0.13420204517123396
-0.14986135737415993,-0.18842456782737788
-0.10355713074729327,-0.22816773793576703
-0.04634738164821936,-0.23423879293059888
5.160053696478227e-05,-0.23380383756654802
0.047313645606598939,-0.19993279668494057
0.093768852387869694,-0.16963599363203483
0.13507701896058635,-0.11591336028902191
0.16752312854412443,-0.065553499198695561
0.20877567049469187,-0.033077374732049053
0.24518917455094147,-0.012035684914147068
0.28696582150951788,0.012046308358909493
0.31545606349729483,0.0094630111869865065
0.34421316771011934,0.014414770242719661
0.36504125718903463,-0.0098944146400841877
0.3598338351033184,-0.01418901904733701
0.34896131866153923,-0.022126381425602408
0.31650963909149366,-0.014580021121141817
0.28117439183999698,0.012857282117183903
0.21200914180507383,0.043445131469594771
0.1450385874395104,0.093416141842900258
0.05727954059329822,0.14095190090832765
-0.020417236791777409,0.1852590144428955
-0.093084154045170467,0.22492357742032021
-0.16839839556171032,0.26958633406929594
-0.22120403967858501,0.28323836055240587
-0.26204517184074849,0.28082747585283518
-0.28477302852112102,0.27807280305679588
-0.30759159184832963,0.23552646201522415
-0.29968344808216896,0.1913261349408209
-0.28159754401345233,0.13997939602990964
-0.24946035596584157,0.076348895208788126
-0.2192693349590786,0.031950348564161853
-0.16253806034314977,-0.0091163871476650574
-0.11615201205203238,-0.048909849487131139
-0.062617845597498972,-0.061869100953463735
-0.019788493439690674,-0.074930724849806285
0.030574274266223077,-0.061297845258568309
0.05565305719430453,-0.04057628548047202
0.07806989929227387,-0.023358177519413742
0.086008786512685315,0.016399297108647463
0.066815671395643594,0.063380983294001964
0.049651515274603181,0.10421044041360479
0.0099995164576646162,0.16600455042422843
-0.045776000415397242,0.20336263094060494
-0.086673440469212243,0.24951156238177186
-0.15096057681101749,0.28825073865049849
-0.19398289504739205,0.30751894945948988
-0.23719507233794246,0.31292766806497452
-0.26254737605915035,0.30373349383305226
-0.2771713289920924,0.2809878408428495
-0.25594316955474034,0.22872097798873803
-0.23175593667013106,0.17198093023315791
-0.19045155382034004,0.10639545256449225
-0.14079455102129876,0.021876065372372126
-0.080842604664976045,-0.045530931013450196
-0.012557725679476606,-0.11030481711779354
0.059468504268528642,-0.16894834495360686
0.11324726221237447,-0.20280701167814427
0.16332276126564368,-0.22027878633678774
0.20865574604406936,-0.22689554426451014
0.24382056117335618,-0.22332589454378265
0.25511889028002621,-0.1883580853189058
0.25108680258676225,-0.17618471062257726
0.24053534490892578,-0.13232968441459342
0.22283065183207099,-0.10888337971540205
0.1929433785966925,-0.090064560244714265
0.15877926688224542,-0.097467560142331197
0.11225085972062725,-0.089795101327888802
0.055735012234002838,-0.10913776336721331
0.0060076597951243677,-0.12187382455499171
-0.045234532242153583,-0.13271549965493745
-0.084927025868487271,-0.13722337182082137
-0.11357747617457348,-0.14186974469321881
-0.13583119654811085,-0.11930425540508098
-0.1453699757649155,-0.099812515723908216
-0.13280088896677933,-0.059138225448410152
-0.13587867839953421,-0.031876844382871763
-0.092730821551414419,0.016393905031490959
-0.075309671927263025,0.066494920857509618
-0.057083612216085038,0.10208584037213005
-0.052359113246795,0.14648672206533642
-0.064193262080808194,0.18212690448127744
-0.10107086276488239,0.21248277319949302
-0.1377359736387001,0.22604777882671195
-0.20309134719179725,0.2409442597957803
-0.24871556790974161,0.23748636470830842
-0.30400494452282872,0.23487434045575972
-0.34242548132958106,0.21448635075243952
-0.34053568072351548,0.17840436152451802
-0.32196987860548831,0.14094213623058424
-0.26528418345281335,0.085769570208953802
-0.18307125306730931,0.022442751059189022
-0.088874076928727272,-0.047146262077565337
0.019411855404751537,-0.10468664831673578
0.11647031270770926,-0.15632727673481595
0.20726700528386094,-0.1750644736116703
0.24779625941880662,-0.17540091668905847
0.24778365953322315,-0.14902607195595322
0.21606070283560136,-0.10063459997691675
0.15608676902525867,-0.021627359388072302
0.048623658521869735,0.062651352390897169
-0.04987753399943997,0.15176145938036739
-0.1634285510886479,0.23035957269809712
-0.25157954957525697,0.2861296296296047
-0.30619285521449868,0.32182603522840347
-0.32615143320495149,0.30783092721487204
-0.3008781585139268,0.26930521446668731
-0.24234262761654815,0.20560840281458528
-0.17092489039353595,0.10342351069584926
-0.06217402014149831,-0.007091520085493754
0.044554456745552085,-0.11637177830239652
0.13412017289073827,-0.21768176800198619
0.20468314595915477,-0.28052356649478399
0.24995210380091476,-0.3177537773901899
0.23761642145477366,-0.30570276507841293
0.20429287183365191,-0.26739609032252354
0.13583990071466567,-0.18949880278221759
0.042387832130480876,-0.075294406439621694
-0.052078485455915452,0.033400842868384878
-0.14506245486207056,0.14768327428033762
-0.23477133742418346,0.24335825102379427
-0.29956142977852818,0.30816061402976369
-0.3472024253698322,0.35905117568079198
-0.36284908089981388,0.36697529832546777
-0.3506868264417447,0.34621147451464612
-0.3309785340731336,0.29921055697187593
-0.29977887808815018,0.23799734656248575
-0.24949240160899744,0.18103336563358932
-0.20515201973440383,0.11289739466683386
-0.16490715991620741,0.065182351604893315
-0.13677312055320223,0.029975949331619397
-0.1137917169165914,0.0046777723827581066
-0.080488086375917367,-0.0078413323867850774
-0.06283103335769008,-0.02910777433613166
-0.052384411285439317,-0.034160666092877587
-0.040461010780601402,-0.033344080285427603
-0.037811962112316334,-0.056959142074559085
-0.041512983272828922,-0.077537637327823719
-0.037600531839225751,-0.11643079805626948
-0.046226292704684556,-0.13841854341219337
-0.048065056824550687,-0.1842405026844367
-0.067081714411506121,-0.21916052124421459
-0.076454407139532554,-0.23098941611370485
-0.070895464880224288,-0.24635418542628854
-0.065394462536635431,-0.23690929816000628
-0.055132445643467767,-0.20854245731345872
-0.020156034677657059,-0.16925171875588285
0.00057627950716881244,-0.10637624373196183
0.041259198229245002,-0.04081952585580445
0.078986581471186576,0.035063846976660901
0.11021664399881924,0.11256688270719753
0.14654633996702596,0.18397584834157429
0.14273839333944557,0.23689429774519075
0.13916223678342307,0.27729699369005201
0.10800753250409903,0.31154475605866255
0.067268321464517278,0.31579180860692546
0.014814030777292968,0.31402553937829714
-0.042312285655560757,0.29516874412450606
-0.10870801386302449,0.27955856827960834
-0.16589282288217383,0.24567953343374771
-0.20224516016803321,0.21683691293436549
-0.21207081974626077,0.174014452071617
-0.2230644404743973,0.13920869886729537
-0.2039758155205755,0.11214545926257936
-0.16927815543451361,0.076890591273488143
-0.12911662616192693,0.053257087058222387
-0.083001451240644022,0.025033627529468028
-0.041178379655479234,0.010292773194750669
-0.012440849612486675,-0.021408660995825658
-0.0040149933588345729,-0.042690307044643452
-0.013591391314570624,-0.048847392214844139
-0.03192137835590738,-0.060318070427580403
-0.083860784409525962,-0.072803869306046515
-0.13673188395301925,-0.065437581174870404
-0.1928728838496743,-0.054281842178012366
-0.24504021603361034,-0.049584746587161214
-0.28270447575723329,-0.044890462583707096
-0.30059751791046846,-0.0303388664324446
-0.30001049669753665,-0.019633869339272976
-0.29477375113862753,-0.0069666115149304569
-0.26942767533554457,0.012244719936875034
-0.24320458735760414,0.023258329551392273
-0.21584334317728646,0.035249754918588061
-0.19411747859018194,0.047666388507762711
-0.16356125616758252,0.068768831878720724
-0.16624200098715991,0.090870090079854055
-0.17085950673451544,0.11816105936866278
-0.18604400874553806,0.15080905502166467
-0.21428577846398822,0.18646228977880211
-0.23897284523187753,0.20946544025923558
-0.26131925680788287,0.22631820023170401
-0.2843923796138968,0.24828157570608581
-0.28468440496608877,0.23826459578532355
-0.27588913513170038,0.21001955619018117
-0.25842242107373142,0.17673804019193623
-0.22762102900819595,0.12637161738272418
-0.17549813653035071,0.069429306391958087
-0.12415785897143267,0.013106322810186477
-0.064473035614392257,-0.028972200076298509
0.0097363929124486583,-0.059914080845318997
0.077527071263255712,-0.07005877150453832
0.13132630379222646,-0.064461707126565945
0.18337138827653826,-0.032955813910184498
0.21783428331077853,0.020269530108053047
0.24398842903427664,0.07109988849859615
0.26887809281831826,0.14530847318775117
0.26894851584965368,0.20107569221257712
0.2731440158203412,0.2490434087120503
0.26636987441176768,0.27619860299870397
0.24506270778029562,0.28620870393232245
0.22018651447203488,0.27214512343466241
0.21226746887409351,0.20979674786365271
0.18793048249609709,0.15605707707684607
0.16000895679183769,0.073397189461084755
0.1429787433918423,-0.024358726919944469
0.11542828902418346,-0.10767067421228947
0.089085236339938825,-0.20490403887946806
0.066858489441939173,-0.2787507094057538
0.026263990167173512,-0.33980030876869044
0.0033001598942929786,-0.38117468909179647
-0.021737069448672694,-0.39822270759594863
-0.045216688967691272,-0.40966381862778761
-0.047086830485059315,-0.38453204239620509
-0.038124638504529004,-0.35451929296259782
-0.023473291161127161,-0.30998965521443428
0.010036594757521333,-0.25440376564167289
0.047872387216208977,-0.1907521861938013
0.10295211575944906,-0.12978855141193385
0.16620792178169674,-0.068817161096117255
0.21360224422150009,-0.01760771267578163
0.24921709785268104,0.042253628111601577
0.27208421565718049,0.075517245481134879
0.2558124795468979,0.09273575658575843
0.22852449563144492,0.11226992010942854
0.16526412108452754,0.10740131777217665
0.092735250040699574,0.094309528957807351
-0.0036641324038186309,0.051883039701672164
-0.10254503403391617,0.021303022359188874
-0.18427068101929633,-0.033079394763547564
-0.26224040235769625,-0.086855258882677533
-0.30544999189758071,-0.13682090010267073
-0.31601334537393078,-0.18700575926687393
-0.27725382973333196,-0.22646230758066446
-0.22620481767988221,-0.25688194206959347
-0.1325234776005666,-0.28633796351545704
-0.02816332263219605,-0.29544133928290717
0.083055777774827338,-0.30006007729752199
0.18723431763255285,-0.2996789154080623
0.27562294230753809,-0.28377106199490887
0.31211603707375235,-0.26626054852492775
0.32984696940527125,-0.24656232556939583
0.32421431648969018,-0.22258339072025557
0.27328650315879399,-0.20656958628874628
0.2178166716931616,-0.18678887646661399
0.13591924559613192,-0.16701987053036119
0.074207513427470895,-0.15874954013971362
0.011428514623153623,-0.16731295166583934
-0.021090547496579435,-0.16672979570130325
-0.016432317445008244,-0.19622606926182845
-0.0022426569329892297,-0.20935567346917133
0.03582071393077825,-0.23477867744677167
0.087900232914489451,-0.27386541656216568
0.13864120435900576,-0.29906611952626977
0.18580571124491382,-0.30861482632797516
0.20511179281256375,-0.31235515508397887
0.23517867222350219,-0.30093304850140956
0.22112334318133919,-0.25663910980512156
0.20023335590146787,-0.20967205392200863
0.16371122945140495,-0.14370233774657559
0.12517713470433972,-0.074117551544728932
0.087520719109070444,-0.004470782342042524
0.045896191806469019,0.057826355935634864
0.02510033497917559,0.082675329072037396
0.005403855249905316,0.082469492668062958
0.011370505251643298,0.059307765889892464
0.039061192148125506,0.012067010697327449
0.068821245766292991,-0.053636613727929154
0.11352504859950069,-0.12803523458312577
0.15301005630599718,-0.20144193829224383
0.20434091824585404,-0.26734101140181316
0.24086262068440006,-0.30300972220011679
0.26961986087306183,-0.30800698628155099
0.28860837029015352,-0.28799040795705583
0.31329650182692426,-0.25859659247329003
0.30919577619676447,-0.17608467128522728
0.31175487885045722,-0.10769713355208101
0.28448874844249394,-0.030968345807923757
0.26165104862308325,0.02547163187181729
0.23212431165713726,0.065375555753707279
0.19178682436283287,0.080048069602930955
0.14255023923623383,0.069343864324624374
0.10434050538480533,0.024832307717284025
0.04253925086377696,-0.028187759837890677
-0.0050357868956034928,-0.099455920918691446
-0.053223623475858087,-0.16629059550976966
-0.087236803904591778,-0.23340937752992699
-0.12127775956331527,-0.26993856241171804
-0.13541964200148865,-0.29359089592047177
-0.13290940676215227,-0.2910102233302661
-0.11348385760139977,-0.26221232694135221
-0.091352404532939829,-0.20927383621912612
-0.072641214188715247,-0.1440218951326688
-0.038877396526847428,-0.078371830573640056
-0.018136607220282045,0.0010789859118953836
-0.0082862709043978362,0.065721804243175586
-0.0092586138345944775,0.12672128268268343
-0.032876023962902165,0.16874765234187183
-0.054445409812788552,0.20494064093747519
-0.10917872296688448,0.20910224066433902
-0.15251179144007448,0.2101418561028929
-0.18260359474715626,0.18072725744145354
-0.21117686917430448,0.14946160821010135
-0.22304125666233363,0.095514029913442891
-0.21080673772001415,0.043663957630617416
-0.1845150191260127,-0.026008731067191711
-0.1442190405524241,-0.08750522774205248
-0.092212909236397439,-0.15159965723847954
-0.02650144101091146,-0.21524165366299103
0.03522698764502423,-0.2578889795458657
0.080618657582114839,-0.29729957848996447
0.12687118964178207,-0.29967483107157544
0.13294365889254339,-0.28723145544188899
0.12272699132460387,-0.24397827925820936
0.093060698384714216,-0.18915106160905998
0.03602235320419829,-0.11335529398788967
-0.0087440426606988936,-0.021577392552270848
-0.076790741219433828,0.049869913265141882
-0.15208401566029486,0.12014804229909891
-0.21429133195593467,0.18257347329835322
-0.26899307873715023,0.21624197836951958
-0.32000886787402327,0.22145097602481856
-0.35620979488753068,0.20678584803979871
-0.3650725783014333,0.15909980010018146
-0.36982545361278091,0.1055258533662603
-0.36420815204079343,0.035972331164725722
-0.3417821303000666,-0.034696438610057952
-0.30600351021399169,-0.10312488290203757
-0.26887109002557336,-0.15419016041162387
-0.22877966941128308,-0.16925534196531122
-0.18014291956402975,-0.18510191733210005
-0.11685495204330978,-0.18228388698593748
-0.073651944355383317,-0.16099531866795266
-0.045995060466218582,-0.14037839936275398
-0.012224681909408624,-0.10469021265427501
-0.0076276549421821806,-0.092302727641972004
-0.01938862519593796,-0.06986740284651298
-0.049201054867665212,-0.074786659494160967
-0.090887159521933103,-0.077918068173802743
-0.13049589006626319,-0.084270061458675799
-0.18529551658549739,-0.10692021374073334
-0.24362899588173367,-0.11930093629628791
-0.28912693366393361,-0.12728242958903235
-0.30640400759699643,-0.10187917540447544
-0.29281788701373229,-0.069777882136356079
-0.25824021711911849,-0.032188139949148299
-0.2008753462455645,0.033420169533724266
-0.13464753358164427,0.096255793348617641
-0.047179792938040865,0.16894730410753062
0.044151416508718504,0.21574190351526421
0.1216477529929164,0.26897212762386952
0.18009999056115669,0.30252200107728605
0.22446538809853728,0.29454831547884858
0.25048911448876088,0.27443601293770969
0.22961916135236149,0.2354419015455371
0.1909309004142303,0.17520098557278363
0.15164808406440905,0.099193202463779301
0.1007697289925111,0.034323994304028806
0.048152866571184623,-0.042991348362228607
0.027275819229750451,-0.10576512719852375
0.010907012223342435,-0.15014677325032161
-0.0025177924831531117,-0.16263080924341036
0.027971261592096296,-0.16489941475792186
0.057067214813026408,-0.17334186596490622
0.095138920809846428,-0.14686993419610844
0.13802422169944767,-0.13061852796366186
0.16866021277749152,-0.10881975230688093
0.19523734648192276,-0.093530145266175493
0.20731514021542569,-0.087663087159711592
0.20300166258430047,-0.092786687900412543
0.18426465307799547,-0.108706336623382
0.14156430676795848,-0.12077638940758494
0.10572192053128324,-0.14728090016134335
0.059474095816166084,-0.17182763309844162
0.0053138694425514128,-0.18864011126627919
-0.046588499116103542,-0.19738051272531254
-0.11251501650425857,-0.20036934640390217
-0.16029098399174846,-0.1931020988960028
-0.20822372340922918,-0.17760764581646743
-0.25430945613175976,-0.14148490426644081
-0.27876777183943108,-0.10354122075124726
-0.30658182445720672,-0.07025515650396745
-0.31324761171493465,-0.034632846931366694
-0.2988472584818111,0.015928774608799007
-0.28476482611731174,0.042654884822645935
-0.23528982343463403,0.08098326419941021
-0.19944164030037614,0.097238555207047647
-0.14409615185530264,0.10558970739042747
-0.094602085505653785,0.12047692256023064
-0.050294658935238275,0.10726323484301729
-0.014399451510424934,0.096073725600050564
0.0012651263483617746,0.065127545180939522
-0.0081108490914766351,0.03466816027095912
-0.03317639387254219,-0.0015335987015987198
-0.072498069452619732,-0.043990834582423657
-0.13051716509281272,-0.08823733788570072
-0.19812578895857777,-0.14331272619724852
-0.24553196152077539,-0.18582166480255022
-0.30290370138257783,-0.22348432434389573
-0.30135681025672084,-0.25137742482217013
-0.29542720528059696,-0.2734923192992248
-0.26450852573404898,-0.27357723895866415
-0.20024989565085524,-0.26764457010284781
-0.11378032580298326,-0.26319841415750478
-0.037600135047910307,-0.20782461145762823
0.057306719274457463,-0.18219658895541666
0.14116791168754192,-0.12567647068132703
0.19088460035683891,-0.071840580314211047
0.2184361394231201,-0.032752921631599208
0.23065505987209683,0.015589746082387848
0.1987401026661311,0.049456562759118333
0.1238435526132465,0.089034978711434079
0.060634316673101811,0.10501661821901311
-0.0463729151868294,0.11863645520695595
-0.12702218273432592,0.11856376739994258
-0.20976840116972678,0.10676400789817403
-0.29187297678998436,0.095320652599739264
-0.36145347540522077,0.079125384969656654
-0.38411028674090103,0.063507356539598908
-0.39661608837534512,0.039704843738054975
-0.40531360576209802,0.0056792346084571926
-0.36840858774558993,-0.02232447475898184
-0.33123487034020221,-0.058545396256256599
-0.29450063845647001,-0.11530440373438669
-0.23768735635909555,-0.16263029169631729
-0.1862426532712477,-0.22161201513107703
-0.13413345097225871,-0.27321678837124419
-0.07645240593555358,-0.31688520823835925
-0.022784683902781634,-0.35519962692241985
0.031761115454145429,-0.35939317364569906
0.074633771030668067,-0.36261449878675295
0.1227567259619272,-0.33441014366528371
0.16390551992051991,-0.29018790506803083
0.2034641141703136,-0.22215381395834141
0.24562390224653555,-0.14081970965423804
0.26850954026384927,-0.038380849307857574
0.28080631128812633,0.057324877831736676
0.28508880775975287,0.15121723512733679
0.27408867171118634,0.22170992912713933
0.25238288691788235,0.26942684003890427
0.20828958822484953,0.29200366113534587
0.15843892747241617,0.27963982933434384
0.10534617697836585,0.24695607676337519
0.03248169098886796,0.19644033944598835
-0.013600017456868707,0.10479348138791608
-0.068684396507689413,0.019506436785064699
-0.10039874256206589,-0.071359115340401902
-0.12497418081374871,-0.15779291325703118
-0.13351568490513532,-0.22011163414101001
-0.12662106118722224,-0.26563629145236917
-0.097821129671244358,-0.2873453725144357
-0.071280884247633014,-0.29014620281914089
-0.026430165590121391,-0.27799296859731509
0.0079599203594630814,-0.250548616959548
0.035909785648367956,-0.23020963312143436
0.0501847554997992,-0.19096622087207918
0.057588067003818952,-0.16067622620981645
0.037863903952862654,-0.1321194612048501
0.022442867518914507,-0.11691014735247456
-0.0060068904706331193,-0.094589696348305163
-0.040491490591781504,-0.089356102822852904
-0.085945893907792462,-0.073276240974967627
-0.11272390533105484,-0.054057174059979653
-0.12858613329177321,-0.030185675578704916
-0.12836774162323891,0.0016140559478973939
-0.12505680165014577,0.047277405385456023
-0.073365501844626146,0.10130931221721287
-0.034740328905869693,0.16046514523671548
0.024378132021970342,0.21819594131087014
0.08995902193423147,0.2545096251074479
0.16573156741329093,0.29228887502431777
0.22030795551229218,0.29803217120215775
0.27674589354594936,0.28644617441229669
0.30949394891687576,0.26460919925725551
0.34897431045848892,0.21847478758945899
0.3574232404091614,0.15636850844863517
0.35991964240244134,0.10562747844106153
0.34487283767700977,0.033967976284424911
0.32367904551868376,-0.034652808460595382
0.29519229830972959,-0.086446734606508424
0.2548786901467146,-0.14079120744312271
0.20656924578985716,-0.16600498552418558
0.17048569021661483,-0.18452473195630575
0.13942250479769383,-0.18803426767979783
0.10079795401549965,-0.1767970660880831
0.067896303244186509,-0.18263594248668219
0.047143739423404489,-0.16607704427484751
0.039105729958429244,-0.1663615511768593
0.038879184595337846,-0.1645481962546867
0.051720436069319024,-0.17728507509955993
0.075040804404315375,-0.18569008651097108
0.1025286410842778,-0.2002713745352929
0.13232893442007446,-0.21118467406109437
0.15908775971004133,-0.22143682268237447
0.20670225740106729,-0.23099946377887692
0.23216142373027143,-0.21948178348481256
0.26507049959307355,-0.20472437561454465
0.27999489848601056,-0.18377971018740991
0.28919331582506957,-0.14744734673416995
0.29165203253622796,-0.098521223994600338
0.26673105520251456,-0.05457559310322297
0.24548053387645358,-0.011892667035412762
0.20633406444601149,0.014774158299857832
0.16874002657670106,0.041833465144970959
0.10640015580530646,0.046662368711695615
0.052067490954306635,0.046756810254743209
-0.0042201837709332918,0.019362448811943784
-0.057655177451637958,-0.0012039884064877987
-0.092436675117170311,-0.0364203749071128
-0.1403180886361256,-0.073186317579262902
-0.16685279754843685,-0.10707976378190519
-0.17846342786223343,-0.14918741695846735
-0.18876236090188805,-0.19100871998380375
-0.18558093581095009,-0.21137577346919148
-0.17701606282120441,-0.24089129786687624
-0.15302373923197676,-0.26598721397655062
-0.13330926748133501,-0.27179595063001977
-0.10768694230256777,-0.2691692625179446
-0.078946219664275813,-0.26019293691664669
-0.055054442202358334,-0.23713182001397753
-0.040544483598136151,-0.19715582035882215
-0.027493434915238917,-0.15015748838970741
-0.036219230320320907,-0.11133611242631961
-0.037450787816652717,-0.053994259879400944
-0.059165601477858563,0.0094482796031979573
-0.083183867079623011,0.055172681899627818
-0.12738310958726293,0.099187341546791832
-0.15357429905829648,0.12876414470108119
-0.18271575557160175,0.13782662546563065
-0.22342815355681317,0.12720644460794481
-0.2448776247044864,0.11400989409700756
-0.27589738652914353,0.090529620174686506
-0.27997335832944442,0.055073041214252057
-0.28477560957089587,0.024094680313173144
-0.26862813971113308,0.010821608578995419
-0.23193968125085479,-0.00041891428862981606
-0.19986154554980756,0.0093026416227553425
-0.14259957887886768,0.026044276648342593
-0.082849575219352059,0.069623755589363054
-0.021470163733251064,0.12939655761375535
0.057250360807616904,0.19117666169690717
0.13380952766468249,0.23871223286396767
0.1988536753359933,0.27793370651958327
0.24449812587436753,0.29433807093718251
0.27705250398646269,0.29624528870196754
0.29806633483877626,0.26633082890842236
0.29647188914297895,0.22034008060884019
0.28006979048496772,0.15125719117363964
0.25439034467428556,0.074865117153370714
0.20803081046847283,0.010938825079640991
0.17376250787259845,-0.051395315583792796
0.1161493123626573,-0.10527625975888617
0.097567710526923979,-0.13211321424208514
0.062001162579982456,-0.13915739592911699
0.041633739345576098,-0.13016343652139059
0.033215185227688897,-0.09755580290489789
0.02726742030848775,-0.055232507058570815
0.023849883657534682,-0.018045129826465358
0.0098929201240043584,0.031399115120657572
0.005029708830031415,0.073760556121073254
-0.018886581326828727,0.11314747600037306
-0.043192003455926865,0.14264491571343119
-0.072932043510467448,0.16100039314658529
-0.11114648658632008,0.16001871661956504
-0.14641872108650225,0.14943651092155694
-0.1790821542164821,0.12804517356950074
-0.19820380227376339,0.091105381582504294
-0.2019533250340203,0.037076510762067347
-0.19889487651037552,-0.02930218479396926
-0.18241820507622167,-0.081853858630814152
-0.15575743386161153,-0.1565805908201858
-0.11398027977677684,-0.22445269446921401
-0.06454776383918237,-0.28403059946868014
-0.029521513968896681,-0.32145727541167179
0.028096812435672632,-0.33879240576206782
0.08041222463987617,-0.34834795771498711
0.11866210043319599,-0.29737626037028303
0.1637255461497106,-0.2259148584570696
0.18812870126683423,-0.14057422800091149
0.20185298035721899,-0.040845485234255879
0.22108311195724503,0.068159847688179981
0.21821268208838657,0.16982840497036486
0.22026177989566412,0.25239117859495219
0.19813939845434489,0.30221304465865279
0.19254399230796054,0.32649431262268735
0.16234521302983515,0.29060038172283664
0.13833869210386845,0.22278170506074368
0.12123802362929567,0.12980763873079848
0.084181462117140018,0.012240169897689364
0.064587425360530526,-0.10879764925426474
0.049002943758856506,-0.20532749595461267
0.039521976528084549,-0.2796108529948686
0.044525911215771603,-0.32094709825698203
0.044347597854065245,-0.31655680420915
0.061975738765450435,-0.28243404357463053
0.077007292839544758,-0.20308520285968842
0.098933458864941037,-0.10993291359497055
0.12674611632072386,-0.0014619396397415815
0.14727856722085647,0.10831875457522708
0.16322288287295528,0.18861626085746355
0.18524378909090505,0.24662172061907336
0.1968697414995354,0.2688413231520444
0.19972493323256638,0.26794434932413119
0.18937117079596047,0.24564529171852828
0.18294502475433044,0.19731858920677009
0.16032862754448213,0.12955274644668374
0.12821267083005175,0.072020976168267456
0.084871574562942823,0.023601061752050973
0.047575047754086483,-0.0039551192003391463
-0.010282083758224697,-0.028822883649922949
-0.058569948846707243,-0.025502935381876219
-0.11473472419050798,-0.0093055823061952859
-0.16223634149157751,0.021616627845462484
-0.19655577527587892,0.052357026770591557
-0.24468112989775964,0.071840418879331638
-0.2648151335404616,0.082969014853789033
-0.27441160244097718,0.075232696920299796
-0.2802568897984542,0.060713136601985393
-0.26259349701700591,0.021295743419732546
-0.24855213461101666,-0.020193268950178381
-0.23298604465175796,-0.072252203905123102
-0.21691847308631235,-0.1299577994599978
-0.19222626004132237,-0.16278325071211619
-0.17054610441652321,-0.19474996395436767
-0.17356408444142321,-0.21995243648408822
-0.17765921544551466,-0.22451074377101185
-0.18199478898045304,-0.2246326632346021
-0.21385309924768148,-0.21170151583893729
-0.22947911419522041,-0.18846450926942357
-0.2539654038738054,-0.18091162700146246
-0.2655680829489579,-0.16350304537382099
-0.28169848825273214,-0.15978018396377255
-0.27277259090678485,-0.16463422442180561
-0.26490610662186515,-0.18271254791192382
-0.24172619462000003,-0.20246185923646517
-0.22648554959280981,-0.23360561305707347
-0.18493734806576176,-0.2551020753805941
-0.15605613783906624,-0.27722429371796714
-0.12640352861224069,-0.29536520082339673
-0.10225810487383935,-0.2867617759281636
-0.095507289781621429,-0.27769340082428068
-0.10026792082521088,-0.2489413306354071
-0.11029243972397636,-0.22303512079848753
-0.12758163749017468,-0.16584558142664754
-0.16580442954840788,-0.11038852389449687
-0.19430851686910722,-0.046412141552492292
-0.23557514274499161,0.011457266354186823
-0.24196236397475379,0.076344621363115428
-0.27623730632530774,0.12225295671517025
-0.29016072699875411,0.16271196618058226
-0.2933513046865327,0.19191705422811911
-0.28871674843236622,0.21619222056867357
-0.28056156303482171,0.22831168588232981
-0.26606050574657736,0.23581965905892424
-0.23410484454615518,0.21695116487743252
-0.20551100161090513,0.20420718714372468
-0.18187706704287721,0.17584387123550321
-0.14700137105682198,0.15574330895657104
-0.11735186708579916,0.12596722642807143
-0.10111015529653304,0.094796435477845484
-0.089976104083927338,0.06275769505300853
-0.06581326471795397,0.032167119021893939
-0.055808063103300422,-0.00071016643585120835
-0.054910050074530828,-0.020419982366452618
-0.049452250032341001,-0.039313334082504675
-0.047796806895736746,-0.057056320499413671
-0.049256166829162118,-0.055097397393799548
-0.060663863328563335,-0.048190184510256667
-0.070210225494641204,-0.040764049439694285
-0.087483498151727179,-0.015138838144926286
-0.1206918050256198,0.0070071650730852671
-0.14451900509817331,0.035237429173967966
-0.1713782205494416,0.055941168263127394
-0.21349801001255758,0.076154008585859537
-0.23752372190962182,0.080764973117945421
-0.27559323200461433,0.10837734201706527
-0.29435081512556843,0.11222759973465167
-0.30389224323538316,0.12199283950689636
-0.30965695497690088,0.12577675726273452
-0.2995027902691263,0.13928369205268931
-0.27194994974619502,0.17851626365966916
-0.23267975575523361,0.18920358713079546
-0.19715741686723456,0.22327509696299058
-0.12972684888893576,0.24902801492032126
-0.077696929817478097,0.2782773836342694
-0.029046436151654219,0.29025627990334468
0.032927144226846228,0.30322446743184056
0.085270414047456805,0.29609970747471287
0.12194296220907408,0.27587880654573499
0.14982854969899312,0.24103129486573321
0.17057400231900383,0.20464616428541196
0.18407805011872716,0.16346395104064468
0.18965078015590506,0.11480835755834404
0.19129225934241989,0.087727466813346505
0.18446986207007457,0.056061795989504434
0.17842153058259938,0.034662671069959093
0.18168606996431541,0.029324618378420961
0.17923604268329063,0.038297718091811636
0.16432547491133603,0.062206437122746427
0.18759977052582139,0.088239929148135013
0.19173372448890924,0.12520163997282729
0.19759615484012016,0.17729328301851235
0.20771099931470199,0.19889049644799012
0.21218807149010468,0.23702892161092465
0.20709825482618352,0.26451863350171445
0.19849945963091761,0.27806691883405793
0.17713977167556361,0.27605623312908978
0.14697141183114124,0.26645977453347536
0.1184413623338758,0.25597645372887684
0.093204004859660627,0.21921329139006074
0.048251003517509737,0.1768037903523775
0.034076504483167153,0.12605992325556195
0.0071288795285834308,0.051507848239480236
-0.0037881302731567713,-0.01757252215615358
0.0045203589757054647,-0.10446232173082728
0.0095406703827272867,-0.1858279048434005
0.012190444504685691,-0.23870027246404724
0.027614842995842999,-0.29044702737523237
0.027747922991781158,-0.32036176643462072
0.01605828935764838,-0.31743433105916874
0.0092987673011453668,-0.29285430288637759
-0.034715028646826226,-0.24562793424579227
-0.069049873809169715,-0.1630179885225585
-0.111473483845537,-0.087501378203714383
-0.15994595103471324,0.00676391407543331
-0.17972154069723223,0.095645665892161169
-0.20045115858798856,0.16385549530359544
-0.1974576011871956,0.20521630363163701
-0.16851261538758663,0.2170428769498027
-0.099333066019758498,0.20477920140199904
-0.018994613528560245,0.1520851621971985
0.073739880158105647,0.083958268351071938
0.15318744326188174,-0.00028577911825351018
0.23157338811097794,-0.094568676661976353
0.297043781962959,-0.1757112402014967
0.31984704595562286,-0.24534382283225487
0.31593144928011846,-0.29425921569625807
0.26795433229275056,-0.30826917179069169
0.19268853861342308,-0.29038725955871764
0.090073048806999359,-0.24724047958731452
-0.018578218241096719,-0.20053907570463084
-0.12924625764231801,-0.11395261602213831
-0.22318473999758143,-0.043895638570717141
-0.28803845104743547,0.047012500925925807
-0.31883304750493091,0.1333345820959394
-0.30030451667465641,0.19695741258553093
-0.25495753759452283,0.25324487035926696
-0.17601148155882385,0.29728254033239065
-0.07835436300851685,0.30824457689925316
0.038829500428761522,0.30637496546505322
0.13913632516328037,0.29887478339872031
0.22853731960726406,0.28459842490670156
0.29949064629271915,0.25538622341056871
0.34756415852550976,0.22274451486614932
0.35979134349793651,0.18229681347319576
0.35870806777606284,0.14642712693824167
0.32961951201584172,0.099971549258619868
0.29187671997420001,0.081906310498854121
0.2410595986156322,0.050599711475424185
0.19197434725186499,0.032160855224775381
0.16338696733907809,0.027935204085654579
0.13535541452989688,0.044925976384951209
0.12080138469797971,0.070313926052548839
0.11662891001075942,0.10030973007744488
0.10897405483748067,0.14810963414224951
0.11234925589677197,0.18520433931545704
0.12042052966662917,0.22642253049415176
0.11897342850485834,0.25560332444522588
0.13042560235053641,0.27866443724534351
0.11762248402223263,0.27854772180060411
0.11366603207825632,0.25970588315766646
0.10831400164606497,0.22671653445556769
0.083308407257635733,0.16787422278988379
0.061486034823436057,0.12212072825843223
0.033274368683276039,0.065029094907812515
-0.00080700917540493626,-0.0064864464828138652
-0.04265974633338749,-0.063788637498134723
-0.084766897635126792,-0.10261465771485584
-0.12162219386400401,-0.14054629284500553
-0.16475914299113892,-0.17759688402894092
-0.20028013933263814,-0.1949141282276417
-0.23372636086863247,-0.21295481045414202
-0.26465045465277365,-0.22555260596851745
-0.26781499418898647,-0.23315801391208107
-0.27296665603187653,-0.2421285196518406
-0.24819266717719068,-0.25627029431019244
-0.22483843721749108,-0.26535001827786253
-0.18677905915717014,-0.27437315796494877
-0.14196554129303735,-0.28922166207281419
-0.090063260051908831,-0.2802488851293029
-0.035638617411398822,-0.27130030015326789
0.0060868871902096198,-0.2451485511092257
0.043945730324116181,-0.20983734175155594
0.063022873624118209,-0.15573122133350156
0.085693005628947064,-0.099016362676735858
0.094176955439814913,-0.033256881471910311
0.075357102283730132,0.029357813087796978
0.061098910394894519,0.091112707099414714
0.032513164241225592,0.14295976798035687
0.0032927064613918521,0.17370564304638864
-0.043756657957873854,0.21301210048550057
-0.08195194277771943,0.22372887746548945
-0.12256653641505685,0.2243619711120422
-0.14747669041176761,0.2191606116032323
-0.18087358247905994,0.19376567789821222
-0.20785195521109173,0.18635705862681634
-0.21231144853177952,0.16856987762661382
-0.20460068202790513,0.16589343163282161
-0.18914004063668205,0.16105718782109324
-0.16229533306029756,0.18460247778125219
-0.1238879267684147,0.20527326233904031
-0.079670376384079727,0.22332741773961434
-0.028511246214804255,0.25270939405924031
0.010778977057420754,0.28358366595321133
0.048738007835813654,0.29586033791690031
0.091422567806519625,0.30204975235803633
0.11157720682763003,0.27601245397914637
0.12579123214669241,0.24866744478440589
0.13272583777994812,0.21648235420500664
0.12378993203689533,0.16865908677003252
0.10030203066204249,0.11625057906153108
0.080711905484940713,0.060658801204266706
0.047850552601811279,0.017180185141750612
0.009558362244995653,-0.026644090375319562
-0.019116566343498339,-0.045660287223744829
-0.068757143294391934,-0.058529520315776386
-0.10923632324863379,-0.057173284248561558
-0.1391168340379825,-0.041586712953398018
-0.1570346946992337,-0.012139042435897402
-0.17664228388528347,0.011798188783337993
-0.16371818152426812,0.053581413917096837
-0.15239867318134145,0.088048756919297727
-0.13158513480374273,0.11609706134904717
-0.095130566861651625,0.13756672876916207
-0.041994297555511331,0.16021151803651112
0.0080504524058047887,0.16320183852341935
0.059700478110924028,0.16155017901034757
0.10866956723727285,0.15049017365211462
0.1378639995218707,0.1308557125058539
0.14777493303039446,0.08776206187354052
0.14396940452482648,0.042071712103141583
0.11128539847075185,-0.0082297573838870028
0.060544033870042785,-0.075599625775865389
0.0060456191909026326,-0.12667942200990095
-0.055095218461950507,-0.19513910729240125
-0.1243530286623467,-0.22483614670249816
-0.18931386957118992,-0.26516179090324338
-0.21277374084411715,-0.28885087232162493
-0.22509614810865661,-0.27550117496186854
-0.21386544645307767,-0.25486049552310969
-0.17140886410966324,-0.21005454959936287
-0.10195916897670552,-0.15860897105622768
-0.018670984659779705,-0.097308131112516474
0.057555796095738909,-0.02927172158669418
0.12389090276916827,0.038214102924520779
0.18899308611364021,0.089688823603449791
0.22124007379479679,0.13093179765896495
0.2423843246042939,0.15050674670399755
0.23387138383737388,0.15126286168153316
0.21136043537950461,0.15710461683871266
0.16812216726538937,0.13579052186324317
0.10545136768893101,0.1075130672313908
0.055871284695820166,0.071060531794145079
0.015281639911925222,0.054750461949078677
0.0013157830805274251,0.02897775003913184
-0.012490861765083214,0.012461263307314714
-0.00096342819498613846,-0.0017126520727176952
0.023765692877660418,-0.00026999593645045438
0.057008822684914771,0.0058755606783460921
0.098538901560769693,0.01267269814109276
0.12373928356674743,0.024273228259943783
0.15205178867852953,0.036024898733822468
0.15204974413652417,0.043439561271216551
0.14529115839321577,0.05094484214754999
0.1133901290561817,0.049246970124803745
0.080732534101343248,0.052028306576178004
0.026774682086714133,0.033346766364848339
-0.0085848230343163433,0.032225241914710323
-0.041366366127064604,0.011683688954925858
-0.056910586480177168,-0.005575830007844269
-0.068825708357145451,-0.027209561538246094
-0.055120713681775485,-0.060719381142043581
-0.038330888264019647,-0.087089823696960084
-0.013166172030504013,-0.12224828394266551
0.020434127679318344,-0.15528343769416067
0.048231162207161782,-0.17970279551264934
0.06285131882655827,-0.19648721908689795
0.072919096800698052,-0.19422097549398154
0.061231695337372209,-0.20364446402949576
0.038883078501610102,-0.19578805613989214
-0.0056762329420407638,-0.16133499679318361
-0.04276304112265094,-0.14120767561143588
-0.089693916854456684,-0.098784606291436317
-0.13301616218492152,-0.071538637396533405
-0.17464322218545095,-0.045707489395911752
-0.20449832504009727,-0.026647049253624818
-0.19431714634757216,-0.012372977122111061
-0.18957929329003051,-0.028275705779394179
-0.16020675457016048,-0.04064770990687102
-0.11710420297967597,-0.060189042713598831
-0.067105925082026813,-0.09421649790111325
-0.0029363066653475571,-0.11837738126633189
0.062139986058006892,-0.14062471853482419
0.13083492502430938,-0.13876977445067518
0.18091872831971162,-0.13089225159997589
0.23786292426106095,-0.10570724745556437
0.29187447521893317,-0.071895052375974766
0.33268730460515417,-0.032652726039080843
0.35251989829749864,0.022802838362696639
0.35693128303832689,0.070966185510248442
0.35093982734307699,0.13324266216107705
0.32131177907428671,0.1711396483228762
0.27556141360109931,0.20859637486419921
0.21330320865971911,0.22460202147255612
0.14269320749965539,0.2318607144546293
0.06554308220689771,0.2212280820832683
-0.021015643967836693,0.20169320495182774
-0.09205857102678236,0.17844676771171583
-0.14688418712640322,0.14506021539278607
-0.18602200065031488,0.12435989400081968
-0.20268539862548468,0.09623531119364552
-0.21054188565183077,0.079891073400560397
-0.18090999417582473,0.060420947361186542
-0.13984815448818264,0.052316713548441605
-0.099704610237511634,0.045803503995611436
-0.038789821363548048,0.04942233340594946
0.005719697149182813,0.046178629679268772
0.036272139405877799,0.050335671770089914
0.060547675351789843,0.04674833532872899
0.063442476414620974,0.042242255382512722
0.052987087163590775,0.043981667375875833
0.02410177878075874,0.043968738292025043
-0.017410165805822574,0.04087208220117617
-0.059268246187201293,0.037178918682942895
-0.094392119719600306,0.046780251183102202
-0.13163583363522396,0.037931011155061471
-0.12722234868914778,0.039269798559359442
-0.13482429822053782,0.021301723253077352
-0.11160065126567284,0.020066711871251443
-0.073093041650780829,0.018668502320642905
-0.023058371947219346,0.0043801404779767409
0.035628626778723242,-0.0051308737456880167
0.10577201023972281,-0.024742740308037827
0.15471137710435667,-0.032207259134421233
0.2056130092730353,-0.048648301736800924
0.2450275823442572,-0.055351605212990242
0.28509266969028202,-0.05572552154208122
0.2851835213017424,-0.050922785733395377
0.28731140107456826,-0.049504248352527022
0.26588524092102855,-0.038355192009218921
0.24405754401517898,-0.028318525918771979
0.21103096958127437,-0.037703493914436191
0.18148755120167706,-0.028676194099213306
0.13957422065919586,-0.034590192551948097
0.075406229657883989,-0.029564185842749658
0.0182622753114947,-0.037737145112875084
-0.035319748823506976,-0.044291986457565276
-0.098431440123226355,-0.048224210436205707
-0.15885682705264281,-0.049840701802123515
-0.2193647213226278,-0.052577980522499894
-0.26854673136246998,-0.039553440807415401
-0.30645181076605549,-0.031295881407313993
-0.32676949656661036,-0.029191562285149821
-0.34868362694004901,-0.023443913013109618
-0.3396400178901437,-0.0087513803306035094
-0.33106171161978176,-0.012169356858554824
-0.31202790458756757,-0.015054568630877539
-0.28633629162429658,-0.02396342065819989
-0.24816351333896014,-0.044812479750122439
-0.21134483785093411,-0.061786851706775829
-0.17109153707142882,-0.081916678816846306
-0.14079121769598005,-0.1021597597846458
-0.093624491560377651,-0.12567723169878672
-0.043215940324508123,-0.14923684401926091
-0.0054280747299332403,-0.15785089858450457
0.041887019485362366,-0.1706495948314771
0.094380135735631865,-0.18541951377406862
0.14635941474641506,-0.18769242754158494
0.20534083080407922,-0.17640337345368873
0.24585326764069471,-0.1556472546486552
0.28352373102912154,-0.1422712661364896
0.31541702301693669,-0.11087472044816203
0.33058411328884507,-0.077263136078373901
0.30870768115361541,-0.031402684091377225
0.28371190319064238,0.019823067841259201
0.23748596157897869,0.070793160721494594
0.17876536686681821,0.12905822524727059
0.10842092199697281,0.17762864098020076
0.042653885834272584,0.2256822562894808
-0.016578297015886638,0.25121890554658255
-0.079112145990177463,0.2635462872189509
-0.10657090233815239,0.25379193072126921
-0.1348395761213427,0.21633186476062338
-0.13254258023870366,0.16108352154579356
-0.11250559953517873,0.095630429808817308
-0.08084272479504484,0.00050535430038067992
-0.027239560139083779,-0.091560949108124359
0.018434036526287594,-0.17034317741437285
0.064815639276933457,-0.25616321536515457
0.10798754649745884,-0.30069296248833438
0.13651738444911551,-0.30601755577237943
0.14100998543675938,-0.2939769610805078
0.13554794130382306,-0.25075787351238371
0.10785019848752594,-0.18605261677066928
0.069053465436314701,-0.11091046575822198
0.02381004797578758,-0.032921547118050239
-0.034351210043044811,0.037540528784723984
-0.085817433780826569,0.07820905778628702
-0.14055978411340317,0.095174646113302661
-0.18363692722750108,0.074301875771182746
-0.21058104783233628,0.029347565711200098
-0.22979894910648341,-0.04647779388543162
-0.23783885019014941,-0.11932950075057973
-0.24639559623829593,-0.2027993967017975
-0.25083984145236615,-0.26710815680624839
-0.2396211631495575,-0.31284768537278568
-0.23357734492131055,-0.3276891705690847
-0.22381919804527639,-0.29766413547938092
-0.230944297000377,-0.23780910798705965
-0.22450356215774978,-0.15479268946451094
-0.21256072925020761,-0.052388136315537612
-0.18687299170092889,0.052254955076416823
-0.15909979109987965,0.14178694807911879
-0.1202765443614453,0.21158770969782384
-0.057997958984256547,0.2428673549903658
-0.0067302773917621633,0.25739346136023761
0.059129491848164684,0.21303289898842229
0.12661835326853366,0.15634096433302175
0.19008941252186068,0.088220337427719661
0.24525155934598905,0.010951288398410915
0.26879563428066644,-0.064301725476118954
0.28914282159542537,-0.12677353925249332
0.28482860640353319,-0.16755861954344192
0.26424124366586316,-0.17563061526759874
0.22045721823673928,-0.15787126239768781
0.1716100251486167,-0.13144288409065388
0.11046903329816819,-0.087145431500943851
0.047979165497474059,-0.030571439343879774
-0.0047319396049639115,0.018393740787216627
-0.043346979461563816,0.05366645347166088
-0.064529876313068557,0.077417728872760827
-0.068991328065576035,0.084203876618476933
-0.055818036984650377,0.075048720047896075
-0.030622927712512165,0.050083730394678276
0.016875971255922037,0.019761747255619175
0.055848586055281833,-0.011700896008256653
0.099772793430539283,-0.038865024662990494
0.13382134821910621,-0.056276068637559719
0.14114183236191133,-0.059759072454069785
0.15133199533890865,-0.053678847077961486
0.13568500411489237,-0.039262136312903255
0.099398258555454491,-0.016462712582023788
0.051416676868094049,0.020073383323163104
0.0064286734026304023,0.06098529168135261
-0.036327516000753894,0.084519325444660912
-0.066444820594158099,0.11992555188119461
-0.08264457603738834,0.13340566718531527
-0.078549905084590393,0.13643600994437405
-0.060479951813900215,0.13803691663509612
-0.031820295259830537,0.13052175156772305
0.015282306559632527,0.11369416516050365
0.039651695659552504,0.089784742533733863
0.07255099568588097,0.056619055743535963
0.085574768826135059,0.045707555786134398
0.080051787362044075,0.025276072455252291
0.053977197551184644,0.0086283828382238241
0.020934410820741187,-0.012569364932163637
-0.028232015098563743,-0.021758407660549674
-0.078362129543517622,-0.033354468907376825
-0.12171664348857485,-0.04445714358310629
-0.14989461242107585,-0.055037777403631964
-0.16209267627785562,-0.07306823800363918
-0.15391124315591373,-0.089121695012097296
-0.11121681553282851,-0.11743680205696744
-0.06370781943455589,-0.14433098239160858
0.0037871965320130517,-0.18196753500518803
0.069558147087634026,-0.20526139404736285
0.13784447100591962,-0.21903734990029833
0.19095561126839142,-0.22766479528363567
0.21756179754676253,-0.2248861443568925
0.22251520952610945,-0.20448949371308303
0.19307835157576786,-0.17241552364018942
0.15033353870714669,-0.13228311735144277
0.084738876797329235,-0.095390905913253624
-0.0032030439743657079,-0.052882442794500502
-0.078227706898380919,-0.0084039352458351382
-0.16031153700317469,0.027518889318903925
-0.22599766268807761,0.045909387269970792
-0.28926497504196391,0.050353881899623455
-0.32771778213098735,0.047243229712940156
-0.34677574107138981,0.038918014759565134
-0.35329058213668174,0.0051541330407427893
-0.33514442727541477,-0.027502416405377497
-0.31805157579444709,-0.055227844987645651
-0.30368314689935216,-0.082387653175894512
-0.26988167726010243,-0.1043287571403284
-0.24665760166724149,-0.11974998983462745
-0.23481955932084542,-0.12741207309826696
-0.22204105075379252,-0.11318251681076268
-0.21213819712741291,-0.098517503677396215
-0.21597590275641498,-0.07162027572981744
-0.23202722090300071,-0.021559628948718761
-0.23900382630381611,0.021612912181636197
-0.25225604302341853,0.071612759330468248
-0.27083997084916683,0.11240939604473213
-0.29556864231994062,0.17185951947828626
-0.30468092970968091,0.1930128517113143
-0.30751953802867621,0.24002922162780263
-0.30220337938441566,0.27076722680907556
-0.31125387851977299,0.28943018085978772
-0.294772509035303,0.28898513036829265
-0.28041211020002565,0.28712383694440785
-0.25743318400318937,0.26423946568839729
-0.23117959912702279,0.23597552213518913
-0.18963331738245151,0.20246766596901936
-0.14988234081500698,0.15149519590651556
-0.098742544043427444,0.097334412813495738
-0.037386787021301597,0.042357093685612482
0.0050520026874712977,-0.01482788312558779
0.064056055926112201,-0.074128567349306576
0.10840381291474119,-0.1222224144668215
0.1531002154799942,-0.16831756229519765
0.19244093418976971,-0.19895044392034805
0.20587337367535885,-0.21329306197386741
0.21947994627184395,-0.22834052666668572
0.20807215520663494,-0.23619721446209149
0.18940404596532329,-0.24883326642779463
0.15937862705952366,-0.23829852241127025
0.11482101070202141,-0.24731147610208765
0.069566670214493045,-0.25566601431277269
0.010391664929087972,-0.25297273865350545
-0.046413661123342179,-0.26051580829448379
-0.10736785847404669,-0.27694428524491999
-0.17111597911635812,-0.26634144483788141
-0.20818547852651653,-0.25965889234410716
-0.2495277577064722,-0.23508343281376981
-0.27687001701840486,-0.20845203573213353
-0.2819314381746561,-0.16800758511680855
-0.28662534483975877,-0.11572252790110911
-0.27305544986472674,-0.060177071316864075
-0.24472717381532016,-0.016009693925158972
-0.2080081068728511,0.032976350158913134
-0.16890907699198199,0.073635474757606081
-0.13322375819376678,0.09805677493288692
-0.10262276102295752,0.12549077265776801
-0.069441262073834845,0.13740493736482612
-0.047073052255148906,0.12210244163858848
-0.035716255124177643,0.11107543397667584
-0.0075577444183636388,0.09062018674699833
0.0022769684066957334,0.070189815483882159
0.0047269599851809674,0.052101087253814682
0.02879377250598205,0.035793395881771072
0.021268709246073846,0.027365799966478047
0.036495620658321452,0.023483195711449478
0.059940205235038707,0.026629243578854767
0.071714957182219305,0.038715835871565962
0.080434620897443687,0.063524031594959882
0.10072890591616561,0.075208651947222913
0.10717655132779393,0.089702719986917978
0.10738089277344746,0.11096805303047522
0.12026557823034294,0.11948550570138393
0.11611342881667922,0.12825483267213753
0.11445040287988929,0.13162758281290549
0.11622854373775299,0.11186779367603851
0.11320971725111673,0.11480332906026788
0.10511686212678147,0.089247493021465743
0.10091078625637465,0.069447394545343447
0.11408483713607466,0.039443500279607503
0.10995088807601734,0.038488279497426073
0.12779576965244535,0.010101350798214148
0.13053431180722391,-0.012771259978586373
0.15055944921886946,-0.027803154090989719
0.16170810310461814,-0.045929375931084634
0.18464693336783858,-0.055437023914749771
0.20863895264829077,-0.084769732710485962
0.2367173880106648,-0.10540677360361025
0.25950261107637679,-0.1182735043195861
0.28291493789847982,-0.13061088496142251
0.31092733335261002,-0.14124830601259555
0.33098666366699675,-0.12995498495144306
0.34005016322457488,-0.13549060222461529
0.33566065715858812,-0.12864300813750393
0.32617823239606625,-0.12015487831255159
0.29762615921107666,-0.11787297084576746
0.25906163355029749,-0.1001130726030957
0.20917607944385422,-0.09140995499459123
0.15956429697610308,-0.090313160561539055
0.10012758172039446,-0.075014533824900087
0.04542548297931856,-0.077190952668185361
-0.016401057756496907,-0.061658320288115936
-0.080659531440807994,-0.039839456299167193
-0.13135390194480817,-0.014196726024813918
-0.17585973621351875,0.013243726215075476
-0.21477572322327362,0.048457230920850379
-0.25331479291000586,0.08811526304776035
-0.27655897068534124,0.13757976119680726
-0.27298076624709905,0.18112920268868887
-0.26583134930636748,0.2058662652692676
-0.24787544173729409,0.22048247976790744
-0.19595842267534319,0.22243733857040279
-0.13523122477151969,0.21129089340413162
-0.062896579531562122,0.18026777881238357
0.022094448682082796,0.13795596037158803
0.10416845196907312,0.098204405922549656
0.17528852289378766,0.040091332188261435
0.23316649092555713,-0.0066413057661388053
0.27914228132410501,-0.044191644944136202
0.29590989767125425,-0.057341769919120329
0.28460780026427368,-0.055295927126378992
0.25010740522958747,-0.044487657282400367
0.20405129858952015,0.0011549016153952329
0.12567785635935702,0.036730699317453673
0.048448789808748643,0.10779390232847597
-0.028788835208711543,0.1674037715638402
-0.090499590828301224,0.20958071370628525
-0.13575881840409817,0.25934990352410475
-0.1401715533446195,0.29031871978550527
-0.12975753764022455,0.28768548878951439
-0.083814333565097265,0.29210283603376413
-0.029310802417775592,0.26203431344421102
0.041770434030259665,0.23042021856025705
0.12565312405720294,0.19581530782477108
0.20139815663537372,0.15596328834493914
0.25652757250231434,0.11716898211527646
0.29341631970525084,0.091869093568942323
0.29737571191698009,0.073987638303254735
0.29250863044505621,0.071485910420193879
0.24507227777440835,0.082324167467938567
0.17932834556269411,0.10956090950627184
0.10503685461760084,0.12668517992886158
0.024873877583867752,0.16168184493178062
-0.055587771990256142,0.18744585649274587
-0.14366783234837688,0.20449975583981789
-0.19529859010392034,0.21988294746475784
-0.24689071245896929,0.23150743828414261
-0.28894064797991448,0.22400568652947273
-0.29464297737871054,0.22006116653122082
-0.30353853364267797,0.216096011685765
-0.29505315506158292,0.2006296887299045
-0.26871127987438281,0.19508325377305452
-0.24532174493104353,0.18039180537395438
-0.22212347282295558,0.15714061480521274
-0.18657112850789093,0.14331198518284302
-0.15229755530612019,0.12410026971981618
-0.11003490046673656,0.098189720332195918
-0.070321939301159375,0.072606559102901619
-0.03068147679501497,0.041285760841597706
0.012249050324438016,0.0038243326397517882
0.041554823505668914,-0.034455289733570614
0.058282743235040249,-0.073021336257778846
0.08261474894518353,-0.11273841931759698
0.072427200851907236,-0.13779097030363335
0.07549432243502642,-0.1694357359134476
0.064956646164646109,-0.17719895367657298
0.046880175712148316,-0.18125058098221736
0.043846922720182202,-0.1865285903847502
0.021594041230690478,-0.18858768220423561
0.024139613075709842,-0.17434648687700949
0.022194520864823309,-0.156191692875053
0.028177807422662543,-0.12900306171353548
0.03059939757796095,-0.10788646879274484
0.041163392120976722,-0.07693611108825954
0.055211502610584079,-0.043483682040805369
0.06445556800953299,-0.0092210864332877701
0.056106778986306345,0.028639074991399692
0.0524520296441379,0.067663698005983167
0.0436467588786012,0.10094071925464579
0.024100836420618679,0.12614350611740652
0.001914822761142753,0.16038039774630311
-0.0017304577849050766,0.1544685222317306
-0.00088685520547651144,0.17227012221417295
0.0039535288008941205,0.15710691556558931
0.016215411927487058,0.12566487787383246
0.048609103030195243,0.080682325553627199
0.071553300870194403,0.029317312373987426
0.1157361776803245,-0.0092882683139016101
0.15995888324230154,-0.055304151743208636
0.19335737299021527,-0.077305378224196572
0.21785410971802355,-0.1196968630643029
0.22383050846771774,-0.12789976169402445
0.21102092416995971,-0.12791456969172055
0.189552527926867,-0.10236263855518812
0.14197837924390042,-0.065706431226022752
0.076001369127855628,-0.017107134278723013
0.026442957755487176,0.046197053319865032
-0.059621887674302779,0.10178209573978088
-0.12118407368125726,0.16121772180659596
-0.17994840239251339,0.21978453399970976
-0.20429154453280204,0.26839219847476664
-0.23977026332225526,0.29540097361382589
-0.24227275649008989,0.32385188474093013
-0.24882395203341046,0.31315452376282732
-0.22630816017264732,0.30637772937388102
-0.20493861198624416,0.26689708951601632
-0.19238263974520001,0.22586473017495098
-0.17010488389568135,0.17352335324569712
-0.16232314490092278,0.11196397990176959
-0.16249350965878906,0.041908312003294798
-0.1603033402296197,-0.01827505369636593
-0.17289592031448764,-0.078344236822234486
-0.17337407172163141,-0.12516624998345438
-0.17951271952484477,-0.17601842786134045
-0.18215657544292471,-0.19796287118363073
-0.16210068608269135,-0.19768073169705333
-0.13780854786842248,-0.19138919485483155
-0.091761801357296321,-0.15918381605038734
-0.030379211091658864,-0.12244407654638502
0.0090946496916467605,-0.063565159281336825
0.072661467728561621,0.0017620861007914459
0.12630205371598954,0.060243147607810896
0.15611242068306883,0.14227288870872404
0.1852377294058534,0.20384560890825346
0.19706920868174344,0.26324379503300127
0.19150779191350056,0.30836095390363527
0.17228895864750812,0.34185465565174611
0.12880549652610265,0.36050922948457204
0.094495557268845801,0.36524369721782363
0.050962684784133079,0.35869679508963748
0.0044029278182462685,0.33179717079024323
-0.057930471542425775,0.30989664448333887
-0.11072068813219135,0.27232304123956108
-0.15133842517469143,0.22440329067455511
-0.18851106458562319,0.17060633695838764
-0.21156508756948511,0.11204632961881854
-0.23625806554510115,0.061011572541079334
-0.23474522429768077,0.025497200154527264
-0.22550466286783413,-0.011124768084828214
-0.18749963453264193,-0.035639427185023415
-0.12805209728214817,-0.045736981481896297
-0.070947657492956603,-0.055279277685994881
0.012936323231027776,-0.049739019640799013
0.089861522825063794,-0.040020391445310367
0.16477119320717376,-0.02541390565506969
0.22409960002354559,-0.0058582560745187185
0.2810604868782256,-0.0051685122303898384
0.29113776844666928,-0.0077053420235426795
0.28230688571591628,-0.018217707267953069
0.25265503461845146,-0.046115830988400046
0.20116107675465228,-0.086357966452107832
0.12294920546157405,-0.12002404235847247
0.021649049005744506,-0.16118843787678935
-0.078780308484545147,-0.18572500330230246
-0.15596598542522924,-0.20423940703955706
-0.24004569598426695,-0.21694466495890896
-0.29128358614254213,-0.2061175056822396
-0.33377511189606068,-0.17151798725845657
-0.33579775475093926,-0.11696462663041295
-0.3372458457984942,-0.043195970651542404
-0.29463536263106382,0.019978166271682547
-0.25587443165851936,0.096547989033021642
-0.21229164273568044,0.17268696028966218
-0.16861416948130284,0.22674222208785885
-0.14491880798011425,0.26522587497272537
-0.13289627331271994,0.30075072821157234
-0.13634442823676007,0.30749079189603623
-0.16285707956639697,0.3023717392273032
-0.18490626868054891,0.27280477571896278
-0.20130639891842872,0.22732609912604496
-0.22922467937437674,0.17440913766235977
-0.23360087280470912,0.10770997736040247
-0.22130518872488963,0.033817890558061975
-0.19882659616921719,-0.031777107341732086
-0.17313868476819028,-0.095159689567566999
-0.13025958490659342,-0.17007782538440297
-0.080573630486513392,-0.22498899346456383
-0.038486311208775409,-0.2699332925625253
-0.01024281256280004,-0.29923005740029696
0.0028953751222859378,-0.29755928979775859
-0.0043806627825783082,-0.28351511702758131
-0.032195883899528079,-0.24284547641074816
-0.069699418609815655,-0.18594085810852407
-0.11962596318350803,-0.11373267800631724
-0.17166701035272711,-0.046761623955594973
-0.22148879865997131,0.019507552683059218
-0.25763149980488786,0.073521378895024012
-0.28510887833757187,0.12117866400346454
-0.2899663410334366,0.14348449547458569
-0.27496826443875749,0.12909377407599618
-0.23435837144120586,0.10859799078119062
-0.18651316636358758,0.064618470567956457
-0.12365438004186698,0.0027394988034892473
-0.047413981734956243,-0.06875737192028232
0.016832785247478225,-0.12343197877392924
0.093506193962604151,-0.17239639024606448
0.14240152576719861,-0.20811146982439446
0.18478325067320706,-0.22433628200205333
0.21472251010927709,-0.22884794649804582
0.21490372623904774,-0.21099658929684487
0.21455447379201198,-0.17754315507002014
0.20050048493701825,-0.12966105628756949
0.19218878223264452,-0.086096192440747052
0.16480243497043365,-0.047009751558114023
0.15540248475187332,-0.017444961259855164
0.14574303271031419,-0.0021388827484275178
0.14572417014339831,0.01045441413817861
0.15017963415721677,0.0011102591705408008
0.15205348305952446,-0.0092707257954105678
0.14223289249852536,-0.039083496840822317
0.14214060344651958,-0.062924130334572129
0.10730457184911939,-0.095825286474983826
0.07779277426211674,-0.12234189001727989
0.028221884895522742,-0.15177139047107427
-0.033995033240608825,-0.18405302855080846
-0.1056112048442064,-0.20114626731551671
-0.14315008306390789,-0.22421449415989092
-0.20115337797147431,-0.23815367988749547
-0.23373485049278853,-0.24583018187103214
-0.24637935160069591,-0.25313130596288114
-0.22989519485368695,-0.262396388458501
-0.19419915366252069,-0.24568401619805663
-0.13493327684191181,-0.24423925260833457
-0.063022953067928503,-0.22524815282178887
0.012825537227149495,-0.20912084033360073
0.08185059826422092,-0.17424006205094419
0.13257360810117721,-0.14435565478804124
0.15963108176864038,-0.12487227633856203
0.16244224756811868,-0.10613878126468711
0.12538814228603484,-0.08823188038175224
0.074144875242273839,-0.074189028601875553
-0.0040300872254667545,-0.074732346158979557
-0.087770552522612788,-0.070041735115347295
-0.17703254842590152,-0.076839318508074919
-0.24796239468688741,-0.062497598298632377
-0.29386809688879661,-0.055874443062661761
-0.31368214070987749,-0.048421941791827884
-0.30184700841812984,-0.032968452047896328
-0.25353129651014883,-0.0099545576237741098
-0.18211362554141725,0.014404935475004956
-0.10523888718949076,0.041627144122658853
-0.019613094862735322,0.064790774933621703
0.066089807090473671,0.091833618723600394
0.11790775256234681,0.11746514950343986
0.14908531415230203,0.12277830181565791
0.1659294960112252,0.12716946508800947
0.14872003359886315,0.12511281249525308
0.10666583565546604,0.11879624820387544
0.060315686206149008,0.092755770423479642
0.0042206058622599922,0.063373122854100294
-0.035350738040187353,0.056405770730143912
-0.061105122465157466,0.040736865139130052
-0.082840210184654345,0.024878955415056032
-0.061929260486415533,0.016545451665945683
-0.028224683942949115,0.0074580770828383816
0.018968798383714118,0.010053874428559619
0.081398299452122874,0.0029346924801785944
0.14283194168739682,0.0042116314334600669
0.20234352760054936,-0.008640566122422963
0.25566953063805004,-0.015183109604665623
0.27736284587264137,-0.034462888465281574
0.30135092307234362,-0.050151429984639867
0.29860192320122408,-0.060314613190754832
0.2790695017608697,-0.083840904328297758
0.25094092892828185,-0.098854856691656168
0.20047998459016958,-0.10712665022883164
0.14962093565319237,-0.12507222920544062
0.09226962594060964,-0.11845257736438765
0.029520280364405068,-0.10721616364233377
-0.033013822982510495,-0.10408953987693011
-0.083626019384275427,-0.078780329413232653
-0.13798843798107743,-0.059351322241976465
-0.1772042702287594,-0.024987157051172756
-0.20511710552216308,0.0024851423565458108
-0.21860188924834675,0.035759067272031556
-0.20995931460882433,0.077326565398330577
-0.191226933532542,0.11097551243872419
-0.154014861588226,0.13711928174006288
-0.10566878671904588,0.17122979928543827
-0.040713699757851954,0.184301696143991
0.03228514079150531,0.20252211719374583
0.10268434776673931,0.19828749798415532
0.187770728675069,0.18892728333236403
0.24151408889528619,0.15027069256789208
0.28458047249765173,0.11286894989192769
0.30904994418226728,0.070924072017862841
0.30176938595537767,0.013232152522863229
0.28813726536878798,-0.041760705897441797
0.26663803955514681,-0.10747359951235036
0.22239007202848307,-0.15494061583102336
0.16983444102110062,-0.20181280359511411
0.13425128101346992,-0.23916982755052899
0.085893310660943453,-0.26147610422531947
0.053082573119427198,-0.27969266458143915
0.032948535465089815,-0.27880389960511187
0.018115637402513513,-0.27016161352989049
0.013096115589426263,-0.24602992689887934
0.010285270577889936,-0.22098386671528322
0.0044110663371080654,-0.1829140250857631
0.0064375157881613543,-0.15925742981720115
-0.00073351138519631794,-0.11708813976729614
-0.022627877926958251,-0.083582246360709864
-0.051183425772620555,-0.054091400187708492
-0.086899552932365981,-0.044607608500051417
-0.11697824212872826,-0.028840289687968639
-0.15152850453933125,-0.045204333374915195
-0.16443032497235993,-0.04569148036129967
-0.16900292845727227,-0.07191598930804409
-0.15358602833911422,-0.10012061045976613
-0.12734254672164125,-0.13890047384290924
-0.079874454332864248,-0.18380666528759401
-0.02255178023067874,-0.23589775457334075
0.030605065092661764,-0.26390533106685499
0.078328430062260507,-0.29564058911592661
0.10208620560590047,-0.31745650731133351
0.10677566268859841,-0.30582432832103307
0.080073830895432824,-0.28787908886827196
0.040369288930885518,-0.24413282554372137
-0.018687587309723135,-0.17680401930486736
-0.10889089199034613,-0.093999197573080104
-0.17968005866002493,-0.0029729691482505384
-0.25304381699552664,0.091107132905150406
-0.29696706253418947,0.17342441024613497
-0.32040006814467686,0.23921066897182364
-0.31768669679504608,0.29253046142869821
-0.26089434257347982,0.32086496238946871
-0.19340155863969871,0.32477896789129163
-0.095501230217931776,0.30751257574000829
0.015170431868843879,0.26809274193827731
0.11268121817843675,0.21445908693583438
0.2129770198603175,0.15957230941265899
0.26950711850883285,0.11065139165886538
0.30638071572849734,0.06929081847466706
0.30706155743917773,0.042991715035601917
0.26701807740722722,0.033139468327562448
0.20124800201645951,0.028626525343265832
0.11302964988217636,0.039596010315163604
0.013896774691830699,0.05359659239606708
-0.083206911730332192,0.058721591294488694
-0.16424003631431955,0.037950173423353342
-0.22367706273067733,0.018517579108441352
-0.28040548262404552,-0.028271252584810405
-0.28005336109370788,-0.074970593013339082
-0.27379240974277791,-0.14462183713224919
-0.25795910772355729,-0.2073234403213805
-0.2149005339728309,-0.24808718864664869
-0.17589849046776718,-0.28355445145942193
-0.12706470480239904,-0.27390870072814882
-0.088643127790638765,-0.24458956918698752
-0.05636996230747876,-0.18375063442690395
-0.033163188767700191,-0.091178194080051289
-0.015793998743563246,-0.00075026383226173884
0.00091940474562404837,0.11846060752897984
0.00050732803337318663,0.20889922214907117
0.018431359896007544,0.28684055483010973
0.021589444855642917,0.3261156319410432
0.025444307214971186,0.32855031583486261
0.032754293109610574,0.2811680740454226
0.042106454623136884,0.20815851354681392
0.053273480607813131,0.10252908730356641
0.067342771185538663,-0.011559380045402605
0.070332393613271468,-0.12958132645631321
0.087254680972558826,-0.22293370878091615
0.092724345347029336,-0.29725073576180505
0.11550701912903229,-0.32645507905904975
0.12677466632516626,-0.31881589413374617
0.12507672902602429,-0.27624614432666744
0.15412294217046127,-0.18671690663630996
0.16728862531100988,-0.087846266133317141
0.16851776006564892,0.025492482861593394
0.16674861697175547,0.11865942240294237
0.14423627465862368,0.20381464644422542
0.1223739127105932,0.25791950511173145
0.092278726784497778,0.26149743178922585
0.047172144632611532,0.24490712666734893
-0.015366693730328529,0.19296998066285956
-0.052255210051592907,0.12595982168114778
-0.10699744540645782,0.05273382232074604
-0.14870201125842328,-0.022789930552201049
-0.18101850543267642,-0.065845808305753303
-0.20635212568190811,-0.090488252089080207
-0.20760345832715593,-0.084981266370897812
-0.19389344162337335,-0.064248528072692795
-0.1778847251887383,-0.025006903073075161
-0.13245321817664571,0.033927074890533468
-0.08267907957707113,0.089473995022191624
-0.036676292371274649,0.15866953594503902
0.0087855949106789896,0.19874292751597744
0.045131915931792818,0.21951457919638392
0.088581788972849407,0.22570305395625653
0.11523692709067848,0.21656270529744623
0.13167398126352597,0.1849735601482497
0.14942177177280361,0.15852653666550331
0.16581325372120742,0.11299656800259324
0.17318172319127786,0.078640280274896571
0.18096534007743942,0.045695814142753394
0.18126300438159368,0.026178574901720101
0.16785963172878521,0.0079594711259852093
0.17980945978727103,0.019966337763064983
0.16386537528121981,0.021546603090134245
0.15032334708737086,0.032422228643095109
0.12466729587354849,0.078668379955070769
0.10147656657233894,0.11030223151465553
0.070442228828749273,0.15594718030919252
0.035734541233967375,0.18827290073963929
-0.0045897381973072924,0.23183901497857032
-0.047057671467100319,0.26727786047000235
-0.080629001298481537,0.30059101925646942
-0.12149016007165177,0.3260902491662428
-0.16568281076223595,0.33891709409082732
-0.20634464377226014,0.33238562249085707
-0.2341000323819204,0.30730291319121028
-0.2532224047753367,0.26436336200348703
-0.2809165998376229,0.21620100845206544
-0.29494532512336002,0.15332346897613128
-0.30853115324720298,0.072542642134351715
-0.29771609298229351,-0.0098606209168991977
-0.28694811477387516,-0.097905256122044537
-0.26593903351082387,-0.17100364932336731
-0.23496621807329768,-0.24667709796292964
-0.18917908086860594,-0.28769994462375348
-0.14189852411618004,-0.30890748172958443
-0.085882393890119688,-0.31413627486171042
-0.028687125416972631,-0.29110062545975463
0.030216889944331391,-0.24420372848314545
0.09577642556967951,-0.18846810069980793
0.13184122053232894,-0.13181368175890423
0.16726514702716772,-0.070180174348408286
0.19681830814198961,-0.014132233963858392
0.21199724439272452,0.038043014691997404
0.20968578755633593,0.086220757712425614
0.20432035484484215,0.11894730901843373
0.18305829749649696,0.14579314687104727
0.16598855145565528,0.17135904459638698
0.14221796377099399,0.18703936859622125
0.11951987682227408,0.21550927741038164
0.11854548819792042,0.23640980643027837
0.10330230604710013,0.26265383476542858
0.097329905622569407,0.28100877002173996
0.10135544931585261,0.30249421135812515
0.10843990566916445,0.31846494403269909
0.12058148383028587,0.31829575475434135
0.13860813378801898,0.30689479754483406
0.15697067177583454,0.27709024257705667
0.18476639905595252,0.22381383323184145
0.21762124697655374,0.15217386320106918
0.23175191050372834,0.064775289511834686
0.25784010475258606,-0.024722481095604407
0.27421967260269287,-0.11762324996766454
0.27796092378302845,-0.19441186590742279
0.28674160643456437,-0.25686317400284048
0.2854306759144114,-0.29380328102042841
0.27374828221266173,-0.29902030148925668
0.24360998395562744,-0.27138151559743484
0.22487467384357418,-0.21774609342790274
0.19713451465014561,-0.14344064108791027
0.16402468984678156,-0.075063640322093783
0.13200247673166898,0.015399892268739519
0.11718884255263223,0.10968051839519588
0.10802663290341151,0.17840023270754288
0.10029242407964668,0.22410971611803202
0.11519065223532229,0.2523526193249333
0.13494599070139304,0.25556498481464385
0.15049695858694428,0.24243154531328831
0.17123649563097409,0.20728324900645445
0.17833778164181749,0.17013244806907987
0.19730524529651455,0.13299949408991771
0.19114828735027187,0.094870779875208797
0.19137633836275331,0.088783307075679996
0.17458029214656237,0.074542301996865359
0.15910111918524844,0.082253019460343316
0.11313873102205874,0.11346550843319535
0.073026138012813463,0.13464742915344097
0.029568088889530983,0.17156144146751862
-0.021062121155889756,0.19427667739721
-0.068306105871321354,0.21315864669652687
-0.10572718605700497,0.21703763928943304
-0.13720224152291155,0.2072885114066701
-0.1697775563084242,0.18424711093892862
-0.17345910892630892,0.15989612531821137
-0.18405559252277881,0.1180439382846942
-0.1680869563683034,0.074533968200592493
-0.14268130927960954,0.050345024008126335
-0.09800136880683423,0.021058977980969548
-0.050302853319940527,0.010777510299704926
0.011874179075425399,0.027460376708158322
0.079892984453586155,0.03099972713461821
0.14509803402264526,0.058148567255405958
0.2059033721563768,0.088388549727550669
0.25565149798944198,0.11561654908044608
0.29142269951177019,0.15426301315269336
0.29826563372010212,0.17723806354597724
0.27253888732990111,0.18639531018935795
0.24357166558449428,0.20144904185928345
0.17718129183075715,0.20832761755219198
0.1028336310989892,0.21713410889782153
0.0057981335687532628,0.20588885832112458
-0.073300551563366401,0.19917827800148608
-0.16211394042375823,0.18052758044718203
-0.23121443731189534,0.15600437387057478
-0.28029371053774799,0.12811717243342094
-0.30739139626683881,0.091665851763939835
-0.31230175038038899,0.044431190953499275
-0.31019577827210643,-0.0055375606996345243
-0.27904949004028978,-0.036962344561811744
-0.24232141810373056,-0.087090651140717623
-0.19313491931030646,-0.11133809014153523
-0.14495047083957771,-0.13439225698736318
-0.096496509411058681,-0.13731551157188007
-0.057045819869945322,-0.13145678658176538
-0.04220780791741479,-0.10616482808818919
-0.014433820533285702,-0.081349845093021414
-0.0069695813001664098,-0.039649206227279354
-0.0093032404226475029,-0.01886825405975846
-0.012074040890851883,0.0023846510768485516
-0.025138228606779774,0.018039486818923756
-0.042056942553233896,-0.0022381798656475995
-0.059660696625795991,-0.03261929531544893
-0.085832068056547278,-0.066049665795937212
-0.090921227953790845,-0.11965830338702378
-0.094412038023641703,-0.18008410521732812
-0.093674165982133045,-0.22745181036670964
-0.093929634830870926,-0.24861842493597297
-0.068997851144374095,-0.25326710524383661
-0.044163807349660328,-0.23310388924973433
-0.0050494371228477887,-0.18842264868073558
0.036353099645016651,-0.10427362958673267
0.08986657657570804,-0.012363822570736342
0.11871037493281521,0.08299190562623078
0.16057074228781687,0.17602126975320587
0.18411960476321548,0.2523728699889678
0.20308018548533863,0.29832991174052553
0.19424736707141305,0.30608708816710539
0.17595960532041224,0.29000873923324966
0.13964710845957259,0.22317559944860854
0.081018002455177471,0.14080640464701213
0.011764835699811417,0.038370130334690188
-0.059319111389564631,-0.060120508347275455
-0.14344366112253865,-0.17190141961967756
-0.21420454205476397,-0.25589800983889721
-0.26776598915272048,-0.30355111306964444
-0.32445302529769232,-0.33619841312573212
-0.35197543684659011,-0.32013702891969048
-0.36063831083118641,-0.29776633376450323
-0.35317550852590912,-0.24614081504959556
-0.3263484091545506,-0.18869672900947312
-0.28325040984631661,-0.11509108025846128
-0.22901838204180716,-0.059696487892570045
-0.18333174666804905,-0.010026821937815903
-0.12359298237419025,0.038378584167313906
-0.049810021123634168,0.053632670558629851
0.016646321599007353,0.063750068220643261
0.082138500028138023,0.064319698426403699
0.13479067894696195,0.04584674630649916
0.17042508835468742,0.038036210496592053
0.21656209626360773,0.02708596585084529
0.25205145672231816,0.013475676731192616
0.27402173575351385,0.0051799958002107654
0.2825193437302278,0.0056567582588086746
0.27624915637156378,0.014622893898178434
0.26013182739984769,0.019925598664532789
0.22478591391195699,0.019523972429447853
0.17725795614421069,0.03819413785385798
0.11283868758695151,0.044612110474328358
0.037574081068637619,0.057014882423256592
-0.027789349297925734,0.054170701277063783
-0.096397871803900387,0.059924725745161736
-0.1620968190835077,0.064496101726815525
-0.21866038124834675,0.060822905184610726
-0.25711198028922738,0.07024693294648246
-0.27905708939270646,0.080440053673342143
-0.28235416164639671,0.082536918566000872
-0.26419939848945323,0.10473895864952402
-0.22389712208249554,0.11962686098473523
-0.18516907484493944,0.1269425215488913
-0.12150181198902739,0.15234011606523656
-0.052692701169028293,0.17174639609889286
0.035872029735129748,0.18324355103665058
0.11598921962397792,0.19356962605907177
0.18592207589269863,0.19275535440015881
0.25955705622052233,0.19943027878320499
0.32881589662449173,0.20071914401757154
0.37161376139692259,0.18653708279158146
0.40035580428259698,0.18743022546424812
0.40771990792779306,0.17116172164805613
0.39608915491217067,0.17298950143144878
0.36592919900344267,0.16012536060812532
0.32838376533596086,0.1643668247253291
0.25670851623817276,0.17208143755426519
0.19114458121361835,0.17300569888646358
0.11976787525076175,0.19757810530347969
0.053903580405386398,0.22209760851156776
-0.016566751682732986,0.24834070300519673
-0.090919071126313852,0.25330094086967919
-0.13160380526415794,0.25883208777363326
-0.17163686654077123,0.24453356643245924
-0.18645804196275895,0.21970280281785839
-0.19998513046567046,0.17593531429909687
-0.18798811453462455,0.11996517332545192
-0.1622054963026642,0.044515849668653476
-0.12195579976249213,-0.024440845837329746
-0.078825002775745542,-0.080218139739375666
-0.035350393129131873,-0.13389412379020924
0.0064871024482697145,-0.14256119845488704
0.040562369138261056,-0.15634956745483586
0.0654774649326679,-0.11971898253157769
0.080362422994064903,-0.082268376264540713
0.086922086976000956,-0.013243734752733233
0.080298424232500956,0.066013997086271189
0.060853766273715554,0.12172853502589834
0.036095092526072833,0.1880280822217564
-0.00656974403017066,0.22418146077842446
-0.041381484887673549,0.22530397401137253
-0.077209005613701809,0.208438990949987
-0.12224232444376992,0.15954883092533589
-0.15726496002335466,0.092963152259221637
-0.19231743377231761,0.015348815935399678
-0.21634796970959239,-0.067344280066157294
-0.24255701804428445,-0.13363065840844507
-0.25715493224763714,-0.1981569450609777
-0.26413346851602582,-0.22530996167515363
-0.26987073081692725,-0.22375291354145932
-0.25111663242667975,-0.20980914738288509
-0.25259616961724912,-0.15967853284331657
-0.24170583274007798,-0.11044421212128293
-0.22210069147146569,-0.040369080106062168
-0.22039609601278723,0.029667044067823525
-0.19876392084783834,0.084250634946141018
-0.18587552202343305,0.13680250576448255
-0.17125047688207651,0.18233317344469283
-0.16428218458678528,0.1961170867008645
-0.16267611990715769,0.21159398970199975
-0.15933863738015366,0.21097791780804084
-0.1587465260439728,0.20580336612131325
-0.14922374298893001,0.19646820210112592
-0.14090926480120533,0.18564830437779073
-0.12359040030601254,0.16702159301433561
-0.08971147724312506,0.17987012917921116
-0.063430883857528875,0.16673113249248675
-0.020736821281919945,0.16561308722412546
0.017161199357111606,0.16491365661729518
0.07114580041562106,0.16999192667522595
0.11530000912641655,0.16742725606586431
0.14634081415159547,0.17866879315606055
0.1935404197909977,0.18810323503251708
0.2257298629896779,0.18722586584065051
0.24466259185750588,0.19411681088489302
0.25619479091557285,0.20796823591703023
0.26248414336321141,0.20054589838132506
0.26909136673601564,0.19526278245526293
0.24593567693799123,0.19329134412918877
0.21879568477522329,0.16874642830937286
0.19861728427474687,0.1283943249840839
0.14699946438608011,0.097622772605204911
0.10391570587507841,0.039489104807236573
0.05873769942972315,-0.023418588827457849
-0.005657172052421504,-0.092563728334607284
-0.055858948985057028,-0.15062629943089723
-0.1132186294102826,-0.20103821858852822
-0.1589335207024723,-0.22515444461759046
-0.20845560123798956,-0.22817368817296696
-0.24135628718431279,-0.20895631142400292
-0.23859920189572287,-0.1627763456095972
-0.26607915865274384,-0.115085954624589
-0.26823212951927716,-0.04999059991650933
-0.26444132988111885,0.016898258150545176
-0.25576459140826546,0.061799895028826136
-0.25866405317783098,0.091224335752098012
-0.24236141202599448,0.089216275895160665
-0.23848555013282136,0.061033182443580504
-0.23437685895535459,0.0021738384233323518
-0.22947994769335481,-0.065653372518540004
-0.2246656837608102,-0.13879493729249825
-0.21912530925947363,-0.21959310227368065
-0.19050185770954375,-0.27857043090069183
-0.17069899348267184,-0.31321333845999977
-0.13528430923930509,-0.32926437381515511
-0.080379221619929456,-0.29107073511610998
-0.040147216170368566,-0.22293946735976172
0.010298659996139334,-0.15627078479594597
0.064595390178140422,-0.053299050715764087
0.10017979568590417,0.032755102106968435
0.13803739296055845,0.10945355487691109
0.14780037328706572,0.15280690922294884
0.14199267160167375,0.16245480725666006
0.11621316755054772,0.14901042681703675
0.066952843523218758,0.10000319732102887
0.0031825098162941291,0.020961147404947422
-0.06653926161778001,-0.07041952157982051
-0.1382523518697106,-0.15581173667974971
-0.20700339807738513,-0.24376415952704519
-0.26129129539257689,-0.30241258810182442
-0.28754010471263169,-0.30051250431412802
-0.31019574524826815,-0.29512432120287191
-0.30505754183423234,-0.24637595602249399
-0.29048121388643622,-0.17999117514609692
-0.26012929920216832,-0.081196290521738268
-0.23476199570628453,0.018760398526153851
-0.19920934796922984,0.1140122479268815
-0.18154358010878341,0.20548207892471632
-0.14847036823703849,0.28806027289322905
-0.15329898263985586,0.34179005596633555
-0.15677990237638706,0.38328192324299204
-0.16963554482153317,0.39672327116464373
-0.17967044972960178,0.4066802268180198
-0.19385841258940392,0.38963015004040658
-0.191179476097047,0.35092304178162564
-0.17503472268654044,0.31671819747908331
-0.13919287386825377,0.26427927284784603
-0.092899908109795468,0.20818390052485639
-0.026221466044482819,0.15914006803248257
0.039701414454463659,0.093537537606555352
0.1116694456734196,0.044834945300110757
0.18487634760363339,-0.019251964065109799
0.23466988305648803,-0.032314212972660766
0.27018259616015611,-0.055249130692268784
0.28789547746336464,-0.057593138782780572
0.27641383391440061,-0.038523390316595539
0.24615214270521035,-0.0032358045747406562
0.19981313400140538,0.031570419092158804
0.14499644647237792,0.069287131004269531
0.075744456267650764,0.11692085045725288
0.0062731553814548398,0.14953315064131001
-0.052312123555072296,0.15633292484054515
-0.11345714702977723,0.14277363878300514
-0.16978694514480067,0.10521952709848192
-0.22166987613259884,0.057377672539344116
-0.257852155806016,-0.016193779383432184
-0.28355164867530497,-0.10270630424273307
-0.29900125620868367,-0.17504376607005082
-0.29250457983041173,-0.23700829123050735
-0.29180250565453475,-0.27936593788167008
-0.27217970327742247,-0.29722001423896938
-0.24461473725436642,-0.29573290814506897
-0.20709853055942756,-0.25944605896056683
-0.17088958664677922,-0.19388906031223835
-0.14126046769613038,-0.11937982899550094
-0.10501140846608839,-0.035730281951064695
-0.081677376627090181,0.03817475469443242
-0.079165188664860275,0.1028413437683791
-0.098780105019155823,0.15764925992576262
-0.12277776654417442,0.16866140263245233
-0.16211585278218246,0.17545387520990666
-0.1892286206948271,0.15184439467053065
-0.23285204087198921,0.099534942260321183
-0.27103208796406775,0.050445402482583022
-0.29562303140549628,-0.0001803265892209539
-0.29566193058773582,-0.045993594621845615
-0.27706595982360771,-0.078012428064828179
-0.24713787598886733,-0.095401342424628277
-0.19433566117560816,-0.08429427013873389
-0.11346561040325007,-0.080930541222474617
-0.038872148002044589,-0.05371085024372195
0.035938677771022165,-0.016201776035015499
0.10178883817227656,0.011928322169489108
0.16359108413487947,0.044903094147897955
0.2008142124287354,0.075092055436731184
0.21207049551037988,0.08484812316566466
0.20469141174218766,0.093110387413849499
0.17834343245787698,0.10233854489730158
0.14556950113541037,0.10220415105601598
0.090144302910053806,0.11270474878144462
0.023753825007993775,0.11407715843614587
-0.038234984288293111,0.12947643531487191
-0.11045145006284189,0.15649140998727967
-0.17232099996554642,0.18517336159184677
-0.2326092559212258,0.21493606332121504
-0.27255341890602802,0.25599899897894901
-0.30860193005267056,0.28529119695015193
-0.30921169635781326,0.2852844147718071
-0.30210168073326116,0.28960697219569037
-0.25824146464286524,0.25879379656059848
-0.21191939567452409,0.23025097305766573
-0.13772730826657792,0.15127853059285015
-0.040559832654436412,0.081776140824781907
0.064340079219735211,-0.0088296428021602223
0.13956542936879007,-0.10400888255077365
0.21354086055035676,-0.17538648024813377
0.27685798580151555,-0.24459566700216573
0.30486717433965455,-0.28369061047923616
0.29299760213341786,-0.29842529047575639
0.24684060793923035,-0.27606701507464448
0.17775752811135775,-0.23339638493368775
0.091375105489029884,-0.17491866357585914
-0.0013051409889567366,-0.086469673156700289
-0.10926439107175928,-0.00065881191053598367
-0.19600205816169516,0.081172112253380446
-0.26077306300772879,0.16484351604936243
-0.29270246760391633,0.22985439907702054
-0.28620699203659183,0.27177244139282203
-0.24947160836287541,0.28268976936331386
-0.19049280023044884,0.27485593506720024
-0.10454376200554027,0.25414604388137207
-0.0072098842876938537,0.22052677991177652
0.092406227204526667,0.20291323849782161
0.19501072091792504,0.1639530205820712
0.27553442598543421,0.14594539046099445
0.34808037073115033,0.14365554992771234
0.38515091399003604,0.14677265265321746
0.40810213705457238,0.15859985771354904
0.39750081224243616,0.173368828223327
0.37723494337560304,0.1905647753674051
0.32508141165108856,0.19138241997918415
0.27333870672556465,0.18108499582977591
0.19899308633707513,0.15725295864428707
0.10045293375760318,0.10945766007862726
0.013647946506787202,0.047448849687154224
-0.075863957155747175,-0.029202994493393798
-0.15552567060978487,-0.099015400406814891
-0.22764906980179431,-0.1728809727701951
-0.26893365596259322,-0.20306802318658876
-0.29872087833004285,-0.23394116570725096
-0.28849493076059862,-0.22198107742852116
-0.26802631038956254,-0.1950299877697857
-0.21021748118667613,-0.15089197551559946
-0.12831236907784568,-0.085480689136190682
-0.043448186919278493,-0.0063391598933362292
0.033464323674520957,0.053450907285492073
0.10038358133112363,0.10598457508008124
0.15090109551860481,0.13986308297532665
0.16452097842810365,0.14847248337094876
0.14526030585515584,0.1283932184788725
0.088757408341526997,0.086882088102732291
0.0049871295945872526,0.020715205605621623
-0.075243891336925772,-0.04779575383466677
-0.16923115323026616,-0.12220245296316694
-0.24769929479910399,-0.19730382950875269
-0.30883333349506203,-0.25289243078027984
-0.3194512108543755,-0.28922148061331404
-0.29749255806193081,-0.30131359638053468
-0.24054382141606978,-0.29611218575489912
-0.15737298509635977,-0.26657098933582579
-0.045451130186025819,-0.22276729440388113
0.067008434405674999,-0.16756294117015019
0.18202270587537181,-0.085058289471147602
0.26294026381987656,-0.015043862588877865
0.31498005212489288,0.052378885409249766
0.34337537893339626,0.12060089466308645
0.33531209367216464,0.17720314685732702
0.2948412787438332,0.22224310449708234
0.24999801162133181,0.24691742053955271
0.18647114360343864,0.27018108062981805
0.13369988668882821,0.27332253477210988
0.092565280492648588,0.27855678326852662
0.066450202812884163,0.26472278306449848
0.056949461560376329,0.2333849160071608
0.075400267721740369,0.18451444416957266
0.093631212229712893,0.1512546101613603
0.13754753454711779,0.094975632704103141
0.17526403650861477,0.040401323807546984
0.19803572323413154,-0.015339659489004632
0.21764502474993694,-0.056403730102868289
0.22055442094284861,-0.11410513043398739
0.19745559528278345,-0.15044581893863174
0.16483462622236314,-0.19277839027042179
0.12565435743070663,-0.19895221932078988
0.067317555532026119,-0.21726345286240939
0.012365737801681754,-0.21145269298576011
-0.036359206304279953,-0.20243910357171924
-0.089463980816609112,-0.1910784362580347
-0.1214721665897732,-0.1852603611852538
-0.15078018281311675,-0.16145925269684069
-0.16701387524676412,-0.14146033635183841
-0.17463756416197479,-0.1361926351338324
-0.16590264888625006,-0.11507967411534288
-0.14531941572208146,-0.099780691968598442
-0.12144454112478299,-0.076910441517311565
-0.071630279023626869,-0.067754815267306243
-0.035888497958303442,-0.038807018784688577
0.0091026086257257801,-0.02015278640478738
0.057835987573582631,0.0046718649323355841
0.10950552298688838,0.022375074169603291
0.14398322174761971,0.035627148700281913
0.17191298645964739,0.04964963838849188
0.19951263865374605,0.04508806835966276
0.20158400420713146,0.05278703049969221
0.18520879245632557,0.028688469938395428
0.16675382805022987,0.026430738151812152
0.12407722511140383,0.00080368710977335228
0.075452600491000901,-0.023345648158156661
0.023358204760365733,-0.049355636367942143
-0.038542734670949888,-0.087204586395022335
-0.092761303612947404,-0.11234869231623358
-0.13935206119989768,-0.15110152609481817
-0.18101981757795729,-0.1857293519193472
-0.21298604990601544,-0.21827393675585308
-0.24994729510607994,-0.2561517019468883
-0.24882561571469375,-0.26939373743304285
-0.24423820900580698,-0.29951849862302066
-0.22378502474384057,-0.29711770209586524
-0.19426210315218248,-0.30590331603429372
-0.17003486835762405,-0.2886641866392371
-0.12685435524361205,-0.26132672357807413
-0.074631481219784274,-0.23236502823646918
-0.02387830546108323,-0.19654497176694477
0.013123137541555733,-0.16102778644159829
0.049065635366735964,-0.11832578088038793
0.074021348674515583,-0.092289641875756528
0.078225642807573548,-0.071331732562146713
0.081513255553407271,-0.052264569855696559
0.065592439083123844,-0.037959628295570425
0.016983401250574476,-0.039039767733272189
-0.020570469329687906,-0.054255752279448261
-0.068113003623185203,-0.070590928784072624
-0.1354685784430309,-0.1036685483202413
-0.18128171597767101,-0.13630037918807902
-0.21714576126973661,-0.18189008207216031
-0.22775575563168596,-0.21460144766293907
-0.21100475754882619,-0.255586115287883
-0.17661006084438272,-0.29200484078140637
-0.12368979892115675,-0.31413746924326263
-0.044091727562745792,-0.33849157669725771
0.043693320550361368,-0.33620556687847053
0.12332460752315252,-0.33766698347678059
0.20031941299943301,-0.30117661635941112
0.25370131202180379,-0.25606880436742729
0.30185816437917085,-0.20351058085080476
0.30545147424014829,-0.13235599642259838
0.28630583210069804,-0.051673103145461703
0.2478170101800109,0.031342193177828534
0.18438865452686512,0.11300258276953273
0.12221902413605917,0.18480266497612063
0.05295631106467695,0.24895357469644258
-0.0087633994530079209,0.27244071667179798
-0.061984698395634058,0.29087226074125366
-0.10117259431740409,0.2663080283703973
-0.13845949242846703,0.22660100987558429
-0.13670976122665285,0.1674089190331709
-0.13539667843500797,0.079088297062936033
-0.11729492777736084,-0.0014047358654331325
-0.10395699471627717,-0.08517151699776164
-0.091348400732203433,-0.15372052804368871
-0.089124246285117378,-0.22485709771124424
-0.092883954353755543,-0.25637484300978414
-0.10117182076925101,-0.2752730253345404
-0.1110035882326901,-0.27796987901049536
-0.12983484102741985,-0.2573502611161132
-0.15343683239761213,-0.23611664690062401
-0.17514565386152964,-0.20733635895428484
-0.18751916848004788,-0.18817973202129371
-0.2026186656433038,-0.16386479938315893
-0.21869435952418886,-0.14138796018015984
-0.21909575172287407,-0.1375404457416044
-0.23075379090694717,-0.14735115303304355
-0.22190430103362113,-0.1519075902860075
-0.22173755274653975,-0.16169723871755573
-0.23382596339073972,-0.16364994318611958
-0.23579570149968249,-0.16051788816951626
-0.25739493048378087,-0.14345778163958026
-0.26821861522678869,-0.11612711228821437
-0.27182962461700677,-0.076939822823954715
-0.27619792650270136,-0.016746261913159935
-0.27362132195648797,0.03614297341979146
-0.27043797712830331,0.09691594111234636
-0.24582399924240897,0.1404704541566682
-0.22096561844475074,0.18892366906368324
-0.17863556902695366,0.22370614530729779
-0.13828765071030916,0.22919816245996669
-0.10041306017048214,0.23957051830573342
-0.057689027080117153,0.24116759916385466
-0.0079885888967798878,0.23235830580923708
0.043549229031464069,0.21701324348596743
0.084687155613781026,0.21984553125684977
0.13399894165493939,0.211853827021344
0.16997559814234228,0.23136235478256126
0.20355089720855837,0.25272480235941636
0.24673068514654209,0.27498312211768189
0.2672103072217249,0.29742963531847161
0.28077528871291058,0.32702316095950529
0.28742967398343594,0.35030774373939383
0.28295714390741017,0.35248911149578693
0.26279139777155786,0.33194983888750951
0.21960620051030688,0.30678612121257681
0.16056864445761787,0.24674707172401414
0.092880069668367815,0.16211905862040418
0.02857961822435728,0.086795987740219738
-0.040487326143031251,-0.011062280965578899
-0.096826891915155866,-0.093847518489646106
-0.14149721817502858,-0.15943234583160268
-0.15093243625903793,-0.21217781196215266
-0.15128923578790968,-0.2269843902891352
-0.11479532409702158,-0.21900098195789852
-0.066996467874123528,-0.19491314798286011
0.010964404076566786,-0.1450360106661254
0.093121230901415677,-0.081809139151269736
0.14554750285521206,-0.01770335581255536
0.21160677899294819,0.034649069407630066
0.23261828573020121,0.083379510655593458
0.22875401170379056,0.079249553140685033
0.20527232738677709,0.069527068209299214
0.15158050482599594,0.027187105060073463
0.066138885117472221,-0.029001136307310209
-0.0083108652358546697,-0.10884444782752858
-0.098858611009290401,-0.1823850771895251
-0.16996671579314712,-0.24412653687899272
-0.22129460961242189,-0.28651530254691615
-0.23768352684919186,-0.30219334731036401
-0.21629874025590629,-0.30485930161428887
-0.17208657526439738,-0.26758971823156863
-0.097579071325423733,-0.21991348349559448
-0.0068513738848316142,-0.14852333050470917
0.10251198106711125,-0.088225288872067945
0.19268368750664855,-0.011798480527235535
0.26189829674865606,0.036061765655854998
0.3135282774406849,0.077567997764437402
0.32667855607928187,0.10189876291519101
0.31135046646833886,0.0989800036700349
0.27564420752438351,0.079657761507178002
0.2045425090836285,0.045116203189102443
0.13617825041550533,0.022391377013326053
0.067135694420278308,0.00090657593721710315
-0.017329404755252048,-0.0040533860830037002
-0.067794948180906076,-0.0046520832817219648
-0.11720068597184026,0.026428822050720235
-0.14583864106743119,0.060970045279702442
-0.16762172507396478,0.11348688396775612
-0.18216880064042498,0.16370561107162385
-0.18190850547042892,0.21928926379792818
-0.17545545868626575,0.26454691970307537
-0.18202175670425305,0.28503864443499977
-0.1651711000878715,0.29494222016620486
-0.17268713719610154,0.29472797174536053
-0.17086195575535304,0.25836940469273328
-0.1596478731888312,0.20611082649462864
-0.15044899871885534,0.15203287921639197
-0.15253298562301942,0.088888316913213986
-0.13926398925174704,0.022410686444042427
-0.13398896950799544,-0.028049262622634553
-0.11586403750341087,-0.070799867807934999
-0.094006416894712022,-0.10049053500009363
-0.073645437328603611,-0.11054787929292954
-0.054381973538092945,-0.11518289981884532
-0.033337896054165768,-0.10289406088330537
-0.012460093915677407,-0.095549986387582192
0.029269738114821153,-0.085195857711397149
0.054299861821566257,-0.082601280707909702
0.10899652612562283,-0.08881971206963811
0.14072655048093299,-0.097904894705230588
0.19272779590825279,-0.11752242137915331
0.23529739616168516,-0.13610088707120624
0.26337571708953328,-0.14707070205803438
0.29245345997820044,-0.16390925694186823
0.3108881373505567,-0.16618739087716047
0.30328449683536546,-0.15201911803181958
0.28576819226317807,-0.13472697753453733
0.24011807641000218,-0.1101017183832023
0.19044319915828323,-0.066180357301132545
0.11407229140058107,-0.011001839605544867
0.033878538158801784,0.026728749682655872
-0.043466698322590987,0.078864434551385768
-0.099051936254087508,0.12123925481212461
-0.17181825127395703,0.13755406391398084
-0.21411583554658362,0.139044528104972
-0.23440654104872291,0.12071321990981854
-0.23069041341033764,0.081407330328293823
-0.22348690529351489,0.034337445325855691
-0.20764430096637529,-0.016895464466001278
-0.18170309141660534,-0.091622032836257181
-0.1426684586134454,-0.13611578864386048
-0.11502115526353747,-0.1849641071702334
-0.095964897342249778,-0.2182979061901073
-0.088265692651670821,-0.22412614561347627
-0.081412796653462197,-0.22634630058982053
-0.09637002120313061,-0.20870010054600482
-0.10876899893934187,-0.1746023102855799
-0.12444152300051811,-0.14506045854538366
-0.16887100780314626,-0.095692511140466813
-0.17737561577412497,-0.054755291685523254
-0.19798281843018964,-0.0082736807422513596
-0.22570322155896885,0.025391990934562979
-0.22596351907628237,0.044290177808929444
-0.21962273952017033,0.067320334439295887
-0.22134243749262153,0.095669062561003049
-0.21220317934835917,0.098925670048465461
-0.21132994037022876,0.12158409987995733
-0.18967692240474038,0.13597090471541948
-0.17578649856435719,0.1596203508933943
-0.15979551586495508,0.18890069478396812
-0.14272958552642831,0.22243674105249256
-0.13179127933231166,0.2653601401094729
-0.11224406392532375,0.28481765141514009
-0.10046564750111463,0.30576157189367176
-0.075792732299237706,0.32320349821859279
-0.060535088530033206,0.31228477056896703
-0.050749927564819323,0.28797853111071509
-0.030026211563797211,0.25636955577993653
-0.020865600810914722,0.20756886216621206
-0.0076613338515255074,0.15247813270688251
-0.0032695190502643888,0.095934317866256752
0.0017618879030481004,0.028562349216540685
-0.0008905765280959382,-0.024417265240098358
-0.0052513203135307104,-0.052857140459028798
-0.017914805203056813,-0.07222372851495959
-0.04226083375610918,-0.063451780054484055
-0.066000187292224316,-0.054198021520450612
-0.092847008911345674,-0.019832386444075308
-0.11766812395788147,0.022326273734633216
-0.13802633117173366,0.060585700715447381
-0.15393962506743192,0.087998446734703112
-0.14965832009273158,0.091949412133698075
-0.13377801081224844,0.086533822511866934
-0.11571494418864012,0.058728776058713211
-0.0722872732213342,-0.00050703895184978998
-0.02953723038567338,-0.064286747682474291
0.01000180356880492,-0.1529626720815124
0.051864493908807055,-0.21352940025684081
0.071680356683928512,-0.27345949021919952
0.076164180205186699,-0.30828843850812465
0.065095983108347466,-0.31480798388675268
0.033171966125792721,-0.29475092841158607
-0.001220513950735276,-0.24922777242716809
-0.063231732154386433,-0.16982685463058406
-0.12621802491881151,-0.10857974106811347
-0.17110212104574191,-0.02784511160431484
-0.21538946846814822,0.034599591876055172
-0.23366825321319129,0.072116517894374566
-0.22968905569870721,0.083865672494908602
-0.19175150927730159,0.08009789425090473
-0.13445059824451211,0.031756369364688626
-0.061873380847268497,-0.025549669409916445
0.028565047111804555,-0.10049938192234716
0.12365670997675419,-0.16504848280283457
0.20097705129975807,-0.20602625186291279
0.26302017470373423,-0.24656414559052348
0.31192242915691848,-0.24235795455310732
0.30785744784320684,-0.20341035073391786
0.2983301133015861,-0.14681230078305488
0.27067889008481422,-0.061363896130113282
0.21502967190019617,0.02895262030384867
0.15623938902958001,0.11761340481468947
0.092564123279388802,0.20781487226144435
0.050340037022269309,0.25843113967053977
0.0080761121719145259,0.30741632190868184
-0.010107957665648707,0.30694534151237851
-0.034249818117940388,0.28395505828498113
-0.019677627323347859,0.2364587850186077
-0.0067395841446561524,0.17134866690657105
0.013240060299824254,0.0825272602670334
0.030268747048022817,-0.00087891632636984205
0.045720373121767154,-0.077090781426567556
0.058406038243194375,-0.14703287971756596
0.05025421887967893,-0.20297590472111207
0.052499983670180814,-0.22640722869093793
0.049527934816703645,-0.24799228457715283
0.022777982681400487,-0.24544717077339304
-0.0070600871242826593,-0.23319981203903159
-0.0090771633731558631,-0.2212301279937193
-0.031844686530713928,-0.18048673843687688
-0.041737540418107774,-0.16603752680564704
-0.062425307558766727,-0.13999775781578405
-0.0624510227431576,-0.12367569417704664
-0.063009692879858997,-0.097814095910635127
-0.065266815156412569,-0.06411064908553625
-0.076925097284583077,-0.051072147496583856
-0.067974187529090707,-0.029817085248031436
-0.05489124814997634,-0.00069229021820295215
-0.049161189416325288,0.024897444245818679
-0.037860237889357454,0.047060768077267251
-0.010981855201165741,0.073041699699245538
0.0074971008467309037,0.090401847343721212
0.039626252353058312,0.092374381437509687
0.060495274548814704,0.097757483805423873
0.060138589371067169,0.092701470759517485
0.071539776799171645,0.065407243073721408
0.064034995167445777,0.043052728267763865
0.044176928247312584,0.0021875228042058676
0.0060918809353546722,-0.041146839365587475
-0.034179116911824986,-0.071096272959535425
-0.063097616926733643,-0.097867748712880648
-0.1009215084488157,-0.13222569237486531
-0.13278891190391673,-0.15438748308898323
-0.15916755191181708,-0.16180807329831695
-0.14228716643888578,-0.17666730848216317
-0.11655553774764285,-0.16974603472913019
-0.095121767762497991,-0.17362419306505361
-0.049350260329606134,-0.16082963798303196
-0.00056371808768142457,-0.14748332677006079
0.029187062688340808,-0.11687775398121263
0.063837760004468683,-0.08167686629400614
0.082889281092250772,-0.047162800134126021
0.072284169541534535,0.011949092517927671
0.043714717221218592,0.070426968914785809
-0.0031674018741259307,0.12865937041783107
-0.068608494893478478,0.19215501402169147
-0.13546610973689535,0.23844800441903358
-0.19132327791628262,0.26780396734198303
-0.25146005695508017,0.29269097228502983
-0.27982742613655182,0.26892115760972113
-0.29499288672377766,0.22383637281726271
-0.28180144095407783,0.16805757235798588
-0.24731714134372865,0.07357466553427465
-0.20625851188793656,-0.02159083847339115
-0.14631859828698882,-0.12587579393577863
-0.080413392760848398,-0.20881765918880757
-0.022627618594931814,-0.28019010717156712
0.018805460753666341,-0.31830668645273413
0.054573627778346116,-0.31788321675101749
0.079296380172209413,-0.28236877060975735
0.067580247739306529,-0.20118582507012209
0.044899394244236446,-0.10870850856999059
0.016356652141035377,0.016431239973248222
-0.028269543449795938,0.12832257735782301
-0.091350823224294303,0.23283187701851085
-0.15545001243882847,0.29603720548594614
-0.2062920216288355,0.32580889648358524
-0.24496537923966047,0.3193722508591984
-0.29107591383526343,0.26520147908128877
-0.31184320154908934,0.18249239747819987
-0.32656438697763623,0.077733889202560275
-0.33053283519023979,-0.031699619891450072
-0.31815172298132649,-0.13251676677432003
-0.29830923008587279,-0.20291889962978465
-0.25836339170679901,-0.2608816962034014
-0.22032393647161228,-0.26613639867751543
-0.16356071827315394,-0.23385290178309767
-0.10668702071943649,-0.17365904350030217
-0.03663929107404091,-0.094730777599428773
0.015117895537484903,-0.0021374996541478992
0.056945755274717701,0.078432788673925127
0.10049391386186352,0.14720909130332538
0.11422465560338249,0.16926687392705145
0.14059103709494894,0.18400755418740269
0.12359726326547836,0.16358695313984137
0.097422699456894177,0.11381691306430314
0.063136851327352556,0.05944159750320413
0.021839739863911731,0.0049156927097811012
-0.024107074594409014,-0.047879373902009935
-0.086038253756410762,-0.077061674992673856
-0.12161065303928802,-0.089921423693778701
-0.16827591406703568,-0.07711653142334142
-0.18357478854230885,-0.041671491358186527
-0.20520154222466239,0.012432034918749224
-0.20115615464522338,0.069799422975043796
-0.20886584848300077,0.13563038343856706
-0.19971875654147866,0.17744484546984246
-0.18633440113340388,0.21836835595463855
-0.1732371077496821,0.22859360423234856
-0.15544319288311528,0.21313785661019399
-0.14626246752228092,0.18220957359807421
-0.13548197904792125,0.15088140654209833
-0.12035401626062694,0.10303265602833248
-0.10659751061786822,0.045176508962012106
-0.085010567793379024,-0.011555645813729948
-0.06841932557852054,-0.035692215947246454
-0.045406589050748583,-0.062448194166460358
-0.038960632902659414,-0.079839895154523471
-0.0081317670736580673,-0.065292033198733071
0.0073713444118122667,-0.042120319470380446
0.022423418912906164,-0.010142281755143489
0.0212330791341208,0.018146482275377018
0.013472583045223616,0.060769849082359328
-0.00053089668488582979,0.1006963154027047
-0.028536697986155629,0.138341996729689
-0.071243335925280149,0.16181326610129956
-0.10494723094404797,0.17766195231803736
-0.14218965727557414,0.19060070068528168
-0.16962286877306301,0.18680370001601226
-0.20501282163038154,0.19087135187015791
-0.23903001297748733,0.17568224250930425
-0.25192235232164784,0.16150260058445481
-0.26770892906284999,0.16794573812499455
-0.25726013372011997,0.16196589538477821
-0.24878804412786348,0.16704081973838691
-0.21863389175911929,0.16576295529857143
-0.19136113569506996,0.1638041074557646
-0.15311302915148581,0.15261658982720946
-0.094280250735343712,0.16466168824680166
-0.03556388725264506,0.1491314596511592
0.026386306918511009,0.1409045541132124
0.090394548982662193,0.11630956154355521
0.15964557081551603,0.095065512044138337
0.21798541950367406,0.072324688835663731
0.26544653680368502,0.050289968153225402
0.29263314769105897,0.048417510182081402
0.31302053728302964,0.035604906671789664
0.29713905897215603,0.050691596746917741
0.270602370932151,0.085137060820227428
0.23557689479563768,0.12226640377481214
0.1661918451082838,0.16949192567136023
0.10213892885756889,0.21657727216585304
0.0099006052170549797,0.27163824918834972
-0.065288854750876674,0.30928973083892969
-0.15276123312322704,0.32665908775932234
-0.23227175009283679,0.33475167426555519
-0.27658533922405337,0.29994845266002335
-0.32672142471140253,0.2494334024251281
-0.34965976447881275,0.16438876174870731
-0.35292187245192541,0.073134763631481303
-0.33608805150039728,-0.027339006874754841
-0.31030431938621089,-0.12844749209507419
-0.27869109161507172,-0.21027107768817727
-0.25352844548577297,-0.2653588502502135
-0.23912411568529982,-0.30056713162480547
-0.20627268356254344,-0.31613931068479617
-0.20654802985920551,-0.28907314765989922
-0.19865797624837858,-0.24274510100759145
-0.20410115728479777,-0.1820870087620565
-0.20546464190814431,-0.11896172479443112
-0.19127892382349282,-0.055980118811238558
-0.16913186939091837,-0.01667766197810145
-0.14624842117829429,0.0064855957800625114
-0.11491495874935982,0.007397251337456905
-0.07009450073876422,-0.019143368301566138
-0.011090153798093359,-0.064671474355637942
0.033564387962879805,-0.1320411873968175
0.083779857459956267,-0.18400180530315063
0.094824909504751226,-0.2453225069084963
0.099689987813928918,-0.28375084993801264
0.082335665923578355,-0.30500439571680577
0.036573244104013192,-0.31046095667964796
-0.019076579478293589,-0.27339759290779075
-0.083639830638009685,-0.24042884516448551
-0.17141968678107067,-0.19748755660392936
-0.23517957747096363,-0.12407166690462527
-0.27963506093653406,-0.063126589890190557
-0.31498542661605344,-0.026446572168977396
-0.31015816304128579,0.002276900670700039
-0.26602309183466472,0.018187005213567677
-0.20296076265711557,0.016457874756844616
-0.12344182083441384,-0.0027039697774079168
-0.018628563148798558,-0.015383628872034844
0.088953639385588354,-0.046043758650671979
0.17529931541472921,-0.065819093980139395
0.2538344090381609,-0.06529565169031408
0.3069778711349847,-0.064122762365332459
0.33406758371138923,-0.056072239263332005
0.33869376115495564,-0.035695949054890673
0.31693711578297318,0.0048052469676760469
0.27770993099077845,0.030682496323521231
0.23338081869575689,0.052366209666680499
0.19255480115686896,0.072541135243589072
0.15425000444174716,0.068617204168979318
0.14783429860179334,0.050250854008990764
0.14863674955244824,0.025164240642795314
0.16881440392250766,-0.010478833794479394
0.20135050942251845,-0.063573699805107936
0.24202909922872456,-0.11922698741040103
0.28595926966306257,-0.16999687412082587
0.30540013291146256,-0.21642090309456657
0.31438277480081189,-0.24831148071068329
0.3093570583862818,-0.27632583965339519
0.27057538799116632,-0.28189481998972998
0.21715869151069622,-0.27195124384491193
0.1399674575671695,-0.27363230565803465
0.049438610215990476,-0.24394817704311564
-0.032338313011924823,-0.21466800426853597
-0.11704163436796981,-0.18870300040455765
-0.17500169352325812,-0.14841203301540834
-0.22779061607038487,-0.11675764262463119
-0.26031533211579244,-0.084778347291322886
-0.26241592742137082,-0.06205146390919529
-0.25492946033490854,-0.020975408854817808
-0.23633628093465298,-0.0097773212550418334
-0.19978385726974027,0.007034486619244381
-0.18090862729062371,0.017463721720899505
-0.16544115674036111,0.012534617455543386
-0.15640922425063725,-0.010063480322302334
-0.14735366119888649,-0.042894088872950209
-0.17197861916063445,-0.086808679785153983
-0.2091581299617408,-0.12123172089223008
-0.22082022015607286,-0.16256997186678704
-0.25120899882740644,-0.17880364636962059
-0.27634361781974387,-0.19246600011059073
-0.28858622306366027,-0.17998962418620762
-0.30141243266507867,-0.15048636022313
-0.29078042643430657,-0.10107627409843919
-0.26370629138041962,-0.026599384655631324
-0.23194842306748756,0.070452079512041979
-0.21098159256806268,0.15901160775163034
-0.17035553294932787,0.22885505463716091
-0.15370184533291723,0.29796624273978434
-0.15595941958877002,0.32518671669203209
-0.15306115133389384,0.31224932246249981
-0.17339478204769346,0.26767875474775721
-0.20941909481141777,0.18750841328567247
-0.24388343308400642,0.093947187856484565
-0.28132868887228596,-0.0089680156518293259
-0.31570423114695589,-0.12081569017973408
-0.33475206484339398,-0.21284997469530695
-0.33220294936627365,-0.27460660530396691
-0.3084007879761923,-0.30975807704965219
-0.25211484508767806,-0.29593994682170155
-0.18180910415140505,-0.25593154760640541
-0.10235936674554182,-0.1936738009213152
-0.014014953809515222,-0.1014679063714079
0.071859552735061671,-0.0060445337868312984
0.14185626235295157,0.087388622771758115
0.18704478981938016,0.16639030910381017
0.21532633374797364,0.22812916001066341
0.21384364919280349,0.2577422360053695
0.19808441411267982,0.25923270676907395
0.15037980798069966,0.23650475348645397
0.092455252291746476,0.19465150175049781
0.032850472557966928,0.12986267055399262
-0.041435477632391464,0.058594106896043607
-0.089314811256173993,-0.0036832413818883693
-0.13328030963472193,-0.064278417012851183
-0.16892493573437506,-0.11359996881199534
-0.16506033493604311,-0.14633698201800155
-0.17006879505490677,-0.17199753517641422
-0.15487374113099697,-0.18401727168709855
-0.12348835599689541,-0.17696924223855223
-0.08133068866579829,-0.15716946270547666
-0.061131564243256352,-0.13533226424906913
-0.032283630194171103,-0.097835638783812282
0.0029753881523281408,-0.054918697795860734
0.033241993167140688,-0.010641858972003888
0.031008495835582461,0.02690687897987357
0.05533569466987337,0.069275707158900274
0.060797811874957891,0.10928604490724635
0.058632795085270625,0.13937913728370516
0.055296034025128532,0.16266343413684028
0.041689270832713288,0.18731400543341201
0.020094740794043185,0.188325991378097
0.012736825360012947,0.18467468328097739
-0.0061310924754372194,0.1591106218582401
-0.027241327160791182,0.1396209757492011
-0.041369803637398082,0.094221751817391022
-0.054857335562052321,0.059187285397155211
-0.065664353470679601,0.0051324020883500437
-0.060422287797666577,-0.031604217222909639
-0.035276763489394777,-0.074299714695152869
-0.014005014490064869,-0.10977276537436916
0.015918263062004615,-0.12336923786963272
0.050733566000133463,-0.14231914281702768
0.073553173446848183,-0.13120927595522414
0.084854344589298955,-0.12039400696598754
0.084580871905422642,-0.0835770563878451
0.055163648102174632,-0.035401357394936744
0.022787098415166629,0.009358660483041634
-0.024298169454582554,0.058197073749949632
-0.092987334675757108,0.12136157695448122
-0.15437727720531363,0.17139220550912393
-0.20877849010504435,0.21618147306905908
-0.24942013940359992,0.24908692550871725
-0.28723032614491167,0.27701879139179508
-0.29573978439972964,0.26443422519453164
-0.27757754061217388,0.25125466053379192
-0.2423522740493915,0.21029543476471371
-0.17810460203517772,0.16784623069855065
-0.11890865495426688,0.09296393376230451
-0.062316412192377373,0.019726867816946256
-0.0028148465803122841,-0.051078253508878742
0.03996338497111733,-0.12003642730592716
0.070439618294883752,-0.19699659146906981
0.064594719105838874,-0.25065703776776815
0.037538127919554749,-0.29005060947394767
0.001056753253643866,-0.31961381272136241
-0.053320365116886904,-0.33120862236691373
-0.11895643771128883,-0.32779967849095409
-0.17611757094472233,-0.31561164048845081
-0.24273935785324877,-0.29331030242392997
-0.29273758249226239,-0.25748773564517508
-0.31550696511041676,-0.21496406294955583
-0.33850893846866942,-0.1750509110097844
-0.34314389749656998,-0.12289496493277996
-0.32397292140792178,-0.072428381735202899
-0.28358677123160053,-0.018497114862741849
-0.25426427820821385,0.030280491233656698
-0.21316610019992585,0.073123872875181295
-0.1784433252652381,0.12636692200894795
-0.12576891405945451,0.14879047297466405
-0.07263764054129318,0.17501455367610058
-0.034367296375200133,0.20606352933932648
0.016709081233477262,0.21794101943722657
0.057879026896955926,0.22773963817082798
0.090662875283979427,0.23321769751534771
0.13602269771461542,0.24043965310263457
0.1716568237130309,0.23804982213962717
0.20950313966067624,0.25820478803720326
0.23172006735995843,0.27536730660059644
0.25505148089422264,0.29166944354660163
0.27751754889321351,0.29668966735409613
0.27945434525538704,0.30957190283623653
0.26726442926199867,0.30809048182647769
0.25137045648554163,0.30165784555556452
0.19859540724747943,0.29048383416684037
0.15940010066583207,0.25718216440236757
0.096462476105631578,0.21593335698198735
0.041002793470247337,0.17714279854060891
-0.024327760160897452,0.12791876119277967
-0.087141780930504828,0.080695646575392285
-0.13865834095557372,0.042615969851361291
-0.17557800252754058,0.025630647383366859
-0.20457916820271235,0.0053503721608371213
-0.22241821824168645,0.017143550451804872
-0.21000496737615645,0.036887338314708779
-0.19641568667033407,0.068170175881446984
-0.18184903609792169,0.098101951693448444
-0.15330890419404938,0.12658342840588913
-0.12752280334866634,0.14877561670401074
-0.10639049005752788,0.14542160422623948
-0.092636518163327922,0.13725032305142476
-0.078693798774266771,0.10847514529711674
-0.071869841768625695,0.057315247912184543
-0.081296670674105648,0.012176743068702135
-0.090556011842196735,-0.044791936531501715
-0.087762569709692304,-0.10032353860923533
-0.098930128349727184,-0.14535748458944855
-0.086290893757660844,-0.17092264926791631
-0.060642920549395296,-0.2052653535513233
-0.039823695697813341,-0.21447775720186965
0.0098431082435704517,-0.19657491947138889
0.059147547418974065,-0.17577327392995074
0.12043819687331211,-0.13931516119380219
0.16079108434730399,-0.094269009925140423
0.19812387842675047,-0.043254540497038058
0.21382377124432383,0.012839034830076148
0.21701734883910301,0.055877148419392321
0.20677447164124871,0.081626415725448306
0.17044389187322245,0.10275488436871368
0.11411067637876102,0.11074636980160295
0.064674575507482554,0.11449614212460749
0.0047673821630759405,0.09901006919663094
-0.03519948430198426,0.084430520256442959
-0.061552984947222368,0.049014968705912897
-0.071158937936116412,0.021686536710221607
-0.061896845994378821,0.007735181841461684
-0.031755633895951554,-0.031333817399379391
-0.0061753967473260488,-0.048559869501744866
0.050900355983263632,-0.084464065387260992
0.098975787608855392,-0.10254779419505948
0.1328501776155149,-0.10724135046186568
0.15895188933881432,-0.11381616085413342
0.15079428055247152,-0.11162904210380961
0.12724642711176545,-0.089554450464446392
0.081499479691107879,-0.07146317342503547
0.014325363761766411,-0.047981402890074555
-0.06675425646612218,0.0019679308337145081
-0.14109534532477835,0.046512933263697036
-0.20808468417792078,0.091278462611122768
-0.26620411440391611,0.1462082731590533
-0.32070325779549919,0.18496886385294928
-0.32012197713121776,0.2286251619964671
-0.30974502241443774,0.26462460452028858
-0.27506648239607118,0.28929403722713343
-0.2360187463861102,0.30042738572445526
-0.18159777900075674,0.31019591720566908
-0.12868183445318038,0.31394174614146847
-0.087110986880401586,0.286051940537903
-0.059185535712187758,0.26034929088676545
-0.060235388764793216,0.23397972735079742
-0.06296381294483834,0.19113738827333937
-0.077749080629132994,0.15546891666174933
-0.10630158612906968,0.11751850048149631
-0.12388008575446766,0.070072548348845076
-0.13306293076465892,0.031860444008985599
-0.12073487671151514,-0.011696567754517342
-0.080286488407975698,-0.050220489857332261
-0.037854691188387572,-0.054715716865006189
0.035168301164030413,-0.081409140105313679
0.10555153987579079,-0.098702779832398516
0.18945428111938134,-0.10060085296488339
0.25345286770516878,-0.10987503432137552
0.29879541425670231,-0.11342671814109181
0.32292387503570769,-0.11114064561139719
0.3161930611030575,-0.10962205289202934
0.27536489327555541,-0.11801844806636112
0.20980228506400758,-0.12081032842144658
0.11530076001296978,-0.12428987008910822
0.0076587137040140954,-0.1396487929710781
-0.085175788410479306,-0.14038135525194995
-0.16927379391859315,-0.15672480306737901
-0.22002835767210144,-0.16846496568221492
-0.23616967149042953,-0.18427560676060606
-0.23131723959261183,-0.1867689095913968
-0.18012505120212827,-0.20848903724869022
-0.10849595655368237,-0.21839822573084883
-0.018535553927155377,-0.22050059778856068
0.082709750239937596,-0.22521237715110595
0.18236079563039004,-0.22329756739675857
0.27368204183173006,-0.21569531272823461
0.31729398910424172,-0.20394902520040745
0.33210037666966508,-0.18533808872272067
0.32786748438025953,-0.15468143783589025
0.30732577201536315,-0.12539381079989495
0.25348313269462275,-0.090025517273262065
0.20490780238776296,-0.05881498859389285
0.13985122417795701,-0.031487775390572723
0.10095619309019456,-0.013844261606564608
0.066254280031957172,-0.015147829306747025
0.035247325370242201,-0.024010859805168837
0.037258390235812275,-0.032130978800285002
0.05943732294976907,-0.059211480954724754
0.078970939263012366,-0.083839376585595315
0.10660920408123853,-0.10514863178155966
0.10596625736242342,-0.10785763408260729
0.10484475624391001,-0.099646632361148513
0.084924012318806141,-0.074766478400680805
0.041525138656822586,-0.0300513687373688
-0.016154244897399746,0.028695085092671931
-0.085661850099115935,0.097433540515111577
-0.15069407747894104,0.16393669426843377
-0.20666477601154243,0.23400951297483277
-0.26735884425999196,0.27951367509435909
-0.29346282934349172,0.30848635156858534
-0.29875771667484818,0.30019547063318774
-0.28081720848843733,0.27786414875101256
-0.24723306008426518,0.21930772684746058
-0.18522187204318266,0.14611585060289864
-0.12429832216737011,0.062529684600964794
-0.061174428237207729,-0.02089956198070695
-0.0014854856933532567,-0.088334334811859344
0.038067468992503399,-0.14429883434066448
0.064853470691435017,-0.16081422533879894
0.073549417484604293,-0.14656366673022772
0.062289312996184031,-0.11374605391106536
0.04734866363851864,-0.05699028000353587
0.024075960377134883,0.0090512460952801299
-0.0036799525097907519,0.084698027260608502
-0.030366544635648796,0.15044998523490466
-0.044639021044746721,0.1900467051963089
-0.04636416958807657,0.22799583264570261
-0.037416168903125366,0.22247438824980229
-0.02927094144205869,0.20514109718596255
-0.0086505627100603964,0.1753755988296431
0.033718377558340965,0.12293580341080276
0.071881626229156184,0.071040814332058527
0.11466737481118161,0.011971931760077303
0.15630251949797311,-0.040097945898664923
0.19599539829886517,-0.065451182681115175
0.21283127033176563,-0.082613147597274353
0.24728936171730734,-0.089805759245765199
0.26049127038493769,-0.073409102195159504
0.25129363778110342,-0.051864585722567559
0.23165530798591807,-0.020998739810415095
0.20487016998353391,0.0063287766251347655
0.16923967299970291,0.036610903620845979
0.12355181186803341,0.061727000712031528
0.061876780904356658,0.070965084423132055
-0.0089367692423214587,0.07591592387514777
-0.078460834788105782,0.053160805043935222
-0.14052032901347575,0.044846286200214018
-0.2000868778735605,0.035429875841013959
-0.24696318089008029,0.01249107396971301
-0.27377851006847925,-0.017262228170488347
-0.28993023552188069,-0.038263264889144367
-0.26649341819080752,-0.071899508328638381
-0.24495125332711898,-0.091373656999482869
-0.18718156390193572,-0.11731868556796875
-0.13492027104112192,-0.13158145466870921
-0.065789003990414041,-0.14044462357651516
-0.010219683140285731,-0.15067371022678119
0.031529504514197365,-0.13176320802444347
0.065666991897979712,-0.11445441767960324
0.06969977972923945,-0.086913906285345233
0.06618129063259591,-0.059099842080963305
0.041553423857381436,-0.011966049925225285
0.0037407016629977981,0.044331875661498307
-0.040521265277206786,0.090374071012959162
-0.080205657287121257,0.14042350743369628
-0.12182938027917899,0.17386691032119961
-0.14901883326446358,0.20392291272631774
-0.16632029432048648,0.22271478587179988
-0.14817284738969647,0.22417167374920841
-0.12949074605709193,0.22098638379392374
-0.10736498183222741,0.20197282560002167
-0.068027397137029974,0.18850296866974131
-0.033462364956783348,0.18336433134641542
-0.013788260263718811,0.16618117983727143
0.0012773829397702233,0.17410236178737293
-0.0060615476899433737,0.1780134387428928
-0.0063722574332733782,0.19798202949559315
-0.035192172817069739,0.22769686233454334
-0.058252185354356265,0.23690116040626277
-0.090244111722115564,0.25328971246692866
-0.10108485282493365,0.26820225180162016
-0.096365423842323827,0.28441078244508616
-0.079913382290927523,0.27126357159875297
-0.048061533516351181,0.26086236479007735
0.011938623536597866,0.23208654480282956
0.068714722466924338,0.19707650393486753
0.1197328163463202,0.17349726630376389
0.17060322000097919,0.12692825707481706
0.21974111380846095,0.10342942475832449
0.23369806372132443,0.071081969649346793
0.2255400988412074,0.036168184015252791
0.2009951587513325,0.016640013552751999
0.15550661603824426,-0.0053792395021087912
0.10750221808349672,0.0051050912726962995
0.038498465161636838,0.0033241750284270424
-0.018875165487811971,0.018777419532051139
-0.05355092050939235,0.036420890304180088
-0.067991531227897237,0.070059903953515801
-0.075553242185971758,0.10423781198115099
-0.04315211470900001,0.15142183125448516
0.0018057040098060824,0.19240311607280849
0.060449947050231316,0.22977237030981823
0.14185001305978232,0.27180551351017213
0.19718805423061364,0.29435368175530452
0.25303597907846309,0.30801893828240617
0.2862486571712255,0.3079580901226644
0.28438734646615149,0.27842698945099281
0.27722439700346985,0.25202593645321864
0.23214937040179964,0.1752597758441734
0.16251894502350384,0.11582505230434914
0.070514842686833584,0.025356665266129324
-0.01853766857789204,-0.040330960712180848
-0.11746466566325904,-0.11779042606954346
-0.20615394898733938,-0.17142491978261418
-0.27953787298246757,-0.21184563424045044
-0.33934196593816779,-0.22838369067569059
-0.38889305721551842,-0.22807568128454461
-0.40102720232094885,-0.208120568026361
-0.40100748405520387,-0.181046321232401
-0.37910519280050925,-0.13878396094496243
-0.36014266128402228,-0.090843228921312802
-0.31974287482222308,-0.041635188746487133
-0.24355270294474432,-0.0096790635035273933
-0.19435590588570542,0.014747814278346601
-0.13097079066163111,0.017298055978277035
-0.065150315509131057,0.02352274945445668
-0.011979226738630267,0.012480366481352322
0.040059717230879081,-0.0014722369801366238
0.072296428768426041,-0.0053424324726423153
0.098784801114108117,-0.0047716737606223903
0.10933072130005292,0.0066318000991523584
0.10754539820641937,0.032689734995903177
0.090407814772103287,0.067131201284060055
0.070533438223915501,0.10096124037646238
0.041198128055360064,0.14277458133662593
-0.0083562913387798601,0.17222081558765603
-0.03987145036409101,0.19820835848727478
-0.068303218743243438,0.22254633772906171
-0.1088665448156684,0.21840125893270471
-0.12897175618437898,0.19310706820857862
-0.15646776086271713,0.17502155612165929
-0.14541987105546117,0.13540348770325311
-0.13785591150409485,0.094086759592158967
-0.116840919236049,0.062801316538908275
-0.076299169881946016,0.029045733217006056
-0.028066025287155145,0.022924816346945424
0.033340592079286309,0.01704394491080128
0.095032395591245766,0.01943376546341969
0.15919089462796565,0.053751605109209816
0.21135919586044016,0.082672754606988322
0.25233393884601973,0.12503653561800679
0.28551206070762047,0.15275527312107176
0.28774819718636696,0.1836209348036871
0.28368623113704311,0.19832873127115391
0.27010570822768792,0.20778392559236894
0.22713543370400022,0.18938912845878564
0.16699813691321383,0.17182767663359086
0.11491503829778772,0.13104008218730956
0.051780884885719428,0.086160266547985254
-0.012223662640388169,0.029074056169318935
-0.077764438562963334,-0.021954731564000254
-0.13734698327543998,-0.07655053875511314
-0.17778185509314698,-0.12457841836482797
-0.20767779040557577,-0.15571998625404954
-0.21959868760830564,-0.20407419586728826
-0.22076015207708033,-0.22351344384136004
-0.19905584323432884,-0.24233282058383254
-0.16223854072190852,-0.25046244604465451
-0.11089068729353459,-0.25286142132529166
-0.054496380407424556,-0.25771030401138589
0.017642539077449108,-0.26386504410248574
0.094676215479952586,-0.26182378097627368
0.16143526441899952,-0.26524677443094047
0.2383792760368002,-0.26026923406272939
0.29860393309188316,-0.24208137272420158
0.34168606795702583,-0.24621854131695423
0.36092682705181461,-0.25327967132880075
0.34731204276449684,-0.2586306847414
0.29814947264944414,-0.26114503254166527
0.22740662608230758,-0.26379250265101584
0.14108464774808174,-0.27070411589879423
0.02589753830542741,-0.2847331021452767
-0.065860079867019861,-0.29151948662803095
-0.17299780632709508,-0.30093179413444371
-0.25414997192920497,-0.30830414702881598
-0.30278212165049145,-0.30035310612673571
-0.30459435231871235,-0.27871632321995604
-0.29121636216588154,-0.26124312898480406
-0.21591093299726177,-0.22716924561189808
-0.13510256302816515,-0.17907615485940412
-0.038480118393985033,-0.13325632936948778
0.062878916015149125,-0.091797909745005679
0.14791887461976969,-0.05077849527048342
0.21245639925481566,-0.021849027827851263
0.24210147270326357,-0.018366350696715165
0.23065487079220234,-0.013781450672075408
0.18012812048723142,-0.019999566759680305
0.10368515179177373,-0.051152817495476254
0.0028136653891309852,-0.087286574773284276
-0.090057947794780144,-0.11383433327976578
-0.18970958761128673,-0.13581893555107571
-0.25324460315835934,-0.14446332962467553
-0.30460142119087641,-0.14063865637564749
-0.32117098498874808,-0.12105304003676734
-0.30391880606665178,-0.089662728469520614
-0.26251200503874395,-0.050331696750791764
-0.19765171869515161,-0.0066791740611508131
-0.11686056374591838,0.031400026380852111
-0.026830174243150061,0.061889727560597171
0.058326474364541241,0.086072068212990474
0.13721429576220515,0.059809710245460578
0.19529462275568174,0.049260142725833088
0.24325349758756593,0.013683939417308048
0.27573910055277107,-0.041992043652658725
0.28031003923900039,-0.10047384407489254
0.27790701496620257,-0.16621514411263122
0.268482136019288,-0.19766875159203021
0.23264610366143895,-0.23421541269381885
0.18465784149115955,-0.21320557564322826
0.13085277814645252,-0.18980880344000503
0.076429839479773776,-0.14985192942706391
0.018141296885186887,-0.074740965400056203
-0.045809376281225854,0.009021843202097939
-0.1004438559860493,0.080373673706993026
-0.1254462482051962,0.17370229802122356
-0.14460929705674277,0.23775388591930402
-0.13910048546396558,0.28597008921649458
-0.097194399399395864,0.3270559640791833
-0.048339046357009939,0.33394186678162024
0.013392079857739469,0.32664597612687296
0.083665417879954851,0.30192386560112633
0.15925551576083952,0.26779127909804673
0.22025458017303967,0.23464331173996761
0.27772282051875269,0.19332147973623229
0.2886636282581343,0.15654241651967132
0.2904956681646233,0.13633202343102799
0.26164377383769044,0.11441832447864471
0.22078909142665729,0.10762268900358611
0.15368543939743171,0.10247578007129081
0.091204354934354165,0.097433782067846059
0.018080332685681516,0.095732490251908525
-0.030049537487203341,0.070622859883969061
-0.069343009961996604,0.06112130168305744
-0.08116144800513013,0.04301295695515623
-0.074149176151358104,0.020954425842237674
-0.046482713316283827,-0.018288800753398098
-0.020041985301579184,-0.03946254097704216
0.018472806195612892,-0.05965031495041153
0.060468623968561876,-0.074296276577939954
0.11095977755323878,-0.073199669985271817
0.13636052138264046,-0.058112690673297614
0.16043020293764104,-0.036424873525191991
0.16327066526767073,-0.00010885783511211831
0.14926534723143323,0.034184341407240415
0.12901739646198579,0.077701825605302186
0.11001526099972898,0.11232448042921303
0.089188297433137831,0.13289265216533158
0.054826343953755213,0.14531136615457682
0.01950250044777312,0.13838483279291849
-0.0018871067932073209,0.10327244148051082
-0.038513686508821143,0.076140451089561065
-0.066300982751743329,0.015063374415232913
-0.097209471049525903,-0.036089878255209755
-0.11184905659821684,-0.093424936191317531
-0.14183471810152565,-0.13090231185815759
-0.16251175213752869,-0.18254883957352164
-0.17911588932078898,-0.20868272033483651
-0.2025296049828077,-0.22400708494324179
-0.21641393505193438,-0.21955204299269818
-0.2281274809179995,-0.206868257533464
-0.23700222220417419,-0.20023776942196353
-0.24165109320755804,-0.16255973838558682
-0.24577205972928065,-0.14172871579985077
-0.24918485949870078,-0.11776970664020339
-0.24803369400548567,-0.090127109061103813
-0.26853174291814608,-0.084405690736193473
-0.26853601232169727,-0.080685412458476963
-0.28314619393239815,-0.091611019041626732
-0.27972089592564103,-0.09265672947911413
-0.29732141667148781,-0.11413218422217533
-0.3004983932649179,-0.12239041982345177
-0.29582226206526802,-0.13182971693909878
-0.28336841990915462,-0.12833808174616859
-0.2639606762443909,-0.12061861302733494
-0.23117677177876503,-0.10811657577809967
-0.17564851328276895,-0.092817710093283615
-0.14275617851678241,-0.071118601876193774
-0.099249097899163682,-0.053267281264552685
-0.052520929203012934,-0.036234183231939693
-0.016661865442046654,-0.027076964624853667
-0.017055329921524698,-0.027220455608613317
-0.004500973662401769,-0.028829829745528082
-0.018581600991543691,-0.039787982955034981
-0.036570397074432721,-0.056425165136281562
-0.057237418474946962,-0.063858798223416682
-0.073533706710740429,-0.081281004047367725
-0.087865646554962609,-0.10662344911897711
-0.089307549180522389,-0.1155498108394627
-0.073224639996259416,-0.1329830895313934
-0.040604585373464182,-0.12497501325036008
-0.0046591983386129535,-0.11963494352345225
0.047020062980354722,-0.10771383820949589
0.096852943541183373,-0.11856376497019289
0.13196034055424585,-0.10126204755922766
0.16159626280518199,-0.097041080285390421
0.16756310647240602,-0.098524762040593586
0.15128732523812602,-0.10758129880024039
0.10831186604232974,-0.11266526216143867
0.046792300241145252,-0.12825335958160367
-0.021177087274565569,-0.14483237859699613
-0.11285491514233754,-0.15950114110479419
-0.18421803305077955,-0.16888951078267497
-0.25006929163393193,-0.18339768285643568
-0.29242019622600113,-0.19222834171514303
-0.30259654917117035,-0.18801491241240983
-0.29119129058932408,-0.18348447411231514
-0.25250281884257603,-0.18457890589632775
-0.17239561779445817,-0.17355453594217007
-0.080564656713444191,-0.16909918197525939
0.010317052950515854,-0.15537961489076846
0.10209160140915152,-0.1448435191491681
0.17485342348828467,-0.13450648076900848
0.23310075408829325,-0.11263319298917315
0.2692235806128212,-0.11473956207793228
0.27853646327349529,-0.10762639888190713
0.26431736705945874,-0.098254670008201428
0.23302319228883234,-0.10212702640381026
0.19922626908448796,-0.10736104974128451
0.17498821327401651,-0.11209470178891739
0.14949732762725337,-0.13178337281982169
0.14364294307434997,-0.17022493584997303
0.15471722520184003,-0.19630720043142413
0.17012742878659193,-0.24775545756329484
0.21444735118726962,-0.28742208490540583
0.24764042998366109,-0.31578333310610163
0.29584346438866921,-0.32128881171856472
0.31431192855761236,-0.33295140495594988
0.32184423740299006,-0.31153309258356954
0.32025957088457618,-0.28240355831034725
0.27373491679013806,-0.24285748094443427
0.2133478892737817,-0.16204930237121462
0.15331959486636135,-0.084306793444607397
0.083124269127469841,-0.0033843606130300437
0.019368425261236388,0.07372067726157458
-0.043808075443792928,0.13556628835680964
-0.077182465846151599,0.18000288229673761
-0.078267012532969943,0.20791000647650415
-0.066897015601988671,0.20510644259379165
-0.021326279439345983,0.18694352986917862
0.034099701858239156,0.14004087617114949
0.091210633565811605,0.080920082640425703
0.15499087328768824,0.0031731381988325492
0.19523428586020813,-0.068612551293758248
0.22774503912249017,-0.14680251325513421
0.22495676440735407,-0.21135402158148056
0.19062148864682757,-0.26892801691000973
0.14628699366943196,-0.29667605540843306
0.071394384481807877,-0.32306724895467515
-0.0012411028886811998,-0.32539963752321865
-0.092371707566786906,-0.31280746007143168
-0.17115307823820616,-0.28812800748859529
-0.22717920972308267,-0.26734353184902138
-0.27814306833861685,-0.23963547904497917
-0.32105014537071735,-0.2142804622501075
-0.32460634752331513,-0.18223029803992621
-0.3196377295898068,-0.14815943665656506
-0.29645410205628403,-0.12185990407625161
-0.26318324599227894,-0.093052746145718138
-0.22026050691418841,-0.058263675493644973
-0.15845353504234055,-0.029834770321012755
-0.10828173095428771,0.011663928528822637
-0.046107650204857943,0.059655149929091586
0.0051992869888806475,0.094614489189728715
0.044931701570245876,0.12816442195588451
0.07279480465042687,0.1531663382844361
0.099667853927977487,0.17595402463399615
0.10954340564819787,0.17453863227466823
0.11639684331919115,0.16190061243677417
0.10977627557946036,0.13344748080756882
0.093309426537350068,0.088257141985453133
0.063473262845416864,0.040049122609356849
0.03685564707458748,-0.0092604392046992477
0.017137085359325829,-0.063119335848701275
-0.011348363832556592,-0.099684849460786415
-0.034868350338780545,-0.11545487850648645
-0.036514768811925419,-0.13937662327745862
-0.036257991341106466,-0.12923806535081578
-0.026537884766442959,-0.11116664455604738
-0.0046986496976634531,-0.05326861502075253
0.028663331144983782,-0.0075095177559808849
0.077441624274848422,0.062954160224297118
0.12321097210069445,0.12000662046293199
0.17065594631628989,0.17488574849865987
0.22255022407034253,0.23956472097633982
0.267830417943409,0.27886526412753787
0.30252569144349195,0.29362892793138307
0.32329538792135709,0.30392344832417523
0.33107990403431364,0.3050090597980144
0.33007437461740619,0.27291407748126012
0.30495032931395272,0.23234715709175568
0.28014992644152098,0.19146379192670962
0.23668609486271949,0.14707288505329238
0.18400586286432627,0.10080230509791793
0.13531064751937213,0.061302641230407233
0.069108056698093639,0.031132193351315347
0.022359160745742457,0.0060687033959924966
-0.022670395527060367,-0.021653685095067494
-0.060967428089876527,-0.030639029237785654
-0.091758622921932154,-0.034865212438224671
-0.1119874961945356,-0.038208039488931991
-0.11744437662282005,-0.025483778164491155
-0.10835269225322663,-0.0022821205957968532
-0.082949586508966319,0.0028728071903125598
-0.050662882006954894,0.02935845008358394
-0.008850849696516545,0.053748633328848681
0.024681666295468158,0.085722718633364281
0.062349463411561154,0.11094347751502222
0.099337475684598622,0.14202768113910166
0.12347937086181995,0.17420467350124363
0.12608311232061478,0.21823772805917208
0.11954034893487465,0.24768411430581724
0.11413632130326441,0.26738598980761985
0.076626567504738272,0.27966324372297563
0.035208543178463565,0.29682991804937747
-0.0024113585337501185,0.29237050453290875
-0.056342066646265565,0.27636961284558959
-0.10010564307712319,0.2574288909321123
-0.15498339499084832,0.24035375021182762
-0.20570161622859232,0.21144947125292599
-0.23752807222868388,0.1764391403051751
-0.25371851569126613,0.13278419331003929
-0.26883278149221496,0.097061393109703867
-0.26254730552299277,0.048997495749388248
-0.23748502242067224,0.0090923908303054447
-0.20055024815832953,-0.034305387785090402
-0.14886573175580647,-0.072871267213300117
-0.080412732258897862,-0.11323016019826915
0.001890660102900614,-0.14070787265228352
0.071983760297355925,-0.17254534528856491
0.14697151815818879,-0.18764174748674647
0.21837891527892808,-0.20006263324394713
0.25984479071423933,-0.19679435085522173
0.28820944853135427,-0.18855761123195683
0.29664056809547767,-0.17898310883062851
0.28176140656164855,-0.16015640442858017
0.24631391047328982,-0.13532614411043659
0.18467859621923388,-0.11826421919721325
0.13099272238117957,-0.092850038793691053
0.068001826264015588,-0.064514111388643922
0.028407812560196248,-0.048656496574557069
-0.0067630086139017992,-0.026166548813741468
-0.018435859254925326,-0.029477733121767543
-0.012364838660068871,-0.021717537756944447
0.013331908257268009,-0.017179624735697358
0.040131912894656771,-0.022263347553368489
0.073691832253340875,-0.025092050079077333
0.10099298768819771,-0.030707832054973943
0.09960496289129768,-0.030747366525852499
0.086394604896595881,-0.034316089396404861
0.055193220777092766,-0.03675513298396825
0.00024259633984268902,-0.045092605923240561
-0.065640268966987728,-0.042950242683195208
-0.13117595929750017,-0.042280665179129727
-0.19437412261849371,-0.042553057132837489
-0.24002106824900091,-0.044242989170687058
-0.26206481169038304,-0.042202637083453752
-0.24501366100610286,-0.038864701802616121
-0.2049037560130505,-0.041317521450647203
-0.12804759950502279,-0.04692802918200651
-0.028915764661573584,-0.063521518101142635
0.068908594503404266,-0.079692664064035842
0.16703662274300674,-0.088269895592232389
0.24667769615045998,-0.12500352091057629
0.31024261842317602,-0.15372982927372281
0.32159813553388999,-0.19479839675685606
0.30338683507200104,-0.21886932783524646
0.2609123495792417,-0.25376132572411692
0.18765780042660798,-0.27931027219141952
0.093251371607776523,-0.30626079923791305
0.0036889461603346017,-0.30976775198359524
-0.079970448765220012,-0.30243944032303882
-0.13786862984286419,-0.29682616508988263
-0.17015216263367192,-0.26898604371304802
-0.18088390372238791,-0.21657707583166086
-0.14609989420829986,-0.16962106058140369
-0.099050981763469867,-0.10313648529535409
-0.030233565776547486,-0.023143843722429214
0.045608484505164713,0.054527680347240925
0.1062539824892669,0.1310823573215609
0.15090337843663512,0.19628821223483112
0.17342610465725194,0.25802342466667372
0.15838982997742482,0.31081532239604531
0.12769399031267159,0.34874934979959626
0.06661204364353808,0.38034237578708519
-0.0034229781844598468,0.3925572926142058
-0.060842255030035271,0.38826975460412322
-0.1225728254794964,0.36913073480334085
-0.15875414431944901,0.32830657012079567
-0.16280306634592123,0.28805476751812475
-0.14991489057823643,0.21572140659397251
-0.098619312085523589,0.13180065799333615
-0.039367720953978252,0.059428398098426385
0.033462069755176183,-0.013972318069540798
0.10725646725778772,-0.096831000419181842
0.17439429532752723,-0.15013656336804823
0.21662935303813016,-0.19781298705374759
0.23783121785962325,-0.21394944013267056
0.22845335077064902,-0.20741871670611656
0.19679410725996427,-0.19279645187796213
0.15293485857976355,-0.15085929447507412
0.086883742966243252,-0.11502288475821917
0.018905401761063458,-0.068906154044290804
-0.020988272467808836,-0.031111978376170607
-0.061685577698329198,-0.0035942173477697143
-0.079063019157291942,0.0023570382113128584
-0.059605583471063601,-0.02043793754212718
-0.037586355427512659,-0.055480679508222636
0.012467160320448978,-0.087903323238857065
0.073416024686314141,-0.13752376283824658
0.13279887010769928,-0.17550647125910551
0.20078439117909716,-0.21854289487703404
0.25210689314724444,-0.22122555496984089
0.29448798237765716,-0.21830540806111368
0.31913515906618123,-0.19316597679522501
0.31840825589904959,-0.13815578866554359
0.30717402246056807,-0.083861084213001535
0.28678101215648172,0.0027982578625753425
0.25684266861356392,0.072567219409016143
0.2203487027876041,0.13451087912288021
0.19022209657101699,0.18992332351016117
0.16276212042109151,0.21906930281023709
0.13891225662325554,0.21878568011668514
0.13167701786907327,0.19152525913675625
0.12749513841745228,0.13836555327459832
0.13205402880210088,0.083525283788185273
0.13507428100407004,0.012184873876795548
0.13130109946914773,-0.059076547969523913
0.13715935217858052,-0.13458680316248484
0.13548633529002077,-0.19926002474342272
0.12647886337819023,-0.26551441807784365
0.12838897121716544,-0.31106033709666536
0.11067719937080386,-0.33727876613528807
0.10006478099464365,-0.35955415701754345
0.087419107967761409,-0.34871996029920532
0.080708070058763737,-0.33643975958515782
0.083091050391935387,-0.30436809836563283
0.089939822035253442,-0.2613191327204949
0.097270716414799535,-0.21071806457796469
0.12154501854714772,-0.14544887663937822
0.14107189462041519,-0.08701326125265138
0.161091122249028,-0.014541856457943474
0.17458434371981965,0.053977244921454885
0.16911397142895973,0.11059344616710302
0.16148734828232647,0.15965093287927232
0.13837814930902526,0.19788125128805029
0.091793942034006717,0.21293569925486458
0.051717963429553107,0.22980854740387804
-0.0095321543856461462,0.21619908555278131
-0.067899353008278637,0.20449180959204999
-0.12467990607055851,0.17522987559520406
-0.15709291376721513,0.14685344834291722
-0.19162475504496287,0.12108875415384621
-0.22183262444984655,0.093444722663226662
-0.2165306436257482,0.085398117289612885
-0.2070905797396968,0.080941285770372864
-0.17825276215981942,0.089296951312446138
-0.14641120880018085,0.10162166456371595
-0.12199047545035464,0.14038641480303579
-0.10073089085192241,0.1650199030159486
-0.076460904494967744,0.19032996197784258
-0.081913702677909914,0.21776869569346444
-0.095240266436775398,0.23263529741157651
-0.12623724820636306,0.23307805559106892
-0.16372867424456841,0.23184482131777817
-0.21317990457473662,0.22600876394109431
-0.25484538772787207,0.228810269384955
-0.27971162553914625,0.21688239586541375
-0.30338833560533723,0.22001753372319846
-0.29596658519396113,0.21896836795871355
-0.27357947021582329,0.24283644782505762
-0.23034047934789839,0.26614544166439513
-0.1706940414911427,0.28220809508213546
-0.096670449745159912,0.3067599953035704
-0.016360124825798704,0.30145315919380677
0.052747940482364454,0.30862085937548256
0.10529632156942945,0.27507918455939323
0.15008074512608913,0.2329822850331057
0.16798267829691974,0.16123097197589054
0.17136651625403129,0.084550995401331014
0.15867959366381176,-0.0065205201355642154
0.13948054467660306,-0.089363739464405484
0.12447225678387557,-0.16275799038840549
0.091311205961099512,-0.21119043368762055
0.079016572904037602,-0.23251394582467899
0.075582258008914216,-0.24167654070225245
0.08721565857042074,-0.18833036530482961
0.10785717525656062,-0.12079142889108532
0.13661627577886673,-0.031684931267228232
0.17726379891006963,0.057508486715428492
0.1999818591913988,0.15729268234391081
0.2232848937414473,0.22482176117822042
0.23074899658447467,0.27867918851114593
0.23227700554277236,0.30587594130130735
0.19936158215647998,0.28733134664906196
0.15235339658977057,0.26153646890169513
0.11326634161394758,0.19326187034153067
0.049372687872844746,0.1159138118731137
0.0002863432277019312,0.026094144062825595
-0.032699585057628794,-0.039981702437431835
-0.063419506118620309,-0.108689573877585
-0.073050648639151158,-0.15295999196115673
-0.056310508685021084,-0.16227738237930919
-0.018848290632588686,-0.14702026109430621
0.025527425862869619,-0.11690066632539908
0.09240617955746501,-0.053028045867617696
0.15142858001600978,0.019249504027722138
0.21519608407199767,0.092689980271388153
0.25842985163114768,0.16082232372760444
0.28645792768213407,0.22256321697068121
0.31302597854692299,0.2632073242470771
0.30789475951354994,0.28805867133611907
0.31280706637047961,0.2938199569192797
0.28415640013353455,0.27540651610284189
0.26687589716231219,0.26027323724779455
0.25439088951799965,0.23403150611278081
0.25364544556702617,0.20020841448032983
0.23947305394407134,0.1581321788670072
0.25256374267907533,0.13670291573889054
0.25711264904280567,0.094001761862734831
0.28026981443812149,0.063701661548776239
0.28960117929201823,0.034576871442609472
0.30960248153463532,0.011813332485085775
0.30735087691250335,-0.021587697927578642
0.30862658274444099,-0.059339894356340545
0.29016577414193151,-0.089120246976183079
0.25749122441403621,-0.12285078060766862
0.19225315664351872,-0.15446631514826639
0.12910809186109479,-0.17334868479453516
0.058206781702225908,-0.18645696849174551
-0.012888536412436999,-0.19191144021921508
-0.090751913090163505,-0.18511293769284023
-0.14269374385536934,-0.16812550375385671
-0.213547424951331,-0.13729818434300203
-0.24466118980849375,-0.084464562792537778
-0.27164144798233658,-0.036267769403445789
-0.27544806325670096,0.0077912322579509925
-0.28130238828182308,0.05748021893574233
-0.26697610190796112,0.10996129934039395
-0.24096043581452475,0.13868626315442351
-0.21233079581569567,0.13739370629667064
-0.1671139478115021,0.13371251199693651
-0.13147996313949589,0.09749293563047827
-0.092403913188120024,0.057390729046578215
-0.041478271259284133,0.010286687261228668
-0.00027744466569567215,-0.061369308067958726
0.034691341160413156,-0.1318598355899816
0.078925854450818345,-0.2014176102483157
0.12611124559490017,-0.24693332536357937
0.17439603924870176,-0.28643881191389464
0.21036144710111032,-0.31451510317240233
0.25594839349486459,-0.33897098780510682
0.29999428196687339,-0.32006389864501483
0.31902136565590455,-0.30077275873711756
0.33674784688679188,-0.29456366761429575
0.34866393423491077,-0.26701454628784627
0.32472265450688892,-0.25112613086854174
0.28830556695889081,-0.23886278815668846
0.23281921521432314,-0.2435925536066251
0.1603265613295132,-0.24460730092437086
0.088513672246867806,-0.2539643911889517
-0.00031694576870902255,-0.26472981084325869
-0.077965579099275831,-0.25757323415470657
-0.13731910290250543,-0.25368928236573002
-0.18828842628247314,-0.24248627516339569
-0.21137685533643985,-0.20871164206013768
-0.22715369372152827,-0.16001831629005683
-0.21579766174332646,-0.097266575337331518
-0.19340520808143016,-0.034555544475353424
-0.15785337403084829,0.034584760811542062
-0.12635599358881947,0.097038485344612527
-0.10003792788167995,0.17185437758495561
-0.076877259741685591,0.22682794162478992
-0.084777536128368497,0.2717663143611308
-0.097762981519311939,0.30270664461281077
-0.13040557288432092,0.32873396647059422
-0.16639838691259703,0.3320324037107355
-0.21229206483266477,0.32984494741092751
-0.25740174190388787,0.337301065234964
-0.29167937971496594,0.3159787260252791
-0.29777038317050553,0.28884793178977614
-0.30447278520548487,0.26947720334170078
-0.26479005711365272,0.24181611005118428
-0.2150048172276546,0.21878018677581343
-0.13180597606384575,0.19062218352225066
-0.055716385790881937,0.15967016046320498
0.039936731466802933,0.16586950182177521
0.11370739953783703,0.1510194930529199
0.170435537206414,0.1639624809847641
0.22102312997368259,0.17372226012099745
0.24469392791144304,0.20158239620841761
0.23712213838487467,0.23152693637722632
0.20646764623775898,0.26292139842667422
0.15811845490285037,0.28764890261845583
0.10988394658823927,0.31383686861836085
0.037310486023550624,0.32254325257518585
-0.018437983920940475,0.31144490568916444
-0.06942538839346174,0.2829954578866537
-0.11270968144504766,0.22738021664119398
-0.14495034422132197,0.16092773164977284
-0.16233914359120735,0.096421945862285141
-0.16921301369484956,0.023507635435852724
-0.17097894013961984,-0.055868125433737502
-0.16490979036782452,-0.12015275649263817
-0.16100233179712303,-0.16534694832488384
-0.16003334857362436,-0.2016396615179753
-0.15230680249748649,-0.20439248889978753
-0.15149421629740567,-0.19684232772337912
-0.1459151942908441,-0.17531390958924645
-0.14675827909507566,-0.1314023755781602
-0.12131300725083534,-0.073948963327757702
-0.090188199224036772,-0.0056847030452351153
-0.046321559487084905,0.05424083175398535
-0.002896708853599125,0.115024658091297
0.068181759131008143,0.17506629351129227
0.13176375873640367,0.21965727059126455
0.20791840179460816,0.25278884299501186
0.27047766463585288,0.27376305026141334
0.31033776469666924,0.27130333458738554
0.3416190187903323,0.26712904074819677
0.33607872153998919,0.24313314265561189
0.30300780399266619,0.20223682684520061
0.23499828955295629,0.14626293817536984
0.15763218217905794,0.089434367298711015
0.056746250642821093,0.021736383638066726
-0.045341780412154489,-0.039594968792292434
-0.14035096367915287,-0.07533212364676764
-0.22702321666149997,-0.13279995165337094
-0.27819057850648515,-0.14053940285383626
-0.29837952915517102,-0.12756176514212358
-0.30125362902662489,-0.1039572055974821
-0.2521287827694359,-0.055302123816233908
-0.18483857034230192,0.010785560567684968
-0.093528670000853464,0.089072292608320613
0.0027534930767109641,0.16371231406030512
0.086948152849309818,0.22330272698662162
0.16594255794721463,0.26981298723054031
0.22629843385406048,0.30126479806387141
0.2533389961560375,0.29454796855239773
0.261995837812597,0.26806482776292878
0.24228479082466997,0.21245711412037815
0.2112429496977066,0.15175737842883069
0.14853962952261329,0.085848541444106058
0.095157711206471346,0.018293389729127918
0.047567848930831338,-0.029281003655035456
0.0064146551126307468,-0.070711920743277298
-0.032237494659984517,-0.088351401430268858
-0.039694120080779938,-0.077383579974008423
-0.048641290594452997,-0.054540858904579166
-0.043586861554435363,-0.0088373338057576162
-0.04255629047745655,0.025345672877336519
-0.034253628204784108,0.075117245006241146
-0.016739693121979961,0.11246861433625996
-0.020346362785675039,0.13340997000580812
-0.017428748661598447,0.15368075644786958
-0.012881722027910315,0.1484871453064526
-0.013085056483873449,0.1456235611738072
-0.01186341496041652,0.11677705617852377
-0.012817882724284451,0.096436935003921254
-0.0014361688771738395,0.073500261395135769
0.0080880923174435071,0.052027731641468775
0.029706649321168795,0.021858244019440871
0.059707040703212415,0.01018034127398393
0.082051623772297133,0.01043185616802858
0.10782931710698251,0.0063493846894896715
0.14846294075628963,0.0007272170967540471
0.18090689612795466,-0.0038058339692593713
0.2069572494848054,0.0066112708297618034
0.23340398720031186,0.013128983519211528
0.2610816484395927,0.035264161429509111
0.28039007127052884,0.045205371526448122
0.28987723482637529,0.067517014201398551
0.30318075905164393,0.10374593328460388
0.30808343237243285,0.11230525191216054
0.29835064112399318,0.14058308400792924
0.27249365868806352,0.14382021461264505
0.24356607471518935,0.13813343941366948
0.18750065753534648,0.13634488075974069
0.12686487128581275,0.11386822150062995
0.071918161400148797,0.079677674012545885
0.0098354574334542332,0.024857674334859328
-0.059134076488601271,-0.021762502096006765
-0.1315094892366914,-0.073061786555318739
-0.17597670075890876,-0.10772089848218676
-0.2228968827565653,-0.13310870017235532
-0.27156166373019214,-0.13181584790301693
-0.28842271853422569,-0.14223816246504556
-0.29435839549694753,-0.12784274679327476
-0.29998154959053203,-0.097960704321326364
-0.28483041675397658,-0.06090379381433287
-0.26764629446326216,-0.031258437050745269
-0.2192423797662747,-0.0097687520506580319
-0.17428637617029366,0.0093009417464134138
-0.12211723262123428,0.0038917360619864392
-0.069563009811063212,-0.0243200758242717
-0.010852026896263961,-0.068058326860037155
0.043701424171615232,-0.12597266562216916
0.094725467415096437,-0.17872579429459218
0.11570256526468788,-0.23972524424878291
0.12602899369495491,-0.2762618467825354
0.14108709270442035,-0.30434002558905976
0.12481802862026942,-0.30062078480053139
0.095486086319661198,-0.26690076408360197
0.053657678271032634,-0.22745157446284953
0.0014226515238869569,-0.16729587028249987
-0.05119864785602031,-0.085553176741389972
-0.10987323855543056,-0.0085116484047492134
-0.15344129835905485,0.067781683143644758
-0.18894581776995667,0.10787550262067652
-0.20353486822355285,0.14911380787627548
-0.20266616682949284,0.170618249907355
-0.17546140769779744,0.15079108386330858
-0.14854816781831295,0.12977641503386753
-0.096642088679247506,0.077863513484805941
-0.047102925614051432,0.022252554871246659
0.018402666749591113,-0.027987964826448039
0.072920426317658063,-0.059202110270003251
0.13041246599711961,-0.08501177422962547
0.17451553502088737,-0.093131430100290929
0.20364454581262356,-0.069716925928881374
0.22582262545031048,-0.050144887295504266
0.24688584557535753,-0.0067119098087522044
0.25014021721601987,0.035557924714924409
0.25541807161513302,0.059346554807139219
0.25019655148423919,0.082759064661322129
0.247852493114842,0.097661818618525423
0.24859581815493392,0.071291589306004266
0.25462079971185597,0.035292961353898297
0.25918264929351892,0.00023995031018757122
0.24954827260594353,-0.037808077009903129
0.23482528763109245,-0.070873465723634635
0.22560574201416625,-0.097984290118065503
0.21454280050396424,-0.09511765497194194
0.18765919067765369,-0.083187176856778774
0.16068039153457109,-0.0416456150796604
0.12927233705319879,0.021728835345817495
0.087540559485213096,0.086979452115416037
0.051536784890623119,0.16267907682343058
0.024105517594045452,0.23437571278615138
-0.015756274409199581,0.28867800837169638
-0.056291491400916695,0.306366634591411
-0.083934408886192122,0.30538510417866704
-0.13911337262800341,0.2670461339273012
-0.18105811682360451,0.21467949241289955
-0.22011080402221697,0.13531624393286903
-0.24938491009363312,0.049334859016362489
-0.26151391001576602,-0.038683533486897279
-0.27060259801717251,-0.10595977186496834
-0.25876620238665665,-0.17523896740432374
-0.21834103318319037,-0.22492559716116767
-0.16999254456956123,-0.23438556999674487
-0.10970874809756445,-0.23208963902343613
-0.035958343051443208,-0.19812105776455724
0.036182821069505405,-0.15903995539463631
0.10961521672024532,-0.096087639143845077
0.14363798057202595,-0.037808520855360433
0.17208043184048322,0.017175678611754484
0.16148251248966464,0.060573702871689582
0.11809158939869624,0.087865362217350848
0.058980763945291302,0.11475867538054095
-0.025541853543079675,0.11977146456275406
-0.11263327200500425,0.10963734998681483
-0.18468436813400807,0.10882270505411672
-0.26112709290001035,0.086163443098803208
-0.30286394398085237,0.049554172982801056
-0.32011647182901043,0.033967183474146116
-0.28702808563964027,0.0073847720835521578
-0.22369589699957762,-0.026596281899003239
-0.14980871745293034,-0.062160180826320549
-0.051249947884397407,-0.070479962407098182
0.039725961104833736,-0.095335867398623139
0.13702958659770573,-0.10780529672329962
0.20142806581128131,-0.12148438836055932
0.24410512430642378,-0.12527703843441984
0.25078912869926401,-0.11630192130697772
0.22066380496746532,-0.10422260867451262
0.16813931782303118,-0.086838427200576232
0.078831610523792492,-0.063638062872419729
0.0050228862860626274,-0.040878393475078219
-0.069138175709666405,-0.022194295907926705
-0.12866092124963863,-0.015857470001164782
-0.16808769137522137,-0.015172870965723931
-0.18451296365328368,-0.029323944664255225
-0.15983159425258592,-0.058244382125841251
-0.14367302354007211,-0.076460047324339322
-0.088712246423503241,-0.10681571257157063
-0.052681746127840295,-0.13428513945716733
-0.0029828059086294888,-0.15567706805211759
0.0091880819884672307,-0.15259257910063317
0.012405905088825723,-0.13354069537579044
-0.0076600048422708648,-0.10916743969142469
-0.044056800273236073,-0.053303933659902658
-0.11614888097208421,0.00064835928715368998
-0.18516011973912191,0.060571789367286404
-0.24595524100180444,0.11929286016646445
-0.28048487401443067,0.17139721887505321
-0.31616737656530225,0.19517964987073888
-0.3041567147285128,0.21145638353539745
-0.278298755051756,0.19800007610983891
-0.23350439336815679,0.17327800372782917
-0.16577046165207093,0.12979890008913564
-0.090819477287622116,0.08196667934274883
0.00058205524365726249,0.02290819512075689
0.073086744704925682,-0.027306075224745187
0.12560431358329344,-0.078980182263024487
0.1583691618891801,-0.12562661570604661
0.16524953781942125,-0.15156139517699432
0.15118765899064829,-0.16657703183668643
0.12927085788309226,-0.17792539094165327
0.072658597180174256,-0.16555343990297472
0.026425324206390068,-0.14837379978286569
-0.020469620509815371,-0.12235735062500794
-0.057391730335325367,-0.08381758248368476
-0.072364761039363387,-0.039338571619360732
-0.08288849171950613,0.00083491903813573149
-0.071325598195959683,0.051006489631032638
-0.036581653617696441,0.10262352344485177
0.0073960659744204717,0.14758013802959255
0.055188518132954612,0.18432778029149927
0.09377777020111297,0.19649949239285402
0.12841868456313463,0.20847132016796277
0.15361325738698223,0.19974156572489091
0.16367984990347037,0.18376448736238021
0.16001545693422542,0.14791723213560179
0.1425489626778399,0.097890732485824195
0.11951359807445507,0.05126105600997595
0.10054091480050335,0.0036432078208408856
0.087116648130292004,-0.025719786279767957
0.074986792929707391,-0.052258137544467703
0.076616660085074423,-0.05787313620475467
0.09553846960206111,-0.050773568796645525
0.10902236907198484,-0.025619574041531833
0.13542329230819078,0.0082830811556184585
0.16212071558853527,0.050886742796412351
0.18798197756759139,0.090157342339873256
0.18958166656387498,0.11638138246046521
0.17610081933268587,0.14381151249894417
0.14624581772580511,0.13947751466946609
0.093536559621674356,0.12213704453712747
0.022268197728037238,0.083025371462478251
-0.040094934445132853,0.020612157355108879
-0.11900960932523601,-0.051347723954369526
-0.18650685636613873,-0.12313108185877318
-0.23635826961354794,-0.1870323568062566
-0.27388021222755743,-0.23913895825825923
-0.29166601938819697,-0.28213331593198682
-0.28247129299909646,-0.30529692207472459
-0.25170950670380648,-0.31739575947264725
-0.2074337991663868,-0.30420844479029285
-0.149470145429102,-0.27809615974548152
-0.084161016446782311,-0.24826713918664328
-0.020781407453320942,-0.19941160304081818
0.024867111387041795,-0.14574439708822548
0.057143495864099163,-0.096993955867522894
0.082861310247767772,-0.056813454796841675
0.081288520520179083,-0.019125399334947571
0.052195582441790095,0.018169627937245383
0.02878011863726973,0.049306878804574544
-0.013750088055216452,0.067392867463814829
-0.06409490483217499,0.087515397698949629
-0.10048226487271956,0.093342382302747509
-0.14260873519722911,0.10707974113697206
-0.15761543164783326,0.11939665047210864
-0.17331858760113689,0.10634629022561359
-0.17707091866027744,0.11006320556893885
-0.1675194988989912,0.10690641175967101
-0.14766739237940019,0.10615367484792521
-0.13312526407890321,0.10350420771547775
-0.10923097678902095,0.11062251544412527
-0.090718012111502697,0.10563103575669895
-0.07279608032793862,0.12488142200416542
-0.055026855631749569,0.13534943917227804
-0.049760857014633467,0.15086395494873794
-0.024155138857636954,0.18812426033417526
-0.0034057750227610289,0.20505283212704273
0.018067688704375882,0.2302789025724655
0.050853955963878303,0.25433455094754071
0.097702592923129494,0.27504598476621278
0.14980236799372154,0.28254305179327227
0.19018889016196014,0.28251102232654907
0.2230281355732002,0.27846752297373467
0.26212740006860547,0.26399270666990565
0.28700786974840892,0.24622600507195433
0.28986677036332337,0.22208684903565293
0.28441763900752598,0.1918209680011857
0.26620228137379753,0.16503065918247076
0.24272105218644144,0.14700803610495758
0.19127438943337916,0.12421290519550229
0.14030204068746108,0.1158524765323644
0.092371125271177051,0.095436314944609593
0.033817317891012076,0.085559375888768607
-0.025091694388755525,0.049250014073054384
-0.072335773464979672,0.024330946232952302
-0.11329813663941525,-0.026947448065396569
-0.14661363064394792,-0.05535160349354093
-0.16159143092162462,-0.11313704306371136
-0.16694772684016293,-0.15068272337179425
-0.16905806013234537,-0.19423093708450753
-0.15384351609731056,-0.21505322488546277
-0.1320130773961449,-0.23625613271152363
-0.092389508140850521,-0.22562734966381809
-0.050782929137236789,-0.21378269264397767
0.0017094945004269319,-0.16497275855494212
0.051871056474194564,-0.12383744704591883
0.11112564431257509,-0.063089651291412738
0.15538281824918049,-0.0058753112910746638
0.19466672901986848,0.049055439966207814
0.21694522839120045,0.09054519881932406
0.22363299501739672,0.11613400181932255
0.20676558134001771,0.13072462812152141
0.17321693317532882,0.11396572281859356
0.12245536871839915,0.083732325613935427
0.061806044675477234,0.033563086958899389
0.0032984650721039348,-0.025402434566246287
-0.066623205816233766,-0.07768718214337457
-0.13210785501871081,-0.1400890543903143
-0.17745953538593329,-0.22406020083943329
-0.20836658648383327,-0.26401825162842518
-0.23857180342412218,-0.32049698075597849
-0.23228336828013241,-0.34146340171526701
-0.21427848333805385,-0.37386952938917506
-0.18678911352132366,-0.38269652350559674
-0.14803944264731769,-0.37208522735966348
-0.10854448104648416,-0.35479738409579492
-0.079049051874083232,-0.31613266031049347
-0.06072744826317069,-0.27569128122146114
-0.066950637605875676,-0.21811154504859073
-0.098947791723425396,-0.15593720545862713
-0.11506003966597952,-0.10191342788365298
-0.15160664998037376,-0.044127816643522604
-0.17933115284000323,0.0064480619381433266
-0.20166718570470957,0.048956926722329118
-0.19796305930352451,0.061559353663486249
-0.17159685422209386,0.062834434967777214
-0.11468580674643522,0.040224053233331572
-0.040553325997255293,0.0041126355799520819
0.043571327135832741,-0.042230019746672523
0.13821976909001171,-0.096029969551064243
0.23268235185308209,-0.14965756736230132
0.29095457517411139,-0.19896073988259694
0.32675629840912784,-0.214240858904858
0.32680332575381782,-0.22617477576016007
0.29255243918848994,-0.19879496464331239
0.22650360186839441,-0.16316716267180909
0.13390892316368275,-0.09657230362101997
0.047170027523190515,-0.046475615568778716
-0.042881050685620196,0.033924570640307281
-0.1154587236508306,0.089980588665388134
-0.16388276944822608,0.12682761592674344
-0.17394332136996671,0.15069721591682034
-0.15418537557528789,0.14455200584681036
-0.085113604957450878,0.10737710023309335
-0.010631995624859707,0.061801405422741748
0.092562097337302557,0.0072457838823637797
0.18429079290010308,-0.050615269931754525
0.25770755077091628,-0.10120129850461457
0.29909938280296866,-0.13829677475995358
0.3306785508588202,-0.14400289012744744
0.29757447715050034,-0.1311366267476943
0.2227849091339105,-0.099379679723383615
0.13793963890671765,-0.037082160722671398
0.03499646426832085,0.030296438982886004
-0.075524150182806199,0.10013595420227837
-0.18311242910120923,0.16599099081932572
-0.25850091809121417,0.23252050215712591
-0.30942067546922031,0.28724208675714014
-0.33698729123041482,0.31593577407112394
-0.316221394993625,0.33028768587370044
-0.26839941014878194,0.33193704177135691
-0.21089052794540991,0.32327309599096737
-0.13381042686467209,0.2937682299413466
-0.056868058850339465,0.25872537076496216
0.021300427588242268,0.22025949400324688
0.083182633648919105,0.18283771103248786
0.11748044198555102,0.14910619098866959
0.14018417363670319,0.10903184850341524
0.14089005596552898,0.072960952015730704
0.12680330307375173,0.048761402767597807
0.10392393684200085,0.027645968125081175
0.079088394834175832,0.023301276549507876
0.036259710520232503,0.028913141745068476
0.0068643586130410477,0.026421837691373545
-0.02459122506328432,0.051695888799043271
-0.035189634639520642,0.084346408640527698
-0.041229354790673037,0.11495647792241359
-0.052413470165410744,0.14128429405618886
-0.029324359306763262,0.18328098050460728
-0.028838861679118921,0.20612955162780694
-0.024805549120719011,0.2192416193075864
-0.0078954009285247227,0.20300002277303902
-0.00572214969411211,0.18725562480944682
0.011644699177308704,0.14242813991970391
0.026241835132602545,0.093271544014959226
0.049713475329138557,0.038068251838252791
0.068229034914674205,-0.022911998391958611
0.095100531695129345,-0.078360287558034786
0.12346424959237802,-0.12069133908847139
0.16139207923037935,-0.13999539130835337
0.20782325981659239,-0.13666263087923008
0.24256484047003812,-0.13357061457095654
0.27197450338697665,-0.096368321097766621
0.29536270764043587,-0.062731673603239488
0.30313419880598097,-0.014701396384909806
0.29186477600373517,0.019404199741432909
0.27318003823737114,0.0475102579042826
0.2216593618572526,0.05812554802479232
0.15586254758697887,0.059338016585206217
0.072787836670889158,0.063085077191421313
-0.02161470988664238,0.03074693332883912
-0.097782613981454367,0.0083064087111630186
-0.1856307584847722,-0.025780536946706702
-0.24041037637884652,-0.047947333770093518
-0.28944570464994052,-0.05196301781084281
-0.30648468017684721,-0.055412029709150407
-0.29529663828908609,-0.045067710403427427
-0.25792543863132472,-0.016320151659426033
-0.18290843559478473,0.034790170118869708
-0.10951831731213134,0.079486290866152887
-0.04022324272305506,0.13240536540970668
0.024453817478915219,0.18421262445028372
0.072270897408429763,0.23696449256445876
0.086923064871392244,0.27080409906035108
0.078798312508463211,0.29453368077481579
0.048074237833600708,0.31388737211777124
-0.011512819883620249,0.32597071498306823
-0.085902015235753762,0.31622170703674207
-0.15960608517632002,0.31093900787471707
-0.21174032696846926,0.27837851237647521
-0.23787817112574422,0.23475768955095738
-0.24246119998215565,0.19199554103371802
-0.21469919670792281,0.14193670104986109
-0.15899087396352368,0.092359531587526175
-0.087060838613651576,0.011212840606873106
0.011730128659212677,-0.041839509951956302
0.092659953579564386,-0.10199313959502267
0.16500911876004523,-0.16168471353460362
0.23188113201934649,-0.19094732571942183
0.23654383087314695,-0.20200415289393672
0.23469005804628995,-0.21404024521910819
0.20017018338248121,-0.20174261383516667
0.1321027776777228,-0.17876998106257114
0.042519154685712851,-0.15017408847386612
-0.027947377568577857,-0.12666728226138893
-0.094021304951396018,-0.098761286198309151
-0.14732906355294581,-0.08982220672239076
-0.1680279810568209,-0.08123024877941129
-0.14248563366427108,-0.10104475565721147
-0.1088015374985985,-0.1359344794517299
-0.049692063581424868,-0.17418355169721336
0.034217006511156847,-0.21173717287037203
0.1031154997650946,-0.2551273952821102
0.19573283146023404,-0.27944041913474149
0.2518785342994927,-0.29827981710250423
0.28959211409548419,-0.29362408133641926
0.31804145459336519,-0.27393989004508956
0.32274191365397298,-0.2346000788832999
0.30461960273933603,-0.18091927970481869
0.27260404079202288,-0.1142214103234156
0.23038357229382206,-0.052039781157287891
0.18778734940606098,0.0061868813902571009
0.13341047913332985,0.056481551673583104
0.086866721685902107,0.074039121436871858
0.060507570354823514,0.06685293591776531
0.028894906947070993,0.04654398562962609
0.0092948068849997133,0.017077153753065066
-0.0073218477456306772,-0.042918286080705033
-0.021345940434539756,-0.096534551782640782
-0.025760971995704908,-0.14787301276905104
-0.023159853120010003,-0.18923758660621995
-0.021229700531294741,-0.21705506281954309
-0.027361807527111124,-0.22633419336166194
-0.032526519164873348,-0.22701527835278382
-0.038594089435525045,-0.20877517722248068
-0.056766488903201268,-0.17728554400409052
-0.067920832180556834,-0.15510328956940461
-0.089247223932013606,-0.12715111866605963
-0.10071694499364517,-0.10189072267647038
-0.12632117658968411,-0.089806691969023494
-0.14114909455041602,-0.077303226592565139
-0.16203873161985854,-0.080773039053314163
-0.18296577800986763,-0.082147299465071322
-0.21018105140972085,-0.086803609073213897
-0.22699420275048943,-0.084630388200299181
-0.23998338923905513,-0.080574666622302171
-0.24907226955837228,-0.075829037999200016
-0.25322894920925498,-0.052245252481234294
-0.24467923194724728,-0.017226697744306945
-0.24532398546623499,0.022231213330334974
-0.21161852452246085,0.073085754778103307
-0.18618535122148366,0.11285376935905045
-0.1523217705561187,0.16669790527454503
-0.093459604123025147,0.20642025689295757
-0.039245380890566922,0.24434572420100953
0.026620197165963321,0.2634186711457438
0.094999920010445008,0.27768396134587625
0.15190748528012926,0.29925323620783723
0.20883341274456352,0.29172587355751189
0.25580847994881367,0.27758290307789885
0.30170817408542822,0.24166553315569542
0.31328041448043159,0.21299556712347892
0.31600001239486136,0.1635103630086979
0.27526980960755532,0.12174745121674971
0.23254429289488635,0.055838197783599275
0.16979771413624223,0.004306890452850775
0.079244669305639032,-0.066361637551003119
-0.010288618819542732,-0.11929577751359088
-0.093608018849047125,-0.17396683885777869
-0.17276016689726534,-0.2134972253579758
-0.24310229863074032,-0.24996802600680013
-0.29243411372318745,-0.26634632925933016
-0.3091044277931439,-0.28308579677609552
-0.30733575306046873,-0.26722517582523658
-0.28403999392541146,-0.26083692100610267
-0.24559108761040355,-0.2458161113659395
-0.20271658329971365,-0.22045249161756256
-0.15865753918345271,-0.1944993024375653
-0.11912893560243154,-0.18736025469089362
-0.080582689806642904,-0.17274968151113337
-0.068030412509731242,-0.17352709004912248
-0.055697710327807778,-0.18021243002127849
-0.04857805798489867,-0.19588356178954872
-0.052231257633371699,-0.22206183917835812
-0.066689554235317278,-0.23895321703844608
-0.074843343569299697,-0.25458112210097983
-0.069344764741451084,-0.27276519556337697
-0.054863382220389063,-0.28860411144522952
-0.034301528481570497,-0.27409183659849051
0.0076812810872254906,-0.24801416610233162
0.046497761735021556,-0.22379149048829364
0.093687263764526893,-0.18706366608531705
0.16171110883789352,-0.13756680494859252
0.2041536406113291,-0.10208932684430323
0.2398681231329251,-0.061553749964394021
0.26824190180110669,-0.015121534968401721
0.29665676825644,0.0058747215038734441
0.31556207349732152,0.032291795519010187
0.31213412535671325,0.052456291162921137
0.30470858012561935,0.06555263113568717
0.28154701583170177,0.069983715507720479
0.25472511214783011,0.078454436901597632
0.22411309197732798,0.079987421087433452
0.18822307570549177,0.092906883584586292
0.13994211500869602,0.096411400526592625
0.096356326231657019,0.11642685738800161
0.042478899694505981,0.12273072322213355
0.0023488209803585987,0.12346702782043829
-0.035395692428647561,0.13050005799380396
-0.077056570222281642,0.11959418399683176
-0.095054382993822878,0.095321695609268509
-0.12268815162036802,0.05683455186174223
-0.11906323957202883,0.01075452012712631
-0.10910266550648012,-0.034358761239430234
-0.1116476978670522,-0.10675561655740101
-0.083106174514429795,-0.15041772363794972
-0.079143867810914412,-0.21389889258524519
-0.058125450695753013,-0.25186011697976213
-0.035606476616239252,-0.28242675694727659
-0.032370257517354201,-0.29387656709129012
-0.036359306146529796,-0.27982529143708784
-0.029478374083689311,-0.25926755811353269
-0.045060158178404495,-0.21872550431051027
-0.057908826901715713,-0.17836354877149582
-0.068602410033231129,-0.13710261619433345
-0.07760848555532246,-0.10959298654168148
-0.10177829849568405,-0.086952872864595188
-0.10626270795109694,-0.090177610956135301
-0.12221550938043653,-0.094018282315598292
-0.13021314653006485,-0.11824478797358995
-0.13272158073369716,-0.15162706804637413
-0.13235168569268327,-0.18243548049115538
-0.12516086703606977,-0.20629845622435219
-0.10916538075393739,-0.23779081763251486
-0.091457335851432675,-0.23418511648375487
-0.048444309743451694,-0.21883067695981903
-0.021360525790783232,-0.17877689835340832
0.02605524084362508,-0.11775468682500885
0.06616314317899083,-0.049228625946043089
0.098712024786925284,0.0398854349136544
0.13780474014079158,0.11253036662612895
0.15669933213207229,0.18382595996545162
0.16033199485483449,0.24448828177610085
0.14434094082617985,0.28506645487217175
0.11395656336995233,0.30302429939280895
0.065067388953776215,0.2997447476544724
0.0035572857917039401,0.28699353642803016
-0.055153250943205979,0.24228665338289279
-0.10160138933044233,0.19614861912520321
-0.1494730853759553,0.1359615527254418
-0.16964633181011682,0.080381776406963118
-0.15171028100482298,0.026796053088442812
-0.1226035868520499,-0.028495593697581839
-0.057158564424676608,-0.059799043423046101
0.022666112591130265,-0.096884175119990382
0.10630645334220178,-0.11782374064517979
0.18764443085823765,-0.12681188538083907
0.24688075309194699,-0.13518611193422247
0.2925265577322082,-0.12456148629889925
0.30678220062830952,-0.12244122049809296
0.30056845617565392,-0.099060542165868987
0.25439325891921921,-0.073843586051604196
0.18503763563381195,-0.038814609231254335
0.10666012562968889,-0.008311044597126482
0.023266593955924508,0.016248311956183543
-0.061052420767629505,0.043433375173986447
-0.1213827313619235,0.052712206012393785
-0.16507489876813083,0.053892403473539394
-0.16286950315687734,0.043671780864505655
-0.1554917945344497,0.020812940176661278
-0.092231720805260001,-0.0062428921340028512
-0.034769003745256294,-0.055358618482316983
0.032828602839312368,-0.091421408762785275
0.12019866386058911,-0.1298561472512309
0.18520376111025039,-0.14469464593157833
0.22560069789139484,-0.15529765727753628
0.25323515991256934,-0.13837593665498216
0.27319010498089374,-0.10975005177409453
0.28015064286562569,-0.05250565789902676
0.27354851428108168,-0.0058374382380335134
0.2611244466098504,0.039794416087047382
0.24977143656971373,0.074615619860662757
0.24192660869819063,0.099778727935566816
0.23600315437981831,0.08179004732266168
0.24353544661169463,0.048471505763976658
0.25151261774111222,-0.0041135417431607665
0.26104946869616996,-0.068400251211356136
0.26251868680151802,-0.1419912520216296
0.26180742211170754,-0.2160368027255799
0.24881256575737692,-0.28422743389841698
0.2401963158312404,-0.3027528226335478
0.19930058122514524,-0.31421545237143045
0.15856558196310555,-0.29205699028942139
0.095119640041127745,-0.25127636013663474
0.033374988811360119,-0.17625561096217565
-0.034449795601247987,-0.09801936663944015
-0.090236496940260244,-0.010251920241498149
-0.15725296137744696,0.047214455862690664
-0.21064275539265495,0.088775631232469135
-0.25606482145610288,0.0853847729692149
-0.29506383476054704,0.072183900488821562
-0.31671041661101867,0.014331991060637676
-0.34306401727449803,-0.048360565883639746
-0.34683542071593704,-0.12537184108144406
-0.33990238667450851,-0.20390570145413972
-0.31435476693096054,-0.27323319766525711
-0.27160102463358632,-0.31786764904741166
-0.21632640985310925,-0.31994512254124241
-0.13998241216950819,-0.28488514832931616
-0.066688544551954748,-0.21998962963983271
0.02595161304641919,-0.13982024466806486
0.097564345913603037,-0.033893195255958214
0.1709066542030028,0.070421225918809921
0.21834114207747463,0.16921081447720471
0.23685227541773218,0.25352599408534177
0.23401374175576861,0.30451909703797908
0.19024061664530886,0.32879504803650961
0.12541657062023337,0.32736008537295075
0.047335746743011546,0.30388755816499002
-0.043286787783535882,0.25756369955741909
-0.12309414989913582,0.22133810429394749
-0.19617791870315046,0.17028475864202738
-0.22851798144592281,0.11786542474574548
-0.2300041202210677,0.087844360510127131
-0.21146417607972387,0.068321825754099313
-0.14924266232373384,0.061863455411483449
-0.073376281761206419,0.062924722246396766
0.019951107120843803,0.084588902091394511
0.1294080994544376,0.12175466483738662
0.20841360751989102,0.14547080161757864
0.28323130656713252,0.17394051371363753
0.31680879585575283,0.19621202618014816
0.31004265114292007,0.21253600816565857
0.27740864490006012,0.23686086630690859
0.21312600820804128,0.24511484076554108
0.13469043260940006,0.25787839314104577
0.04386110565523374,0.24744538026236551
-0.03654319051927709,0.23624007251793042
-0.10625022882836938,0.21943568872590577
-0.16646615945534071,0.19776913348762112
-0.18332030546340342,0.1614646951634037
-0.18545697166619368,0.12881560016048793
-0.1723824415838783,0.097987737153105214
-0.12363092974458567,0.051715827770258543
-0.079246456734630405,0.026398986881051544
-0.029281655589209737,0.0066572908141245783
-0.0064777830556260515,0.005848570028553185
0.003651557072574807,0.0075179691059532715
-0.0017603203552406231,0.030247732230499591
-0.019407442105393375,0.080651075231252811
-0.069108423505853278,0.12888490933830524
-0.11533258076864558,0.19430827860240057
-0.16869910944364797,0.23936262591441262
-0.23395901484087131,0.27645086327425755
-0.27365425612658756,0.30468097978520953
-0.30003532681041617,0.30496232103213872
-0.31180007015482258,0.28307962734889319
-0.31727036672515352,0.24139506666480454
-0.30331018559823669,0.16945921753663368
-0.27339368424569832,0.095752772506431397
-0.24156972820526962,0.021831281884284771
-0.21287681368593267,-0.037207824915180258
-0.17980667052248303,-0.074084630264386261
-0.15629562801356678,-0.08846657787278317
-0.14235315833282267,-0.073880235742440431
-0.12665948032401877,-0.022764007158226338
-0.11434375212164902,0.037720601827356322
-0.099310678411933362,0.11284345894728097
-0.083658216211965605,0.19626020609899628
-0.053630012236703752,0.26524648051000893
-0.027998520275349575,0.30876787946321127
0.01425459275184348,0.3194482296326106
0.054504129255291911,0.29907398818343345
0.10313078439497299,0.25441920252813477
0.15988385598986171,0.19041279643791389
0.21266372710933645,0.11752174198139353
0.25597360388280638,0.036687885186323349
0.28100570623427046,-0.031041328384489024
0.29504551316357663,-0.07734565031153956
0.28592712941100623,-0.096797378579690813
0.25639217649555129,-0.083178016184826689
0.21640837316926054,-0.049429867602644638
0.15994962588261688,0.017500534943525846
0.10846080083331582,0.086985283562769009
0.051732737077885074,0.15169169630097801
0.00098604734817609634,0.21124777407083248
-0.038744904832507886,0.23473741981573901
-0.064203754189377432,0.23547502171881671
-0.066148183382114173,0.20983920677958973
-0.051969822752106924,0.15725565480407436
-0.027958650363649574,0.069168972259942507
0.0041860889479702918,-0.019531672228628262
0.050668160978868684,-0.11087333287280239
0.078250564417529728,-0.20291252309197449
0.11161139079231172,-0.26156540041796517
0.12904385838822779,-0.30333251222654783
0.1342981078396156,-0.31376935032340031
0.13746046368405487,-0.29836767414158988
0.13049596567477126,-0.24753343548998916
0.10066664517688335,-0.19623066463333647
0.081539627348682836,-0.13029963621497301
0.058484196179967821,-0.050481208128258195
0.037901977361139809,0.010103926190778288
0.026880926718455406,0.069615321709472322
0.01538942193057472,0.10824591748783176
0.01181183869005149,0.12548309808271624
0.017818904211053067,0.13048860063277606
0.040036980789163755,0.12986994959449208
0.063963819241394021,0.11096546951807265
0.076182391433349858,0.073537044818492991
0.10167669013041923,0.041546139531983037
0.12186791826239844,0.018699657373062988
0.14848371549171194,-0.010609260116349228
0.16472479497774847,-0.034058588830150803
0.18153956148797923,-0.052244370370081394
0.201838180053454,-0.076237081391599751
0.21042486705002031,-0.088932797782089359
0.22641625197427692,-0.10232239524096579
0.23615618622408707,-0.10134287957209633
0.25949211253606774,-0.090129503260938298
0.26616021672797491,-0.088892592207047469
0.28665840861099096,-0.083334589790739516
0.28774849998900703,-0.073017899651955778
0.29368874921945498,-0.042510384437728338
0.29881719312645405,-0.016849315299227487
0.28854955944046995,0.0119766302457524
0.27909214811532329,0.053194987092548086
0.26033104489046949,0.10472718917686513
0.24626206150575666,0.14304186001662744
0.21748100512628918,0.19187091005899609
0.19399734375251554,0.22693606072155015
0.16450058588665287,0.27666205180583892
0.1322212506107199,0.30262237638472783
0.10708530642226728,0.31389031093070663
0.063578297643005224,0.30095755882705377
0.03228685891927835,0.28778627785045746
0.010302335136947142,0.25003203019103798
-0.027295625104454706,0.18152256163916977
-0.059481840948450104,0.12598928734303172
-0.090982074262406495,0.035502299767802836
-0.12272478738158676,-0.040502833840023476
-0.15137077900406551,-0.11086527302742241
-0.16927708406800995,-0.16871355133404289
-0.19589705570638774,-0.2127704064180671
-0.20304285546684794,-0.24303863690994734
-0.22012927186186329,-0.26437418458959322
-0.23373101015922709,-0.26946430431494556
-0.2452958542955942,-0.25711652653594358
-0.24901382962517388,-0.24446413427918517
-0.25796603742316798,-0.23225639266685344
-0.25993965182543499,-0.22319927760951866
-0.27257762268888092,-0.22862292325837005
-0.25136921712608618,-0.24834759355039779
-0.2578162836391889,-0.26867247164776414
-0.24832914450489738,-0.30233264564559126
-0.23661293860011881,-0.34639223524214496
-0.2166013103850615,-0.36234981368769914
-0.19048321266387272,-0.36413310517706393
-0.15924400927018967,-0.35351837532180758
-0.11419002947304774,-0.31905673352061747
-0.080369934480990807,-0.23872953406131875
-0.025449075230845705,-0.15873444002447906
0.028499758141814418,-0.051861693363308259
0.087174232759023418,0.050662472036883593
0.13859915568797382,0.15977645490813278
0.19592156094626054,0.24761388094497314
0.2386059319807044,0.29787377625621569
0.27149525684126635,0.31793441320232685
0.29731775423153556,0.29883800615261824
0.3074991377719043,0.25300885133838857
0.30129125268656121,0.18291437471807589
0.29394452585040992,0.091059690941936638
0.26973909642456229,0.00992748529585636
0.24425888171913848,-0.074748023453814122
0.21413972145390356,-0.13749157735221715
0.18631095979280946,-0.16160567570123757
0.14300201870089368,-0.16074559314625458
0.10489488881486278,-0.13304803062828424
0.062534268741096535,-0.081132728594559431
0.029763479809050752,-0.012116980437819301
-0.0019408263458548804,0.07040521768248309
-0.045354325570984705,0.14398269591548479
-0.07557947395027699,0.20996632858106651
-0.099820747556913836,0.2400016088047239
-0.12565476893620137,0.25136027743044048
-0.14491152494336393,0.22996235823204553
-0.17085405573743978,0.19420215641176516
-0.17366655083708293,0.15333401218333342
-0.18955404381389318,0.093824461780028678
-0.17103154902547893,0.039731388880514612
-0.1434728974892503,0.0038986504101747423
-0.11970466371650858,-0.0078231563657743582
-0.085753326303636149,-0.0098416324450252488
-0.040578127034479397,0.020970980632700576
0.017348385110832417,0.059000577851915738
0.083212271706235116,0.1058598598500303
0.13007772704821641,0.15824629676576518
0.19130192152606162,0.19655345333254778
0.24208904485230959,0.22009516648925995
0.28039752728410733,0.23408477061041066
0.29315426993139809,0.22730833564658964
0.32005639571537747,0.19296979402129694
0.33141190085286798,0.14969125898142444
0.32156930531839784,0.097546578668191289
0.31387549627583433,0.066970761150188282
0.30754556552917311,0.019838952782880961
0.27053046632313071,0.0035136388353665679
0.25059240896967921,-0.0041342511256789805
0.22617866813061732,0.010136456493907013
0.20206964157257656,0.049265840326181282
0.16978305132017793,0.085002838420306315
0.12654732600252241,0.13831509052079075
0.095266295184899652,0.17256667427558833
0.060409213227160169,0.21833143689941209
0.026252702982253011,0.22986263725734735
-0.025914047193353232,0.21573609774740041
-0.076716480658876277,0.1949792015218984
-0.12654141230024157,0.1517842273637153
-0.17398787945774091,0.085355914122567753
-0.22806283804242169,0.018241561358812081
-0.25058711290493796,-0.058956417801898343
-0.28184554506988146,-0.12265532699345348
-0.28682327081347342,-0.17615425755906419
-0.27923577410618827,-0.19988340770684834
-0.26817753870462341,-0.22711937685250069
-0.22240719538837314,-0.23123457292645289
-0.17520995757347307,-0.22434756973812214
-0.12903935696318744,-0.1969868611500088
-0.065278222522057602,-0.17928172154120384
-0.020011578111836736,-0.13733284646989533
0.023078250950591468,-0.1169898041025054
0.054252908694419288,-0.098436765597322964
0.071651078783115496,-0.095034677071452564
0.07777488545127223,-0.086742891616785001
0.091402668577133722,-0.09193430797696478
0.072644105174285864,-0.10585453929075657
0.050244228603315511,-0.11811166995848897
0.051476487024356442,-0.13718383394493316
0.027795279820866905,-0.16304190463814369
0.014703357104421324,-0.19032470814901825
0.021372188927101583,-0.2023096864501332
0.024982799740288247,-0.23899226917272032
0.028165355785663728,-0.25052203536423728
0.041624765998687738,-0.25958010106056201
0.04158384214674693,-0.26711184358008189
0.047972234608176408,-0.25729422531471341
0.052901233261403828,-0.22539208719339127
0.046348622221290901,-0.21056276205331495
0.030325120605893631,-0.16024948717932075
0.018877168163657723,-0.11710563421612273
0.0071324652209183628,-0.063551497010940122
-0.010118967328452475,-0.0075810855183434094
-0.022471932271675658,0.031078205067341852
-0.029714007694377806,0.064710534318768789
-0.038262554204184257,0.068188269060672699
-0.026547113177960664,0.068254247969474033
-0.024479318181869606,0.03039970858211731
-0.017100388638424249,-0.011935802128827295
0.0056541223170022111,-0.072392429811908007
0.026119313681875179,-0.15241962810774537
0.052948627488364312,-0.21715148492476452
0.098988001234065509,-0.25692794679604886
0.12873063552947189,-0.2948175189240454
0.17037133949105288,-0.30894817869568475
0.20963973511171438,-0.28365297722887772
0.26285556805697841,-0.222308088225803
0.30261820476025114,-0.13768941742069804
0.33639468521664534,-0.048629970836319869
0.35416824908337891,0.053560616189573085
0.35606087324358182,0.1582795181653455
0.3267656319558514,0.25274340886274482
0.28763447935265501,0.31363864269952496
0.22723139241278817,0.34899316499589367
0.15011331970141684,0.37023464185374555
0.058005875317789876,0.3706405326744856
-0.026079773330801383,0.34100135493475309
-0.1097422058262667,0.30502184101556024
-0.1708321163700125,0.25770466365647743
-0.21910906313007994,0.23458224300637723
-0.21774220734600544,0.20578914761373174
-0.1986607678651732,0.20537548403239081
-0.1557844947372769,0.19924029477609367
-0.09331674373644773,0.2172139588643629
-0.012318186997737943,0.22610279198586028
0.06293659260420878,0.25301426001399235
0.13002387803435528,0.24068988992730672
0.19075232179530122,0.21431453015420412
0.23153124683898191,0.16863948124121075
0.23208334411276865,0.10621273756129292
0.20830475584508062,0.020015152551192926
0.15431187084891371,-0.07653701317258052
0.098143819465579735,-0.17437458840497322
0.030540036307381935,-0.25617897880232382
-0.041518004613942644,-0.31416944866029223
-0.097246203000371109,-0.34199217924927078
-0.15477779437561598,-0.32754639406872643
-0.17660615663103418,-0.28102000294052798
-0.1892426863592496,-0.19187684548841377
-0.16897185287437855,-0.083188823098440487
-0.14323482848531915,0.025513075549582983
-0.10217968803845673,0.14704637588297578
-0.070272959129564966,0.24212348434002207
-0.04232704710160002,0.30092764835826591
-0.013314704050167854,0.32813494694096612
0.0057242008914811272,0.30844001259686571
0.01608557339541276,0.25466072743006041
0.0087676721584172661,0.18369653421795237
0.012137064700057021,0.083394868462439611
0.0205301548971706,-0.018264853182689611
0.010187537267402055,-0.096337074451921981
0.012525719423682804,-0.15624302704851881
0.014452714907293414,-0.17636263116633166
0.037439624654851907,-0.16263908045869385
0.045248781233631526,-0.10826760434736749
0.066825936376804729,-0.037483577619963508
0.097623934931893336,0.058848558898142514
0.10170459603731488,0.15386920795738152
0.12023573261309842,0.23983983796996144
0.11497983572619469,0.29696589543085672
0.11680785313702487,0.32813861516304749
0.1122836775241567,0.3092783428364842
0.097892366607594039,0.26800581150172087
0.067359715892176417,0.19569339365216629
0.043903664590717581,0.092066712527148584
0.0002577673233247809,-0.014020357500242889
-0.024316954459809727,-0.10923585639369839
-0.071922205289052576,-0.19208661974799357
-0.11357557403485494,-0.23795516925414587
-0.15241626131710356,-0.26988630739480413
-0.19453997074577484,-0.25684715670692487
-0.228606247234349,-0.21330986985998476
-0.25539425075365324,-0.17702855142256488
-0.27921004935555804,-0.10902058355824769
-0.28063335069342443,-0.038337535430621683
-0.27167524347494065,0.023212721877972325
-0.2669889229970695,0.075684134407790357
-0.24947167648482016,0.12279156790153278
-0.21311239281065408,0.1499429269548688
-0.16143641263503816,0.17333052657696169
-0.11456963752823569,0.1817120226223872
-0.054758761618349694,0.18985531238582207
0.0091599183494953489,0.19989805688334805
0.063616795649711719,0.21276285914903126
0.12396023262503349,0.23143221857101356
0.17423846374685764,0.25587815234209937
0.21268606948946153,0.29082315671877979
0.23905263175446623,0.30847174545456751
0.26595779869009278,0.32836429076462648
0.26887994129008158,0.3432423138044885
0.27450383453780636,0.3460865136032284
0.25777667821211969,0.32258347481599964
0.2463117440472872,0.27739517908002664
0.22739116978743282,0.23166735009283854
0.20381725813041907,0.16591429190630264
0.19703914036314218,0.098626058054113841
0.17058492587497742,0.016721881771516355
0.13552189274232504,-0.060532859899961405
0.11161110910207958,-0.11256037076174497
0.089208203573847081,-0.1737249829306361
0.061897703998833542,-0.20858998038178422
0.026287581778839237,-0.22942741061757749
-0.00096545496934815874,-0.22433693315056283
-0.030304504366433338,-0.19827692236117125
-0.053085870436948422,-0.18172780292090598
-0.051798683960877258,-0.13933477937092406
-0.055665686499761668,-0.10158953711413286
-0.029332395368373388,-0.066831077594719457
0.01070867941590279,-0.032617415988928998
0.052075861324743226,0.0061688193673521416
0.11448840925124169,0.026116151050475649
0.18348542745478993,0.041795510248356579
0.24979377027063404,0.055423066066241623
0.29472263345636113,0.05113604285347751
0.32184194031854285,0.042204245210574053
0.32148359868268389,0.041510987822241191
0.29409349262544165,0.014406552576308051
0.24856889469225732,0.014341348053121913
0.17151401748089604,0.0082849794202803397
0.076219654704673734,-0.015980993861637798
-0.015078398368554048,-0.031469474923033362
-0.10424406401877769,-0.046967357159088598
-0.19744501987029098,-0.068786817524752145
-0.2606440419333475,-0.078865813831317216
-0.29849204718917766,-0.099536238400956323
-0.30915913107348247,-0.12067038583434733
-0.2842942847006219,-0.14556521372432887
-0.24518675919817146,-0.17169535728333443
-0.19402680587203547,-0.18262665664335331
-0.1353793617759104,-0.1980260846550326
-0.075268157756988807,-0.20505588425547541
-0.036782290178609955,-0.20326800654847316
-0.008602769785919796,-0.19882050008967944
0.0027772342713040877,-0.1782282523119178
-0.0061763436000183943,-0.15720382764537177
-0.035775490758685725,-0.13402381871560035
-0.084232478687611911,-0.097702839021087617
-0.12675737837596851,-0.063745074648727709
-0.16913419203318242,-0.027160489931632475
-0.20952341003379754,0.0095784112488432258
-0.20665493190104264,0.054842724279508009
-0.20890537082811489,0.079094703473320788
-0.18841921492209435,0.12164610970738217
-0.14536991212544331,0.13989914996136843
-0.11412625401603031,0.17976544098170044
-0.053929095919609364,0.19413391103071781
-0.0033994866251469734,0.21459405734819792
0.071847485049731416,0.22897993784934775
0.12322545332745537,0.23811989410709355
0.17715084105168688,0.24080616755418652
0.22002603485967873,0.26894048010729338
0.25150668675632321,0.28251573279798736
0.28392891399747328,0.28286706447773191
0.28923395169052751,0.26212826544241308
0.29557518545617883,0.24764829456564766
0.28774817426628635,0.20540015829495772
0.27798680567513079,0.14938797479245824
0.25377089055642144,0.067547812532385065
0.1995153050159873,-0.0048573293849187363
0.1715737376971882,-0.093274724432326817
0.10981157270223296,-0.18824862375057164
0.075235481843355961,-0.24824802809075033
0.037782639352205959,-0.3013937365519313
0.016845685568614075,-0.31864047798640144
0.011827842524315568,-0.3125606693625565
0.02255196797999702,-0.25857489473760042
0.044432146302241037,-0.19528523639325804
0.095725424173478041,-0.093900476618121953
0.13512062809324404,-0.0012074394152142109
0.18690820849209569,0.096896818400404316
0.21867901055239655,0.16831927288480356
0.23898289662050642,0.21334030111284641
0.23188149079573389,0.23398084602859368
0.20589902743652677,0.22204691030659524
0.15713911557650073,0.16681601734171314
0.089639707759177248,0.08019824538115726
0.017904758883471084,-0.010382285353705384
-0.053409753094319223,-0.11173915684378517
-0.12150740522913095,-0.20563746838026978
-0.1595002590154552,-0.26218268472967254
-0.16414992599648531,-0.30894168467824601
-0.15038237602999452,-0.31318071947197063
-0.10855356996570473,-0.29422365297888536
-0.058034231072533679,-0.23869584235878169
0.020197674467617482,-0.16499114629648809
0.086800405112667678,-0.08158977743751486
0.1399295898712154,0.0065038903315375873
0.17475838071211502,0.086073977765021195
0.1801222842224319,0.15107122832141823
0.13908458399060378,0.19853338007481136
0.074869213492948686,0.21464838717633619
0.0057717927914454174,0.23051713405920551
-0.091003463894494582,0.22195319721193843
-0.1797241017872116,0.19844481788031823
-0.25888409168116894,0.18967443682162596
-0.29800712203449858,0.17388129095902816
-0.3189339465986713,0.1661544805390574
-0.29909298145987689,0.15974173388880963
-0.24991451309029517,0.16542420826871393
-0.16924874474955345,0.17092948016740186
-0.078401245142605228,0.19861738556970682
0.021796036036374599,0.22321892587788297
0.1083073875297198,0.23484702800197382
0.18706816359174935,0.25922095939721262
0.2361783734979451,0.27500131037201692
0.25714645199940489,0.29344307642956308
0.25153140050160322,0.29869161352976958
0.2196535597147625,0.30143918796948149
0.17758294997704824,0.30317778458795963
0.12176044273684425,0.30024786916035801
0.075952874443872567,0.28819233071507161
0.028289266073157762,0.28040559726583403
0.0059304116102790435,0.2582890873957025
-0.0064638462214477808,0.23815893986574138
-0.018228035098178112,0.21192930502711629
0.0056652362595277341,0.18329505500193741
0.013396908273635703,0.15703586548431167
0.039470427883202257,0.12121316983636229
0.054926005912274388,0.091393351456967961
0.065501276732584365,0.062095459805722869
0.064368953794047376,0.046021036804925218
0.043112440034705435,0.019389670907675707
0.012065016937742541,0.01715339681436924
-0.025260064685524119,0.014084071319742583
-0.06647792269478292,0.01481710796378094
-0.12183606280113771,0.039176856215311813
-0.17930139088480793,0.051296118415223135
-0.22349448313462528,0.085314938723328598
-0.27862886208979443,0.10987937987884513
-0.30928047902100764,0.13489624650858376
-0.33632560987010762,0.18109073721081784
-0.35942177437698891,0.2028770779077981
-0.35866300679879887,0.23918744707718931
-0.35169274399261991,0.25221945455875061
-0.32181595280779529,0.26733945280646981
-0.29236183981629166,0.2758582440919321
-0.25564901702517301,0.26894296910518956
-0.20379294568933412,0.25596597475856481
-0.14454024500178067,0.22131267346039568
-0.072137791132952406,0.19051865332201542
-0.015796969048576973,0.15005654138902921
0.055587563123739303,0.090822241551174243
0.13135455952629446,0.040041840955467943
0.19638920234983384,-0.003850502062258095
0.25348747572574143,-0.051291597321046017
0.30428036902040351,-0.085692287570896128
0.34210533174525687,-0.12014891320547123
0.3755438688997752,-0.14921061745028355
0.38411005995384889,-0.1724393119524108
0.3963548370300044,-0.19781834471212867
0.36822341422919486,-0.20564400878773534
0.3421696877214202,-0.23730535775143222
0.28086296312915504,-0.25580745078356582
0.20709236301032197,-0.27538136877973218
0.12759528705858333,-0.28474767650863719
0.042908125569561271,-0.30782110676814861
-0.045166238666832288,-0.31994317002052347
-0.12984213140576795,-0.32191067979518245
-0.19824819034940519,-0.31867327335729151
-0.25844781824027852,-0.28997571241403802
-0.28814262790073908,-0.27551814991127188
-0.29448635735785522,-0.22907998235415469
-0.28413813643980773,-0.18334740355891785
-0.25874151849482768,-0.1296422722044657
-0.2241847980137705,-0.080212548965817934
-0.18863989442754153,-0.021604293880817502
-0.13104003537228756,0.032388040794617205
-0.10475785694227149,0.076660959956739536
-0.077190037425758348,0.10870483532306092
-0.081269072926233088,0.14892205010177137
-0.076866119125044929,0.16141841363846166
-0.10349918426552479,0.16562653555416182
-0.11783827201052198,0.16982866905518526
-0.13824482937062563,0.1544753181786416
-0.15937463247567812,0.12103324569378555
-0.1517331473378597,0.092254850519185388
-0.14166071858042442,0.038911387380565668
-0.1148736111938896,-0.0077829209941469345
-0.066209189828711157,-0.056305630743820424
-0.0019299545206263287,-0.10823410348909708
0.059685369424752305,-0.1573072555494866
0.11082520015478063,-0.19029025473987921
0.16183397662403515,-0.21205474411637137
0.20281893949254198,-0.21420804095230206
0.2193130126543455,-0.19616724032847704
0.20826591957208082,-0.16586919608014514
0.18097399366482578,-0.11986268323725556
0.13077926589018374,-0.06510814734183383
0.076390445169485663,0.0080816864390457991
0.020196011569192016,0.063729265760562939
-0.032053736496331316,0.12124284884809118
-0.092657993039167358,0.1558732298422903
-0.11914739737053344,0.18790766673075956
-0.14887208975300667,0.20706042533258581
-0.17039347503049249,0.20439077187792148
-0.17524397475417208,0.18546563207604663
-0.16263176493116865,0.15684978651219614
-0.14215753049698274,0.11219836726949789
-0.11358096203119616,0.062792607346855517
-0.075163102781473992,0.018827920973614298
-0.044952099488562103,-0.02941982722813842
-0.0052677962298043829,-0.086090777079057657
0.036081998413270026,-0.13246571379841982
0.07254779058230984,-0.16521453695269961
0.10220326306782364,-0.19568966945104252
0.12629734781936777,-0.21217621877055481
0.13615533452688516,-0.21558992621950562
0.13292107945862716,-0.21063778224975085
0.12462188932699765,-0.1937184698091913
0.10116729876240711,-0.17800445527379941
0.068255981097082793,-0.13699029244441799
0.038344111561894614,-0.10260867293010938
-0.012152294329974209,-0.076046706806342401
-0.044847057747029427,-0.049145081921842214
-0.062601601624089398,-0.017686450838390877
-0.06739583200590557,-0.00068520534426647246
-0.056275457800662378,-0.013052302221712025
-0.042761392540099558,-0.02950636959197675
0.0035018528117787238,-0.068533043400984081
0.066072688578722449,-0.10292307662603616
0.12147914920333971,-0.16074376234934473
0.18981175091282221,-0.18296975005547275
0.24785978327461916,-0.21896703650343247
0.27357600228405637,-0.23540385375022682
0.30335774397161647,-0.21729326685745817
0.28968776258391488,-0.19361319533722893
0.250896454267723,-0.13130115061181535
0.20258615688910678,-0.066581963920373452
0.12254993142942126,0.019034427856502906
0.059091224765178897,0.085640542227236063
-0.037031508495324272,0.15767898393091162
-0.10172297472784435,0.20253153212098332
-0.15100027347208769,0.22266743605676395
-0.19109869044132713,0.21415531213495842
-0.20920791419064322,0.19113734597246165
-0.19840576397739781,0.14283606842632779
-0.19639832844556523,0.076883859423510698
-0.18070010628428557,0.0093608143949304654
-0.16513950806779681,-0.052329531363146373
-0.14593306386204702,-0.10374871966680517
-0.15000701860419166,-0.14486381363426698
-0.15147403077051638,-0.16160031302171626
-0.17361526131932767,-0.15914493150642098
-0.19143718168763837,-0.14476986510608975
-0.22140378086825097,-0.095956562214583541
-0.22605903503012129,-0.057630312965340831
-0.22453758598542306,-0.022761474271304868
-0.19868793608944524,0.035309020066924518
-0.15314748432880099,0.056414689916522126
-0.090417332684218019,0.084947305731134765
-0.019978922560695209,0.10407514263738711
0.064502575991536998,0.10188035582071023
0.14874273870825314,0.096443721815439448
0.21905641476354268,0.081970262618504056
0.27504190781891746,0.06935111076447581
0.30731418606656552,0.047937513364067347
0.31074472464249642,0.034592861424727284
0.26337717695761526,0.0058519219175725071
0.22021552228866645,-0.018640470803539415
0.13485812307280914,-0.035986329179453297
0.044922199866484699,-0.055577030048248578
-0.04098288905718174,-0.073188213897855792
-0.12605979387007499,-0.082895281892575043
-0.19599229180478472,-0.096229968673879437
-0.23288696787581012,-0.10930933645732416
-0.24114315098637717,-0.11325873386245859
-0.22296688076736104,-0.11762613430276071
-0.17101094544264278,-0.11328670088548316
-0.12389962510470695,-0.10741513429200748
-0.028137078469246249,-0.086884140082477093
0.039575293252357507,-0.066707078497981617
0.098450745755225055,-0.057443547678079451
0.16661323632575323,-0.040565219541705722
0.19827827387234409,-0.029236290818212302
0.20634174024933075,0.0028054147490774476
0.19891538859056693,0.014299617562916627
0.18849737306136299,0.026309637557119282
0.164281484040984,0.047896331513349225
0.14137352650706267,0.06933977948729024
0.12942149767241171,0.095016827501639353
0.13095726530688914,0.10886578824212229
0.15197309909266102,0.12745161306013456
0.18097527274358693,0.15531345118854739
0.22106340670085439,0.16884969190264321
0.26099506655472421,0.18367825930177062
0.29307633391027332,0.20209044210655314
0.3016507057318128,0.20167387714365914
0.29157235574792029,0.21065475655119814
0.243294322914346,0.19285308413158139
0.17196330071673199,0.17390071914391628
0.086556131069240927,0.15349880647584363
-0.015130312159713326,0.11355438849682714
-0.12417109901637957,0.076203922835626173
-0.20806679597982591,0.036506802853264742
-0.29065708947487479,-0.01121626197313126
-0.32019896978606005,-0.057627450496829984
-0.32327801210809881,-0.11627163342797091
-0.28424997692351045,-0.16182584769070302
-0.21303692962520826,-0.19964597882888246
-0.10730793319064375,-0.23669619959812394
0.0085256902178955495,-0.25387122469210877
0.11738885086319008,-0.28197233524787912
0.21211863264808473,-0.27894621365054872
0.29538124721377773,-0.27864683288687853
0.32081703584417698,-0.26629284283386823
0.3149691656777735,-0.233977507440672
0.27263345114727977,-0.20586845569896259
0.21135125149364256,-0.16210749975099065
0.11860767314933465,-0.11977487802742462
0.024918934141861991,-0.075564283782616024
-0.060088071270001972,-0.036923203553811471
-0.12777851617149544,0.0057480087624296782
-0.17183265103438145,0.0329255206477269
-0.18038349582963356,0.061887843383936034
-0.14880057771157429,0.073054757104477161
-0.10257855192598878,0.074355070561276368
-0.045200158114170171,0.072682344603541837
0.022787259948419326,0.055344701447046681
0.091295594346608028,0.035932848959424543
0.11503725984324492,0.002947713468230616
0.1590961319543383,-0.027995978882210067
0.15770267266075783,-0.067813589356872608
0.14460428132196809,-0.10877255683535837
0.092535799690046952,-0.15927620444895857
0.042459880519584832,-0.19912344638640508
-0.013860339697128618,-0.23904482424727141
-0.074167120569938558,-0.25801315727145857
-0.10499307905860578,-0.27164839757323006
-0.13695395904343233,-0.28942792871117468
-0.16087580744320731,-0.28159853416914754
-0.1415700792119505,-0.26303012050064389
-0.13433652156957943,-0.2395580297183782
-0.1002033843777947,-0.21566663988768323
-0.071305045296029823,-0.17916492238786419
-0.029640203487172081,-0.16118177026818253
0.0062214035766694799,-0.14930625845126824
0.041796308086563747,-0.15232768741765926
0.0678251408827832,-0.17121098254821926
0.099720778935344617,-0.19830485825316663
0.11872747051711674,-0.23980856597074374
0.13477983802187163,-0.28019672459681433
0.13343266190853503,-0.31109797116438548
0.12606926831350795,-0.33396044479519937
0.092735770948127946,-0.33493797718318691
0.060033824144303798,-0.31385465277614311
0.0026411615779768994,-0.26235744583330478
-0.061552063117054322,-0.19444498886035616
-0.12719179680837833,-0.10706256458567205
-0.19643939078277758,-0.01949796517742481
-0.24147969167448963,0.068097066744127285
-0.28364461817407433,0.13237999030584477
-0.3052213452095876,0.16378366143144035
-0.28772715422327177,0.17720511419274595
-0.25921396711059252,0.1409806997451469
-0.2070788727352765,0.077177090063424172
-0.13912293681180815,-0.012324024048028966
-0.054073485472493951,-0.096527676399262768
0.01896756558758271,-0.19965761042341865
0.092838126884695324,-0.28741205458039715
0.13128183445387695,-0.32633103666177338
0.14820859941857434,-0.33101792868960167
0.13962439889495459,-0.29769418011390081
0.11083216467263783,-0.22788707320826088
0.043420813645476175,-0.13196388534550352
-0.028142784212510954,-0.0077659741687471596
-0.10793994863421938,0.10805129349537519
-0.18785455340366075,0.21300105442126191
-0.2547755213322167,0.29260073802519149
-0.29664633218169179,0.3282459562357673
-0.31857940991624945,0.33441794215415771
-0.32268126744475856,0.30335375919290725
-0.29449120789779054,0.23978218412358671
-0.26971676448654808,0.1570400164445237
-0.22603027554583746,0.064935480592627701
-0.16796560578873471,-0.012919952201377607
-0.11810666865308836,-0.074243667248619166
-0.079091732133725931,-0.10714219120144494
-0.051983812345258541,-0.10003934602376635
-0.035720130410163149,-0.05775988524413643
-0.022391050410458399,-0.0076813782985830602
-0.02677455365310551,0.060948073196475321
-0.034979156430909507,0.13305648614602839
-0.047244351163763555,0.18916706311215473
-0.046324284326009851,0.22882300724423155
-0.064992692300036875,0.24556594018363948
-0.066261264828948965,0.2247793377516871
-0.067640050698645773,0.18696137606992166
-0.065029081718860543,0.11288478503436372
-0.058616148878334808,0.050379677483446343
-0.065638430194400132,-0.032772209372487357
-0.079037082688600269,-0.096647449405400598
-0.080100327460855325,-0.14246046566376214
-0.093904339321651931,-0.15870739510464602
-0.11848229998736604,-0.15350746718131031
-0.14150107117701519,-0.1138047834963979
-0.17302050619548037,-0.057713372782252283
-0.20299965478725676,-0.00067709773373120685
-0.22518895404884606,0.067284593181080113
-0.25158470149858247,0.12877765893155832
-0.26769099091404391,0.17633045604688363
-0.27512388727110371,0.21518798870791453
-0.27727789953508436,0.23790423174421613
-0.26349046427595063,0.23165341686975896
-0.26867786290156448,0.22056324510571801
-0.26332122860212143,0.1846012261038803
-0.25763739623208598,0.15345174043663287
-0.24512845303094916,0.11116999198978647
-0.24741313949530169,0.06616630628609671
-0.25356013226060781,0.036453935236604826
-0.25783418465107871,-0.00063570014329869138
-0.26816357563231003,-0.030735957362126171
-0.27091996236186194,-0.059373275034719411
-0.28952626754012983,-0.067650220785135454
-0.29328020443591968,-0.076589843081334319
-0.29554055312260308,-0.066585582692891082
-0.29477718527327196,-0.063330783004040242
-0.27888412255754269,-0.05059596439612303
-0.25332483333822359,-0.020225778841683886
-0.22339685771328732,0.0097049103044800945
-0.1918683145533242,0.046153825552508181
-0.13735641192103279,0.092001306230499999
-0.10356997763918011,0.11441241837622466
-0.066418662985467586,0.13992450029380363
-0.044997072846979735,0.13976938709653178
-0.018438026768868951,0.12811957070907015
-0.011184222427635334,0.11205425966268169
-0.013986176597086277,0.069817021610696653
-0.025223115421877437,0.022202924326203171
-0.046779528233668141,-0.028893245598655026
-0.068193360100168993,-0.076007177369677645
-0.094231512281204563,-0.1219296414575228
-0.11220314167822616,-0.13557156508371038
-0.1339312413583387,-0.14800507693052101
-0.13801400080080548,-0.12754471320322439
-0.14073753619203438,-0.095916270492028374
-0.135460431927546,-0.039363764489622477
-0.12372348669424829,0.021329495186898983
-0.12303832796614342,0.075064679338528839
-0.10510993001009854,0.11049399566096503
-0.1005375896580273,0.15459044985546402
-0.096899142054822474,0.14789168282091344
-0.096052018619347077,0.1314617852374482
-0.095905185060169207,0.08879014231539821
-0.11474465815464405,0.024746973770115154
-0.11959408387954457,-0.043549404613544999
-0.12354854345187523,-0.11055652635966695
-0.12029273087695551,-0.17622705833664953
-0.14566385845999627,-0.21656749243035828
-0.12296146027378906,-0.23508986727929604
-0.12286704480684034,-0.21541141878093606
-0.10951631717239843,-0.18573497766527183
-0.08914325441875437,-0.12757016526010881
-0.066682546946108187,-0.038284967953702398
-0.04320370018560294,0.02582726162991315
-0.028468392789914945,0.11264138692543242
-0.011970736601826334,0.18295665547399823
-0.013577416489775469,0.23091925348260278
-0.021352069190928247,0.26538646457481879
-0.042064081755470648,0.26583255425723828
-0.04296515773863082,0.25911153660836728
-0.065778951868342941,0.22951744269529531
-0.087278555255482476,0.19845548240145505
-0.086616987453357039,0.18407665202811205
-0.081304053304137661,0.15634589594307807
-0.074821235773603445,0.15456246494746106
-0.040261934381872776,0.15201260951867132
-0.0027698286781574809,0.17162532630653185
0.042153958014352622,0.18624088838769051
0.078735342396818078,0.2142998257048952
0.11850386624728172,0.23148838065598512
0.14248757645683066,0.24781517704487735
0.15307457008422892,0.24358545554822283
0.14587542844094217,0.21415075015677854
0.10595779140615337,0.18844924442276703
0.075409993761836006,0.13847790616724237
0.021087008049409443,0.076754594434290183
-0.043046682705335418,0.017681792255822584
-0.093749890894300233,-0.043066925629702865
-0.13692500230055274,-0.088781424456572972
-0.15470773911745817,-0.12184341269833335
-0.1495762976247251,-0.13458399315581626
-0.12632240423825114,-0.13583184498293854
-0.064873201783159862,-0.10760722820419392
0.0059810208459655442,-0.080779020205272681
0.078915376455492792,-0.043333609177357645
0.16911843813453234,0.0072507857690921919
0.22570788344008064,0.043701865924857232
0.2748749461698739,0.084117323459604529
0.29468958001221585,0.12165966054165936
0.29797272094422605,0.14683895587993875
0.27050204914101633,0.16993446814558588
0.22790050210910653,0.17768255749324341
0.16529584249537896,0.17337356150840594
0.093113917294628229,0.16461849554196212
0.037127874525908836,0.15389512025128593
-0.026157274404242491,0.1361145935619677
-0.05830490548615759,0.10547412510521259
-0.090035257405852415,0.090877763459575253
-0.1003870687726018,0.070950370202097698
-0.088356214089896981,0.043788958906783401
-0.068974954219706175,0.026134778279526955
-0.032311106902110906,0.016155757553563289
-0.0052734700405133225,0.0092414116146937817
0.027449374415528457,0.025151480005949609
0.059162105479330498,0.033929435617947382
0.067478344254036968,0.057191756263676986
0.082698906266341896,0.078757251306254009
0.084883458648991925,0.10941675522493773
0.097151016963082371,0.13942140455015678
0.08855586840505586,0.16039297337527642
0.073421836566968143,0.18688926098895833
0.060840936315422117,0.18553604782649494
0.035861024342616843,0.19249018744044355
0.012875014757966013,0.18056600314388094
-0.011249334619652702,0.1526588240467775
-0.028196202450843356,0.12695931198279811
-0.04642923442491266,0.070632524567143348
-0.06463161599851272,0.034333184985485168
-0.066171903504187862,-0.025341716716887921
-0.058900837595091578,-0.074716804155106092
-0.050147638431986941,-0.12060750628348116
-0.026586665251059294,-0.15275481094220875
0.0080874307558596696,-0.18490037642112911
0.039904158236165589,-0.20572174360035819
0.067198123117883563,-0.21705919649659819
0.10253508103021278,-0.2185716704811905
0.12049866699582933,-0.21317575404632436
0.13528984813036282,-0.20425894277012302
0.12258824934907474,-0.19030843025750377
0.098175681577580734,-0.1671541452214283
0.061130134766372732,-0.14345377526700756
0.009734572871355875,-0.12088310589491473
-0.04720443682228171,-0.095685041755552411
-0.12508109339301882,-0.06496452589699224
-0.18779986668012344,-0.052435287292734167
-0.23168940960996848,-0.043403137004513467
-0.27463264239975121,-0.023664951887007808
-0.30541350603968309,-0.017708252773462517
-0.32341427785981575,-0.027984585766819801
-0.30694474309643405,-0.0318442989776083
-0.29057611836682007,-0.041349315848634223
-0.25063282151522742,-0.063155409167205731
-0.21753752286630174,-0.067734605962754643
-0.15456058449787297,-0.074433867378733976
-0.094985631523165068,-0.058190799138491831
-0.041361921744356184,-0.044761416103934144
0.01041007207480917,-0.026439727633558906
0.07870185692840509,-0.0015541633847650149
0.11432944379349082,0.040611597778589796
0.16397846211080111,0.063088423891940207
0.19718642472045761,0.083701277259300114
0.23791906418978964,0.091841051706595234
0.26098814740791476,0.068861460828722673
0.27225639841964622,0.04716137185165975
0.2829581504898967,0.004089689722366837
0.28808352783139202,-0.057149329354833737
0.27542149489839635,-0.10133022927123694
0.26004700993742258,-0.14612837968620088
0.23541564422488445,-0.17497992836554399
0.2135561571992611,-0.18401460809454745
0.19182411531403235,-0.16990581611269573
0.15993274139365782,-0.11234252199342731
0.1427450811284032,-0.048122213729985333
0.11418753882365437,0.035994621109006905
0.10762356110646537,0.13550280539668111
0.10463906850731847,0.22307963537797057
0.092212484370474315,0.28176986443259117
0.11471490871951232,0.30916459927125423
0.11345134998940158,0.31956224379892334
0.12439960991617444,0.279987313891297
0.1511561337767052,0.22387683007645809
0.16886350241103026,0.12139005806136749
0.1911698065924553,0.025118076255258609
0.20356802309826402,-0.080972539044293704
0.22921680337701247,-0.157045895398955
0.24078239256134162,-0.21275864161951105
0.25513605530868622,-0.24230700176841125
0.26861446404197564,-0.22873867598389466
0.27616397750149424,-0.17930343495307646
0.27172095140954294,-0.1179233566632643
0.28156746295340906,-0.0084915633662325518
0.26787169203111882,0.089576135831707107
0.25012787536630082,0.18844990377025789
0.22179026055070869,0.26294070626288085
0.19468512958041653,0.32734384189140864
0.15421936931671509,0.34242666832744423
0.12645891457259936,0.33395107322776435
0.08531813462607396,0.29121664768045391
0.061803584125921719,0.23745733116700743
0.010696960901764984,0.17651080125926585
-0.013343564280968095,0.089723800557578504
-0.023751946311621364,0.031772021536255968
-0.049074099143750563,-0.015746031667998983
-0.05717427816445883,-0.03987179378927818
-0.055587464404559833,-0.054126291585317829
-0.041549911213897367,-0.039495634282813309
-0.039834206654386042,-0.02903296601710589
-0.028655153499429615,-0.0080837992347794901
-0.026847985835998039,-0.0020620499744859063
-0.011069029796830904,0.0095105884487922156
-0.021353377429250416,-0.0049339302763981496
-0.043563615736456236,-0.018372475969890986
-0.054344476636644955,-0.049721905919685255
-0.08493961015872678,-0.078113783003969761
-0.11996222148018973,-0.11212128610101176
-0.14305600456713691,-0.13456182318166324
-0.17346227249818158,-0.15834337029775672
-0.19104189978170669,-0.15600640048163991
-0.20543547988125327,-0.13706619061960063
-0.2062770942400072,-0.105083257360434
-0.20457924152591897,-0.067295124589767857
-0.18552270833164136,-0.018577012283506687
-0.17696469743285034,0.026621895302173008
-0.14673157446853904,0.067751485769868364
-0.12354766840244752,0.1041695277460588
-0.099693629342272855,0.12437598509512759
-0.10137424217861132,0.13040101834315268
-0.095016306715418761,0.11010139682400363
-0.10178385968700537,0.076237676635652799
-0.086035560006931466,0.041112781699283861
-0.094458289416383442,-0.017641876764971351
-0.08494751232651826,-0.082159743641790281
-0.082608330660018409,-0.15124452251512607
-0.066774725081791775,-0.20545078100709677
-0.046105908928808031,-0.26203868175962414
-0.021459930341618985,-0.31575149909634787
0.012831346269347748,-0.34594192933322843
0.052616192650428717,-0.37028490834590388
0.086208847319100876,-0.39380053900763062
0.12568426084428599,-0.39074222029262273
0.15437386790549934,-0.36622345280308594
0.17832048930233746,-0.32913566718390885
0.19237384653452511,-0.27509769764945485
0.1967668421650601,-0.21155664982100103
0.18780739476761715,-0.13543765183733997
0.1731905181851712,-0.059372941726762288
0.16771737053640368,0.024928588489188129
0.14194919557397151,0.088134264311949831
0.10615069658926536,0.14352216157264283
0.072908203114766493,0.19522395679950164
0.044018420791901249,0.2050247786482631
0.0061466947923163994,0.20488059525771329
-0.02245970604891066,0.18700063127256833
-0.05120908082989685,0.14616848789827339
-0.064670344330478177,0.096396214791409307
-0.084720935499375455,0.052089201453521042
-0.081632825496155262,-0.0031906132825304319
-0.068880134882487745,-0.043294286453766387
-0.049761879320981715,-0.060214033747229688
-0.021370981035063616,-0.076760856193152857
0.035565498577753277,-0.069180547644068502
0.07752177163314293,-0.042236054760736864
0.12903108495155621,-0.010131361421549547
0.1816913007027475,0.022141734303290032
0.21853271186264836,0.043342974666786688
0.25164895421081185,0.06374723959665525
0.2777666623090973,0.061711350582321016
0.27990455001660425,0.049421467510509569
0.28224573104144646,0.022126058284865163
0.27050561063002282,-0.016508529869318826
0.25308979984490221,-0.047654270175215944
0.22644218067922076,-0.081682756164595013
0.20706182767184506,-0.12545924645625325
0.18584635981794939,-0.14210941194409185
0.16387016519449346,-0.14183017420058652
0.16836860519910762,-0.13246030535310496
0.17275175488586386,-0.089914602420083811
0.18329599666426888,-0.028161304560819275
0.21044629348778576,0.028769184343695187
0.22609801408968452,0.11027957776105612
0.25330940511274519,0.17386817852192304
0.26478247290342216,0.23358738609179092
0.28388691004394428,0.28793942418929058
0.27735021056311793,0.32377445412288208
0.26313131114483129,0.34513004074872466
0.25387478416014647,0.34784647767615712
0.22058186777143832,0.34478183691162678
0.193903574084792,0.33252437265728613
0.1622479445195214,0.3045500705735138
0.1157219519227289,0.27419379237058211
0.10065045191813764,0.25275044083902493
0.067073288144941456,0.21293797531732414
0.048917206578072178,0.17790441547740019
0.040233399697856373,0.15805530234803425
0.020487468714824084,0.121509028736817
0.0087065442069546098,0.09518770662317888
0.0051899411917382555,0.050063618885709836
-0.023135553488757135,0.020963693012302932
-0.024937064218000134,-0.010264016062065508
-0.045680660513517109,-0.065083015509757133
-0.048132086809125882,-0.097682681251112666
-0.052093156782692773,-0.13141722066599584
-0.0701602791813844,-0.15782693297900727
-0.07465849946681663,-0.17122500733237331
-0.072912318775906176,-0.17614655775469437
-0.060600508531557545,-0.16547761847108536
-0.054071200042074996,-0.13833206498342979
-0.021351106657163478,-0.092738493885553996
-0.0066737825234549908,-0.032008100300116693
0.021027615514203221,0.028693410117510549
0.038178439497536305,0.092156902577610167
0.068496797997829595,0.12936650488111284
0.097275256515716085,0.18305542516292342
0.11907243490002399,0.20017502915849111
0.12311198255548114,0.21732177411140002
0.1281389858936435,0.1961504768046661
0.12886685562974282,0.16758450514310341
0.12452228024119255,0.11147709825883712
0.11659134321199185,0.069289489458497069
0.10212539802076444,0.0032742660244378763
0.098846193698198984,-0.052342877366791205
0.088252323308254207,-0.095598834369525862
0.095723701252426213,-0.14557621003925597
0.10996356848086977,-0.16164376653400028
0.13125404499933946,-0.1639081612161214
0.14989925977312604,-0.15356981335040371
0.17034323323549977,-0.14128239693380501
0.18846447769543481,-0.11831808369008433
0.20536931091208269,-0.10204187865068709
0.21933030524568825,-0.090968819529004
0.21399334235808617,-0.083359458412165396
0.19283687853901227,-0.10122101857314493
0.1670308416087985,-0.11554088299263429
0.13086030963844722,-0.14826591412589735
0.098049653303911036,-0.18322274390879351
0.07356406633956529,-0.22214790108219665
0.043485437594041415,-0.25650222227834479
0.02287413248745241,-0.2815353484584911
0.018430858208594251,-0.29346443081334156
0.028467455861745043,-0.29036284189969241
0.042194698875879219,-0.27396042118110814
0.065339224016218653,-0.26297264733497733
0.092169119202704874,-0.23666866988495716
0.10757575276799998,-0.20032717127147698
0.11993656911162028,-0.17483148754982944
0.12556012071348369,-0.16563789935410544
0.12215799304411769,-0.16429984182295654
0.10370328858168576,-0.17517270107153321
0.084315860847068158,-0.19649071334898263
0.032517366333438699,-0.22057169389088097
-0.0094604227200472003,-0.25102911523950888
-0.063445026113056371,-0.27431141224018962
-0.10139653458148021,-0.29232330064162781
-0.15337038258287508,-0.30111898573674872
-0.18989900227645451,-0.27773586253063132
-0.22705558923949537,-0.24664846509900923
-0.2314587066172526,-0.22250445908137811
-0.24481567519732306,-0.17606813930889656
-0.24348115298282932,-0.11347125926326469
-0.2205959936363768,-0.06383831412628474
-0.19658092802023913,-0.017909012866348373
-0.16659875205911595,0.02039613046284617
-0.11197692224270915,0.053580627788107321
-0.070967911942331791,0.071153526715075549
-0.009597101087979662,0.070494486780652454
0.031902667937574659,0.059612793604862206
0.073631270125928378,0.045937431636035253
0.10580339931607589,0.014542856342573782
0.12960905688919763,0.0020620219549365363
0.13145478186580159,-0.021514273241349684
0.12060280250666114,-0.044966384229212189
0.093978390636701922,-0.058708474228293554
0.052557199852294283,-0.07825843586370311
-0.00029066274695201122,-0.08284171779097807
-0.056699522213815398,-0.077586810775076634
-0.12638105854950354,-0.072861383366028029
-0.18042700371208001,-0.065805884487643282
-0.2316832845856589,-0.053036933198072803
-0.27583781578563155,-0.040551760954562976
-0.30115946912653024,-0.02622733158929106
-0.30955785443308426,-0.0078236527993382193
-0.29485925143084973,0.023737155453122522
-0.27744102952571859,0.042749244275951392
-0.23588290784032198,0.051650081002074522
-0.1866385373876929,0.068947709734445195
-0.13634780267533875,0.062532012327881248
-0.094328532200021506,0.056097210742245371
-0.055657579172088252,0.031698924142758246
-0.019893716167555243,0.010051313675302851
0.0040166267732760878,-0.02456818220585618
0.017071049467710583,-0.058962905558364434
0.025713109030182611,-0.074338603769633776
0.032756138250452226,-0.076238019719686564
0.039040659996469003,-0.083891944082658571
0.034527983389893629,-0.060654726385280459
0.011000444103936042,-0.029381869887554896
-0.0031442313801893149,0.024299658440741386
-0.016608664103279224,0.080394324976270831
-0.041753421207286222,0.14666124876312156
-0.065912725070213812,0.19700238622962077
-0.097078205254621186,0.24719155914902177
-0.13272784259891313,0.2790577589101248
-0.18720770151653554,0.28498902633445189
-0.22146912777262054,0.2925745594221571
-0.25322449385022894,0.24969423291044737
-0.28832329374393789,0.2061874203042913
-0.30482057378140232,0.1409941138965928
-0.30554867052481366,0.077516146819543927
-0.30064489155591007,0.019108186705403339
-0.27977634348665414,-0.03743693587686641
-0.23866379109010266,-0.0656661549885698
-0.21026270474649147,-0.084494365917384462
-0.1695431706475776,-0.073579256260097675
-0.11895032022581437,-0.053071159205643433
-0.074542098032000209,-0.02733214458323513
-0.0153704797800667,0.020664801930847972
0.046773347984420774,0.056490327253104849
0.10421067254295419,0.099133441987382429
0.17123125286473825,0.14014762337258935
0.22669247348109142,0.16414640946881304
0.2843937878050467,0.1809941559391883
0.33104406887370197,0.1833898665720565
0.36802831849764944,0.17870970867383179
0.38514581944251886,0.18069394158386043
0.37375505655685248,0.17833062178663589
0.33893287315048665,0.17246853810409743
0.28647032323053173,0.16613203560645673
0.22413105773549322,0.16662293755593108
0.13504376280059052,0.17885725023745297
0.03476251540690109,0.17652776497316336
-0.052419729149976529,0.17739257357100902
-0.12892946499566685,0.17647277535766653
-0.18811052010994428,0.16563190501770358
-0.21388113108121087,0.1545852725921924
-0.21837654611643215,0.13214565510323348
-0.18962076497604696,0.089777438022410241
-0.12792185098690531,0.056448619416727672
-0.055031834800750558,0.019562796929244251
0.034507495090289199,-0.016031589216573508
0.12267965995376337,-0.055137337836899412
0.20602301756783858,-0.083045643362439539
0.27340792695459959,-0.10610043547764583
0.29586608968799338,-0.10913536609871032
0.29809634314621108,-0.11886133067510994
0.27264970583338372,-0.12385041674310565
0.21627358945210987,-0.10932669801980775
0.13208121333911016,-0.098198192806621287
0.046701442559671083,-0.094925077648199171
-0.042755538511373446,-0.078096304085111951
-0.13815714894117598,-0.070131021198169344
-0.22158469056594046,-0.047452306347282279
-0.28585501872168911,-0.034158956212455266
-0.32665208767237619,-0.019107345801355115
-0.34625249767282307,-0.011346148811801701
-0.33933947259699876,-0.006750487248355988
-0.33745128622534326,-0.01613178495881586
-0.2995126304992865,-0.027179009745311358
-0.26609160631704143,-0.063192578310306599
-0.23572715954403112,-0.08897755825602062
-0.1928066645152709,-0.14703582457300574
-0.16795519408848844,-0.18934469782700258
-0.14480312417063923,-0.23110067019536185
-0.10963965083046585,-0.28442708491072316
-0.086433187469233272,-0.31106506063232514
-0.048119820824976081,-0.32469781245224416
-0.019007160240943257,-0.31136084536831571
0.007367334853449448,-0.28775051169442301
0.053870031533017185,-0.2327287541512022
0.092168646239139715,-0.17307796846494533
0.11344891662182979,-0.0955709520226177
0.12933334810389327,-0.012998371384834799
0.14880905960142668,0.070994515981621806
0.15212712851189636,0.1326777300331228
0.15426285845521853,0.1772274923621367
0.13855503844940933,0.209513795015391
0.11249064908353694,0.22042499335611257
0.075990634707456151,0.18551308244126347
0.054166297040697156,0.13905311392762371
0.029140934005213028,0.077861426939360281
-0.0080862041651256888,0.0029514677253916865
-0.021055180691629535,-0.073822491149464861
-0.0077072074035507993,-0.14658802254301384
0.0065756480198410523,-0.20614044837723855
0.03549903509309725,-0.255472097337272
0.081933867146092632,-0.29315065061522605
0.14237315015776586,-0.30273891120830343
0.20005042763198716,-0.29833252885720807
0.25055161101992623,-0.28586196741742337
0.29010408330582854,-0.25501013486822266
0.30547470065476812,-0.21019159586909605
0.30321172251818795,-0.17074429242852263
0.26994505996159235,-0.12279103560680561
0.22906187279695056,-0.078249156816240131
0.17043432371824646,-0.032734696973769198
0.089045197918831517,0.018130994920161615
0.020794343739643676,0.053528822639884538
-0.037459645718017,0.11090985474547244
-0.068118340253129933,0.13818963170343343
-0.081849543264452485,0.1772720959974749
-0.082730594688785741,0.21174057295243237
-0.036278518686758715,0.24692937069788712
0.03406721592076152,0.25687446137253206
0.09650885465172232,0.26283054793063038
0.16341019169409923,0.26130566144600331
0.22134740938778275,0.24320065151509621
0.24833421347485748,0.2249432703442919
0.24511515529911759,0.18440539807203579
0.2138255190711888,0.15131422107928894
0.15127664548569539,0.12144271945186291
0.057007747800221185,0.07728769586313404
-0.052697188362277131,0.05174116579978924
-0.15670730482750553,0.023842685685835554
-0.22960707971499592,0.0037028531413839791
-0.29062163908895844,-0.020470042677595019
-0.32933158549494573,-0.028044337003580531
-0.31608170456240542,-0.035441228860637157
-0.27696188602487543,-0.042681432991308228
-0.22104235504328923,-0.037710760272817272
-0.14294299230834329,-0.03920208061663101
-0.048674151990810537,-0.025059944986794785
0.023861093987006293,-0.011880300829884147
0.07213261132322675,-0.00030286048445812841
0.096092120890212421,0.031231263516264644
0.09656406944062676,0.053781073333288854
0.063256819266836711,0.07386352833797806
-0.0026311572242152755,0.086823025301463908
-0.075642821692554388,0.096977772039914673
-0.13964992757419439,0.11041081357974138
-0.19705706126821768,0.096680030411421633
-0.23912753585238331,0.081538494111161638
-0.24296328003413559,0.036967396826276741
-0.21623483910985986,0.010091501783289564
-0.17386751110828877,-0.033777719050861993
-0.10283243584430742,-0.081209664313865684
-0.021277607403496417,-0.13038921076701879
0.052830351567266981,-0.15581929354080176
0.13800210167305732,-0.18292897667101252
0.1972593431033294,-0.2040363746270375
0.2342597674357817,-0.19186634645316619
0.2459718121765582,-0.17840068506429604
0.21953527733932357,-0.15423704381994793
0.18377307112788907,-0.10870764114429399
0.13502594781641925,-0.059136276445325965
0.075798106597024822,-0.0062228403089287041
0.0056554903883915212,0.027992505650700654
-0.035655834384595922,0.082507253958802568
-0.076882281927255616,0.10304781808925852
-0.10314902785294819,0.14349481160069907
-0.10526549334760915,0.15107619614205781
-0.10969291454171179,0.15578664864722364
-0.10135017759001796,0.12656904029197702
-0.090060659969489268,0.11392994979748389
-0.079948976804752117,0.065962639264139658
-0.077311565671062801,0.019037158422477145
-0.093254447427891754,-0.037439265421117099
-0.1069727907202562,-0.089777101174723789
-0.11605880322693879,-0.14042991453339185
-0.157619413634006,-0.19644307905772132
-0.18515520431792482,-0.24235602674346191
-0.21015234344207084,-0.27328222878414987
-0.22659334593780756,-0.30386284225293264
-0.2235388573026153,-0.30035097241500114
-0.21623587700628571,-0.28092521272462723
-0.1828196605981289,-0.24018431602197754
-0.13749565732895519,-0.18576508830958044
-0.089844861742551158,-0.13050726515965924
-0.022243428911340558,-0.059634145721459551
0.03488952949481193,0.0049420746096970709
0.10536217544274837,0.068262626298633583
0.15365530696931054,0.10561530525164549
0.20584684663339642,0.13987205561104202
0.23556170422271203,0.14760631626773291
0.26555347088203601,0.12616222751066009
0.28327111739028549,0.10055757264402637
0.28906697456001568,0.059346637078397664
0.2830731562531027,0.01653704894852813
0.27469703714445115,-0.024338993507270118
0.2639343831572557,-0.048375247113804018
0.23445384180606035,-0.057750278658255216
0.2277133102677982,-0.054888315853622957
0.22099560282158667,-0.035235461738681945
0.21309475779488171,-0.0015658745430641675
0.20463210199745754,0.052455135824008056
0.19109880117776656,0.097670374572418645
0.17574910154925283,0.14667534267843654
0.1655877120274199,0.18498110939911222
0.13322803109872555,0.21646618118995634
0.09746126254283824,0.22536292883242204
0.07037214288650076,0.22105543016408968
0.040508667041061805,0.20832695588598413
-0.0066847427348706457,0.18419259516192124
-0.036476530880766585,0.15996148797719872
-0.059156725993338953,0.13429093370673054
-0.076029113249329719,0.1014826736933558
-0.06767436119238053,0.1031899551615174
-0.053467525307212944,0.080331845012210926
-0.019270541203223617,0.084753897405821413
0.014603466528889032,0.090205731999964123
0.043593967636388585,0.12004787703855219
0.070344306988553651,0.13092465174119389
0.082683394990437253,0.15124343850874872
0.072935118521278541,0.17798270519822471
0.067509013018598726,0.20902936075921241
0.039512877565234514,0.21387542588203981
-0.018341973851793345,0.23282498046849412
-0.074267218825163156,0.23951583836556489
-0.12443835196721101,0.24638103110003995
-0.17353966306477589,0.25836739085604249
-0.21161080518715444,0.26397335058941823
-0.21128489657942257,0.25930150047102135
-0.21546145271469674,0.26430263002702847
-0.17819226977706157,0.24965723911627921
-0.13197879351243616,0.25081974221804748
-0.060128022466807381,0.23999677581791637
0.01125335627012005,0.23294422714115959
0.096728463773256154,0.22912496621176304
0.17093655508060759,0.21872733133480021
0.2338687683691987,0.20532090568936726
0.2827384962194136,0.20402684377352248
0.30233780970995233,0.19435899172013255
0.30936263808554754,0.17338225417521849
0.29212471522627093,0.16857224188960429
0.25689834741686829,0.16196096321230299
0.21491584955622905,0.16433177851561331
0.15330887647477073,0.15664555984209708
0.093215896276520646,0.16278617900388884
0.034529045697187177,0.17680484924899142
-0.024660357754878168,0.18577293016764065
-0.077709967031277583,0.20932081004608896
-0.10920686290992081,0.22925452457967299
-0.14574328552984542,0.23911320272820313
-0.15108686991791107,0.25515170393836262
-0.15907507403516855,0.2527106892302915
-0.14866971915011831,0.23578029406661727
-0.12388913409594053,0.2095192204428733
-0.083525427732195581,0.1757070229704529
-0.029867143419569107,0.12123247200699334
0.01834791313173759,0.077477390839279389
0.079622117013720267,0.015826779234952557
0.1322045355553266,-0.034207001791719642
0.17021468285840477,-0.067257586316022314
0.20028951840446726,-0.092504291393513183
0.21389434820405664,-0.074252364441385901
0.21009281112392225,-0.040280081932499573
0.17728177577281723,0.021048172157262887
0.12345972880775254,0.075219441466708517
0.064924995100452965,0.13654105655562362
-7.161233148504989e-05,0.2145528948597959
-0.062667726745908023,0.26341473390429421
-0.11981317754592162,0.28264199942624374
-0.15420657940520766,0.30159074566366034
-0.18685892159658138,0.27292902083581611
-0.16998819431730344,0.23222805456143825
-0.14488744826634856,0.1526464263935135
-0.11375470022440717,0.0773385812101514
-0.081853902926857666,-0.017121380958783881
-0.059296818859961298,-0.095442312005488472
-0.04660897810144031,-0.16780267254798747
-0.052764837472310935,-0.22372849180064258
-0.082971123430548896,-0.2551345476914138
-0.14426854099592024,-0.26150094262899631
-0.19888117903841249,-0.2438566089023656
-0.26519915616240552,-0.22417342456042502
-0.31417707276723911,-0.18850624172393873
-0.34197962983927749,-0.15137228802609376
-0.34264538315096554,-0.11364119335347833
-0.3183454901393748,-0.083431014287523392
-0.2571401845265549,-0.078236268395938266
-0.17192767506298942,-0.080041299032921967
-0.071210605260520671,-0.08695583952305358
0.050937572871717837,-0.10422175932182723
0.17305575713206697,-0.12981746256118096
0.2483391629699235,-0.15371559888669525
0.29662231167776848,-0.16348256043672507
0.31542411470920489,-0.19891255585184198
0.29805854134116211,-0.22541569678909476
0.22295661099042238,-0.23607758422550204
0.13718394535713963,-0.243320425890314
0.039128689652752041,-0.2598417164710482
-0.077194125857347154,-0.26392701171665606
-0.17168936164687448,-0.27426151312755892
-0.24759693510767292,-0.28467229889023576
-0.30691022642229254,-0.27263315260461857
-0.32578523808497889,-0.26011191861875449
-0.31409497165939737,-0.25052368936383845
-0.27808026968540001,-0.21984390977469551
-0.21822576697306381,-0.21621041360795112
-0.14130701751446309,-0.19240617445104197
-0.072968489763323943,-0.17774015914640878
0.0014062635086042217,-0.16861601347190505
0.069395915994601112,-0.17150089328685508
0.10956440389089875,-0.18092513603055344
0.13863852885660843,-0.19804611071990741
0.15072022819368144,-0.21462822465851542
0.15239197868491328,-0.23343433409243547
0.15093200613835375,-0.24992987015546422
0.14073334639994267,-0.24338041134104932
0.12784747173834357,-0.23200763021045792
0.10610449504382759,-0.20939990259823671
0.084124126307426383,-0.16401158893852383
0.071863053385514783,-0.1102970697691036
0.054751223245478473,-0.060874510215486809
0.05194035330345511,-0.0017130081458397216
0.058957332979621253,0.060854881863791163
0.058860852771475479,0.10847810077966506
0.078765907556773485,0.12294224248255205
0.096838650259757186,0.13336396325780589
0.13546255721930164,0.12414605098065501
0.18080884592670063,0.088615592242930835
0.21972710724226252,0.03232984570551236
0.26177234202135014,-0.038424954757146149
0.29244279524396116,-0.11031222854349214
0.32704510691206512,-0.18036120978176995
0.32179184624470969,-0.24305610353915807
0.296546396337178,-0.28267975551457475
0.25195299431313012,-0.31498145605749339
0.1819985041223133,-0.32642073064911553
0.096409684281892061,-0.30954091264572264
-0.006005482270871677,-0.29147192537329075
-0.087183682571456422,-0.25200529798969495
-0.17416680226496009,-0.18579640072996667
-0.21898310058432366,-0.14203988050902133
-0.23298755864738999,-0.087605064207000483
-0.22631948064496302,-0.039188617247781631
-0.18121162043066738,0.0093658238806538056
-0.10586144273769557,0.05412278142035553
-0.026481670244899169,0.10158275280491533
0.059653521081201193,0.13304386455383935
0.14643362135308335,0.1706016992448755
0.20708680048767028,0.20135514159355272
0.24176241839599005,0.23239152574469255
0.24258555961568559,0.27158786620566028
0.2236147289643029,0.30066913693862407
0.18026335140720182,0.34191476233044915
0.13633649333667713,0.35667012657128971
0.065373708356495877,0.36350777765422143
0.022130566978964396,0.35656919100969448
-0.0028618669811195981,0.33624004284652825
-0.022288458034711953,0.29487855939267865
0.0017250970240422939,0.22552626961996136
0.04196321045242616,0.16578840855859839
0.10065791798657045,0.07907999537006051
0.17536528051514078,0.0059927712187672899
0.23208206167607076,-0.058477407450034595
0.27594722091729695,-0.099164735332213719
0.30289798680922725,-0.13105259474605344
0.30888239440281717,-0.14334354113903305
0.28650417450566906,-0.11917222026119799
0.2197644325097676,-0.087755419836251625
0.13119582123808504,-0.037235336058299276
0.051625404224168038,0.019868396682768866
-0.057489656189463764,0.091116775029246186
-0.14657239250037579,0.14846902133187659
-0.23199769751086372,0.18963693673348278
-0.28955422226738387,0.21384953296028825
-0.33011968185541263,0.21610483220559326
-0.35449399685684091,0.20673088005936999
-0.35919942807378641,0.17357599363744966
-0.33212966631264434,0.12716262862738953
-0.30410699022189802,0.0726114148914727
-0.2640255365347261,0.015208342174019875
-0.22421389249937473,-0.019797940714322289
-0.16771585845537537,-0.049925980308268093
-0.11979624897510494,-0.078950029270730041
-0.077443875446940827,-0.086494239082028676
-0.038645360054970677,-0.074636793359642975
0.0016891935394039363,-0.061807372555409967
0.041888717504368761,-0.039383375683276219
0.052440039681207806,-0.003807541484722959
0.078434750948686224,0.034529532447788842
0.10204979578795662,0.055449443593047675
0.11843170926155615,0.075346409228852357
0.13296345269207235,0.10557297051021534
0.14438964255390419,0.11324692301212627
0.15310482977447004,0.12988764108462156
0.16675515402700639,0.14528446894887753
0.18598078115222749,0.15652772582669983
0.19251415480718162,0.16331176279727661
0.20025204012315406,0.18461821783086579
0.19883029561524942,0.19865322523653015
0.21336591135692382,0.211699493776038
0.22141519243334432,0.22642280684080787
0.22023613887163304,0.24235124957716167
0.2277872316785606,0.2416745055966128
0.23250457000353938,0.2568925941174669
0.23852070110939605,0.26065582106860036
0.2360905386741427,0.26067068503112512
0.25166976164292848,0.26448051588322424
0.24078104361607322,0.25300594517623781
0.24927775704179128,0.25831269661351969
0.23051291368238916,0.23617856972008985
0.22269879911838739,0.22375583898134641
0.1755325724892299,0.20016848848355454
0.13418685954471088,0.15802188440925277
0.071664588505131868,0.12393379616180186
0.00040572076525547708,0.07025381782902218
-0.092861407305303817,0.017530704443368988
-0.16376781600657137,-0.036042392254864615
-0.23892962872753812,-0.10441205890537589
-0.29592413721444988,-0.16366003497067574
-0.3282251325871775,-0.21759071732973206
-0.33673203838759386,-0.24188897254742844
-0.31266667574742535,-0.27808115101268255
-0.25428774201404403,-0.28980995175958935
-0.15878707958721716,-0.28701702452330596
-0.050538749760881352,-0.28096383339212155
0.054596176908770888,-0.25800056938272814
0.16803002148858867,-0.24127086762256952
0.254003654476956,-0.21903050793065118
0.31888647903016493,-0.19503953941045615
0.32889929850629707,-0.18020746421705935
0.30532422086669436,-0.16928106702983881
0.22744631106622132,-0.16354818824860928
0.13289865468607109,-0.1605643550006586
0.017107242322458343,-0.15908269369179356
-0.10672990335760595,-0.15826705873350227
-0.20985378885827888,-0.17161256985599974
-0.29290149805575461,-0.17679114765804363
-0.32724931414605579,-0.18174752803313129
-0.32672436889813933,-0.18941262397956618
-0.28729882239028753,-0.20718955866549121
-0.20841629410204648,-0.19544632059189357
-0.11820454183982554,-0.19894567007844538
0.0043248200646812344,-0.18369356719677085
0.10198990580189096,-0.1787588924670292
0.19911707207528168,-0.15277828293065812
0.25389043953329571,-0.11944443923151626
0.28371184150848922,-0.090823156274582276
0.2766277974195972,-0.05745123085173013
0.24388402007666948,-0.029958857066928676
0.19122372601728332,0.01603301988308722
0.14036664161993517,0.041031382745592586
0.095488004047256339,0.059735033401051116
0.070026911409041548,0.064241129195579894
0.065086492045313846,0.052397637205724143
0.074420885863683686,0.035490371831703241
0.10416288985340494,-0.0086577797865442854
0.15573552970061966,-0.045791606391632475
0.20879348214383642,-0.095407680311791004
0.26277573251635722,-0.13804358446687048
0.3100631293145803,-0.1770565551542779
0.32404873620491625,-0.20617586427083109
0.31089750699788349,-0.20863570666062006
0.27497331147790843,-0.20149271581329642
0.22012648604781532,-0.16489881922107733
0.13151031030742896,-0.12238282973222671
0.053122666312277668,-0.077956956298330424
-0.035241295194649011,-0.013773367828684827
-0.11710978196986781,0.047306857742421583
-0.17984839955434362,0.098229713998764054
-0.22066075051739087,0.13387157787990925
-0.24406311763808727,0.16274064191501716
-0.23270418264552811,0.18176721807144383
-0.21373282969596585,0.17338900966125123
-0.16502358750427806,0.18340407827034813
-0.10751881948863258,0.17648027348342255
-0.05108016522753895,0.16766033969629915
0.017161328094924808,0.16637843935185101
0.064312243435458549,0.16712057358148047
0.10957786623974522,0.17378255678933058
0.15085991594178286,0.18846947785219639
0.17189007816210178,0.19814208814625789
0.18894622072872763,0.22223298501935132
0.19802483899255563,0.23240710015659433
0.22608750257442067,0.23571041784167976
0.22764822439391297,0.22673325367617345
0.2486928464886336,0.2053233665541267
0.25289059220072485,0.16826670512615688
0.25411168537541201,0.12177274012152235
0.27061645311307392,0.080589252852714857
0.27871028807902859,0.0045453090065637556
0.27024401764811534,-0.052364324142529291
0.26138546062356655,-0.10915749582928373
0.23841065755593893,-0.16120758230656376
0.21042138302517827,-0.19982548770063394
0.1691509842045554,-0.23801772956792824
0.11096951450063942,-0.2483633624722886
0.067310743750533822,-0.2569186204353362
0.0041368874524244561,-0.25522883390441886
-0.043520086569110085,-0.23460097697419779
-0.090294382286766214,-0.23028959933222726
-0.11670562361363943,-0.20227752714210906
-0.12820860162550485,-0.17659938270154982
-0.12161567025647624,-0.15577572986101157
-0.12135488895822867,-0.12616696572968891
-0.1093168788966896,-0.11357139238634641
-0.072081243826552413,-0.083671974058271856
-0.039676488576174694,-0.057512837191130366
0.0026619120128355614,-0.032652209719193401
0.03216171018514459,-0.0012613554404304677
0.0565356751297168,0.030611727431904705
0.072268070610451818,0.057636560951449978
0.087827713786762629,0.097516661147744113
0.086819073610156047,0.12994165105489044
0.089817091014135306,0.14742115237067938
0.081269872571811397,0.17475187230063299
0.081654386285600067,0.19107919369413673
0.084222714444513236,0.20290561899169171
0.10002615917426283,0.19466616927060437
0.098176854090241447,0.1914608670726646
0.12677957302321624,0.17155758923168066
0.14147858356385853,0.15224955213689478
0.15711211651885054,0.12649729212155017
0.16641543135982736,0.095708880854751543
0.16574754141244377,0.062315827566463214
0.16126378584673678,0.038458780913687825
0.12518601784911734,0.023140301700147213
0.1017999529165428,0.020990721453941187
0.037630868426391954,0.018482741660966868
-0.021716450302007057,0.028467901491768397
-0.082936561148723845,0.031868820492605907
-0.15137102610750255,0.03155435567854771
-0.21392156189497682,0.037597402821218991
-0.25809567171216535,0.044435657270107884
-0.28582284120926671,0.046581000787034865
-0.29683278281238484,0.040344830509379988
-0.29720378359787419,0.03931279264906512
-0.28183113278077188,0.020523016970762635
-0.25856475200890067,0.0077526513028938447
-0.23607025540059653,-0.01236507031737754
-0.19928083650491943,-0.025771668195118065
-0.17635014041652874,-0.043841524604386985
-0.16322307982940507,-0.05243883848178265
-0.15422630384470748,-0.058918380115809341
-0.1690840919551698,-0.064490810617267552
-0.18516144738107507,-0.060951082189520556
-0.20637243473163722,-0.058401494045515541
-0.22701447956294138,-0.057558697094567783
-0.26537469236287586,-0.069456562997640678
-0.2756674213253214,-0.067605501157893294
-0.28129333596228967,-0.082834584331646921
-0.28654643762914567,-0.10712759381910404
-0.27672406098981284,-0.15973287918888454
-0.26940819550185457,-0.18059647055236608
-0.25854764368556438,-0.22029942252480053
-0.23849483141331271,-0.25444161552831951
-0.24059949261257163,-0.27888097382927801
-0.23217086561694447,-0.29575497189917627
-0.24003981623545242,-0.29074841167188481
-0.2554704389151054,-0.27699359727542672
-0.27609463402412604,-0.24081868176588545
-0.29806019746838236,-0.20726056959729147
-0.31742535836114633,-0.17162547025815972
-0.33218611729603797,-0.12642864819875962
-0.32453662960415525,-0.097585722984503492
-0.30648401129882252,-0.080094814286029437
-0.27773753841747284,-0.080580437096614804
-0.2253472497528628,-0.10331844793672133
-0.16889272329940547,-0.12771725913368995
-0.07982393619537563,-0.16468214807197973
-0.019487873552566693,-0.19783472240807229
0.055781158815060475,-0.22672452283030445
0.12361109631407836,-0.24115341116193137
0.20102519450372261,-0.23642820262709854
0.25307910141108669,-0.21473395060305669
0.29873905852727056,-0.16930289928298822
0.33702684551329432,-0.10831029030465038
0.37147430794188724,-0.023896318036402825
0.39356416554475881,0.056904338933709525
0.38782046959211885,0.12537869656514697
0.37099231232516178,0.20300652896941807
0.33980479985221601,0.25219477115566807
0.28167556569695612,0.28208097401526316
0.22282106224188203,0.29147125792313744
0.15605490966645999,0.26282841151074188
0.088183527509233181,0.21999713701203905
0.021812777487491879,0.16910922901551267
-0.036860772399858091,0.10416237903928798
-0.081638358414238402,0.033022614371368837
-0.093644774449674728,-0.046459672617282011
-0.075420943457365525,-0.1114759318570282
-0.03988730871180346,-0.18527781460207832
0.027333677062595173,-0.23198326643329562
0.095615792309227801,-0.25787384736016394
0.18073497844977882,-0.28830425169830248
0.25675744838641301,-0.28615129821606933
0.31004284840380508,-0.28272858477107865
0.32381169215546118,-0.25159220379495451
0.3169139385157454,-0.19939124083193208
0.2583786149015917,-0.14381799991844044
0.17997250865871087,-0.070240684572653686
0.078702304790917846,0.019952089426810302
-0.02597168835104996,0.092745844076370654
-0.13496874530726932,0.14881117475069502
-0.22845748897188381,0.20199434387057147
-0.2895265111044445,0.21665493290518872
-0.30502883372712702,0.21636491631028926
-0.29385748921161725,0.18638738713474745
-0.24401306396701311,0.13617744445136445
-0.14916282065751832,0.051675427827532858
-0.050640858542215485,-0.016478622526684927
0.064471257725993325,-0.098286487355788654
0.16186340794277621,-0.15875085331435684
0.24568881952047117,-0.20462318848901093
0.3014163908035285,-0.21712931506667008
0.32418979641581047,-0.21217661665071486
0.31921678856178221,-0.17903980795345339
0.26777169576047744,-0.1089897988308844
0.20394069969214765,-0.044729104990072717
0.12138326902223789,0.040040322479912877
0.027905939275045439,0.12549980698843799
-0.056480303792295385,0.18314789018095615
-0.1343903182171714,0.22312965920108679
-0.19733422513494817,0.23313288142393079
-0.25503252808138066,0.21040184697738404
-0.28072165420122169,0.17674876637437154
-0.31664815711494904,0.1179579604018659
-0.30115844381109819,0.048605385339679695
-0.26998580295912766,-0.024046589784281855
-0.23238960025393263,-0.075939548243717597
-0.18238911678942743,-0.14170313013027186
-0.12469449664148438,-0.17543875570184397
-0.048355264449056842,-0.21222271119291392
0.021790060435796132,-0.21089028457353121
0.1009854460935499,-0.22135363079100406
0.15907643364132534,-0.21784083220277692
0.20816779486445439,-0.20219984282086487
0.25505885724868549,-0.19431854514999991
0.26690250975230417,-0.17849995918639386
0.27022229308509849,-0.17423977728951703
0.24693405978889235,-0.15647892672616481
0.20819569707655519,-0.1499567514409757
0.16119831509125196,-0.13740578499368725
0.10963272008320633,-0.14259102014368225
0.05234315245353121,-0.15010679365121332
-0.01244846458058434,-0.16496480023838719
-0.049831253436952411,-0.18540476977582374
-0.075772043410787679,-0.20816070398461495
-0.089586819841641463,-0.2279202932231833
-0.090847736488382846,-0.2616401916895868
-0.069699082096204845,-0.28435283273118234
-0.049023291077142241,-0.30964306515726137
-0.020386368121441508,-0.29479975699134403
0.016274520248629316,-0.28881369367945908
0.055328012377707535,-0.27179422934791919
0.077913295730411447,-0.23681712394046311
0.089454291543907244,-0.18647058063369443
0.1064916859509412,-0.12807180606508209
0.10184819682968338,-0.062989104666782383
0.098059781863675768,-0.012978056152590444
0.087514065999158661,0.036256941534821667
0.065779076223935362,0.087435832493992172
0.04648177159284584,0.11153265039516887
0.00029829042474574172,0.12959647982956632
-0.036986032676842202,0.13074844285986242
-0.071234005703177353,0.11887822850053843
-0.11259901130384464,0.090265338066777029
-0.14576223878640338,0.057016998028018503
-0.17332668704246906,0.00067786194281675097
-0.19149940253468636,-0.046881542623262273
-0.1934552944229479,-0.10729732405151735
-0.20326885173978504,-0.16037445080830057
-0.18230098874993919,-0.20676578737441864
-0.15241201026090301,-0.24913486105093041
-0.12212074605350082,-0.27867593870716334
-0.081805673264559745,-0.29357303437708626
-0.060869228890345108,-0.2889701087722768
-0.034850690316266114,-0.2594710010703693
-0.01848825957047915,-0.20690086179630049
-0.024238170116091352,-0.14713793364877056
-0.034742166819799213,-0.055646058240762422
-0.047184050066315104,0.024165969000422845
-0.066877195094400155,0.11800078292614394
-0.079223380515726999,0.20059407477006319
-0.10324221145304817,0.26084992504483256
-0.11380437102044078,0.28881029913085005
-0.1205746419442789,0.29026521147444939
-0.11898988545250196,0.26804012788119475
-0.10967080575178989,0.21352626992861518
-0.086214707623276446,0.13902125838998769
-0.057526181861179325,0.040956974007161272
-0.038977860800840779,-0.039749870803861526
-0.0076378498946663466,-0.12092309317072786
0.0053530167510564605,-0.18784172757624701
0.036928702977083366,-0.22534911364167501
0.054475773323566491,-0.23294879628938048
0.068747038030525745,-0.21503443631937849
0.073918288147538633,-0.16844635145083264
0.0654491828879952,-0.095430191446816734
0.059192095379899293,-0.032761442745054548
0.041804181453182362,0.044420787542157621
0.01485184212865311,0.10494344449783662
-0.027142343738450678,0.16249967994053324
-0.05848928952579701,0.17540754313830997
-0.11481611655032584,0.18007245098562646
-0.15525224134648574,0.15668301500719559
-0.19848016496657264,0.11621344221843977
-0.23118624837271232,0.067169367955145373
-0.24228547100370723,0.026562673990199383
-0.24208484990552082,-0.026576347284486875
-0.20118101694370619,-0.067582170434958899
-0.1671511840399581,-0.099224190579560945
-0.1058115702137218,-0.11270640380295513
-0.022999698337850611,-0.12177053367466721
0.064962878333039611,-0.12420519846440063
0.1419986135233044,-0.11409316563554527
0.20141456304620078,-0.10287240451562207
0.25307276288254316,-0.099493599458830712
0.28340216105645238,-0.080122321020749288
0.29018699489057048,-0.083177487906894262
0.27383736004480691,-0.075401258711453159
0.25137172958033804,-0.06774353870553261
0.2002034936418122,-0.063239056802991717
0.16004822213950071,-0.048136648068400512
0.10389830073910192,-0.033341652657427549
0.052859712929808081,-0.0086264546418570974
0.020576873718853757,0.021913721440874667
0.0027298123057156272,0.056756927577814628
0.0059912030364924207,0.1043663348049638
0.0088950692386290421,0.13845839628125367
0.033558728471522942,0.18851940694831915
0.069046190840336932,0.21453532741665321
0.10808730039682837,0.24865537707535196
0.14815181302348182,0.27028569677052366
0.18851348849654137,0.28016699026280162
0.22382063148245396,0.26989060460316056
0.26354050146983687,0.26255892674320236
0.28585841772406739,0.24462835606627514
0.29760639353387286,0.21707565660960149
0.30414535333220272,0.19147774555749245
0.27547263625926921,0.15693266930270122
0.24162468089018288,0.13327653806763753
0.2063146138990348,0.1049708989501152
0.1498489772709323,0.088931966413093297
0.066174976758975851,0.064060067666942083
-0.013485791155121161,0.040682221487494181
-0.093121886291983078,0.021193731655054643
-0.17000702281033001,0.014453377736718882
-0.23230539394732527,-0.0046488897824717617
-0.27435439323347166,-0.021880295722086947
-0.28938606734231148,-0.029570000156924337
-0.27955844444542266,-0.046932772828032383
-0.26574075423598059,-0.061669272353242266
-0.214148111826864,-0.065303320588959574
-0.16336227365477818,-0.066575553930693643
-0.10817516989591908,-0.079056849582273131
-0.057384309519903497,-0.062136252393364885
-0.027923190075754771,-0.057662700132593031
-0.0087268282835058809,-0.04074618063235922
-0.01732572393133423,-0.023318344211649356
-0.051190564043021691,0.031789584208670563
-0.084812223229117245,0.05161447575547741
-0.13158453776846321,0.10053518185544442
-0.18023764871402789,0.15277307371975724
-0.23049707951269582,0.18033585622352996
-0.25658952932638057,0.22561451635653262
-0.28504962078929508,0.26075220122361542
-0.2677483000899043,0.30093825955185521
-0.25046592785452043,0.31588091919526801
-0.21166787540748555,0.33865736346136982
-0.1697933693996726,0.34368761536988746
-0.10950470299280338,0.33225369408646505
-0.038850032600907226,0.32658802159872047
0.037140638080413145,0.2955592627106845
0.10837103584787032,0.26277370571213504
0.18273771325808663,0.21647103105793911
0.23651239397613572,0.17689785502151276
0.29133098664659746,0.11951429714029949
0.33128451248018381,0.062722751863095477
0.3658107017304823,0.020199098859859051
0.353856720970607,-0.028390104035313238
0.33210208313666184,-0.075487104865615648
0.28181294817391611,-0.1162448844964022
0.22744903911642533,-0.14612568669528742
0.14077191430606228,-0.16544262268921736
0.049522970498266761,-0.18100872791652484
-0.037714376748764995,-0.18385748060887852
-0.12556792615497614,-0.17022270214108345
-0.19354627203627711,-0.15041990796140081
-0.22766766140073835,-0.13022126256622035
-0.22826958869006791,-0.11147278733958134
-0.20167597884688906,-0.091275056303840363
-0.1410894746931369,-0.057811069396864458
-0.053191719195020797,-0.032524500433572419
0.049571401905320216,-0.0064523633275132674
0.14281947883404916,0.022087510880168415
0.23205616839847579,0.040252502426775028
0.29553024691336938,0.043307295152680725
0.31373030616162256,0.044958649319051934
0.31085743950515865,0.035973094857367147
0.27116227472969678,0.016675143790289129
0.20347889905628239,0.0066662009628866079
0.11060405700661338,-0.02032306160489334
0.021553003645260631,-0.045802541378869174
-0.064109709778204585,-0.074914767278964969
-0.13209011222175546,-0.10235547357774066
-0.16297479698833531,-0.1196315338447166
-0.16605742570687901,-0.140742986643901
-0.14772915878698092,-0.15067270897658464
-0.096146884012762765,-0.16171221307167896
-0.034149923925445788,-0.16962528949254313
0.035228609172016076,-0.16795505843500666
0.10012487258167951,-0.1690000572945333
0.14067956135456122,-0.16931407147581168
0.16213326224925573,-0.17736117598601892
0.15312027950199264,-0.17477601657930886
0.11705812378461024,-0.19448277399725403
0.061851349053210151,-0.19451369558926715
-0.018369881760152942,-0.1948842032517851
-0.098568570012618997,-0.19298193231768571
-0.17963992559965614,-0.18002532136338817
-0.24593977054144042,-0.15211418241825639
-0.30249888615385523,-0.12797038876108768
-0.34449509924747995,-0.083307835745321246
-0.3544689942446847,-0.024335624390817802
-0.35325508007945672,0.028126026799837993
-0.33683056725542471,0.096295031890891503
-0.30871098715128725,0.1426553251684452
-0.2780306303877238,0.19577744411728742
-0.25622559324118394,0.23575724291898631
-0.22981604601761399,0.25951090769105339
-0.2258475275885716,0.27811467683117969
-0.22134526253550865,0.3037291294876317
-0.2123911866749123,0.29703455387662281
-0.21865164429943346,0.28996651214218816
-0.22178553091851461,0.27686892797904683
-0.22498292547314463,0.25937185264790236
-0.22156681957764898,0.2332511751121393
-0.21771837551909862,0.19636426763698045
-0.19264582546266279,0.16143767978634038
-0.18234119805209462,0.12216335340727587
-0.17638825204223388,0.093422460492812304
-0.16260362870014017,0.061430339881212062
-0.14990318714610493,0.027471458973916354
-0.13541118395286558,0.0051271030799848625
-0.14761242471117145,0.0065105848764827117
-0.16801562012892454,0.014337704338389176
-0.19071496715551825,0.035635458501314943
-0.22042344010537893,0.054135737192053779
-0.25388253873083366,0.096586976845894859
-0.29080689069225268,0.12730105078699697
-0.3112799121920316,0.16399842255694469
-0.31028824997244103,0.17116749025764749
-0.29508228633584799,0.17027085753603927
-0.28605089850023352,0.15167179620636975
-0.23411767684587448,0.10462151552434397
-0.17849297293692629,0.043132303805855428
-0.1287914120944457,-0.029278519057230019
-0.059553920781456632,-0.099725156552610356
-0.0032868399596751889,-0.158196282359235
0.055511565611700925,-0.22124739295336165
0.094669177001952834,-0.23405143919215074
0.12144743565327619,-0.2338473704001415
0.13165567174435511,-0.19647953087838074
0.12444747621310252,-0.13326935956216895
0.1128164332748523,-0.045088167287717848
0.089377236592129275,0.044238598643055106
0.055838496410329952,0.13796033835887772
0.023836205155884041,0.2281636369732053
-0.013174827063118762,0.2855034964739594
-0.039019942531717713,0.31370120908068344
-0.05933746413574606,0.30294470702641363
-0.069005541574314461,0.26750317473792445
-0.066094117769679772,0.20551765655589324
-0.05541987777655237,0.1193222472632145
-0.020881800099792791,0.017028943495731027
0.0093257152646583717,-0.060353273829594156
0.058137933132090293,-0.12114791823988626
0.10353311437871782,-0.1619569330021248
0.1593778070385832,-0.17021154034783653
0.208329263365303,-0.15494548063207525
0.26503280807297341,-0.11870951141136676
0.30549598973763969,-0.055700553349691997
0.33112598660807624,0.02473917437172915
0.33744747077114062,0.068319066371471282
0.32239660153449695,0.12733635194226761
0.27182851320461932,0.1669087057614104
0.21886194681280197,0.17348229797174608
0.13943014485973532,0.17472933309686156
0.059369287060851102,0.14335197117248513
-0.048224918482199057,0.10623170193233941
-0.12089029269008586,0.067644283918911932
-0.20087873364621997,0.025052772858227837
-0.24862107968432762,-0.0057298269182141266
-0.27828346727797815,-0.01549264175510209
-0.28380445828217671,-0.0048094930283861144
-0.25428398916279948,0.02568818230327588
-0.1994922780571235,0.070333519377811737
-0.13906488059755701,0.11054566814493483
-0.053603127471941417,0.15152837198081606
0.019440065726334457,0.20202814815483025
0.1134398409152312,0.22317335306613398
0.19335187955487698,0.22571639197423149
0.25817358976822435,0.22416936325846257
0.30906460954654036,0.19710842098246484
0.35187553148013911,0.16322900203096172
0.36679654784037041,0.13641182937977903
0.36982757272770339,0.096876820598879337
0.35863534809040754,0.071237025075215968
0.31967647071055399,0.066329664886514428
0.2692413497699695,0.077182803039991602
0.21956050575034358,0.10276560426857266
0.14787359206066147,0.13757186565430268
0.079830396735861814,0.18531041749485974
0.032475531367878445,0.23136851844640796
-0.022513458909728248,0.27589388212500277
-0.053527674473053059,0.3029953285386599
-0.0620187492018981,0.3126800022616017
-0.052489546902271915,0.30779716728284529
-0.023896864107306581,0.25593119113172369
0.028140529289934213,0.1950807450391662
0.096181060127108448,0.12611403491544587
0.15047418815115257,0.026895876306298593
0.20965524728505688,-0.054820913495880953
0.25761394212203048,-0.1298429271661205
0.28497739598122851,-0.18953122091416122
0.2856792353296444,-0.22069374895672775
0.26399014458636727,-0.23230812898832831
0.20782557093154183,-0.21319162035140043
0.14320610432112302,-0.19034834937569553
0.052955395756045777,-0.14245901639116879
-0.052665013156537911,-0.086961984836849887
-0.14967485829656144,-0.025690339268991846
-0.21994531323193894,0.010996738501901672
-0.29657397460065016,0.057863460504809373
-0.32430404452983191,0.086786413821577341
-0.34778654244884999,0.10619188967102897
-0.32650457309703762,0.097365792975567231
-0.27817928389216623,0.092145369908563271
-0.22180532512473514,0.073357893684937434
-0.15682366983998092,0.049376903770920764
-0.08137210442534322,0.033285104812471614
-0.01205071705555209,0.029725096410381961
0.057034392200603252,0.016246969654964336
0.10765645032261965,0.026678628414215064
0.15878093515836647,0.022247909138095434
0.19397744953719218,0.035847573804741337
0.20890686431748223,0.057473308468055359
0.23088134977930386,0.072055780870030978
0.22873640024769723,0.091489895850598524
0.23268307766724458,0.11198984457029311
0.2248778906065966,0.13828245234568767
0.22745407167887588,0.155549994662944
0.21142560356856693,0.16197768176585181
0.18588723069896021,0.17850318370611062
0.14608543007000005,0.17800327289054382
0.099705510925418919,0.16215532047969508
0.038469529834666186,0.14083627136919544
-0.0070305350912103683,0.12367447110527252
-0.085186410317384761,0.082907138781929568
-0.15100628483913286,0.028158505006966379
-0.20898280718031159,-0.027316096826012749
-0.26657366882904843,-0.084176630514037301
-0.30029865944843775,-0.14721437981706595
-0.3236359444777645,-0.19714411893372508
-0.31250819013331854,-0.24894134913685448
-0.28062011019456978,-0.28239954247372773
-0.24667763201518647,-0.29655579675486926
-0.17481774143341069,-0.29812076580178265
-0.10505312095616896,-0.29528566817389973
-0.040446852034718254,-0.26119939163309536
0.037777911941560903,-0.24561586957887593
0.080656063477470008,-0.20642806735022826
0.12350297116386391,-0.18872052211006565
0.13497800512601243,-0.16870300240914743
0.12731794985100617,-0.15654709703672601
0.088633212612897541,-0.14743037523365102
0.035760969850548843,-0.14555931340978126
-0.024756511909576746,-0.1466242590033679
-0.10313763937406874,-0.15818608960581906
-0.16922077647603334,-0.15823637560885079
-0.22946544873356925,-0.15547430513126781
-0.28972001158001093,-0.13594606618963953
-0.31363695258529894,-0.11165992765086681
-0.32958154529536576,-0.085153001369584078
-0.32187110786662032,-0.041529428304489691
-0.29012912435848381,-0.0024034757265232864
-0.25680572299842253,0.029537457710897642
-0.19966571551275539,0.051447941398696996
-0.1471430850956881,0.07396309260884093
-0.09969565297479302,0.066825614017126417
-0.044700516066526842,0.036856835337901829
0.001616235551251367,0.014074256028878422
0.043473949249428753,-0.030899464200725344
0.073705413379884954,-0.086262886144980219
0.10760356225653042,-0.13406301100710899
0.1352724809470553,-0.17154442548565976
0.16420800621883497,-0.1965515562377847
0.18243800388986359,-0.21722345284941738
0.19773043739105395,-0.21508654690155943
0.21633969693160446,-0.19768855488616335
0.21808173171503836,-0.17344029323126012
0.2178466572247256,-0.1358160020554719
0.22048945703009121,-0.093377076013203095
0.21013322057154454,-0.054442730633855081
0.18609737841699966,-0.035490547371773914
0.19116342815267409,-0.006472760807894007
0.16397860824567526,-0.0024518028927703822
0.15347758501324407,-0.014266128561787992
0.13116869357311556,-0.026907065639474884
0.12191301835209263,-0.035326798532626207
0.11480717057104753,-0.056262117359660226
0.094575733457378588,-0.064346721556601372
0.077430226567426763,-0.075215780827251291
0.052459063172809586,-0.056170829439865164
0.022325776430910806,-0.039725593715243583
-0.0064647986457355968,-0.0094698687048508715
-0.034799198315400758,0.028359734913288876
-0.058500300612210995,0.080928060545187502
-0.087125084644360598,0.12858805839449147
-0.079304286492307752,0.15809880105845145
-0.079683396951529969,0.18701401101235807
-0.059255444029291948,0.21592212905325558
-0.018370099587065258,0.22109016113999219
0.021571697623673645,0.20706976331610416
0.078140851876695339,0.1906168978584302
0.13849331957715802,0.16426356676515957
0.19914122249397001,0.14452004704042978
0.23949100102347684,0.12536565149466286
0.28036164963008342,0.10039481868913687
0.28616905854109104,0.093245266278296296
0.27203084554686002,0.091504977504318005
0.2602898096163887,0.10261287013550691
0.21766192508706658,0.13321886459372106
0.18065058366398948,0.15876276234090519
0.12770380040934018,0.1916217231209093
0.092336086082243626,0.22496842042765169
0.046465815764406448,0.26465651951127861
0.024302976707143611,0.27901550435496053
0.003534810196996605,0.3031548512913676
-0.0095420964406230623,0.31028374462179309
5.7938695819899529e-05,0.30629028956289273
-0.0010665540910673142,0.30097141796537447
0.025419105752613018,0.29101924957909264
0.03393069023803795,0.26320208400226996
0.04453126256887905,0.25571491909444993
0.053216537328573503,0.23990054623522708
0.051612678537411,0.22699611857659879
0.04054790179443353,0.21582884269607042
0.026848438835120947,0.21176221115517702
0.0078835186152980373,0.19365420573433065
-0.0037683543735123918,0.17524671804603206
-0.025567891105665472,0.1440864388639097
-0.035873199809455025,0.11153003877693787
-0.041072071020371387,0.06013502204083631
-0.045021892154275718,0.014283324505561055
-0.039338034064684474,-0.056018724754582847
-0.020066625446566191,-0.11033044013000255
-0.0024561277351876337,-0.16731768424143495
0.01746417608820626,-0.20755100588254213
0.036414730002827717,-0.23600846912322268
0.075640480002064331,-0.23750657221378277
0.11654574233367211,-0.22765927157286853
0.14343946335858207,-0.17697193769798239
0.1853268628220216,-0.10994373253411188
0.21030137952061434,-0.044283476467136096
0.24682358409556057,0.021648485305882911
0.27020514743045804,0.099235283129229662
0.2719301527025878,0.15888229677537319
0.2711766854310112,0.20592790011594134
0.2639869192891563,0.2206764361142208
0.24855245172139517,0.20446995912555868
0.21140189764437597,0.17242488409945997
0.18450288633375936,0.11619123067403266
0.13840599956221361,0.049337982672330249
0.085526795429799365,-0.025769750507065887
0.038744039366212762,-0.11460117962231045
0.0034625559621347148,-0.16871961271985059
-0.042587027635280314,-0.20526622655093818
-0.07931188346284393,-0.23474518660705043
-0.10721706152855441,-0.25315233369020229
-0.10870444502095954,-0.23632662890351003
-0.12325563862660158,-0.22231700451097061
-0.12083422562212301,-0.19167927301017579
-0.11086149953017595,-0.16224927118511806
-0.11999689464715552,-0.12826951066957942
-0.10879181302537791,-0.093174331003845284
-0.10545927933211779,-0.067572591020938322
-0.094969507347080068,-0.05476215067131026
-0.095067091375843946,-0.054130338871404268
-0.094467716801773266,-0.041079417821602564
-0.10486574973357217,-0.039993053010007731
-0.10249605455675284,-0.042282280577958936
-0.11477894423888242,-0.048363489281553193
-0.11363273670210237,-0.046848803397980997
-0.11663535896146841,-0.030211134711080122
-0.12956323279362381,-0.035356564581970416
-0.14397473141621883,-0.032993520115706991
-0.15021887238281029,-0.023457541327910371
-0.15901629759249525,-0.016865968055728771
-0.16483422145318832,-0.014185660630361231
-0.18778507878942585,0.021893680636203908
-0.20207211018056084,0.026680566220604742
-0.1978582728031448,0.046099092772358338
-0.19711191623684479,0.069146922924265122
-0.19172648887934066,0.11162697053070371
-0.17795148725035395,0.13163891651214049
-0.16690023865510811,0.14578902900018911
-0.14323875184788273,0.15541175870923082
-0.1163590722938392,0.16218211323120696
-0.098956528443277333,0.14515143771181549
-0.073525516246685463,0.11003089075794899
-0.046021471882493295,0.063853748890815049
-0.041926846504187376,0.01001818803725919
-0.026683004343850701,-0.043812765442518151
-0.00016982716418247588,-0.085839842055643434
0.019216563778363609,-0.13270981712326027
0.052605096560801402,-0.14908887253328276
0.079904685349618573,-0.15682363116830961
0.1242779514496667,-0.12934532510212299
0.16359872087296418,-0.081683798087422904
0.20992141810127812,-0.02774610550113734
0.25019710279721291,0.039449718326919916
0.27105075711593801,0.092305406747576951
0.2748083993574944,0.13221012850622041
0.25945658649680958,0.16195006741175513
0.23023317597963663,0.16095961831610733
0.17198124074611015,0.12882110757853585
0.10124866030617589,0.08632401248961713
0.014223323811250979,0.00096689560354372818
-0.076384164421387818,-0.080097783261620495
-0.15364234055269516,-0.17104526906651185
-0.22270923357054476,-0.2390506196958567
-0.25252258372883801,-0.29577002586848888
-0.24029412521747917,-0.31498687049719581
-0.20351371554380482,-0.31595796205252696
-0.13660041343338353,-0.26986236704235983
-0.058737255794775872,-0.2036095930045933
0.039638058895320349,-0.12960535930886052
0.13284395871220356,-0.045310301915492082
0.19903635191409655,0.022232790484990807
0.23505751561057625,0.068608800006739093
0.23570672344741275,0.097639468109046404
0.21098469427538497,0.091448077054101837
0.15760595827551502,0.062207937363772364
0.064948938461669881,0.0054758802357295936
-0.045888012268904932,-0.062941910043189261
-0.14743616222146264,-0.14656228849285113
-0.23617147914770481,-0.20443236897406325
-0.29362200755165768,-0.2446215157094607
-0.32070274973111429,-0.25237712613507857
-0.30791653253337858,-0.23469946562327751
-0.26065421687393836,-0.19711615885978453
-0.17201112895540249,-0.12471453215857969
-0.074029932065504067,-0.051160288891770739
0.023585387628772013,0.021151893643822792
0.12009523864265967,0.072117105796664208
0.19576650218925123,0.10865569135396054
0.24660202494704039,0.10518662455165449
0.25371905292256725,0.074767584323585989
0.22544296480596235,0.010954891134331884
0.16606084805305918,-0.073068579871963066
0.099684474457789579,-0.15282456146035253
-0.0093355584063744036,-0.24035628535336062
-0.08727822544342137,-0.30013508357160673
-0.16713294419507427,-0.33172137523189327
-0.23765319395417545,-0.3336420333311938
-0.28213572530123243,-0.28156916909128016
-0.30518411639796711,-0.20866169357866124
-0.31391726422436295,-0.10377409473280588
-0.30545748851549748,0.012890631570052853
-0.28131314489358189,0.1307439518646577
-0.26945944600649541,0.23188498418474163
-0.24473603672858324,0.30481165025976231
-0.22472488542391933,0.34056448824071595
-0.21336866679026142,0.3127546015001314
-0.22153671788873958,0.26384420010058413
-0.22497816434182807,0.17897750606400875
-0.2367498301786195,0.064664355818323985
-0.24406038624197524,-0.042520643387414403
-0.23866477278149456,-0.17099300337281784
-0.23640184996413369,-0.26069943794729727
-0.22323340348126464,-0.33499406606853477
-0.20110415929710332,-0.36266957673601691
-0.16078808316660165,-0.36472301038863414
-0.12352838263019436,-0.33465170423954882
-0.083146220173534166,-0.29995665076180816
-0.053294053687968156,-0.23846834394402583
-0.023937660963424683,-0.19415399007745751
-0.0017570302167214946,-0.15253589505620291
-0.0075872633648486976,-0.13153001985391058
-0.015819347998383484,-0.13247425650863845
-0.040969944025346719,-0.14752370082089861
-0.06529890290039142,-0.17998951696772603
-0.084943674863081867,-0.21061733198644947
-0.10187424154936474,-0.23982549610466433
-0.11374724710762983,-0.25742615784645007
-0.098919683398053265,-0.26314040812080325
-0.074925306130175062,-0.2422860929768276
-0.020046197209962896,-0.18330367809580986
0.035690307162060862,-0.10790340414384819
0.11071119998813185,-0.040273722426645321
0.17429113949124772,0.053900232799976744
0.23642032573986316,0.14289255749914775
0.27819390013029893,0.2120723804036708
0.30302235450995268,0.2702569066649273
0.29640632475330664,0.29853799396920061
0.26897297735990972,0.29905856663119429
0.20845035465422734,0.28464571529403682
0.15776466623553065,0.23844447755114725
0.084546502446229466,0.18379219444843534
0.0068784125416599309,0.1172197394355964
-0.06112595278230798,0.053230459136259858
-0.10682225551943782,-0.017160809476136657
-0.13948236918485712,-0.06540472020143645
-0.14060956346134909,-0.10772314044146744
-0.11654899115274375,-0.13311078058007303
-0.085284524913536178,-0.14596521800756707
-0.019573132720676727,-0.14025407289972994
0.034461134139849255,-0.13721405807883544
0.097434196763112602,-0.12286044398521663
0.14718296254507987,-0.10656810832147071
0.19951592374122878,-0.094449703357137094
0.23168495622587157,-0.08186295410530664
0.24573777350928036,-0.076051713670464677
0.25220962282131471,-0.058939809439515725
0.23694016007116558,-0.036592210833167618
0.21100944247883355,-0.035197501870391543
0.16252535148298075,-0.01868033812555257
0.10133068150235332,-0.001357288298437777
0.05222136200895771,0.020147254677950387
-0.017741853171051401,0.044289519088896639
-0.079929798648755712,0.075564577065462366
-0.16358070185799845,0.09799890711041416
-0.22142505660106954,0.12520720273576763
-0.2684697853828833,0.13989442842214256
-0.29210771108857764,0.14991885715258541
-0.3096392863321214,0.15362130238427021
-0.2891680429199433,0.13142653011972311
-0.2410313506920414,0.098238947154584505
-0.18669183604779024,0.062322720154912109
-0.11248328752277724,0.022145955453818957
-0.029193122199260835,-0.030030007535509454
0.063362504187018637,-0.063975862669066283
0.13239358040814772,-0.095112376098909462
0.19502553675302642,-0.12487241608942294
0.22215775932132245,-0.13392006139746399
0.23318136703908696,-0.12478002287840582
0.21798707767522976,-0.1246270112680519
0.17813804515851633,-0.085581941524012578
0.12063281661339863,-0.061761723743028678
0.077092592114386044,-0.028074919450382166
0.027960333997576258,0.0030780510523993549
0.0085113024889171118,0.035281052184461238
-0.0075677894866528301,0.057341324480772782
0.0077040145268993049,0.076209102148734928
0.046955634057970007,0.070390741869258727
0.10633032467467256,0.062499880602212107
0.16657101528013085,0.040526635208563887
0.23266161529611726,0.025028237297683692
0.27739054791810813,0.020764332200981721
0.30526462358355722,0.010259892202798179
0.30549351010398434,0.017387170914263284
0.28259549064523037,0.02094188518354631
0.22473105060981219,0.03747598049691514
0.14211344632294728,0.070535489959026185
0.0403271782369332,0.09187487886501669
-0.067437618679131534,0.12260105340013223
-0.16399442974562825,0.13526156024764194
-0.2390726531446174,0.14579767716762873
-0.30096590271666501,0.15478183778953214
-0.34818558238719594,0.13288538244867826
-0.35682698905881693,0.096896608760042288
-0.35268053336525329,0.044648153626822833
-0.33087464832662344,0.0075891523004602661
-0.3025339782865859,-0.0347330258118538
-0.27803740593158688,-0.071231754514787235
-0.24090802891836155,-0.086062061362810263
-0.22603274444105176,-0.083118099915711049
-0.22622993105754202,-0.062815128201927806
-0.23160110450773871,-0.012338051689238419
-0.24740049301689776,0.035521147910391515
-0.25922315703014293,0.10069619975203463
-0.26878332547411399,0.16712056466391068
-0.27802548315739167,0.21118332197977033
-0.29029991209682054,0.23941552705476951
-0.29432139092055459,0.23865159897258809
-0.27772787292587825,0.21681039732230314
-0.25748676466106379,0.17406580232111848
-0.22244270019082182,0.10559723839235277
-0.18752361747866758,0.040832232363856261
-0.14572681863430434,-0.020456564117781101
-0.13418245904868548,-0.071309882328056656
-0.10028266739355238,-0.089252114401745256
-0.092329677873293811,-0.10492690504041366
-0.095127552678305485,-0.062708806292827962
-0.10412104519957677,-0.0078722277255603348
-0.11369345850785091,0.074528105265056863
-0.13593950620912076,0.15604357664025245
-0.1576679600020226,0.23596710543834079
-0.17456130457905417,0.29647787367241513
-0.18805616566119704,0.33169349554944766
-0.19706679059112031,0.32959468635019407
-0.19655575741781053,0.29117767910384507
-0.19109783207643297,0.21009813881864259
-0.19303072412832106,0.10197520489545103
-0.17470324580893767,-0.014610760710604473
-0.1661841969280978,-0.13269151880565452
-0.14536306375961786,-0.2312839171532497
-0.13063111227410024,-0.30036436887372392
-0.11454322259713511,-0.33761211662750512
-0.097313283463389799,-0.31894901962828981
-0.073428820969727776,-0.26346999213773775
-0.051541213016478758,-0.19255428326870191
-0.024517054169262802,-0.085872252045695666
-0.017798549968720677,0.014219441872449685
0.003870792384993371,0.11926369178253687
0.026675483870886595,0.20518773093974133
0.034203864403809181,0.25462459437233237
0.054075459542057391,0.26471924521617485
0.067503747707497661,0.2512351639296988
0.09023772600539573,0.21432792235115444
0.1114323544374051,0.14799646216540591
0.13125091315563447,0.090183982321093134
0.15500746917348304,0.035978729581959711
0.16907003673407348,0.0031573931860934211
0.19682341673839787,-0.016759975834381342
0.20700451169212541,-0.008960168335463873
0.23049579827469424,0.020198162811012572
0.24075746424140085,0.063617230955463386
0.25717630399946201,0.12164389662167997
0.26292535901427461,0.17255864545391694
0.27133885893507809,0.21046911536653881
0.27292898418218764,0.22973826893482913
0.25446298769786013,0.23912254079081666
0.25297959293000438,0.19510404202610046
0.22565123648264304,0.15255138390511541
0.20691614086835527,0.078571882036003807
0.18689573108426868,-0.011744394627397901
0.15787122366586601,-0.091886804196816788
0.12559162250728589,-0.18378020099912187
0.093707299675125172,-0.25438291236283539
0.057171361326974451,-0.30302404128585325
0.013242581809081215,-0.32593489805629267
-0.030357272712194659,-0.32727744739247211
-0.075319871545557818,-0.31013491469744242
-0.10115734861611059,-0.28774078055924912
-0.12829944859526671,-0.2257441492836712
-0.14331896286806753,-0.17961337049449219
-0.15327032533622359,-0.12971521931542856
-0.13077146663165495,-0.081684908075964999
-0.11047280439138721,-0.044288397163803638
-0.071711702009250006,-0.0013376637430655702
-0.024379579134299514,0.025507650273440194
0.013915953078488611,0.049404062092313156
0.057180335522947004,0.064780275265734613
0.080752655286228089,0.088819161305274508
0.074878667853260819,0.12366567382833572
0.063711979634272373,0.16982093644219681
0.028753574904211342,0.19807648442418901
-0.014881341434670386,0.23386496414021019
-0.087547111105221814,0.27367965714244935
-0.14219575912921142,0.30073530139545357
-0.19431240206378902,0.32075995901017113
-0.24392734794693288,0.33154110847246793
-0.27448776573236522,0.31085799076167747
-0.27688852160431787,0.28611424289932735
-0.27271240962045656,0.2375351117014603
-0.22410170900848073,0.16841228711720421
-0.17589094552744217,0.10742171472627118
-0.10019104676684015,0.024690267997841204
-0.014944889069658886,-0.045984643920921359
0.05850792822419694,-0.11127202894733389
0.13460381757872261,-0.16698664529485469
0.20622709190789396,-0.20278882681642424
0.25814410869135107,-0.21656449081371396
0.2862551755414609,-0.22090684347699319
0.28763681341165409,-0.21758526014592777
0.28295447129436357,-0.1845142646605572
0.25069398044406632,-0.1601904523223362
0.21252260313585386,-0.1160165975094624
0.16214225010581326,-0.071372478880441681
0.10191161542452756,-0.033334759577554565
0.02904149711015792,0.0025404659462449778
-0.029544574528455565,0.035755624818462138
-0.087321027934784801,0.069111409572226098
-0.13566494910162299,0.10322939766814884
-0.18812087149425086,0.11632128394506544
-0.20780884529854204,0.12774767731501224
-0.24344070835903997,0.12598924984081059
-0.25628527111762428,0.1165265988334034
-0.24610116571459112,0.10998224867966344
-0.23149587676817046,0.084595791394668302
-0.21586490268090308,0.057712857408148299
-0.18336825406621915,0.052391916001475441
-0.14132891329335034,0.030666001768159576
-0.099519399762867194,0.013302853932411438
-0.036090937158301958,0.017963297051023008
0.023615175316072656,0.019837754653629202
0.074717829892243529,0.045969752420033178
0.12253889586132025,0.068829094630173199
0.1770479164590219,0.10188413075455734
0.21162328507980324,0.14461456314798807
0.21977652406978102,0.18517245393351253
0.21915785078338798,0.20532372309354568
0.18535254591150799,0.21240598969254976
0.14068679089897418,0.20410591957367585
0.063389444780546936,0.18980678932540124
0.0039435296215456252,0.15012901103314549
-0.092016633435279341,0.094591021365955638
-0.17188397281597595,0.031133990323674275
-0.24007677592716678,-0.025302035400024903
-0.28405574470544159,-0.071373114917764865
-0.30988849375221045,-0.11498458962820994
-0.30263033182361826,-0.14099082914203689
-0.26427634651284676,-0.14387136578170565
-0.18935269413956196,-0.13723266384519622
-0.10047699053988002,-0.11401244047741624
0.0091688238097148815,-0.088136456878376998
0.11724345306437496,-0.060999538515826894
0.20163755184548324,-0.040513468968140523
0.27237733020945731,-0.016279900721234211
0.30214732763662555,-0.01907660328591753
0.30996043256743772,-0.031795862217130329
0.27924950638352536,-0.047437324139819388
0.22707537654600848,-0.093940839435486215
0.15772253680624115,-0.14341459324194522
0.093668680256117201,-0.16886410556100467
0.01845662900206884,-0.21586883367346102
-0.046288987593164695,-0.24590483374539571
-0.078152328078663805,-0.26971075201210387
-0.096466421649264361,-0.27817195742570461
-0.085490275796996154,-0.28404483840521588
-0.055416683446967416,-0.25842293833685454
0.0023685291066791849,-0.24334062140707391
0.053708133127044769,-0.20539784527895147
0.10298977060570323,-0.14737304766507198
0.13525160325360464,-0.10357771103799066
0.15307482801083522,-0.044199797883434019
0.14132683214917047,0.034215686927601525
0.11697343899850074,0.092972023618008548
0.073194382649816397,0.14533408841621334
0.01763259768239564,0.20358072413651385
-0.048058984255440439,0.23606552098253716
-0.11521538871424562,0.26707845591659995
-0.17679818391857857,0.28824071657864792
-0.20967622703623567,0.27734087359949189
-0.23738061909004191,0.26151203153647484
-0.2577011685804057,0.21086396196540597
-0.25248843287602629,0.15649562909317691
-0.23682484987198962,0.11147820204558984
-0.21810493187557353,0.053493555298514128
-0.18564591277029882,0.0023043012029838705
-0.13915029791531111,-0.026805209686041512
-0.095839499942283413,-0.053459367135479836
-0.061494564269784939,-0.057584587190077662
-0.0022726736788651917,-0.040266359086191354
0.037324964916731332,-0.007922154453383904
0.089157628925687335,0.024150278002999431
0.13009255591027097,0.075629273160267532
0.17681812397910299,0.12406150656297701
0.22244240479104918,0.16821100498440494
0.25883432798660416,0.20247764777698141
0.28350960382187795,0.22642493889597631
0.30280074831829473,0.23793207599462074
0.31135378359929211,0.24460429130436359
0.30603495781071222,0.23332864964198646
0.28897811718315275,0.22440236812991501
0.26490146844489681,0.2059727771238945
0.23939973434800216,0.19317987292301894
0.19060474174794009,0.18376142533529963
0.13283860061075417,0.16949322311792189
0.095527387900252364,0.16478509907837011
0.029982933107169898,0.15696521813962142
-0.018170789791812681,0.15717365391583554
-0.067913871974655801,0.17192073326192889
-0.11119853207769921,0.1697981226982809
-0.14516578368375591,0.18440181189683086
-0.18036902017989007,0.20091971914748791
-0.20633854760938128,0.20740437075941387
-0.24186485101684441,0.20660897785669829
-0.26273255552068681,0.21236618095402196
-0.2757067687096969,0.22107883291218999
-0.28585608281966701,0.21860039783406662
-0.29008417391644548,0.20827923049191333
-0.2792173169428247,0.20922812692550014
-0.27154639976272216,0.18645171560959792
-0.26487470182874995,0.16759450561531958
-0.2504145103432811,0.14439235262935868
-0.22822850725937227,0.12233573307077324
-0.19663536699499615,0.095817932348965823
-0.17988100424897069,0.071124105415862782
-0.16984096334872162,0.062127773176663847
-0.16484931865283625,0.046897519962191068
-0.16643112316977574,0.04116650258815617
-0.1747944021403359,0.046029980131497714
-0.1943366237953901,0.053308709982332662
-0.21758418576037897,0.061203239904311882
-0.23970931352500113,0.077768354669297837
-0.24495150430974319,0.10519867650804757
-0.25178403212390327,0.12446645155875169
-0.24644469844958061,0.1584107843608494
-0.2196162156260566,0.17904107851448878
-0.18082813547774482,0.20233922539374541
-0.13620503518587052,0.22321465145655825
-0.081822904973295141,0.23578496028325929
-0.018427157925746996,0.22851148211434122
0.031207742405947602,0.21804912054219433
0.074610274870593407,0.19715170721563874
0.088812925490209763,0.16274813727203513
0.075902702999983584,0.12828475255395394
0.044904399792417178,0.075667583773510516
-0.013759854836188062,0.0066414161625417412
-0.077717242849368026,-0.058086265922488223
-0.15119596861361326,-0.1275045091076287
-0.22779422738206953,-0.19257076617622948
-0.27770931875788663,-0.22892194738624824
-0.30793029236841757,-0.26274158465045316
-0.30671164513993848,-0.28577045390142403
-0.27743477300995362,-0.28971628247262859
-0.2164591331041277,-0.27000444762525794
-0.13735044779926497,-0.23282234664859813
-0.049514559605494703,-0.19535797071444078
0.047069578375466485,-0.15639669685569887
0.12375957102096218,-0.11708507533331795
0.19371698117643596,-0.096884337112518606
0.22896398673029278,-0.081703025643813917
0.23332935468117377,-0.089573434745204739
0.21955615906540757,-0.11639870919492103
0.18196752164114174,-0.14312449537493949
0.13066055284005967,-0.19509390091262976
0.073199739896452232,-0.23826832137402407
0.012572664056089786,-0.27424627587147582
-0.025841964316044075,-0.28929851395912093
-0.053185758507176065,-0.2971722819804764
-0.077502717271448168,-0.27843423507885018
-0.074591445499233855,-0.2427844478203226
-0.046073381412237352,-0.19824782973813898
-0.008813323991857195,-0.13377308985867675
0.039847357478375443,-0.067832960893499494
0.091699773245479177,-0.020188522411140122
0.1390902609585383,0.033600298334882213
0.19888434278033074,0.063558541139235078
0.25058339051371725,0.090123132709941059
0.28476340963967489,0.082740489435350367
0.31894405731651088,0.085462325402389377
0.31914367851657466,0.06540794683018103
0.33171562322230463,0.03697385489517812
0.33795365079461398,0.022007815774338409
0.31719988313521502,0.0097736152574310568
0.26747079401998086,0.015595743586820907
0.22054936866710745,0.02979490975906348
0.17143799785537051,0.067072059290606501
0.094498490037808039,0.091338959506839956
0.033811476740791872,0.1392097952802922
-0.038743952853966299,0.18013537433890103
-0.094520027345635096,0.22310597107824473
-0.12736673039943236,0.26109806185170398
-0.13129299684648119,0.28712447401274566
-0.13642017632008283,0.30002636699434782
-0.10564756689233194,0.30475935463022769
-0.051085338403661348,0.28883236469833984
0.014852263307820402,0.2787850363947279
0.081814427416898095,0.25588761568266716
0.14378597229969867,0.23274358301593054
0.19738324781650987,0.19773800113416642
0.22089716741788004,0.16970436907845693
0.23430033886063578,0.14367570542036848
0.22367973934624999,0.12579644575855678
0.20688224116541848,0.10477901786866523
0.16050047594591488,0.085976734830124343
0.12194170847396055,0.069690908058412188
0.098386565625168759,0.044275667515296366
0.080015545544893305,0.0073492137411413213
0.069841607269273714,-0.017572756787199915
0.088024303701627241,-0.064477461524405519
0.11866545888788288,-0.088623149407835972
0.16866862450087455,-0.1447709640580751
0.21968277657324203,-0.18108904973221546
0.26519325829652096,-0.21386689780857168
0.29686724286454463,-0.24997743773241218
0.31111910094723672,-0.26569609473559341
0.30570283096594003,-0.27726246477983052
0.2847713405972479,-0.28123604353400405
0.21311520773580114,-0.27358686807552191
0.13008633219470034,-0.24994837851737883
0.054509108594983278,-0.2305704414367058
-0.025487574021604134,-0.20686290308362865
-0.11321180280291337,-0.19071743208204342
-0.18068935992150406,-0.1737093844127246
-0.22284876152296185,-0.16829048706770522
-0.23447852015852541,-0.15804320288222615
-0.23813386901507727,-0.17589271461589759
-0.21962243915590862,-0.1872166653070777
-0.18925284291382857,-0.19095402256954577
-0.14120256346783833,-0.20074114137610005
-0.089295794056885841,-0.18984199602840471
-0.047052840939951414,-0.17337223820198311
-0.023165038487283171,-0.14543431117969832
0.01932263280749166,-0.094934821756364751
0.039637820748464343,-0.036489575640246671
0.056681095425441121,0.027073127803203936
0.0594599089143188,0.10492203204555044
0.067893227953251006,0.14677360273243778
0.068992973831238966,0.19427264729039997
0.095652471331190508,0.21734105412156618
0.10935094589222578,0.22333151722741815
0.1104113942535265,0.18656039163472385
0.13237023452388078,0.14244771536298553
0.15261978127572617,0.090459096156095861
0.15762766473624376,0.0047965741450345847
0.18370053400525665,-0.064368508216487985
0.18925708916285597,-0.13187692297405326
0.19514400736696805,-0.18681680945531262
0.19289450072785441,-0.21805814512512731
0.18696215879582409,-0.23431577056460026
0.16574107638674551,-0.21558444028232049
0.1425522711312982,-0.19078502005122416
0.11141731825513906,-0.16275055345033285
0.084051576121086991,-0.11983750157159319
0.053549810493041056,-0.07518966500446958
0.0076421325581846047,-0.043033335675583227
-0.044915445192775884,-0.01832880366583315
-0.077355280557282163,0.0067502228391256415
-0.12615254834218215,-0.0042748086399922846
-0.15906771752803534,-0.010430161312483557
-0.20215302626919254,-0.041466191024961616
-0.22626475436905671,-0.059106218171647115
-0.24847406190682503,-0.08297553377905087
-0.25741436386173955,-0.11065205649070535
-0.26853496099017926,-0.13809601139882904
-0.26262913321775105,-0.14441769858084486
-0.24622460835824395,-0.14229044553223164
-0.23237770686631276,-0.14875536416452936
-0.1948404602009948,-0.13929443235277084
-0.17163478802339427,-0.12202003529352032
-0.15955019172609591,-0.10557455802949289
-0.12310355397138341,-0.092303930922438077
-0.10647649223771777,-0.099668254249682411
-0.090968100643343097,-0.10250219893793398
-0.09014260432736132,-0.10526747108083812
-0.10139072684258227,-0.12623272848321751
-0.11105834332257028,-0.13134992578973029
-0.13063144553215766,-0.16353481135373904
-0.14970370823041129,-0.16788130951013025
-0.1726594517193277,-0.1862810046056621
-0.19515696282646489,-0.20791919517725072
-0.21944090624474016,-0.20960912621169561
-0.23488729111875101,-0.21887549242640836
-0.25844732850694441,-0.21814858305506102
-0.26031691628239129,-0.21984753359639361
-0.26137793352182304,-0.22996091239598665
-0.26109296655646563,-0.23401015689755172
-0.25156689564331497,-0.23585630659833642
-0.25628414581339659,-0.2499876740005044
-0.2444589330116837,-0.25198952063451857
-0.22744458092395628,-0.2683390171492071
-0.21289993316791642,-0.27781084819304236
-0.19094696088641586,-0.28188668765091718
-0.16864411556064776,-0.28279533582795702
-0.14118610210807334,-0.26873209840965828
-0.093599603018139493,-0.23841305383769579
-0.056460979367346967,-0.20242421353451337
-0.0079695168732366994,-0.16320436557920948
0.044204601949751683,-0.093586693589122222
0.093954876419394096,-0.040267201839671855
0.14187795903897513,0.023798462878550829
0.18335760364735024,0.084733770750557269
0.20807777143165543,0.14360729041300738
0.21625354464596808,0.18232726876050276
0.21676703873563832,0.20032368132292866
0.19469131680042109,0.20724224327509966
0.15714838634779849,0.2000933194158992
0.10790459308529327,0.18047444704150023
0.052599969004745339,0.15545870049724789
0.0023140238470875942,0.11720052597898832
-0.037721500494734349,0.098513864384608851
-0.063331014754660159,0.057782738420734017
-0.07193706148217574,0.029401272522068388
-0.056575516173329995,0.0024575669580319428
-0.037148132280387103,-0.012783317716487049
0.0058761211940543791,-0.030809880748965131
0.061247225875893228,-0.033672036072145292
0.11550915890247708,-0.025919074200006408
0.15434301567314573,-0.028334180741174237
0.17004752190568587,-0.028874689369591776
0.16161674727578326,-0.021309568156842398
0.12569951284278191,-0.037246817008542238
0.083070976308830244,-0.042931138083401287
0.00030891145638723035,-0.053380288434942393
-0.063334768641760048,-0.057369285636440316
-0.13439385347011379,-0.084272382596755901
-0.1823770450060066,-0.097813381953357911
-0.2376797452430813,-0.10027711307269611
-0.24228177718695107,-0.11113629798565199
-0.21323777639982319,-0.1245671021784148
-0.17081907648163369,-0.1221598871997696
-0.101803815032923,-0.12715733272109184
-0.021393761821715235,-0.11609294054162356
0.05358366969810438,-0.096219582525996869
0.12007754926308872,-0.087891723293259338
0.1631300441446745,-0.066421533482062159
0.16992893843514226,-0.029435349461305525
0.14356624778823979,0.0024608031880037472
0.092859893115918399,0.036574547272818413
0.026306200428408099,0.072419992911927716
-0.059979798875219079,0.11939302268340256
-0.14938269046389804,0.14308885200180008
-0.22913301641652623,0.18996070738453899
-0.27858393326867109,0.21886994147955377
-0.31127274200316457,0.25377026928898355
-0.31196634231747755,0.28841423782809494
-0.27704641660006041,0.30809434417711001
-0.21933757000613449,0.32335013525579198
-0.13337489837060762,0.33359377443229804
-0.053761957909348623,0.33882845587565824
0.026144550591805333,0.32486025951497122
0.098744497696797648,0.2943408625592413
0.15394712824392642,0.26911729144259128
0.18822431573485443,0.23000349833380912
0.20646082585569586,0.19076989389933635
0.21463097347575061,0.15258420040564469
0.2012804759545424,0.11141187402560611
0.17978223271268673,0.075973733235321625
0.17466293330439378,0.050575070091336306
0.15493039651492985,0.039635810533321346
0.15851410861578127,0.038776216300224958
0.1736475613851986,0.033048238895554936
0.17860302001450745,0.048460691791375687
0.20669762423784821,0.065762474803492288
0.22666279515035348,0.079996097654229326
0.25334357525200435,0.099001958003595167
0.28493892581830005,0.12020797938378748
0.28778582332861918,0.11765391292553087
0.30024308398751953,0.11964883844395137
0.27521766247126805,0.10328347599341291
0.26030064262433067,0.071513285828025158
0.22590950151265582,0.0318031055421455
0.19002778673112811,0.0067963715430592528
0.14830935107381091,-0.039933981261647301
0.11947678152406875,-0.092831682883140657
0.096202998285625563,-0.14076461153306516
0.084319112176765687,-0.18790117559745367
0.080121192180600515,-0.23151488457874389
0.09714744929253194,-0.26406765347305033
0.11244729065313361,-0.28650958476661559
0.12857696457205808,-0.29735930086681306
0.1456180941640581,-0.29186950977036069
0.15035362789373866,-0.28065391582473642
0.1475887425471227,-0.23435129117797454
0.14293987787233756,-0.19816542384174451
0.11911746827787976,-0.14532898468924002
0.080540782153835103,-0.082395396056375428
0.04927510331732729,-0.0049839863342228006
0.0047273838243656399,0.06846148772864985
-0.030579762304643099,0.1367054846269653
-0.063834525515608254,0.19771657404504153
-0.074127003210794254,0.24867983412137337
-0.069350066212466727,0.2836852063281538
-0.047787864401504732,0.29908936162689026
-0.018934854852268038,0.30106863259395206
0.039710519855832384,0.27641132012717623
0.090040765395140401,0.26399190756085117
0.13934526643752249,0.22630728896841407
0.18826242003958507,0.20606659587697501
0.20638952503340272,0.17814537976435033
0.21225334889377509,0.16820667533200645
0.20412327592731697,0.16729106105545513
0.17700445763568251,0.17690055841332128
0.13010485156985435,0.19309554094540354
0.090862894779476386,0.22709013985385229
0.034767260358646211,0.25625492545264994
-0.013707187132514859,0.27203740797148307
-0.047162278169205346,0.28124454612491862
-0.058621025465454966,0.28507640637806198
-0.073804002525016343,0.26468761949096686
-0.052608203231072792,0.26018611174185086
-0.030155886957355122,0.22694322645305837
-0.010258548986348679,0.19341266370169785
0.018699123710906446,0.16185803439916879
0.042340045160961598,0.12778610748127553
0.053537722753424721,0.109395373981199
0.052943783659419603,0.10074575700766009
0.0398362696742975,0.099302974992275098
0.011891276642083656,0.11368704505709738
-0.027418602847513518,0.13477073012756344
-0.075180163789169918,0.16448153980703714
-0.12783885785384483,0.19635162054770508
-0.16869466304961966,0.22060774956493448
-0.23110297725800186,0.24828116768322148
-0.26634094621706095,0.27347689314997919
-0.30644051787132554,0.28153817930915054
-0.32155981633146924,0.29249183921840544
-0.34287918561229214,0.28369192279243566
-0.33828969764660932,0.26647160121555163
-0.3186846049702749,0.23492153004672184
-0.28577261693308736,0.19782131462499089
-0.24280420675872189,0.16294707633456831
-0.18791104314622775,0.12303026003623826
-0.12490345424340892,0.061177441785581488
-0.066168368809148337,-0.0011444005645781775
0.016677300979084431,-0.061906667468881502
0.084253895377986762,-0.12194134822050846
0.14110231583513261,-0.16895727217542272
0.19403750612064927,-0.22135861103251542
0.24180857925234805,-0.25099290491511123
0.27275654898227247,-0.2676027953580345
0.27467011418407716,-0.28396569039132752
0.27572218712452617,-0.28597590531028427
0.26308237654162514,-0.27056053203553182
0.23451140060081793,-0.24941753304275935
0.20095332749976755,-0.22387503206868031
0.17229311067261721,-0.19886920213003323
0.14509046922538663,-0.17924372526084431
0.10608041251669842,-0.16589704698985705
0.095530151671874591,-0.15872011465082356
0.081970914735766065,-0.173652211619619
0.073813071854263945,-0.19628014269203659
0.086862734506114536,-0.22470750525406941
0.089745787656402815,-0.24488460159325667
0.11881770327741095,-0.27739796811218986
0.14605552984153469,-0.29067691443796734
0.17693635776194525,-0.29617303426436159
0.21533645182798894,-0.28318614308107998
0.24909267760392195,-0.26584552592729377
0.29140760390999099,-0.24218287690428855
0.30930315996772528,-0.20208278444337222
0.31783548823038055,-0.17404594175433344
0.32704971111866249,-0.1422798115766131
0.31332512865495776,-0.13517689330955748
0.27986352482613308,-0.14659988134697136
0.23928497880880617,-0.16415854137833336
0.17544660013766233,-0.20672515108617803
0.11579772326531129,-0.25038123884022084
0.058847358837895096,-0.3014916893512824
0.004969543964874458,-0.33402673832493107
-0.032630709865876906,-0.35450409481354056
-0.063210226676308906,-0.34534749889750643
-0.068326628896554428,-0.30834989553455405
-0.050069408486432251,-0.24516579567159436
-0.0089848985436511031,-0.16144168976051471
0.051968039157044864,-0.060643841298906105
0.11848727008999403,0.043561971362348406
0.18424458198612687,0.13642076216095142
0.24293945715754298,0.21963024537908069
0.28483666816216935,0.27434930157589227
0.29724373744295912,0.30818837124014065
0.28925055633461505,0.30272199260154231
0.25387484735326149,0.26227350614900447
0.18688608138822377,0.20552986339531665
0.1193752799222145,0.12047837590473662
0.04332225732171676,0.03650424684601758
-0.037841630382386762,-0.051981177714320911
-0.10879945046090142,-0.10782401001409
-0.15345132860062127,-0.14900615874563145
-0.17152854478671262,-0.16333104494716955
-0.1820713174580014,-0.16222859450770988
-0.17073502213775527,-0.12949197360092543
-0.13471455475336744,-0.082924810334504745
-0.10614345272718646,-0.023494268828148642
-0.057611008856150288,0.036922456764185776
-0.028758522183307218,0.092945993107914876
0.011134547751157482,0.13964981902045873
0.012262533557390768,0.1721520156924643
0.019403457138548373,0.19827994281299155
0.0060954393274193306,0.19589925814932052
-0.0040029193051593403,0.19732723209464217
-0.018951653790083085,0.18435231431800814
-0.023916218221851918,0.14213895036547128
-0.012998283360042931,0.12170830542902381
0.00051449058653312788,0.089364512829160414
0.032896261834939981,0.058378550161183422
0.067471541544012109,0.034021028032390759
0.11868815418151432,0.005513944810542599
0.1589155990249875,-0.011763841888945824
0.19219231103180792,-0.042216287826647506
0.2260193039688026,-0.05946519859609025
0.23240262254466218,-0.081905465605783725
0.2261714644525098,-0.089828781993702825
0.19884657512574994,-0.11449784734933727
0.14378086567086404,-0.12302226807410933
0.090777300766227351,-0.13294422644489584
0.020873847233072961,-0.14741314539678965
-0.050709249804044246,-0.14764483124201672
-0.093614249403690897,-0.14208703957570054
-0.13097074945703374,-0.14153730121957014
-0.14626793737232946,-0.13137797962502165
-0.1386282635394378,-0.1044545499588118
-0.11260133113840332,-0.10542405416835329
-0.079988243786833058,-0.082857844855683246
-0.023635071177439963,-0.077834920064585658
0.030806315708052222,-0.075978395797073925
0.082301984846360005,-0.068993620730756308
0.12171502066374554,-0.075923275056892073
0.14080856540351594,-0.096616167499050415
0.14779514055349866,-0.11925542356957464
0.14706255997372686,-0.14726274707832707
0.12472715821899402,-0.18006477508815757
0.092660829088608301,-0.20633047485850489
0.070658558890084572,-0.23028162689287976
0.02638113895668321,-0.23126912771438191
0.0093930892456802247,-0.23201574022956151
0.011195026612849691,-0.2203966727848154
0.0086567246481707386,-0.1816242790844233
0.025888557136545705,-0.13605475856800522
0.057668189159630963,-0.080525320811679943
0.096701835072295933,-0.025691790375527289
0.12473321818976707,0.025919694879850408
0.12868681108266744,0.056671058222842116
0.1396725812239149,0.080334024424630654
0.13314102648493803,0.066068598359865061
0.11567307434428724,0.043566330239587732
0.062767409664890778,-0.0078801162075728647
0.010976594078136299,-0.067804052070228396
-0.049440958241674451,-0.12744719615549202
-0.11231575558536534,-0.19982370167141034
-0.18137186998503613,-0.25604148385024394
-0.22164213135071542,-0.27975525702525078
-0.27230464571368546,-0.29330187158806909
-0.30995362397762649,-0.28237205929223802
-0.32990659257347049,-0.23819948557622578
-0.33815906529190976,-0.17586983532210931
-0.34903549212316054,-0.098542271500506151
-0.33348600942170226,-0.010742567842525218
-0.32919574507924609,0.073090392166600654
-0.30119641577060929,0.15102959071949096
-0.27175221150070272,0.21460700519633505
-0.23089349703745132,0.26740658204028261
-0.18854471981317794,0.28952697441666547
-0.15291692485115468,0.2953727146323466
-0.1075232945967694,0.29326883004822402
-0.070631066230152958,0.26118817693940577
-0.043514685544540264,0.23374245548071124
-0.025678768769852013,0.19106766454236998
-0.025567228026920484,0.15666030570306519
-0.031688787641144064,0.13182600218922791
-0.041979696944487152,0.093141468612781206
-0.069905667435276986,0.068799833241835417
-0.089271797569633188,0.04323054472713854
-0.11643472933507512,0.010475073624329449
-0.12982838807522265,-0.019446606101607016
-0.13848107955535696,-0.052650947058826288
-0.13312428463644205,-0.097330544595929172
-0.11839652901864565,-0.13391883311830574
-0.085436581538417239,-0.16649886529418312
-0.042298132862103016,-0.20313511894482181
-0.0031927888227909181,-0.22389167666419379
0.029582846347496316,-0.24476636314382083
0.056323844092914382,-0.24162384258032271
0.072845768656072521,-0.22850540547612902
0.049408138094658494,-0.20603346480405435
0.041919535983111857,-0.16090787134936604
-0.0051561799344117245,-0.11624304981162198
-0.048667602737554792,-0.054765277879610628
-0.11133400661348659,-0.010781279347604412
-0.16847697019122423,0.040959322806279418
-0.22189937299030069,0.085689975077854919
-0.25852409508689,0.098979991655926622
-0.28044515857730329,0.13209486623309138
-0.28643102574319584,0.11792004665885369
-0.26654464551133306,0.10216367651926025
-0.2397319805877067,0.068026738626374456
-0.18467559838594855,0.020096454567344973
-0.13384067661503735,-0.027361561496351612
-0.066708257885671224,-0.087700169660942753
-0.012787191994517094,-0.14358384055261972
0.043692050549012956,-0.1928937400473279
0.09968643368076735,-0.24857100401651794
0.13449866979407005,-0.2713375829786337
0.1719656012168311,-0.3009571944735418
0.19318720042255275,-0.32636507706153234
0.19460931691020844,-0.3282584854070521
0.18484413593518675,-0.30778266999113463
0.15738090328025753,-0.29021879044371762
0.11705563262225134,-0.2582447459238858
0.059050273738943775,-0.22187003327232666
0.0071279842184344012,-0.1854078941567171
-0.057258795824576651,-0.14526308701974225
-0.12062753158809605,-0.099948935163658187
-0.16821725042087338,-0.065510363989925616
-0.2128989426312291,-0.01244639479738705
-0.24610218667354003,0.011208737441000689
-0.26054761618591099,0.030135637265809194
-0.2567672762165944,0.058808348490091429
-0.24901524031361785,0.064524279952798885
-0.21072181911560856,0.070005075942327924
-0.17957568586676709,0.053592697708445901
-0.12759629047108631,0.037029592767198437
-0.085036238362160399,0.010455277368239193
-0.018900125586192806,-0.011267091145603628
0.032917534037282974,-0.046057390351174517
0.07583385165954229,-0.075437991233761964
0.11744539859088304,-0.10091816996319135
0.15793007463507155,-0.12307097436479844
0.17427080820718807,-0.13938628253142357
0.17748783705475168,-0.14962175301368802
0.17038132997845895,-0.16123812236856139
0.16619050159952869,-0.17172859073598934
0.13140436207006345,-0.17826676113561812
0.087753225077679436,-0.18139444316177769
0.052714216840041801,-0.18616644016524103
0.0086656613360468794,-0.18818017610606047
-0.024090891241420356,-0.18824992117474312
-0.057618814608736704,-0.17414528807463797
-0.08367739538738124,-0.16423182678090822
-0.080948725868286497,-0.14995662296861767
-0.062192574828982057,-0.12511574800493805
-0.026446929536983532,-0.10608683970786495
0.027777315236282792,-0.072836318215421345
0.10006330567242241,-0.044799457637665317
0.17251993072770849,-0.018323405007176139
0.23223837747176515,-0.0012383458050967693
0.28147390938787609,0.0070331149701651809
0.31110586022456488,0.0047178169666794983
0.30521252490936923,-0.024828666951643735
0.26914514022232,-0.054715101037246805
0.21144854333983729,-0.091689430086320703
0.13555392221632317,-0.13838147869402087
0.04466534017956917,-0.17525849835713198
-0.046317025585489738,-0.22038012681100283
-0.1302511992849561,-0.25084735166106475
-0.1913221102242316,-0.27671049462022718
-0.2277124602525108,-0.28525390636289866
-0.24169409437629577,-0.26213282820633582
-0.21861451396733114,-0.24057653541989174
-0.18700511658075544,-0.20605508624154661
-0.1211919233827557,-0.15360185376508106
-0.062130495459219552,-0.10134466073056451
0.0038028526175803452,-0.049361239687833708
0.044663450252740905,0.016018810601826746
0.073302746977749619,0.045463826597972185
0.079062490749610331,0.088219306553521865
0.064714809136460216,0.11934600039968055
0.031010521005406744,0.13553304843871081
-0.019572681839716107,0.14643309986448769
-0.068355612887806394,0.16301063184261852
-0.12561890114484625,0.16371899317067146
-0.17093565152496532,0.17515541709054117
-0.21714120639199383,0.17468164143553061
-0.23307808334512414,0.18220358773486048
-0.25422852819892522,0.19846369356933621
-0.25038402948361616,0.21063163805435564
-0.25326106900468814,0.22311744075818077
-0.23395608114774896,0.24376545187575901
-0.22014188920980929,0.25457122735236487
-0.19928180298775547,0.26722394363078594
-0.17064555713820276,0.26768486121004259
-0.14964276895393025,0.26498611600568195
-0.13996131032660869,0.2607483108388538
-0.1193076835137383,0.25400430871624952
-0.10545238433484776,0.2475711844586175
-0.082342671750347346,0.22988877199575122
-0.064145671720062747,0.22580054546080008
-0.050353021667994276,0.2130130064732155
-0.041377426637639339,0.19104387733082676
-0.02559088527189067,0.16740483995124483
-0.01987698109509254,0.15610274912249478
-0.020154072059212984,0.12582681900200721
-0.0040209534459383391,0.11178626002646978
-0.0043717094104976026,0.091238694583223534
0.0070892861183560587,0.066923853566022845
0.011987968432590618,0.03692219671829592
0.024181411845907066,0.024502821217361456
0.053695929129762426,0.011007825701400499
0.079490243925141355,0.0032155499396531225
0.098609418035026167,-0.0063036216204548383
0.1321933474737492,-0.014638206018059199
0.15436137480357109,-0.029160858572529549
0.19053532079736202,-0.052379811497089312
0.19124327892162776,-0.07298146830402534
0.20764602872442356,-0.10938672788548665
0.2126909834354932,-0.12968839655368691
0.19773963288159921,-0.15321848866024496
0.17614189742867439,-0.18895418227358968
0.15933960142860401,-0.20789713726394202
0.13214444367456574,-0.2334520734345279
0.10960996589175252,-0.2287218680615401
0.095910086001222639,-0.22629682932545106
0.088060712657780135,-0.20405645035957662
0.087064311268938779,-0.16373692901203316
0.10744460753233208,-0.11003573133022065
0.14300687269274356,-0.050654343139144284
0.15846621607776731,0.020062309588014349
0.19407145179458185,0.091838093340647159
0.21034121689293114,0.16054622502658591
0.21923112247218651,0.23113287531200458
0.21780110519619417,0.28219738942600248
0.20002799570616953,0.31592724003791844
0.17187421753225063,0.33409531393547948
0.15788368331819136,0.35036486121800103
0.12018228442408936,0.3418595850710906
0.094499898383673508,0.3201378571781896
0.08450751106845901,0.28913041528022532
0.088022751905429394,0.26696922463905592
0.094660752036780246,0.25055580178779258
0.10842299842856343,0.20778970545471051
0.14136670355598788,0.195466579588538
0.19358882109421366,0.17282511246310964
0.22645764909215893,0.16483313363391686
0.26004755658837653,0.1408753493890085
0.28636587324207785,0.11418827220563059
0.29681755314778091,0.093921747446010784
0.27386970571513131,0.060995350038670494
0.24473551667526058,0.015971678051994377
0.18869108489000544,-0.0099875698524415392
0.12137083274066153,-0.055703645384203991
0.051137858196624759,-0.084265862487934842
-0.02652046895679027,-0.092142660727602854
-0.11286180098913656,-0.1063815075573835
-0.18308840851060168,-0.088766279220682101
-0.26499285892892416,-0.0597823704369769
-0.32592512388943989,-0.011798877131194152
-0.36870029412355332,0.038784496108229469
-0.40769429436998511,0.098817435035105886
-0.41561299516245193,0.16634310317503234
-0.4112357535234486,0.2246289341810411
-0.37816383160268113,0.25281581221792321
-0.33661711815060918,0.28308610429172265
-0.2743300691742433,0.28251363116128309
-0.19542762787583159,0.2578704919298912
-0.11441803607462443,0.21193616730232517
-0.039723064702297847,0.15396854660525761
0.039073665912163845,0.079079477997970132
0.12180208616265388,0.016062058058927606
0.16377284432767159,-0.063179520778532422
0.19939157401614116,-0.13388610646360605
0.20422816686218331,-0.19250110580762805
0.18701196883359109,-0.24781243609144618
0.15109809517425535,-0.28733471102793967
0.092651368746076643,-0.30089517349969158
0.019672595029942324,-0.30055294130104071
-0.054681837234053829,-0.29154124939585291
-0.12456859635864655,-0.2739938640255436
-0.17986946568095799,-0.23731814057661049
-0.20820135494691328,-0.18292396945747474
-0.2242178073326718,-0.14296708773147837
-0.22033091138731831,-0.081918167643959705
-0.20171812672733949,-0.036674057378996087
-0.15718492216261826,0.0093712722952902974
-0.10606195216614622,0.056665907347364389
-0.03419881352783475,0.093572234139370727
0.019685337456310341,0.11602369539727822
0.067215890386208565,0.12781694482658576
0.10414665562826605,0.12204540912798231
0.11916310969606533,0.10986673149353787
0.1314859738610297,0.08737107342471831
0.15103777460995854,0.053295106187343469
0.14280569657235745,0.030385082596289432
0.14559040405812906,0.02497125230344539
0.15461634910635985,0.01037337458809103
0.16062798289990313,0.013084112154079957
0.17554797579749504,0.040830432156898952
0.20248209697246256,0.076172433792305913
0.23383168933032469,0.11371295850550991
0.26045087696615044,0.164542994828205
0.27528959824566368,0.21411022907008559
0.2939851682456856,0.25373251490650572
0.29364856242955489,0.27304025476236637
0.289148223380785,0.29308798386973595
0.26476136879868029,0.2858769172686198
0.22415549337151666,0.24584286276686704
0.18179511238849239,0.19552376687376977
0.13249300033915851,0.13766559126858904
0.077802663691352386,0.074101551827492743
0.026344478156947855,0.020758425152921305
-0.023687966198006255,-0.027128399885013324
-0.054719314043967779,-0.063375551242873002
-0.078515137796258586,-0.083138852287480774
-0.10685981842567827,-0.08371855288810448
-0.10517384860388782,-0.072844973620181358
-0.11931036632233714,-0.017967939791741071
-0.10983160495155338,0.016437732677909815
-0.11009541158132741,0.061767388755511715
-0.097973113121544164,0.096067622986931056
-0.090600779106280727,0.14700756723899508
-0.09638839130381878,0.17421581824961829
-0.096119473768460958,0.1884786886970542
-0.092501758423349331,0.19874037236899195
-0.097350938743877791,0.20780073024425569
-0.096636031358836513,0.20966480722979292
-0.087904582823197075,0.21941670389351459
-0.085753947698698971,0.22899505069098797
-0.06407619691186775,0.23719232614397615
-0.03660587272781167,0.24919546905764525
-0.0062951578804099177,0.26982915039634875
0.038771673183393252,0.28011515315594937
0.0630063902868295,0.28783703936759336
0.084923041238868638,0.29354293882476584
0.10256243256319265,0.28216792842184996
0.09704590555409072,0.24642276797590212
0.075947457439813862,0.20300839004789742
0.033939770902095767,0.14830573699977048
-0.025077069582999351,0.092208494344472786
-0.09508328135709046,0.022596741299444806
-0.16691367540484103,-0.04259358341645024
-0.22019833704464919,-0.10779549411068046
-0.28025903973697081,-0.16093147340226246
-0.31313061464458447,-0.20100716480625896
-0.30767197091777221,-0.20823405365134551
-0.2961250845052511,-0.20120216241265823
-0.23337017502002885,-0.19326491243531468
-0.16352278589105795,-0.15120959016129001
-0.083509930163007104,-0.10071362978946191
-0.024107804472783219,-0.065783647672394308
0.035846694762185972,-0.0065352275978467003
0.078472378570328905,0.029479661969937926
0.079143580526523233,0.056059581129491359
0.060710719528326899,0.077097318256895517
0.024815507106557375,0.067495989505416909
-0.040809890874980041,0.053316795367246539
-0.12003110985972759,0.023490694656646636
-0.18698106293072564,-0.019579180700406911
-0.25040585970053775,-0.053913832051852989
-0.29670949588330509,-0.094431816900925933
-0.30265256229720372,-0.12999784542476753
-0.29026188942853259,-0.16257001861991352
-0.24564723820159751,-0.18616298608425935
-0.17973633013230561,-0.2057070436605842
-0.10754264614924208,-0.21499850814430091
-0.026858781048297573,-0.22648225770985592
0.044967845228800783,-0.23649990628995257
0.11357022395751443,-0.2433034968833431
0.1481589742761219,-0.24668437954039732
0.16096788354745803,-0.24725375632400726
0.14970876617762877,-0.25562314017731824
0.10882449609352095,-0.26689705713442957
0.053074993709131227,-0.25973493632033129
-0.014930056859556886,-0.2625417627964361
-0.088284685658718096,-0.25443289024845722
-0.14911719016377256,-0.22975653265360735
-0.20821835371362032,-0.21376501569502532
-0.26738116226782593,-0.16809364569392321
-0.30089047872235924,-0.13054444984500976
-0.32106959350651554,-0.083207257214486019
-0.32223257095473162,-0.050529277651338758
-0.31674152412774109,-0.0012234464497571751
-0.29735564932178338,0.02340627874946815
-0.27847008236667897,0.041819605718433274
-0.24852262996768085,0.054137754232355888
-0.21780812534120586,0.039073705550510721
-0.17300347044662226,0.032098110048449827
-0.12840454641537008,0.02252873210422001
-0.082855587206738579,-0.0059630303421922192
-0.034147820025335972,-0.023572796384604657
0.02588264796992111,-0.049424762598074594
0.064006554044085479,-0.04798647244664133
0.10136963028123445,-0.05439920750522817
0.14571830116557991,-0.041104417128829798
0.1750324472482471,-0.024092498082904007
0.20122179727621173,0.0071918367024695513
0.20895660818328801,0.031040515724088572
0.21239965853338752,0.068106732813179138
0.21947686703297511,0.095226675239612937
0.21067712086697959,0.11735679458755006
0.18989111615251009,0.12660029526891567
0.17541411757910866,0.12616874244748144
0.15345036285043834,0.12947655000400668
0.11254857353816064,0.1154214923604376
0.088065788356194316,0.089534683707479204
0.044651298681833394,0.074421997818784141
0.019305616213782361,0.050954662412067045
-0.016714144369625629,0.047487957459554989
-0.049291278741195883,0.022887429684772666
-0.080300834632498791,0.020313500770084134
-0.096646432837056387,0.024035200465049235
-0.12226797542354922,0.041474968787629282
-0.15085921847830167,0.072188021329532906
-0.16271629439949206,0.094330630753601652
-0.18496429312508539,0.1326676237318313
-0.21078240554079006,0.16275928367129383
-0.24858309855643165,0.19501146794778537
-0.27490937712635299,0.22052304912230286
-0.3125709924340187,0.25447866622279636
-0.33556103000786774,0.27482723520657854
-0.34843249713680929,0.28345123306067993
-0.35854471942952065,0.29369375606325321
-0.35311289838474247,0.2857871451877998
-0.32961544010923899,0.27228806841283443
-0.28716657852315525,0.25872401170600984
-0.22589107160142852,0.22897652583197708
-0.15232913422466898,0.18963299377105244
-0.072000801768156833,0.14770029690257663
0.01261698106127496,0.1082291586967461
0.088543760206842834,0.048716909932090317
0.15386149176278099,-0.0035383496631076084
0.19439550985172344,-0.052817853361447502
0.21360726977759439,-0.10507890655600211
0.20902316711114977,-0.1483257830604523
0.1770878615242493,-0.19722848992446471
0.13253943858987829,-0.22261422122966382
0.070701236864508882,-0.25135978164016809
0.0026534576229338396,-0.24926417338670856
-0.051052592486936069,-0.24523578758555911
-0.10145562164805608,-0.23674381092528157
-0.14589116229749394,-0.19562687812018525
-0.15129550486802368,-0.14422221305241731
-0.16049474120270441,-0.094931140535599173
-0.13494114391677986,-0.043803339636972007
-0.0958236609659361,0.016183024997402894
-0.056172560890231378,0.075642000784186966
-0.012076501240352982,0.12313305946171693
0.023165390820106921,0.16654318468222376
0.061474939279725443,0.20379723828197924
0.084147956351720191,0.22699387575240201
0.10763784060999607,0.21901428292996128
0.10724489387712678,0.21083062464955557
0.097501396837957319,0.19264290483181024
0.090756711233853191,0.1704257399709887
0.091285224645672056,0.15763047305183059
0.090356821640417903,0.12924497143103958
0.096682312005510307,0.10150224572588298
0.10615815167614913,0.077984699601643517
0.11464118189718343,0.055773878559098412
0.14298931756577554,0.055476828829848383
0.16535453070581999,0.040269359790707816
0.18064496609071487,0.037497630364910231
0.19656846413656567,0.023318240295685244
0.19533943984501556,-0.0064616824799224818
0.20479448315652926,-0.020313553142090744
0.18344328109457067,-0.05497281589707103
0.16762982092491432,-0.091193190698374088
0.15048356850270453,-0.13364627721922678
0.13658664562870718,-0.17218868785038716
0.10436511503940531,-0.21506776211914258
0.078726943912305905,-0.24020486066156824
0.056411241383689394,-0.26287393015048732
0.036441768077405574,-0.2792345185557833
0.013002017465841271,-0.27784712388274568
0.0022296537851170875,-0.25873879881378681
-0.020152398098291262,-0.2483687779318858
-0.028449657097851945,-0.2212028655448631
-0.038744765992149155,-0.19097294878731519
-0.043189714351526416,-0.16262818845090285
-0.049725098642339281,-0.12115037396592003
-0.051698292197981742,-0.10784558094977102
-0.042734087120259202,-0.085748271830976677
-0.025978662224208911,-0.061072171732361659
-0.011849197924495951,-0.056218336950123904
-0.012994434980411852,-0.051212342325652839
0.007989118603325223,-0.042533848018378832
-0.00044435385557835185,-0.040929404340768305
-0.0098196848725835596,-0.038539394431793085
-0.026719754498289148,-0.041118060904474382
-0.039955262704331335,-0.03208043478636817
-0.080466375730900139,-0.042777317142528047
-0.12377006160910038,-0.039320987961776258
-0.16124924756710568,-0.036897743097314729
-0.197886852750283,-0.05156410491323158
-0.24245924305657127,-0.044937630325209608
-0.27052751953923027,-0.034640553543175023
-0.27887125220695386,-0.03885448384886811
-0.28143268143301681,-0.035097690121037396
-0.29566074829827538,-0.021958416858506666
-0.26353487041312901,-0.017499745722968189
-0.24281590614973017,-0.0059772224522748659
-0.21460024812568906,0.0016740682911487606
-0.19229199632661223,0.010401941902167793
-0.17224935060102545,0.029459713159785822
-0.15271165411093623,0.047334100670501617
-0.16828316959038531,0.056453149703064337
-0.16840947592638345,0.066741450244295453
-0.18684058890222066,0.081930276631430196
-0.21034996862114549,0.10004548072155536
-0.22299552343283571,0.11484459539828192
-0.23867927339121525,0.14205994586021758
-0.23721480593067923,0.16556445472945014
-0.22570725745791675,0.18715220961628698
-0.18264736028903725,0.22083347615370955
-0.14420826628556072,0.23442302190666317
-0.095583319397518587,0.25897390458187269
-0.037230316317321696,0.28045366425781026
0.015297105047302938,0.28929220290362645
0.053394769200041999,0.28499549329506113
0.072944516554213426,0.27796990739034177
0.087149867389792704,0.26461404570657299
0.06278412457751624,0.23812459347389095
0.023230060879153004,0.19980878891622184
-0.012944342219778148,0.15192637839201178
-0.06413704177591191,0.10645305280202112
-0.11893552228765582,0.045657615475351708
-0.15336541004133689,0.0026991649764795253
-0.1606195558863133,-0.06007684853238271
-0.14559144062789889,-0.10247443386165277
-0.11623665315535091,-0.15227724111499549
-0.073503633889350189,-0.19122450847355987
0.00028234291200032464,-0.22163191590053991
0.066777468644259472,-0.23515253205562173
0.14271821951462366,-0.249084786724347
0.18997951890309861,-0.24843105564257634
0.22424869142045942,-0.22898758595780949
0.22423805683360482,-0.21028026409769368
0.19720147821429132,-0.16586913003013878
0.14896980867529594,-0.12846477386752619
0.073868384948867841,-0.07557438745383982
-0.0063734230612691933,-0.023814956674658348
-0.089300766669594203,0.01806512440166172
-0.17690111786576518,0.05149147392542882
-0.24122976800853052,0.058820356544413602
-0.30083694245149389,0.056315163931108574
-0.32688679186849856,0.048353486098940385
-0.32026196229855053,0.012314383626797971
-0.30034161796587,-0.041570433102991938
-0.26228912890568579,-0.08259427566153256
-0.22184527765742315,-0.14459414795441655
-0.18025788839372253,-0.18297492535879714
-0.1320810269258226,-0.2085725440733352
-0.088970621753494503,-0.21325859169901532
-0.072568953976637041,-0.20827353062203613
-0.05324169676283376,-0.18043414173495032
-0.055026817061061613,-0.13402994986397693
-0.046684293788287562,-0.079819965878072691
-0.064146066043478098,-0.039555909581242645
-0.075216401948070388,0.012174702566770137
-0.091064145616677139,0.045082025238001852
-0.11707381319466269,0.065373280593501448
-0.12772065446314831,0.069983645957329615
-0.1546911957570351,0.049778198543701739
-0.16503302292918556,0.0037611638494350376
-0.1813666384127563,-0.02718429989931188
-0.18959597511689621,-0.069870766814931068
-0.17809052460868321,-0.10506874913556541
-0.16948741650497495,-0.13378722178637875
-0.12743760679283841,-0.13981860658525491
-0.092838389160891432,-0.12893332271823801
-0.036761150171920727,-0.11801566398939534
0.034547916011078789,-0.075026567535268901
0.093129403007979727,-0.030702999333160251
0.15159470506930731,0.014330573824046157
0.20098435356208741,0.061507792144784766
0.21748885731327469,0.10173656138594375
0.23181992874047844,0.13031117598482947
0.20792558232889699,0.15016967316021348
0.16865801489122037,0.14367217908162344
0.10911755188267154,0.14333700245818487
0.050086797081703022,0.11999674638535476
-0.022933736994448693,0.088744286192551203
-0.07002972700769769,0.045245426347725326
-0.091803837203095026,0.00057593391649668545
-0.090806091427833843,-0.056456472899686576
-0.062961147263326897,-0.09541500778500292
-0.0018475341661003336,-0.13746192677576
0.073227059620040502,-0.18100502742347868
0.15453865176963455,-0.21623512101516759
0.23389363745238534,-0.22626875120044704
0.29045228850787763,-0.25592698586119511
0.33222130532940336,-0.26378167274207454
0.32401027720751996,-0.25548673360495439
0.28736230308426713,-0.24493921069683586
0.21094786690617551,-0.21875996494269476
0.12388157590225536,-0.19090487314946844
0.021755781806564765,-0.15400137730897051
-0.07780117491494859,-0.10981429552171953
-0.1651238634604289,-0.066233320596808129
-0.21800632908209186,-0.016700954629925172
-0.24827875062307719,0.032633003992057034
-0.23139823706211138,0.067901738192278377
-0.17505082790954413,0.11255371184758486
-0.09660983691320231,0.15337552633423279
0.00092140421966951708,0.18603743665191202
0.099169389536785071,0.19520807912724394
0.19212696778667074,0.20572115441609193
0.26598542982880297,0.20759912752915849
0.31276464441223767,0.19630932660823791
0.32214052068625482,0.17613632559220271
0.29606238110894739,0.17162002491352105
0.2634495129539865,0.1415281478863345
0.18930520405131609,0.11192077602921456
0.13029409621551402,0.090623651644856196
0.046493673176261241,0.089318282565106558
-0.019690027084219998,0.079404259969058241
-0.067306551814159885,0.098895953758418323
-0.10069683354974163,0.11375186584912335
-0.11567831614837477,0.14576502896430168
-0.12893222329886103,0.16783955793987756
-0.11781582874350124,0.19444177941383384
-0.09812749295485472,0.22472773583794894
-0.078263080739575067,0.23639533576989163
-0.052321420241281842,0.22063425288784377
-0.023188738041622657,0.20336637226381199
-0.0051231716254927871,0.16364064940857473
0.0083592483966275621,0.1204665636914701
0.023694906912136184,0.0586247726427691
0.025636118037385809,-0.013905500575097004
0.032423077916699822,-0.079331986201292629
0.022173387372941094,-0.13731449418116307
-0.0012118800757054062,-0.1737763099232906
-0.027283126362485737,-0.19502208871472959
-0.062501427843665844,-0.20499838045189897
-0.1032820671726257,-0.19174312974949065
-0.15188442326479357,-0.16324228043712732
-0.18260567809349337,-0.11102212046010286
-0.22868396020987458,-0.058706625667366993
-0.2482951036380466,0.0093158619596568279
-0.25124830719932295,0.06254887135587453
-0.22903715267112237,0.1135876036627031
-0.18160941779843739,0.16304332513750952
-0.10801388815946018,0.20152964215524702
-0.023950797383013291,0.22899651726801062
0.071372718377035738,0.23552294171008545
0.15074447984342462,0.23691439779625734
0.23102466766017832,0.20598124046908053
0.29248422055287837,0.16409043034391219
0.31534643027629217,0.11158934648672818
0.29429412641700325,0.059157011547462619
0.26395401800770246,-0.012835717186222529
0.20437603969680204,-0.081110900750951828
0.12765055457045954,-0.15137928291105715
0.049715419762261528,-0.20130731766038498
-0.010296538555004574,-0.24651435162356275
-0.065142946851267897,-0.27426596506436551
-0.08758825447535698,-0.27705912119052528
-0.09086759380527959,-0.26159003119515373
-0.074326420160235163,-0.21888262483565432
-0.0073998831606709673,-0.17238416093136363
0.049019973945274922,-0.10514470213314642
0.10127998251090785,-0.037990594467834017
0.15443096287466229,0.024458044670530425
0.17916662356454935,0.083260615605453128
0.17325473654530751,0.13391423761275612
0.13808679343878824,0.1703787413534571
0.073693413784651954,0.15944270653122417
-0.0067876380824651149,0.14577908174167889
-0.10063131347129388,0.12194238666617753
-0.19365161955538743,0.08278222413542749
-0.26325438917533639,0.03437405954891995
-0.30641971136507767,-0.0094256331780532589
-0.31945094446486233,-0.051896172914907036
-0.30193381354117926,-0.094976538457137563
-0.24197986383220332,-0.11845747903282325
-0.15610765573084745,-0.14368807033065048
-0.053177245396527822,-0.15560788785880653
0.057485917975445118,-0.15871807057000725
0.17121252813159307,-0.17128597307141022
0.25334439691065996,-0.18082217763820416
0.32443293946506502,-0.16778095878628257
0.35450706710338264,-0.18444969988994508
0.37238119675962555,-0.17909611413517046
0.34532718331200257,-0.19310008095520548
0.31710840113744837,-0.18418546994369442
0.277526888543003,-0.18128497566233573
0.23779078082225666,-0.18624873561829469
0.21092870444701464,-0.18669511786583035
0.20234862943055901,-0.188836678187351
0.2215646584705665,-0.18781712951427124
0.24275413058014456,-0.18732263175156627
0.28092822729633155,-0.18435706382453709
0.31847224955294928,-0.17782814025117064
0.35155882672991445,-0.17279684713665716
0.37091849107365216,-0.15785065975726509
0.35830841543205882,-0.15333986210600611
0.31214574662892142,-0.12160079936886392
0.24895189875552584,-0.08982193719891772
0.16556506599481488,-0.048512376090787797
0.054328116007792089,0.0021401746443220479
-0.042537422133995348,0.053693600304404031
-0.15277289636978522,0.10509259101759695
-0.23475930530582573,0.1555719901041662
-0.28873681404263846,0.18621643370638205
-0.31777177093115144,0.20695500218274082
-0.28851776711843402,0.21847367598468875
-0.2563371471907176,0.20888814678125914
-0.18370532831351949,0.19158658570470427
-0.10688179326765081,0.15855662823336233
-0.015800790468844222,0.12240433703880035
0.041100222311391828,0.073689315548089523
0.10464547033360366,0.045812795610179799
0.14575647070189246,0.0093742049323469467
0.16323189887826633,-0.021180132584082814
0.14571778245254136,-0.038732175677668366
0.11532425939877648,-0.055841109722522042
0.071636938702551348,-0.061310078700344446
0.023920380360240974,-0.074541305512302328
-0.033871169104405408,-0.091713557034354701
-0.094874795190767899,-0.11468850467835724
-0.12952546552486077,-0.15430105718244452
-0.15713878321661071,-0.20115410094405384
-0.17781657798800976,-0.24057056904843083
-0.185568989839276,-0.28980280474797587
-0.16657425255386177,-0.33834357619206679
-0.14794046224618709,-0.36249614224388182
-0.11371411896459863,-0.36640355786856926
-0.074845571373126002,-0.34723046062000557
-0.031675899945542478,-0.30266421893585599
0.003839514839220467,-0.23073860404254282
0.049499708005027704,-0.13355532347360782
0.083940316218904257,-0.03112669052185103
0.1124877325689041,0.075816738234689304
0.12890156054851162,0.16801528826311565
0.1358125351907733,0.24910604342037973
0.13565518808503232,0.28600968859644171
0.1218014730799488,0.31119615312938759
0.093167894687834332,0.27903820336046686
0.039701477067607294,0.23143390168252365
0.0055806590141348391,0.15370543517590524
-0.056164843953219253,0.071181130437408646
-0.11256888355990256,-0.026805235412804745
-0.15022955715498815,-0.11854536504705519
-0.18933207505852678,-0.18841691747080488
-0.21284401236740277,-0.23331547361361005
-0.20643925169948169,-0.23635625645657851
-0.18713669207787145,-0.22267716513752883
-0.13981612982187275,-0.16450821119916623
-0.083917569577428214,-0.09924272383891726
-0.021987488266214956,-0.015191871460060159
0.03092969179913933,0.075587827221058029
0.094725021610631011,0.15609107123748547
0.14396855273875092,0.22433554113478449
0.17043394416752311,0.27373126737835307
0.19142701579064916,0.30149115707787061
0.1968799704458587,0.30467468329574626
0.19242141238457405,0.29420215756671492
0.17574003025509605,0.27933918781901601
0.16102148932153157,0.24338750817134602
0.1571847833375658,0.19539818885515023
0.15761572101658775,0.16546403295985734
0.1645511720512032,0.12132153451465304
0.17839349125040471,0.081962196306266943
0.20250154201668613,0.046027982205739205
0.22408966629552804,0.01017445297017972
0.24328706843067088,-0.031608222993611879
0.25500151864005094,-0.07429235363226587
0.25501325230346633,-0.11973495229907291
0.23123555611879476,-0.16806606776386859
0.17097988776630599,-0.2243348868604729
0.12926115667048238,-0.26307879354539981
0.058164781061923659,-0.3041966102495664
-0.0074140543799420091,-0.32134737250051315
-0.061643684555728211,-0.33035622127098663
-0.10573459400673675,-0.33441751787757196
-0.13982029245476255,-0.30840748636904114
-0.14395693796845638,-0.26468419171177915
-0.13048830129649358,-0.21464234379277136
-0.10112907669275348,-0.15372550646469768
-0.045815780335655303,-0.083329569997423289
0.024479590627876781,-0.021896995264339254
0.08081212449264176,0.055791047815713611
0.14173560791616843,0.13522554032738537
0.19539087833704072,0.18647741217113487
0.22121354042827435,0.24780419131169168
0.23745152443733097,0.30380206760720446
0.23340828680910083,0.34571995958751545
0.21248977037937761,0.37037560870624375
0.18186086026948006,0.39622720376739407
0.13140722267498656,0.3960937176954748
0.10105109832485709,0.36950709919342101
0.082580914105946715,0.3332638936580648
0.071869063080670426,0.27593295126914846
0.075986149792209509,0.21855278885719487
0.096353466135533888,0.13409695507281036
0.13872074117527569,0.055427005391649804
0.17465868086291708,-0.018994933504590261
0.20694684392224305,-0.079445768630936109
0.23451749124434179,-0.11977551785620297
0.25284629366939793,-0.14127837198519608
0.23250238298075082,-0.14285206854113477
0.19996607599782151,-0.10643938956865033
0.16086671664737193,-0.062958077900421142
0.095727102284613494,0.0074145847781679
0.025595354602867583,0.083275203099874642
-0.027571310318389781,0.15800400051895763
-0.066507223312064712,0.2198105086740115
-0.09168735736968403,0.26617234625557384
-0.079355359271850959,0.29042763021022605
-0.046995495805429166,0.28675165452012774
-0.00088070500617193955,0.25980022816970771
0.08454998271592204,0.2167016576869886
0.15242006093378113,0.14415509719557834
0.22418625822774058,0.066295461476871168
0.27075475353135459,-0.01482871135744551
0.30658545946544796,-0.076955852525953078
0.3004191644374713,-0.14088862980651196
0.27326675450576632,-0.18360077341709541
0.21615768847673986,-0.20596497267384417
0.12602821443094794,-0.19536828071601375
0.030331092708163015,-0.17698902432001082
-0.065452955051134951,-0.14914840883235539
-0.16504579867179978,-0.10461146765467448
-0.23902614381292073,-0.05237074688295279
-0.29761233099927681,-0.011870563678532601
-0.32700966363996242,0.031399007607828489
-0.33472615260291183,0.06631303701403575
-0.32363930095055871,0.10780987173403353
-0.28246784041798156,0.11871472358433957
-0.23710454955680782,0.15264093176677779
-0.19692911537003657,0.17807652818176678
-0.14518166586491624,0.20903245061035239
-0.097175398171068739,0.23515035488664018
-0.055598321887654435,0.27501041639991447
-0.025452911179618991,0.29710369159212568
-0.01586564070368247,0.3243195483453245
-0.0044247997348885373,0.34185148832164219
-0.011509154150208867,0.35023798486860547
-0.025120694977545911,0.34348750280079232
-0.03451487635786861,0.318988215252201
-0.048459257310634669,0.27884738422610927
-0.057787521376530704,0.23861217061243536
-0.063269761532011679,0.17459608050462347
-0.080920205012849578,0.10088400421706159
-0.087019831011299967,0.032404967190183154
-0.08595284610968433,-0.019037901610092459
-0.076519341550910808,-0.08117934221328274
-0.064373049235821572,-0.11837047962574851
-0.032651486522375497,-0.13413747657085659
-0.0043257339157672086,-0.12805035587402877
0.04433285276041235,-0.12097347777684135
0.084865080014070504,-0.089629407165941907
0.1302428158539288,-0.058442158257508182
0.16957996452912533,-0.019073357590171747
0.20454637465035072,0.019829873641078882
0.23788504112334233,0.037412191024903022
0.26895637711890558,0.066431964024785309
0.27623714156889823,0.062281718553857404
0.26981361319194186,0.05004305197922914
0.26082744874254887,0.036685372062121704
0.23344584212995662,0.0085819195811998508
0.19969869863637502,-0.01280387060181361
0.15396725777607873,-0.053515523324866768
0.095268514666966009,-0.063164620307307837
0.04562988781614527,-0.068530327928990636
-0.019273917903554177,-0.062001237030321711
-0.0796060499644516,-0.023220424363336274
-0.12680808595864099,0.0080413094108463708
-0.1783041969089216,0.055040973387553711
-0.21936563131076084,0.11064515599055115
-0.24672866840873606,0.16003573982851588
-0.26758033553298816,0.20656395197477623
-0.26322828562386824,0.22778141178840108
-0.26068282918457841,0.23750369563595572
-0.25162835771145747,0.23350815220517437
-0.23871965456099017,0.210020452386317
-0.21902726022298019,0.1917502394740013
-0.2062870281175756,0.16815807706298977
-0.19375835597913807,0.15206095262161984
-0.18919801069628406,0.15068069046964028
-0.19247711172527807,0.14838654257804246
-0.19401366218607541,0.16887814430023329
-0.2082900776633558,0.18466136807493691
-0.22136946201723115,0.22943477151113961
-0.24196102366627179,0.23815051775992621
-0.25777300582759488,0.27021859969530276
-0.26926208948607566,0.27768270169907822
-0.26811996023052725,0.25896926963653838
-0.26181077438242956,0.22194196267803712
-0.24449587556971691,0.1604896481658836
-0.21644832122608904,0.090794140028330417
-0.17139559556812337,0.0060497126331166377
-0.12617586406081746,-0.078810841946615071
-0.077589288619886315,-0.15374461030520756
-0.027620002585713274,-0.23162352527816793
0.035398916016467719,-0.27345595686971069
0.093972536762991749,-0.29147687117854021
0.16075093318422604,-0.28484809156389113
0.20594296222063696,-0.24837711890878092
0.25331186768417002,-0.19891484968682666
0.27589822585417728,-0.13207235914315771
0.29115437639138136,-0.059814793913088922
0.28727537642253098,0.02157219189811228
0.25390611237648597,0.080807534454616942
0.21328457822781111,0.13221880265249436
0.14902143760595016,0.17606773167599368
0.070344810460418961,0.18916343625018051
-0.012885302798355801,0.18710161144894874
-0.087310815245037213,0.18986989777030816
-0.16504420755631841,0.16242993578188039
-0.21881385518357846,0.14633985323125398
-0.24012583539929194,0.13494117162952557
-0.23627296764495551,0.10512178943971021
-0.19133563881495796,0.09140538820653947
-0.11376115805303824,0.064098199559404309
-0.031067683245098433,0.073000282415960946
0.063133482768673352,0.069001679511324923
0.15718569767756926,0.077799743948885489
0.23420861060160031,0.085326101066326501
0.29857872514715256,0.092795485585741244
0.31269250804005622,0.10732466109136014
0.29155953751798791,0.13273570277828509
0.2431818837437047,0.14654467030886925
0.15206264189029281,0.15465773188709653
0.05436454856075533,0.16862004671392747
-0.062283810893600494,0.17467554251562525
-0.16217025286001349,0.16021344227037776
-0.25802435067894641,0.14821816593891995
-0.30947795683923085,0.13156496164861586
-0.34711003222461795,0.070775056589430008
-0.33735673451250525,0.037393585006639689
-0.31908634372409861,-0.031592604291068874
-0.26610906046163246,-0.08022848612028867
-0.20620020099298192,-0.14580623773420268
-0.15407225472672034,-0.19136092754275269
-0.10535738148419561,-0.23642582137179993
-0.067254282993153877,-0.27624007785795779
-0.059613852416223266,-0.29416097617322323
-0.051214743113461858,-0.28895826607167052
-0.069336563513644381,-0.27597845301419649
-0.09594673427483412,-0.24841187939678067
-0.11804152439702101,-0.22507518934919013
-0.13428912647475927,-0.18240748714183197
-0.13943936749130426,-0.13472769193298115
-0.15213175627730818,-0.10039286546683915
-0.12909135821533643,-0.068999299683559209
-0.096343465365486838,-0.032531850178754922
-0.046019843964791224,-0.0013947775375804912
0.0018665734729505833,0.016981161933053188
0.063797709552461765,0.037599558960691372
0.10985797755572729,0.065225250568170051
0.16632486604490596,0.090910501511356531
0.2057847536441903,0.11083229012478772
0.23748030454593488,0.13264464721446539
0.25710535838780774,0.14768635151313872
0.260374348060607,0.17525893928978725
0.27259060543241898,0.19818312967754184
0.25326733362484521,0.21144311466667903
0.23858321640340507,0.2274318406349326
0.2086880091432004,0.24897868296000075
0.17833532221927717,0.27309434642527197
0.13728432588295222,0.27348884362014914
0.10228887003548254,0.27178854015500953
0.050834802324983185,0.28854600053997986
0.0037044171234886583,0.28405418325718085
-0.049420971403042496,0.26887798642536648
-0.092808190770556159,0.25900929683808149
-0.14216024790920601,0.22483004610393839
-0.18650312984671619,0.19197633180173687
-0.22593746150657479,0.15906020952519911
-0.24921982738843737,0.10680712837849693
-0.26212365293863049,0.052885469315918726
-0.27179004088261433,-0.0024423480130161841
-0.2673799643246984,-0.044931819232036034
-0.25503218285549339,-0.086942515142085716
-0.23037943510795331,-0.11156320087178613
-0.18924393533229272,-0.11607417332279087
-0.14858170907278812,-0.11781958374372961
-0.10654159952164667,-0.1068272366181095
-0.05136869956296565,-0.083015801090039421
0.0066416320450029733,-0.037280255223895262
0.062714897016068333,0.0055086814691624941
0.11537855675883138,0.038854965262058401
0.15851225635741981,0.089475328834558332
0.19193128425210984,0.11452473646311997
0.21772231008244,0.14951467706190186
0.24791204971517372,0.16893252477728746
0.26052554393380034,0.17921589927013365
0.2705033031999366,0.18126903394477112
0.27379252948618987,0.18803186234200103
0.26795054722031586,0.15793668522205362
0.2704302425487965,0.13049294794853927
0.26188435888739969,0.11754180939535552
0.25863572188704459,0.077045574585906926
0.24568826469742786,0.047173903812744868
0.23145659042390779,0.026642627728018564
0.22839956528246891,-0.0081605475275010643
0.20981613187452233,-0.02446120286414008
0.20289215119401663,-0.047473878637842491
0.20588794117171688,-0.031262918633623335
0.17847152434185234,-0.032193589628102329
0.18044142310931943,-0.027895509374451469
0.15772817875811312,-0.0099377066097442283
0.15264662024110204,0.011756206035722487
0.13503898846896809,0.027063225689651908
0.12332090594582676,0.058487982256525121
0.11378878515225041,0.080383366571203846
0.11134948627976923,0.088409890058835136
0.11290706158364497,0.10589565670333927
0.11331895967360787,0.1193237961730103
0.11971702860904772,0.10962839225135684
0.11924231824983925,0.10849916430868169
0.12388919598127135,0.097418599701719177
0.14315830352552358,0.069351194245266173
0.14719529190452199,0.050264617834392969
0.16652555573338576,0.018489832156766865
0.18165506166134185,-0.037596373827881759
0.20209854942968838,-0.069182533202758731
0.2195123979094396,-0.10456631222235727
0.23864825549475935,-0.13337736205986697
0.26858326062264526,-0.16389456858193929
0.27477605230292457,-0.18424684196660909
0.29102247798458208,-0.19090231353446033
0.27727744851405145,-0.17172099534253499
0.27001294587697744,-0.13265059370686039
0.25785056668974654,-0.088682183419088262
0.22957147857497567,-0.02954012129196161
0.20927053664714965,0.03707462219595839
0.18031969272900214,0.10200416680124288
0.1545188923807066,0.16519419198349
0.13109934755942163,0.20461713113141167
0.11570134183160317,0.21373576220312826
0.09685394842538024,0.21936269615829229
0.10089553130324828,0.18469033832015472
0.10156734816938297,0.12774336422456573
0.10759025683566016,0.056859343236407664
0.11750401438022878,-0.028639194925645709
0.11798894686862289,-0.10867548656786148
0.13134211654374958,-0.18825812488507487
0.12812664290552261,-0.25390189446116262
0.12779948099056604,-0.29207823625288282
0.10886521944158037,-0.31426952724978596
0.079414827067295746,-0.30913839873049509
0.052028972218210019,-0.27485151374510497
0.0047370350247798142,-0.23266545985843978
-0.037175057095998665,-0.16694404364475857
-0.059853888700390115,-0.10980388877133353
-0.10680659299595298,-0.053585220106550646
-0.13036240200388821,-0.017651111505692166
-0.1497091465146915,0.023271264836136497
-0.15460870469886873,0.03471413207377505
-0.15934067712151434,0.031613785106994204
-0.14938444797186445,0.030976516700448951
-0.13460464450420542,0.0080207767851520635
-0.11694735579691287,-0.022673441895673739
-0.11003713408774582,-0.041924512788920863
-0.090325307658252516,-0.067424133836784639
-0.073928123411846888,-0.086809884801538256
-0.080299695007942151,-0.083927181799892198
-0.075633077963368808,-0.091802064467875116
-0.074924935156891165,-0.0929329783096777
-0.058519720210341609,-0.07942360781688089
-0.043496952991407857,-0.079026807640405317
-0.015532667329250032,-0.07940369632984047
0.029628967762011307,-0.092441456114266712
0.062583350098721277,-0.092249470721573745
0.11445920330794761,-0.10170549118156619
0.15909374546077892,-0.11385516549600866
0.20906074525779822,-0.12000061908419872
0.24625076708877031,-0.12311723165283264
0.2750024885240463,-0.11276324939107482
0.27471660490694161,-0.088366441383366287
0.27653926908795157,-0.055500944817366754
0.25693620973593634,-0.021991258906922342
0.21958561428322437,0.019180762591844085
0.16939614500268524,0.068080339995766376
0.10504131699206652,0.10421632611855434
0.041777045937339378,0.13591605232911874
-0.019093644306910327,0.15303840545654965
-0.071654331318006803,0.14918134362526758
-0.12921532681793482,0.12468250666530026
-0.15482768155324828,0.0943679560726806
-0.18196400782427183,0.042934366140314338
-0.20060062697663925,-0.023366166352041303
-0.21221069055905717,-0.087681210530825185
-0.20437878276929752,-0.15292505338842263
-0.19406419967033234,-0.21264979346345203
-0.19183789287738098,-0.26081247961095261
-0.18111910462358899,-0.28287926503933442
-0.1728355524069082,-0.28542246505083008
-0.16704532940247943,-0.28509772129888267
-0.15942850307794543,-0.23285920220288836
-0.14701184733452391,-0.20247273387552805
-0.13543310903886835,-0.13479104851072013
-0.12397390360464507,-0.052487223453400511
-0.1233660351736469,0.0025822377740295807
-0.11306938165712317,0.065725063264721856
-0.098851300790850513,0.12507894852052226
-0.091147607193576299,0.15787213603948883
-0.074180463273899863,0.18813097463609932
-0.061177575153304048,0.20571590894279571
-0.050078360986147048,0.21029882202358541
-0.021607752412470458,0.22056574938702497
-0.00074222880269428793,0.21788684103481512
0.036238935217689228,0.2277724755386083
0.058242416316314209,0.23751234133059734
0.083470860214369433,0.23904432217674371
0.10306956924798515,0.26007113548160404
0.14097243840444948,0.2696036002021126
0.14795023334704199,0.25891900917573996
0.15908717020652099,0.2477559020672839
0.1498809775129577,0.21496642298733429
0.12218629307658645,0.1477055902846385
0.10262056638494843,0.07951273683990763
0.056186618252245579,-0.0096707774305479881
0.00027528849868395247,-0.10525030606403912
-0.057883199122249346,-0.1846348324420341
-0.11084458524150478,-0.25163196011145683
-0.15587443637465045,-0.30401498953349554
-0.187708055934621,-0.32444777059299057
-0.20774852533046664,-0.31236572059274748
-0.21898808019272645,-0.25912333900508572
-0.19548374618414832,-0.17775764228479538
-0.15822933175006165,-0.10075507772743045
-0.1173346175181369,-0.00044114118150151145
-0.062464055454534838,0.087801015880839064
-0.015781591143592611,0.17090317600572652
0.033082458366046008,0.21478139322948575
0.061441565305115561,0.23103562147305226
0.091393759594957283,0.20851727545448273
0.09842911556558788,0.16039662277167419
0.1093335767435633,0.08092409950759917
0.10176767214259971,-0.0031770042580731616
0.089612294566589798,-0.10178008671126876
0.08313774918067976,-0.19119153451971621
0.083976686298445041,-0.26265689068757175
0.091013039182819569,-0.30141138485231828
0.097413270047978964,-0.30519885223897886
0.12464958044792922,-0.29751090310054867
0.13534842157372576,-0.25571049902673376
0.15376301288624711,-0.18528538862764399
0.17316123451701013,-0.11637808151373243
0.15983420759712319,-0.028526577306655816
0.16673386314371838,0.069382658087482035
0.13398669496315019,0.13528274771142443
0.096983900160171735,0.20143320318600647
0.055615313993765958,0.24023847853901001
-0.0073441158374480207,0.26641339100381906
-0.071973882633201758,0.25835570511485706
-0.12312103427054555,0.25380877445448108
-0.16981730910317538,0.22873564009099698
-0.19559383571042985,0.20350304745704362
-0.20856233337768801,0.16880259949798035
-0.20063547625951883,0.14176566164202789
-0.18947903113429307,0.10266240484796824
-0.15438644912104224,0.063424125739374837
-0.117373359590991,0.033049811037576503
-0.071592339845555811,0.013573584244033545
-0.026549204738898134,-0.012171018388452982
0.018662831299413103,-0.021100885378080615
0.051093973773306378,-0.032924888633972332
0.080028595872986746,-0.032330382256733604
0.082222849320212371,-0.0059054055022470849
0.083410797569022227,0.01189518445745932
0.086121264654938398,0.035315852266312918
0.057569720427316604,0.076608473680204528
0.026704638615932565,0.1142455687508427
-0.014653633868501315,0.1530546307116642
-0.051012838592240581,0.19157843794557833
-0.083728640454035386,0.21059686979386202
-0.12187482497735409,0.23076629621847128
-0.16175471037538308,0.25090568992197754
-0.17320716611678133,0.24767707260704874
-0.20810166770824493,0.24328284856746568
-0.22994818136217218,0.22411125158316608
-0.24312613354749374,0.2129640347840239
-0.25779842812632003,0.19436871724529547
-0.24131187062606083,0.16546447725942304
-0.2502489416242083,0.14166357968330742
-0.23856811132030256,0.12540191191788824
-0.2175579884179735,0.096828558013295304
-0.19359073659239429,0.07254519366540757
-0.15754036007590144,0.061438652346093199
-0.10411546150707869,0.04574371259608797
-0.060925466503572556,0.035299867394454433
0.0038416902653475764,0.02734872116296962
0.069729917946109707,0.024390175687995608
0.12573226648828451,0.032960992211194001
0.17583045853316576,0.049338500574261354
0.20505111364510889,0.07129119520365293
0.22142774877887209,0.090245683814466654
0.22992121381679206,0.11586971120206287
0.19545741290350754,0.14028366291340158
0.16819416369325368,0.15710486978120974
0.10815320548193082,0.16601726741286349
0.039865537584331576,0.16668602706563657
-0.040098354066513561,0.16752037253282703
-0.11360753384674366,0.17807533853858468
-0.17673518149360201,0.1923141568226536
-0.23367815848575485,0.20053250368394276
-0.27571641059817337,0.22747970236397996
-0.2995310840343488,0.26339742349552786
-0.31287795962483289,0.30350163562803906
-0.29577125981467772,0.3458162911054144
-0.26927873181014861,0.37131639717011444
-0.25486185670040973,0.38689201129284334
-0.22604598946687679,0.3885946027747717
-0.19969045385915743,0.36310861630863117
-0.18222645937369533,0.31276262440975749
-0.16381374502236271,0.23377371253412119
-0.16765536479057228,0.13038458050638194
-0.18023174700650643,0.018353045287675777
-0.19069209290360006,-0.10254666894385706
-0.20654439833564492,-0.19537223090500178
-0.22948565476925159,-0.27343897932378691
-0.24459352924923428,-0.31220896375358836
-0.25901223217571584,-0.3300294272970003
-0.27965585646513591,-0.27612318878866648
-0.27024178986155062,-0.2108510400024757
-0.27125150916381136,-0.098687563485890251
-0.2637248068143706,0.0059877257714710495
-0.24220642799808864,0.11933957426051403
-0.20890825304493821,0.22185151782806883
-0.17900859283997114,0.29531529035836229
-0.12829104592713833,0.33020610594535993
-0.073019592760674379,0.3099506498295857
-0.0022597763325877783,0.26305713878273951
0.049770939349421887,0.17192344522952197
0.12049973256700539,0.05858708781974286
0.17132008744684457,-0.054435479207685052
0.2156558253697799,-0.16578769990552686
0.23663207934836694,-0.26204380829986412
0.22723107846643847,-0.32677255955762802
0.20033498421232288,-0.36186758932783752
0.13537159128032639,-0.34664431949258262
0.069394144414624534,-0.31886288987511635
0.0047777782095532869,-0.26267222313722238
-0.066005650800691179,-0.19163831238956142
-0.12342839009458809,-0.12506655426542945
-0.15093572588117571,-0.085187512182476277
-0.15157081590356958,-0.045676902192780741
-0.13097840139442748,-0.052357753364987394
-0.085927930254897505,-0.057905434679689602
-0.02195236983659276,-0.09213288236951811
0.063840735081671915,-0.1292762302657888
0.14270389118470581,-0.16878954743961705
0.20410745384763071,-0.19426658022880086
0.23669039527515173,-0.18687711538027807
0.245664952272551,-0.16970697646032809
0.2072170547774046,-0.11457814898161604
0.15177494038746708,-0.045979753314098953
0.065516922342713141,0.032343953286177833
-0.028368823150407903,0.12777000737732183
-0.12311423119932074,0.20875221092334004
-0.20897221071305441,0.26337562853637997
-0.27292998644308336,0.30490089812503135
-0.31326435553396714,0.30909010483962657
-0.31363767095751283,0.27561433196067042
-0.28415509856572768,0.22891595680028065
-0.22840044818048869,0.14457723310980525
-0.14507497103625047,0.048097906238671162
-0.054944231787185445,-0.057395678569854169
0.024168636603490438,-0.14858710099371827
0.091291282138761767,-0.24596037297110715
0.14676255550553935,-0.30184592618165373
0.1854968302978858,-0.34730157960748992
0.20171759940947473,-0.34440072346974582
0.18105146033043606,-0.33343014244162428
0.16584214907519912,-0.30934956381789758
0.13096064621645559,-0.25855159770024461
0.08636379089890471,-0.20969589933843116
0.043534708729368099,-0.14009601137943034
0.015769018770381664,-0.082874320006144919
-0.0042652170041016738,-0.034565605754140465
-0.025353813332090646,0.01191866403336833
-0.042671659126231394,0.042042654417613991
-0.054119184398373807,0.089628410584233806
-0.050670564652595555,0.1065173570787131
-0.046623120242072172,0.1310103563917808
-0.040324564401004667,0.14385189249149458
-0.027182050285635598,0.17108726334674149
-0.029073847947035891,0.18781502688544158
-0.022711548251562561,0.19263319035266577
-0.010633705391276602,0.21454432327757664
-0.0015738197181717388,0.22005340254410974
0.0024485532384222277,0.20043565000520761
-0.0052254297264732125,0.18304246017054809
-0.01920501518133445,0.16078140084784268
-0.029338063573690714,0.1237866032039836
-0.060612470108830793,0.072197021271713346
-0.091170390467797111,0.014818082321384003
-0.12954248400896592,-0.020861288534073451
-0.16389642709613936,-0.071503248648185039
-0.19750472168746122,-0.10840771317231365
-0.23059470185693889,-0.144702394664036
-0.25496838849297732,-0.17157906402349604
-0.27473354951723894,-0.17822467147509785
-0.28398643861840595,-0.18412126691508252
-0.27028731520132709,-0.17932762116725759
-0.25394088720147467,-0.16507038628804122
-0.24379620777494909,-0.14836279727285023
-0.22846498309349428,-0.11646759175779565
-0.19984706227441532,-0.078575199179187316
-0.19025934365549099,-0.033961587762548234
-0.18369227772727462,0.024225997135890808
-0.17936872025049883,0.084075515020604813
-0.17615177661295336,0.13670111746052477
-0.18926376683089516,0.18923042085212766
-0.21132468246496536,0.24393010471784562
-0.22918489952514667,0.28814832577867783
-0.23658855676723509,0.31025341224010644
-0.2585516772038024,0.29507699566588019
-0.27070422867461225,0.28750269672905571
-0.28069234026671736,0.24935959119077561
-0.2729861517302658,0.20413456174647704
-0.26538719972843489,0.13686514578811357
-0.23823697075075542,0.084572180109017486
-0.22158752623497929,0.014037374469134476
-0.17946978195603322,-0.029313781178183496
-0.14124950616476206,-0.058823660105374535
-0.10415580235333585,-0.07736551012830839
-0.058743135788891267,-0.070952752648287279
-0.032273495612945263,-0.028890498800023957
0.012143213629975889,0.013733495123473402
0.04380571713721601,0.048272123937963256
0.06181396742365259,0.10437455247870502
0.080747735931718384,0.1424800926310614
0.10200669393837765,0.16145574976346683
0.092615164404228248,0.16134153822019379
0.10298023507063087,0.11967196205081654
0.090213779101159061,0.065562022448349286
0.076352689105888216,-0.014620946890025794
0.057011109288458844,-0.089011864280918424
0.023648987164319193,-0.16725663332939605
-0.018548120048981487,-0.2289904274356892
-0.060628313518229678,-0.28223384424619924
-0.1031012253844429,-0.30483651757575492
-0.15040915241417233,-0.29872850972088449
-0.18837809782596796,-0.2594497942959364
-0.2241049101252891,-0.19080736327625614
-0.24370216833637737,-0.1269041562671554
-0.25856843843017907,-0.029425340012267633
-0.24755080958984693,0.048274445849966693
-0.22772777618895473,0.11046631509208807
-0.20629984120558892,0.14806296626822044
-0.14573369104192369,0.17278006025690759
-0.095159017452669609,0.17500739454003589
-0.0390194251801117,0.15681232728738989
0.037742083392476047,0.12467896038631608
0.083515925290934309,0.091568535140658699
0.13975122171154161,0.059748486047231229
0.17529720899513124,0.023115775725134416
0.201576010265893,0.019519780101551115
0.19776269053707404,0.01201676716262526
0.18318032140014967,0.017779244099541628
0.15306042196323524,0.031538991768659215
0.11086183144795962,0.064357800341689475
0.053368587190553166,0.095640502385545348
-0.00380739704188944,0.1312918650967774
-0.06614941656533084,0.16135334549329503
-0.12400008435182946,0.19699614877547511
-0.16917172563860103,0.21827269505667996
-0.2112057813204786,0.23952968120471152
-0.23380254115159338,0.25301415741064615
-0.25475430219586093,0.25529021508358113
-0.27029769521229957,0.25326003510446021
-0.27154729189419408,0.24777555682885766
-0.2635498474258785,0.22483638684147669
-0.25493381659109138,0.19550655027128627
-0.23739045402044395,0.15967315823005385
-0.22800848377028438,0.11104827526980619
-0.21091120294930479,0.078392167266133059
-0.19587883900478564,0.022425883938566937
-0.17069555602895103,-0.013356378917538608
-0.15599926305699746,-0.039263220106897437
-0.13769946972010011,-0.052083410211960855
-0.12100709081195306,-0.055458657170103551
-0.08585053762440395,-0.035409176529498348
-0.07334439687088315,0.0069586583246596841
-0.060707692039855682,0.050985817142985522
-0.036779146010441549,0.10413456291493579
-0.017921649914986217,0.15878803882149459
-0.0073482746639411053,0.20803063827413223
0.016985569588757823,0.25395703063414665
0.031121687613950389,0.28726281240491475
0.052870821641969649,0.30165936341786426
0.091195928054617501,0.29548439546258776
0.10926547182517533,0.28948850766068318
0.1373762802003749,0.25739308112624737
0.15800066586021988,0.23165657430194861
0.16854941919548794,0.20533922969849963
0.18861412510159756,0.1747111893968879
0.20920182058809916,0.16402857667840443
0.20822258499706595,0.1635031206749801
0.19334276121245281,0.18393968697491475
0.17619683950103726,0.19162063503265173
0.15879138945818019,0.20889175851570044
0.13179814232696019,0.23394973748359738
0.11767925590525183,0.25507787746141075
0.10659213972436865,0.267686208463219
0.098202011439532846,0.2772753093373676
0.083233472460586932,0.27154071902019611
0.094015635492893629,0.26000408156043359
0.10349106954777407,0.22892919226404027
0.099094565768320875,0.19628434795660105
0.10263933922040559,0.16207805534999678
0.10031941039080121,0.11215305027240993
0.09674716095388454,0.073987262706174117
0.064081978734395154,0.032051174083903552
0.023501409433258902,-0.0068629714546194921
-0.02162415360666841,-0.057889946811015981
-0.078178324764912668,-0.10083872019496261
-0.1262267290487242,-0.13671914758241055
-0.18322887321647918,-0.18255471302951237
-0.22941315019581471,-0.2037949653909743
-0.26362197456748876,-0.23753032715103017
-0.2920047784406869,-0.26493533531948971
-0.29503519398931777,-0.28857601764059349
-0.29017779786835873,-0.29268941807328397
-0.27052305195012277,-0.30844345604763296
-0.24114753808976216,-0.30191296867456097
-0.20639859404064334,-0.29302679561571848
-0.17995627512221896,-0.27281711428325361
-0.16101114090492305,-0.26141005816674101
-0.16224950504455804,-0.25646432876080827
-0.16526227468200796,-0.22828695199145271
-0.18214021348800802,-0.21795375018993296
-0.21233765873126631,-0.20811953907807465
-0.24030987335676118,-0.18988922029295702
-0.27429402224575217,-0.17077858332133411
-0.29802878857480009,-0.14237162228597289
-0.3052296916824887,-0.11070078660155491
-0.30575600312671597,-0.063966109036356258
-0.26834227402007121,-0.011720387322264277
-0.23720554367695282,0.049006764603375455
-0.18716420888087837,0.10179341840563878
-0.13278885211262142,0.15485048622027034
-0.073468054144352202,0.20331022266287099
-0.039669153462032911,0.22045885411446181
-0.0063408316657591526,0.23222636981281225
0.00065251455956754495,0.2130722734881377
-0.012243089943646372,0.18518918727163108
-0.03554208476078443,0.1248511329726483
-0.072688791050852825,0.050137937045966793
-0.11934714156008117,-0.026655013535785668
-0.15750443474256801,-0.093976442468288165
-0.18689603939278959,-0.154383237155027
-0.18383813597911849,-0.19525361183994588
-0.16395653074835595,-0.21470793143738959
-0.11490069685751227,-0.21654184426909651
-0.047992278517612584,-0.19578621645661062
0.038973673999061847,-0.15282183514179731
0.1241877368142333,-0.092731418893703371
0.2106734106396852,-0.04027975781170396
0.27086282229703623,0.0059203492242592935
0.30380482151778282,0.040283878591430386
0.31358475062841612,0.060220566535595953
0.2803949650016152,0.061821070205239831
0.22009170241120354,0.037019556205684812
0.13885753425639802,0.013111263535000309
0.025605475521407024,-0.035721586570208852
-0.074691691944416314,-0.085800452966775659
-0.17058053266018514,-0.12939791974648779
-0.2531123773710941,-0.1764858244490736
-0.31804294907636993,-0.20575392438811621
-0.34164318556898415,-0.22519990136482584
-0.32536597383760912,-0.23369855169521661
-0.2872061970889403,-0.20542464049117484
-0.24216811921014769,-0.18273735834935223
-0.17753824767130449,-0.1496715527362463
-0.11413363480850562,-0.10407377659328867
-0.051177889347765453,-0.064148903056675532
0.0019949292041299815,-0.022547241335027845
0.037224361318719403,0.0039090687024902048
0.063433455311507334,0.057499249393944366
0.070887627751462831,0.071183386007780972
0.067768356474967248,0.092597935946688401
0.075389742722503983,0.10579132780403974
0.067563393755212919,0.10587213665114696
0.071076124757838588,0.10806179912000576
0.085632000490798083,0.10673617536054375
0.10203890555420332,0.095237478017418664
0.11773620391542269,0.069770898669113582
0.14278120062189478,0.060767699350949833
0.17029775988511867,0.033464640469693809
0.20716209105833217,0.013090485659912762
0.21389923994952262,-0.0027468820621491777
0.22341495907960157,-0.018149154292699445
0.21684066707041935,-0.023295975568762485
0.18426778616252534,-0.036663676117422841
0.1589037537916623,-0.038569066792756693
0.11151908459141333,-0.032013442836503612
0.067734012673151878,-0.0071689549915646758
0.02751867599966951,0.0056960810942797953
-0.0050968828909193813,0.032664932072513961
-0.036215950141011241,0.056955340771285293
-0.054186660487333727,0.094340317120168618
-0.056881867119822953,0.14020309457691901
-0.046287061170422396,0.17862326828336894
-0.044978838775825911,0.21218361285574452
-0.028362568413194809,0.23393520932434705
-0.0083913418697725839,0.25405414333513687
0.01422018621507249,0.25326435073604281
0.027273740651293187,0.24355609326992653
0.046114679830421806,0.20596945453826576
0.058134712343068017,0.15802382318257255
0.064280801381900954,0.097545367556755205
0.058030021294192248,0.040687005452441638
0.061273323624756008,-0.031678336730175422
0.059091251881112139,-0.098535003561390055
0.056054046816419387,-0.16384139274722326
0.043015312420542254,-0.2004711195534826
0.034753209593737518,-0.22063340900420761
0.035525187865937911,-0.22185611187950999
0.035639246307389426,-0.19373401727109413
0.03347158965546377,-0.15447742718707094
0.039232234890693031,-0.10985828817206604
0.053100308752803492,-0.064044844032791065
0.065850214923293071,-0.024225414480236719
0.088314946543557038,-0.0067664111893331481
0.1188353822513642,0.010216563313047933
0.13435846344626542,-0.019166594794783342
0.16348498771414297,-0.049905563842300868
0.18437129024547391,-0.10786960987196877
0.20187519057810643,-0.16823201098943072
0.21038352559330892,-0.23430807998276126
0.20497529468688136,-0.27685549896403699
0.20899703258942487,-0.29756254470276144
0.19356442343679536,-0.30472503656238459
0.16081630886193457,-0.28867799065357302
0.12347045440053073,-0.24636711725482385
0.068454813905653888,-0.18496312712323351
0.017515549902329855,-0.10903045467485083
-0.033627463106105829,-0.039189330167736937
-0.10430378174587877,0.015961234652323134
-0.15449759492423321,0.056233249262897855
-0.19585857431046561,0.072211697897915386
-0.22031146756233111,0.072250976007129389
-0.24572865306599209,0.047645286108132935
-0.26416068713278579,-0.0067881938374155602
-0.26510459492271127,-0.064392090037432959
-0.25466429111620198,-0.11358104990043598
-0.24386305562666824,-0.17219552945156016
-0.21940565775650872,-0.21221954739378313
-0.18155246699619199,-0.22501010502793045
-0.15855611113183252,-0.21859222520094368
-0.12382890382662262,-0.19201814122051014
-0.095414841563241801,-0.15025175607627062
-0.069543495436945824,-0.092879691909620241
-0.05658233338645817,-0.035982020945512318
-0.032495291941767986,0.030635118808280428
-0.034772992302476519,0.087335600246079628
-0.038622014377118069,0.14400196967343479
-0.056107194166665895,0.15719379497686856
-0.069467143737985293,0.19453872419650839
-0.094420847493121629,0.20087275259948914
-0.13538892043258946,0.20252243253320859
-0.1675359183258564,0.21072586871925716
-0.21329021993044378,0.1977784671709264
-0.24442874002543435,0.18956141162690091
-0.26564769770383001,0.18252907801861859
-0.28981651650776713,0.17067116023261325
-0.31041937511625817,0.17947762779578044
-0.3209093968561289,0.16383293123344631
-0.31670322020364172,0.15396535734406341
-0.29923719751130445,0.1548061227714935
-0.28037035227647134,0.15537875269355375
-0.27810935349793342,0.15475529701208585
-0.2565715360023727,0.16960957126487197
-0.23951786724548663,0.19125547127239223
-0.21904580424223108,0.20556040029991698
-0.20083769487208206,0.24057273650894068
-0.17985116134206608,0.24992328774235223
-0.15284718093364286,0.27169177215322271
-0.11625370924552086,0.2736687285875759
-0.088940373426276642,0.24996769409665193
-0.040437492688587658,0.21269668181216492
0.011462617201003725,0.17138613976317585
0.048248000758432413,0.10861008700942193
0.098446754733288344,0.029733284698344437
0.1423642258028362,-0.036302740971514605
0.17395582452629352,-0.1014657107886895
0.21848329506879038,-0.14082468334769052
0.25164435095482907,-0.15342392050950118
0.27260195301935208,-0.15089042363840027
0.28370742325437998,-0.10856712877208814
0.2909524245265524,-0.058544729507858211
0.29106281210597162,0.01037539468406766
0.2758691315833891,0.10257955269395977
0.2580018601796969,0.17331498913936449
0.22876586095733054,0.24929589828871807
0.21218831178432127,0.28214742918583896
0.18159519681627873,0.29196760417125783
0.16170712330396633,0.28087022130319089
0.13817949357843792,0.23182821473734136
0.10865483861474957,0.15613294339495573
0.10438873938203551,0.072524688744492277
0.092295884887247936,-0.026400711658525831
0.089135879485596065,-0.13155987862880317
0.095893558517798086,-0.21862014466007501
0.11865258193594366,-0.27765385662805098
0.13320314876947842,-0.33369535593920191
0.16315038627533324,-0.37322780732896166
0.18991246981976614,-0.377182876901685
0.21648691697618799,-0.35498006205888072
0.23743001355335641,-0.32461919361638208
0.23895787086519119,-0.28175444672067967
0.25760163779905587,-0.23511185463868531
0.24896939908349766,-0.16763879829317668
0.24509679337301138,-0.11019986949561181
0.23558709775194003,-0.065175617949367021
0.20392310380886663,-0.0147920057822049
0.17219084802207182,0.03554446671895916
0.13344487083381046,0.061851433623821277
0.094565444331170923,0.086600272600195649
0.035718081784681222,0.10400541154483608
-0.027973281987890102,0.1005383830491256
-0.089437693608749175,0.10154946041639926
-0.1512337753119854,0.080674454591913039
-0.19811468434694565,0.063432019931744452
-0.25428369454247085,0.036991089439115409
-0.27999524704776446,0.00091433516012356247
-0.28983667337894597,-0.037366023626404683
-0.29670584684417761,-0.078809851159476113
-0.28039615884696811,-0.11251309532001995
-0.24239058746622244,-0.13278344923693836
-0.1987176970348899,-0.16276698810654214
-0.1413576982915638,-0.16863948461726846
-0.087111767807841564,-0.17616407853576074
-0.02856250606195708,-0.16911750004000636
0.013312899542765388,-0.16612300961480606
0.046622905982171822,-0.1485651886277414
0.060161291905029009,-0.12549177629387431
0.060373291104135474,-0.098510296093338237
0.027825603212351804,-0.076435199765773537
-0.0091143261778014704,-0.046223851723056611
-0.05248739901305273,-0.022549903928567025
-0.11179116946716022,-0.012992985095497137
-0.15117613417925335,0.00015924901226404891
-0.19339543461437672,-0.016257862657078494
-0.21536057724142549,-0.028559224739773827
-0.21470841359586026,-0.052706523160467561
-0.1950760541757556,-0.086615921028227419
-0.16056412536700099,-0.12879305698826024
-0.12277946379137679,-0.16340758143431799
-0.063890656076217023,-0.19289445256672549
-0.01670666430286194,-0.21414398411268179
0.023899181336390053,-0.21062554450943599
0.057683339322545511,-0.19332582748455332
0.089971587904944583,-0.17694411747719119
0.095709496555665866,-0.13275061619444095
0.090989870041454465,-0.074490742371246019
0.073443380956354387,-0.014450160797259366
0.056885829503827756,0.060910356291826742
0.053608723466827241,0.11576606099022535
0.02055239616179064,0.16816733557314778
0.00970881314997998,0.20256506504349267
0.014723044206161953,0.21998723281603352
0.0091245899504564295,0.22301177391963509
0.031213114089271216,0.22532773287572169
0.04189752575106883,0.20437556711091809
0.047002577521098911,0.18335920743015535
0.065491732724684323,0.15522016032461602
0.056104619610712954,0.13328631861774851
0.060719132177999194,0.11956071675133198
0.034880825581147634,0.096388785476615738
0.025523249908940161,0.082726824748169142
-0.0058676484241695914,0.085195745681840573
-0.03095143717368052,0.092289910120172361
-0.069549108557377698,0.10754796570227301
-0.086376362301916754,0.13927297059387686
-0.11395133963710384,0.14808336873525799
-0.13049502208923988,0.18198230361987677
-0.14011940542052484,0.20761941116900812
-0.14799384468882229,0.23319892661990421
-0.14123795131539388,0.26795551680705504
-0.15209052164347431,0.27826354053267505
-0.14869169836771945,0.29480690971203372
-0.14288704771934485,0.28376730269876121
-0.15647088236238682,0.25978357912076133
-0.1745612120099046,0.21464394854872315
-0.19688732738021208,0.15463238596272116
-0.21914493117374592,0.07522940175217302
-0.24013138183768512,-0.012469004551550464
-0.26856232146127712,-0.10527641128620335
-0.27906708031967725,-0.18601863729257781
-0.29180155235439365,-0.25212394152976181
-0.27955976831873147,-0.28845567339604883
-0.27410288910312064,-0.30771731185951046
-0.25344368514309151,-0.28081113938404484
-0.23095125814470857,-0.24404957370805899
-0.18305879483400606,-0.17609994384096445
-0.14689999089141206,-0.073942568272799186
-0.10882820583075024,0.0022808616895865701
-0.07460149419219686,0.088035826673700635
-0.047335590426179595,0.12474655361416497
-0.018547117292721488,0.16441435947595401
-0.023285239908076204,0.15911477793995071
-0.022956477858185123,0.13893350415728187
-0.029865744197840525,0.086343400878804738
-0.049756071805527137,0.011215396926632388
-0.070304828533475222,-0.053947434645115359
-0.085283375236130499,-0.11548737564627527
-0.11139001903324697,-0.15131683758731435
-0.1127612959531708,-0.16048528935254733
-0.11358078711848368,-0.1462241560962253
-0.1166451947927543,-0.1045513206327784
-0.10593852454910585,-0.038295186648650406
-0.088271101992412324,0.025364147346499666
-0.06712380900696048,0.10525035530882791
-0.040446927320575581,0.16452914097895097
-0.003255588253049425,0.21013393057339302
0.033086767267837554,0.23725609814752108
0.081079863299410374,0.22012838709950064
0.12645169834436434,0.18352477348850135
0.16453225092711007,0.12365195269284994
0.20121894118275332,0.047913036881074643
0.23256023231140929,-0.032966213521773979
0.25750447536896198,-0.11768411034191273
0.27477718282838182,-0.17326810198543866
0.27280681755333391,-0.21560465581163846
0.2715348258851803,-0.25132221081828104
0.24563552011526135,-0.26512399074189497
0.21469172295289629,-0.26760899911927916
0.18631384980233157,-0.24575654817347878
0.15582770262173817,-0.21639663694027955
0.12475884006905737,-0.20294059022807781
0.10974520858465571,-0.17680158480060396
0.098000603330947761,-0.16455924838813388
0.098071944333658539,-0.16333820875830049
0.10870359675956752,-0.17122495077752956
0.1269463310375798,-0.17696176551323631
0.15382958777929082,-0.19867009972135954
0.17852223774206055,-0.21560690142537564
0.20040574319767646,-0.25187993527716779
0.20549281787160958,-0.26474007070898103
0.19723209060312677,-0.27183889589743065
0.18960744771356386,-0.27931305840094073
0.17411956062225545,-0.27390526724684855
0.13221175025459836,-0.27422880196638982
0.086222199546414413,-0.24821233051375521
0.048090178824006777,-0.22514147136218801
0.0096156851043472137,-0.19483724574157138
-0.020427969419723753,-0.14900162400719474
-0.048700705927073915,-0.10558891899769841
-0.06942341551170024,-0.063267437913105448
-0.067751430479215335,-0.015033078321041749
-0.073234907760149459,0.047260745609696793
-0.061511641737475968,0.10564307635224982
-0.055051458861327993,0.15033007483017674
-0.041670629326716897,0.20522419837825062
-0.039389274026594145,0.24189492888760333
-0.02878036415017126,0.26649651270247526
-0.035104316562061075,0.28079788757159013
-0.034547634157714523,0.2874156635225914
-0.057609300081763806,0.27807083130306653
-0.075848114043073012,0.24923736400659072
-0.096426591458961972,0.22436455809750702
-0.10816717311446079,0.1964218434775559
-0.14745815688798355,0.14304155745397587
-0.18475667923939904,0.10884052570241431
-0.21695064446330617,0.063898385837361529
-0.2447280767578513,0.024202405780457698
-0.28234516834962448,-0.019480711483044998
-0.30258188685998938,-0.059045426401804983
-0.31813472343543542,-0.090109198806634219
-0.31831665036544093,-0.12567505560524567
-0.29571814250856215,-0.15678385910111858
-0.27041696000440879,-0.18900169798122987
-0.22942566620420338,-0.21382306400629209
-0.17592310365432717,-0.22205619606509042
-0.11118794926136974,-0.22544778504107493
-0.054160122475343048,-0.23750610594376459
0.0024182416094699673,-0.22847673070515992
0.049690371064621805,-0.21981252065848286
0.096319522494970999,-0.19909404570947098
0.12101330825919365,-0.18212725975968158
0.13086561194436222,-0.16637567050054311
0.11592597209877083,-0.12404215615474509
0.095209078627122315,-0.091117864384386904
0.064844474955648129,-0.05682061787259602
0.025209368553472566,-0.015478424745318811
-0.027691418094037162,0.025012651090681525
-0.075250612875652698,0.0567295524514244
-0.11090991522410805,0.10519055437070367
-0.15278324651275305,0.14084802134844532
-0.18610728374834334,0.18422551321150815
-0.20571670388341781,0.2170369576404157
-0.20893116292034283,0.23828783868903025
-0.19769211387012112,0.24702635505124546
-0.18252711856477341,0.25311192234574048
-0.15434622313248997,0.23149709739854787
-0.12426985801670543,0.20098678876026002
-0.069921623020697196,0.15788113159963324
-0.021066005320005365,0.10004102891423154
0.038595382437114828,0.03718266382893242
0.093689351946312657,-0.024357539717299596
0.1422506118803433,-0.086410688419345988
0.17385982573397465,-0.13497012854493634
0.1842386809454509,-0.17240092545318539
0.19892374047020789,-0.19872058444848273
0.19363131794399902,-0.20968281597474772
0.15950653158982084,-0.19162744222963857
0.13193046499287819,-0.18003974097038308
0.07539551624375801,-0.1600245902352366
0.016660574081113613,-0.12532298487367613
-0.033769846861852415,-0.091002436007520809
-0.08407219350907659,-0.064120846085177388
-0.12997262000070886,-0.032601245100244099
-0.1689559409743725,-0.015851259246905596
-0.18782395218156675,-0.011865888202646859
-0.18748405041699176,0.0036396446226288799
-0.19282001770160803,-0.011237175239368404
-0.1821249614932928,-0.023153822521755144
-0.17003162210312597,-0.043557426148358509
-0.16709449254329142,-0.078156031866682976
-0.16874029223618078,-0.12072216134137599
-0.17907418008838058,-0.15064200374227846
-0.18490369200018134,-0.18872918517519718
-0.19701101383469655,-0.2110852945925121
-0.20774367182615339,-0.25183819313052619
-0.22075955278413789,-0.26200410506792948
-0.23623361457249134,-0.26836170944576787
-0.22357317149390657,-0.2789025766388088
-0.21091601962386994,-0.26856322877308181
-0.18268972894358793,-0.24801874026480525
-0.14951262169086252,-0.22912155850538565
-0.09283995221916376,-0.20711093014311538
-0.044138493690101123,-0.17606473791056515
0.0061606658994147155,-0.14049473732335138
0.061922394160641762,-0.13006166825741394
0.11155468854009436,-0.1091000545106976
0.13972785096632839,-0.1040223169778802
0.16018685201335461,-0.11391334852667757
0.16678275936189335,-0.13225325932568735
0.1647669902940172,-0.15517692385899387
0.16134800988809034,-0.17734705081399216
0.16193038610644658,-0.20419873762638746
0.15641637836154534,-0.23781296287960652
0.1536056604146184,-0.25963666792561313
0.1657104783810576,-0.26378486793676498
0.17331728292885068,-0.26559628425089227
0.20088060176461348,-0.2525181597147298
0.23140591747647754,-0.22615422333694721
0.24546553827058767,-0.18723259806238407
0.24757880059953921,-0.1374136169042289
0.25154536887150092,-0.087202200358320825
0.2415399786285243,-0.027678758506285178
0.19843429087624198,0.040531027017213887
0.15806086688474896,0.09428216077607908
0.099969696157446539,0.1438436964629789
0.025727743360957192,0.19919958504870877
-0.047740330083716559,0.23938836164799535
-0.10334456014553034,0.27539063127032004
-0.18204458599601461,0.27970271665433832
-0.229664132684155,0.2892704964581389
-0.27502293413550993,0.27616195128531545
-0.30740459923466951,0.2469326317236489
-0.30821186834384978,0.20945278347984173
-0.29515425003421569,0.16155705082157898
-0.27567098856704297,0.10213748022052867
-0.2482544488459783,0.051204447245652318
-0.20816673417213954,0.0091152484725183624
-0.16234107369310946,-0.026399484451687053
-0.10991175012613488,-0.048528608576952403
-0.067009493475451501,-0.06923370387520926
-0.023866783795611853,-0.062114287930025956
0.0206811917775441,-0.032332384504694965
0.048691519250858274,-0.013800147948119519
0.063162343102870708,0.020269858730717391
0.073384251403041195,0.037790880336567162
0.068155038335953419,0.054488323934869416
0.0478269005136331,0.063241957388602249
0.011510154701434322,0.055008007771455779
-0.023303405175271429,0.035138007670374366
-0.058707071502862855,-0.0066256188982408547
-0.11461721536779405,-0.041899439185592843
-0.16070175335070425,-0.0701088844195253
-0.19716708179045916,-0.10010783303908204
-0.20347599797369814,-0.12136578843641754
-0.2031667293084827,-0.13704159427049534
-0.18453247404647655,-0.11578550599538229
-0.15306677866512802,-0.10586948255484087
-0.10481117619149453,-0.074617546695104509
-0.036781274471819399,-0.036522920639269478
0.034702638100771337,0.0089532240615429609
0.096554653573888524,0.055292763866292255
0.16239815267222307,0.087246205813450772
0.21154504926959869,0.12000592147667616
0.23897959819698442,0.14628951367150603
0.2635071897978889,0.15743929607548937
0.26982130747803545,0.15434917540522475
0.27937556788789103,0.15566045019832328
0.26465614910895646,0.1305814205520982
0.25190783203615563,0.098704595093471861
0.2394487309880291,0.071742555535354718
0.23892794305730281,0.035687627572991237
0.24265044564662555,-0.0023669458824549456
0.24827703401561113,-0.058157970688422066
0.24973988750450327,-0.089072713178287966
0.26591645038019796,-0.13468102761564718
0.26586092364268293,-0.15622087385096539
0.26629336865243525,-0.18060819149434612
0.24957179387480649,-0.18598755634183775
0.21540425890363082,-0.18707302600849285
0.16309990900093427,-0.19060138734257548
0.10607222604978857,-0.17123869562422345
0.031281487043084151,-0.1366434395528677
-0.040948271194712865,-0.10120251144706435
-0.11016509299332704,-0.058124193968483902
-0.17906058480740752,-0.028212256804176588
-0.23452066762666979,0.014257551994424668
-0.27702701121105838,0.041051377303845969
-0.30824925167427863,0.058185934897581872
-0.33580151474280812,0.07654165839491317
-0.32642425027279826,0.065894892290625715
-0.3181676745839872,0.062388778041740978
-0.30557197993416113,0.050899148710124825
-0.29108114066571938,0.018362613552063024
-0.26607767361985418,-0.011589317984663221
-0.25035582036100806,-0.042070080417921971
-0.23380685402018883,-0.081433260630215762
-0.22667311833278866,-0.094932926642739196
-0.20983933699608942,-0.12746394718957432
-0.19418061979398848,-0.14847133339834923
-0.1738567324346616,-0.14260616876506796
-0.16164021687615981,-0.14384299353030572
-0.13259131439896152,-0.11764805792624189
-0.11196027239613222,-0.097962725562925193
-0.087088420442505254,-0.068799812033074087
-0.053682305709027225,-0.033891686462473196
-0.039870574253189503,0.0083787631054250394
0.0010654735631278334,0.049678417429583815
0.019492049051423863,0.098682579911996957
0.055855326669002558,0.14085218467993113
0.074969219320331196,0.20080131181264832
0.11047694887047634,0.24995669301141046
0.13414789606272282,0.29215080662076776
0.1542520340933565,0.33737986703420408
0.16402873291005493,0.3647332546680761
0.17609426687150559,0.38901633986603223
0.17663735801943278,0.39231836399014913
0.16053076803717747,0.36074525897739157
0.15423590370752469,0.32417538825433267
0.12588781571670557,0.28336586782618695
0.093951970704699295,0.22569340629439508
0.051256041155683621,0.15058543266899427
0.013158355252685239,0.074012413824847828
-0.020146975929334659,-0.0036598361421831069
-0.054829674166004934,-0.070684202236840965
-0.076622911618650022,-0.12083184919564982
-0.074181862997105261,-0.14419343441356086
-0.060746880831440628,-0.1406671524819991
-0.033713587233454141,-0.11657020793491868
0.015227118235114573,-0.059116156809704522
0.079204433252822407,0.011921699989567686
0.1418329238272229,0.083117499070593875
0.19964639753916122,0.1593320581401286
0.24809565257106259,0.22298054243740933
0.27924435794422758,0.28039782400862184
0.28971267172643295,0.29831809377358615
0.27320874075647772,0.29703897291578119
0.24566562585956961,0.2616098697843901
0.19305152240885329,0.20551056017397912
0.1270413538480511,0.12837624977717263
0.044788809439234023,0.049697485448384079
-0.031864805190938622,-0.026138506905442747
-0.10062417318907795,-0.095865892931258842
-0.1543245353445328,-0.14704422937173348
-0.18506218754462833,-0.17120761878505003
-0.20202701502088702,-0.19470772390037824
-0.20255791222142144,-0.18077229782309007
-0.19344950484603488,-0.17220920073132379
-0.17787630459322878,-0.13418862850250116
-0.15744518199361349,-0.11387012059888334
-0.15242049495300175,-0.096188274748483321
-0.15681600137415355,-0.077704072863351792
-0.16577821166285076,-0.089710092552220386
-0.18625084072588502,-0.099344966124011641
-0.21411161452582569,-0.14374927398058671
-0.2474095969518805,-0.17619164694403863
-0.25877407522590706,-0.2007226368853125
-0.27331194097272171,-0.23932550432530439
-0.26195226231153201,-0.26051125003080045
-0.23244895421537917,-0.27709457771413748
-0.17656156060531183,-0.29583043184100538
-0.10700360092723904,-0.29838532534022005
-0.035317754593259705,-0.28239852436971946
0.047675265155054394,-0.27166072161774857
0.12338675810024646,-0.24765744125887171
0.18609721052884626,-0.23609319586822816
0.21929206585807362,-0.20375384926120613
0.2306806124798472,-0.18558049044289676
0.21677172322431806,-0.16679095556864124
0.1616962350637699,-0.127439150008194
0.11194601377246875,-0.10008575978748992
0.039371030134834915,-0.096920406926062033
-0.02463013229474826,-0.066027609163603992
-0.084435878759470645,-0.065325530012875471
-0.1353821808179724,-0.049576839245313961
-0.15600331697357131,-0.036770132134750964
-0.14254355160864182,-0.030163013290294804
-0.12299988167713584,-0.028442559500186176
-0.082104515647712345,-0.023459420959108763
-0.027264772050390965,-0.022135685351514181
0.022218917975775763,-0.014215546738796516
0.083932491470429846,-0.0027515918827867429
0.11894835918014791,0.010514499850340409
0.14039124998032315,0.035035495103767057
0.14776681424464838,0.067639013915578472
0.14759565103843697,0.10580438242690179
0.099698308982843126,0.12873254693906525
0.052408036463279323,0.17177966264933658
-0.0054767271124211668,0.197120777291619
-0.052141412024943101,0.22130390826390697
-0.10461107168015286,0.24380041487249318
-0.14597780763760024,0.25846309560045205
-0.1676484004296756,0.26485833732468683
-0.17115501814273468,0.26714028512045396
-0.16711384248923941,0.25117061261395918
-0.15934971312209203,0.23019246524140843
-0.13618551358961109,0.20141906515308672
-0.11944231951593222,0.15514038269722519
-0.10851166295904206,0.1041809262777962
-0.084307660851766331,0.039886052427606379
-0.083474202688717136,-0.023322161317116001
-0.081914081522856647,-0.080607101157750397
-0.076515730342108484,-0.13124894257344877
-0.076932516303092349,-0.18985778238025111
-0.080966564698212798,-0.22639625266980262
-0.066549503755894704,-0.26008878306907851
-0.065368018291852251,-0.2669458439829388
-0.060939081387866266,-0.27593874630988857
-0.036626675637037615,-0.24826083325376982
-0.018700507279180899,-0.23132667202149826
0.0052057668617753773,-0.19131775149360686
0.024796545447043111,-0.14873630311722461
0.044718094408302003,-0.11755437542581336
0.055334764336659167,-0.073049590203219231
0.055538956921953,-0.042629731491219999
0.051827472626884592,-0.037101883803483574
0.033358601606998099,-0.021489828195076308
0.011517050576263496,-0.035768810865836248
-0.015833561784653515,-0.063604107246304137
-0.041325319734298115,-0.089866522741058982
-0.066693104758099281,-0.13022978468674778
-0.1027111248408495,-0.17283885344749403
-0.11013017034271889,-0.21672428183618347
-0.12297151231981861,-0.26369783388363199
-0.13140608486148042,-0.3078635570968748
-0.1189842073574056,-0.33942544323243123
-0.10824249449109198,-0.35504271906967166
-0.077861261360172601,-0.361918592223539
-0.064280775696265516,-0.36189241794896548
-0.047050686244262854,-0.34432758038053984
-0.032557339879180025,-0.3158735100390419
-0.021679340822011579,-0.26648273501068209
-0.012375826220664181,-0.20816067677272571
-0.017556359284060026,-0.15101573252404352
-0.033228090406782491,-0.09618159791397142
-0.042865543656420507,-0.037718409034256016
-0.054861065556741452,0.019220135862890172
-0.059787572185973116,0.053700049759118199
-0.058945460523666837,0.087689568531702122
-0.055189045986175238,0.10361090248598066
-0.039791806022157448,0.11552273179913305
-0.024102203305809318,0.10230298783869024
0.0057815148150915574,0.10155178346773858
0.038375969240356522,0.050505872500138431
0.05532944104717108,0.031265860706579704
0.066152064362781371,-0.012095488615011928
0.058653786513988899,-0.06937697393344254
0.052279163577470054,-0.11197909907719167
0.035566197555062844,-0.15440155049760418
-0.0019811956667423634,-0.17753827546083048
-0.042163174447271731,-0.20205865690948435
-0.085434154643752341,-0.20966427434033347
-0.126945333874286,-0.20065716531885375
-0.15413548935386112,-0.18922052556244442
-0.18796103250903951,-0.16751972642888813
-0.20573773265505615,-0.12270961877389018
-0.20727769526501771,-0.074006513402507412
-0.19562445214619564,-0.017119661018275192
-0.17874329265663436,0.030561352751857913
-0.14397453711961905,0.080408582080966226
-0.11408007563388969,0.11994001420243187
-0.088789885203833172,0.1441457890003999
-0.043747582765994629,0.14060485262417499
-0.029656161258400374,0.13070540463468833
-0.014488669631620266,0.095126618211567038
0.0093807369651143658,0.049460916712950637
0.0042145853636981114,-0.021533984921956118
-0.0024384111179510757,-0.087892588191363127
-0.011274509027419754,-0.15356393055750861
-0.0071320630551431081,-0.2197795579696018
-0.030682745356259509,-0.25340795832217877
-0.046688373279127976,-0.28573337839937263
-0.060695979484722835,-0.28267829304953812
-0.067007427426113889,-0.25780911455713063
-0.085419013354298717,-0.2167655840065093
-0.095251285485475845,-0.16015462056659049
-0.093720513959358029,-0.093904299551285514
-0.10566343801993976,-0.02034393156773201
-0.11020556738503492,0.052555432281105867
-0.11724510906141217,0.12307536803843139
-0.1064265365761688,0.18196699230337779
-0.10123005923298567,0.22228717609666471
-0.094115899609337778,0.26561414618778828
-0.09330750726366828,0.29177205485002994
-0.070239403784078988,0.29351708959354583
-0.065579922227762627,0.29596430431835286
-0.045226959457788242,0.28683597837809272
-0.035370703928692078,0.27173429444307973
-0.016072427225678344,0.24189013861940203
-0.013338845183380053,0.20398610978996193
-0.0078139218171745795,0.16554775411284503
0.0037764029589956892,0.13101326238815011
0.0027108113070955075,0.078102811276600431
0.0032405074220652717,0.057849324692754063
0.026714508655838437,0.037213196447452163
0.02827120828543396,0.017692945683704685
0.046627027477478003,0.025740041594683221
0.059082457016070671,0.033981469102485194
0.077320879427986405,0.044002908257896621
0.08091491495164678,0.061665378405856779
0.1019547575729739,0.079059681464614395
0.12080856261121309,0.090588621181297929
0.11844992648828621,0.082355679748004201
0.11640737370498018,0.073629131528229155
0.11767881645619836,0.02736690471306711
0.10949272400857163,-0.020366748567386423
0.088542433609346868,-0.08295394981132978
0.079693141762839675,-0.14744517178521582
0.065110941215656915,-0.19833983086325913
0.054377883305613495,-0.25359857419822807
0.040627869386724462,-0.28735215916044043
0.033516715169703344,-0.30162426375928192
0.032804205414132967,-0.28701429483221702
0.022160904115986681,-0.25161917152553342
0.02020949721973658,-0.18982534904719597
0.0046789427576708212,-0.1224894807039987
6.1470418464320073e-05,-0.059789755429644278
-0.012317728996330964,0.0061224607208984604
-0.02639170249987699,0.047854914944319121
-0.042172923582376641,0.072685532474470946
-0.058027448823063738,0.077154279295240949
-0.08979836243825054,0.060516844943800975
-0.10688925639075389,0.024834374107718205
-0.12823213969007152,-0.0392250790964081
-0.15397863000962159,-0.085574880666614908
-0.1874172779611839,-0.14127191493769115
-0.21711162856224575,-0.19349126561241728
-0.25534168758187925,-0.21933378892800956
-0.27686714569640136,-0.23881551140256202
-0.31170940315519929,-0.23578686173023972
-0.33793966636051009,-0.23578281595454398
-0.34999502878131983,-0.21467896149728027
-0.35151102228398268,-0.19369333066080946
-0.34302633259491844,-0.16868582754069195
-0.31807034354936148,-0.1566809117482082
-0.27907007680952534,-0.1520026048776118
-0.22328275315836893,-0.15806377384367284
-0.15675805593600178,-0.17237036651456022
-0.088451970576450961,-0.20267368345791772
-0.0089065411678183274,-0.22616223635040031
0.072060443353957171,-0.24131890096599359
0.12421900152040333,-0.25511827651523522
0.17722728953796105,-0.24929949047971819
0.20030982012797341,-0.22764775707180929
0.21653016830090857,-0.1797516969741976
0.22164560547756024,-0.11443178561314783
0.20904859421352262,-0.048780760010595718
0.18156936456919223,0.03102050277279857
0.14456100294456703,0.1005845233050902
0.1260351059696036,0.15655873347680346
0.10393775755806718,0.20419938871561669
0.095223084496411953,0.22312465361576952
0.10171306761656036,0.21597145352219171
0.12014648562563907,0.1891611552391288
0.13503482581835125,0.15371945221647015
0.16287887727175129,0.10681887129735083
0.19060736979789653,0.052138683839692265
0.22433295353458663,0.0029400818599240198
0.24453641738968734,-0.027473978442531348
0.26724935127296534,-0.065013340187291019
0.27730316287254969,-0.073639278398908506
0.28042260703626043,-0.076038521680585905
0.26161791780900645,-0.064806225115629737
0.23686691529125498,-0.044777658882656751
0.20203307930430681,-0.029111917609344815
0.149572037232102,-0.02612494787846803
0.11093537456207983,-0.018091467672666003
0.048845958371261065,-0.025177672559259869
-0.01808863721502078,-0.037652206240229996
-0.075338445709267926,-0.062878823899106914
-0.14420950433365662,-0.093396616010538877
-0.20390797239461961,-0.13455033389475293
-0.25137248677300961,-0.17855257013125084
-0.27077837017208234,-0.21655227760904142
-0.28601960174185564,-0.24441371725549069
-0.27950123144908257,-0.26599321459541325
-0.25311111700509453,-0.28112717230559775
-0.21242793363989942,-0.28760853667596542
-0.15065689366429169,-0.26342804332755965
-0.084850696351630145,-0.23483924301632578
-0.017447579564959417,-0.20881362221500979
0.055876390818876041,-0.15789429930328394
0.10551079654055386,-0.10611717728269786
0.14751725446438443,-0.043285152827358273
0.15991908914643302,0.019626661704734594
0.1610343425127419,0.081118424047825821
0.13667446654981877,0.15091882372197685
0.099970285632639558,0.18916915957177391
0.069341980999803987,0.24582700502510846
0.030422777138134044,0.2633832193881544
0.0023488649174088719,0.27913108216170374
0.0022979376987240447,0.27492248898858962
0.00072249925709836314,0.24446127111745902
0.031997426354189083,0.19779530894013453
0.070019978477227351,0.15867435358486859
0.11625001374415789,0.087599054928391679
0.15376036406953095,0.03121788807608732
0.19391448059119323,-0.018924298731527858
0.2185683135264492,-0.07246980926098022
0.21826014295386009,-0.12300410234944274
0.22029853168054769,-0.14426993813462541
0.18592878191720943,-0.15591027313019562
0.14613167073797848,-0.16252335610854274
0.09953743595546205,-0.15132554745176652
0.0624544212210719,-0.13805959278906116
0.026326014005295256,-0.10961837029956491
0.010067207195274309,-0.081851548991717815
0.0092050514049984745,-0.037572125130453653
0.013670903832905239,-0.005660014133171137
0.050954142526408445,0.022349461788840969
0.094372635680233033,0.051001745772375921
0.13429326362958149,0.078077794190877459
0.17856515688780134,0.085388463964724076
0.19605341985437222,0.092140070956538089
0.21572823198738217,0.070925368912862038
0.20829590747720422,0.044875632926628078
0.18632762508097739,0.019660456012812765
0.13741331000144569,-0.030464466736280192
0.099418303225748655,-0.069393525233451006
0.028771792025752606,-0.10890120276991992
-0.031159067671032624,-0.13471701393621097
-0.10278964214102596,-0.13914698824891772
-0.15423976657393312,-0.14990445322191331
-0.19466485622411375,-0.1219078709482295
-0.22137898960341007,-0.096572157583797696
-0.22551291015561226,-0.042774510000371642
-0.23014045894186799,0.027357086900941019
-0.21899180148835629,0.089455833959388401
-0.18761646113855887,0.16080379626418567
-0.15700667727189946,0.22521137049521769
-0.10643918262591961,0.25957894250462898
-0.048858875990918149,0.27360067293329504
0.0093413163655275515,0.28165123263914582
0.075857024413715349,0.25784789335562519
0.12907350017357699,0.20631014294544764
0.17847199841208047,0.15463217695009393
0.21034868041054616,0.088341778264655418
0.23951894075939958,0.013330266665038473
0.22956593083689436,-0.063691953039086341
0.20775289641396666,-0.12720637297870266
0.17074556464716276,-0.1848806630824682
0.12776943967603571,-0.22235425513918833
0.042020455583794442,-0.23187613273552743
-0.020601742323141978,-0.23679940068974659
-0.084235990278466732,-0.21622453110134721
-0.12807322845870026,-0.19252137973397759
-0.14651408190309301,-0.14916540098622527
-0.14753060197168391,-0.099503131832941863
-0.1195835560625689,-0.045010622838545934
-0.052622158850359611,0.001024308324299456
0.012462569231922504,0.064473242968643471
0.089471888013506057,0.11162202499352192
0.17144827263056581,0.15495458394742379
0.24248117094172827,0.19650260053740887
0.27983483056308678,0.23217494514410206
0.2959277346513095,0.26143187148993458
0.28080791040036523,0.26814348920002584
0.23373924406395216,0.27108731146467158
0.16301457481813625,0.25523740334130168
0.069949433393612689,0.23491154764360608
-0.024980471989846272,0.18816343278523914
-0.11768255752144506,0.14007557932277087
-0.21119687193488557,0.093165174587055977
-0.28405195264460409,0.032111490542839544
-0.3427134688952404,-0.012120904942474127
-0.3761541571299028,-0.05534253826527482
-0.38389001559547442,-0.097467426334302693
-0.38768147752587062,-0.11812196329998392
-0.35947366829568284,-0.13996199274629526
-0.3251200921661585,-0.15134600011852728
-0.30102030786309864,-0.13248913308147697
-0.25940694204281911,-0.11109748737326175
-0.22161096853148227,-0.081469803979427019
-0.1761239518565442,-0.035801624682565217
-0.1484511092222609,0.012298175573235414
-0.11058410739567906,0.066954325698943704
-0.094443592851859937,0.11343670277568646
-0.08589177016673899,0.16575860007356358
-0.096314281930129267,0.21406582022763862
-0.11387590516435667,0.26179236156214175
-0.13172326195186426,0.29479502338698899
-0.16247262221468362,0.31887927985431275
-0.19662839997503945,0.33520291311746564
-0.23748093698252704,0.33338114180718098
-0.25913692026785662,0.33508161189675317
-0.27297322092662152,0.32223795594206628
-0.2778671832299327,0.30421786507097204
-0.2746990513779507,0.2784068179955696
-0.25500305447117888,0.2242756581427614
-0.21981217315981921,0.19474385203621544
-0.15323619168014496,0.15333450022283426
-0.11634300729304148,0.12443928762639109
-0.042029833320486834,0.076315093620615879
0.0084263626940942853,0.051947612339375705
0.030297711380258895,0.040274751989190838
0.051362312887447165,0.024137077335913113
0.054220724104164911,0.020970246124608998
0.030869084097897515,0.03593516038687438
0.0075801627439436954,0.045287185988106278
-0.046623873819919427,0.052499830787294026
-0.10682568094349998,0.067506547833621144
-0.17895286445351541,0.07812094574984943
-0.22950347400598989,0.077853658631115361
-0.27229133454977894,0.066622110241159563
-0.32190757267124626,0.038846232436961205
-0.33772423428206982,-0.002756602996227645
-0.35034421808885313,-0.039466940053270186
-0.34200753576410486,-0.085357905730529648
-0.30928328810052624,-0.11645258731020801
-0.28456631934319881,-0.13955910590227538
-0.23129205913991838,-0.15121519122562027
-0.18508842278653115,-0.14395906418371782
-0.12149791960049065,-0.10872319501813332
-0.055371573104604596,-0.075240390185066758
0.018271445605122012,-0.013191839762237454
0.070122397234232622,0.054738924474757346
0.13780805972622481,0.12118738325032838
0.18975981288566393,0.16641287140381447
0.23733989215858076,0.20384540159903969
0.26741178387030795,0.23275070792406391
0.27908989239910381,0.21632834256447508
0.28713493089599917,0.18563237658840362
0.27475374944713848,0.14063002435962302
0.25124894590354857,0.081869864639295228
0.22268433457002473,0.023471883774590824
0.18792444398689828,-0.036974056167156447
0.14440512360225843,-0.066322654815608631
0.10502570427816914,-0.075607915602140016
0.07233978480624495,-0.066701788834729187
0.031638625817944507,-0.037721089753085954
0.011693202550997229,0.01250583178219352
-0.010086994237091333,0.082786268669029869
-0.045785068602559029,0.13879659129326555
-0.066456259747854671,0.20504613216443002
-0.081533012366360597,0.25477770984583314
-0.099226910202562107,0.29736682904410733
-0.12705847685287402,0.32067517721062266
-0.15187961162134486,0.31767640890904841
-0.1732143583838828,0.31913166469719395
-0.19925031059367468,0.29297409484277737
-0.22677569002024558,0.27875528525137488
-0.23055671994726837,0.25154144408920176
-0.25401069838778906,0.24603891610790141
-0.26008741674024549,0.24564947718390742
-0.26961965101128443,0.24885764955059783
-0.26314529144498217,0.24782147459324824
-0.24869365848128255,0.27346839676002199
-0.23542885244742209,0.2927708218671618
-0.21734093710296817,0.29088374365427555
-0.18787534533478109,0.30015402501697169
-0.16725163990957226,0.29321515678956978
-0.11605873229828272,0.27122379460573426
-0.081671184254915805,0.2434153525185172
-0.030447348336612414,0.18700921280762015
0.011488176636082415,0.15231198675495916
0.053024668160281306,0.085333968197196519
0.095437496221597043,0.026016249425269519
0.11686354816952708,-0.041317209106719349
0.11773890756584757,-0.10882152544903667
0.12424210995950029,-0.17157515626143394
0.10239375414152518,-0.24183470596192763
0.073626155610645755,-0.30001159163046132
0.026371475290670986,-0.33751015474956481
-0.014626083787817268,-0.37566458027907468
-0.058498312029026604,-0.38431077104715194
-0.11680236271191566,-0.37421370067625426
-0.15368965421515271,-0.34586664502562092
-0.19220506406907881,-0.29234806668873148
-0.22671599402588921,-0.21369041692425136
-0.25286306694593857,-0.11646518801880114
-0.27690867011837916,-0.021417510476758741
-0.27466654627490278,0.06965881511560848
-0.27636592576598362,0.16348762936696384
-0.26910040921449735,0.23606237691089813
-0.27303610158221359,0.27639326542263026
-0.26295132421118245,0.28819354049851681
-0.25203547417311817,0.2818801234231107
-0.25392448595480321,0.23837354255400817
-0.24509212547650736,0.15248597834065036
-0.23966087072301151,0.063566908525093252
-0.2360654970430556,-0.0093826201216298307
-0.24314259306032737,-0.1019759520586223
-0.25264411598053826,-0.17434727247989684
-0.26684438337057292,-0.21497466584648789
-0.27416739636892801,-0.23799943344787308
-0.28299565097198937,-0.23915713064992405
-0.28602938723785715,-0.21672248663950489
-0.28811621003506199,-0.17322289034851765
-0.28622344399056426,-0.1065319350623402
-0.26506831884747167,-0.05498575893189999
-0.24663801524651693,0.011086146116929979
-0.20375480328246542,0.061225869325225057
-0.14915980784899083,0.11053917743981052
-0.079340677450725289,0.13875840093997546
-0.01599872476533876,0.15230627335131644
0.057529415117848107,0.13729869675150042
0.12602981110238085,0.14121112524483881
0.19416650322244577,0.12011146861021998
0.24680570775580393,0.10618924817466896
0.27060546430672872,0.081820872986487714
0.29708315770001381,0.071142466989076808
0.29550412612835381,0.064243557481076227
0.27817408709973701,0.061395062990615451
0.25934104686758558,0.066350729199207314
0.21363516543078437,0.060546229435695306
0.17642862598586814,0.068011002683486296
0.14012896290334864,0.062915041603948729
0.10112145417082567,0.055214755748911784
0.065775006323333732,0.052448818584318421
0.047212993256476349,0.047243317968448585
0.03291252105950597,0.046755713950428435
0.015996203373739228,0.047468632742171425
-0.0068391284727460904,0.048138066807396539
-0.0095418559459792933,0.07007461360761337
-0.018742840558750497,0.0719639654977524
-0.027272367887774349,0.089461449007694899
-0.04636137908224356,0.11459601811892035
-0.070452608538854683,0.13864831305901668
-0.089544893321028746,0.16304567146321833
-0.10055763059865283,0.18114960142014006
-0.1280697877973006,0.18445040922964412
-0.15091485803479318,0.1939370635920725
-0.16536586448437454,0.17200647767375649
-0.18135179981590041,0.14107436005082549
-0.20114150058696645,0.092986530253678965
-0.20911035890129545,0.030269994600748494
-0.22783684425994366,-0.034417986292086249
-0.23765731775482263,-0.099630795692203067
-0.23983884277744116,-0.15937320664930826
-0.24405979891308729,-0.20135406327793762
-0.22825818013393151,-0.22895313074982304
-0.20313095470846826,-0.22430298272372573
-0.1796943116558353,-0.19345837968344631
-0.14633328065815573,-0.1529428562028235
-0.10460816901237151,-0.086182677539742125
-0.06953634638553105,-0.032953809630225421
-0.027459318181027911,0.040453867085595105
-0.0096644025858371244,0.09445940552730972
-0.0016533997721462279,0.13899842823542419
-0.0052557495423662367,0.14824671676482279
-0.036782808997067859,0.13266852725618242
-0.076705124822445514,0.10437384229469039
-0.12449121777845348,0.050035410747076674
-0.18102508293831876,-0.0045534289866974781
-0.21783685807195999,-0.055076910498812012
-0.24341461683229029,-0.10277927766959882
-0.24249886518865399,-0.13015055244262591
-0.22586239662189983,-0.1467007818615117
-0.17385554294329858,-0.13023707671445942
-0.10723820675560092,-0.10214106563598661
-0.028463147441491136,-0.039449408664110633
0.059695584705441604,0.029395944115642055
0.14499560227960623,0.10464239390435544
0.22400171792009291,0.17322583268135711
0.27359914947391023,0.24862028309347625
0.30352511057459475,0.28742368992730866
0.29250241269949773,0.31741754505036346
0.26006287273350648,0.32729599279951666
0.21654366444404669,0.31431136148882366
0.13513030387268624,0.29283828474980861
0.053421999501697362,0.25382373984761242
-0.028635785011991641,0.21657549201518109
-0.10016520302156379,0.15231294728328565
-0.14998928104550802,0.10135786181559517
-0.17783534876675808,0.047812403101253925
-0.17830833018559661,-0.0021965625785800528
-0.16251637583477824,-0.062672986077432047
-0.12801930621042718,-0.10035118793262758
-0.081642850192879146,-0.14698227272765285
-0.032001460063645522,-0.16140430665434213
0.024502649201595655,-0.18721832671697225
0.063838538430675384,-0.18871105267009078
0.1091619970197345,-0.17875000217795309
0.13574285473393827,-0.16556829634496451
0.15966311663219834,-0.14219216489001538
0.17202235666791041,-0.098387696274012684
0.1838629427757609,-0.066158461292982876
0.19878532414899183,-0.023708179120930945
0.22019013635749479,0.009940663397747164
0.24348147364351291,0.046015866689115975
0.25969937302173418,0.064738207676481765
0.27766756610773713,0.07899020051639212
0.30763345244728896,0.085992278238060021
0.32332968237507298,0.079632494417729474
0.33830842260109706,0.059567646593490654
0.33024287271419916,0.05315955846568042
0.31415134380035742,0.03999375275644762
0.27441957712063236,0.029797936557230849
0.23786262457567753,0.019162765173533519
0.17039753137374475,0.0053522372551356844
0.11291204495463246,0.0042877857056742548
0.035718770358937509,-0.0018926431266638871
-0.035369765057305949,-0.00087905747872472103
-0.098237823486353335,-0.0040420031430238573
-0.1595787295908814,-0.0098785067745853095
-0.1929721897608756,-0.028613954611991132
-0.23689500821969053,-0.03849311181459044
-0.26013006849486309,-0.06691218371950966
-0.27811257439795295,-0.10095876646639099
-0.27783856461844575,-0.11989640734968979
-0.2834246436512996,-0.15387222695976258
-0.27395662012479072,-0.16620033708975032
-0.26709440167989695,-0.1823373658143104
-0.25334743458364806,-0.19343394175453482
-0.2407354515227581,-0.19558442554397684
-0.23604469494486113,-0.19257014204272932
-0.22141745196201354,-0.18746513008512986
-0.21114039306337284,-0.18036117657702377
-0.18810050581329249,-0.16689917315668218
-0.15820094484138295,-0.15345270328672098
-0.14262297636195861,-0.13732609771473825
-0.11687542379415,-0.11013333626579466
-0.081746777239975352,-0.094162582259104427
-0.04584564114567001,-0.079052034663681284
-0.014976553133326772,-0.056012497858693666
0.012549085084436579,-0.051773010473812373
0.036766108966741956,-0.035386489864381976
0.06488150242664803,-0.033187368891419287
0.088494184999461212,-0.032597296045498173
0.099682761920182356,-0.027780593084989584
0.10963026051473211,-0.046985258066585101
0.11489993954363135,-0.053590718903021001
0.11774869777052525,-0.079618024848466279
0.11295321218692962,-0.086482805781079378
0.10484643216860937,-0.11424227493714179
0.068648061153587514,-0.11352075028428918
0.037221624526960449,-0.12006803954069201
-0.0045713369904519692,-0.11951238602439192
-0.062485543520041355,-0.1135594108790338
-0.12841011299910671,-0.099831546470006471
-0.19268213107098675,-0.09320937943529177
-0.26773979295040301,-0.073892610506809744
-0.29946141590750674,-0.05286667185751516
-0.32886815608202885,-0.040182026433422155
-0.3358438062216203,-0.032950295196191658
-0.31242645821400178,-0.029450600787446622
-0.25665739159195239,-0.027496202945183148
-0.16284403687580865,-0.045592084295939805
-0.074864092317365585,-0.066597645338714886
0.023015592371983317,-0.090620415090187006
0.11729668038447548,-0.11120237952369469
0.195301025310606,-0.14978221517791976
0.23882341933087997,-0.17318039603484123
0.24007978270463018,-0.19792095702308701
0.21346704239644609,-0.2215427854012634
0.16083248259713911,-0.21739793418658221
0.068095879584402733,-0.22136202430955168
-0.014702918058294099,-0.22129930910103784
-0.10513739017083674,-0.20695552884420243
-0.17507922007743029,-0.19635769463748384
-0.23261593817893031,-0.18748851860500643
-0.25404296087001227,-0.17994166757154612
-0.22989649797500328,-0.16583018302622204
-0.1704215934927541,-0.14813818574513951
-0.072499183964111397,-0.13852762593947646
0.024506003288229584,-0.12989876386234933
0.13243233974597809,-0.11309469543291126
0.22682090544588715,-0.10074810554200825
0.28712307402831566,-0.084673831092242136
0.31527815430542117,-0.052394873552570852
0.31108080573903896,-0.018636687506086536
0.26404556800619172,0.0041182281436746042
0.1869201393087502,0.024538669581899895
0.083932729162126574,0.048465700686399604
-0.031895946631807795,0.067989762364171022
-0.14007560545939854,0.074384955623390009
-0.2300116762381908,0.059712428471156556
-0.30535974066638477,0.048468444276449578
-0.35655474472195331,0.025577007447592053
-0.37875420458668441,-0.0041406397004835633
-0.36629565358968907,-0.030298886589422699
-0.34411301146599088,-0.069513940181535505
-0.30697793563986309,-0.089058229744444078
-0.25360951062641435,-0.10892017032967438
-0.19696542601872941,-0.12528401855564258
-0.15895427167573217,-0.11789489578838601
-0.12129963142093914,-0.10643101165021014
-0.083658323886048699,-0.083922764352576867
-0.05799073250598108,-0.030445157028535789
-0.035469670479760969,0.0010802404100508436
-0.024148107656967878,0.067994528485629951
-0.003891559842771813,0.10877081144281088
0.0069968987305655391,0.16291276678820171
0.022551206413121458,0.19590011740378066
0.041519882096030455,0.24262039821346282
0.056487120713814225,0.24092239523357784
0.059140933464287934,0.23425824407250295
0.07453245212654018,0.22859124029056341
0.083360855079696677,0.20193170252246057
0.099512985405325605,0.18020801305402581
0.1148301003951038,0.13304831930074101
0.12293550296490915,0.09588929313468747
0.12642411827713312,0.056645452319193705
0.13631035358004956,0.015181121410690581
0.15565914592452018,-0.022056057907777454
0.1757390262426938,-0.050768863628532536
0.20222263317990602,-0.082107932248524682
0.21162280240423706,-0.11432438977556145
0.25049289501075389,-0.13958227208410695
0.270160333525782,-0.16406298320761775
0.28739401898372186,-0.19249485264871458
0.29992310598079969,-0.21548114886310751
0.29724683801111879,-0.23128450726015062
0.30315687083981419,-0.23633985670403274
0.28669609336672897,-0.23094613955546067
0.28188586140032545,-0.21634527226689784
0.26123943887765511,-0.19237580442288313
0.24758795753953894,-0.1471062051294397
0.23690951018880874,-0.080173261147000116
0.22580288657728095,-0.013941103365228517
0.21283476233978818,0.063465395410490621
0.20669261760997668,0.11650523224338565
0.18706392678759276,0.17354273796949013
0.16426534359974318,0.2156481489026183
0.15193972350233137,0.23486889474306183
0.136958450085474,0.22063335398749354
0.11446175724333359,0.192213079183884
0.088733273139832203,0.13878270615840166
0.06706498760383782,0.062836477107356542
0.04910314470122211,-0.01898636723964827
0.043922126878974094,-0.092790383653752112
0.047833180612017419,-0.15415888498039462
0.061581758577559792,-0.20291599283168174
0.09273191158797342,-0.23281143345146682
0.13733593329682686,-0.2316881325288194
0.18179899766598526,-0.21323156362786355
0.22193550431249401,-0.16324084008963724
0.26497622533367232,-0.089739518110614452
0.30224112801395259,-0.027078310827385169
0.31410542149711929,0.031081408343188427
0.3050264818917644,0.078187957209709183
0.28555316283620014,0.093524903340904131
0.23099735347469474,0.084452629906592414
0.16376433807694538,0.049627951857175119
0.090074428413479207,0.006201578686009632
-0.0011834973743358797,-0.051372764005340348
-0.09401372050602444,-0.10874085916604827
-0.16242218508392614,-0.1528119323197723
-0.24102884318633844,-0.17982800647666705
-0.28412302795219574,-0.17170365407437058
-0.31067699111286201,-0.13830474724344385
-0.31107606994356168,-0.084745448063625939
-0.29321533228211899,-0.0096599822553793645
-0.25235965465083665,0.069472877796367211
-0.19669423369728839,0.13989482577614762
-0.13863313237672908,0.21498275929781041
-0.071734520449216091,0.24559645227014029
-0.011670877111976927,0.23607316861407332
0.029897887261192573,0.20338289614356242
0.065081328047820949,0.14477918502315193
0.094882155173583546,0.055707442201103921
0.11694115314494383,-0.046953144092235874
0.11410911820671914,-0.14301847874465351
0.1171089361945762,-0.22533502622288648
0.1091610085826744,-0.27473269667093636
0.091325211434337028,-0.30298219150366623
0.087001291033161787,-0.29482906503697071
0.066378709761181348,-0.26626786919039602
0.050620582718789268,-0.20668623605468281
0.016711202836416368,-0.12245814852065809
-0.013458763475610562,-0.031737807376727961
-0.042563721116767324,0.06922293445954121
-0.076384354618843617,0.15154842609087354
-0.10817981054604454,0.21911283052900182
-0.13121709430217585,0.26632961948576545
-0.15868593773369991,0.30233090595777584
-0.17457777080076953,0.32824239346541306
-0.18691173745529632,0.32346873877393933
-0.18392395083150775,0.31063439094305895
-0.1701125028322554,0.29644758171116653
-0.1429462591188507,0.27515379588195327
-0.10889418368519037,0.24693383857922591
-0.0686407929059831,0.22000803598647709
-0.034383758948199561,0.19442575914291507
0.018972485331515555,0.18678901955664401
0.074016586417990582,0.16615252961460433
0.12804089138270502,0.14026354769830682
0.17092819266178161,0.12802142230088179
0.22299073787150539,0.1259719595331957
0.26973412196490459,0.11190725937918507
0.29179571737523785,0.10612036886901946
0.32033432701039566,0.094587385730993567
0.32163720248229849,0.097145120030166829
0.32604100188929935,0.093916223324474427
0.30774543405138388,0.096957617890346751
0.2834774735555437,0.093201866599657929
0.24948812554051994,0.077619377641004947
0.19484921367172428,0.05052127587314334
0.1346388745485731,0.020391129523230495
0.071818788819063242,-0.0070424004862812053
-6.5028664848998949e-05,-0.041940319079790289
-0.066360047310829173,-0.099419009315556223
-0.12925472102528679,-0.12863756909564933
-0.18288177062351327,-0.14763338674006365
-0.23709352938819273,-0.15435527552871492
-0.26684045837152842,-0.14018457125767045
-0.29028137578337032,-0.11088213373739528
-0.30370196860652682,-0.061532941393727683
-0.29579025957611249,-0.0014288903849900021
-0.27480553475143948,0.056372626309597398
-0.25927234513437813,0.13043245591865749
-0.24055835136631604,0.17334608487396638
-0.19894860420296087,0.21045054609483355
-0.18133332481140507,0.2303214576914859
-0.15032617876543139,0.21947603221277107
-0.12924473071871179,0.17958506672124369
-0.1071557207095504,0.12494340462501928
-0.092224946711230979,0.07618328298607227
-0.0778010646771118,0.019161977049804466
-0.070693611847731944,-0.032104751236116301
-0.061018802690167677,-0.053291812477681583
-0.051079834921655,-0.067164849500885027
-0.034698050291453064,-0.052513269180590183
-0.024175097386319223,-0.020341064186026683
-0.01522386447001396,0.027619640904944436
-0.007054076380211151,0.07147809346783679
0.0030503984184256151,0.14014340697702346
-0.003654331515166219,0.20121298390016459
-0.010772432268090913,0.25321975832719701
-0.022057089535348857,0.2938321323956391
-0.046141889403704041,0.29760994422383125
-0.07159585061988949,0.30444718170835444
-0.11006831449616,0.30056976796400459
-0.14147296891693559,0.27876884246021116
-0.16511298814240913,0.25064960377197415
-0.19236555471947864,0.21759351750872505
-0.20218016382887424,0.20015153100142824
-0.20829418542927816,0.17409982018981868
-0.19141604274025747,0.16925981184337457
-0.17857708645676443,0.15169443252481279
-0.15299236194659865,0.16534152141602074
-0.12321811394525843,0.17903074485797854
-0.098035175651893222,0.19426008123912278
-0.061025279253490397,0.21224861608595103
-0.039404566089001246,0.24555544912096347
-0.019124700989461861,0.26592319415592741
-0.020789472950361008,0.29828373468371211
-0.016656918179520367,0.31381510997956164
-0.028188150483328601,0.32897299547673992
-0.031395333878819903,0.33237839836525451
-0.043651994630149571,0.33191640156552821
-0.059069104417285759,0.3215541415129255
-0.057591784325789826,0.29405795248199496
-0.062205432921491666,0.2692557240830078
-0.043966459626900309,0.22881405538154198
-0.025694306048289709,0.17418904266888327
-0.0094788975523756314,0.12200629793908462
0.015965192629898404,0.063574339087475257
0.036681014555320982,0.012044328852443997
0.048147154409048307,-0.050788858660784621
0.058302154776317387,-0.088379188710982534
0.059374863824542892,-0.12371058263631503
0.045666769747597813,-0.13011065338001004
0.024972746153806444,-0.13880297223165991
0.0025531079159111336,-0.12870161001253455
-0.030661028637873781,-0.10446876843620195
-0.047309585779091078,-0.074132141239640209
-0.060234487566538979,-0.037289033895734271
-0.064048942040609541,-0.00077679851363132301
-0.048177162894570802,0.035166638353508729
-0.026757964380990706,0.068311216971021174
0.010800215189724467,0.11370523440530945
0.049811262964084946,0.1315472435675846
0.10249109400694559,0.15577788015674707
0.14320345670859125,0.16055613586421152
0.18697827442930748,0.15223813894623248
0.23665901964806238,0.15026290951271118
0.26477861816337644,0.11304173439406588
0.2800584212515142,0.089492827502906422
0.29719701536235776,0.057601290833985519
0.30913795925065207,-0.0025697800420089161
0.30647013677007284,-0.054836321640941744
0.28564533893104321,-0.099894953834547912
0.26260260091298548,-0.13648724172113708
0.24763777822281921,-0.18588519672757578
0.2012041990062676,-0.20442685779895173
0.15619575867748561,-0.20907234028814264
0.12125146122164193,-0.21338606150215558
0.072224266044895749,-0.2034930884189525
0.033607110335596664,-0.17830010311068167
-0.0048167160265498469,-0.15234032751397797
-0.0088804715912467642,-0.12742336443212604
-0.01302124387903578,-0.11063487633178978
0.01918352266219011,-0.094755833265275688
0.050853639471224614,-0.078904449435337115
0.092132223766243193,-0.09159361975614147
0.15460052466536647,-0.090712352092256129
0.22319642860815953,-0.085259574980882602
0.27695837945493473,-0.098746844168629083
0.30496488625728546,-0.084219259589892084
0.31015354289081265,-0.08118601603908536
0.30751555496278932,-0.049355542592609554
0.24864437421256619,-0.011050380743109919
0.18474544234080517,0.020399964564484244
0.10383592334174933,0.076754757200182475
0.0060568440253707606,0.11230655943100155
-0.083931096756168971,0.15000437039000003
-0.15648276100854613,0.18195549121221585
-0.20810291894368668,0.19434255340706175
-0.22565924310967173,0.19798766637037193
-0.21343685276529964,0.18205517330995097
-0.17398165618305561,0.15254476404619025
-0.098517009187047894,0.11704827791074324
-0.013994239930522111,0.055956787281583875
0.073298640931427878,0.0038540265187545835
0.16297210348402213,-0.063794101922829749
0.24151348914992471,-0.12442553066013373
0.2974407830705405,-0.18793145505604358
0.32993317419378798,-0.23245620133110279
0.32191324931143894,-0.2850272150234554
0.3022898710853445,-0.32354426646444445
0.26526104177611615,-0.34851186776709231
0.21127791735638762,-0.36102217569059836
0.13927892586635593,-0.3600587409329381
0.080080520824810028,-0.33137121019772764
0.0276844059475484,-0.2873789194351305
-0.031262060116622498,-0.22936576138412082
-0.077520091207315428,-0.1595492553332965
-0.11224482323799957,-0.076800481678133595
-0.13477076847456851,0.0049714964085161885
-0.14702121557480002,0.075047540511379338
-0.14230657179823347,0.12712005401223353
-0.14234814288754991,0.15672412656511372
-0.10960850040113133,0.15380994551166483
-0.086380791292258854,0.11728906999160389
-0.055950408625097842,0.054971800728344851
-0.0088846955220748848,-0.015379943645427706
0.035694346797539633,-0.097072472926616221
0.070726324666512269,-0.18487634538312225
0.10203137294135683,-0.25309522757273878
0.13045595775977728,-0.2994652698530787
0.13337056959802987,-0.3140986920428212
0.12789554400517678,-0.28806476175299306
0.10377839319361964,-0.25234275857255772
0.06544691921641077,-0.17063212061617444
0.021496445575759193,-0.078390083009219264
-0.028122295600733867,0.0028158127086385038
-0.06005314801550897,0.085939821808453803
-0.08278360676666395,0.13404348400769872
-0.074852431521944457,0.17494526445450612
-0.057662870041743509,0.15795860777062615
0.0013983475649757427,0.11517190896065797
0.046196729739727882,0.055501172481917771
0.12205592495032272,-0.023920834919934533
0.20416865069317375,-0.10258688157256393
0.2515511741698917,-0.17123649011099404
0.29011046152059139,-0.21237365409398826
0.31602980971779371,-0.24519377710477258
0.30113910539710853,-0.2276221788556449
0.26691825024592553,-0.18134391967335367
0.20576514472157217,-0.11666663339432147
0.15353697035216995,-0.04581040522479584
0.082356756990569518,0.036409378076786528
0.039680099212998671,0.12759350588879484
-0.00033882601085374192,0.18554690024057774
-0.0070551832035758424,0.22986804686704637
0.010297769274678707,0.24962477886289489
0.043701382530966823,0.24166375591666853
0.078600872956692436,0.20618208226766607
0.13818667666149728,0.16242291311065069
0.18400996733857916,0.095829566160748433
0.21020205951238871,0.041133978518696143
0.23925366664278847,-0.024702708434588789
0.22531063070538579,-0.066365576045635422
0.19013737432090513,-0.10790280051990495
0.14081019143963353,-0.12738264286048731
0.054998398751526609,-0.14625834679926891
-0.030392005864995183,-0.14470794563416403
-0.10835134962004041,-0.13920419880058227
-0.19371916654474911,-0.11602803986359733
-0.25517328043838822,-0.10600286652165351
-0.2922600200529677,-0.087371002204080811
-0.29988572487070991,-0.082057150156796807
-0.28635160896928347,-0.062802544420506701
-0.24786284003783238,-0.038345151169567146
-0.18272861331712781,-0.022211468432095278
-0.10918242607356048,0.0075586240213719961
-0.021078690724895696,0.03750123601530167
0.053267310824377495,0.066535344776991703
0.13490606634102581,0.095885838953481253
0.20620635505385698,0.12882571270325999
0.2636440981750508,0.16467829110033488
0.29027699011440466,0.19015465057033182
0.32115452128445632,0.20810661531694796
0.31476780909373836,0.2382662260458793
0.31351952722844217,0.23703877408131596
0.28237595629159812,0.22975989369716951
0.24521432589491216,0.20453202900396858
0.20116671418708873,0.16689941039863354
0.15892907557388683,0.12802571851942315
0.093248863237936172,0.071949367438611661
0.020976793051765544,0.010746113503976081
-0.054067042861576715,-0.055073570108883682
-0.12166293396196373,-0.099495544299989205
-0.19455517923895352,-0.15909344491402466
-0.25287609026447655,-0.20855926203408842
-0.3098400112603189,-0.23117813814981664
-0.3518854842383019,-0.24695364776454323
-0.3836567597607411,-0.2756907445006509
-0.38961587079236187,-0.27729218770869873
-0.38135681658510001,-0.2720974840842863
-0.35065584539428102,-0.26773928428756349
-0.31138737209891776,-0.25909043578678731
-0.26037332794518248,-0.25459483481883838
-0.19162214495819271,-0.23420487792076528
-0.11791614384270012,-0.22555159543621284
-0.058652987428583409,-0.20337275516188133
0.018268737214005935,-0.19565850868113727
0.096363305287329615,-0.1728494437664517
0.15339552541828561,-0.14332907672848769
0.19114170037277201,-0.10664281923186966
0.24149195386636033,-0.060045050506931437
0.28170310468344373,-0.0051750374337144441
0.31576514020004764,0.055789368957049314
0.33059869217226612,0.11714412847331439
0.34550222070464587,0.18206168305474368
0.33375145626477642,0.23877190251618954
0.30774571824170854,0.26837576986439071
0.25893200357254159,0.29371909634768695
0.21614767336586713,0.29139607277381718
0.14895678485379132,0.27694685644181444
0.079034457388903787,0.22913909941458246
0.0061760990843566649,0.17194107893951094
-0.071053753360181826,0.11690303034973201
-0.11767823411734464,0.065993592024580494
-0.14852693152689064,0.005730262953976507
-0.16327570644046746,-0.037306809547973226
-0.15303233477198708,-0.070364982196134657
-0.10081748567220029,-0.080517178115400087
-0.05357410427829911,-0.068509407396202024
0.022920334009752658,-0.047406688914274298
0.091644412291697952,-0.015500262389396278
0.15667142107346904,0.01308685799076943
0.20290440370730881,0.04170028135339475
0.22543097855347247,0.060480493952972697
0.21958607691722937,0.058794776848484019
0.18744215124445529,0.054391000310621634
0.12358100154070345,0.026699643246979241
0.05893830140498791,-0.00048631969342250066
-0.04059360208481555,-0.058514392292632451
-0.12913816671916417,-0.10399125245587912
-0.20786307013327474,-0.14409336555454041
-0.2683574320035288,-0.17882072423438863
-0.29356851672454115,-0.21030539996488756
-0.29382056585901722,-0.22643382814972157
-0.27053552327497071,-0.23201981935224714
-0.19676843114233797,-0.22612580206339369
-0.12611647312804825,-0.19585425742336188
-0.030845921854634514,-0.18470832833869649
0.053169769202537735,-0.16595465500636811
0.15024694369146357,-0.16518432222481699
0.22224632256353846,-0.16015676277049695
0.2652041943446507,-0.17089422569153942
0.30326530955763525,-0.19166288133112935
0.2979182193316775,-0.22066177764383058
0.28586043007352618,-0.24698667102617661
0.25649185944954916,-0.27394594514401599
0.20395090522406714,-0.29089141178794242
0.15341833104908167,-0.29382892099478064
0.087668772980561263,-0.2912900369069879
0.029629322890244166,-0.26567225644985115
-0.024033287992103903,-0.2348516508194278
-0.083987721236604751,-0.18216216404381311
-0.13229923125938403,-0.13660953696269601
-0.16808784318098582,-0.07777289418430218
-0.20380888611742759,-0.023599413617191003
-0.22517956832933625,0.027867189649069552
-0.24514233593063262,0.065212723927956073
-0.25231108310705375,0.088786208046158152
-0.25834528039102322,0.10370978764712566
-0.26012701816642375,0.10219427654708567
-0.24165531440970739,0.10089721747077604
-0.22642910088433643,0.096743535015597307
-0.19663977935515731,0.08529949833767704
-0.16468282134017026,0.08129221859928111
-0.13610333084625903,0.092595056191157932
-0.10190299523172744,0.096902256268914314
-0.05345163759392408,0.10694689531399509
-0.029290677403290714,0.12317344972091382
-0.00023209699237545633,0.13521806980653112
0.018290697656085129,0.12747789321116421
0.025576098514650827,0.11666304232945737
0.020640863189294964,0.10194874102497477
-0.013282439104018266,0.060890982606484408
-0.047047454984052071,0.011011599087946458
-0.088739878561466271,-0.045373900200913364
-0.14946550626424671,-0.10249665819121453
-0.19769840890886856,-0.17477303110825126
-0.22567957242809228,-0.22569498604789942
-0.25028853940686502,-0.26512745280077976
-0.2526044506930159,-0.29219140463711996
-0.23008844105466036,-0.28462532956244307
-0.17786654760507389,-0.25706231080833708
-0.1101351348280981,-0.2118915758827386
-0.02887462932752792,-0.15229888041274767
0.065269054072041074,-0.071059644216594595
0.1388369540541334,0.00028575108883755092
0.19917322066129564,0.069054774826175391
0.23336996831639092,0.13907516122324687
0.23695127805452523,0.19913951538081204
0.19484958018527906,0.22923963445165763
0.14382848509913948,0.25618693734199827
0.048300894625476917,0.26845792695347459
-0.043738628274149642,0.26218697175904804
-0.13995239873344728,0.25093505082437828
-0.22978687435766429,0.21458163203423949
-0.28039078162932435,0.17308239738336978
-0.31055118980414553,0.11635182988466841
-0.3009292156979757,0.072608574049346591
-0.2538377142256511,0.015469541869932765
-0.18718941391229418,-0.045546622269190602
-0.094995602923121758,-0.091789829019524039
0.0053796493812850498,-0.12791797502119534
0.09485991919479303,-0.14927928746270591
0.1734200520029319,-0.16098650325738828
0.21516220246010195,-0.13289232806133508
0.25213216564699825,-0.1035810794869334
0.26092772317548535,-0.057650973040105004
0.22686662702816252,-0.0015710981170155196
0.17950159666443863,0.058911310540332142
0.13314541212987338,0.11132478726850206
0.067027303245336373,0.15520179023585198
-0.0069855305133743936,0.15951599935846289
-0.0560527253138609,0.16121588855356869
-0.10790913757601406,0.11530446631022244
-0.14247036862326512,0.058165949973233766
-0.17425411525149068,-0.025291847577128154
-0.18218816511115205,-0.11133540855728323
-0.18159558949397203,-0.19185210597706726
-0.1620625665230806,-0.26411577281004012
-0.14259648974123515,-0.30089417747484548
-0.10489888597251262,-0.32059928710728819
-0.071752517335569241,-0.29231512314465713
-0.017994763621620068,-0.23863005163252776
0.024446949546024121,-0.13808514707686487
0.075331900499442453,-0.042097753803032073
0.1101376910637262,0.043244754543875025
0.15940800721170115,0.14347315936747504
0.18150971058952475,0.20995632117937049
0.19482318538878968,0.25043829150215463
0.19514589425331536,0.23990193326186796
0.18729946503495548,0.21220275691579646
0.15861368061889775,0.15423504995128501
0.10512031156810589,0.07583237998346154
0.06069116792459979,0.00099166467151421463
0.020315418097409936,-0.08322721875224956
-0.020776281294173297,-0.13196197816526689
-0.067390759414578547,-0.1589154904826707
-0.082531239508824503,-0.16608037305984619
-0.1017909384681899,-0.14206218072270849
-0.090852950802050927,-0.093010270040457962
-0.091452929737015257,-0.03481578342005881
-0.081128830997155024,0.046433600167681208
-0.077848409158811846,0.1167709255686608
-0.072476152565420435,0.1833306191144525
-0.077102444211759588,0.23397299680981512
-0.1042039018356427,0.26082304889865976
-0.13623321650523096,0.27227397223809385
-0.17397605710897748,0.25060812704927282
-0.20922418098171749,0.2240999553787415
-0.24195881599400967,0.19379293954597393
-0.27302775703933652,0.14404198564820636
-0.29258327964342079,0.10004876030457312
-0.2908641140292933,0.071029695617450914
-0.28235876724407261,0.050256263647337956
-0.26425921674655739,0.028874631247808605
-0.21497977056802159,0.01833215306054117
-0.18064260034250301,0.013713278371517538
-0.14167416019305101,0.0053872888158695356
-0.11120968445057601,-0.013573506283156379
-0.08902044346627111,-0.035152672339050374
-0.084460282746248616,-0.083501580582172566
-0.08812694882857898,-0.11903834690667169
-0.1145100482030713,-0.15681382407058841
-0.14428085131017995,-0.21167890149741023
-0.16145102075233694,-0.24527753932601115
-0.19254355958631994,-0.27006341444797888
-0.20825605912665573,-0.27714777031130367
-0.21918779676526645,-0.26108339367576788
-0.21085800292889539,-0.21569192458268419
-0.18609774451917438,-0.16337145728947997
-0.15099399267294439,-0.079015311820545941
-0.10329163626857177,0.0069225686763833656
-0.042577206527256169,0.083832066563940336
0.0040604290206254631,0.17313053526396535
0.05777299745860745,0.23090057758658547
0.10829789136877063,0.28218560329708475
0.13755237640321716,0.29557859278161652
0.15005330213480911,0.27238777915456353
0.15359610931582982,0.2403433847045581
0.13072754489679658,0.18642409589261119
0.10441958710371471,0.11269268152204394
0.06075504171240094,0.042600946971997893
0.023536446477970922,-0.034625399548487631
-0.034335443084826174,-0.089979750979529413
-0.066827809680192932,-0.13651661812255222
-0.091109843316680872,-0.1645637142027995
-0.12362437710982284,-0.15960484561716762
-0.14610088028021123,-0.14600919719768479
-0.15878066101564861,-0.11497545200319199
-0.18247646785771585,-0.072726611977715905
-0.19033791141215739,-0.028341157993205881
-0.2124431336517402,0.0224101323447062
-0.24126090431064473,0.057441667969136391
-0.26204446292061268,0.089977191765324899
-0.28333371991311684,0.10713954174634585
-0.31463028783773733,0.10700600552512056
-0.34034536821086109,0.10760559456518555
-0.34487927180963823,0.090032026323222894
-0.34795171524131052,0.080667071868683535
-0.33128896437758043,0.05738832508702392
-0.29288114388363545,0.019914167488762385
-0.24293861835481884,0.003465264826195677
-0.17292791468449614,-0.025189142907326711
-0.093046160900746355,-0.039291995270678996
-0.02092770464738675,-0.06474069687592561
0.043609683589308994,-0.096302687520272351
0.10374886246729212,-0.092094630086680743
0.1243519648881603,-0.11390174841925818
0.1463949204643531,-0.11402749594905184
0.13351909860094546,-0.11486317247443807
0.091625027351520352,-0.11116536393685715
0.044437770052887564,-0.091364675149276903
0.005635514339213798,-0.072456208553051737
-0.057317373083658821,-0.063048132411695698
-0.09971987770372244,-0.039236456473007289
-0.12604484901877133,-0.032476720418574904
-0.13269210533816661,-0.029430542501888
-0.12873574695266965,-0.037641165749853087
-0.10441730700354759,-0.051667829424585268
-0.054342313624317969,-0.063462595498792601
0.010415505932942834,-0.097770251332174707
0.07434420019236361,-0.11862931097833626
0.12795747955708162,-0.14975235255551753
0.17604509096009988,-0.17141309591061432
0.21685170468581036,-0.19233046077624547
0.2249185925782522,-0.19889000447901278
0.22686453197475498,-0.21699436810370712
0.20428095448731906,-0.22262019701555241
0.15632377724534513,-0.21585172449602233
0.096860787432380885,-0.21978079707326517
0.049294959046746509,-0.20193862363086498
-0.0088517724233210388,-0.19645963422167112
-0.07030841631410098,-0.1767586293993898
-0.11220584831064397,-0.17030613253450197
-0.15681837047112512,-0.16593652467744624
-0.16903733152146361,-0.15713486448985417
-0.18136773470382128,-0.14605028982672064
-0.20592245485814345,-0.14930672382948787
-0.21379062665155199,-0.12771047444173544
-0.22514715702532628,-0.11034265551894609
-0.22683100561184369,-0.11423582622049983
-0.24044427406250043,-0.10217622444425735
-0.25650652897042869,-0.08819953003721745
-0.26864566556461877,-0.075902876108543599
-0.26739677814401269,-0.062672775784250109
-0.26023381292596209,-0.037975568577221654
-0.22915785988873363,-0.022481034383324744
-0.1982018118626806,-0.00057342253709293499
-0.14351677675019406,0.03305111538354398
-0.086359674051793553,0.056023368027380192
0.0069118706363256524,0.090979564934302135
0.081918898676520385,0.13589725878634371
0.15986106947456605,0.1804128795976129
0.22446112368896534,0.2048963567953081
0.27266077640599962,0.24137667157145171
0.29770231222304044,0.26552307571362643
0.29878961393790743,0.28040023721714202
0.26594074861796724,0.27846478996965357
0.22248395142965166,0.27275426071844155
0.14573440702679027,0.26065517674815297
0.078469691416053408,0.236819596952624
0.0022311868118287822,0.21287564150700117
-0.062967281437789374,0.1953997461322321
-0.10853064276060166,0.17983606490722395
-0.14992351266745702,0.1711946027221804
-0.14923139147656053,0.17231787398552031
-0.1362481582544243,0.1751007412478281
-0.09927233203027469,0.17462354347476539
-0.0684445961100726,0.19107065385684319
-0.025966015595140793,0.17898012504576438
0.012069557972910622,0.1794920331793449
0.04480913287380181,0.16302713009402792
0.065841625256058564,0.1303421679966342
0.060642703217763799,0.097151814997306518
0.034131722104679116,0.036582862401301271
-0.010097412775114039,-0.020851284398334936
-0.061429133586767486,-0.08860919980839449
-0.12014964693590596,-0.15747188995258637
-0.17976717719208254,-0.20272303257018115
-0.23843302018227092,-0.24754759139483418
-0.27754215130893689,-0.27590995714693822
-0.31274748126433632,-0.30313218763305821
-0.32689015930495874,-0.30411095576057162
-0.33278300705441033,-0.28569946605091801
-0.31850191217077711,-0.25351126852485489
-0.29384832130940824,-0.20865860775236048
-0.26118432687367438,-0.16733250551518794
-0.22417925247194623,-0.12654433449214916
-0.1801306107268846,-0.084529623656828132
-0.13158048997379468,-0.053379122082355998
-0.1000222708107566,-0.035782470723994576
-0.051135846210610354,-0.022757170097027553
-0.019961599328333007,-0.014922382410177484
0.01404824063097428,-0.012302891671437492
0.045423288058258057,-0.0030840594843236238
0.048305148803877151,-0.0072703567864874658
0.053899687862894848,0.0065085251144171141
0.035693763205998166,0.01899332228921273
0.00078862792016147682,0.027913856608837686
-0.041648180032683196,0.049697524704241693
-0.10229280896554331,0.06769904239248449
-0.14391794874662944,0.073886113764516925
-0.20327656369042771,0.069124463411046125
-0.25391414780562244,0.042634024998154302
-0.28979121054494578,0.0080254582555124784
-0.30581717656244817,-0.054350178400997894
-0.31813617385057003,-0.11870173267295364
-0.30284062851173865,-0.19125813435453581
-0.29612482271290247,-0.25890460847372004
-0.27294527537886959,-0.31504644764346718
-0.25337751278376625,-0.3438731911597897
-0.23624630313552655,-0.33995409964454887
-0.23211910173881653,-0.30816441185676979
-0.23607584614363952,-0.25047337775613976
-0.24327029654808752,-0.15913014969713365
-0.26534343948588185,-0.053125710953428426
-0.28070301089350969,0.061136429500700668
-0.29382773118804223,0.14891835243986257
-0.28485997571863342,0.2276520449911496
-0.26293314560184489,0.28218633444056479
-0.22124957875173987,0.29823963958388738
-0.15775919807328107,0.28377420473441362
-0.081832647552248852,0.23868096737504518
0.0037223448375691519,0.1560243566429341
0.090437594286302936,0.085791789817656408
0.1698738465153965,-0.0035089705834911045
0.23611626404366315,-0.097455784089631223
0.27270736422382535,-0.162251003949621
0.29912078190734986,-0.21987830057004881
0.29965044830089083,-0.22871833529359106
0.25262561611243123,-0.22554549586335143
0.20302211181335308,-0.18210918589907635
0.13674006120979634,-0.12165282925165793
0.063466663805046869,-0.05168209534808936
0.011576614370879732,0.0267943054305727
-0.042286144353613678,0.11564565986287244
-0.08012194979680351,0.19739442402934235
-0.069231076422427804,0.26552483167204433
-0.0590156670762957,0.3320779888671197
-0.029049271839137268,0.37191382071895301
0.017486173444156344,0.40027031849684658
0.070884702485982401,0.39363045147936987
0.12697296899922489,0.38692022646811819
0.17227005544360274,0.33798908327410782
0.21086208491859049,0.27022134124106068
0.23816360467111528,0.19740599428472955
0.23627342503966048,0.10302842554839553
0.24194818669725962,0.0071403442039646324
0.22490619682266821,-0.090093902174587723
0.1967369189711704,-0.16710047170154343
0.16643624137927723,-0.23870716040423512
0.12323300515407716,-0.27854290691099548
0.094263266139977486,-0.28800354283990681
0.054716889904547664,-0.26826779347048851
0.02821735790941762,-0.22333618833826566
0.0022447241186935533,-0.14720617459250154
-0.015566831042903011,-0.059554460475598918
-0.034990417382465631,0.029400260635820248
-0.064031050107176579,0.098573703112256855
-0.083560974531090793,0.17661422506003258
-0.11187484118961279,0.22720195138117646
-0.13222544119406865,0.24708821919729834
-0.14134993774352811,0.23061553423824266
-0.16036988290681917,0.17374028964505633
-0.17355035993599544,0.11751503424048569
-0.17999139967386515,0.053596370511806192
-0.19229280734033555,-0.028317332774271259
-0.19237899423564966,-0.10191766479514691
-0.18650577296433479,-0.14645789891244965
-0.17549620323510126,-0.19134739225625583
-0.18006181536880903,-0.18838940888490088
-0.16859978831877889,-0.1824799913585467
-0.17133272927857215,-0.15651279837953905
-0.16126594498062821,-0.11501488926696977
-0.14801267613825506,-0.078263726093590599
-0.13165972552535368,-0.031561050804465036
-0.12248144504680897,-0.00017718885477302059
-0.098884355098843191,0.024784943829053368
-0.064349067528531992,0.033543723202483562
-0.039228235753440512,0.049605284400107107
-0.0047304733906446527,0.040461511846475257
0.034541522795685162,0.054031918267902795
0.062754639166102355,0.054389954090644912
0.09226263968931582,0.071890040890800658
0.11953744088326373,0.088265956416265848
0.14412535795154854,0.11585927321527044
0.17236349419384533,0.13516714789068562
0.19099656245486232,0.15329230410535255
0.20452071916018272,0.17032080159982582
0.22364151282778325,0.1722833439799954
0.23034360734315609,0.17456018176192897
0.24241305803017943,0.16219949833845268
0.24785936573616321,0.12679928934462265
0.2700145952538916,0.080467379424767602
0.26816873840711636,0.029716772592597116
0.27694971375677968,-0.02597388892224068
0.27615596549660182,-0.082061082514906972
0.27700655992865403,-0.12831795351591735
0.25797758015152916,-0.18212063534215178
0.23992140894132652,-0.22253926161107457
0.19757340545282287,-0.26394954028388151
0.15684652192876267,-0.29288769595707065
0.10121791981538991,-0.29793045975643406
0.044630157226534482,-0.30277249090813246
-0.010838676062158631,-0.28853418191471847
-0.067456817820451445,-0.2642346040843922
-0.12091202032294693,-0.23634476515244413
-0.17454214278045144,-0.1787814188364843
-0.20495090957411341,-0.12199258332137539
-0.23127801962224301,-0.056603133030829346
-0.23880048357061073,0.00059671987564451946
-0.24053099147844401,0.065395577756991577
-0.24318956236645542,0.13132116941587982
-0.23687260961938336,0.17808918256687969
-0.23759386860206871,0.2043601439016563
-0.2404301636667488,0.22049459445340702
-0.25260062241687825,0.20042066877587317
-0.26609952748040966,0.1709392736769475
-0.27844465199544172,0.12654176582060084
-0.30232202592394747,0.062247468004860571
-0.3111425964227037,-0.0054097265184608863
-0.32352485123290137,-0.083584795868400411
-0.32228068282175903,-0.13794915030065655
-0.30433277855206731,-0.17774054402298689
-0.27511763265685329,-0.21625590904263675
-0.2278073605138784,-0.2112282462626833
-0.17135948304432402,-0.19617600318705766
-0.10718743032137376,-0.16771782205027716
-0.021857502269304989,-0.11887585626995167
0.057999192683146357,-0.054624617038689607
0.14760027010876028,0.012839478568724423
0.21053096371643323,0.069765337514091585
0.27336332044644041,0.13254580691770274
0.32829710786064625,0.18110892978682888
0.35888230115348041,0.21236565375487085
0.37862972561223668,0.23837718060312779
0.37589428345485915,0.25094216655746227
0.36349761005544112,0.24889223536016908
0.33060450321191892,0.25441308211053321
0.29446557392302791,0.24575637322526869
0.24624369884485967,0.24383675164085528
0.20260114222767273,0.24865911307306704
0.14244355154828378,0.245662821093037
0.089532712244228638,0.24709458711243087
0.030272387457987975,0.24554597360573049
-0.033893062954902908,0.24371654389424041
-0.070598352062342884,0.22929036252035556
-0.14509726984322688,0.22302687499058904
-0.18090042178835214,0.19010233900489676
-0.21683341362679817,0.16686351034083105
-0.24909774833542722,0.13655001684220699
-0.27620335465608448,0.1001315198309804
-0.29739555349079361,0.062344708313642298
-0.30056217509958333,0.017233275494060063
-0.29864773088674845,-0.030356137069339244
-0.28757902409243957,-0.078077904758895936
-0.27658173129626618,-0.10600622301825782
-0.24784881386510085,-0.14594472757458501
-0.21713274857758769,-0.18493182846428982
-0.19154593754292087,-0.22426567585656684
-0.16549504220175512,-0.25315914415965174
-0.13825635941977013,-0.26616514104610545
-0.1124624580056453,-0.27705277830338493
-0.10990547824859329,-0.26726456592421072
-0.10462131132776976,-0.26361503955887855
-0.11093619514450809,-0.24760053357666933
-0.11415859336529902,-0.21297490557129375
-0.11729212876055775,-0.17803224364672163
-0.13992658780902834,-0.14584903169836785
-0.14567711852201515,-0.090837143236190604
-0.13905680469009266,-0.05465974956574262
-0.12665900488567228,-0.00431688512579044
-0.12461705804847047,0.036940534670057153
-0.087601891492703823,0.072516610870819911
-0.069969861127548896,0.10332989318804588
-0.027266443326576316,0.12178841247363077
0.0071538710217506785,0.15050470994031026
0.043146226250578144,0.15787356810520728
0.070366982804113118,0.14685737827721485
0.11261796451838527,0.14667740883690003
0.12985717963015403,0.13152357193405773
0.13266773605887114,0.10175128459737422
0.11322468305271594,0.068834708988375737
0.10815124244173424,0.038819140238294421
0.077904998377160292,-0.00032147471809159571
0.042103927031122215,-0.033459410105104802
0.018137625465072568,-0.047305739572504335
-0.017176707452810771,-0.04922494085947815
-0.052034309664370358,-0.046175661799676943
-0.066533799904254703,-0.033238593299399773
-0.08592172654109978,-0.01217567182561656
-0.085746361108370986,0.016813483021521029
-0.082078718625917438,0.048655343996953697
-0.089093487620108255,0.080138146409384714
-0.064960093984702524,0.094729318204533591
-0.055342802946370249,0.12574628042792158
-0.031080150621137056,0.12658862570711168
-0.004638358123370526,0.11718229084490528
0.025351883803338929,0.095027466612790476
0.046307554717812442,0.064772546894718203
0.07131760100116756,0.030853537729702341
0.11032307567868047,-0.006409660429376976
0.13119323956020243,-0.049293503754207886
0.16037235035397537,-0.084088839749087679
0.17704470272744074,-0.11764876640606829
0.20585856687957113,-0.1358695144937701
0.22638122778557815,-0.15056451240317159
0.23833394989565751,-0.15590130824075502
0.24493191218243904,-0.15720686872236331
0.26624807264369077,-0.15446202877186307
0.26431613995019027,-0.14676942385393904
0.2722197854528961,-0.12723810584398926
0.26355324617715614,-0.11626873901718583
0.26101081400518111,-0.1010090696406685
0.25261701264709391,-0.084344217964968285
0.24066559625160258,-0.070546992235089964
0.22790538403666452,-0.060662823510111617
0.22399396351898454,-0.055217091728196721
0.20307432645000187,-0.06583326149300589
0.19207572743740958,-0.080325024637316056
0.18218163740399945,-0.10066888734709442
0.17632820377386532,-0.12301137402871909
0.15686355401113253,-0.17018499287555292
0.14535051380918634,-0.20228646188579397
0.13809684613047116,-0.24514637540504383
0.11289910675912766,-0.27166462957289383
0.089202493253350279,-0.2981802181574259
0.072168545833133951,-0.29624818811235415
0.045595046129081017,-0.2844940203103965
0.013317738646781379,-0.25414310349551827
-0.013171812630569763,-0.20916965721865743
-0.033885251702206208,-0.15181453017802665
-0.060577107547126183,-0.08933547973946962
-0.090351167056294771,-0.022637152330896866
-0.11831261994354142,0.018310938075566614
-0.12172945577377998,0.061543210880703095
-0.12829098050945098,0.072490338298909149
-0.10908902119516915,0.060641263333004319
-0.091278146011432706,0.020551596264647483
-0.078437152072285909,-0.016641177514125319
-0.051281342323557202,-0.083355965371129978
-0.025803575543323173,-0.1535569154394455
0.0044703770203484419,-0.21599225506816139
0.033097068943536298,-0.25682124785185872
0.053421198425013361,-0.28408909707196295
0.070987744615405662,-0.31064349976118871
0.060024527387970435,-0.30090975127696123
0.064020222319002631,-0.27130158848621527
0.04805072316339698,-0.24344551495964842
0.037849206659315966,-0.19822593779631525
0.019389574891693538,-0.14064843965228879
0.02264080732568792,-0.11337061005402735
0.031051782462868348,-0.078933291383873325
0.025062572946249449,-0.064359518591659226
0.036386517677326667,-0.053039971349181161
0.049396538875207285,-0.055111092671178551
0.055422853255466753,-0.063690238046316322
0.060702390726682438,-0.076683070079679325
0.066915505086211094,-0.076793708037238353
0.06126835232032167,-0.080754190111437224
0.050963459803614442,-0.074978869488825511
0.029565216685466661,-0.044932087047000906
-0.0046266349716523013,-0.020846865067433797
-0.032172136442385368,0.021602157240491859
-0.06843365034608033,0.082110773642441764
-0.11143899932975519,0.12592598236612015
-0.14655213554197447,0.14685030961389128
-0.18592811475293733,0.16202045495232026
-0.20226678175646878,0.15046747493719254
-0.21898147175952121,0.12620183205264179
-0.21695080478518833,0.088837838078986264
-0.2070958389659219,0.034576970887752641
-0.18736531432993425,-0.025943784770547897
-0.1703718166858213,-0.083480080094501252
-0.15094244866924822,-0.12423224020799148
-0.12963667843482313,-0.14314440976168069
-0.10360197349914785,-0.14930366448573798
-0.077058538066699059,-0.14304305003425671
-0.060470100744774262,-0.10646833588576902
-0.045490412981208032,-0.056729949263223854
-0.036301233058507854,-0.0059392227535978491
-0.02237282976227653,0.043971828280220213
-0.0020201442238108169,0.070042607843700797
0.00086150248146307958,0.08946888699241512
0.026014257185849921,0.078985796177405421
0.036521542202783711,0.047169331330179996
0.066815441760911656,-0.0045600585231265894
0.077607892322986233,-0.07456370700314148
0.087075107181543085,-0.1431504807700277
0.090887596131614318,-0.20980938812001931
0.097358339577902422,-0.26110316221792068
0.076276064329774365,-0.28192579350664193
0.050802853203494931,-0.29520814460401973
0.015008833305380038,-0.26905810763526505
-0.020812173806068684,-0.22374527610732242
-0.066907917307395259,-0.15721680636851659
-0.10596474068375816,-0.0631671928325339
-0.15046870220288258,0.034249558046587358
-0.17358999085478113,0.13923783343899074
-0.19130835399727528,0.21837322469989337
-0.19458110665948733,0.29601452012976709
-0.18634785592946826,0.34062608003777345
-0.16254125259319144,0.36658933621810635
-0.12690713626919178,0.3695911631883278
-0.088018416030552271,0.35667423271699727
-0.037778836577125718,0.33004981632970004
0.014286379849182034,0.27569871490926612
0.074068471651142942,0.22525673840976976
0.12799487723738026,0.16220002680461507
0.16056907817011956,0.10818169393417208
0.19436604868467589,0.056839694828132878
0.22723670487225961,0.0049091075140619139
0.22644455983265069,-0.045043351169903934
0.23550127607289895,-0.085111851849463807
0.22813523486546261,-0.12420287404231393
0.21367913170344482,-0.14945144447307443
0.18079921303374857,-0.17420928494058141
0.15936949104913767,-0.19506571902461819
0.12222117861016968,-0.19564013486573786
0.090440368402764829,-0.19711745027444932
0.054662250360360709,-0.18794342841341438
0.036611913367121163,-0.15874386133092422
0.016750718871465661,-0.13686907759268921
-0.013237927196405781,-0.095372475607125792
-0.031528881259617655,-0.045599358093143166
-0.027454202996764782,0.00530896309980128
-0.034387322211065378,0.064302754158809636
-0.038494255920192129,0.11810257383652271
-0.026941945765709588,0.15714846598995602
-0.0044107530901781548,0.19984545754611685
0.018187722591029555,0.23471054137739744
0.057966193560819321,0.24308036008841888
0.090742431287317904,0.25912624203548318
0.1382762047708273,0.266352248164411
0.18840498788610402,0.25655846816326777
0.23515085516220532,0.24606636998029224
0.27035237565453457,0.23366950767821412
0.2997566656383443,0.20462522574438993
0.3081815711914076,0.17037437760223811
0.29492423119468358,0.14610530359521195
0.27768361179115009,0.11298811139575882
0.24670181649644854,0.078240546863004551
0.18826664531293355,0.036990056344683893
0.13198460851548544,0.013259229971956617
0.074504878687175119,-0.022072688331852768
0.021444344136238559,-0.042689476028321391
-0.019721699240678427,-0.063945129507755105
-0.050561909730926412,-0.086656878000825902
-0.054889755405588707,-0.1028854338803223
-0.040425789978783891,-0.12453395306847161
-0.0098059081298457716,-0.15187172344596195
0.031626052159997857,-0.17307551849813668
0.087848871576373513,-0.20572529250808275
0.1434479475103197,-0.23014534596359321
0.19678677546003448,-0.24791939743289734
0.25161767035589921,-0.25923872781259061
0.27070905666515954,-0.27454581714906973
0.29735815005666871,-0.28453386726705376
0.29908011349718083,-0.28661856218338017
0.2862470860076835,-0.27504694323973489
0.25392436226674153,-0.27381501283726917
0.22172506311279877,-0.27132080367350447
0.18368583807540192,-0.24867980724596628
0.15420443116184143,-0.24213553491167208
0.11393379251983447,-0.23973206575031628
0.07482041428733123,-0.25799049166974153
0.042082472534010741,-0.25287184549065961
0.024171334451940453,-0.24917381582546225
0.0074440266163048156,-0.26235758033853446
-0.0027685873735046797,-0.26185587875820532
0.0046650613053668801,-0.2522832636733478
0.019963043509491761,-0.2317409984051603
0.036630114362706655,-0.20763226883825134
0.058588377447248936,-0.1672281039017702
0.090501005724371142,-0.13158830724915249
0.10820579869338794,-0.088666342993525937
0.12212167699309261,-0.049754945316539026
0.13292196169240475,-0.0056234443273958058
0.13998170586943903,0.02882669044181602
0.13329543698828328,0.049745108099058348
0.12402862717447442,0.061940761663942537
0.087468031003652622,0.057736071889818587
0.055261520713203359,0.037147090605400578
0.023478040507845691,0.0081830753352014115
-0.0229500692791859,-0.017800685758006342
-0.058910560711705848,-0.042269493062242307
-0.090573297835003619,-0.06564949879302924
-0.1032710080859318,-0.077567401391780644
-0.11964719557668721,-0.065656782992122756
-0.09935256002673086,-0.041725116604513321
-0.083749809547153858,0.0038463824525011318
-0.03506819106900156,0.05561544128030009
0.0089653077340166986,0.11956864416603311
0.080521659751195657,0.17549225509640892
0.14632764757101549,0.23752163035931206
0.2160336240328159,0.26494458178233343
0.26508365872124307,0.29553594066930611
0.32048657191888108,0.29716135634728347
0.35909892960339568,0.27372384983971454
0.38102142980655929,0.24979442423952342
0.39165721155938882,0.22013936752447508
0.38535800758976779,0.17722223525860689
0.35606149189798453,0.1398526139915694
0.31727530074951327,0.10574835615606468
0.25860830273572172,0.077103131956460083
0.19234933912007676,0.077322447833504102
0.12622260375530173,0.080898469513532495
0.046324483343859142,0.091505802210434736
-0.023063412779138842,0.11849066736039729
-0.10364012986017065,0.13984083779668324
-0.16818301664734583,0.15645291909363099
-0.21856956188087587,0.15106943457618754
-0.26828127586442402,0.14369148476946914
-0.29199506493273386,0.10667744026909073
-0.30282480502903847,0.068099672576745887
-0.2988660855119174,0.025713221991103097
-0.28053860555570104,-0.035818639598485441
-0.24680329371454673,-0.086351639698425714
-0.20729565908627853,-0.14198961239721927
-0.16186551048357423,-0.1822455207497172
-0.11049452202700299,-0.20889588218883814
-0.062520774155734815,-0.21981165995590035
-0.014399533159877112,-0.22712582868555234
0.020098414913408049,-0.22780765214501217
0.062375324099168523,-0.21346604089199653
0.082817522917668127,-0.19780113368076777
0.1029096882285362,-0.19426237702280535
0.11425618834753308,-0.17219599537650082
0.11302431797924431,-0.17170598074401425
0.10512041270396012,-0.1838220914698728
0.10271145651214787,-0.18535472707725531
0.083817061103384674,-0.20854695853817642
0.074144948515300471,-0.21412987051885482
0.05696102324741683,-0.23932384720026903
0.036378214810941098,-0.24999012289819186
0.035934769327638033,-0.26371349566477736
0.023387211075821809,-0.26835055130147983
0.025836634916741805,-0.25852024373063121
0.038858451933910923,-0.24926864262229895
0.053717917864297353,-0.24680600304714001
0.065251653655422515,-0.21035823692784286
0.098441287922970327,-0.18499540284622584
0.10957628659571671,-0.14194484769454707
0.12522900555106126,-0.10282558776125059
0.13359609086671076,-0.046356141023853603
0.13931615486411722,0.0042146972000135594
0.10903083516513688,0.066872709459884369
0.093651411975148827,0.1266639229281897
0.079216249872535283,0.18118336250568445
0.040127732503988878,0.22921478753780214
0.014983512474685915,0.26632876195478106
0.0021034992710621966,0.27730356570682663
-0.00063038432907422956,0.28889808202136341
0.0062061116454913299,0.26758856873316422
0.041436237377611235,0.23264043946932003
0.067662631989559768,0.19570643294270526
0.086965064450121185,0.13740263292636151
0.11606390686034293,0.092986862431085074
0.1187217252845959,0.052697282868424102
0.11310445838923813,0.027802330704459574
0.084370200892564015,-0.0025216496987633431
0.03598459324792825,0.0085043799832407504
-0.028707525429141387,0.027139094409533614
-0.10965145087696178,0.056123911656067976
-0.18749302905421786,0.098110437754357377
-0.25856765670678017,0.13504162595890748
-0.30993749618325056,0.15158131410514386
-0.33141963630723176,0.15622642976567924
-0.31909885780510355,0.14314272499346706
-0.27337358323698102,0.11491246504248111
-0.19776695894946744,0.061502968260446683
-0.099008033211980706,-0.017021467112712997
-0.0039198244653412357,-0.097643613186442851
0.099067341224719718,-0.16309074706627558
0.17749578315925835,-0.21685257799379135
0.23033895154048464,-0.26653166915528709
0.24493325745505221,-0.28620823031559856
0.22852600630411485,-0.28744473018648919
0.17583222524171752,-0.26218021306537043
0.085533318441390463,-0.22058444233731767
-0.0027824338969472165,-0.16068056630234365
-0.092990280325665628,-0.078749235134089393
-0.17622422718217257,-0.010375003712232026
-0.23525437446653896,0.061538291913270066
-0.25153191988596751,0.13804375604839414
-0.23789660083099212,0.19203297161660776
-0.18810879250708334,0.22778129718030946
-0.099651864450270813,0.25454985430184607
-0.0019438808211255628,0.2703058746153863
0.10977003134052787,0.27815515789938255
0.20083668454195591,0.27867924576393271
0.28363018285700714,0.27415209044103866
0.31707855600355134,0.26770257993504665
0.33350447782983472,0.24255511504063526
0.30234092054714323,0.22439441151305456
0.24964848354030497,0.20491202973538103
0.175242395315792,0.17044072703533622
0.10558796273428109,0.14668922641244286
0.030015543062142134,0.13450102813273132
-0.032298764858233887,0.11576754015667787
-0.095586977675005125,0.11440354613696636
-0.10488838755622901,0.1003411179087446
-0.10845212696977255,0.10898805103453066
-0.088664055046479895,0.11718284648483374
-0.057692022064845964,0.12872848958382943
-0.017380570656312481,0.12243407217161185
0.030843362550793448,0.13183872745133146
0.056911979071883396,0.13038370117037976
0.07162861735051998,0.1227618279319265
0.078460647721135063,0.11039646985537464
0.072690370170910554,0.082669710173145936
0.056455520586766325,0.056278932717580409
0.036960813668406159,0.024673581222782362
0.01998001286947616,-0.0020396133182715133
0.0051344502425860888,-0.015602096781355563
0.00064690367741903395,-0.03506001128628207
0.022695869874881883,-0.043747503647476947
0.041533768484681488,-0.044423682517686594
0.073156280904922488,-0.029187722901488571
0.10654859857908981,-0.0078213039811309958
0.14789568833281114,0.015285872505749153
0.18843612301688265,0.049605915051087864
0.22783538578217513,0.075716678896375886
0.25285774155295676,0.10180581054801657
0.27413785581526667,0.11381310644165506
0.27403369420607571,0.12839719528073493
0.2831211336032341,0.12895505712080715
0.28358802195536703,0.11655619028118341
0.26620996058680757,0.097001163238718505
0.26783250982080498,0.073067754585218525
0.235780841402498,0.044175764270827922
0.21650463075122026,0.011752558398210362
0.19285388201371137,-0.036899354551344195
0.16770497034008525,-0.088044444075647127
0.14210859587136107,-0.118593853196457
0.11656504706570915,-0.17022987130496825
0.09813183094346789,-0.20895139759242734
0.080173008418061742,-0.24789664445114687
0.073166209543735053,-0.26892881734798979
0.083135152691474798,-0.28014632882685414
0.098799374241318905,-0.27955331304813874
0.11979978324937481,-0.26140310498427316
0.1487294083861847,-0.23581194762370267
0.19424593424517039,-0.19635997732491808
0.21140506837046896,-0.14960399338019267
0.24120833877632689,-0.11168833461756
0.23692702616366856,-0.074679689026686133
0.23064533280968441,-0.0429817052629171
0.20889283380786264,-0.011398765160069593
0.1668256136272476,0.0044184236536068356
0.1066702467456607,-0.007108069029019874
0.024714924174280943,-0.02031299033451887
-0.057743130386778474,-0.034722823445457608
-0.14048840093179546,-0.064260723553533072
-0.20540623956393939,-0.085836949130635998
-0.25978601413118535,-0.082319758525389725
-0.30426433515311363,-0.077192085868019525
-0.29953231831565386,-0.050147603418230463
-0.28414384923907648,-0.010103588933488306
-0.25527908570923113,0.036959473497088544
-0.20210228187058679,0.10286453263597335
-0.15169013766386197,0.15333119530663158
-0.091346748348047208,0.20041178027978446
-0.037669026703500127,0.22428243934341685
-0.0057560014337134143,0.23811843378552094
0.019338942214696696,0.21282863098533075
0.022911860046701395,0.19050988933179108
0.016708926470145387,0.12427347223204531
-0.0077705224693867744,0.082361704560880683
-0.031920304792646528,0.040323670388159982
-0.048877227002997611,-0.016907479476800415
-0.071553145115623634,-0.019526414001921233
-0.066238444274795652,-0.01292872228456244
-0.066757370003951114,0.016940345230996964
-0.051349456025650657,0.074003108856955796
-0.032541856195670897,0.14633366232712353
-0.013282825417458094,0.20821126349541078
0.0073916095166824906,0.27963891497973908
0.0053378848204933592,0.31903788098349189
0.0071986249337288449,0.31943352416128951
-0.013216316398970297,0.31234754608185894
-0.048280252430073341,0.25570924074350704
-0.086141509784542297,0.18112612562700486
-0.13381051275540165,0.080458654800274865
-0.18050709537993251,-0.017991413578952675
-0.21776115232138551,-0.12633144061515286
-0.26115903641051824,-0.21264153000056388
-0.28147365583143791,-0.27177573013200201
-0.28037988854319756,-0.30279930943371192
-0.26166981647951543,-0.29326158685782705
-0.23206892600694343,-0.25360623966737783
-0.19010714750433921,-0.19150815271328187
-0.15096830089833624,-0.097414909523244372
-0.08959612008482519,0.010984778128066966
-0.04037964662457575,0.12142408339039461
0.012200568659434152,0.20673047970358685
0.046168001317910753,0.28716274917858281
0.077357208396841251,0.35074406932830121
0.093382782691684166,0.38575436392010076
0.11265601800193452,0.40258792704690993
0.11474050875170314,0.3762576369667866
0.10843753198206532,0.34536513256653778
0.097471115218870405,0.30218636274282051
0.06656371205643441,0.23413032430251132
0.04148194362636913,0.16785739217400125
0.0027288952999441948,0.099768248464737488
-0.022764942232085771,0.029837217695976449
-0.058287080790643139,-0.023913012027838122
-0.082655208189008386,-0.080146730154186566
-0.10870116753109046,-0.12112593117947683
-0.13143711652561538,-0.14930064049894723
-0.13874053563826186,-0.16827757330365981
-0.13241598117007136,-0.17103753767903507
-0.10432116862306699,-0.16508326913757954
-0.087437214825949072,-0.14290087217966257
-0.034599367575525466,-0.11457605060112587
-0.013808171792141565,-0.075448847357022938
0.024798764527369437,-0.014625163378718714
0.047918690240633971,0.050324759072477861
0.060134131222896507,0.12176743311265475
0.057248325426900788,0.18012628086831173
0.051125572242340392,0.24205456799873726
0.018488394245904816,0.28605896581410406
-0.02995105238812372,0.33855392220342789
-0.060839926930921488,0.35358592776365
-0.10799029325773872,0.36590135563983706
-0.13252712106128589,0.35360994624548231
-0.15370075067421801,0.30809284135489268
-0.14515859056636804,0.27264757724561794
-0.11607518440079341,0.20818865949096915
-0.074190026324400277,0.14648614094135023
-0.00037675193972260164,0.065703679450084901
0.064014389876852373,-0.0053859072084888569
0.12292060064205805,-0.070200273393353801
0.18017805733365311,-0.12889640739824554
0.19834610514991882,-0.1654467762373415
0.2212234912918879,-0.19207628626349085
0.2049817721794332,-0.20919521494729551
0.15808078533920775,-0.20914995248074575
0.10945214828300623,-0.16974929356405197
0.020936584059765152,-0.14313293802644636
-0.063232251407419574,-0.083361744411850902
-0.13395504315611972,-0.034728151959324105
-0.21816361018439964,0.020029725230523675
-0.29156117777514223,0.051517315544221683
-0.33916469155892226,0.085196354796422027
-0.37530902911234038,0.10325574144065297
-0.38268019572908085,0.096673800783153102
-0.37379899569251324,0.10749075985343531
-0.3473642708177927,0.0855532493012231
-0.32609828468482305,0.066849500516592789
-0.28260243774178223,0.039840984876086741
-0.24701485352667335,0.01356292614854124
-0.20189598395449077,0.01021267758863688
-0.15308846146139088,-0.014593779060146439
-0.10886530842555593,-0.036054311275082643
-0.072022975597593727,-0.036132868203523759
-0.034677579992602348,-0.057105122148680645
0.0082103387292951115,-0.072029545018047023
0.057936975585458107,-0.082557078681914697
0.091503839139275164,-0.099103766022081027
0.13727111235527395,-0.11266353719217993
0.17763437649424618,-0.13460754533203614
0.19575708231155892,-0.14852599269648217
0.22007400704456956,-0.16490022400760371
0.23340319816111871,-0.16346646834286732
0.23088234746346778,-0.15670752030164697
0.21266464743287605,-0.14723782900747764
0.18961629147615527,-0.12549163778244271
0.15641880417952309,-0.094824561915912917
0.12253590842471462,-0.066398326438112512
0.094829045531399953,-0.020622934864298548
0.058900599381293273,0.010961151367390275
0.017214916371452674,0.060845847687397009
0.0022162789253507838,0.092464330738045261
-0.021777832727851748,0.11028053727580592
-0.040048464875418487,0.12371133912247535
-0.042924919185490178,0.13259839931003137
-0.042184908509257692,0.12217051531047896
-0.029147082030650681,0.11398942232210044
-0.0082601049170132577,0.087024341069640854
0.016051862862719684,0.042373025478729967
0.029720200482293443,0.010364242582204884
0.068274291968897449,-0.016457088917315756
0.1111033624811687,-0.060924744583646384
0.13710653933231168,-0.094627433514007653
0.17734520883509472,-0.11344524945566409
0.19885882664284041,-0.13700102699090183
0.22410586357943096,-0.15204101946793577
0.23384856638600404,-0.17653391590771542
0.23721303620847453,-0.19283734088700397
0.22237780712369037,-0.20796567978206174
0.19379279620583778,-0.23754362663524536
0.16211037984284404,-0.26066874985282334
0.11362207138227565,-0.29614033327175621
0.072274686449916067,-0.32355543303464085
0.020781778095548403,-0.35036966507537498
-0.024998876461187765,-0.36677673321791249
-0.062459050708256192,-0.36028699852719537
-0.089805669312335898,-0.33890998977624404
-0.11486470137799359,-0.30100257137338554
-0.12778568200533166,-0.24010610306355676
-0.12941949516198928,-0.16583117164327549
-0.11133724622152652,-0.070563810823164583
-0.092804871330497404,0.0069710498997073694
-0.066822455931310171,0.072567624872599157
-0.036609406015113567,0.13119757845262006
0.0065166532062112415,0.15318380480829399
0.043937131747184652,0.1547061492318127
0.07194863283839549,0.12999550257803791
0.097600732445101673,0.069430730472180249
0.12697994278284819,-0.012753829161688667
0.14323597693732212,-0.09113080558327015
0.16469446005170452,-0.18306047315001267
0.17295259204751823,-0.2478398299016899
0.1936977789097101,-0.29558886341669177
0.18947521317179936,-0.29834888259860631
0.18618491258667463,-0.2881140982367188
0.18758808711286901,-0.23624491616007884
0.18461468368176132,-0.17382098254443584
0.17497265172516557,-0.078204191863505482
0.17624871784564219,0.0061648045867005157
0.167853197912676,0.095599673560389314
0.17670718711279074,0.16873327533521595
0.17135499063395976,0.22432658519451446
0.19266957961763534,0.25777418039633432
0.21005890132663796,0.26510510626498829
0.21509649608109835,0.24165377724820347
0.24467176296018131,0.21027284258157078
0.27029961675048492,0.16890401875597225
0.27413651072942713,0.12719793923964817
0.28805462944057647,0.10215544066238495
0.28571425656651372,0.069169178592246236
0.27867463026729539,0.069633480270176379
0.24713357811719422,0.085507323330722904
0.22849154176499847,0.12792254440224762
0.20530982948847326,0.15336442169483469
0.18281755488521664,0.19286987058507271
0.1663544986956744,0.23578645204632248
0.14708891363540691,0.26996455072987485
0.17302146277164332,0.28595475475099907
0.18086171496875408,0.2980799256608595
0.22042126874207951,0.30484402971091312
0.24218415081878003,0.27992171404551514
0.2835592175334421,0.25217261392364637
0.30384258522114427,0.22470051725475892
0.31961365425158017,0.18435688549625279
0.30452862769328876,0.13272677608792274
0.28055296310949207,0.10050813428502917
0.23861127055781223,0.048671967495928808
0.17819272125062741,0.0053603054156640502
0.09484980274262568,-0.03147465639183377
0.014780997563643638,-0.073810458282503405
-0.064626155882452144,-0.12112794752441509
-0.15593735457858773,-0.15334277595773138
-0.21693070969984046,-0.2052875891810968
-0.27399525992083695,-0.2444271089455296
-0.31283981014463241,-0.28509843386979744
-0.32451950059992685,-0.32580122339340345
-0.32379765412020983,-0.35552537205694368
-0.29769427542587801,-0.37025883008404714
-0.25985982115311385,-0.3659086866590387
-0.22075734556014504,-0.36180443322277234
-0.16976747574796369,-0.34111686732470919
-0.10733975931259927,-0.27650836052052408
-0.051540622734160907,-0.21407871364263362
0.0011532727082417043,-0.13974016672236292
0.0492810140295609,-0.050069296721182134
0.10293573945061928,0.032194398500570605
0.14636424286589494,0.11434162714105389
0.16811067081825393,0.18922412204325831
0.19005109217835661,0.24486488651186503
0.19811956891981025,0.27938087896438235
0.18633918135425315,0.29348833109412981
0.16978232418492362,0.30158020732284058
0.14656208704492907,0.27890460084791929
0.12551356034470426,0.25294834566847157
0.089215596104792197,0.21422358818016052
0.054834276852426027,0.16931128109651744
0.033008174050765213,0.12442439240087899
0.015664525401659128,0.097878362244031
0.016497665037806506,0.057893929840704218
0.026073516342050396,0.047507457558526256
0.027400804172114789,0.036580487021561282
0.042761900821905313,0.017387468741986427
0.066568683901139583,0.017313595376066575
0.071674972094796813,0.00072751839335202058
0.071343476233601558,-0.0074223316356613472
0.064722651810397117,-0.021338855068188511
0.030347128317225275,-0.037673162466240383
0.0061436379592828515,-0.066745107719037647
-0.033894092533141303,-0.098711070010122914
-0.067594520258602311,-0.13930301628649852
-0.11934850271312059,-0.14937873521849679
-0.13904200558701491,-0.17573700476083889
-0.14380777210542556,-0.18637243101763049
-0.14348586958226475,-0.19944658032837287
-0.11367746374024974,-0.19663973329004841
-0.064332292331500035,-0.17868175934827971
-0.017468991988314923,-0.16248955027432052
0.045957453026783252,-0.13583004071741334
0.11498271493960865,-0.11101525759662066
0.16171846922138453,-0.077230990812748215
0.19522738422451844,-0.059938845141696173
0.21531528444036785,-0.038662176825597271
0.20509180586793779,-0.010579343311394493
0.16842477341580508,-0.003895773554469492
0.13217780036831897,0.0055277633470186514
0.074085401184976571,0.016749194423012873
0.012062528049106184,0.014096437975884085
-0.065227758217853288,0.0058314461526726884
-0.12943007159032596,-0.0078197696506498889
-0.1999086737827378,-0.03325421722359314
-0.25356843494906123,-0.062895197875027009
-0.29338152343372925,-0.098349039356608714
-0.32951492194383941,-0.12738130738400891
-0.34920359428750131,-0.1810725206555093
-0.35565141631544595,-0.20563866353069157
-0.34364891196183389,-0.23760511664439468
-0.3104429066329169,-0.25204165629751279
-0.25976304222907193,-0.26833337715680561
-0.21551582176309675,-0.26988243243503474
-0.14195380364151897,-0.26711630078489534
-0.084210390441476199,-0.25913552644885446
-0.0030592774362570227,-0.24405747961972615
0.050535399612926184,-0.22994062738226337
0.11409428606754336,-0.21671135890481613
0.1489128577729435,-0.19935161699339451
0.19021467584322554,-0.18718999331671718
0.21592197115773729,-0.1701566347731629
0.21361423857497325,-0.16926557748952384
0.21121319777749745,-0.16480183607678481
0.1903122530776894,-0.16297880888133326
0.18049826146759484,-0.16769466749585074
0.14699504817006487,-0.18328696102601288
0.12406477212049415,-0.18351778655488166
0.10452391410878183,-0.19443748263420316
0.097046651702766273,-0.20088260579713255
0.093477345395199057,-0.18935235738556677
0.088279873650684626,-0.19286095640377099
0.10547534246110168,-0.18502492736859991
0.13271777868812054,-0.17288630821874554
0.15512772804154101,-0.15451676754489441
0.1814387746863603,-0.12902350153443298
0.19853112354835289,-0.11390810725294874
0.21759466601140806,-0.080463624796977593
0.22699537741972267,-0.055696967888239947
0.21334846788886541,-0.0265140141595228
0.21872062216820895,-0.005866999336665968
0.19298079187866099,0.0073028825533631445
0.17391883953191128,0.022882143327034862
0.13116157884728924,0.02757130368474418
0.097489454807215548,0.024667524712293692
0.059241962188284522,0.030609354009691538
0.023258353362146614,0.0077427674586598499
-0.025912896760839087,-0.0048245626536680686
-0.066937803585165101,-0.029713632546332337
-0.11345655178522189,-0.061276642193469393
-0.15833489817477578,-0.097011310160492858
-0.20096825741645652,-0.14083677042751785
-0.26188773415849537,-0.17972279977425035
-0.2997725955399021,-0.21788463655189877
-0.33502838200664409,-0.25871130743537296
-0.35501505986407367,-0.29709931934518846
-0.35857182632330403,-0.30724243809680035
-0.35972017207489498,-0.32422024197359989
-0.34355046457025529,-0.31905946092522069
-0.31445563028584639,-0.30615361352809306
-0.27120910044178459,-0.27286274550287137
-0.20862567392178979,-0.22839758771136176
-0.15322641503381923,-0.18509609194129817
-0.091166673225287417,-0.12056970789726203
-0.034282708289086083,-0.057922416190525156
0.014445044826182956,-0.011382896959450675
0.056457548467488079,0.027763415648096205
0.099669088645577594,0.04905954740140079
0.10691226340428767,0.059401739226156221
0.1185405110038884,0.040924118412830161
0.10050709792260512,0.01150214846492564
0.074125457140364948,-0.038078999810952224
0.034588037813260857,-0.094389246535396723
-0.019062959918944803,-0.14825901455853271
-0.060748024560498687,-0.20695611205900361
-0.12977254693427714,-0.25310249130305335
-0.18452449571209023,-0.28229567946768142
-0.25125383345562596,-0.30141913114063545
-0.28981182354234214,-0.28537042227884613
-0.31228691461068386,-0.25509731780943723
-0.34009681396490038,-0.20712025523455402
-0.34375359336282818,-0.1443271539887642
-0.32789989985571572,-0.078344891312449413
-0.30327290240062238,-0.0064405184632918824
-0.26214117208829413,0.06638252269591112
-0.20935368192988102,0.11362954595270358
-0.14346051284013883,0.16325910641898914
-0.074206143121599566,0.20115262961805325
-0.0026751953018950858,0.22709569347723024
0.055855649452694896,0.25576156070180173
0.11727341418158763,0.24932402570449047
0.14899316670496965,0.25517376135898956
0.18343206995893044,0.24267917499673794
0.19186978621299827,0.23096613626560278
0.20322153377073068,0.22449750364815338
0.18976054147106422,0.19453228555984095
0.15406897336527289,0.16153709484122244
0.1242377951912977,0.12876629053893912
0.070165897808021391,0.082125429195458163
0.013440695170598139,0.02974188825225605
-0.035567729075145389,-0.020504980958108182
-0.084863210609720061,-0.087786847176917024
-0.12129485770174485,-0.13237492454513669
-0.1551674307641579,-0.18360696971628584
-0.18092698945507144,-0.21405146279663853
-0.18722966283854434,-0.2305584842651173
-0.17670573715207227,-0.24080436718444725
-0.15298673882801206,-0.22665703505755469
-0.11874843058606718,-0.19883812232306861
-0.077110323928396993,-0.1560158547020081
-0.01899836439638742,-0.10137458079516538
0.035781523127752408,-0.036237465775629141
0.086985657613789236,0.041841901205160084
0.13644689771366433,0.10414291677594517
0.17328461371766449,0.17883853841479802
0.19787318412423513,0.23194138088055372
0.20212324708884041,0.2713483962834965
0.19117927246545918,0.30249170237405498
0.16311918458642408,0.31588875017325624
0.11449798206321088,0.30945378694766296
0.062807146830656607,0.28202046353317334
0.0087720210567406136,0.24950534759596044
-0.047717794031560568,0.20533448544643404
-0.096838577632795561,0.14845806096528663
-0.13031354753345029,0.098241096643474538
-0.15777891195376767,0.048323275423943261
-0.16466592424613641,-0.0021064766901138341
-0.15023038272719533,-0.042587807274904431
-0.14279537537144235,-0.08083280874256317
-0.12301057018824864,-0.11717773727896977
-0.10239521000058052,-0.14254824251286513
-0.082267696307621985,-0.16160916880582757
-0.09200177610737402,-0.17847463637244868
-0.091817890811968228,-0.19277899767553344
-0.11664522612346913,-0.20052039065422411
-0.14637965961127986,-0.19335481262969881
-0.18081268459879354,-0.17063824505077937
-0.22663972925465148,-0.1647527519773275
-0.25141186041526825,-0.14113111861274777
-0.27212840719880815,-0.092493674320641039
-0.28945262485137485,-0.044886609569828165
-0.27816324337787079,0.0097746312413999684
-0.26919802723008829,0.048062385691821648
-0.24565434848985218,0.11170098132144478
-0.20258221337287036,0.15299427658290343
-0.18204189636426185,0.18861500489796684
-0.15874098014123739,0.21063944491977435
-0.11669984820788974,0.20416774829885709
-0.085786457118323639,0.19098842956391096
-0.087414078780116367,0.1610743455281832
-0.078180354990822154,0.11608551886636266
-0.07237190821378188,0.0619648206595994
-0.063116014644830673,-0.0063603988651663879
-0.064524374761790015,-0.071043450563196733
-0.060826408411621749,-0.13019017618790141
-0.049592774542185872,-0.20316924226008504
-0.044095765370170736,-0.26014373885982323
-0.023269676543632614,-0.3045055081685879
-0.0065988691270931765,-0.35581690671841293
0.003731614570539615,-0.38651654081741638
0.015498086894900794,-0.39396533301870446
0.033576741611347743,-0.38530723164374087
0.061401863169504814,-0.36803008898683021
0.087837887736480727,-0.32469138080219606
0.10778339994097459,-0.27539497590485118
0.12220386300633908,-0.20325784000446881
0.14821388021651674,-0.14134200517918868
0.1655579214240829,-0.069143614958677629
0.18125393697000086,-0.012029095114558304
0.17627270684435309,0.049090945237436623
0.16974982814462344,0.087587916022972737
0.15116202089536071,0.11798313292050866
0.12391774774771917,0.12231515031334363
0.085028729290429664,0.1069844996806934
0.04672821405445135,0.085675920192938071
-0.0044174558464036822,0.032350000529892502
-0.050657609811511337,-0.0062685748289176089
-0.089685142529922379,-0.064653779682522589
-0.11925587825791034,-0.11279623710004623
-0.13366524740655655,-0.16130753506531897
-0.13826716996776861,-0.19719974432710635
-0.11251482857711456,-0.22307979578237352
-0.069910030208248763,-0.21414552306644666
-0.02473374704994891,-0.19826746319509733
0.037378787177896965,-0.15804968154991836
0.10165972114444877,-0.12388255870815071
0.16904739503000601,-0.062441267646251464
0.23197029293974267,-0.013518754607545466
0.27610855600278905,0.04639764913259091
0.31166878623224792,0.0983272397335168
0.33918088702597948,0.13888394258812753
0.34028947202401272,0.17702167203447902
0.33663140563840999,0.19942252573632674
0.32345652363035282,0.20811983272580212
0.2917374910385146,0.21267141108932816
0.27666017726348435,0.20025857476788836
0.24526051391804082,0.18139167765205075
0.2247035067261873,0.1467860927283576
0.1932844126037149,0.1191866143811158
0.184547770477442,0.071214649326165877
0.17783778970704175,0.024465268780005971
0.16010836925779898,-0.032865343237362739
0.15874599282026436,-0.082512345191075948
0.15126854930034522,-0.14040131143926546
0.12930898510919175,-0.18297215184618951
0.1207239565555971,-0.22830964686599431
0.10277580236565008,-0.27195861642207947
0.084018149393136357,-0.2944386928333263
0.072507357147777118,-0.30219356537257802
0.054903581496930545,-0.30133985291605681
0.069906338532434401,-0.29703434081196178
0.075658058332792058,-0.27693531476074057
0.091739562212873993,-0.25836445617198506
0.12303922432118283,-0.2321179679824181
0.15547762459551337,-0.19132676141973262
0.19107596941701044,-0.15873502482291083
0.22272501816212692,-0.12307400697774847
0.25480741297152387,-0.096310188330063454
0.28106203723523293,-0.070587214336107124
0.2843520577741902,-0.016417501426466075
0.28138929014203534,0.018728317443893701
0.27019963235079553,0.058908908119988432
0.24126532133098408,0.096464411275238096
0.208754699229702,0.13872644578079252
0.16781396360300485,0.1645464942184976
0.13557711619417365,0.1720161448759151
0.10138721785539236,0.18911895742963541
0.083094298635884772,0.16194335904540269
0.080353250152325403,0.13612444887764638
0.10054034082504507,0.083208798836956033
0.11735454604678322,0.028275655955885166
0.15718276159013722,-0.030405654855110292
0.18980574498726538,-0.086753418427795992
0.23194178540461091,-0.13058338963858626
0.27497445067375004,-0.17333698368196129
0.28793883391160352,-0.19439707682131627
0.28476823440304322,-0.19884746525224362
0.28251338139668691,-0.18696739671050752
0.24543378270465391,-0.1589994305089116
0.20295833900438812,-0.12177472972656445
0.14018711478567902,-0.075148656759931029
0.094427469975766468,-0.01148966057644733
0.05485228962577867,0.044906894875641278
0.02816849999700563,0.086752789898833532
0.0069419144969540053,0.12857420972411532
0.0097274975463929603,0.14519968822261714
0.026911149820858474,0.15723931149900383
0.066767947607431266,0.15552080172924682
0.10279415968661224,0.12679966253825076
0.1452457883496083,0.089682511495814687
0.1781323245802563,0.050462917022145427
0.20528678064444891,0.00010735990776336709
0.22248473602887858,-0.048422569063384484
0.20985515414824599,-0.099876927283062092
0.19774651819141378,-0.13167752613840725
0.16545035930619378,-0.17604701445789833
0.12845587583361986,-0.18878447233657913
0.089137851981089561,-0.1917902770269061
0.057577484470651079,-0.19028889062103616
0.022028090619171475,-0.18928878432156462
0.010454279735548428,-0.17193663511112725
0.01959344882018214,-0.15470686432713679
0.014720495075223786,-0.11506150759557227
0.036249801372065391,-0.082895919797889975
0.070416926444918093,-0.046738472247198681
0.093907279929283619,-0.0054217629575874981
0.11035191983631841,0.049966537250832728
0.12376228737654338,0.10672204640615331
0.13560950020787516,0.15971238428883422
0.13624256279358715,0.22174196058566092
0.12026330727832532,0.28548778942643172
0.097266735784688987,0.32567041995582263
0.051553320592706668,0.36067937754222296
0.019260996498611793,0.37827778088147024
-0.023587676334448332,0.37414339237868172
-0.042624032546521487,0.35844307106901097
-0.056175406383851004,0.29381212468018592
-0.075270904061008045,0.22319658953349328
-0.082482612583811316,0.13717382904465317
-0.075552858988711086,0.037909645734169335
-0.076204766449345471,-0.070271686252659116
-0.061388161921804775,-0.16704960013191361
-0.068558885743950415,-0.24530136997696997
-0.065447202046260491,-0.29118317615193534
-0.095577665826016581,-0.30893180713207358
-0.11226165229052684,-0.29951607516365297
-0.15225897299883948,-0.25921870407107517
-0.18866649831626495,-0.1871559388234588
-0.21653035756066161,-0.1118510369022673
-0.24563601903772878,-0.034430927211856185
-0.26507515171034929,0.042242936208307498
-0.29012201693477768,0.086781224255309403
-0.28352583819718197,0.10453385766028232
-0.2618314706563184,0.083016420243393285
-0.23694676814609059,0.033690500588305555
-0.22123329942799833,-0.046537604247592096
-0.1795674464269898,-0.13282976520671655
-0.15075046394456904,-0.22144740792223824
-0.11978326102994993,-0.29805473926697529
-0.12060218303004532,-0.33645343574239645
-0.11175727326791894,-0.33540531722205702
-0.11165755966712876,-0.30685660245582452
-0.12384007510509155,-0.23281550258555131
-0.13574044383945158,-0.12997885538410342
-0.17040611783964144,-0.0171124331797506
-0.19926491055612874,0.1076009973903614
-0.22575445545092132,0.19394490201938114
-0.2409002874232026,0.25476232475495075
-0.25036557441746321,0.27956588803191273
-0.27114365047388356,0.25340791276560387
-0.26691522616008712,0.17872387128388634
-0.27200936380822222,0.064725385224996698
-0.243088190849089,-0.050858129505701358
-0.22131892026200289,-0.16921309992967462
-0.17062207588802897,-0.27033525790891622
-0.11263491719276954,-0.34646948695274327
-0.038229318811753704,-0.35829736874577633
0.030522993984498707,-0.31958495640774698
0.098770701942570732,-0.23774088966286183
0.16274612327016619,-0.13356680076896324
0.21504745901664835,-0.0056649571984891556
0.26060418835122406,0.13269417296288405
0.28718125320812349,0.24201839123413027
0.28976446950004092,0.3210905684872678
0.27825135257897549,0.34406409478260291
0.22686476968949024,0.32514885386843873
0.16707041551235974,0.26720880692840071
0.08934119904892994,0.16835909541523636
0.024016309656027076,0.064241726503592195
-0.065541256172895579,-0.048929957691805623
-0.14716248063568146,-0.14525915254135369
-0.21973882225114308,-0.22240052526481963
-0.27231201174247782,-0.25984355647933677
-0.30307267860646814,-0.24738337382794306
-0.32035652244049884,-0.20164600811212294
-0.32346065594998158,-0.13425289043742669
-0.28456610976422242,-0.034177986325492321
-0.24305527457621812,0.061012937251255256
-0.18407906046854025,0.13849457360801667
-0.10162983596667756,0.20771089432542247
-0.04005733251126737,0.24368130197958354
0.037254403728078395,0.2383889883070365
0.1206485822039676,0.20852562810117972
0.16836281699041891,0.13756341020385499
0.22695755305350682,0.052845586218233272
0.26442324365535047,-0.036025278336307705
0.27662055586382556,-0.13480608978009048
0.28142626302571183,-0.22441455583248329
0.26423051894883742,-0.29395766193096917
0.2296298844078983,-0.35203789029558907
0.17668955750855017,-0.38182512480916048
0.12612180741635529,-0.38999311285111443
0.062561358406088841,-0.38653707768143108
-0.0092637218840281293,-0.33433000659037204
-0.068893515299491781,-0.29507584953120464
-0.13583368130245699,-0.24056850627385537
-0.18303537482261822,-0.17979930091964624
-0.22613060230482848,-0.099757551281935655
-0.24695541287343775,-0.034918883264689789
-0.25779450427622252,0.042977166101194259
-0.25705951042756842,0.10601019625605855
-0.24351237646699309,0.16140709891669389
-0.20813537655089981,0.21721827620211914
-0.16100975270601053,0.24921471474118331
-0.11537243426589341,0.27005938292462306
-0.069009733280248897,0.26368890602134371
-0.014117668087329468,0.24726191454830915
0.040649948903168844,0.21177843607579025
0.088920058296432125,0.17011533166374071
0.12784926687752987,0.098909670140887612
0.15899400932502059,0.054408800982626133
0.19037113868959588,-0.0040485713408711767
0.1975088589677525,-0.046581572873643708
0.20230076891708251,-0.09058178218017815
0.19695011748824526,-0.11073057144683422
0.19620742351882586,-0.099862921618845066
0.17744365377966098,-0.114109099120746
0.16214375776037671,-0.088246385802288871
0.15484608399942099,-0.077836819785505856
0.14088277200219401,-0.052965653139414495
0.15913452866422262,-0.025207352446573968
0.18477244320391675,0.0082472594116324068
0.20931806819023518,0.029911365457946294
0.2511610083731502,0.033309534980132144
0.29030238046542695,0.051809002059451846
0.31793209451552201,0.056191833406668952
0.33236544088914771,0.06785729496975762
0.33988403326130301,0.083289169942976096
0.30212501335652453,0.10077000169768945
0.24998619044621598,0.1172620429679144
0.18177520567680239,0.1296925359942184
0.084497073503368311,0.14717946597978138
-0.023640768699038483,0.15262731736206642
-0.12349899867744955,0.15555804879330876
-0.20943617146933655,0.15552077972191747
-0.27387538775955728,0.14451745273677369
-0.30980751035576665,0.13440647592773519
-0.31334998757465921,0.10465911342999623
-0.29542493540747455,0.075054412601519752
-0.2717958293003882,0.035219536168049764
-0.21785014850322862,0.0014845346536248093
-0.15649782514643273,-0.021172608514971235
-0.10575628982510293,-0.042949270376503923
-0.088010739571105917,-0.0496961861392827
-0.07207456436109233,-0.042701032001799796
-0.079075237188129935,-0.043169968220197419
-0.11604228151246394,-0.018389135714459982
-0.15846305645956582,0.017340595666631993
-0.21047378279444992,0.054101121947658981
-0.25295828597468267,0.088487341279341436
-0.28591823641581515,0.13626496450992198
-0.30939467935138953,0.16725296474823387
-0.29057705955692698,0.19762418814583693
-0.25533686969217817,0.21727581335177015
-0.21125058816700718,0.23220987611735722
-0.13168054862453321,0.23182660398846031
-0.054693236459935846,0.2330108724749744
0.048609772586360012,0.23384623205839547
0.12930940014712014,0.21317694280374505
0.2150510894010586,0.2018464711812222
0.27329561097384586,0.17689536440734935
0.33527869727885062,0.16417860192801401
0.35884227017536896,0.14601930625204138
0.36282917514569735,0.13140763307468081
0.35221012450636174,0.1137522983359068
0.33073958816781268,0.11038776958243714
0.29937629669135113,0.093998526662340348
0.25303130514053912,0.068356602860411897
0.19262530578928985,0.03855620033101987
0.12343211794818908,0.022124222173300481
0.056924340627755109,-0.0022940267963002421
0.0074600615450181196,-0.028753187291357209
-0.056546680669573732,-0.062633601025658958
-0.089390890396900791,-0.088825021995000503
-0.13036719067172481,-0.10119308400558338
-0.14633059449980848,-0.11502390020005319
-0.14432246842525728,-0.12419197622283365
-0.10066421898677166,-0.11903712082610649
-0.056867408818032088,-0.11536932621749066
0.0012647388130318177,-0.10303488887943991
0.072809651612236764,-0.088967216537328156
0.13496087746211646,-0.07833592456130016
0.17547100191717893,-0.05462984801748634
0.21620910380842373,-0.042141955428098642
0.21236417730804052,-0.024227915543253969
0.18970222824564081,-0.015184940997153991
0.14629389970671883,0.00091106011525692726
0.086621723988583282,-0.0035000514485096618
-0.0016273285179257409,-0.0032014085947641531
-0.096231642440886972,-0.0054066079898355953
-0.16122342323794406,0.0026528999097706948
-0.24132713847928797,0.010397542464084277
-0.29566397009733775,0.028265540246638854
-0.3279725159659625,0.034323873188418501
-0.33547241927022181,0.053707134461576038
-0.32434284000421976,0.073652501840654513
-0.29670806231123409,0.093351073086173283
-0.26116557706325333,0.10594384314727497
-0.21051066051134501,0.12370569916810416
-0.19001822123203924,0.13187962420156124
-0.15519787761504078,0.13102878399817769
-0.14373933896577545,0.12378480262400315
-0.14507462751194769,0.10505148021008982
-0.15574030136807365,0.09227774548861177
-0.16073495753590414,0.072496481808318511
-0.17935843171831306,0.066874587347445169
-0.20133293975393246,0.062592104557788825
-0.19486739169718784,0.066675712089915129
-0.20336044546131954,0.08765208358037542
-0.20241090538565748,0.11864417920662888
-0.18008538806190227,0.17194231269319879
-0.17030688017075404,0.20673365358628965
-0.14473774874217546,0.25042127110814122
-0.11614846812092999,0.28854589856553003
-0.083032453557807279,0.29980191708159215
-0.050659413321153778,0.30554080765884356
-0.028860098267666088,0.28315623888583846
-0.001166851833316199,0.2358940723617598
0.0057594828719984862,0.1778153883621138
0.027712367989216623,0.10506538708624583
0.04148189422614084,0.016802980876767543
0.044427146474499767,-0.069736086640229733
0.051450266704553708,-0.14591684799645446
0.053299211749379995,-0.21172432432834934
0.046585368715906628,-0.28017676521053442
0.025168829901163793,-0.31344968218753105
0.00020640249231650837,-0.33113824010612736
-0.022859574302002441,-0.3304233597524438
-0.046223520872320213,-0.31514058662744271
-0.075944604719611022,-0.29535118211731032
-0.096805118211123392,-0.25821624771993151
-0.11909019132222497,-0.22654930296038203
-0.12410250892143238,-0.18235249319373129
-0.12561841800175896,-0.13665382031596213
-0.12381322369941052,-0.1182763021657568
-0.10152167933723288,-0.08765203994447833
-0.081576447601509505,-0.084109930339124936
-0.05617275319884011,-0.067095010356690576
-0.034356366770642743,-0.077487750554555535
-0.016175190012513111,-0.086491502834410469
-0.020506847582580531,-0.1119187709089042
-0.020800739575412886,-0.13499333256949519
-0.03406751980752705,-0.17163074388960062
-0.048278942374768589,-0.21025959566324398
-0.06045259080569361,-0.24056155841775778
-0.081074912612883132,-0.26790891396242444
-0.088451526027356522,-0.28296221134732424
-0.082215893142967039,-0.28185214613674864
-0.058530150154583509,-0.27543822189268952
-0.031395535001068488,-0.24378299621212254
0.019934429989036741,-0.20369633810294491
0.063685553335966899,-0.14707205341119342
0.1076566298991639,-0.083022642374560404
0.14293526602175199,-0.026847506179023137
0.18442326463948727,0.031915890928824082
0.19916387758056162,0.091064884617851574
0.20142894384288501,0.11935688765321893
0.18595713582982201,0.1554675409287252
0.16148922608067839,0.15019039643041737
0.11421809235982971,0.14020924139979501
0.059856607095659486,0.11828210920588873
0.010748923008610087,0.078504136602508212
-0.046953775191790129,0.044436434774590618
-0.085265852252474739,0.00088029189980206983
-0.12678923140430773,-0.044682379719424743
-0.14947670225946502,-0.089170107263609258
-0.15013269920142899,-0.13017822730227516
-0.14635001969008757,-0.16019970040721934
-0.1250615265894946,-0.18847049578934713
-0.095294689065034674,-0.21302202697879111
-0.060338977451596443,-0.23622667802031996
-0.011756179374481941,-0.25099295368038721
0.046740355159885449,-0.26083809768160493
0.085338738793103691,-0.27261449090358175
0.13748505513452494,-0.27577797869096732
0.17202553698805897,-0.26774448622273356
0.20252733631097683,-0.2607356766964295
0.21702807801227669,-0.26022586254501767
0.22541005919577967,-0.253711264967665
0.21847597353921208,-0.25408363983834137
0.19819361247699083,-0.25224236862693677
0.146690290117995,-0.2580361555511449
0.10064066268764522,-0.25765969844490766
0.037933777247794655,-0.26999268807907989
-0.03340250449790387,-0.26780436834259269
-0.10345154392628038,-0.26817468608523853
-0.17176928037062761,-0.26375071343389095
-0.22225686571711584,-0.23919915612226744
-0.27261817524483811,-0.20909464030058966
-0.30724082608049486,-0.15722103788507691
-0.33044607700339351,-0.10173800053384105
-0.32410008936393714,-0.043120883871352531
-0.32539232584335076,0.023664331942559964
-0.32065125957732588,0.10632975540823525
-0.30071979835547363,0.15567472417210507
-0.27213837275583808,0.19097959652294991
-0.25102555304129004,0.21919426825743107
-0.23539202026688963,0.22383036803158418
-0.21887364075604135,0.19557226286453508
-0.20635041816158067,0.1568139862741568
-0.21334853534464096,0.10853554661832598
-0.21333628982335553,0.058601658452826666
-0.2102738921860676,0.0095932333349214513
-0.21335696739402343,-0.031495116717303734
-0.19852385401221917,-0.075222970271269979
-0.18660222138605861,-0.089958056076975101
-0.17090484942469442,-0.09653187272640186
-0.16183109886714492,-0.090918717339225588
-0.14616177223814994,-0.075108842635288747
-0.12746880813379441,-0.066289080392558652
-0.11836501187180332,-0.055983573729239448
-0.092014979201831604,-0.06077122875791361
-0.095865322394068767,-0.072347335615365618
-0.099116070118767496,-0.096828238595705496
-0.11134666143923479,-0.12669989007646346
-0.12080892363625287,-0.18181341676018148
-0.13044758315420396,-0.22781126942770411
-0.13622699682603745,-0.27490467241575817
-0.12980787432500279,-0.31239699435722901
-0.12825470265515598,-0.31617584606812338
-0.12693628571632684,-0.31028535855971645
-0.11476802543421537,-0.27478291704642344
-0.090546782749749435,-0.22086870116902887
-0.072225725073965782,-0.16064393465749952
-0.059184715202657598,-0.079921498650410414
-0.039319751533250111,-0.0058949889784301159
-0.031121454519822938,0.049751515054906374
-0.02714823134510819,0.079140746343573834
-0.025780482595405569,0.090414801515795062
-0.030692452023836227,0.069879490522628762
-0.060137119896895616,0.015392865536328994
-0.076232312762365653,-0.036509508750820242
-0.1068968675381094,-0.099596211744295685
-0.12802677568584547,-0.16797878824842621
-0.14774726221218121,-0.2186472572407524
-0.18432766908934689,-0.23481016462550813
-0.19244077043286259,-0.23357267993587313
-0.20465959083835825,-0.20722433778321592
-0.20955152676799815,-0.14324677323263385
-0.19916372693182655,-0.067287384797638863
-0.18947089208722212,0.014526468953300217
-0.1739138758051442,0.10339497064524188
-0.15236479997634036,0.16361342309703145
-0.13487726077340587,0.21607793109067153
-0.10699408782312277,0.24048692404937472
-0.089652757849426529,0.21882290811144009
-0.066033565377415157,0.17007672725869158
-0.029122896628703959,0.10123485552262115
-0.0061485202835727289,0.0098035081020612751
0.0058444737772885931,-0.087402383422960861
0.024473602272444727,-0.17194020843275584
0.032069892452864762,-0.25165588644964387
0.033949686048800963,-0.29918292730450802
0.046506521309853638,-0.32980983259820906
0.036397164627021097,-0.33330222797041648
0.030621733148251257,-0.31116491917828831
0.0057392901247717686,-0.27590276149429055
0.0018121108405418007,-0.22764958933725396
-0.024065821730171896,-0.16951264224381285
-0.026123667758840462,-0.11552803561449089
-0.050643230931998455,-0.087792815166770552
-0.058579111799743067,-0.050474156933267185
-0.078289506370033332,-0.034904536597111777
-0.062601143701433534,-0.027627181301041928
-0.070681358379246828,-0.030997256831184532
-0.071982247745791497,-0.033480303982918007
-0.075443447539096223,-0.045667906636746122
-0.083312479398129996,-0.048046044107832614
-0.098705484109824049,-0.058879558061402708
-0.10958290053679706,-0.060957288811658357
-0.13049665162893839,-0.058390822064117241
-0.14628515292275834,-0.050280227352742998
-0.16883915913573119,-0.034500590436032055
-0.18741937815801424,-0.031786509601628862
-0.17401409062137677,-0.02864959291868269
-0.17301883421079106,-0.021177811641574361
-0.13561514947029352,-0.019261097212873907
-0.10393083855879949,-0.031964544608371684
-0.038165399410409924,-0.032014543765470707
0.025046645179881505,-0.050766833907367227
0.096478793739518051,-0.03761372756095719
0.16578288409467845,-0.054313328836363278
0.22933420505465993,-0.052351962478658053
0.28268122503415638,-0.052470806801194779
0.30229275781289072,-0.049216522209854292
0.31116987772153509,-0.037661621919490747
0.28814007763759275,-0.031021488132400816
0.25431119957471776,-0.021323821604525197
0.22689274104501117,-0.0065267497596859679
0.19314710544561298,-0.0069658199014985805
0.16223781261403025,-0.0089455277596034114
0.15108157379558224,-0.022797828656218398
0.14946183255260417,-0.031918924130729331
0.16596864641551631,-0.050724496195239416
0.19370304291794405,-0.069347043033406844
0.24491047739050092,-0.0943088094585572
0.28397697603487559,-0.10575454220887928
0.32775789557978413,-0.11753826691730722
0.33724447287272702,-0.11285289989169782
0.34066265285257008,-0.11695816826727334
0.30094379926412457,-0.11487856050848626
0.24463619302945414,-0.10577620522838968
0.16264053363602146,-0.068766828440635863
0.072850765763954356,-0.042693639642623973
-0.026281299499798145,0.0066485899494143977
-0.12408769854176503,0.04149606485599952
-0.20426215132642647,0.0871666981646088
-0.26278144539179465,0.14175470310317936
-0.30431109413603236,0.18151110166849219
-0.2884060583695921,0.22526924997900941
-0.26080874780100216,0.25526105275750655
-0.20318123903271237,0.28608448051566909
-0.12982501971895744,0.30484930387138337
-0.039975104820811312,0.32299135165826903
0.063305887268168604,0.32480434981434148
0.13582316752836607,0.29887708440453253
0.20849483108507241,0.27429571116224871
0.2665855738396492,0.24547215720557761
0.30635677485864576,0.1965167758266641
0.32549438683740561,0.15528398813707653
0.32102697823064963,0.10396704461322398
0.302945269162742,0.06304239106103661
0.27441300399141744,0.030074435005007675
0.21815951779777387,0.0063467482363348555
0.1686881414494229,0.0057668999270786125
0.11787377806223683,0.024499359434979825
0.069568573709874501,0.057739053526229822
0.0037647412920206497,0.10633216521638485
-0.038972312498377272,0.16037508458612401
-0.083441038656245373,0.22745027030085646
-0.11946167195813899,0.26844836532080435
-0.14618205518112432,0.29718183640626683
-0.17032092545496985,0.30471811795619702
-0.18496978570562775,0.27946185676450236
-0.19982499470327189,0.24566272619956059
-0.19343789938589806,0.18724340351950147
-0.18870080255215069,0.11704556471172187
-0.15784451175288827,0.036124211692774674
-0.13548379050338544,-0.01117302276224297
-0.090079256314458026,-0.063745558951601625
-0.054648238830413823,-0.092415185654173393
-0.003284396811481629,-0.092715979524335024
0.032296293342282012,-0.073619651085394686
0.071312244830003646,-0.032316408581272146
0.10025022666154736,0.011001271873731842
0.11417276637166346,0.064461058577174407
0.10492344069951894,0.094839524785153548
0.0782832962373433,0.10670591505088847
0.040529464492209559,0.10203918057352807
-0.0088074652802372505,0.062481971638701214
-0.053355404518606361,-0.0063157298721870994
-0.11068956854428177,-0.074018269718788332
-0.17292160135527551,-0.16293789379288567
-0.20856654812306161,-0.24296972491535254
-0.24163123955456497,-0.3051758851567124
-0.2651605440674128,-0.33621243633534054
-0.25169973982040372,-0.32564477197996972
-0.24505292463469844,-0.28572307630735028
-0.21129627198653875,-0.20722017465701922
-0.17024408439386204,-0.11766485032152184
-0.10701868727522833,-0.00535937430514811
-0.038181835616361307,0.11859905927487199
0.036711975186626944,0.20224757853689801
0.1159963227079924,0.27748176960635484
0.17900771740478544,0.31961222679341794
0.24626395079742405,0.34345606261751349
0.29464667593023358,0.30888182642718814
0.32674174234407433,0.2467102095110999
0.33961603618293718,0.1768139119584187
0.32948261266575973,0.097367142815139335
0.31555003620690292,0.029487835221186566
0.2629753373989675,-0.0064237734930926585
0.19357993644278898,-0.023434954201781259
0.11832741007143718,-0.015897324483843178
0.03116964945073197,0.0334870999507067
-0.054287080638416127,0.079414080391997058
-0.13465154321664627,0.16343477704208861
-0.20433606925103948,0.23194737253952388
-0.25707723988629788,0.29261586168349424
-0.28016168729135421,0.32270651432942737
-0.28691677519465231,0.32884702846006852
-0.25277548100829911,0.29475249686871469
-0.19243462672578501,0.22845761698874284
-0.12059457516653534,0.14039578850016599
-0.035025868081512222,0.03653047396798418
0.064414209114869281,-0.068827383877138798
0.15087093240688307,-0.15219789304379139
0.23364565935798601,-0.21993561149012963
0.28695839019566083,-0.25187927137674826
0.31681458006595864,-0.25069379887538806
0.3291004874053714,-0.22186556051507877
0.31295144851406315,-0.1661566574163722
0.28537289421943945,-0.083637631005600011
0.23580007628755795,-0.010860621733818712
0.19158137040720058,0.046595331004733488
0.14122976929764031,0.092023629481806701
0.10379009732813241,0.10136947127406994
0.05856978651917541,0.073246911826192779
0.042566353825489338,0.027913059204971467
0.034119500751286516,-0.035309633550338289
0.033622317391378193,-0.11076559489097805
0.052030524585997578,-0.20813950691156086
0.069469285430663358,-0.26846099561636017
0.085867915865453448,-0.30942761203295271
0.1119923127139683,-0.32036696327660724
0.15162643228496694,-0.30962812579660265
0.17515718516723469,-0.25444012933654692
0.20921251389201367,-0.19017394268207286
0.23349741912677205,-0.11691261349323105
0.25216394398122899,-0.033969685787691661
0.27923527967527556,0.029267449956509609
0.2710748242193185,0.063365464992082038
0.28488177158973099,0.084662759221886347
0.25565024496991939,0.074118211215520716
0.24421732170579905,0.036430770163680994
0.20753540605011031,-0.025246317831415153
0.17033359365292181,-0.087869195974455791
0.13096945361369974,-0.1588536374140613
0.10516304199527278,-0.21919203105472224
0.092716820579491654,-0.26437504710205606
0.090960136561433202,-0.29266830049983861
0.10125454702536332,-0.28875944391450342
0.1190115261322611,-0.2666484683392224
0.16254844925139067,-0.22902227981452714
0.18669290094050286,-0.16972154972341782
0.21728049068104138,-0.10471151825065653
0.23760697434347705,-0.029923975598039249
0.22978400582248545,0.060816073637055344
0.2197410518500541,0.11857909333491531
0.1748852919644644,0.18314586155174001
0.11184496607070278,0.25012106811328849
0.037910262480807623,0.29117449686411329
-0.041454261406959576,0.30942083757006744
-0.12827741886797495,0.31834592492097358
-0.19846573060079228,0.31333335043253613
-0.24846384559868279,0.29418744630320492
-0.29048066509748571,0.26361232396439149
-0.2980683311648189,0.21702156697511066
-0.29185956104067623,0.16095752628398538
-0.27380096247432251,0.11012432888816777
-0.22296791715324524,0.046671653587117945
-0.16385382612598232,-0.013765645371563049
-0.12098999395157672,-0.064870965630321561
-0.06858436864010832,-0.11269853092281007
-0.019766026613944998,-0.12530642594346156
0.015813730087033198,-0.13490964304633554
0.037754725830192438,-0.11731772735193778
0.041773342982639503,-0.090407747596668253
0.032987769384914427,-0.043457181399213611
0.017939282526175115,0.017243554011469736
-0.0018313683492540648,0.053636526358433072
-0.026692309549311226,0.1089942059394204
-0.048935344135605005,0.13633077951250067
-0.075358070315284659,0.15318976896102612
-0.099938565202178448,0.15816116481622741
-0.12527734035880234,0.15025420182743437
-0.13527952530311649,0.12613853402235109
-0.15035459951919747,0.093384421594276401
-0.1600297406430746,0.066173010049438347
-0.16121376481456856,0.032543102664696434
-0.16990739990547848,0.012810707449763783
-0.16745827196440574,-0.0020364155762921813
-0.17395398121163497,-0.024891899615154516
-0.17692791786147299,-0.026163661674559337
-0.15980253954639392,-0.020012616859767855
-0.15092914401279084,-0.024070736011633932
-0.12414355621342008,-0.033537595411723041
-0.089912156215638181,-0.05065945919628001
-0.054144156196061784,-0.085050886605875023
-0.0076011173073156886,-0.12530186362913717
0.034458775233271954,-0.1719564306947457
0.079250253728200951,-0.21334600519901747
0.11947521572861988,-0.25979903530501247
0.14716617769034571,-0.29330500378335644
0.15141995437782096,-0.31801130055145621
0.14649626062457302,-0.31239413977142422
0.12820724759732186,-0.28713147126207478
0.084439710458032613,-0.24009401345642398
0.035575023868436181,-0.182701778986885
-0.01148054028879009,-0.10613045446207076
-0.062912790655370601,-0.01623921458621139
-0.11731816892957848,0.066693758227247393
-0.15112456829021584,0.15325271204575766
-0.18512139217288015,0.22727246973614712
-0.19620784142387179,0.28397400543527435
-0.19237247807568433,0.32540512710621883
-0.16781046738542457,0.34160211067491164
-0.12832039327590861,0.35572812228700396
-0.091658124125551965,0.34893613544282687
-0.034432374375558052,0.32168353931689031
0.013341532380772743,0.30641341434003866
0.064679713398406613,0.27960095664813017
0.10469166137305909,0.24533679571780281
0.15364732896356539,0.23130442728347514
0.17463939952683985,0.2013106496648687
0.19653468890950854,0.18098204732870354
0.1833403005783048,0.17032369902730202
0.16534136886068618,0.16450454005930765
0.1374334972743457,0.15044533029774207
0.08672208833749942,0.13844804834211816
0.044757417287626555,0.1255468348820617
-0.006957516228139329,0.10955471442294609
-0.072538530722551106,0.091156371757688273
-0.12006136514763331,0.062321914219813902
-0.16487481464049039,0.046253164147023046
-0.20004279909904427,0.017721406768797486
-0.22545209407398331,-0.0023161491661437112
-0.22323591093813705,-0.025955891194045056
-0.1988693465544355,-0.054679960481795277
-0.15820823435218057,-0.066874198031258617
-0.10080984630141361,-0.081851358747516645
-0.029425685101489647,-0.095920736252736255
0.049729920206588132,-0.12151523066655502
0.12091148434683538,-0.1397139714687152
0.19274454806434654,-0.15658599584835711
0.25501626789725274,-0.16550913055394767
0.28745133733097666,-0.18549911038600331
0.29937028706870417,-0.2021347927005725
0.28136129254218289,-0.20460674117744948
0.25505353049083312,-0.21505229406237089
0.20200562812156417,-0.22366847790052355
0.14427902876736945,-0.21362632245037969
0.074198421911728069,-0.2001697944916985
0.0083423884058454641,-0.19793595888331994
-0.057200237366141091,-0.17743321150263255
-0.11631225852796716,-0.15863044544976379
-0.1497115073263495,-0.14596332868022194
-0.18437431460346551,-0.12508219969990414
-0.20017125399707755,-0.11130373706289935
-0.21878579223854294,-0.073809000719692708
-0.22283865610620759,-0.049867082933946344
-0.23230903283044566,-0.01096036043932094
-0.23715944793418442,0.02773344232779211
-0.25206044170714337,0.068485639161982123
-0.26527411786972654,0.10420064036173003
-0.28485786176766026,0.14396472841956451
-0.29826199874575021,0.18063214761293742
-0.31154056272223918,0.19958372582789272
-0.31542399390386355,0.21713497441531376
-0.30311501536282975,0.21201735332865757
-0.28988266029699145,0.20797243626023404
-0.26008537499813433,0.17675402035287666
-0.22574824206921462,0.14186032017422287
-0.18131279243072135,0.082831680473744715
-0.13504277057563574,0.036339937963544046
-0.095756591567975058,-0.02274551762630413
-0.056506848528148364,-0.06670973563812628
-0.025942574997439353,-0.097625587273205042
-0.01478492874939347,-0.12847937138891155
-0.0060999276888060276,-0.14494031552010511
-0.012271587942573697,-0.13795612671765595
-0.027203051794558814,-0.12096588234935983
-0.041125971804557321,-0.10568137198819312
-0.054917917317041126,-0.081574674888715296
-0.070976429263178056,-0.057129541065170437
-0.069610492323607345,-0.029852026605919572
-0.060147231232690418,-0.023294428752038632
-0.046232821112251105,-0.022056609736485024
-0.017898426196112541,-0.016894823145553708
0.014463273927943316,-0.018980942416515677
0.035558074098800532,-0.038226888457077647
0.060034214765267928,-0.040916004608537053
0.073400185986326083,-0.047762346889139169
0.081551045888485774,-0.061964130476979934
0.063645419087810337,-0.046913710298056355
0.042145149164647261,-0.025968203291772567
-0.01469750595323573,-0.0073600042619319265
-0.068459706363570863,0.01881308954311061
-0.13715335385549127,0.055804115877522827
-0.19565844941324514,0.088195989690009566
-0.24800810932401376,0.1219173682986026
-0.28024590217857337,0.15131696134277103
-0.29715885496763328,0.18236397427983303
-0.29866230346424383,0.20432864877242982
-0.27158360483816235,0.22692572911256101
-0.23433024505610817,0.25003306546942355
-0.16834291499356113,0.26336572780704187
-0.1141401242415086,0.26238657532516713
-0.05066077396893047,0.25254495983978559
-0.023422736595248173,0.23478205205299579
0.0071595447291931047,0.20995763002795736
0.011405867068779982,0.16897370654024252
-0.0020800897687478547,0.12163521924814974
-0.028324664362213293,0.069067946734366129
-0.071607159292049055,0.020604271808713999
-0.11452176892710296,-0.031164975834533863
-0.14688798814921974,-0.0572751337676842
-0.15904242875370428,-0.080725582183420297
-0.16333855968285738,-0.074904203788405149
-0.14438431509023603,-0.053588495558330597
-0.098949171695781046,-0.015366484411306315
-0.051374959263979544,0.027985582111343575
0.0012573017671876716,0.082504817209342843
0.064309732114449111,0.13628170506308909
0.10045106111830961,0.17138683279078878
0.1084433301801536,0.17343284712594237
0.09266404296729927,0.16128896913407448
0.0556095766070921,0.1104768862800022
-0.012983689470698993,0.037312177767700225
-0.095854080531105626,-0.039235986045890361
-0.17437574131788403,-0.13278454761248151
-0.25564274416206639,-0.21131265680216776
-0.31800094606481327,-0.27504041296346488
-0.33753908187588388,-0.30519761168875559
-0.32924072629362544,-0.3153836951550853
-0.27514925584968586,-0.27873308460921914
-0.19519786212856291,-0.21592001719772616
-0.090025038784608005,-0.12315956287899475
0.028315668321135128,-0.014477265080111726
0.13177273532602782,0.087894624754510653
0.23552782798851313,0.18847949818351659
0.29725403033312403,0.26170246371599643
0.3320910537232889,0.32001257341601458
0.31693151917075307,0.3252836948532134
0.25316767725759065,0.30316670490993441
0.16673639154333442,0.25256284211802099
0.065095199066978582,0.18116925886410301
-0.062842099808906787,0.10128488744175425
-0.17481269221796764,0.03651541101481158
-0.25666349144029654,-0.043406571985226641
-0.32534510004205497,-0.088635166230609935
-0.35511105075994881,-0.10779241680067134
-0.36124658122556169,-0.10561596432263261
-0.31572365726765722,-0.10215007118692354
-0.25718739994433026,-0.062930787210667374
-0.18716130507055603,-0.016720474346917022
-0.12720539326872468,0.029184674363013884
-0.073052200984118035,0.061157435381052332
-0.05277642179275626,0.073523013215344296
-0.041259198147747915,0.089638078127119686
-0.045087489297977505,0.077274752423852039
-0.089951448308016491,0.068129964355072056
-0.13015300959249068,0.039226362945708006
-0.17150776791931752,0.025454778635712542
-0.19900908411575705,0.0045812107922937866
-0.19525178487152695,-0.0024515996987078269
-0.17448617846232589,0.017232343505782892
-0.12642278549948011,0.027790103586114112
-0.064502871755726707,0.055270610473458118
0.015352931072505207,0.096830403386691563
0.10402308213663305,0.12552813299734636
0.18544185896834445,0.16186372193314025
0.24536972506030791,0.18820368880289656
0.26585608551224366,0.20217749256273437
0.25109166038891151,0.20208860559555031
0.21125825994694225,0.19096156499443798
0.12780763118451149,0.18997130054840294
0.03028955083512341,0.15732484400404712
-0.073676659029894342,0.1314076007734567
-0.18064185711112404,0.09512940299604826
-0.26298061806988754,0.074261602808073812
-0.30638750186689728,0.044393432819413638
-0.34088826153765456,0.027461762514008982
-0.29996044124116245,0.01908392444857105
-0.23706249162850607,0.013155857923926094
-0.14265108741893628,0.027610871965830303
-0.028824184314240598,0.019803705921155927
0.087272587414896421,0.036611412204425826
0.20073143216633638,0.05916940058516796
0.27548396109034834,0.085577010389910529
0.33436557778080922,0.11233914125988721
0.3362101104410225,0.13171893438281185
0.31460087612700843,0.1612708193112555
0.26545794892624286,0.18390756220116572
0.19836621037825047,0.20890151249606767
0.12153628487833001,0.2167326008666787
0.052172809782141012,0.22104375372703139
0.000609485046089256,0.21387503879028591
-0.028399774220270679,0.19399227050241571
-0.025138847753764397,0.16908773933295818
0.0037132653127854047,0.13764674970231772
0.059231718671867911,0.080691005740115174
0.11897261361975758,0.03798572140186332
0.17372263694592735,-0.0058951325374336722
0.22159862420759871,-0.059289735427838525
0.24726867545923445,-0.10025094821197997
0.24398172971535947,-0.13432289581620882
0.20324497216853349,-0.1534182064891767
0.14986363765887081,-0.16834231231371685
0.079778722709110461,-0.1599597516057579
-0.014128150820058447,-0.16023918550781729
-0.0893399614136344,-0.15188051050072229
-0.15896874063048852,-0.14099498970714128
-0.21147170600569032,-0.14773548224329061
-0.22806771577059076,-0.16293632074272335
-0.22036430181219582,-0.17517287925901015
-0.18404749373715334,-0.21004659787781108
-0.12325315793783027,-0.24115600145786006
-0.062427886773704873,-0.27843795536700444
0.020208820438750354,-0.30915935219033119
0.099183151092818542,-0.33305423988830923
0.16676585761903553,-0.33209322071559194
0.2141354539748187,-0.3101099121615089
0.24561241045488708,-0.25667985294766393
0.25860358945293499,-0.18760536001194819
0.24997448639462588,-0.12237784635238977
0.22424813154184797,-0.039020151362970816
0.18062079698314912,0.046295668632371084
0.12653489731683976,0.09950129028451267
0.080631260427841259,0.14998274578543214
0.022925101112196207,0.16727407471475131
-0.028445796075811713,0.14071894641608199
-0.083556718797536775,0.1050488257376648
-0.12890984806406033,0.04729437625461435
-0.15305479192325963,-0.016717659178133129
-0.17777132723525932,-0.085706298963644872
-0.18552525041565629,-0.13105138938705369
-0.17876646482192374,-0.16858667591182436
-0.17421341568168891,-0.16606484283269271
-0.15021203047521975,-0.13591656082835704
-0.136080086303701,-0.074913779407714598
-0.10198226976758018,0.0068566319558960604
-0.056670383070760347,0.095074136328970493
-0.027642149798430882,0.17212096279513034
0.012560104221831736,0.24541208189182795
0.054377139741621831,0.28841275397478972
0.090511928997350707,0.31149090826447212
0.13893782497439869,0.29566774513444566
0.16523095887613262,0.25339971714203552
0.17709874221510807,0.18109978943971711
0.17765870473590029,0.089486467978914394
0.18293478923223827,-0.012450676997181992
0.1551950060502636,-0.096353333879159689
0.11094102217427089,-0.17944282713214912
0.060336398340003629,-0.23510508055085413
-0.015906289307434086,-0.27299763251952086
-0.075365881538205212,-0.26546512494979613
-0.14968236715415889,-0.24114649127040508
-0.21164888191525824,-0.20319042475356966
-0.26179535722422098,-0.16808936033255623
-0.30265226822847913,-0.12433216631780417
-0.31089027359797911,-0.094928884412917108
-0.29683372391192137,-0.078572023761161597
-0.24936847299565157,-0.073225111725206724
-0.18431328011962184,-0.081673250651612003
-0.10333157828654324,-0.10582817507876201
-0.020229498714122277,-0.13609047109277889
0.071067042006763642,-0.16509360061355524
0.14174272691142356,-0.19097247008718701
0.19979952707901014,-0.20734298335065932
0.22127184374482964,-0.20970828197749769
0.21956001648039569,-0.20760433776020057
0.19128869679110377,-0.19137235888206569
0.15304878264172483,-0.15878710820612379
0.076787998166994401,-0.12654553337636323
0.0075640089494663394,-0.099388241335537572
-0.067047262226434354,-0.074256243893215043
-0.12236767348850325,-0.049171804016571355
-0.15989429191941618,-0.021703688922047465
-0.17168651903664833,-0.018804041822883193
-0.14991815659205793,-0.013688823535037467
-0.12995030849547215,-0.025040308992203133
-0.074871594607830452,-0.031871473936760326
-0.017842463987667714,-0.048663910965340659
0.024130114917500653,-0.076007605133768238
0.055062397991473111,-0.093476758484015279
0.077452297170703566,-0.11851539594465617
0.081736086539368674,-0.13577729492584803
0.057344907918140106,-0.15288250945798851
0.026790989094075825,-0.16963011194946051
-0.024775721077332283,-0.18467890749014026
-0.06909965311727051,-0.17513498539680863
-0.11788253633220583,-0.15896806488234475
-0.14411580920608721,-0.1470316988052337
-0.15663586712634175,-0.11866270831648915
-0.15311854945932213,-0.071350137511654532
-0.14581608617432104,-0.024917247189636546
-0.09568650733959444,0.023024894825551222
-0.067488592980697149,0.079485560932102933
-0.029216473535664235,0.13460682920899308
-0.0012685297540551488,0.18815036470052973
0.0098621077655291853,0.22599472408690455
0.0042167965117647565,0.26734129113541916
-0.01695404607935903,0.29786205506160157
-0.062142517408516118,0.30957588564565008
-0.11309715864396536,0.30406732068927772
-0.17366634547247889,0.29240910446325752
-0.2322903523568971,0.27746960991298814
-0.28027280894758799,0.25794747182360217
-0.3022769538257748,0.21867814810135278
-0.30912972674707184,0.18621476861728736
-0.28467868548935138,0.14874360401778214
-0.24818227768709289,0.12199777591929377
-0.19008344910497646,0.08132192681695341
-0.11369111626228746,0.071407905204801142
-0.045930904980495645,0.050237495220496343
0.012731811597284527,0.047142869676555593
0.054425041438604028,0.034866857170497832
