i,q
-0.1824118607854254,-0.067025579697582258
-0.15906220609035493,-0.050149627361501477
-0.12158956079327579,-0.01567498496252245
-0.072962552201691872,0.032773873403815365
-0.017132687469472586,0.087920310129431467
0.041210075390410307,0.14124375218673213
0.097174376455075276,0.18429121459428521
0.14623700093375069,0.20998356614337768
0.18383619771993862,0.21352567066255981
0.20924759749095764,0.19371703897448397
0.22068898437647819,0.15275513054010606
0.21954166224458344,0.095516520826278997
0.20782702247422508,0.029384213248456189
0.18838917193781252,-0.037051189586183385
0.16445285259155867,-0.095270277658143054
0.13918548172008022,-0.13806794472736547
0.11588463159795213,-0.16149669581907872
0.095316301175521492,-0.16202550875377006
0.080629378893050233,-0.14182502659740487
0.070750400401681651,-0.10425270643545902
0.065367431434254095,-0.055468749762989156
0.063849460342823947,-0.0028951294351951115
0.065439877899733309,0.045924125427097257
0.069386138730298558,0.084437883770512034
0.074431847154029923,0.10782255536809952
0.080829486061966743,0.11392349229205262
0.087504321716192351,0.10453113018842725
0.093876406599458631,0.081579889982457687
0.098958040414355061,0.04981475065966378
0.10156713366331394,0.015034570941764984
0.1004573993740131,-0.016859893200583936
0.094538411767091671,-0.040785539264493895
0.084072921118707747,-0.054518860455983177
0.067705109827249962,-0.05423479697411869
0.046247325574766199,-0.042082197714888761
0.021668452273077926,-0.019430942307698082
-0.0033599507202063295,0.0098462985179116058
-0.025575953136915741,0.040979789997377745
-0.041589549987198576,0.069100792427351732
-0.048442339625921108,0.090029071934857555
-0.043242826430561217,0.10148156588015424
-0.027352501183726605,0.1014516838685071
-2.4208081025447893e-05,0.091097634876267819
0.034243480506743286,0.072662815788371318
0.071001354924750334,0.049890947755193656
0.10515088798008194,0.027206748265357114
0.13168234096430589,0.0089808216156021473
0.1464376984803625,-0.0011885312194019259
0.1454771939876722,-0.0016189322260355401
0.13057792917905636,0.0095003497139444192
0.10118404829021255,0.028992782250245305
0.06234624101837484,0.055521705462622056
0.019122587833065325,0.085189672806409031
-0.022869817993790419,0.11344709056557727
-0.058273792292425214,0.13582235917054097
-0.082755496653111826,0.14865591506167081
-0.093781767204879338,0.1491637022255359
-0.089987875182991492,0.13750837580069328
-0.073898546258583511,0.11641648761697346
-0.047368786797449478,0.088156816683148856
-0.014493191008749308,0.057189860466538261
0.019933235470213615,0.028563848962101981
0.05109119885480206,0.0071251949739944325
0.074772083897272315,-0.003258874035543174
0.08695346281667983,-0.00052606836536654115
0.087585974085621701,0.016026232607204715
0.075567259950132568,0.043722176145277014
0.05282968311602225,0.079475672496638686
0.021719174081260371,0.11825377601107782
-0.014854879434019821,0.15435860986745528
-0.053817159765039035,0.18226579333995097
-0.092250091869004985,0.19744593135846655
-0.1285315859568355,0.1957441338622638
-0.15894507753491205,0.17835971364248412
-0.18278128411234271,0.14676923808188552
-0.19805925956627923,0.10431682290884157
-0.20378478198868408,0.055910564844543806
-0.19937769092084259,0.0071230985835433391
-0.18468812688474739,-0.036589920432842378
-0.16005008164108334,-0.070616832509175761
-0.1269143075920611,-0.09231148981853006
-0.086003750004325488,-0.099159519122676024
-0.039350626422717812,-0.0923566255900478
0.010076664291403695,-0.073137814021331002
0.058991028937111056,-0.044573187574180946
0.10385834289288406,-0.010502819551352963
0.14124884659784506,0.025025884201745771
0.16824000131582018,0.058285159318103193
0.18299574746364858,0.08646893319134448
0.18473369380329929,0.10735337693940704
0.17281289064528857,0.11979729909263341
0.15029968826645473,0.1240808294744062
0.12050613820843899,0.12110603494473542
0.087518589729289872,0.11231232277370681
0.05568178934738012,0.099396377872235264
0.029038881390613627,0.084071436677698022
0.010995613403293488,0.067713105365472176
0.0030725183160474475,0.052241793594830825
0.0066081956190240983,0.037429155410968196
0.020013771503604064,0.025245669941744993
0.041035842291143348,0.016521971423434294
0.066589539912937229,0.011897283990227029
0.093247328834501347,0.011826134150184459
0.11774822659839308,0.016560736057478452
0.13652089784034052,0.024812416105467215
0.14948764621449434,0.038373154449321829
0.1551077556544844,0.056121091302726321
0.15456116080217708,0.077377204001116626
0.14922215800861902,0.10079507571423697
0.14088032074074022,0.124610271367475
0.13137777052090693,0.14679133812320713
0.12228495643687703,0.16526276784754315
0.11374086374222822,0.17835317079678703
0.10732880928417152,0.18482753021949277
0.10400290173010492,0.18224913097647025
0.10212701064012739,0.17223971489352205
0.10066942394216584,0.15588432781188064
0.098515335971598991,0.13487615209894907
0.094689786177835772,0.1112761996353822
0.088525684184557613,0.087222298158875666
0.07993915224682599,0.064077397841207404
0.068468395851749519,0.043969325508751531
0.055891322162716708,0.028369477648203308
0.04180425447502073,0.016786810072009922
0.026886875333227915,0.0086343298160397632
0.01187789064005206,0.0028612715977723892
-0.002510011433107195,-0.0017774551951214104
-0.015650403760597578,-0.0064180707042017903
-0.026847986060318445,-0.010507757602430461
-0.035567739203193713,-0.016023100086578569
-0.043263887282356334,-0.022938328441382286
-0.048210497606984835,-0.029496415241793139
-0.050072372479460919,-0.033921621760762341
-0.048623976174242869,-0.034163958203474891
-0.04376268398118633,-0.028288830870958799
-0.035518251720335639,-0.014893075422640224
-0.022760157640272713,0.0067101526786897412
-0.0077484734983907068,0.035763138343531189
0.0090647033635541246,0.069643901565307711
0.027244974680782762,0.10597807827342426
0.04619428724002362,0.14102781648194576
0.065361459591658275,0.17072123348474985
0.08424214134736778,0.19123041380979861
0.10235485080358595,0.19956655576619789
0.11901551191345906,0.19539307349307197
0.13426224433564976,0.17681994542914872
0.14614284055903171,0.14570373195702435
0.15502207174361721,0.10568195140040933
0.16022477461835277,0.06154962018109994
0.16102259243195538,0.018814544089610252
0.15675134549194994,-0.017080781898047615
0.14696817203442741,-0.041570452853970527
0.13291569344625226,-0.050755739248640852
0.11335609925342223,-0.044772904781013458
0.088326295431600713,-0.026659654650827775
0.060463493943867297,0.001452702245063124
0.03201157207707582,0.034494437098185865
0.0055003838909869606,0.066487365614489494
-0.016591778622942453,0.091441606155114333
-0.032218131717711512,0.1042777176173021
-0.041421860188162837,0.10144168100138413
-0.041813704435758631,0.082297319994648968
-0.035406241996682679,0.047402891406414724
-0.023609854421443865,0.0010684414244364507
-0.0094512638709993487,-0.051239010961818883
0.0033817862731104747,-0.10315580792005756
0.01110098348818446,-0.14836864688305521
0.010456803372741744,-0.18154272530050466
-0.0015757396247432259,-0.19927235377373079
-0.024089116139271484,-0.1999706781284831
-0.05560393856780195,-0.18442820823198339
-0.093063654187581252,-0.15601257821360109
-0.13187208468997866,-0.11953914522443425
-0.16672378336311183,-0.080704124255618348
-0.19241410602779321,-0.045236731146216992
-0.2046879979098459,-0.01808956783696555
-0.2019141829770717,-0.0040861745587846207
-0.18236744181814757,-0.0028452850434459525
-0.14801581008150044,-0.014620840419301603
-0.10326865186781184,-0.037106215931740093
-0.054093605157491044,-0.066987683650386071
-0.0073662017228657535,-0.10034552009864889
0.030146412676217919,-0.1332571688090313
0.052825670587762309,-0.16231787252024737
0.058397971349175952,-0.18444868192896033
0.044240723612049761,-0.19861124966141933
0.011282583634600829,-0.2060410336756624
-0.03486659612163108,-0.2056677249227111
-0.087405951536723259,-0.19830699101859497
-0.1383761881910632,-0.18509798282232467
-0.17980838693547871,-0.16727061074103045
-0.20488802639661494,-0.14598929646169287
-0.20765829496512095,-0.1228488517422819
-0.18800805232045703,-0.097986955980510354
-0.14825061033410036,-0.072177741035112458
-0.091575371992991844,-0.046603528360197266
-0.024281032781945596,-0.022445353401600785
0.046095826112507683,-0.001048451302687201
0.11188903407891658,0.01619919260552349
0.16639998740375786,0.028078809302915668
0.20574075694475363,0.034731715930403598
0.22607559245447653,0.034806784119787396
0.22817418886705557,0.028490173873293161
0.21455414513213725,0.01806859351613542
0.18989382297824575,0.0061445437538570494
0.16001074549115446,-0.0041123032371846984
0.13088480614745451,-0.009427541953957716
0.10769973013208754,-0.006975135826500352
0.09275561211749199,0.0041451058322935315
0.08951725693289328,0.025325580185599265
0.097274114495321612,0.056870093224626612
0.11315917218919909,0.094352403695683526
0.13287919130246637,0.13325465880637588
0.1512749366703692,0.16826606097546506
0.16318484159141938,0.19406174059717454
0.1642880127469431,0.20614695521302856
0.15272242526717941,0.20218618387679821
0.125794041623322,0.18053262460661651
0.086718241323479966,0.1432491369157885
0.037052340140919932,0.094094708601952279
-0.018798147562972,0.038900977247389945
-0.075531215649876499,-0.01540750481724636
-0.12773769998608703,-0.061820837668722331
-0.17070164216359618,-0.094309938707971427
-0.20127136502533963,-0.10748224144627046
-0.21760253441721769,-0.10230780325075201
-0.22050122967708752,-0.078195723770326769
-0.21211698017981762,-0.040934127727385708
-0.19623180674632729,0.0030389097995761239
-0.17741413944549886,0.046327037480880282
-0.16023481887872837,0.081714314059431192
-0.14848588727128434,0.10327331547742742
-0.14508501600403204,0.10634136214692139
-0.15011560957825851,0.091064354449823678
-0.16046318901342943,0.060433813180407865
-0.17443814725193796,0.017883547405756896
-0.18783137910349951,-0.030416706360395351
-0.19592004150192857,-0.077444258568654584
-0.19428872448934451,-0.11638659453344412
-0.17963110579170466,-0.1416424685139161
-0.15132705737660743,-0.15053462255899741
-0.10810480027631032,-0.14041116091383954
-0.054721117150306198,-0.11307690834344683
0.0056885947815014225,-0.071857787025038256
0.06721015419781802,-0.021996965809478058
0.12322778344044941,0.030317039395257865
0.16734722376422889,0.078820674072332245
0.19432184767998578,0.11799415598660525
0.19953966379916055,0.14389718461421511
0.18446374457390255,0.1539726931132803
0.14934421622065111,0.14758239989554511
0.099536420347204696,0.12627182546265947
0.041146164168765237,0.092803769484759685
-0.018893874703228331,0.050841401095519476
-0.073763445487300155,0.0044068746723999091
-0.11763950968304238,-0.042611724719730348
-0.14621206223054242,-0.088136471369109098
-0.15745730527829116,-0.12708203891509953
-0.15282729432341477,-0.15964068247844071
-0.13346192249417801,-0.18312227133654496
-0.10296941402388012,-0.19694033046082421
-0.065868271639866804,-0.201176485544418
-0.026887021279994015,-0.19640242152907358
0.0096930812618738968,-0.18349937426314697
0.041112590297119014,-0.16332040991202082
0.064039408376034501,-0.13742984978736125
0.079683863876652689,-0.10612457707901608
0.087047704591744574,-0.07116508881047251
0.087493062237586447,-0.033743972963017857
0.083091895364057811,0.0049239277256081238
0.076220068451454057,0.043558456729044216
0.069169701360943511,0.080780764730214769
0.064395508580236044,0.11603336878828911
0.061912004376515485,0.14650238637451102
0.064257872331120805,0.17003990558240037
0.069924138011812478,0.18579506554474082
0.078350823997260094,0.19269989469205845
0.088838335514015349,0.19018192322796035
0.10071564273533183,0.17829902108402509
0.11343317211084565,0.15782829809329643
0.12786710572291185,0.12973193743030229
0.14133090685570618,0.096766538446900044
0.15492376967392416,0.062839581385119747
0.16689384427609216,0.029960529305277647
0.17636665516164413,0.0010912040915677093
0.1824497952389029,-0.021070905177945441
0.18429840150677604,-0.034379240612960903
0.18120772578278771,-0.037484811939556092
0.17141945378263371,-0.029452207497409871
0.15726131280703751,-0.011499030119039135
0.13699891913541848,0.013547387364431984
0.11295586061612532,0.044234356033598973
0.086347817690419396,0.077606433453454068
0.058453444091741323,0.11043088666980017
0.030503892274433824,0.13952490149875368
0.003605400613687556,0.16206994019519383
-0.02037074204131074,0.17680158956666236
-0.042391747123145744,0.18071153930440451
-0.060373773810634149,0.17424379649704733
-0.074942106781541409,0.15706967355333026
-0.085757262002181284,0.13032217261575244
-0.092437253518966242,0.095899729669099099
-0.094631391764306613,0.05625998809175789
-0.092163130678721839,0.01417669363828011
-0.083912727192933106,-0.026953398686272202
-0.072538333149313919,-0.065747803044280143
-0.059389121822667298,-0.097995973766449307
-0.046301119575593963,-0.12341732987549518
-0.035648335183022392,-0.14088102500959693
-0.029863954748058114,-0.14970364672745476
-0.031063499545576242,-0.1496485832358459
-0.040642376851291767,-0.14093414953185085
-0.059105423087345635,-0.12332246553278839
-0.084987091013425109,-0.099118196768762698
-0.11672478702539268,-0.071069248987389838
-0.15008677167247644,-0.040231306387624566
-0.18061193094438113,-0.008862534974949425
-0.20361867251212326,0.020647008909958485
-0.21485786606855084,0.045964031487864487
-0.21115741629843857,0.065026221437460396
-0.19040117266893039,0.077180453682093711
-0.15353359469408781,0.080372724065042325
-0.10413635868484007,0.073350566428081951
-0.045394417497003417,0.057776084519048927
0.017241568682586306,0.035160803754273856
0.077629048379661836,0.0076199372967349606
0.12968764794256402,-0.022372213050493736
0.1681502582778556,-0.052265754326236549
0.18975781381658954,-0.080274775294358239
0.19215013841693945,-0.10370675048307214
0.1737861816210256,-0.12114567214860204
0.13824695927621181,-0.13221131947693907
0.089426454990798446,-0.13707731007350132
0.032271257386866002,-0.13655054701003833
-0.027862072511027843,-0.13188877297916032
-0.085836964705170965,-0.1245738782091283
-0.13671159489629164,-0.11478085190245425
-0.17814687624290992,-0.10535512091370053
-0.20781901789407206,-0.09874163734061106
-0.22530526172732585,-0.093997334061428253
-0.23104992140986683,-0.091004427806375063
-0.22627163873072662,-0.089287724694405435
-0.21266140343812301,-0.088188704469113172
-0.19211367852098701,-0.087066007820647745
-0.16634434351533883,-0.08492897808412353
-0.13762608186454658,-0.082619143737439296
-0.10683136299710028,-0.08011247972165593
-0.076189491769791257,-0.078390888488984747
-0.047263118053922956,-0.078455929283851047
-0.021511720840706256,-0.081308041741124298
-0.00026750525226891541,-0.08771006445501657
0.015330606162474517,-0.097961743354733441
0.024254172295657631,-0.1122839486906945
0.026178221878616875,-0.12906893417098644
0.02192424567901154,-0.14541359659703307
0.011528909480982006,-0.16010309791786398
-0.0038345818121115921,-0.17074691273317749
-0.022495249420956414,-0.17503100026116369
-0.042454189011287703,-0.17107735420261327
-0.061621139610231065,-0.15778248984395699
-0.076783824374208512,-0.13600515479675387
-0.088905555130862041,-0.10522101351575415
-0.095106548329798951,-0.068610988309060747
-0.096866063057423374,-0.028660307172849068
-0.094880309676564537,0.010846954961977661
-0.090198120508694232,0.045810029653742999
-0.084026002609156186,0.072318462990356908
-0.077535643926000181,0.087169486554968062
-0.071149274985801023,0.088133686094190172
-0.065981936748007855,0.074743199922212525
-0.064059071825380481,0.048754186771944284
-0.063936035919495204,0.012066543228661962
-0.065225734210789796,-0.031638402238005507
-0.067414917299227758,-0.077902043837099894
-0.069964777606771417,-0.12204335498728661
-0.072378612947756021,-0.1597396152847155
-0.073672531354049178,-0.18810397674857268
-0.074651715105232788,-0.20440387488606296
-0.073605308987343243,-0.20675906201979444
-0.071323072044664995,-0.19695602439668811
-0.067554764376331886,-0.17710361619455101
-0.061936784783686617,-0.15016680110025671
-0.054062394772081496,-0.11948204990299191
-0.043613249098760014,-0.088259456566999753
-0.029968491441605339,-0.060075023238625104
-0.014772592445859163,-0.035452500610012691
0.0029860317706353954,-0.014566814312644101
0.020332830791168661,0.0022090889796460649
0.035260814791980274,0.015775754087440082
0.045670220099454879,0.027450460393205606
0.049656999704993189,0.038623272844591119
0.045809421465934655,0.050433853963972611
0.034762219060580059,0.064081547814895432
0.01481645591892815,0.078409812055262124
-0.012816861760070398,0.094182654165293603
-0.045904493065758993,0.10916183828813521
-0.081606987753237228,0.12185420141506421
-0.11661275488197134,0.13087424214950208
-0.1475471238114707,0.13519932481214561
-0.17141325510133887,0.13434501579540131
-0.18655501140590083,0.12899030332629124
-0.19117401772984888,0.11865106375619497
-0.18474435848670251,0.10582164061159005
-0.16924750060035959,0.090736568771183732
-0.14717745448468733,0.074694747983224022
-0.12173752906620681,0.058977675604179013
-0.096376939819918697,0.044721357866397603
-0.074293175996709163,0.032831967447951874
-0.057791189653082983,0.023765662084100345
-0.048785471249774129,0.01838204607761363
-0.046697257010487062,0.016055043396485898
-0.051208027525684451,0.017455312899774329
-0.060408245856047052,0.02252762408849265
-0.071710933970156251,0.031053445844875436
-0.082321659657893051,0.042645329488177439
-0.089743543081266558,0.056732761589463145
-0.093530063888575321,0.07273343433294617
-0.091184550759412369,0.088959455824366082
-0.082738670828893371,0.1060755688072503
-0.070452017131790695,0.12126746804087613
-0.057001514701198332,0.13305463673096304
-0.045588137419827673,0.14013693848059308
-0.039372941152283625,0.14152690881847005
-0.040889351520628808,0.1366533610117224
-0.052086252255728903,0.12412564679776113
-0.072064458387491939,0.10617412440597819
-0.098969250595298819,0.084175612310041795
-0.12981304816984893,0.058799680647962864
-0.1604058227655604,0.03142611063772225
-0.18613378477141188,0.0034636804089739964
-0.20265313762990433,-0.023754390324115554
-0.20657616284833208,-0.049042141165583052
-0.19511223174536058,-0.071951915350164986
-0.16965602046568454,-0.090615322185936431
-0.13226567932107297,-0.1052465821518892
-0.086508369371014388,-0.11465098532030385
-0.037306365765622684,-0.11841746038453053
0.0099349411901662778,-0.116397956778215
0.050091069089603861,-0.10874664846204544
0.07904248267804663,-0.095956481762371398
0.094804243056601775,-0.079067827347216749
0.095453964027986879,-0.058697625245781135
0.084214235322659703,-0.037680101001245178
0.062596335956358717,-0.016668701264361471
0.034784366458507195,0.0026072832157904981
0.0057280547402589798,0.01842838065500833
-0.019567976724628216,0.029288976835973049
-0.036747487898787852,0.034119583969490011
-0.042878605852230446,0.031934214288118809
-0.036373334113480683,0.024013580146802733
-0.016795710356985346,0.011190407931588002
0.013259473042882074,-0.0043210169169950012
0.050440325727500269,-0.019981678946433826
0.090600600441608087,-0.033047075885555728
0.12939141304423821,-0.040924553563188415
0.16283309783860975,-0.041532493518441731
0.18722850187527543,-0.033050815417823433
0.20126191389879103,-0.015918035228995004
0.20486029517530926,0.008353975045315697
0.19786918706934919,0.038513166199965435
0.18162511114823079,0.071990721186423454
0.15808460437638527,0.10577762360266069
0.12947787436082778,0.13680221568614453
0.097992210411727246,0.16230818986456227
0.066830864631034076,0.18036292849575858
0.035281155912058035,0.18973039630669536
0.005391404797678633,0.18887601404790577
-0.022917022604007593,0.17949909989289439
-0.049264308599908629,0.16311871973776826
-0.073212589695206193,0.14174631261764023
-0.09417616682728798,0.11760460874530781
-0.11142309972301406,0.092864700643602069
-0.1250954163365067,0.070734592468803412
-0.13350716151483205,0.050526751243955129
-0.13466601783491397,0.034304941859083747
-0.13009504836226232,0.021943656185865874
-0.12058937868718801,0.013650145346773968
-0.10746728402283352,0.0095040041323210672
-0.092409703657325704,0.0095041817535235218
-0.077205302559378269,0.013553020577989893
-0.064371230410591618,0.021198370863394048
-0.053375227473504074,0.032003743089662265
-0.045521401884679361,0.045788568665496521
-0.039640428184197787,0.060587835775271937
-0.034485566922778585,0.074618550887694146
-0.028424514678817656,0.08587130547058508
-0.019789122798124194,0.092347210308464503
-0.0072679862168907733,0.092354088492938136
0.011028022132847886,0.086111106961011818
0.032629986230221619,0.071456565668537309
0.056558379656876198,0.049193383329759373
0.08004034283574403,0.021289181342851855
0.099932076781578935,-0.0094918483721333179
0.1129937242133992,-0.039732150122007578
0.11640690404334186,-0.065839737030740655
0.10826493008605195,-0.084608096792249773
0.086655108760464825,-0.093950971366104918
0.054906930365957868,-0.09274579185705481
0.013367812770165705,-0.081496771575573834
-0.032724545090163683,-0.062742589486124267
-0.078787158702250254,-0.040174670150673449
-0.12017149284731994,-0.018293487347660294
-0.15272692983753788,-0.0017092119781748998
-0.17326663334194073,0.0056191430360627449
-0.17857644596975861,0.0012656274825336036
-0.16995954049301568,-0.015378905236075761
-0.14873072120744357,-0.044724826474798585
-0.11622564623039013,-0.081946645061242343
-0.075020628917825516,-0.12201593665418231
-0.028043225816658683,-0.15914457148041586
0.021707784033973453,-0.18767294264798243
0.071349645753942342,-0.20296672466201521
0.11690224718791163,-0.20162242539453146
0.1575935320015803,-0.1837606904353789
0.19213866895288595,-0.1519274905500797
0.21736925782019617,-0.10962019766210314
0.23113923547997781,-0.062515643373247554
0.23155337297946713,-0.017090598046855664
0.21723739882992779,0.020334016921131338
0.18768837301054966,0.044532096522551808
0.14233954781102442,0.052333132734645196
0.085272925232508609,0.042516601797230907
0.020896176969734961,0.016363821423646802
-0.045960646810316759,-0.022165503278827121
-0.10892608288504824,-0.067605320737497046
-0.16131513135751863,-0.11361135699700464
-0.19697297819849383,-0.15388368126714577
-0.21117200171554487,-0.18305519607590398
-0.20234376191512005,-0.19685658501828038
-0.16928884522060672,-0.19435930815096758
-0.11574003852155788,-0.17684619399473064
-0.047502586931946249,-0.14635527340808166
0.027200618635725766,-0.10699391415860658
0.098920980829418012,-0.06371855442816296
0.15824311493892607,-0.021597693936658828
0.19711316026439232,0.014880362391295436
0.21058739300238191,0.041796827213856379
0.19590390096136159,0.057922449747357774
0.15412390454782204,0.063544753565284884
0.091218879763846267,0.059064615680363003
0.015566861836619945,0.046461250107879076
-0.062648513537211112,0.028306761294092493
-0.13286822903343878,0.007318776558624924
-0.18564386531583493,-0.014027631741857245
-0.21339581047949549,-0.034328320761377602
-0.21376495837232656,-0.051464046521774408
-0.18501394934815352,-0.064600378093494976
-0.13251126684042602,-0.073747823721623251
-0.063195127003916621,-0.079119499355893727
0.014253889963130892,-0.081133611420439455
0.090735646899311476,-0.080261746086043861
0.15803805693029571,-0.07693885969495734
0.21011394859934146,-0.072842996932587945
0.2434493811162175,-0.066758366512688141
0.2562287191814161,-0.057581488894910965
0.25168740511977156,-0.047321632215157318
0.23422895587563233,-0.036947414585757378
0.20943452994896511,-0.027641023771500205
0.18304614141460132,-0.020675833759942492
0.16002237155787932,-0.017227170596519511
0.14362810095249831,-0.019445176742489398
0.13599603709633484,-0.025564726025960105
0.13539485527859424,-0.035696008631903683
0.14082156502659235,-0.048391957090475182
0.14914549004043812,-0.061854493308190532
0.15669500853834692,-0.073965662185406233
0.15995352707696492,-0.082577280293348695
0.15617256227504919,-0.085829490355957938
0.14473365428428323,-0.081147803667668786
0.12362106594402827,-0.070507451798394544
0.095994524337957604,-0.052324427611559539
0.062560573126961713,-0.029523781625086516
0.026148087508132814,-0.0042404357687657376
-0.010043787730530277,0.021202013516824693
-0.0429297591763729,0.044620250270470736
-0.069974682554588025,0.064256723087955533
-0.089332131968279022,0.07953521617719117
-0.10024061277845062,0.089234369521024301
-0.10487008953555393,0.09347204341437633
-0.1030220361575768,0.093260822806900498
-0.096446135309417189,0.089856132440249495
-0.087224257993187226,0.084731100588621058
-0.077421970227218515,0.079372309166633126
-0.068765755789489125,0.075113519758501723
-0.063693218454386274,0.073582725437221094
-0.061035928342870735,0.074615684039618421
-0.058938336812453973,0.07902396224951673
-0.05789577595164884,0.086731890747337489
-0.056775258676623273,0.097683876638420528
-0.054367686422489708,0.11169297161788418
-0.049649551105644417,0.1284301502182007
-0.042006091345626891,0.14736944720865217
-0.030451115467562739,0.16863303736264385
-0.016536587237226716,0.18943232393562712
-0.0029581046760170301,0.20913884620907619
0.010258392257292167,0.22510287614109337
0.021642506113079444,0.23510761413200351
0.029791503446732238,0.23704715243537569
0.033571061041278404,0.22920036248965897
0.03226846617385612,0.21050601776309469
0.025860534825603208,0.17949612508298007
0.014790640101409311,0.1389898865456374
-0.0019449428039834842,0.090921822100137037
-0.021770982779503248,0.038025628083064152
-0.043265831210836145,-0.016219518303329353
-0.065021478479413003,-0.068136786708050581
-0.085748974923271076,-0.11424616809418445
-0.10431916813362435,-0.15163533398485673
-0.11918869666090656,-0.17806971316162284
-0.13001401549125055,-0.19301776609070648
-0.13709359972366114,-0.19576977676275553
-0.13851264776094066,-0.18808538690875759
-0.13330287990552647,-0.17193447427807529
-0.12063420314665067,-0.14977301699905859
-0.099992455733212915,-0.12425098325521264
-0.071388433708961765,-0.097951423938564833
-0.035370383908447642,-0.072634787568133255
0.0059944561375743126,-0.050905396719741182
0.051017429630346132,-0.03490111457019994
0.095764663887494092,-0.025035877060832219
0.13638007654139739,-0.021817273581807579
0.16893401881925016,-0.02531907069147939
0.18990078216637121,-0.03519459803682632
0.19664242180442532,-0.050669509570448211
0.18763849351797618,-0.070337422260309451
0.16323495687462763,-0.092623598469236179
0.12606130910924168,-0.11614722403312751
0.078896090467266741,-0.13781509378592358
0.026240198162289098,-0.15491550803568774
-0.026760125684946914,-0.16481302394333078
-0.074944075626602921,-0.16525076113831802
-0.11378708545899617,-0.15466699079352517
-0.13904813479481062,-0.13229229340240167
-0.15053682752301412,-0.098573423581368905
-0.14794108467526443,-0.057086860948503779
-0.1333936994190105,-0.0093044137371877285
-0.11015944552211099,0.041066699616539006
-0.082305442235179979,0.089748602358908469
-0.054100352107718873,0.13237366599158729
-0.029422287182284585,0.16501351741428361
-0.010337188742435765,0.18486282354534914
-3.0280080641258734e-06,0.19040238240328214
0.0010568071208778304,0.17977065157956942
-0.0061890334034538233,0.15591598733511139
-0.019866978376871357,0.12179855080501453
-0.037384620443559266,0.081273662025604196
-0.055868289321932149,0.038574820301615971
-0.072593670929086848,-0.002227035950840903
-0.084046567962219307,-0.037893640276695818
-0.091083698515045997,-0.066153504828207685
-0.091573037159215331,-0.084047117412011513
-0.086881234954638634,-0.093076191007104916
-0.077925271004836441,-0.094443588843894408
-0.06584968416060108,-0.090025334566723458
-0.051805368403908453,-0.081991368060387593
-0.036799385837284225,-0.072438289402146069
-0.021079798028301348,-0.062163840407062035
-0.0062019047390234209,-0.053956401828448713
0.0076484079716147638,-0.047418462977118984
0.019648903627928919,-0.043232691102996254
0.029121873756834171,-0.040977385546428033
0.035329728087531209,-0.039865767177113667
0.037516672219920576,-0.038972695615345838
0.035009743175306668,-0.037462341756233024
0.027916402363876922,-0.033850016096574287
0.015729219589088489,-0.029601291382237209
-0.0028104681647300321,-0.024053048938603553
-0.025257227364060341,-0.018569336625361435
-0.0499615421320126,-0.01407786411127006
-0.074935568715386522,-0.011426154176042886
-0.098090527195924399,-0.011198296293465226
-0.1175149141502453,-0.013582113143046869
-0.13304745922869443,-0.019607445655108056
-0.14219819684772589,-0.026865091323033743
-0.14396424012256268,-0.033289185111472733
-0.14019007282304699,-0.03866280986215017
-0.13258705857289718,-0.041943154503662428
-0.1234107985009536,-0.042360557568800201
-0.11511289144704363,-0.03954445061093869
-0.10994586624337989,-0.033582048238685797
-0.1108819843264478,-0.023703945535672542
-0.11676346926159771,-0.012378833596927459
-0.12733045100174273,-0.0022497127190823519
-0.14142208865407849,0.0069476385030133878
-0.15695596476044557,0.014340325945038496
-0.17144697873595882,0.019307901716738719
-0.18241476191336381,0.021512696799004995
-0.1877979774451842,0.020865421981112901
-0.18537910748954459,0.018735951368032713
-0.1764937376870859,0.013165059895347678
-0.1609863242586608,0.0047052396556756023
-0.14131417261287338,-0.0070219151198310046
-0.11994865276546471,-0.022189934951051468
-0.099530305498016808,-0.040858966384551158
-0.082448058780229511,-0.062845971232955072
-0.070468139031473379,-0.08758471197279194
-0.06465676303259979,-0.11493652434139814
-0.064666933781153069,-0.14202440127514571
-0.069199616535673428,-0.16611300077189356
-0.076608315109276695,-0.18526247545003888
-0.084593043526808992,-0.19691091379993672
-0.090728860559304125,-0.19875248438180296
-0.092803274099153663,-0.18908796400636482
-0.089096034007669064,-0.1671496945338827
-0.077637096064705383,-0.13315909681518021
-0.0595126610255612,-0.089159585874856506
-0.035229540984035447,-0.037793444376760528
-0.005658652227375922,0.01676026053081011
0.027800552969197569,0.069888540260253887
0.063584559003089569,0.11684147258185172
0.1001020196808608,0.15325129531725826
0.13580721722005093,0.17561794030024538
0.17050878490486315,0.18262231452419023
0.20041637102220711,0.17200630941779513
0.22555647956566915,0.14498793952038028
0.24323134184292541,0.10350420885138807
0.25186203751352132,0.050936557841713942
0.25021335868896732,-0.0084486376627525353
0.23756821386577112,-0.069953127610845045
0.21389977233636928,-0.1289179863250294
0.17908144256598249,-0.17985602630015676
0.13593972430361609,-0.2214666818143933
0.08813008786195646,-0.25090759198229423
0.037900065589742689,-0.26725874991297127
-0.01117806203823043,-0.27035297668738817
-0.055473545884298918,-0.26081508513097884
-0.09168226927652616,-0.2398882867964762
-0.11720508517857396,-0.2092686220046216
-0.12916539367311666,-0.17189775844743704
-0.12965650948172228,-0.12851144089215771
-0.11758473083397816,-0.081932072578819848
-0.096668608855420224,-0.034380180310606454
-0.070060972466967422,0.011588548921738379
-0.041249559094491406,0.053353684569651443
-0.013657941899283077,0.088383951592947693
0.0096988439758691741,0.1144540425646199
0.02590647527743925,0.13045327395089093
0.034075638887430613,0.13434394693203813
0.034107917310951717,0.12761887536626351
0.02537561477625511,0.11032654849548594
0.0084006442805656112,0.084529492533209169
-0.015822270124431586,0.053176346407221908
-0.045921904382129272,0.019735298395323446
-0.080205834271062093,-0.012288831796516724
-0.11537980438919425,-0.040061686302064116
-0.15134611731688755,-0.061537364915277261
-0.18451932170862476,-0.074692090163858305
-0.2128522424747567,-0.081205449324593781
-0.23352951897428056,-0.083065504730251108
-0.24375759411524422,-0.083108537804999008
-0.24112178813295779,-0.084464857697890389
-0.22402234131118834,-0.089929349877579237
-0.19267010983342173,-0.10192290290419727
-0.14702679590113615,-0.11963241168730626
-0.092000145104924533,-0.1438215627257278
-0.030730881410431215,-0.17027244328461788
0.030924869019595149,-0.19499746476678703
0.086310028401619929,-0.21356306453152554
0.12881936770655797,-0.22181959633699547
0.15286829377090685,-0.21662036173453947
0.15500608946525549,-0.1951122317453606
0.13440943124697269,-0.16013800575079681
0.091403138040570417,-0.11208696176603113
0.032522225711316882,-0.056749932804259898
-0.034635625851823754,0.00033305621058738973
-0.10110875762230641,0.053333214248326148
-0.15783016728242588,0.096921139482669491
-0.19695932790736459,0.12696373152174981
-0.21289152417134649,0.14010111377670956
-0.20408664728105722,0.13685354029235042
-0.1707649321448953,0.12024775814655886
-0.11903711958032999,0.09185886803116397
-0.056789223100915061,0.055648225352921819
0.0065691045802127668,0.01609435393658544
0.061521266393134384,-0.022388213187943408
0.099877177123123884,-0.055951914969877295
0.11507176723382867,-0.082973291396897964
0.10634767594391505,-0.099314402149683526
0.074699529392090736,-0.10578884013832508
0.025244817064957081,-0.10150157330692594
-0.034558957883642827,-0.087425735317463851
-0.095906440997968592,-0.065258048515907871
-0.14998941481411407,-0.037179299507237994
-0.18929356932431962,-0.0056311071116418735
-0.20771984212608266,0.026681397786545675
-0.20483535457485458,0.057521613372374693
-0.18017273449930449,0.08479822359428757
-0.1387011553954165,0.10622130256740468
-0.086442226009414855,0.11997547992942442
-0.030383307283502511,0.12462896431347052
0.022589925626654052,0.11925231778483232
0.066641439582354661,0.1035531590816957
0.098973205932956845,0.078189938712143262
0.11513203143505617,0.043894551689107948
0.11721880745004969,0.0041735055817182735
0.10547401878076534,-0.039081749207470998
0.082879833206810041,-0.082393911932511832
0.053278176802169966,-0.1219071538239143
0.020755511541103507,-0.15376928353237432
-0.010902569173047631,-0.17456908527862974
-0.038426895628786102,-0.18046780022110356
-0.059633389312476595,-0.1725963742483734
-0.074551381316321289,-0.149057165201326
-0.081745109589915696,-0.1130605395356285
-0.081375129009951239,-0.067636178062892724
-0.074063575076547539,-0.016557197945382691
-0.060704199556899069,0.036106024768268921
-0.042328869568895783,0.086438431051226144
-0.020603398962875968,0.13014869493414388
0.0037109341799674172,0.16646043682828435
0.030965618767487008,0.1923968651260281
0.058171377028412519,0.20857727108947019
0.083443175603408457,0.21543967848806755
0.10477588061126322,0.21394091346684715
0.12018172425271162,0.2053299636288653
0.12788258962750068,0.19096531445143211
0.12523340707948094,0.17312878243854635
0.11373208263166557,0.15150526493393221
0.0924776232139356,0.1283087707252463
0.063194588068630417,0.10410745217180775
0.027727623330364035,0.080177162329546595
-0.011580530529672624,0.057937657726610317
-0.052125617834896061,0.038846421029512662
-0.091303784622323234,0.024199426988198776
-0.12694742660969038,0.014317360162217633
-0.15730348997768406,0.010325818487435603
-0.17932146139749044,0.011199765195742641
-0.1938480314365163,0.015601167971293455
-0.20100311743184543,0.021127177728514104
-0.20135328119230483,0.02478661114729179
-0.19576478098874348,0.023463547794137223
-0.18526156145892919,0.014486196561067482
-0.17146556362193585,-0.00435348458421433
-0.15435639829086883,-0.032167054095059905
-0.13575102350095192,-0.068227963077448051
-0.11582076248264248,-0.10852192579528651
-0.095293593144117811,-0.14827994875864797
-0.074916894092241532,-0.18205718147402547
-0.055438046907996738,-0.20454449812198541
-0.037542179341455872,-0.21143110687838573
-0.022312897006254672,-0.19924807560408636
-0.0092105094580926632,-0.16963758389964087
0.0020067661496995515,-0.1229416219364559
0.011645929414832166,-0.065388895299199765
0.020515604682144778,-0.0035484283783130443
0.029633428395337811,0.055261180829194796
0.040058264281690417,0.10398890988862114
0.052686167005973179,0.13684058163858517
0.069343374551919482,0.15101500221064473
0.0879465264553735,0.14422406410933114
0.10836095883003097,0.11691351858855355
0.12903538417590796,0.074090425108893285
0.1482561348164714,0.021724776799971306
0.16419179714807014,-0.033183750323103556
0.17515404377538876,-0.083578737768217851
0.17984697485834894,-0.12328552418321961
0.17886214797923286,-0.14907770750746374
0.17048840185747363,-0.15612855399559172
0.15440823984431093,-0.14639165372573837
0.13295977759547234,-0.12033609174030437
0.10810541050074128,-0.081630547460500552
0.082122955352589802,-0.035243691084661168
0.057338654826985289,0.013298256000208519
0.035867283272255579,0.058677800514068963
0.020691638055258289,0.097018398921272231
0.010590222464683711,0.12446149691634589
0.0075246482519440248,0.13942489134191965
0.010123075900742141,0.14226729095200744
0.017557270670039107,0.13457147855992549
0.028773680013541619,0.11889900537522098
0.042626428545088732,0.098254497409457395
0.057963846936136175,0.075539063882671564
0.073477143423801253,0.052526747028606123
0.087918288083244978,0.031463581100580777
0.10191641117485947,0.012936590012345782
0.11281112804747628,-0.0037210699963778947
0.11925625924733206,-0.01970244655370796
0.12001020284452357,-0.036523998702336614
0.11405804310514035,-0.055575460197622974
0.10075498384804422,-0.077689340212346067
0.079041304803262227,-0.10225176009058869
0.050786500330729976,-0.12943801312413403
0.017238480849446246,-0.15520541520352274
-0.019948151762336705,-0.17813917348069869
-0.058509486354753448,-0.19498676779919163
-0.095978767598503614,-0.2024350356022159
-0.12995557713479691,-0.19766671221177884
-0.15838654742780625,-0.17890625126467499
-0.18074258639574897,-0.14641853538308533
-0.19471850294176993,-0.10048038164474614
-0.20142196795810965,-0.045669032153413072
-0.20112105150288717,0.014437074934144825
-0.19542022117516539,0.074226783697478232
-0.18647256167956675,0.12764454066311581
-0.17665747873750706,0.16897822110965016
-0.16821622483714857,0.19365978076602355
-0.16420091443454712,0.19802796744780593
-0.16315400192918825,0.18277917416545628
-0.16716477696998999,0.15103147769741657
-0.17375787654832556,0.10604304764190034
-0.18116313570887591,0.053679718924519997
-0.1873242508037275,0.00070882557900385794
-0.19023272714527512,-0.046128941103544555
-0.18823402634584219,-0.081057758146250034
-0.18007341528752849,-0.10025676684957693
-0.16561826120191364,-0.1015624260730003
-0.14544776897760114,-0.086600124542565673
-0.12033626101002,-0.057881100664231418
-0.091673600597128674,-0.020351072858981377
-0.061063173761554596,0.019930328002360009
-0.030106833470231575,0.056707706126952868
-0.00022754436648842919,0.084457708350505464
0.026518959486460929,0.099368301154606806
0.05096864044709,0.099405593122761676
0.071718773807215613,0.084188292441099113
0.089277254601356437,0.056840790260056631
0.10365111057441734,0.021607025411450306
0.11481478801834989,-0.01629139454218095
0.12268643890766207,-0.051461043361769807
0.12717567932356066,-0.0791201107697075
0.12884554672217619,-0.095183900956592168
0.12725343508760439,-0.098960794884011827
0.12232340086253581,-0.089010081801651139
0.11565876025479133,-0.068045170560164361
0.10871370653979393,-0.039028069683969269
0.10320416709370417,-0.0055442421374650346
0.10086399328663796,0.028772899676290008
0.1031372839527699,0.060744648607974745
0.11067568056137103,0.088930811786097033
0.12330252011197004,0.11019817106524009
0.14171343049669441,0.12557184750272471
0.16235058981949965,0.13427840741741526
0.18219792648565433,0.13714123764416083
0.19788289604051942,0.13538048079724607
0.2061795312313881,0.13033122709572897
0.20454024152561809,0.12320294368893837
0.19027202277394098,0.11584267173233798
0.16504890457790575,0.10780196039829799
0.13210738043383233,0.097692770267678128
0.093201746129139687,0.086940040232710805
0.052435066105064321,0.075582276415002564
0.014422310129996091,0.063677422646921486
-0.01636030151483809,0.051386003134510298
-0.036236767520505669,0.039009258976367603
-0.04382409722133157,0.026418237734803993
-0.037546212371923439,0.014783190271415643
-0.017092931923742369,0.0052257090811721795
0.013072182662978439,-0.0025341319673664181
0.048451743686269297,-0.0084618976093262244
0.083847674870554792,-0.012797514865166098
0.11409083815428446,-0.016032909741490572
0.13475885222890219,-0.018835133995501165
0.14221889998908771,-0.02062992150683049
0.13605990701683601,-0.023891329511829307
0.11646326115941483,-0.029575278676751443
0.085966064782647858,-0.037254964721671197
0.048221711735171466,-0.046618738547823356
0.0076314032063099233,-0.056956046141237338
-0.031276154801254875,-0.067287041467391159
-0.064434897573752717,-0.07655973906030597
-0.089272659794161296,-0.083322615554177928
-0.10272545513004674,-0.08810131843492669
-0.10560930546183953,-0.090032506064874854
-0.097474623871253149,-0.090390078208558725
-0.079880782800803629,-0.090319463799141492
-0.055140366672438892,-0.09118987816886362
-0.025929547676861852,-0.09432019244713967
0.0050963840530700464,-0.10068077310878924
0.035067879878544657,-0.10969914516148462
0.063402890582210145,-0.12218695908078271
0.087624481878029861,-0.13743914573751428
0.10838081814980766,-0.15281824736685606
0.12579206172157856,-0.16566610554433525
0.14017188519539361,-0.17312491124183585
0.15183886471596666,-0.17259684566906441
0.16098365571773621,-0.16221606371420855
0.16705754947601745,-0.14218180038523653
0.17120573831118957,-0.11142159144414986
0.17132507167767089,-0.073528381762311523
0.16880755466014294,-0.030820315214758653
0.16379761015363983,0.012365623583128245
0.15654128427654351,0.051118101238103411
0.14741858946220471,0.080610372395203037
0.13694693446180453,0.096804718333435638
0.12445521427222746,0.097276868098717093
0.11257959621457274,0.081084779554153913
0.10199914012449054,0.049394228164338423
0.093163558932931656,0.0057972707303736203
0.086429109034833765,-0.044692389177830451
0.081830276533882293,-0.096118616145852223
0.079095241801567864,-0.1424101935221343
0.077718168151240649,-0.17824647341024966
0.078372674595650518,-0.19927027878688675
0.078744277949537089,-0.20467576940178644
0.077342618838467866,-0.19468235721379301
0.074944804249418559,-0.17231751742509224
0.071772958760196029,-0.14209664729584509
0.068381677410453867,-0.10947657267113835
0.065541362053945632,-0.079983981699760565
0.064062959831703181,-0.058343023104819453
0.06366931179788457,-0.047184496123347616
0.065917171003373617,-0.04872671498875368
0.071219150663662759,-0.061101916958477359
0.078289182318823133,-0.082022413893066429
0.085874636813642616,-0.10708785160495105
0.092384716087787519,-0.13105676706575836
0.096173634054833215,-0.1486920441199048
0.095878130962873995,-0.15560062868425253
0.091305161576542102,-0.14763639916505567
0.081775781372347645,-0.12627401406461788
0.068260908567900763,-0.09128837219660417
0.053009827948174777,-0.047088227663924724
0.038846174087050975,0.0015673981901275903
0.028944870173483104,0.049367120917164026
0.026298234469982137,0.091217439406335143
0.033138722970824382,0.12293538810222714
0.04949053289169017,0.14120489347220738
0.076530803194518424,0.14551113053826148
0.1098409626189171,0.13763937957170319
0.14692835233397156,0.11860266443875929
0.18267946906801194,0.091345760977572243
0.21131322134949504,0.059316266411902928
0.22723312299894202,0.025957262329096918
0.2259481626574881,-0.0057232713692044026
0.20361242641068938,-0.032149358901180446
0.16254984017649976,-0.053735786148323972
0.10404429047797999,-0.070424674326337491
0.034689796479030248,-0.081765299981342909
-0.038009795231235093,-0.088230277505406574
-0.10570143428608329,-0.09044287702450797
-0.16034160514896809,-0.089026245183880373
-0.19535051813034035,-0.084548727763833972
-0.20713803043470358,-0.076639067770093453
-0.19357236302154188,-0.067824259900916478
-0.15768843659426421,-0.057038907287772646
-0.10392775499834778,-0.047079992382875149
-0.039613531123322845,-0.03961437857303355
0.026637825522801001,-0.036323862506545318
0.086137959646171131,-0.038678920547390944
0.13135023245018917,-0.04766917051318529
0.15711503482964878,-0.062982628381160477
0.16087671274930657,-0.084965760085925171
0.14260825710107672,-0.11101941196075905
0.10659687179593723,-0.13914464398472803
0.058882147723997344,-0.1659905458144286
0.0068559813169736545,-0.18779606213959169
-0.041846141845472792,-0.20090737678099993
-0.080431919864975401,-0.20235209469473645
-0.10292702419625029,-0.19167398713818776
-0.10787532928751235,-0.16703220925820991
-0.095701834002013403,-0.12907211233543456
-0.068021312335312473,-0.082195989340664521
-0.028791830768029918,-0.031350045434959131
0.016972099239267475,0.017648028900698744
0.064012231780900555,0.05887769282792342
0.10758498054639423,0.087141252662085653
0.14460640998867172,0.098163258806843234
0.17220384106410219,0.09144015152585501
0.18904146618798892,0.066243411582614292
0.1963940971138104,0.026607090521234247
0.19598403444441487,-0.022598218465311595
0.19006438297385628,-0.075439081291602456
0.18094092885247878,-0.12576632333606208
0.17057375191871677,-0.16807750110498343
0.16013267330984896,-0.19881832727857193
0.15099428154038072,-0.2149828487321
0.14136586746392887,-0.21633376888657641
0.13234825425690419,-0.20496082419248035
0.12344906713174471,-0.1843936587304883
0.11409099285268966,-0.1591379778994497
0.1037978469691323,-0.1338991423138248
0.092320399781901,-0.11280523269111385
0.079127299521334446,-0.097455585971627234
0.064918928737786624,-0.091289212320533886
0.05179164997491404,-0.092739489574052092
0.038713437028097111,-0.10034550395474175
0.025867028323218782,-0.11071391774330214
0.01329415052780644,-0.11967357475965197
0.00088023491440877269,-0.12300354441649364
-0.011612609495362927,-0.11717236478433063
-0.02428538571390897,-0.09941233600706495
-0.037352603219905418,-0.070301065574596963
-0.052132341623935187,-0.030382115924046459
-0.067399811977595425,0.01652463485331207
-0.082615073708202369,0.06596040712947783
-0.097036355601828148,0.11293449877742871
-0.10980280937761996,0.15266841385091184
-0.12004796163761804,0.18130298269292436
-0.12795239015290918,0.19664368477952887
-0.13175022930046934,0.19739707525751327
-0.13066046350851659,0.18665682444941933
-0.12543700138433203,0.16578674758778164
-0.11668505949858851,0.13867437915942962
-0.10533465746417668,0.10982720026965503
-0.092501163564104469,0.083676873557354911
-0.079310457126402736,0.063902950202125663
-0.067274144678830181,0.052696120577297771
-0.055849284483778974,0.05126077698447374
-0.046614269496334862,0.057805828840700325
-0.038199983264393694,0.070466071769962876
-0.029884607416872582,0.085662853683185811
-0.020835636627576419,0.099238130559492432
-0.010305231882850501,0.10711933927144228
0.0021810047087851771,0.10596689924561895
0.016860203825813422,0.095001875361159824
0.033423565358720403,0.071293282329800076
0.049173047638403938,0.038057220162996036
0.064257244715759443,-0.0036130609168546837
0.077249177173010164,-0.050008699143714655
0.086643697017606089,-0.096613782204787765
0.091099141448493182,-0.13874320839587237
0.089682080948871298,-0.17220949255196255
0.083370630992857991,-0.19410067172846698
0.070755234869051567,-0.20285658070548185
0.052500208605334525,-0.1973723375733403
0.031025046294392376,-0.18050115450457307
0.0087742002473159067,-0.15547885043228613
-0.01151423083551909,-0.1263220252814217
-0.027160383617559666,-0.097198671627150693
-0.035908999741588517,-0.071798070102739087
-0.034957606990827998,-0.052983558798683869
-0.025865070676881922,-0.041964889801386594
-0.0087070012015295888,-0.037838077882841471
0.014595322518948352,-0.039699531298976944
0.041605004044190527,-0.045056688841493497
0.069515335838494188,-0.050875066346380809
0.095522108195123176,-0.054151809246787357
0.11718063314410659,-0.052476757082023096
0.13176804828576233,-0.044673929226215291
0.13945073311086381,-0.029986655056224956
0.14124477664820159,-0.011566823936071377
0.13685010223916766,0.0095903133154375941
0.1274594709494126,0.030304425797818526
0.1145885234341126,0.047005287370798669
0.099812315253566264,0.056316337157731891
0.084527046507961487,0.055630196279479266
0.070330656399168634,0.044138057986672211
0.056770581305380777,0.02133026556658232
0.044863343599349972,-0.011687808010307861
0.033699185401359653,-0.051126382699336649
0.022767966879505937,-0.092711187957952371
0.011564168040460969,-0.13169785962448158
-0.00029160266051934198,-0.16351907392077761
-0.012994512529258635,-0.18441094227550026
-0.027864236951508841,-0.19285213542885413
-0.042737597046879801,-0.18640655067248518
-0.058011325690662661,-0.16692194274198888
-0.073352183711270141,-0.13616042497418313
-0.088875165481332619,-0.097755911679747648
-0.10494863851651547,-0.056144749572815192
-0.12207647154784451,-0.015943849954815185
-0.14068813038116779,0.018686845962906793
-0.16217762501329389,0.044787641799545093
-0.18385986864647041,0.059903338438469199
-0.20550851533902359,0.065696710517576876
-0.22437850023145597,0.061998000248938936
-0.23782051110421137,0.05123718416963071
-0.24307010791428693,0.036703192509990518
-0.23768892792772203,0.021971440133124954
-0.22003294876672475,0.010295156980243596
-0.1883673061877805,0.0027625593759283366
-0.14581562686076466,0.0023326044057928206
-0.094484246055644969,0.0092238063200763155
-0.038673137343731324,0.021215258077009868
0.016657679800507683,0.03548707081655534
0.06630403411706523,0.048564484991093518
0.10549179887655058,0.056942949218630891
0.13052251067574852,0.057736107205826212
0.13984662518548666,0.050165796997351762
0.13270250069625428,0.032587130604204574
0.10966455052458991,0.0069756071645596107
0.075252422536198627,-0.023859946841694568
0.034349472418025211,-0.055693178995376055
-0.0075045160951785379,-0.083678407469747709
-0.044814752567175827,-0.10310262757200717
-0.072798519506420828,-0.11015972829186323
-0.0873702203205214,-0.1020649116577686
-0.087280922590851948,-0.079422416671577983
-0.072984152326889234,-0.044366702753255223
-0.04527916810014207,-0.00069600322724039897
-0.0068164755314805876,0.04617472009702088
0.038867691387046266,0.090166013769915399
0.087810843206267114,0.12543308899527245
0.13606246241306497,0.14725868579784271
0.17911663657045576,0.15261269328007154
0.21539135891617464,0.1408545363243717
0.24275172979356968,0.11570467152904938
0.25959035217608156,0.07984891187109773
0.26510437021868616,0.038935488157161954
0.25902070425648432,-0.00054848340782902934
0.24152983139011511,-0.032249882040547816
0.21326566242110342,-0.05091868173296666
0.17477639454603117,-0.054518691068517103
0.12812271523069441,-0.040081367997795991
0.077176379294968706,-0.0098131229859018763
0.023208337152847518,0.032516145270732405
-0.030747220221850658,0.081030904959117356
-0.081368271783632595,0.12877815436996343
-0.12533456293423295,0.16873557017925669
-0.15969712264839289,0.19483058841673781
-0.18208507858587794,0.20300011158913375
-0.19213995351941437,0.19119080882550224
-0.18829993540130713,0.16001060522944965
-0.17372770256181685,0.11298570291431367
-0.15142166617997585,0.055439333102101675
-0.125124792580107,-0.0061216640927807811
-0.09881261605570639,-0.06495184328839794
-0.076133716739934604,-0.11501050121146229
-0.058962741470074596,-0.15083314600267844
-0.049989667719006883,-0.17130198059766671
-0.050420490208912636,-0.1762499697730415
-0.057905755140550588,-0.16737984057946723
-0.069776645825357045,-0.14814385425389459
-0.08255996107608328,-0.12288223026784947
-0.092542556065845882,-0.0960617647010025
-0.096368992203430662,-0.071556947875217561
-0.091763338045389012,-0.053014061928860344
-0.077446479128918486,-0.040416017108771962
-0.052985099359559883,-0.032877397243172519
-0.020738411928242301,-0.029369742517750395
0.016339096484038512,-0.027479380155800603
0.054593023357834433,-0.024501870635085316
0.090214581920552345,-0.01799103030471335
0.11979189402833802,-0.0062226485364464757
0.1417076456941212,0.011686446793705613
0.15359594252778624,0.035323101408729012
0.15380277940825129,0.061982209447127019
0.14496642417744537,0.090497270772990135
0.12942190378645249,0.11834588666523413
0.11007187429042042,0.14295619097699222
0.089896715907212335,0.16205822835915501
0.071480585026370308,0.17395055058313344
0.056070573649198797,0.176720455110353
0.045747286978987084,0.17149713292820001
0.03833549007725872,0.15876172331028904
0.034149515640579824,0.13924988952549844
0.031412146213430456,0.11410108175514812
0.027909292790378307,0.084511572403351568
0.021429954075005017,0.051648156898555127
0.010217245791972356,0.016649448048733525
-0.0053473629051382296,-0.019113534281179092
-0.027534136685476353,-0.054151138795584738
-0.052977264547651212,-0.088600486453106697
-0.080901600694006454,-0.1190440766216936
-0.10830589389818483,-0.14316789811673011
-0.13168002223697522,-0.15867412029146977
-0.14755787374115972,-0.16357727129806454
-0.15311768851165464,-0.15654439370154785
-0.14765615584786937,-0.13851712381703044
-0.12987409684025197,-0.10864880676287704
-0.10088660486701569,-0.068083247391219015
-0.064623123811166722,-0.021210406374341143
-0.025772620004223284,0.027490547996047096
0.010290694226315549,0.073013123108877975
0.038294717440491059,0.11045063090233208
0.053894979169603181,0.13567478509957301
0.055703605220324269,0.14503391393987608
0.041003460900244697,0.13892828310212976
0.012647619317404935,0.11918186329820424
-0.026060835943926157,0.088446103740026982
-0.069428862485738208,0.051472310369613056
-0.11072521166021823,0.013906906192919469
-0.1431923339787749,-0.0185185617629408
-0.16112143283572944,-0.040836305945979659
-0.16063250829375297,-0.049039814119053483
-0.14071631360399958,-0.042534411885949204
-0.10461673843928455,-0.022354001625876987
-0.056085848707452195,0.0086411469167875388
-0.0020092132716822485,0.045759393199541629
0.049514869832482065,0.083388803100055919
0.090409254750818041,0.11586438569618154
0.11389968341633995,0.13833829425177888
0.11656387628983565,0.14844165541687249
0.095996398363962204,0.14390674294210648
0.053945082353429243,0.12406564178458888
-0.0034309803743742561,0.093334435627505249
-0.067998528592221136,0.056402088837552947
-0.13028048570611214,0.018800649520216983
-0.18088067357495435,-0.013923102459806424
-0.21192545665321438,-0.037006275426816601
-0.2177384990039069,-0.04767494935865798
-0.19770257291842686,-0.043637462535838362
-0.15377639417118882,-0.025213554992175664
-0.092083347302816601,0.0051583233202901644
-0.021191698513971083,0.043802563081212706
0.048974012110772444,0.086203825005754978
0.10860514726357219,0.12766621628402661
0.14944947732580779,0.16394525467583157
0.16618330733839839,0.19046288921735818
0.1561980598576635,0.20693833024205532
0.1224978049717667,0.21381352833838019
0.069046087683227828,0.21079899721144532
0.0033254398104343246,0.19945345959253241
-0.06575181149795277,0.1818736721572109
-0.12918207080076971,0.16028650048108881
-0.1791739987517523,0.13668854544873629
-0.21077427885957711,0.11314606122917625
-0.22050984015558325,0.09000667850143837
-0.2093572356857627,0.066419088029338075
-0.18056525128299467,0.043298050593035167
-0.13982471795548121,0.020406723469031048
-0.094108419451819289,-0.0025008468542420462
-0.050561934251445569,-0.025490162517471486
-0.015438432943850484,-0.048322479380721373
0.0076879208142543237,-0.069863098181728103
0.014852815734560456,-0.090174339377559226
0.0077158382619104161,-0.10787696640883784
-0.012461382476186493,-0.12221266227965059
-0.041704035739419498,-0.13234245943208978
-0.074984056633277729,-0.1376517595127888
-0.10706536941467619,-0.13782324611330676
-0.13332262743866105,-0.13285166619449895
-0.14947973797772057,-0.12318862476350217
-0.15513649016560691,-0.10869449560772161
-0.15104081861284227,-0.091225414183832065
-0.13839634383595825,-0.070240542683606383
-0.12009688490232176,-0.046147506805381225
-0.099583549586214334,-0.019394585508450111
-0.080212464159161417,0.009483649747680914
-0.064685159635806525,0.03980600055485476
-0.055930338531914481,0.070130949107766613
-0.052720670052109377,0.10013673177215029
-0.052631447600680913,0.12861644970394936
-0.055207880737450997,0.15385624928509542
-0.058173369774587237,0.17420967107513557
-0.059187944051714653,0.18806582787688733
-0.056295565763199586,0.19403822547660504
-0.048280425981866174,0.19116191910069216
-0.036173565173420429,0.17776928411856385
-0.018366601246264862,0.15665326506244331
0.0020629740272318227,0.12689295494595004
0.024143256550753341,0.091900016484113459
0.045550877525781144,0.054140253699366682
0.063860251281684655,0.01616644067441397
0.076866539622960139,-0.019638894291508266
0.082861799312338627,-0.051277784557005338
0.080642976458910984,-0.076726427186934815
0.069829738202195471,-0.095668107353593004
0.052698121184126479,-0.10897894073203809
0.028935254169926199,-0.11582105345384551
6.8767584630780989e-05,-0.11665224348823792
-0.031998195880899416,-0.11218385194025736
-0.065173187141280675,-0.10327338389947471
-0.097354106177286709,-0.090842147290386366
-0.12713829305310756,-0.074898864470861679
-0.15202142306576394,-0.058000561813116754
-0.17047898389624294,-0.040140959987578405
-0.18167770293947164,-0.022963877714847508
-0.18501507174412207,-0.0074166640998656027
-0.18029192076499684,0.0057554970554110603
-0.16768285372862779,0.016070202147474091
-0.14769784289478155,0.023361155124014474
-0.12058406455147856,0.026516884499616922
-0.088568230968254932,0.0277928750506116
-0.051537421409448864,0.029098051690272776
-0.012039215989670856,0.030570656643363923
0.028300438667787559,0.033319775890131333
0.067932967942913244,0.038355318919131742
0.10544421898043387,0.046440639666503428
0.13958516630466711,0.057962224100206051
0.16983736942233255,0.071539848720620247
0.19424802781964928,0.088787338099437452
0.21294609987588228,0.1076366684625274
0.22467649663054864,0.12737991761719056
0.22902249691471893,0.14634595324001815
0.22590937011098705,0.16261106558383909
0.21565405980907471,0.17420527461359803
0.19899389480635954,0.17934378226350123
0.17689850011956337,0.17757841767514665
0.15112476219014936,0.16712050003165563
0.1237127883597747,0.14629697266779812
0.09644071021968123,0.11725058692121489
0.071262630328923798,0.08156177987586978
0.049946018597532345,0.04139213761472383
0.033895888451082441,-0.00072850898511408015
0.024002292776742939,-0.042145378575041588
0.020717991211746726,-0.079023792494758605
0.023539359859772305,-0.11136013124320217
0.030697318487779769,-0.13643898391401701
0.041251935543978158,-0.15387715455495599
0.053328668128204824,-0.16317801438157395
0.064877015171686744,-0.16422068388706129
0.073900140306462914,-0.15718480475914234
0.078682426736082195,-0.1424860219503937
0.078911985520806735,-0.12017805349499974
0.072214816585496097,-0.09209916193245235
0.060082861398754989,-0.058357892128221858
0.042066037070524233,-0.020820265758545654
0.019337892655131708,0.019079206747886043
-0.0063636116697876116,0.059808339108030108
-0.032945959425335722,0.09977023106309077
-0.058219715861655891,0.1373468266197431
-0.078868120055814686,0.17151150407377191
-0.095605679831479079,0.19998241500711311
-0.10589297178871818,0.22130881272110425
-0.11054784450732114,0.23462691415976453
-0.10993501628972413,0.2392657792138774
-0.10476077870608116,0.23498810344320101
-0.095922345757125216,0.22201274886364536
-0.084368462169418998,0.20099999441256561
-0.071550595167982997,0.17318563872521123
-0.056955967757684932,0.13982529471683028
-0.043126807122120893,0.10175501984842858
-0.029064530366998905,0.061272938518926526
-0.015137570514848904,0.020101257127142988
-0.001861222707825952,-0.020161392911770101
0.010082911613112835,-0.058115737649883106
0.019895769342029,-0.092606413884991107
0.026955473673116216,-0.12143995212942824
0.03073622179862686,-0.14555891397359744
0.029109019408766538,-0.16609478756898521
0.02359590686188974,-0.18142222008938752
0.014818601070699759,-0.19133531516138899
0.003724467288559912,-0.19576338262403126
-0.0085516576253081115,-0.19480124995422538
-0.020872370636422076,-0.18875025279709831
-0.033224710453345831,-0.17686123112824606
-0.043540626190966998,-0.16215882418222841
-0.052169467481698255,-0.14473640468352952
-0.059267028483540395,-0.12666550043781785
-0.065717258203798923,-0.10944205163220681
-0.072779088390519872,-0.094390878964188921
-0.081817603626192975,-0.082526549826272319
-0.093977509886778388,-0.074445699887432035
-0.11078524316101278,-0.068968407526225919
-0.13041083991816232,-0.068055127867282322
-0.15264605665869396,-0.069403575796442435
-0.17472398646412346,-0.073084209695484126
-0.19385986636825694,-0.077892586887252604
-0.20707968472493668,-0.082419658477884461
-0.21167814482273617,-0.085245944351184627
-0.20567720308189785,-0.085161697679430839
-0.18913529344827995,-0.080081833864097035
-0.16127572391980874,-0.071394928816267203
-0.12337934660982521,-0.061126444479690269
-0.079134595453734816,-0.049006122477017799
-0.032617071532083181,-0.036544828085799577
0.011663972262724837,-0.025544359234102167
0.049361152193724757,-0.017843390352591387
0.07688286025141107,-0.015041738750514653
0.091339645292940502,-0.017321537082721924
0.092669276061047606,-0.026124532114469533
0.082493066884440788,-0.042729019104032602
0.062732303068389644,-0.064614184904251748
0.037050693080160145,-0.08992574747459095
0.0097806358858574145,-0.11642872219417025
-0.014684319945306144,-0.14180761840689315
-0.032494938234171232,-0.16397028903271438
-0.041415094327021999,-0.1800122396397095
-0.039128159628868231,-0.19132058631828028
-0.026131996673177227,-0.19619553083090127
-0.0037448311978356815,-0.1963462495201525
0.025328855788334024,-0.19296248841859365
0.057625651530552074,-0.18740682984528284
0.089455996637601468,-0.18099121496597689
0.1174431832142576,-0.17480205932097354
0.13805894734818355,-0.16829986081509829
0.15117520018895117,-0.16434034370621259
0.15659586846490614,-0.16100721432459808
0.15505622659034762,-0.15980598666113544
0.14831785901788305,-0.16064277575773089
0.1386190617628118,-0.16317883719083404
0.12827024618781507,-0.1669079296111054
0.11927924389092903,-0.17124066915419167
0.11436409439861266,-0.17651054227219695
0.11187600277488173,-0.18092888642682459
0.11324423573872747,-0.1834758802901417
0.11656636731285176,-0.1844369449331574
0.12061841877101583,-0.18374282905596712
0.12421702115955427,-0.181507238497113
0.12645371238531691,-0.17798596525653407
0.1268311452598693,-0.17352069308983953
0.124727215171954,-0.16829101996711343
0.12085389910143174,-0.16309972156962074
0.11735395551684499,-0.15739933238161269
0.11321565043314831,-0.15200153245644066
0.10857990969987977,-0.14701657624590023
0.10338621907851574,-0.14242725953521052
0.0974002410486835,-0.13814456356110874
0.090323300983964891,-0.13409035210583736
0.083256918419528189,-0.13084492948692769
0.074456963688534106,-0.12780915786444735
0.063916522593317926,-0.12525439167573074
0.053198857973255735,-0.12398524538724609
0.043847516723666956,-0.12479518120403532
0.037748422696482278,-0.12851228053383648
0.036803614147365112,-0.13580715075873614
0.042521800816644612,-0.14697893817937588
0.054673130771782812,-0.16268697370888244
0.074182020333599538,-0.18095529360009424
0.099346586966850198,-0.19847709677498854
0.12694370415748976,-0.21437177419153924
0.15285149160366648,-0.22608139478360145
0.17238092903374638,-0.23097929717283874
0.18097475830694554,-0.22675163329551459
0.17498375718602915,-0.21179143278468868
0.15257542428875429,-0.18609421904960111
0.11391988491900311,-0.149934048164164
0.060333808686281812,-0.10366138210911681
-0.002287200661552454,-0.051967202441437613
-0.067249043799530603,0.0009024721985477829
-0.12699760696706372,0.050347221894503885
-0.17418382269236046,0.09198318880584834
-0.20276882547350691,0.1222052968485122
-0.20843719806044933,0.13847308896457236
-0.19093559024934745,0.13984749584795633
-0.15382200515372235,0.12893930907902382
-0.10140679209836272,0.10664431451233726
-0.041187850354523103,0.076410378310208624
0.018122368003443391,0.04248423842754722
0.06786050515778011,0.0093516563418081164
0.10069932442970082,-0.018843317523346038
0.11082826637483904,-0.038257691467560515
0.098307254831252938,-0.048134492491616269
0.063471351628640649,-0.045958838365818586
0.012463206981678328,-0.034056722785119342
-0.047172956534101272,-0.014514198816260222
-0.10670476383669138,0.0099276675720592292
-0.15750722254032068,0.036321891132830283
-0.19231008044234282,0.061936561477710476
-0.20602142930499892,0.085883140913743425
-0.19682571496069126,0.10439445507104585
-0.16667998448452323,0.11833637978600975
-0.1190130481152092,0.12660180057554105
-0.059951957880374163,0.12973017626300617
0.0031931683414237982,0.12878057808347113
0.062995591751603852,0.12508061760758182
0.1129162136350895,0.11996991070352515
0.14717091593445913,0.11439459752878912
0.16469231762205541,0.10898208297806092
0.16414449883343696,0.10582073596903936
0.14792386744098826,0.10333644762084564
0.11935066756632755,0.10097989978796736
0.082572621422064008,0.098098893880529822
0.041909952909361073,0.094106971440419115
0.0013081558810087148,0.088619792006902828
-0.0358420920995762,0.082464652989384268
-0.067211447912680924,0.073972298361867042
-0.092589858849106449,0.065554798175796347
-0.11015170870158761,0.056249972079984667
-0.11949563224648822,0.046593097813458648
-0.1205369415799972,0.037222939100898286
-0.11339674644056402,0.02875245854839387
-0.098389857236838393,0.0216272006634021
-0.075921170935118035,0.016923825973619151
-0.047715919111040866,0.013275191031837854
-0.013519836450644187,0.0089350724780610357
0.022945404183397224,0.003916114565969785
0.058757729529316884,-0.0028774287953712598
0.090723959563565187,-0.012543279283542172
0.11572051056714855,-0.025965919061848603
0.13110559857224108,-0.043600606571696905
0.13643490312226833,-0.06399833837174207
0.12938006155709364,-0.088378660606913045
0.11036611862827904,-0.11468367530641446
0.082342675966230877,-0.14107262434453766
0.049026508158027414,-0.16501565244687369
0.015016399611990906,-0.18377865656430567
-0.014823949222426615,-0.19480116304388992
-0.036069946437835974,-0.19609849369020582
-0.044118301303858513,-0.1875511341011348
-0.039773372805189409,-0.16768389128265582
-0.02134051763333096,-0.13888112240765449
0.0072628470350059576,-0.10309319157849094
0.041938314489691132,-0.06389979004691973
0.077720483834601589,-0.025545413919516268
0.10951784878358789,0.0076043011665865405
0.13286536640397822,0.031663671493786467
0.14475531656647486,0.043236060569420393
0.14372510992349219,0.042135689089519132
0.12893106590116032,0.027343293684599906
0.10358916667816752,0.0020314309077579954
0.071320700945959145,-0.030246957946201004
0.036473321694844012,-0.06516077939920327
0.0034335133051209294,-0.098247245852253293
-0.02403093196472781,-0.12557508395661784
-0.042369798057250684,-0.14561797000556528
-0.051925655671195781,-0.15485366353913116
-0.052651189819581765,-0.15462198194635157
-0.046578575888086948,-0.1460617911935809
-0.03645309400870296,-0.1322176646603497
-0.025415467398955647,-0.11695640027109896
-0.016486089289097044,-0.10429687683924227
-0.012122157278072193,-0.09770459520111878
-0.015210516731484597,-0.10002287719233353
-0.02450782749932022,-0.11099473132580299
-0.039118922668170311,-0.12984992358839961
-0.058452706392569997,-0.15352654379273448
-0.080963709931761538,-0.17793914760065621
-0.10500131762769198,-0.19842541660494145
-0.12904814886825239,-0.21048566581421105
-0.15186196542124458,-0.21051112667384209
-0.17120900004386891,-0.1958275126928832
-0.18810285215180023,-0.16723157201822264
-0.20299916204616725,-0.12556026644236851
-0.21432001647336138,-0.074952130840171174
-0.221236693137219,-0.020171851503961932
-0.22276418081751592,0.03351735320729627
-0.21790001345469806,0.081098445375038561
-0.2058645647948617,0.11849014927433182
-0.18732316805386642,0.14400484161447888
-0.1614340878543046,0.15491902393222068
-0.1296393313975884,0.1541229825480257
-0.094632323237756735,0.14252627290996311
-0.05985330276220488,0.1236089755786746
-0.029296896349408415,0.10158193656696002
-0.0069480637474237964,0.08075891720443866
0.0038863395812705312,0.064939549550345685
0.00030884876546091017,0.055596959858692306
-0.016044567999799749,0.056212228596601382
-0.044603897828589152,0.066203808332939609
-0.080145704310113863,0.084406011431482797
-0.11688614566144989,0.10823385885685773
-0.14833435188232136,0.13429529931772222
-0.16825631420296358,0.15891964972678466
-0.17167523513019053,0.17870502313922187
-0.15630110711731321,0.19229946216888227
-0.12120989264671027,0.19582811417231225
-0.069054604648540879,0.19051642145344061
-0.0054972577295570989,0.17612681022719323
0.061932131068228591,0.1545311703563709
0.12466706029100243,0.12844182669394369
0.17432425443812205,0.10093725916146183
0.20394134019943086,0.07493361022576378
0.21033722377231309,0.051392633590397897
0.19015578944368311,0.033250069359086247
0.14606955243586034,0.021542580366371532
0.083150544415253852,0.014092022632101481
0.009277861872428652,0.0086236328484443139
-0.06612618641175623,0.0022947603044519852
-0.1334083327646223,-0.0077195895607113079
-0.18403142735194575,-0.023607323587573191
-0.21045355223309567,-0.047671100735526953
-0.21200153883575867,-0.07777719155931169
-0.18701663806820409,-0.11016650686706739
-0.14079754103449577,-0.14255523351624089
-0.079829247097160966,-0.17040510868932926
-0.012028197738898098,-0.18889380811589568
0.054460194952445209,-0.19371070555188374
0.11242170787785599,-0.18184883558685111
0.15707133875212281,-0.15244365850631206
0.18423568145167923,-0.10620034040133162
0.19555453180036045,-0.048129711958204528
0.19161313987138601,0.017080140869578844
0.17621099351388794,0.082333251818548697
0.15427703949184771,0.13995499432687233
0.13096645418604558,0.18274360662441008
0.1107936105073228,0.20501332936527447
0.096382478793771945,0.20476405215740121
0.089962437030242065,0.17981342905632644
0.091262472740073777,0.13238634464988805
0.098053525950041132,0.068598300503046411
0.1070916275314738,-0.0037710308185117656
0.1145713523758793,-0.075730359677147877
0.11681856414761194,-0.13826757110892407
0.11092065446511602,-0.18354849413463997
0.094639899157139107,-0.20576224983947919
0.068325229069388538,-0.20206044233461035
0.034406178992574553,-0.17469686981798238
-0.0056726363899734017,-0.12572245495426343
-0.048736578797706098,-0.06099658862441696
-0.091302116351183335,0.011988816368388897
-0.13008404130468204,0.085186375606265893
-0.16243368089573579,0.15110138060974182
-0.18571680552392081,0.20246495063766551
-0.20031059880828025,0.23772400369921667
-0.20822530785717808,0.25465936767945319
-0.20924673025544877,0.25525758639081203
-0.20496432080788529,0.24279973469807234
-0.197153326377798,0.22167814958183404
-0.1874698364238214,0.19655879849640595
-0.1772120270788983,0.17159115112612913
-0.16699617170252179,0.14886548013241185
-0.15782127132939061,0.13116863858645067
-0.14770613399897228,0.11908183201698433
-0.13772012230565051,0.11069126169259368
-0.12743565700723605,0.10368999062550958
-0.11636657742229578,0.095384237318545936
-0.10409349930878192,0.083276251195677761
-0.090351848629711379,0.065565192181449808
-0.075627507753199874,0.040188930597675594
-0.058863218400419248,0.009261716427949044
-0.041689617940854587,-0.024685723860983892
-0.023317725395396432,-0.06031007451063064
-0.0040138031671310311,-0.09496732608183632
0.01583539042642549,-0.12604386081193386
0.035729077260295568,-0.15131494438684576
0.055057005690201048,-0.16919855218746052
0.071807158746049926,-0.17831553029232697
0.087499118927615124,-0.17901073287705202
0.099751792650374038,-0.17347052602297952
0.10885515780062599,-0.16111443207033863
0.11403935755373647,-0.14283861783266549
0.11445819709904277,-0.11956618076585411
0.10930697551116869,-0.09216012982085689
0.097986519283160572,-0.061414821671479457
0.081211425815474511,-0.028302826125008129
0.058061502563014837,0.0061482880756957032
0.028929988448745177,0.042597424101569852
-0.0039524881333170541,0.078183622831350524
-0.038279432340989419,0.11113433888966587
-0.071324191526315778,0.1396049440383163
-0.10024894424573028,0.16188596307286801
-0.12246883094705267,0.1766515271131458
-0.13731262236987565,0.18190774386474245
-0.14214238114718922,0.18023067628150319
-0.1354628070935677,0.17064623357994435
-0.11986751648112787,0.15668991846822108
-0.097694187478335998,0.14108749725343142
-0.071989551036689192,0.12669091280206909
-0.046051873555934895,0.11607971114074425
-0.022916380796231289,0.11118495240941112
-0.0043094497317562085,0.11317934963427159
0.0073235626875558894,0.12208400100321189
0.014049996772937039,0.13491328918362688
0.015805540260945865,0.15097237851376349
0.015001476010095533,0.16755977079674439
0.014803176391883655,0.18163339460048719
0.018533172010681578,0.19024017159380177
0.028997403227538642,0.19094213770220186
0.049150218969861083,0.18124724421704069
0.076823752148684296,0.16220128886343133
0.11121636629354538,0.13411087549200768
0.14804354533950378,0.099095149207496985
0.18242939910126035,0.059853773634855889
0.20906941022114897,0.019503875228140413
0.22307653666722144,-0.018793556031189981
0.22081867145205544,-0.052174736931956428
0.20116370802507583,-0.078150223220839268
0.16410783349765948,-0.095853168562011468
0.11210137498448676,-0.10264844657049579
0.050998687000983263,-0.099968830779419579
-0.012381160564694989,-0.088477202357608267
-0.070597808318899682,-0.069198060350207452
-0.11660870183695449,-0.043388775567999735
-0.14475461538291265,-0.012470874213080397
-0.15026452725864881,0.020680552832963363
-0.13418109558672506,0.056256476153243848
-0.099041722182634753,0.092285961934695238
-0.048829459610396982,0.12643994080070312
0.010122263453941125,0.15630317640096941
0.07055807751116297,0.17934863167844817
0.12526884615518016,0.1932101634751357
0.1680095833709386,0.19603538578256982
0.1936790539628625,0.18778586600954406
0.20044487324815877,0.16769183814705713
0.18937428590975017,0.13577224888090678
0.16141735131779378,0.09648552215706932
0.12008436114253811,0.054161393399644361
0.069915069634458246,0.013814141399817055
0.015812360388893162,-0.019508171371646638
-0.037578642366924875,-0.041450044936156921
-0.087655922329995667,-0.048480205610474759
-0.12961000261121405,-0.040090271642832673
-0.16171589785767645,-0.01856583839664612
-0.18345318949561129,0.013895744249452873
-0.19510512195313046,0.052450009871833583
-0.19768780601622429,0.091205112958479662
-0.1926741026400485,0.12409894908817103
-0.18175029598636874,0.14584546921406219
-0.16645407550244667,0.15149816713721093
-0.14854913329410313,0.14212419611889518
-0.13032906328152219,0.11687576340097211
-0.1126311814997089,0.080972374299435435
-0.09677957764768455,0.040055346204877502
-0.084027487675754811,0.00060964079784218267
-0.075505637663525096,-0.031046869974143486
-0.07211783938267638,-0.049746809397492167
-0.073102345785573772,-0.052087484991407092
-0.080065974502010973,-0.037765990441191069
-0.093942731240543642,-0.0077605287067722944
-0.11202644927907476,0.033218546564468432
-0.13221609210307472,0.079412225300260333
-0.15189495951701218,0.12432066045893692
-0.16820656915913657,0.16164378185049139
-0.17839607971170726,0.18615069772879136
-0.17924163649175714,0.19527657564482323
-0.17097728527263148,0.18627149099216248
-0.1516547081706483,0.15985887830871648
-0.12302702676015499,0.11892371761401557
-0.086830932830051916,0.067689032088897094
-0.045487148439751976,0.011267001899639733
-0.0017987855148942427,-0.045028052649840965
0.041378163110956379,-0.096314204174751158
0.08162835270678219,-0.13919513577323581
0.11699417658238297,-0.16965784219019614
0.14427912278898328,-0.18820326454177519
0.16423451124516369,-0.1931392068276459
0.17690860362305161,-0.18521993383350624
0.18278159286011419,-0.16608451158784465
0.18257800912591901,-0.13794423385133087
0.17709149953549716,-0.10327628829581952
0.16760794562346862,-0.064752793909959944
0.15367022191773294,-0.024463669504826625
0.13658820813333716,0.015761471188206148
0.11601047522043507,0.053958966669428086
0.092200605291766949,0.088603447344476907
0.065584623192625591,0.11837758756283913
0.036815323276166927,0.14213479691532763
0.0067795666162259139,0.15888973559019232
-0.022157055179844676,0.16914375075700158
-0.051297481189543623,0.17064304932855745
-0.077529979548566538,0.16214481068931619
-0.1015584998413413,0.14484937213194485
-0.12287247586779838,0.11960001242551491
-0.14105535548687229,0.087816538937350086
-0.15579186688324562,0.051432852954743633
-0.16687281498331633,0.012764457406721446
-0.174383915211834,-0.025867300686744039
-0.17823479649408769,-0.061762580854713471
-0.17782401488943095,-0.0924890342251036
-0.17403090425212089,-0.11649750343810418
-0.16727871161183033,-0.13266286954074713
-0.15806567102160193,-0.14052937743476865
-0.14693656561573579,-0.14028685338289282
-0.13445127806430945,-0.13267180352005198
-0.12244960654694388,-0.11899990520433343
-0.10983956462404544,-0.09989754414281983
-0.095500371126732292,-0.078570474622117636
-0.081192108693789941,-0.054788484090665016
-0.0673631511542956,-0.02953804810402411
-0.05444398314817931,-0.0037441335645003182
-0.04285051583666076,0.021682041371799139
-0.032990858658439377,0.045786019103352359
-0.023971965849177122,0.066227221269997236
-0.018022965189659679,0.083568906542176649
-0.016040163123600012,0.09762614566586926
-0.017782304212648727,0.10619857892506369
-0.023357552775886897,0.10805909138812961
-0.032623718328944902,0.10219767977585416
-0.04517000660564547,0.088014556152090195
-0.060331711314504669,0.065505317840086577
-0.078537187882579268,0.035218861443191751
-0.096341026701060137,-0.0011999698067921363
-0.11473078313164375,-0.040704560071848014
-0.13111761961371857,-0.080982701999532059
-0.14453892781582117,-0.11877798412167077
-0.15443775987638808,-0.15077379496177029
-0.16064189528505507,-0.17397551650461601
-0.16324998104542807,-0.18609603934647775
-0.16115497977410537,-0.18533038176278965
-0.15652056189345384,-0.17212066952614971
-0.14867042197166114,-0.14947733099314758
-0.13738834786577453,-0.1184649944338291
-0.12182928578826377,-0.082378968165742583
-0.10086882880640817,-0.045047107648759424
-0.073414464341656105,-0.010332415184977729
-0.038812205429395466,0.018389196450457342
0.0021765977108611765,0.039993373279961573
0.048581881716532195,0.051269232617483951
0.099317353498371966,0.053016609756482133
0.14885953577407271,0.046604055944963411
0.19206438536136614,0.034829320100961417
0.22350237624757663,0.021305467095347141
0.23825645188430988,0.0098971242903814274
0.23276599476723231,0.0041082158769005835
0.20576034424010131,0.0078160073610315968
0.15780234647521213,0.019925791433714937
0.094131129584431567,0.041614071947916144
0.020097387665003463,0.069832596805343941
-0.0561136001417398,0.1013787103614024
-0.12540523013171881,0.13246922160447341
-0.17899850317577126,0.15931404747481062
-0.20971318224684776,0.17866920527132271
-0.21217155234952706,0.18846819732690351
-0.18694414212545521,0.18762211952551522
-0.13649536326007056,0.17575069936683166
-0.067561893882373839,0.15503800384926889
0.010651565813418591,0.127994376027601
0.087542154009789791,0.097584135154448595
0.15259894533603149,0.066767531273593958
0.19690232642080926,0.038088014313945331
0.21347486994896084,0.012438996732545527
0.20124913263866528,-0.0077412818751128737
0.16252767499280657,-0.022832302142434355
0.10217985352577294,-0.03326130125167906
0.028469217290124756,-0.040269078469668942
-0.048742014208664135,-0.045449933553157851
-0.11943126528093541,-0.050453678874112555
-0.17482670599607464,-0.056712568517654063
-0.20839108822114721,-0.066530435587975098
-0.21767232551319138,-0.078783439658295318
-0.201119978533674,-0.091827553913855553
-0.16370798522843757,-0.10649165619350535
-0.11150471214469089,-0.12202153937289326
-0.051935509823367927,-0.13753143145194019
0.0073480646363554593,-0.15215489584416766
0.059511095929100311,-0.16516484794929043
0.098040705385528587,-0.17622932901134292
0.12188717403471448,-0.18470514093637436
0.12961670383005378,-0.19077552123452546
0.12255859201052201,-0.19422366701277213
0.10319991684762896,-0.19508533817238985
0.074763796516570613,-0.1934004909889239
0.040638335961542656,-0.18917214291851431
0.0039434840540391149,-0.18235695118444825
-0.033634871483512664,-0.17344481819073096
-0.068159134330930279,-0.16146901270741176
-0.099948930013637374,-0.14683065073944793
-0.12603071271594721,-0.12945470510033374
-0.14495875574738748,-0.10968677311516067
-0.15546962058365765,-0.088111473726946457
-0.15652479713990813,-0.065501088975241789
-0.14744951701739692,-0.04271549692936244
-0.12869592985629821,-0.02038634875043642
-0.10051830501839246,0.00099023433979526917
-0.062881331281725877,0.01931513602572341
-0.019903597348932361,0.036084839422428468
0.024732697381385005,0.051782786215414559
0.06682260217050251,0.0670611654001671
0.10212300477599644,0.082583185011057839
0.12691883527542958,0.098849124332589494
0.13765484189108271,0.11733478078834496
0.13511571642801024,0.13582700846791015
0.11806424171793618,0.15357435367137146
0.090608151368573239,0.16952932344272778
0.056934187781075722,0.1822811669644033
0.022052025050076522,0.19044821680664256
-0.0088884224193027887,0.19289964955628205
-0.031305414623621713,0.18895564204997536
-0.042737999221803408,0.17945902547912887
-0.040430763482119048,0.16335915817137689
-0.022872747766995449,0.14279366315119058
0.0066082602551808464,0.1187560505151891
0.044496397263853571,0.093233955404037144
0.086334115445812806,0.068433326249779297
0.12737447917803915,0.046516184510828777
0.16323919195863845,0.029333332175883516
0.18992755887842394,0.019489211594947514
0.20637163046450135,0.01513334580782455
0.21108964724838497,0.018102655597226187
0.20560120720906919,0.025852138907899551
0.19196802790803599,0.036714115177963212
0.17292602321112382,0.048844873641432633
0.15141468968813387,0.06045712099900432
0.1301402065122792,0.070005619451088671
0.11105309408705129,0.07648962029168159
0.095750519915001484,0.078404272885792645
0.085018041306046482,0.077156282740932683
0.078511218094677801,0.071115180882563883
0.075554686546303235,0.060259627591510059
0.075208621472524925,0.044839271721360936
0.076516197692824708,0.025335270728697658
0.07870029197758896,0.0024300900245071097
0.079981112112440092,-0.024309663883553389
0.081903592974314543,-0.051896478444352148
0.085595345136874557,-0.079134212678793864
0.090302043900443288,-0.10485325433998892
0.09611087572958199,-0.1277766136013736
0.10291205410775178,-0.14680457652097487
0.11034501948586969,-0.16111180812258497
0.11781750652685204,-0.17023073854078141
0.12477992148493085,-0.17281067169951767
0.13051374217325751,-0.17094059542163878
0.13319533286398283,-0.16643973982830715
0.13359794548963605,-0.15943622375790809
0.13190718881454816,-0.15111582326102807
0.12862725108539472,-0.14266787229056802
0.12448850642009322,-0.13516325571793414
0.12029713505075783,-0.12945512314015506
0.11656924002783219,-0.12481735986371419
0.11395459275288226,-0.12310189737401039
0.11269098301498873,-0.12582475817216185
0.11213809650770164,-0.13128303238278816
0.11142609504217539,-0.13880062414629826
0.10942096693572191,-0.14750057857728863
0.10495431607913278,-0.15636798579965064
0.097093795616012502,-0.16430015139590234
0.086701759500375772,-0.17070209784826704
0.072453079082433369,-0.17348456397398782
0.053852752541453643,-0.17187407382180864
0.034110623382908267,-0.16458057641057436
0.015753766937451716,-0.15075453681914824
0.0015831737813011583,-0.12992413023267374
-0.0057561477775816732,-0.10211369969881559
-0.0042294755010538138,-0.067939437636279909
0.0066269432355363965,-0.028847199437603898
0.027708955410000336,0.013740906738923007
0.055967144678259716,0.056581412373810126
0.08956370804202804,0.097501431230215582
0.12466333349845575,0.1335605017253236
0.15683228367262711,0.16186543253438074
0.18165067115592673,0.17985997735876325
0.19537445961405425,0.18560958035725994
0.19498498744974915,0.17896909469142183
0.18079645403776579,0.1583873672776443
0.15313769216504503,0.12531872945572511
0.11573447334916279,0.081523352827458026
0.073128319584953583,0.029891650800091693
0.030588153080546566,-0.025998781675642388
-0.0066645438522916732,-0.082225406080995392
-0.034241568980412911,-0.1349043982438996
-0.047962556967510159,-0.17926798964824561
-0.048608430143529675,-0.21502692946869548
-0.038389705816546119,-0.23837803395667312
-0.019422678433108666,-0.25020428429634411
0.0038865788377849351,-0.25091507299455001
0.02646310197662145,-0.24156009627202973
0.043360946593198703,-0.22361626475063756
0.050537009499080285,-0.19878341434520955
0.045292299620836841,-0.16752041681916119
0.027621829980648629,-0.13385483747202681
-0.0023862250056109276,-0.097869825035779012
-0.040465957978857887,-0.062221026592588102
-0.082054527895649251,-0.028354516720562287
-0.12204859658810284,0.0025776262310169109
-0.1555327238373341,0.029696078754453892
-0.17843847107067062,0.052354625263924176
-0.18859527223504888,0.06879866246439155
-0.18383737382689849,0.080309592591125717
-0.16554729056131828,0.088256008853377144
-0.13498398094903377,0.091167304236288632
-0.095114588426836177,0.088940533716500264
-0.049618094377227216,0.081587619875239187
-0.0024130603751280192,0.069289559216123453
0.042773992875348089,0.052448652448156025
0.081816974775889312,0.031541363440778944
0.11375515433623297,0.0077282177974254945
0.13651509918622001,-0.017586926399601261
0.14951650824527035,-0.043237859339157178
0.15256860562656427,-0.067801312651473919
0.14591275336874626,-0.089917970651159515
0.13011576098937519,-0.10844716739064995
0.10602364914923622,-0.12262007745567489
0.075703951335212377,-0.13235193496398548
0.039638889009136043,-0.13722584493860415
-0.0018792508590069214,-0.13993228806595051
-0.045065981559646209,-0.14030127209640569
-0.087030954905464794,-0.13985875799260214
-0.12466225178994013,-0.14031581846849875
-0.15490359902261638,-0.14328344779688759
-0.17509772973335061,-0.14995679319514874
-0.18353107780258288,-0.15952504936259021
-0.17914872788051592,-0.17400458068831931
-0.16217375641649998,-0.18994499237743337
-0.13456327893171696,-0.20661236726049639
-0.099257809741940817,-0.22110946880787294
-0.060026984472243756,-0.23002991860492278
-0.020982915633430074,-0.22996488321952546
0.013984339721838027,-0.21808520290367506
0.042687908796279338,-0.19399978058934397
0.0618623299839174,-0.15601193701310104
0.071032855646880236,-0.10427134873936267
0.071485309870397987,-0.04365019471535482
0.065715431411610778,0.020784394342188404
0.057174633266970615,0.083080668964230928
0.049656610635072346,0.13719066940967919
0.046608896206685124,0.17782294514842978
0.049187487961178368,0.19992816254713572
0.059943928647063445,0.20408137855379893
0.07964924447242426,0.19006157661840858
0.10441980350490793,0.16172584459716999
0.13026070264925399,0.12410499105515044
0.15239088375643894,0.083197448803525031
0.16603147450910452,0.045057554480557586
0.16723406689007447,0.01487765599857439
0.1545392415358898,-0.0039756003205109478
0.12637630255982546,-0.009755042890930446
0.084103254792072826,-0.0036746060257482117
0.032353203642419115,0.011452199502499505
-0.023143434383415463,0.031022205815402708
-0.075800912895819986,0.049615257016553893
-0.11914787346596356,0.061911064986226672
-0.14781963705473908,0.063588053087709817
-0.15711727920395885,0.052616590369809368
-0.14801466055858215,0.027432216816817755
-0.12292111566954446,-0.0086797254869137499
-0.085685744792781571,-0.05288405166131404
-0.04250492434298591,-0.099836095905308481
-0.00043590202631634141,-0.1433780747481839
0.033684014304001239,-0.17743600236459242
0.054299663977934766,-0.19690372703478468
0.057085982289223396,-0.19893411483874579
0.042357635610741233,-0.18187046097140214
0.013862641566311912,-0.14514200373718619
-0.025190611240226701,-0.093478255522106271
-0.068507792936044837,-0.031959188923722501
-0.10896626848867134,0.033417554871423845
-0.13970430810654239,0.096557247838540874
-0.15516747857376251,0.15205303339751461
-0.15139258512379106,0.1963782803534771
-0.12842893380913614,0.22588105736155623
-0.088429231534349867,0.24194128813831647
-0.035662192300943953,0.2442014305218885
0.02368113604564917,0.23505098417947642
0.082566863929059695,0.21782991865484086
0.13409181081733371,0.19623115952529671
0.17238476030264321,0.17370219289454963
0.19200699429826718,0.15349523536506662
0.19315662000891365,0.13678315494765403
0.1750456649390808,0.12227582576197135
0.14062637792490384,0.11071386326183134
0.093663114833041419,0.10068997042764605
0.038667909479340179,0.090337155402479094
-0.019704454297297794,0.077787574553742217
-0.077148465409058078,0.06161705674439933
-0.13132476823796624,0.04175350264947314
-0.17707034138819622,0.017761448338314778
-0.21382853549204481,-0.0091339409128499693
-0.23899544540745021,-0.036541196419983206
-0.251566505434489,-0.061696025525768791
-0.25113306118359024,-0.081704540644627136
-0.23784717021040838,-0.094010304053301394
-0.21244148096797497,-0.096823804109204284
-0.17647688235395895,-0.089630486024493972
-0.13206146467921076,-0.072634151808334074
-0.080786646174284549,-0.047909386834025014
-0.027233185844986765,-0.018041034514885906
0.024477024695922465,0.013497751155714199
0.070091701439955856,0.042978488574061349
0.10566245637622063,0.066904071438578974
0.1280227949754863,0.082463524387186196
0.13542317371790866,0.087333120716670209
0.12727646858942621,0.08143071891173051
0.10474181594841929,0.067205343693288649
0.071083683427938291,0.045092357002963809
0.030777230097535625,0.017681556971952801
-0.01081541740225711,-0.011951814235266256
-0.048102188632853669,-0.040673242782767856
-0.075974149320371762,-0.065705709065055268
-0.090284050423588807,-0.084790277053074417
-0.089327932221173842,-0.096639488524286124
-0.071446838843108318,-0.10286290185072493
-0.039346662045227819,-0.10275141756652609
0.003559125345908493,-0.09766757695211413
0.052735675248461643,-0.089480274961679443
0.10316858253836475,-0.080237498334328625
0.15003344351526623,-0.071834475981452983
0.18873604825294196,-0.066657679883586549
0.21776025790391171,-0.06366633880307751
0.23386523501257089,-0.064938087899672509
0.23870571665643897,-0.068350700097214515
0.2337595509253784,-0.07272441476263404
0.22122650947813743,-0.076776021794611446
0.20358667470139372,-0.079350297387633051
0.18319583113805957,-0.07958957321065957
0.16216670917846501,-0.078315277408376821
0.14123492419392483,-0.073348533113238967
0.12242025827406094,-0.06538076111883491
0.10482000573256794,-0.054478371098146773
0.088186425547576233,-0.041093912908178661
0.072230016749710677,-0.025800699874192458
0.056802819857432983,-0.0092306657301146535
0.041996018221138479,0.007960665206926329
0.027210503164947938,0.026400556038834316
0.013928142276758331,0.043192875947541343
0.0042277862000629435,0.058610419665296877
-0.0030365267873042525,0.071146068181191569
-0.0080307794953670165,0.080007027787672255
-0.011264333156726309,0.084638585465140637
-0.013525602029067486,0.084787479438442767
-0.015733338883830172,0.080538218439709208
-0.018545254312081608,0.071758973919903782
-0.022488617092845171,0.060229550769519337
-0.028869610445652345,0.046055737821390337
-0.036108012584742936,0.031053961414246566
-0.043020262278171573,0.016457450637977326
-0.048060723835026221,0.003367436444266562
-0.049588171189643912,-0.0073083821779744576
-0.046188625529507012,-0.014868101661326039
-0.037924312794338354,-0.018599866224436414
-0.023482764601847124,-0.018570932763259589
-0.0031623423078040577,-0.013644733234524265
0.020633408189394915,-0.0041853295242986893
0.045248302063529783,0.009987995741375922
0.067564954442345213,0.028983084739760991
0.084469046233464573,0.052708735307618888
0.09335895240676477,0.080707097934054645
0.092801251218771016,0.11328214637277251
0.082650312828117092,0.14657957346799502
0.062355683849666249,0.17926167424498984
0.036026547074818734,0.20765673152736069
0.0075233419437314916,0.22846802469352787
-0.018784927042508157,0.23860919815397169
-0.038666338513428392,0.23563688823240475
-0.048678991007671472,0.21815988675844808
-0.045430459751277151,0.18745439293569988
-0.030128082947612017,0.14283179139667251
-0.0057685315836551359,0.088314074087163477
0.025946931001888617,0.027448006303482628
0.060841313104340856,-0.034651539410450148
0.094162341012857989,-0.092398614470854859
0.12128630406671398,-0.14038635214604636
0.13841268233087542,-0.17405797646170917
0.14221230351541295,-0.18974482299491666
0.13354790401457795,-0.18700783174916064
0.11321353616678984,-0.16681737797496934
0.08438532526574892,-0.13179367389167937
0.051185187143957374,-0.086325444412751001
0.018241783889642156,-0.035820785026911522
-0.009986682960464446,0.013982883798828626
-0.029835070219801575,0.057733746438902743
-0.038349741758698701,0.092028573083974718
-0.035589684768103119,0.11277094252334768
-0.021886681421442403,0.11825628787705546
0.0004549539165671429,0.10967137396589299
0.028394376114132008,0.08918147927293138
0.058444151159255359,0.06004765220381264
0.087143552139420113,0.026070989588029458
0.11145501801784936,-0.0089884597393040996
0.12921826937355965,-0.041742586814644288
0.13855097802876187,-0.070272801647756206
0.13900809503562267,-0.093146569317508268
0.13031284704231361,-0.11056298764904243
0.11293223990354236,-0.12342572406221916
0.087746807473640262,-0.13319413836368979
0.055945083536733844,-0.14148961083734474
0.018976645270025152,-0.14971602367324308
-0.022367678306075552,-0.15857486711919228
-0.064440514854014211,-0.16824352519624194
-0.10582561196978368,-0.17944476008580371
-0.14315650952508979,-0.19000147194770248
-0.17356686412631089,-0.19833700089427997
-0.19437214855789686,-0.20287256719222937
-0.2033620734914578,-0.20234832800719055
-0.19910993341542321,-0.19608493277822631
-0.18254587094217767,-0.1835865693904786
-0.15259302934569532,-0.16611908521439386
-0.11141150961749825,-0.14687122895527938
-0.062481907077294369,-0.12634975750777991
-0.010122263453941122,-0.10656644962902373
0.040753289176528366,-0.089465630913346125
0.08518438564495287,-0.076658483796673602
0.11876454156148177,-0.069206933202550391
0.13913134423796403,-0.066932296670765903
0.14341967555017707,-0.070787643719686003
0.13059648941866209,-0.077891718483784511
0.1035526055590027,-0.088301640816949536
0.065863663548467746,-0.10036175423102996
0.022242752889648304,-0.11220613296463744
-0.022088123403596234,-0.12199380868744523
-0.062088676276720364,-0.12814198816434513
-0.093365009701037782,-0.12859765460462799
-0.11340303256270826,-0.12408331758730323
-0.12069541002635878,-0.11530610096678351
-0.11594542345675696,-0.10241303167191969
-0.10112630513263619,-0.086542830261918779
-0.079239159619209243,-0.069102994427613876
-0.053753592290274342,-0.051580690450952808
-0.028011705617966811,-0.035361051168604399
-0.0037673535316810913,-0.022506209949658594
0.016213314401700228,-0.012426580587256616
0.030421238072346,-0.0054464095302244175
0.040639947241074108,-0.0017623811982843275
0.048682754979844589,-0.0011755086577652451
0.05687454815985258,-0.0033656365126463056
0.067517721969446387,-0.0079642015043564149
0.082362565913567748,-0.014594432940963529
0.10235941709085253,-0.023429869649102007
0.12667683264728347,-0.033620869303750474
0.15383314835496295,-0.042996337010960776
0.18072821666747832,-0.052431527028886225
0.2037698382219148,-0.061381312431413787
0.21923193287084669,-0.069190685945739197
0.22385023086959652,-0.075166925222935291
0.21537526601488244,-0.078701935623690128
0.19280826996386205,-0.079234787134132206
0.15684828984431629,-0.077481519955157938
0.11171959202983078,-0.072088963059450173
0.059768237891043879,-0.06553098973722507
0.0055903257675791176,-0.059297257983738777
-0.045842493604197683,-0.054981510121143884
-0.089830510878032802,-0.054027276492085913
-0.12256839858998385,-0.057467561391778617
-0.1403514523942444,-0.064775166480226451
-0.14418909131460628,-0.077198603293366183
-0.13619068525298425,-0.092616485041646338
-0.11803587779113689,-0.10983981121054671
-0.093434438801480724,-0.12648967183074222
-0.066652388956751116,-0.13983881687669869
-0.041907406026549847,-0.14718300748084645
-0.022799539100055912,-0.14624432716545827
-0.010934066242331768,-0.13498682891871944
-0.0091313837671421691,-0.11418023313627366
-0.016254909200113372,-0.08325974216804706
-0.031565622453531075,-0.045335672484082705
-0.052697782173745975,-0.0034516847973029632
-0.076607874292051292,0.038871733196167498
-0.10003185500675968,0.078084962032011845
-0.1199346425097704,0.11105414872008865
-0.13518446122327746,0.13599386744878225
-0.14225774737232325,0.15068276741897099
-0.14054276754418263,0.15532664468166624
-0.13050473298653015,0.1505949723623457
-0.11333444982644049,0.13827374179380644
-0.090904354843150181,0.12076632484995738
-0.065477986253294554,0.10070903648590106
-0.039406112060212294,0.080577226433451166
-0.016151688739431614,0.061786426881381737
0.0048386666047561004,0.046366542434602899
0.020798245858480949,0.034845487340757535
0.032198202187394658,0.026609216427164486
0.038900845354623174,0.020536151167624972
0.040949299084776569,0.01507881343558954
0.038449636362973744,0.008590255498405315
0.031499846316613386,-0.00034516666339813037
0.019622342076158851,-0.013558044362236885
0.0042184471492220949,-0.029998876783935965
-0.016375813937170958,-0.048522946581723646
-0.040167890456100197,-0.068474086956790789
-0.066286674191759334,-0.088210239489752817
-0.093674964426960092,-0.10592786147082178
-0.12109888615081339,-0.119957590143784
-0.1471821061403627,-0.12903672529085064
-0.1699098324181231,-0.13195683974233549
-0.1889970821507336,-0.12982819804382698
-0.2017120207808816,-0.12254618230953923
-0.20802683447141068,-0.11213867270671357
-0.20718543955217081,-0.10035508742487048
-0.19868724700767387,-0.088942890776838937
-0.18235008995236396,-0.079385435463597331
-0.15837172770832564,-0.072699377990130543
-0.12867634256095059,-0.068022544643982066
-0.092386312125046374,-0.067520227241721423
-0.050998861698681557,-0.069004820947491399
-0.0065198292184824773,-0.072610353169480571
0.038850420886224778,-0.077180409588379392
0.082690029555708228,-0.081353530274858199
0.12257500486167346,-0.08374243409655989
0.15633536794901112,-0.083109787040961502
0.18286867255550318,-0.07870360676888595
0.20007115984444196,-0.06939648534113152
0.20924762348842835,-0.056421985532169525
0.21008579451847148,-0.039063970547763942
0.20407933472523887,-0.017998699623913775
0.19339510158668463,0.0057042225923828477
0.18054052129878065,0.030700955722037751
0.16795271028956485,0.055522038128148016
0.15627974618567855,0.079655863999127899
0.14857666254644364,0.10058131459585593
0.14489408740921833,0.11672245541684954
0.14404858270544221,0.12802243163224358
0.14399638613961616,0.13428715191831508
0.14200979784860676,0.13569141296170698
0.1352043258262329,0.13267730687602483
0.12114670723852039,0.12582024061974587
0.097510235308357188,0.11438990665449231
0.065877222176467978,0.10077980179508907
0.027598028019093734,0.085237670166768503
-0.013646822109077203,0.06765309605011155
-0.0532234309488471,0.047811140106692455
-0.086005969389771772,0.025322257102928306
-0.10716604067750503,-0.00018923623214952745
-0.11297912519023526,-0.028855821245695169
-0.10021497637142891,-0.061268608850951034
-0.071630093135227557,-0.095320880605846411
-0.02787489982462912,-0.12823034142205858
0.024648206421978732,-0.15869216434464009
0.079499336001123494,-0.18409303240257155
0.1297878162445347,-0.20176101617699596
0.16913628199557704,-0.209369231037176
0.19257660737524071,-0.20535702849142032
0.19594367176619978,-0.18799648913577494
0.18056364660419733,-0.16042498184513287
0.14959522293852245,-0.12399063596758764
0.10634962836175253,-0.083036661256379291
0.056524934474958467,-0.042057892670400283
0.0064721634833252569,-0.0056901224178339772
-0.037660800860554067,0.021908168250385662
-0.070704270192308211,0.037633020786143875
-0.088495662298210861,0.040809375979141145
-0.089748898497106502,0.029958386321344146
-0.07635140634804817,0.0079156285959733064
-0.048745933215821234,-0.022617589016388086
-0.0099848130296506347,-0.057188033674350082
0.03605072062526999,-0.090716902892171075
0.085152689611025401,-0.11815970636100254
0.13322774944215635,-0.13516097819935138
0.17792080658381973,-0.13990817234644837
0.21462369591643282,-0.12871423112981853
0.23946803853005585,-0.10287595374795569
0.25222799883184693,-0.063638734968658087
0.25207199385178997,-0.014361936517967216
0.23880022404050955,0.04048018350207476
0.21282666668179923,0.095873028497409168
0.1752131632911556,0.14688252638173005
0.12755297557010514,0.18867657607882421
0.072879331385233517,0.21926539576132104
0.01374610528163943,0.23550132350892425
-0.045134631750315832,0.2381930993345226
-0.099187686237772896,0.22844081140188813
-0.14380220447639872,0.2082379479961913
-0.17481016277859052,0.18007261716260428
-0.1889999812903006,0.1465262903917241
-0.18588513000960546,0.10863678443099209
-0.16362252271802577,0.070095906800592661
-0.12360029361274881,0.032715366202808557
-0.070120181150710573,-0.0033104739860319097
-0.008527397737260663,-0.037730562838509209
0.05479472992190116,-0.070578139717184935
0.11315490509582544,-0.10191740542747338
0.16035388840543047,-0.1316034304945595
0.1916252614114328,-0.16002916628327318
0.20400777763051267,-0.18517841592045481
0.1948518276504464,-0.20399190453992055
0.1670166459918406,-0.21617339818630257
0.1240247637981846,-0.22009823773835788
0.070816455844154289,-0.21438006404838578
0.013044961695164604,-0.1981519255982096
-0.04368039588264884,-0.17131058860809389
-0.094304276109606858,-0.13560553808827316
-0.13570408369706147,-0.091327882590475307
-0.16506574622462689,-0.041577960961283723
-0.18265972913497433,0.010591635034782967
-0.18957265016484881,0.061503903833906068
-0.18785086786543947,0.10742789356909926
-0.17998919764094373,0.14500505950834069
-0.16841534834023134,0.17165889105390397
-0.15524373861167451,0.18685544044895983
-0.14090436276643481,0.18870573992511966
-0.12748909568352268,0.17987446916037089
-0.11296672682427465,0.16165835393894612
-0.096166648681778114,0.13735072310977844
-0.075867152154554404,0.11091425176770664
-0.051179642192901532,0.086468692902692088
-0.021858146181020058,0.067737287019629999
0.012818485245069827,0.056235627836736343
0.049720777428025296,0.055922875276001476
0.085686741761971122,0.06477969225873631
0.11913387981927674,0.082923093276444551
0.1475399273561622,0.10771572433762676
0.16871822834047712,0.13545767882781162
0.18111087349054433,0.16196626366079958
0.18397945943870381,0.18325199264015879
0.17765295565778128,0.19747791007528687
0.1623696092975454,0.2011895814759887
0.14154078394124342,0.19330830297049181
0.11562632466548155,0.17650484174659853
0.086601663583693769,0.15406359219830507
0.056457295532294456,0.13026025997706964
0.027030285935004682,0.10962003158829652
-0.00011060580320166587,0.096103389177104648
-0.024647192530463581,0.091059645796394931
-0.043788060680539434,0.0968568788227092
-0.05885840498591334,0.11370631515172462
-0.06789494017988594,0.13685177874105978
-0.070609587734534407,0.16123575145295463
-0.067121902658342947,0.18099231799714494
-0.057973137879643179,0.19042586991806068
-0.044118704154773522,0.18502361125020239
-0.027078567995039649,0.16103644436338782
-0.0083963301251517766,0.12037358567046946
0.010798744106106626,0.067108117339676712
0.027932001087383786,0.0058615083018256544
0.041071539630510294,-0.056037911516036355
0.048552224095679719,-0.11051669111338101
0.049144365509131399,-0.14996860105005247
0.042191569920997263,-0.16845602820651157
0.02677327869021778,-0.16215042960563963
0.0045953159225321531,-0.13150183740648114
-0.021386703985131719,-0.081635125683154008
-0.050737394051847268,-0.017567742425069692
-0.081377464271965835,0.052182660876298123
-0.11105990782565334,0.11807456335035434
-0.13756681133708995,0.17090308749605451
-0.1589012910770003,0.20313371593951868
-0.1736375902335261,0.21130059896306053
-0.1803202646206204,0.19227651587601194
-0.17870239280007019,0.14789900176513532
-0.16859685626006965,0.084397594789523009
-0.15056839442305608,0.010042290431888467
-0.12567625398804869,-0.065469777385358377
-0.095372827534153007,-0.13236617310592011
-0.061387680800358592,-0.18212897553569679
-0.026536641182430622,-0.20990485955934582
0.0091165080226962916,-0.21019902251667461
0.041740511404739694,-0.18535953377754283
0.071191948970814822,-0.13726139190197142
0.096107222145205631,-0.07179311911799624
0.11524980156399689,0.003355331770148393
0.12760464356612725,0.079813303942992964
0.13251077170418452,0.14968094484999683
0.13036591453404953,0.20746552292232584
0.12071840825760184,0.24781954206131443
0.10510611872106471,0.2679792828473882
0.085143013550779356,0.26979466041744127
0.063258207124865434,0.25630635602919372
0.042278839243916455,0.23195365461091738
0.025090976285211949,0.20170499475450798
0.014237542179288852,0.17018658448877738
0.012443687606842347,0.14224762948297714
0.018930862643998798,0.11817411763800632
0.033582270347852244,0.097205260348281988
0.054301342736304874,0.079042199862496595
0.078211932908461415,0.061430042000390782
0.10187064532324999,0.041710842822917288
0.1217736961227756,0.017512553143749689
0.1348949435648428,-0.012624592523028357
0.1386117899956214,-0.047497746600613372
0.13308863974725901,-0.087962989865775582
0.11865891841514271,-0.12956525287812606
0.097641778310328359,-0.16942635067069869
0.073176079362073432,-0.20302264154344318
0.048924402522583579,-0.22577814598568807
0.02850956411124958,-0.23378904137835954
0.014959737606815959,-0.22449232245364717
0.010065187842709235,-0.1980983554567525
0.014315253320561442,-0.15412291351370183
0.028665278319872901,-0.097973717668827134
0.049530895576197387,-0.033256994501445383
0.073708178305596228,0.033812740547648636
0.097560376527642129,0.096435213875336559
0.1175364841803703,0.14806477206164487
0.13064295832261219,0.18324763059575713
0.135357645970725,0.19814844588227654
0.12979170421644037,0.19125711377157725
0.11448347226315399,0.16540921715838988
0.090373668849376601,0.12248131590838525
0.059425922977593054,0.067508953733546623
0.024137822590508735,0.0066945101471677622
-0.0127887914474093,-0.053447376629239242
-0.048752957965580108,-0.10697680392909759
-0.080197790811736933,-0.14912850822106261
-0.10706807208936721,-0.17710344112630819
-0.129188956183552,-0.19217555791808924
-0.14489923017550133,-0.19446896672652253
-0.15383903107315142,-0.1871515093451504
-0.15593565059484402,-0.17451354727837418
-0.15133284211248491,-0.16118306329915449
-0.14035575288204991,-0.15131008837656448
-0.12221885522475662,-0.14878227068925856
-0.099613817271344843,-0.15300674998143157
-0.073563895803013077,-0.16533801111646645
-0.045256475865997743,-0.18184693936271512
-0.016230215270924799,-0.19874468164312228
0.011884018507782456,-0.2117687016821958
0.037470518161543988,-0.2169269158112791
0.059059860799088842,-0.21117642885900442
0.074909610918224442,-0.19422584103723445
0.085410084374514014,-0.16436384815466112
0.08889115277982286,-0.122875397288702
0.086695470070798517,-0.07353370500677453
0.079610420583485053,-0.020589005193629349
0.068671621365594529,0.031272693111376405
0.055023851734038315,0.077559969223720701
0.039787431588482809,0.11454312876319232
0.024133863248653079,0.13838103867343413
0.008615335760012206,0.1495324400780379
-0.0064490338950872724,0.14984798727133178
-0.020549678205280857,0.13947289684419972
-0.033551851271155141,0.12071829791595549
-0.045465274418855436,0.096377818190511277
-0.056399940035790221,0.069334221925141507
-0.066533073509697838,0.042220394260707221
-0.076277091566072763,0.015881762826549108
-0.08530762136477095,-0.005698212412879637
-0.095246890749309865,-0.023612992194508162
-0.10534904898181126,-0.035840723583597155
-0.11587092202767424,-0.042229684514520631
-0.12711607243242398,-0.043084010279133687
-0.13935832213833022,-0.039017787409795841
-0.15272755658159209,-0.030807476028075681
-0.16800773171941538,-0.01870959821154428
-0.18341538882965358,-0.0046568536981761608
-0.19738481908225555,0.012063249422747052
-0.20909858187568434,0.029767754220419922
-0.21693453316704164,0.047885133832974526
-0.2192157402777499,0.066013787363622956
-0.2144590670302195,0.083874886592508732
-0.20164035664041144,0.10124649057329635
-0.17950289094412089,0.11808093637918679
-0.15032074901236681,0.13336006397470471
-0.11408092174469081,0.14850757978013468
-0.074188327267574225,0.16151682655548588
-0.033591964899638081,0.17172740881944329
0.0046282788610878759,0.17863856794280547
0.037620776937135746,0.18201000204620846
0.063087184860426443,0.18193471823327625
0.078600099742310123,0.17979726441411395
0.085215547702518643,0.17452846076398931
0.082369997678601717,0.16915708257875428
0.071984977636026098,0.16333224939725527
0.055938154713243142,0.1581697602545056
0.036352567168788361,0.15482375774937102
0.015353854373758665,0.15431230742167204
-0.0051122590871350978,0.15732291598612455
-0.024682386534936863,0.16310390060019006
-0.039931010968156148,0.1729356336405094
-0.050294603728699809,0.18421531342622782
-0.054649999715844069,0.19630195081569068
-0.052416939626569757,0.20702456131338373
-0.043394712969583915,0.21385589298847862
-0.027801158081691865,0.21426939494311795
-0.0063230494595695611,0.20615605616744992
0.019282738442404652,0.18767630340990227
0.04796553590191794,0.1596226220219763
0.078166016723472509,0.12282678091137
0.10667852061986434,0.080029942905599352
0.13064661288584575,0.034774516940622432
0.14728843011819287,-0.0088529255283368666
0.15422856520051306,-0.046782203073689729
0.14983752902643699,-0.075553355083064849
0.13445357356662918,-0.093775170731204588
0.1068530610548603,-0.099271286088161811
0.070927388327410482,-0.092839158333276925
0.028209125856266015,-0.077089268658214416
-0.017412174097111672,-0.055764281842021424
-0.061374017839482556,-0.033374761153292055
-0.098965894551959269,-0.014510730566017784
-0.12592212583194937,-0.0031206598975013862
-0.13992116316812123,-0.0024291807027061675
-0.13818357727016953,-0.012200681604926857
-0.11907924711969879,-0.032827847360620992
-0.085821013892998718,-0.06039852072176749
-0.041914114419834586,-0.090628112852754836
0.0080187025493585248,-0.11858825680861225
0.058867838029092096,-0.13946226582697269
0.10573112166899075,-0.14928188156788083
0.14326789838476467,-0.14534542820522994
0.17100570361869538,-0.126822816921073
0.1869249349586645,-0.096699873760434207
0.1924340028062371,-0.056442799255561824
0.18966281168467047,-0.010146077396117673
0.18153624994966114,0.037362255409461899
0.17119300624459524,0.081215291193875078
0.16140637850957956,0.11718966947713619
0.15317712462603797,0.1431975103758181
0.14866270309147267,0.15678822754974553
0.14749397439163431,0.15660058021773979
0.14798361756874059,0.14588604276225176
0.14780069429050924,0.12781999468655283
0.1442584074470559,0.10626013777381199
0.13485385516539519,0.085143357646557449
0.11778258505955989,0.067913757274041836
0.091785541228189424,0.057992971931329018
0.058412622478118341,0.055637130247050047
0.019267972089545855,0.059198444116294761
-0.022299134451651926,0.068914559632979489
-0.062450265587459565,0.082872318950939869
-0.097191206754742285,0.098678879841638048
-0.12291512401931541,0.11387212856350858
-0.13688645385050183,0.12629883909776671
-0.13777963968670742,0.13458775311084753
-0.12488621614824998,0.13746469266894307
-0.10077574850290733,0.13569890982060706
-0.066781858002257444,0.12926023670253708
-0.026048453047486042,0.11917862148729401
0.017809360718854628,0.10674891090389885
0.061155748841911814,0.09327918359506393
0.10075705863140212,0.079871348091543615
0.13430466698882609,0.067454095287418511
0.15965806090424084,0.055995867519643236
0.17759272912220228,0.04569938754307161
0.18741558428927216,0.035938454949993065
0.19016830010197139,0.026131316949175389
0.18745438474794213,0.015715355760949935
0.18114421159045935,0.0042817410200437379
0.17307905807545126,-0.0083394545311753134
0.16574556041606489,-0.021869616958458557
0.15911449940642702,-0.03658332203559235
0.15265292514677678,-0.050702968060380521
0.14743015926209613,-0.064805273290572243
0.14322210806227159,-0.078519602619597312
0.13957738857193069,-0.09150128759912203
0.13597219834034599,-0.10346015914695829
0.13194848293967165,-0.11416734575794729
0.12702458047977772,-0.12474020599362681
0.12182645821157072,-0.13269582403366337
0.11463348646932389,-0.13938150801380503
0.10720085579661889,-0.14342909147851435
0.09994740667602818,-0.1445506041258941
0.093139105781954515,-0.14265983506763918
0.086826292469061359,-0.13789045598918367
0.080846396956419084,-0.13057930279025529
0.076187116261778598,-0.11991958431755487
0.070668792444354936,-0.10831623840000784
0.063507019369176881,-0.096867505744613863
0.055191860960254191,-0.085519679706929919
0.046014811650090963,-0.074549783303063374
0.036609187215091543,-0.064002403249900322
0.027841181553437185,-0.05374333918650135
0.020623584521625167,-0.043565961157683797
0.015131287874553194,-0.034256027153053113
0.012247573087580439,-0.024126193618337552
0.012900920447435491,-0.014984501314062065
0.0151770516113593,-0.0063812012749171892
0.017518851940977569,0.00078314825275183769
0.018021079744731362,0.00530715899147652
0.014756173273246822,0.0059292178838734584
0.0061534068208519794,0.0016481802030967319
-0.0080791674127732756,-0.0070105817217487139
-0.028341934198032631,-0.02082178544314325
-0.054510681566884024,-0.038860076100809895
-0.08316511882576981,-0.058018114280499536
-0.11097540978521342,-0.074911747704711804
-0.13422673399938578,-0.085768603695172418
-0.14938477422701896,-0.087026756153136861
-0.15368959887491798,-0.075996650868766558
-0.14549487568364186,-0.051286919613887136
-0.12485610548156162,-0.013967426909356916
-0.095501990819928786,0.033430951134577939
-0.059540619176503037,0.085917686977909302
-0.021632195273163981,0.13727550535672603
0.012922928625074043,0.1806720639220557
0.038949602636452606,0.20963524536332651
0.052197857240082163,0.21906086427695387
0.050975033835390503,0.20627591789622185
0.033649620319064662,0.17066719156817758
0.00092685202045069575,0.11656450988960526
-0.042228325424579799,0.048681373656071093
-0.090089431848043647,-0.025176461597274269
-0.13602924140826711,-0.096051987729776023
-0.17346875066008313,-0.15507407084597619
-0.19684408144888516,-0.19473181591047412
-0.20299803660228979,-0.21054352753738986
-0.18959024988737946,-0.20016102934419719
-0.15883373824938607,-0.16417339584550941
-0.11384668873498316,-0.10871459041166769
-0.060306408026152433,-0.041617141676294156
-0.0050790699493261735,0.027785553164938092
0.044777104504984983,0.090000115844191958
0.083038004724751341,0.13672492629467972
0.10576631631668308,0.16182140303178216
0.11002445020598176,0.16269942938150772
0.096147742437984768,0.14020555232656251
0.067283040717159848,0.097994342437976084
0.028407493088713105,0.042445243571500244
-0.014293308429232271,-0.018554215130994273
-0.054402444773415021,-0.07682008030660159
-0.086262966329548926,-0.12507036738204552
-0.10564168790852443,-0.15848214396435434
-0.11102519376010654,-0.17343444704693403
-0.10266176184631501,-0.16974871458176957
-0.083546372541108305,-0.15015735048000187
-0.05816292704190499,-0.11924738907192477
-0.031877544582927256,-0.082788855415460896
-0.010024266310168803,-0.04675431287674723
0.0029819013985565206,-0.016377225738461409
0.0038065655467514571,0.0047896974203125936
-0.007698839522528032,0.014616716561262398
-0.028904384190797404,0.013685748206704174
-0.057488530732840049,0.0039063280451325979
-0.088869562762621687,-0.01125986185247126
-0.11788042039115824,-0.027666782572981875
-0.13959873241246756,-0.041229829760542652
-0.1501242301960248,-0.048609934767261533
-0.14810810735618424,-0.046431273320807959
-0.13173354284181071,-0.035736013174494499
-0.10309882258887079,-0.019060984263991752
-0.065303279165532677,0.0027333280227729568
-0.022920831943216743,0.026711175669818028
0.018859914616228299,0.049689128362300168
0.054982718326181346,0.068770727014596925
0.081228271164154833,0.081795752748783201
0.095328657560707228,0.088932886772941019
0.094893415458676023,0.087738227541383357
0.082511791338728185,0.08127832454352904
0.058943069940302469,0.069777289480364185
0.0275737884747961,0.055391112002951111
-0.0073962988164143848,0.040558363104725964
-0.041563366328044089,0.027626215762449752
-0.070927548241682681,0.018512166271072092
-0.091853313349683191,0.015747922057262886
-0.10321342856436126,0.018038204671634625
-0.10527780804422351,0.023934818953884069
-0.098385430846369179,0.033295574620237772
-0.084471892788824873,0.044625570727534286
-0.06611150934901304,0.056248236136618029
-0.046050387637744841,0.066545683344430909
-0.026753367237728951,0.074156695094761374
-0.010964399985042155,0.077920182186726833
0.0016286310875407227,0.077274227998216038
0.011604127986047699,0.073321951006710559
0.019182789540678809,0.06518260499275115
0.025642599090831896,0.053145793188809048
0.032434279574436571,0.037658003220533864
0.040841637666135182,0.019249700787371902
0.051692715450482325,-0.0015095561552513034
0.063873169062974619,-0.023467138640419299
0.078816442682882695,-0.046911231395668676
0.09538180745123355,-0.070778814953909544
0.11183847949572105,-0.094532038609198316
0.12631906641621687,-0.11729565320248035
0.13690988749096622,-0.13807579322490762
0.14193046810443438,-0.15585084073833319
0.14017408658262037,-0.16971020248743218
0.12977787788213838,-0.17920246190106195
0.11260175295233833,-0.18389089779257503
0.090523014627286846,-0.18387726033001706
0.063978606020072729,-0.18024542729293716
0.034653366202638321,-0.17438927855783495
0.0043581758839911656,-0.16802173847867555
-0.025153131742465324,-0.16291647566445674
-0.052328658000158824,-0.16060592639675816
-0.076465342122037164,-0.16190147413987929
-0.095580058632145762,-0.16713561130532495
-0.10991343675690188,-0.17637894106051957
-0.11840990923914869,-0.18747256079737393
-0.12085816834723165,-0.19813821239625778
-0.11730353958465327,-0.20574905958379539
-0.10801657497426431,-0.20774309121528711
-0.093467756029512655,-0.20205944351160879
-0.074865745453232407,-0.1869698633103645
-0.052351789001687916,-0.16326508126076733
-0.026237802019790812,-0.13234807789782416
0.001768176651252025,-0.096464922597194636
0.030404060258465301,-0.058889577234896462
0.058371712148012851,-0.023305975356195205
0.084432080742040519,0.0067036771810393978
0.10751255609753463,0.028170720779798489
0.12736887498782881,0.038985963236756009
0.14263368029033038,0.039026008925817389
0.15363284420150691,0.028312978439097997
0.16049063808302536,0.0096267291164339082
0.16394257483380048,-0.013868971860449917
0.16505036227219361,-0.038533036771621704
0.16504297048524114,-0.060763540653603024
0.16511982412911894,-0.077488095742668281
0.16643241322025509,-0.087853385247087606
0.16943512538559943,-0.088913718714710349
0.17343481447060233,-0.080883806916408729
0.17855624278299748,-0.065219673741761144
0.18388112692996825,-0.044155657307453869
0.18815389176777098,-0.020531984606588557
0.19000527522485272,0.0026265851232092309
0.18821322992744627,0.022531288966392796
0.18214057017377377,0.03828628899835905
0.17158140661911461,0.04609384144128402
0.15577142463404098,0.047579026604643984
0.13693887655603071,0.041655316678858807
0.11690244534775628,0.029492840226656662
0.097734349473420648,0.013002777564514914
0.081442499680175612,-0.0054861152431825719
0.069649563253407196,-0.023603994127613194
0.063136225833260382,-0.038380955176950046
0.062138973329428325,-0.05027305082349226
0.066637426077661016,-0.056721997541634005
0.074450127870042196,-0.059550187146131577
0.083381074824937146,-0.059844300694030822
0.090986281778641251,-0.058964204931961708
0.094938892297785016,-0.058213553756283683
0.093380974303204675,-0.058528925326372425
0.086135385130656231,-0.059315707438644359
0.071400576680551567,-0.062054198164979084
0.050900177549085386,-0.063697297621513854
0.025567357588588198,-0.064191641398664748
-0.0023523732350675991,-0.061757749727180435
-0.030158382295078518,-0.054502202695126858
-0.055071566154566425,-0.040798059391938979
-0.074630847190062882,-0.019669100372068284
-0.085751205743835116,0.0098169242120183433
-0.089286948429745716,0.045121217997227188
-0.086469874600440172,0.083812648852433225
-0.077523172039387162,0.12267430743413672
-0.064331284737938588,0.15772051566205186
-0.049208961308933034,0.18487156925027984
-0.034536244069392819,0.20049603920807674
-0.0223926518848146,0.20192533500619866
-0.013694129505833189,0.18730494545728793
-0.0095387443034182298,0.15762124257041998
-0.011400650176233323,0.11546967977207656
-0.016810080307456496,0.063605012673772526
-0.024023919431974881,0.0063478332859662444
-0.031051896190368397,-0.051491410352392575
-0.036005921426313821,-0.10519094547041957
-0.037418089103263261,-0.15067093427819453
-0.035034760860915393,-0.18624105064056018
-0.027531837288394721,-0.20821267242804103
-0.017541304729807004,-0.21693749996686088
-0.0049053453719375781,-0.21332460447214263
0.0086796600355536525,-0.19970000786767445
0.021201300347223805,-0.17924403805847872
0.030620715229172174,-0.15552891888343459
0.035166697866807262,-0.13204109871700714
0.034145754265336448,-0.11194172916948751
0.026326436863724018,-0.097152981135426295
0.011267317041361701,-0.088603706229876261
-0.0094683957898451711,-0.086629236492329467
-0.034251288172506944,-0.0904956719323778
-0.06105865531302692,-0.098812852089438297
-0.087750041726674097,-0.10982088988420531
-0.11234746865943064,-0.12168416931110577
-0.13457683727601868,-0.13218966605136676
-0.15124235635800981,-0.14108909246450743
-0.16300684256205561,-0.14666676789532518
-0.16941382588547646,-0.14920726248367405
-0.17123079057754967,-0.1487166695913181
-0.16971697732803603,-0.1453345027779272
-0.16636316657636871,-0.13919975877066434
-0.16258898814444778,-0.13035847333544665
-0.159634611962232,-0.12002914691719668
-0.1578553050724931,-0.10595942942369753
-0.15626048701130418,-0.088456698312638526
-0.1545190203791324,-0.067122486744722251
-0.15118459084565886,-0.042096989359230362
-0.14452213395837046,-0.013968167101297798
-0.13286744257778291,0.016219482221871636
-0.11501604551420948,0.047049859069628976
-0.090756468902792237,0.078198948947594202
-0.060511451199638099,0.10647040545904635
-0.025831059551735331,0.12894691771805347
0.010307618501252933,0.14609862960404493
0.044407676408540077,0.15769670171987535
0.072732181600314486,0.16409532113503772
0.091858934985392035,0.16610431174844281
0.099239261134431475,0.16477148788465623
0.092741779044653333,0.16018952959651389
0.074184782588915296,0.15409888697583346
0.045803047616983089,0.14835603662182878
0.011121548078639167,0.14118830603247712
-0.025141950687502267,0.13158215532965734
-0.05787893747378129,0.11821480868115096
-0.082286118331918637,0.099797700880021517
-0.094536238238451864,0.075476563780373498
-0.091394426592761396,0.04391478281370062
-0.073783541912062905,0.0078783011800635065
-0.0432534486049721,-0.02933799464597828
-0.0028420870397789949,-0.06536788821135546
0.043032531803041958,-0.096250360033178148
0.089368904861369877,-0.11787985000529713
0.13124982027360368,-0.12664170904582245
0.16446549809398345,-0.12005950266625662
0.18618834432758333,-0.096043938508229829
0.19429808844476326,-0.058155346559557515
0.19013368186803534,-0.0082037572607110542
0.17404062515183927,0.047484617144315219
0.14845212673044828,0.10242721132755934
0.11656552588662379,0.14988372133134811
0.081895554684136659,0.18375506568989275
0.047848678248535469,0.19942182173597744
0.018675114495145875,0.19346843083663162
-0.0058046619598640953,0.16703431152980924
-0.022087816424694592,0.12374671191028888
-0.03107751889473408,0.067314195708156513
-0.032857885195747505,0.0039122195721496555
-0.027817503841918993,-0.059535672482618165
-0.016531670361378679,-0.11622040771368389
0.00027173352398022148,-0.16025416262739248
0.020366761455088811,-0.18860809366925566
0.044356672970400669,-0.19670980007493222
0.071132646908253605,-0.18526287908647016
0.098050020056814555,-0.15514574792566219
0.12250915554661285,-0.10951481178109815
0.14158283136433794,-0.052773800912840493
0.15234553169059389,0.0099860368487384599
0.1523092802195391,0.073545797860181436
0.14045026854652348,0.13323155981097076
0.11583007711974379,0.18505301366172217
0.079111291951510523,0.22407985942579325
0.033842436279052951,0.24967234728033649
-0.01557696558941791,0.26086720190661677
-0.063849566893142071,0.25756019493671745
-0.10549669466626997,0.2403842706030436
-0.13567802731616921,0.21061222040151598
-0.14968342585534455,0.16990966303065705
-0.14835038884312884,0.12102049721041074
-0.13169005793583241,0.066559809287579305
-0.10379903691823095,0.010106727539457693
-0.069966564147971935,-0.04465265212640717
-0.036443973060628312,-0.09394571813439731
-0.0094726173346306609,-0.13418451636614884
0.0057199249090506242,-0.16227899807292903
0.00560570011949216,-0.17650929108351329
-0.0099607141107914809,-0.17500482676322235
-0.04097188584466202,-0.15717693094281521
-0.081602033616673966,-0.12501916443325861
-0.12555086193023429,-0.081208299521948635
-0.16569717660225075,-0.029404956499742136
-0.19518170491372519,0.026121491227116225
-0.20845088908378187,0.080939221252819354
-0.20191401358960559,0.13035499869922065
-0.17505398525406574,0.17222917806692875
-0.13012076627462218,0.20224731733263476
-0.071416056784789989,0.22070315988565786
-0.0052425424279602855,0.22764319025501803
0.061169981110433286,0.22399493362817222
0.12065001673621277,0.21132579931235715
0.16701478198668609,0.19157626464596864
0.19636682361803948,0.16699600231505576
0.20563243504388329,0.13885410002953519
0.1946926975536257,0.11074724388539173
0.16586036917854302,0.082657626824675062
0.12295109297031392,0.055680062020794938
0.070837917758052579,0.030790100274662124
0.014755763681383486,0.0088913495754637771
-0.040349297655827031,-0.0091776529685631079
-0.08903829939889478,-0.023240537291920032
-0.1300073701942524,-0.031577999109980499
-0.16251854316681405,-0.035301132521204585
-0.18497416022513377,-0.03339214434084558
-0.19755979434012333,-0.026283325012555158
-0.20103589463796365,-0.01494277904847547
-0.19646401628180499,-0.0007859715843275771
-0.18499638958611675,0.014506065216306449
-0.16720438106697652,0.030159357885022539
-0.14534703548921576,0.043708588735947879
-0.11915473226460759,0.05256414445475744
-0.090968735006144358,0.057824407125268373
-0.062288408006195034,0.059981967756059136
-0.034693120202516629,0.060103804043413145
-0.0097847633623939483,0.05960169195446334
0.010925934212325902,0.059928824441009922
0.026731488212069748,0.063555058323945965
0.035858175159368504,0.068641977990860192
0.038375535502165659,0.077074625239691649
0.034382088972289129,0.086318522856802138
0.024864667429111004,0.094664750619584959
0.011411799949420758,0.1002302672650645
-0.0039982692501884963,0.10130323328360658
-0.019291035834496595,0.09667584750749518
-0.033920234718054762,0.087203970821680798
-0.04498914959658467,0.071646809784714854
-0.050398167718704437,0.050347227792013796
-0.051860759935269535,0.026427299087539532
-0.050651854623043918,0.0026441293875770887
-0.048679618558277224,-0.018065777807292488
-0.048137105134876894,-0.033013927266849187
-0.051087534504088157,-0.040167966095150248
-0.059610080908637376,-0.039034519576044882
-0.073058220096342302,-0.028444373083707574
-0.092897560156819617,-0.011611939618531995
-0.11607331479717882,0.010629562132827897
-0.14005474990657901,0.035262641584168447
-0.16192274548221056,0.058759662494487316
-0.17883240965277072,0.077552575920099259
-0.18847768341698692,0.088528111990925931
-0.18966647381352622,0.088546463011809837
-0.18209596372785922,0.078000386928195428
-0.16608045024947418,0.057367097246105378
-0.14440969774839738,0.028223215908816185
-0.12010248762103268,-0.0066668027301153938
-0.096502066777562512,-0.043942197154571351
-0.076757513157771629,-0.080132365273312037
-0.063328343783049093,-0.11214704247387206
-0.058888203487439998,-0.13862063084360629
-0.06191434894577634,-0.15683643974561226
-0.069586800836329829,-0.16718625764485931
-0.080889905863877704,-0.17044775426019973
-0.092776688085886794,-0.16852956991541476
-0.10192814085621744,-0.16391801644008575
-0.10525826895136063,-0.1592248025118444
-0.10038301835165135,-0.15672454811980241
-0.085053437104816082,-0.15740103818967999
-0.060586420421959275,-0.16247004590312489
-0.028272828705548467,-0.17202675860042002
0.0097341024891242009,-0.18388040507042896
0.05040908227442463,-0.19560856694050535
0.090456000209553064,-0.20439371920565746
0.12672878733760676,-0.20748275870498761
0.15659195689072739,-0.20264028136090256
0.178357320770475,-0.18759724394043695
0.19068066241021198,-0.16339985616818678
0.19372029052029305,-0.13162959308212868
0.18785849117687231,-0.093774214952182217
0.17424856067684813,-0.052612714902808812
0.15443201539177584,-0.011269053667357212
0.13015829205241725,0.027221475200765299
0.1032498816134588,0.060320628658714445
0.07607962864898081,0.085009571639824047
0.049377643781770314,0.10252459414381357
0.02574472863145438,0.11319006966088131
0.0061677173566610111,0.11808980958262989
-0.0078296557353302425,0.11900644351549365
-0.01482754133089159,0.117892294254655
-0.013673554194269999,0.1165312484020512
-0.0037057209582118718,0.11626284089682001
0.015934638526992069,0.11799528043604671
0.042376398903330649,0.12168234761499125
0.075540048869315882,0.1260557988793044
0.11082380482134283,0.13077968190183956
0.14432057217479627,0.13473274292639251
0.17194273218023523,0.13677194568093751
0.18992111526129066,0.13590945570160903
0.19531109750669257,0.1314302115730128
0.1855014915233931,0.12386456173286348
0.16161728117053381,0.11136419327737024
0.12576947981379025,0.095502416782597771
0.080415579981180235,0.0754061194450317
0.029683012784184781,0.051355538323569518
-0.021690800907482377,0.023861859742818743
-0.06894889301659933,-0.0063163930494725233
-0.10790492448461116,-0.038149663649883661
-0.1367441730133121,-0.06902057293859401
-0.15194063992487708,-0.099771275357175976
-0.15283563226564129,-0.12653254906135494
-0.14133620943098579,-0.14892025303170145
-0.12011717715288873,-0.16505720673986482
-0.092762964975672088,-0.17303320381555018
-0.063260316474110276,-0.17115260152592915
-0.035476022739249505,-0.15823373689145379
-0.013251018845503159,-0.13446448940145803
0.0023501575649713838,-0.10009618634584073
0.0081937721775474613,-0.055308529185583023
0.0057166118565458619,-0.0045714934678466558
-0.0040683896897321919,0.048035569339079348
-0.019551038708191359,0.097937365061674664
-0.038821591191509276,0.14058308235734196
-0.059936453532832931,0.17200513959963529
-0.082411946676407388,0.18988974898649785
-0.10253561666844813,0.19217410443083541
-0.12009523512906475,0.17849860045828378
-0.1333913424409971,0.1514270623705998
-0.14163709186347589,0.1143831107319193
-0.14436041204042838,0.071730872706364052
-0.14134983366278728,0.028163377067318984
-0.13260472139631976,-0.011954231416069969
-0.11885722358706234,-0.04425907732175164
-0.099519100625368465,-0.06782839183460522
-0.075449032099719898,-0.08331842361921224
-0.047067608015221279,-0.090847910847053709
-0.015235754760367161,-0.092711187957952385
0.018920999602248408,-0.091976331476764511
0.054038063318610129,-0.091888458311873228
0.088575952815585723,-0.095252284874312712
0.12036269497788489,-0.10482581717243582
0.1491251193886321,-0.11935840938557622
0.17159024836425074,-0.13933393059825594
0.18823120366958396,-0.16131640951934498
0.19850577951661716,-0.18197956129400908
0.20218692283421441,-0.19774326083691343
0.1993924518696297,-0.20537647994936278
0.19060882989201464,-0.20253845876196841
0.17762921838874565,-0.18835639035295162
0.15993897205480145,-0.1631364101162516
0.14053849712911698,-0.12798253993861819
0.1200724891850217,-0.086533349075433072
0.1003673569497409,-0.042614408321517423
0.083367155700352538,-0.00027995917604862238
0.070931710677354945,0.036698992312134596
0.064593317538724493,0.065266978472724238
0.066607589458062499,0.082823843918486073
0.07507445189943622,0.089023959186038684
0.089768745567770661,0.085244458642795701
0.1087684418703586,0.071591387397940645
0.12973200305519433,0.049776840400428658
0.15000011052534529,0.021926892442434693
0.16694585665175959,-0.009666875108240134
0.17833682376227766,-0.042742289264914524
0.18246735237332115,-0.075745911200826507
0.17885369142496721,-0.1054776854664148
0.16865777034940266,-0.1321245872071764
0.15263006674908319,-0.15262305279116489
0.13283203429076429,-0.16551931407198645
0.11176999506828952,-0.16974177066230281
0.092016192865116392,-0.16468164582659112
0.075821062593863522,-0.15027759579497843
0.064222323832788558,-0.12764502586124335
0.058483996893364476,-0.097201286089761307
0.059507437113079147,-0.060660590430897325
0.065065106172409709,-0.020624262234016526
0.073128319584953583,0.020052273323252774
0.081257520257299737,0.058315587062285693
0.086965711199674223,0.091217274931282205
0.088070888163988378,0.11624274137345193
0.081687655493433819,0.13217596494161907
0.069336107650740178,0.13705364703489922
0.049549928634224243,0.13256794743694747
0.024348412542439381,0.11900707703486252
-0.0047170159950055968,0.098625699760711588
-0.035888543357241766,0.074451066023331
-0.06743129587852166,0.049890766541091314
-0.097801362229331237,0.028271047553410318
-0.12480590312827658,0.012932908106474506
-0.14847287926730895,0.0044385513797163181
-0.16966151420442951,0.0053557731044329366
-0.18631805163346563,0.013571372697524786
-0.19773090822447514,0.027282418449966598
-0.20322470780453564,0.04403399543324004
-0.20220859183407705,0.061139203452204048
-0.19428008809233441,0.076113620995110501
-0.17843862461425045,0.085755896618131919
-0.15633842428276726,0.091208494234088486
-0.12954708247945468,0.091364096140728879
-0.09905964568799136,0.087761761980442221
-0.066884273263216526,0.081917463599038745
-0.035302104862273392,0.075548480856937217
-0.0065990854389855729,0.070234908932330045
0.017248240414018269,0.067135686464556851
0.035436081043097381,0.066249593840263743
0.047030624691079069,0.06814954077644704
0.050837513311991017,0.072794894855819914
0.049777016841141872,0.078446066338587472
0.046232574076318395,0.083688744536073043
0.042988339476957578,0.087124916140235403
0.042782897449669829,0.087588584256337046
0.047844669129228037,0.084295268440883961
0.058927547465601297,0.077463911317257869
0.07719057481177885,0.066014690881771879
0.10057367869488923,0.051762796750297588
0.1273684321526414,0.03425514673960172
0.15431403874211638,0.014182715162947781
0.17758802865565157,-0.0076125903020149502
0.19335575111844264,-0.030190468848033943
0.19835157150125859,-0.052546281112287346
0.19095625969067842,-0.073073207354166447
0.16978171293169034,-0.091242029832878907
0.13509363642669595,-0.10711847912043895
0.089992398620970651,-0.11856995779096906
0.038310421559151854,-0.12445481782469527
-0.015335139243623721,-0.12379959173928064
-0.066162983014541266,-0.11591846629363493
-0.10987086265190273,-0.10053270089141977
-0.14227592566321867,-0.079168549098873678
-0.16332289284571705,-0.050543868778231436
-0.17139923654614336,-0.016520770138908032
-0.16905530996188808,0.021332986729816553
-0.15903941644270281,0.060739729509359471
-0.14471396318339877,0.09907247354149748
-0.12948265770990625,0.1336043061380128
-0.11624930080585243,0.16180240435369342
-0.10754878083208602,0.18218181975131298
-0.10375522049067422,0.19276891557823927
-0.10278804391313612,0.1925254151455309
-0.10467949898060014,0.18265213268088856
-0.10744328109320679,0.16470895252759493
-0.1087778092115666,0.14095185070540128
-0.10650841211559596,0.11401147951255915
-0.098990477063752122,0.08651660502499689
-0.085964275370052731,0.060535815594924811
-0.066666146051316585,0.038113607087966205
-0.042577369369852944,0.019151951780591196
-0.015357487813298867,0.0041056290916694693
0.012575109048745871,-0.0079564091920252978
0.038568991328635047,-0.018537559642885944
0.060099447467353732,-0.029340152931507758
0.075091185131173549,-0.041840513960634491
0.083455915422855353,-0.056333733700940483
0.082793500722373362,-0.073428952004056927
0.072839303847458722,-0.092663164740357892
0.055139748755963974,-0.11131778185165041
0.031344819293307853,-0.12648784503855406
0.0035390815420255858,-0.13497467249890333
-0.026009652377738616,-0.1338387229561962
-0.055092568427066536,-0.12096706856762458
-0.082319726997803128,-0.096485143569181919
-0.10485580723980668,-0.059960348102699013
-0.12352580551194353,-0.013324751537137197
-0.13620063981775338,0.038801488246207702
-0.14260917909636517,0.091216333278978323
-0.14298211781963879,0.13822661648049364
-0.13793335490655625,0.17441457611064104
-0.12830271137696736,0.19541103062126833
-0.11369006302862926,0.19948280751249564
-0.097227534692422041,0.18449366771726874
-0.078018615627105062,0.15316008836422745
-0.057627454047046701,0.10865406779032862
-0.036316999503949572,0.05643756953918206
-0.01404955281800054,0.0029815173435423126
0.0093420632438157049,-0.045131841753512918
0.033918954243715438,-0.082146803618403652
0.059201453964705747,-0.10378291177419995
0.084315398609021125,-0.10805969952963619
0.10898131067437498,-0.09740638417476491
0.12998720354965818,-0.073399324608371092
0.14465205582810869,-0.040866677541126155
0.15026583222739323,-0.0058308058636702877
0.14454447278695626,0.025448935327762132
0.12610161904542339,0.047479324259260838
0.095039144352477095,0.057718053793592683
0.052359953125225393,0.052771723524199121
0.0019400444188284278,0.033093020902433157
-0.05240821615931085,0.0026016044598342609
-0.10531958388969988,-0.033388543474762104
-0.15106408798272161,-0.068464638311356713
-0.1843082312043284,-0.096156646302055157
-0.20089490435533378,-0.11100245469992552
-0.19907472146917282,-0.11076273862765539
-0.17779830115065293,-0.092613339363848607
-0.14038126870456291,-0.057803153451200739
-0.09082449384641865,-0.011208753989530409
-0.03546325687437879,0.040821723898671926
0.018396676723649197,0.090853752117878953
0.063471971759869433,0.13149312684937139
0.093534249198757163,0.15652274226903845
0.10450893916908535,0.16168548727565191
0.094279726515134596,0.14580426829180429
0.064892337496401067,0.11133906501617497
0.019673114152295546,0.062151240003636948
-0.035264468376356606,0.0047636645368812373
-0.092448512516302442,-0.053179505620984717
-0.14413057862390699,-0.10407303452271827
-0.18341037530949586,-0.14150530443816042
-0.20430135420172355,-0.16252386254509796
-0.20604018017428374,-0.16321935935097606
-0.18753178745073359,-0.14712935327996152
-0.15300881892008975,-0.11686042264180015
-0.10782761877252357,-0.078519602619597312
-0.058507970080194385,-0.039446138247894134
-0.011708973134541589,-0.007033773927377261
0.026765617755172139,0.012468691557436417
0.052221495148159394,0.014430771384990429
0.063743374207458126,-0.0016751197612394513
0.060816270598653945,-0.033286524257762948
0.046571298250357912,-0.076255826934965687
0.025052043402593805,-0.12376281043424257
0.0010158264573985173,-0.16791966895702712
-0.020868150781382568,-0.20099895586305686
-0.036733863288292541,-0.21664588451367595
-0.042740615109256211,-0.21069729437695581
-0.039759010756271342,-0.18241675852159414
-0.028914473679758242,-0.13424857208726426
-0.011551479860237948,-0.071082587843755249
0.0096705988545017149,-0.00010001103770643981
0.031840638819917937,0.070475558768915564
0.052261500413216887,0.13258389398922391
0.068795033200146974,0.17948689924032446
0.079113767799052784,0.20688823271777745
0.083570355685063699,0.21266129914293924
0.083728488344573401,0.19891099914795105
0.078487228815505933,0.16893102754505379
0.068187853700038548,0.12857932899712812
0.05317699668143093,0.084789184762235362
0.033767427425610785,0.044520196692143868
0.010309912133691177,0.013758012605884015
-0.017944226838497581,-0.0038436651506026718
-0.047848033910589942,-0.0051698102266530162
-0.078895878782160034,0.0079550642305974244
-0.10820562694751078,0.034050063743642077
-0.13306958049773229,0.068984627397197906
-0.1506755805227552,0.10761456975989528
-0.15849263061609103,0.14459183865286668
-0.15470784343932797,0.17514488441843754
-0.13919306078639179,0.19552708364982424
-0.11225978424457904,0.20376808778315197
-0.074518841412309661,0.20089056492907612
-0.031165552265988886,0.1871952992727845
0.012841695339541688,0.16515174695162704
0.052079257521528463,0.13797301805805415
0.081377692325347153,0.10905500014661766
0.096560630616063972,0.081448299014528297
0.094902889821414718,0.058001643391847782
0.076293302305836141,0.039082200906096071
0.042223535829106734,0.025293724107464555
-0.0032094427774708592,0.015715173901093647
-0.054495683187622428,0.0090435831221570302
-0.10523514161439852,0.0037712923422606585
-0.1489800914338984,-0.0014603044337176622
-0.18008713669269424,-0.0075800207090468896
-0.19315463945875708,-0.01585071879576385
-0.18820770641633369,-0.024979878801134
-0.16496485846658859,-0.032556903751105655
-0.12610908576781873,-0.038913104175138831
-0.075754322494036103,-0.043039575186261093
-0.018995718368429882,-0.044102664906297571
0.038809726737273134,-0.041613289913070312
0.092732054299090566,-0.035516766639537525
0.13901103519095945,-0.024893009661167746
0.17493693876685959,-0.012051010940384055
0.19863430283432007,0.000543444941331266
0.21095187346913824,0.013356877376430558
0.2132528164186408,0.025741376551147641
0.20757611985180535,0.037305581422607717
0.1962240032697376,0.047908698429998793
0.18140509187312501,0.057575901354671888
0.16591214868983767,0.067653633191354479
0.14964638119410767,0.076095644352706368
0.13397646712783576,0.082517987188476444
0.1191929456887153,0.086328627646228173
0.10564028583044581,0.086561549955210829
0.093663847227722835,0.082209896769197779
0.083665846490798154,0.072441911811094092
0.076065656926831274,0.056847532739382665
0.07061826400802082,0.034367664739538888
0.06790795316550273,0.0084931597900460183
0.068679045547050496,-0.020911947941793921
0.070902191185772206,-0.049618023545102634
0.072909963943928666,-0.074416702020093123
0.072631592755408605,-0.092240885814383361
0.067882588479610609,-0.10059687001014768
0.05674342055538513,-0.097944362922964143
0.037406494763907665,-0.083778547648714716
0.01068708673077619,-0.059214438101955057
-0.023279280002563896,-0.027256917752557435
-0.061539067951828196,0.009428904674492946
-0.10071378436982259,0.046960664933818008
-0.13686387665781613,0.081240512629019018
-0.1660415789071634,0.10842484243482137
-0.18489195808255282,0.12535283159093713
-0.19250107505966224,0.1308043343200827
-0.1866193171670596,0.12233811754000531
-0.16677075246853459,0.10069112902735414
-0.13709418366652221,0.067041125133896845
-0.10180473422647708,0.023792060688688887
-0.065908994002355614,-0.025887711917339077
-0.03448240077332658,-0.078392962123127796
-0.011916575331449812,-0.13001582443436216
-0.00069818976460192951,-0.17669202696702052
-0.0026063772670464219,-0.21628273573176329
-0.018013900171569421,-0.24598052245932137
-0.043167509241616789,-0.26430503632761809
-0.073719854615669128,-0.27027351213516199
-0.1044573099182696,-0.2635704416940764
-0.13008714791496362,-0.24452139062918155
-0.14603595345355766,-0.21406842702930617
-0.14895063259931832,-0.17430468635490262
-0.13739360462452258,-0.12628445199088728
-0.11386797602198252,-0.073492199066974392
-0.079537180061744039,-0.018278208501529235
-0.038389886111378078,0.036090743479374521
0.0046815636621414594,0.086178523189096648
0.044643356919560347,0.12864502738718517
0.077098613286789505,0.16056114984805034
0.098029958938165809,0.17843376435248756
0.10773297837151727,0.18315894058113069
0.10587080255638172,0.17425744335144647
0.095540096831629409,0.15329843718873642
0.080507676191001867,0.12265509001863065
0.065104236534676049,0.085413850958534529
0.053489791484605226,0.045012105838770154
0.048968006904219735,0.0048410721460795791
0.05216079023836348,-0.032684689240114723
0.065392678905336746,-0.064633449922946756
0.086728933685544032,-0.088991854095839998
0.11360636732757709,-0.1059607213203857
0.14217101759918682,-0.11606508714946293
0.16805665216146756,-0.12049719607164278
0.18704701990609757,-0.1208299879126136
0.19570440333567268,-0.11870808351584977
0.19094326886900553,-0.11426942822002167
0.17319429261335106,-0.11023942752721923
0.14513226819646707,-0.10813623950131587
0.10784005582181522,-0.10691719103801807
0.064762402851897771,-0.10593191009018854
0.01992286441500692,-0.10417039593964215
-0.022616764695320257,-0.10048756901139017
-0.059267945181777096,-0.093837010796497339
-0.086396098682411201,-0.082177045380532054
-0.10392762172659481,-0.067657649807239803
-0.11106263094119607,-0.048468190876040589
-0.10880624806163608,-0.026912670022927031
-0.098722311448954908,-0.0041749356408313093
-0.08277596766611249,0.018584706310942101
-0.062993597923030734,0.040402201391556758
-0.041183817729309805,0.060623611685310531
-0.018573682455414058,0.079129374508178446
0.003286554236106794,0.095206877451328803
0.025164177209266753,0.11089159993160079
0.04571944647375057,0.12495197613255882
0.064753532676490505,0.13748015080837234
0.082168348766534394,0.14851145569805482
0.097879899470397047,0.1579583794587584
0.11177819404957338,0.16557332614390863
0.12318239980297011,0.17113201556124757
0.13305504366638385,0.17424001667477482
0.14055256575325464,0.17254879388752667
0.14655753297181123,0.16697990380778707
0.15150295752439022,0.15721685403693908
0.15587949292905992,0.1430524303320051
0.16015155621996505,0.12443849948952013
0.16464967753805343,0.10152840936437674
0.1692737803275319,0.075631657726887888
0.17424754366088571,0.045864884188681128
0.17814678633059916,0.013492608638464784
0.18065367901665286,-0.020747947810571876
0.18058654444492961,-0.055703875962971508
0.17660305655402006,-0.09005170523409925
0.16740884978341694,-0.12238866069333404
0.15199609946472295,-0.15134599090937645
0.12931501053899466,-0.17700806271920519
0.1008570664532449,-0.19672121182733318
0.065710220707574485,-0.20886442397706995
0.027154597141296775,-0.21424669303800861
-0.012341809640951698,-0.21324674282727887
-0.050100457219307622,-0.20667962433067538
-0.083534752746452279,-0.19567927717594005
-0.1104355336828074,-0.18153935744471572
-0.1293848576473324,-0.1653504651944149
-0.13942428323818196,-0.14867729568853735
-0.13975961020905367,-0.13150279443789289
-0.13169673709105648,-0.11489653653102026
-0.11657277893601167,-0.098963643133065979
-0.096109811280790811,-0.08347887483553959
-0.072198748732191634,-0.068043607287554764
-0.046701830347851948,-0.052293259850015865
-0.020000094376771298,-0.036669720921659495
0.0044314837391841262,-0.020436912393465883
0.026014729253648308,-0.0052952677189828483
0.043687514571750768,0.0081105985298174661
0.057002955365706487,0.018140264954611317
0.065909720135925817,0.022958354438811585
0.070686024087830854,0.020881287864134727
0.071854450090113167,0.010769076839229954
0.069163254555865056,-0.0063129824701957634
0.065102851205017742,-0.031014611740928445
0.058966457361269778,-0.062680888871996687
0.052584020467880264,-0.096545826989298617
0.046627608723230657,-0.12825815618373121
0.041502115391565467,-0.15312009169511256
0.037367289604355848,-0.16674625581915878
0.034209816513011339,-0.16574880945862347
0.033244467136159514,-0.1492664989640369
0.032842412377757368,-0.11589882579989515
0.031545021066492145,-0.068961023284795878
0.031025114893545768,-0.01210084646816882
0.031866607396915173,0.0488515336021818
0.034746601522775977,0.10715942923296196
0.040257342195293651,0.15608959546747447
0.048694723511498159,0.18988019742134157
0.058556561026129675,0.20554312464019567
0.071314226395314387,0.19977518451389178
0.083903559145485709,0.17586627227235035
0.095330906283436476,0.1362107377071646
0.1030966383532262,0.086765941171943931
0.10444119927606656,0.034912076570811169
0.096800056361829506,-0.011650636820350103
0.07832763097577046,-0.046095946554773469
0.048212895585045074,-0.064120590442499709
0.0074061231850464466,-0.063208008905397059
-0.040129608375175548,-0.042754581701743011
-0.091106396616065649,-0.0083507289077258164
-0.14006786688116013,0.033300208747128593
-0.1809802908754288,0.074140280740455436
-0.20808878838100683,0.10605281458961452
-0.21683817732506222,0.12219299987728416
-0.20489146584047874,0.1179530192198756
-0.17212660032020088,0.09234040082998092
-0.12128680259629239,0.047839186596268408
-0.058198446112368379,-0.01028265622784787
0.0094606049190576677,-0.074166886288254727
0.0729714441057112,-0.13473702607692312
0.12379341224207913,-0.18309486833114269
0.1548239041875524,-0.21190576707224335
0.16168531788818583,-0.21785030597785876
0.14301309874773629,-0.19781253424669615
0.10040805276636755,-0.15428018521661258
0.040184683402014684,-0.093186579280042148
-0.029313618871637231,-0.022850237566397813
-0.098326782616391856,0.047066446756456236
-0.15707036677954608,0.10698661982270759
-0.19713965108280312,0.1488298044810919
-0.21141240593701241,0.1662602918210197
-0.19941322082266508,0.15843483386346865
-0.16242519058735433,0.12814749306896844
-0.10504683425824039,0.079424133596021768
-0.034642669235042875,0.019705714010404315
0.039971351087405377,-0.04223581100455736
0.10982433934995448,-0.097621876697450455
0.16704863490352226,-0.13895013331530437
0.20683552640480057,-0.16196632902336328
0.22497954331225264,-0.16259175289146008
0.22092561049157911,-0.1437223620477881
0.1980287504152379,-0.10756054908978435
0.16125447114624664,-0.059890233678962519
0.11683784463885909,-0.0078112236548197843
0.07127968216004045,0.04138908136217017
0.030399755096840331,0.081343194332016158
-0.0027095517123944461,0.10881660307648952
-0.023462308436911123,0.11962213325527063
-0.031844814311406046,0.11475267302761424
-0.028839341465137263,0.096775324299833931
-0.017109344399947084,0.070378115118928414
-0.00023101424928262734,0.041362048837761269
0.017957164251413707,0.015678928605258005
0.033962959281589294,-0.0015150303831092621
0.046042943960298829,-0.0071987003146221683
0.050758359548356662,0.0011721205845341765
0.049664188466886736,0.021988819428660478
0.041815349061221994,0.053165178445925436
0.02847808746553205,0.090455558303894873
0.011497615252424025,0.12873181435349224
-0.0070963519335325298,0.16282460580874347
-0.025474333759872202,0.18834920345974313
-0.042503977601469047,0.20182889854707431
-0.056972548336528671,0.2026680295857386
-0.070312568101098621,0.19352083194379557
-0.082187575013618425,0.17567511825969148
-0.093655600577171261,0.1530127559701335
-0.10594795628230784,0.13003484618709335
-0.12012489622933456,0.11108637915953648
-0.13674211334613512,0.099609746322876724
-0.15577491897692075,0.098846803888511192
-0.176254780957286,0.10718699406136599
-0.19444486574878789,0.12180648003703805
-0.20917381326774839,0.14028378009095285
-0.21758315947231505,0.15827278451399518
-0.21684621284884276,0.17113311895516431
-0.20465256859402278,0.17468628780764453
-0.17967992312350856,0.16590247804580546
-0.14104507105957545,0.14396549763631764
-0.091377975986648208,0.10824032811988524
-0.035479338788666631,0.062510619117011376
0.023585336574830321,0.0096165513672955075
0.080619570625898709,-0.045550877525781144
0.13019501368750308,-0.097620059199733489
0.16733473749539279,-0.14144013276720332
0.18817865576533657,-0.17273552618595897
0.19071459253366224,-0.18732245776579154
0.17452020714797464,-0.18584293104021385
0.14125701519123629,-0.16939399938853145
0.094883462218990203,-0.13958923144458626
0.04059729466628504,-0.099733288283556723
-0.015628982531429816,-0.053792416845794354
-0.067793161030205565,-0.0059002284944990437
-0.11059577694718545,0.04008141788147479
-0.13912926925111999,0.079592072463856078
-0.15252755842981755,0.11223410558924075
-0.15053176868622148,0.13587319750538518
-0.13445982825643357,0.14995276087794579
-0.10721651659880531,0.15423223892787552
-0.072618344283907607,0.14881672569705415
-0.034840633656369309,0.1340643321686778
0.0021105498528876626,0.11058018339275548
0.033529289470092823,0.079475744003073487
0.058840678870199704,0.042261035229121294
0.076521637348284141,-0.00089212190830713052
0.085863932210108324,-0.045966323863319475
0.087020257937869328,-0.089771065169312311
0.080603002406249125,-0.12889537140615914
0.067492180885917491,-0.16007358434719263
0.048709652820978132,-0.18062212574120709
0.025932997821393786,-0.18795037929647279
-0.00088310489289178894,-0.1829021320391184
-0.028408698029391385,-0.16785621632199915
-0.056502676994188761,-0.14460622001217308
-0.083351064949252165,-0.11707402055413878
-0.10682540125959855,-0.089884542425422306
-0.12468617666975322,-0.06770414200353897
-0.13490893088838515,-0.054514466917539972
-0.13626171837482079,-0.053868043907432085
-0.12833036187301441,-0.064786877952899835
-0.11069450075321829,-0.087400051531339451
-0.086575470750072922,-0.11725168727278983
-0.059416581929534737,-0.14938486303959428
-0.033391090844802948,-0.17813220568173435
-0.012798828925237846,-0.19796048183389037
-0.0013679815735111709,-0.2043097546367143
-0.0017645310813164119,-0.19485097729299683
-0.013971704101406116,-0.16839524577345452
-0.038453272612328886,-0.12477634173580812
-0.07032102997618217,-0.069058204422627861
-0.10445539852744687,-0.0065817354591782354
-0.13493017675844243,0.05646945130291562
-0.15590667352717855,0.11388972003411113
-0.16256091495946592,0.16023538899521819
-0.15059616971995915,0.19090338399023546
-0.12172146493941575,0.20469703099780026
-0.076399363513677807,0.20043892026251642
-0.020183579622893199,0.18031012070345115
0.040642248308739262,0.14729945267238212
0.099023191654146428,0.10524769024659715
0.14813069312354066,0.058306909910220237
0.18231686750539045,0.010457771782607832
0.19658196823110108,-0.034666018795753865
0.1917127059800301,-0.074458477671601006
0.16843614857994982,-0.10773287461889824
0.13053484027466211,-0.13266245974033347
0.083144376067679854,-0.14857314557566564
0.032152969531411398,-0.15524422425879347
-0.01662453947497914,-0.15279063986052097
-0.058182444611366187,-0.14160028803115404
-0.087567852625079393,-0.12251928426781558
-0.10471719540890766,-0.096672824441396285
-0.10928172062523318,-0.063681885577564531
-0.10221645803125036,-0.026844737421121912
-0.085606694603309705,0.011481494500812832
-0.062038869746937488,0.048722261345481736
-0.034206610767592939,0.082295264498107645
-0.0046341930370099628,0.1098708775738379
0.024267704017939283,0.12946184212995371
0.050547239594874158,0.1401404141015129
0.073711218412514906,0.14253923602553284
0.091047789247622579,0.13690490756009382
0.10083357918826957,0.12493649229981964
0.10147902194700097,0.10901243230613797
0.091716654939937983,0.091859250303929149
0.070885697514932372,0.076154693814479729
0.037959337411345558,0.064685191175932258
-0.0036202692021739154,0.057603318172035047
-0.050980956059403802,0.057247150946919484
-0.10007112024578835,0.061468677365329891
-0.14576304370041698,0.068618500941346736
-0.18258837716873477,0.076556530171636702
-0.20544750451877145,0.083028225338773048
-0.21037668143637472,0.086044893105292661
-0.19394897987574505,0.084761848909741977
-0.15869749659333401,0.078147086427864512
-0.10585674378661274,0.064800834327850734
-0.041724313867453622,0.047289043950934861
0.026669489484060137,0.027487280539350744
0.091504891801583763,0.0075704188908520924
0.14518575727462668,-0.010320197002978501
0.18134520523883627,-0.02438004952756755
0.19587743373094121,-0.034297276730592338
0.18727081005634008,-0.038145251687441178
0.15495293714565203,-0.03599676510620746
0.10423433713296806,-0.028771873122659601
0.041162680492809425,-0.01773818692447994
-0.027018207871602078,-0.0044873490447776684
-0.09281657625385667,0.0092979031605646967
-0.14940731012511871,0.022065150398150012
-0.19268293126762853,0.031273884027883156
-0.21732585018098508,0.037815149803704803
-0.22144801150565327,0.042370441017219013
-0.20627478510352984,0.044032933276340488
-0.1742860848084033,0.043079180344917603
-0.12928280896833219,0.039925488113100253
-0.075815761054708303,0.035010593900571853
-0.018626098611233471,0.028700515653268584
0.03838303016379406,0.019934227854655477
0.090568120007970973,0.011134378031543548
0.13474043706658689,0.00078257888688655468
0.16889162791930382,-0.0099877659676550178
0.19167444496333841,-0.021107139712860327
0.20247893219044083,-0.032593784572691929
0.2013043831243097,-0.04447550909205622
0.18864823390161345,-0.056697481242675284
0.16673005698839519,-0.069220280229996045
0.13490709131426767,-0.081112726843993704
0.094860908038206473,-0.092457969331854586
0.048793692953531434,-0.10165014781175138
-0.00079384522034729819,-0.10754146533872505
-0.050980949403319625,-0.10902801571856334
-0.098574656255439541,-0.10520555996897919
-0.14033758693206361,-0.095515920104559476
-0.17234501908145503,-0.078563000138458905
-0.19401297543750903,-0.05660161366002954
-0.20174850316316403,-0.031095724884560822
-0.19650836466272209,-0.0028724021602551881
-0.17888984089835455,0.026482970510908369
-0.15035200142446292,0.055358642737444522
-0.11306311457125102,0.082292272588722543
-0.06969404504806874,0.10612063270756569
-0.023741214526989844,0.12515488851062442
0.023114419842160925,0.1404554078064072
0.06618483480590534,0.15220937761808168
0.10456339093499625,0.1607171043883272
0.13638007654139733,0.16661051816355413
0.16013529177174804,0.17053734319247268
0.17473337699081201,0.17305719618784471
0.17952245809983872,0.17458159996232997
0.17452605592849627,0.17629087617230463
0.15939542257917341,0.17693449216952578
0.1368721761605598,0.17649191371879205
0.106892291906693,0.1751726110581176
0.071247300434474567,0.17312445582995875
0.032188542381090396,0.17062080666095367
-0.0077579945878698715,0.16799556479048214
-0.046046306463997315,0.16551996824335433
-0.081696496341418665,0.16417439189059257
-0.1108949618513858,0.16226791457590006
-0.13315263053807896,0.15894482444023419
-0.14803149699875601,0.15312019322159556
-0.15624862747554366,0.14326243832849236
-0.15933762222359421,0.12781286417515483
-0.15934662184560641,0.10549334779934674
-0.15843481955429661,0.075638992470283037
-0.15825223489333284,0.037937675129153935
-0.15978089302611201,-0.0055836703300060023
-0.1649210716615726,-0.051774052972742415
-0.17126991564755309,-0.097757850897950652
-0.17684493028730536,-0.13947123760156005
-0.17913855779813953,-0.17269721623392528
-0.17559547722266339,-0.1936320929974808
-0.16413500239040121,-0.19945508682321664
-0.14418288662368933,-0.1893653344823924
-0.11546723376167019,-0.16309891729045664
-0.077899970471981397,-0.12226038456549902
-0.035875585918969367,-0.071395503788343417
0.0065321488898702016,-0.015772486630743741
0.044834610898787396,0.038679208308241633
0.074793653134100774,0.08609067221979283
0.093086688356041544,0.12137650537289574
0.096566278025491267,0.1421526619538292
0.087166334880594457,0.14486155213496535
0.066797331925841516,0.12863451639611312
0.038944402231173417,0.096550303864819997
0.0083915574674204955,0.052434679977384324
-0.019646596356260579,0.0012446588136823603
-0.040284623694282588,-0.05159590094275545
-0.049686227707949435,-0.10088429341545201
-0.045077155007775212,-0.1416967298592923
-0.026620534199224222,-0.17139039415599464
0.0022856704884235404,-0.19010402435450882
0.039661965383282809,-0.19636780823338337
0.080987523873938067,-0.19136070166084054
0.12114398458231307,-0.17726650309396227
0.15513885964201288,-0.15681903014862919
0.1787949867795123,-0.13281963680095613
0.18948842880431585,-0.10640980713211488
0.18564206047343046,-0.080941312979927876
0.16873608067262408,-0.058899478853494017
0.14040395285685101,-0.039004636709185643
0.10411321790653898,-0.020586199058963708
0.064099456369071398,-0.0025979531267027777
0.024790214488737,0.016011909553319582
-0.0097474716900163468,0.035943113519995712
-0.036442950185694149,0.057077442791795566
-0.053289089151286648,0.079046548932543564
-0.05760943662570666,0.10006170857498978
-0.051143057280101462,0.1182323574115519
-0.035255212073269343,0.1311286639380298
-0.011928122506734796,0.13634512462429846
0.016551085785320257,0.13191432686183507
0.047854917840705953,0.11668952659618263
0.078872810930111531,0.090446658111139638
0.10879215023688424,0.054251972751048275
0.13702586293063823,0.012272411221292159
0.16109692676129531,-0.033585007351328543
0.17959717818325652,-0.079454382358669251
0.19126338749357669,-0.12126588297149202
0.19503171533519811,-0.15526631794340798
0.19014653554979308,-0.1785275146258759
0.17760477083163514,-0.18880834186126649
0.15587980418459632,-0.18648306305597714
0.1254733125339558,-0.17409741930581263
0.088723670127983961,-0.15337611183435704
0.048201673719517696,-0.12798452650971626
0.0070675692827355295,-0.10209865385000524
-0.031256588960506045,-0.079819130574261779
-0.063503706578884392,-0.06458986159319588
-0.087561256151404684,-0.059265786400586364
-0.10095101860519312,-0.064124040006020205
-0.103110952843615,-0.077259576519710646
-0.095163803984526715,-0.097539836412869244
-0.07933093395584595,-0.12181107456479814
-0.05879087227993135,-0.14629728541776685
-0.037180729783897935,-0.16715253183483508
-0.018002637737318854,-0.18100672536660065
-0.0034778403234509668,-0.1848654394328019
0.0043905451445540346,-0.17869614927208416
0.0038461091771436673,-0.16126159904308751
-0.0021921284163962176,-0.13507841159939626
-0.010839911578758538,-0.1026290601951604
-0.01846864280465221,-0.066890158762638083
-0.021379761862895481,-0.030916670408113606
-0.016524328925017026,0.0025230456459819721
-0.0030716973038812144,0.030654803345186721
0.020374822693542547,0.052998094845014054
0.052008245224156605,0.067859813668589092
0.088035072706087431,0.075722150424833323
0.12347614853061759,0.07690359720263916
0.15269935424159026,0.071948037394545472
0.17029967398915913,0.061511561228309336
0.17200345972486147,0.046326406771445054
0.15489237689192564,0.025941838669378624
0.12008693526529834,0.0036088714602785701
0.069391886314219692,-0.020330487503459265
0.0085340649960731207,-0.043442486006168381
-0.055649797910196766,-0.063702442213405736
-0.11558406963241544,-0.079100780889134456
-0.16402098965874884,-0.087864419280723291
-0.19508476511430323,-0.088707719640869556
-0.20642951534832177,-0.080884474228461026
-0.19473633894996153,-0.065454415939067895
-0.164063640780023,-0.041914890679822327
-0.11745500156780793,-0.014018654512174473
-0.061393958533343819,0.01516138445702545
-0.0035880337704502674,0.042296333532333259
0.048141875915340401,0.064216244782844101
0.086996187054275254,0.078319274014447091
0.10799574011554706,0.081617267484487249
0.10913774054754419,0.075389351304068861
0.092007072624689323,0.060819211538759257
0.059609401031196607,0.039135529313616732
0.017708770263592466,0.012909022259664281
-0.026633975912880567,-0.014841845925108588
-0.066150349908302458,-0.041024567943178138
-0.094464956627471092,-0.062824904456931299
-0.10833360753738941,-0.078174501390483681
-0.10372856398985569,-0.085704176741613292
-0.081270406726481503,-0.082964269899077431
-0.044240300257954286,-0.071531430795009537
0.0021886888616149012,-0.052301391607296598
0.051616665230019683,-0.026604917521007139
0.097436534203255848,0.0039585224063023051
0.13385919451673048,0.037643630591124702
0.1554851044181336,0.071331300581233339
0.16255858162735151,0.10522904775445571
0.15522580546159673,0.13693009466901437
0.1367201100755511,0.16481006344563789
0.11167994093544972,0.18695598830382462
0.085513268857781863,0.20146328569324612
0.063487752098920602,0.20664421691728269
0.04988209681516196,0.20131002002728149
0.047518044184035865,0.1863750607973125
0.057048721263141373,0.16056977880290108
0.075842877886700161,0.12578412730319435
0.10185441368393397,0.085244244663763222
0.13092342527158601,0.043088182413091654
0.15840623267908321,0.0041290042347493826
0.17992758418443827,-0.026751248538308993
0.19205985633143738,-0.045308341222758314
0.19226878965123972,-0.049557462762018112
0.18071271051008703,-0.037222415181921674
0.16047862964065784,-0.0088927159180404638
0.13290625881674806,0.031478628491836101
0.10158162331645194,0.078606967555373664
0.070490130673687479,0.12601413910906506
0.043445679566939323,0.16696201859263313
0.023588312785211719,0.19548559528848525
0.01209507373763723,0.20754458239179119
0.011480004888380265,0.20128371116545873
0.020492891132952679,0.17706275129704302
0.038506563896421341,0.13936892342980947
0.063475592974033199,0.094351007317087066
0.092816856079217108,0.049443617909658177
0.12375650111491958,0.012193341538496532
0.15364622899416017,-0.010972208619737016
0.18150642368256045,-0.014533737510957455
0.20338085151572979,0.0005620798123045338
0.21909675266895898,0.033307238073235358
0.2272894928173986,0.077905259512998634
0.22778998172736689,0.12696064933827117
0.22098693585165571,0.17205986017700001
0.20770612234884406,0.20508476371722384
0.18907233273076571,0.21949271880517715
0.16581785402438942,0.21117352405491513
0.14045102712101881,0.17993299290962222
0.11289313445462205,0.127702057986956
0.085470234676142245,0.060886945879483019
0.059358982185150434,-0.01253172796356658
0.035490372211407967,-0.083610099719719277
0.014574217144215479,-0.14372621902153834
-0.0028410030079244206,-0.18578326415082544
-0.017590381194386842,-0.20385338327963062
-0.027027176688016862,-0.19790687531946322
-0.031688983833934849,-0.17097649334516626
-0.030357625842776084,-0.12588113829631017
-0.022592738088747098,-0.068702212292746756
-0.0083158437175171237,-0.0065579284784799156
0.012058886558303054,0.053390151244097253
0.037530556770317094,0.1048399715033973
0.066664276357261326,0.1439608067620208
0.097411078139433505,0.16642469922422268
0.12539480009191531,0.17183263799468151
0.14926974715277158,0.16086423891508225
0.16640306657724221,0.13586011522997823
0.17445259743787003,0.10012773141002147
0.17166013205674949,0.057410466835908801
0.1571166434701266,0.011422885010971181
0.13040093915105672,-0.035785235812911292
0.093706574673064105,-0.078971467298611833
0.049035815613528676,-0.11796133841769182
-7.9196267512476762e-05,-0.14949414236607242
-0.049739062033960328,-0.17225488438673264
-0.0958826050015502,-0.18552672062217723
-0.13470016272040802,-0.18913509668612818
-0.16301613446502933,-0.18340610153336676
-0.17951986235201572,-0.16970128427873632
-0.18122866829049661,-0.14837001873234679
-0.17016724799833061,-0.1214993780398035
-0.14593363011689389,-0.090974144471142798
-0.11051304821817856,-0.059253876898559495
-0.066757465033946833,-0.029050005712126202
-0.018079078909063902,-0.0031189444488141644
0.03189810959092064,0.015995705224064006
0.079497947185873885,0.025311672764387259
0.12238340300087699,0.02538642003968157
0.15634217906281647,0.013881577271947044
0.1812991040888528,-0.0069887040433724871
0.19662098443961537,-0.035485630152047143
0.20233153290592393,-0.069233958868672674
0.198994478621697,-0.10545919145035207
0.18758902951524103,-0.14124310010204444
0.17069533198712628,-0.17320991689485563
0.14773048451060294,-0.20013982778554373
0.12082977681464799,-0.2180915126862642
0.091418335055054756,-0.22712141607069949
0.061295774287825587,-0.22646950838944102
0.032403844945055438,-0.21583483346889171
0.0067249147779329076,-0.19536859775008555
-0.013873282009043452,-0.16569151128627641
-0.028385866180695399,-0.12848547611753341
-0.034707085037219289,-0.084241810850436666
-0.033316508217895287,-0.036539161911850228
-0.023903596088937103,0.013061105905322966
-0.0075646420018093859,0.061624461357092701
0.013849191186317025,0.10597412382598298
0.037954897084702691,0.14300165096472045
0.06215861062587396,0.17004839681845926
0.085321457418320687,0.18400071100686738
0.10380730710660692,0.18617267769235588
0.11543661601847359,0.17731238011613579
0.12097220366741182,0.15941471416173261
0.12123096160924228,0.13571650646935465
0.11780688142099544,0.11010146363305802
0.11271883170855733,0.08656625167771527
0.10796942631958198,0.068642181125084814
0.10527984366759467,0.059792275891535823
0.10462460041450726,0.059292215718856567
0.1074486791258952,0.068666582927888437
0.11076950883973638,0.084385312024223752
0.11211300818374358,0.10315789168198684
0.10865418061250244,0.12116509571598832
0.097763734249300849,0.13465822031092273
0.077571663080228892,0.14053178075994524
0.046150431573096604,0.13659526643550904
0.0066199669801971792,0.12256859198618454
-0.039488249040612038,0.098967188439431641
-0.08748175680502647,0.068104472271194177
-0.13242957013295295,0.033028622503039645
-0.16927948063052101,-0.0027394859214483046
-0.19359009250876141,-0.035680067660922014
-0.20220777950466823,-0.062699089379703712
-0.19470829567572578,-0.080146990098137985
-0.16993876915708597,-0.089038421023584474
-0.13261606845048871,-0.086868978252688731
-0.085649064387245954,-0.075624162149362156
-0.034570634193715741,-0.056476327248127893
0.014453893398187583,-0.03084014987863944
0.055426897442175514,-0.00020275872457022021
0.083308756699250877,0.03394383675116662
0.09375524466092483,0.070997752520545118
0.086791713425178205,0.10754567214934015
0.063366856568205898,0.14311952120032886
0.026264935817616269,0.17435008205408728
-0.019989108457332923,0.1986745581389544
-0.069951073460645954,0.21361213181357749
-0.11798328766098712,0.21705279117443771
-0.15896019439345488,0.20759376843748503
-0.18903855228284494,0.18504954001507826
-0.20520202579051069,0.15046862255381249
-0.2073428806395981,0.10438472750748029
-0.19544856303268329,0.051865626839288997
-0.17138887223229146,-0.0023828539834036175
-0.13796502881146683,-0.053234787789147683
-0.098447708992290647,-0.095767484105068232
-0.05612630098508864,-0.12590560857312072
-0.014863436948514696,-0.14228667211058149
0.02475751999822301,-0.1418630146519595
0.059674677700711415,-0.1267665802058317
0.090112956436174271,-0.09924573395312182
0.11580079852350635,-0.063752998574570896
0.13669873780081479,-0.025814536389661163
0.15283792063394966,0.0087195173375748617
0.16423391969452927,0.03449053639668824
0.16996253873109998,0.047944875271540496
0.17159556764635175,0.046246738805258439
0.16896628862531013,0.028090515202811885
0.16292471452392851,-0.0034780174369735484
0.15440577281921297,-0.044516943749333779
0.1445881847084419,-0.089873030316604166
0.13479569691162457,-0.13396295902162841
0.12633543328419958,-0.17160088550510205
0.12159840984329104,-0.19744479105765761
0.11882136473944292,-0.21133961399908641
0.12015290706798391,-0.21187876398884017
0.12348845502950621,-0.20130364130777423
0.12764234588880838,-0.18268507178672283
0.13123851314615387,-0.15986980347947957
0.13292999183394416,-0.13678000226426115
0.13161352963227213,-0.1167420095624149
0.12678967918390247,-0.10251093955610843
0.11819628605435495,-0.09379927660061782
0.10549648018220463,-0.090751438866877004
0.090213392300838344,-0.090686342407233791
0.07367269760396708,-0.090723114386547815
0.057377379816852439,-0.087800127439973272
0.042819575032106497,-0.079257976230560329
0.031315529005243439,-0.06333108262610275
0.023699964949450605,-0.039284858193579776
0.020487412815292528,-0.0077517535255408575
0.023705683308589146,0.027531451811467166
0.031779392774029844,0.065162454034617817
0.044171956993760267,0.10190011233732973
0.060165435411335996,0.13440315691289834
0.078905250767274226,0.15966091593768883
0.099406183675556523,0.17534807548664047
0.12108474178654836,0.1791294580046626
0.14168795802582038,0.17173330588276295
0.16004413907028139,0.15480821139980305
0.17419659318830219,0.12867339229128041
0.18236389897332589,0.095087375135196495
0.18292255797607368,0.056093800684362045
0.17461057603388044,0.013827517730777131
0.15673777498640962,-0.029617699004610455
0.12843936627823127,-0.072436985876109153
0.092516347108034747,-0.1123986372228446
0.04883034074863115,-0.14799317446101951
0.0015676131525295051,-0.17725885721089807
-0.045968031215448561,-0.198538463634201
-0.090397355247490707,-0.21038632023477138
-0.12861346139647445,-0.21171841118835766
-0.15809084182168648,-0.20200157086341916
-0.17730172590112334,-0.18126023503871355
-0.18487525965472426,-0.15131588642154745
-0.18229432467524931,-0.11240601727617908
-0.16949692844689948,-0.068995605636459262
-0.14810047316871527,-0.024832237546440393
-0.12027679272531726,0.016139376588521725
-0.088519492735876254,0.050229589999673675
-0.055408900979506244,0.074464300541681488
-0.022475335306339411,0.086058231260568857
0.0069806178285068028,0.085675768062159333
0.030093487075464321,0.075438615421962479
0.04658581164285374,0.056735423569706241
0.055798030047053769,0.032919138524508132
0.05759960830477099,0.0079379013476558371
0.052354516002178109,-0.014197940904393259
0.040876985103352297,-0.029960700518558467
0.023082789866132113,-0.03807774085897217
0.0026032975221545727,-0.035313730206374926
-0.019238217000499803,-0.021806720921795041
-0.040147702986112387,0.00079801399840630368
-0.058117719164537542,0.029802590964893932
-0.071401690726131548,0.061670217879897272
-0.078652289267126932,0.092532444285931034
-0.079024912157907926,0.11872605435249775
-0.07130892801096686,0.13820577893914263
-0.056921559303173816,0.14804636009711775
-0.037775328937582245,0.14597423296935155
-0.014107678785225208,0.13403685002957391
0.012633565793461182,0.11410265431242309
0.040824035436992756,0.088821394567869055
0.06876177289614363,0.06120520562540635
0.094748599712789594,0.034196425406347535
0.11696586933571733,0.0089898362905438366
0.13448830495949121,-0.010814816024239076
0.14464377748174315,-0.023787358240203105
0.14737511672354245,-0.030429286864535686
0.14192141850508627,-0.031498654148875795
0.12782908949116079,-0.028316829848523576
0.10508091776861161,-0.022445873597872479
0.074251038688692303,-0.015348547063416743
0.036094505703955108,-0.0071615632863958048
-0.0068163679495784908,-0.00021377879957924648
-0.049844408947966302,0.0076761121658401313
-0.090831460533078612,0.015774493258782468
-0.12592450264195562,0.025228844750627599
-0.15126593176073461,0.037499297999094253
-0.16348445471954234,0.053983209700543724
-0.16021559107664346,0.07559894310369894
-0.14037988053757691,0.10296289106442329
-0.10522130105545055,0.13433451491658241
-0.057231567530392907,0.16678904897580654
-0.0011409405071798673,0.19760824458952722
0.057247931083573594,0.22284344225108993
0.11153736570822861,0.23840810719449498
0.1555291525167849,0.2407219885483797
0.18403792581247275,0.22736259072337944
0.19489899273167691,0.19631465820567137
0.18491305403809044,0.1508604203438684
0.15523911454255193,0.094441291373472042
0.10946049474328953,0.032194613043584418
0.052936900937988911,-0.029416643131126782
-0.0077090696762210417,-0.08359760415745239
-0.065468245766033245,-0.12412698323090678
-0.1138696999035589,-0.14622506803599281
-0.1483733423947699,-0.14632369981702822
-0.16520347493549756,-0.12546791633610874
-0.16292856663783267,-0.087290397644446419
-0.14369768900848492,-0.035624775352513301
-0.11109800118770574,0.023119620441238928
-0.07009147944592746,0.081720558660580256
-0.026230725469231199,0.13307755772432339
0.015163738326558918,0.17110659117129912
0.049551407188952151,0.19128079751591567
0.074674380499707593,0.19181112477753209
0.088137580741116522,0.17261536669494948
0.091681459490128903,0.13630099177511812
0.087474719121354072,0.086990841276981853
0.078498383111592171,0.029882145792118103
0.067913156602607175,-0.029443687690003769
0.058448554309766351,-0.085668110455572349
0.052101148676779702,-0.13332568508895296
0.049250160426789605,-0.17049499082754499
0.049027635013790864,-0.19458043647358481
0.049924403875208585,-0.20491456575190611
0.049573550868319459,-0.20160118737595364
0.045436563922737518,-0.18547544739259189
0.035333846138443127,-0.15790719805891049
0.017912849495396149,-0.12067538914511745
-0.0057270208051286029,-0.075739145339685662
-0.036822388758538396,-0.025605568413485272
-0.071568213121994809,0.025545798776558971
-0.10792281062556058,0.075439730877386785
-0.14223978518381758,0.12054489591738482
-0.17067726715251091,0.15720727401248846
-0.18973267451249259,0.18199237158265411
-0.19675032550737981,0.19212586378095087
-0.18976927055202722,0.18503393330595258
-0.16930666603362074,0.16247142695891792
-0.13864861770619261,0.12414133453389661
-0.099272206992652351,0.07506166983230099
-0.054944541652396199,0.020300045625165162
-0.0099534142807933598,-0.034297705466382
0.03143982362712109,-0.082830996518163613
0.06554288623796134,-0.12011914296954425
0.090246950819737604,-0.14259386701478127
0.10304781233390851,-0.1484746869723533
0.10543197293459423,-0.13693275968441063
0.097731811916623682,-0.11159695033025105
0.08236827119814713,-0.076915866727509552
0.062518991432736051,-0.038431318890949459
0.041608741596109423,-0.0019772052458231436
0.022775151708747131,0.027145471796325763
0.0082084866952287523,0.045077155007775212
-0.00046856764569021617,0.049687474282167549
-0.0035284522051527612,0.038963899603731422
-0.0019267967050808686,0.016086793057286383
0.0022162787303142244,-0.015510994588832441
0.0062007849895758327,-0.051430314426626329
0.0072391140852443563,-0.086981190146080398
0.002959605654640156,-0.11783993023164237
-0.0083470183388117836,-0.14003351104268189
-0.026594046600545242,-0.15257804299326175
-0.051726592904202472,-0.15333518740689361
-0.081092978713366945,-0.14397418760767983
-0.1117992648812457,-0.12618017532741818
-0.1405944619564729,-0.10218369391273448
-0.16436405478323496,-0.07435953955294955
-0.18059589394155726,-0.04489311599372179
-0.18644752379310306,-0.016489386773807884
-0.18362989905540525,0.01082073762388029
-0.17248487751262093,0.036796053864202038
-0.15520540272544533,0.060348159612460678
-0.13439408399709418,0.081045848725886618
-0.11283107230947821,0.098422940977031914
-0.09306151871641194,0.11191242510168348
-0.077054276652151088,0.12087154330889101
-0.065795567345104847,0.12524901378860662
-0.060304081168268069,0.12420822920170389
-0.058259263331387173,0.11605073493033105
-0.060065837429829787,0.10275634251093876
-0.064378065172580989,0.085571712820886658
-0.069637601998874962,0.06621595574021405
-0.074311935613216556,0.046681181905254186
-0.077093401398620601,0.028951186893012876
-0.077218263574019785,0.014870202809655519
-0.073680659442935767,0.0048827954378989824
-0.067149005729555733,0.00050965357143932359
-0.057170374844334321,-3.2596338037238349e-05
-0.044146787132046596,0.0016547631259039653
-0.02870615850747819,0.0034976963024834127
-0.011636789242160765,0.0033255891055454898
0.0061598288405119959,-0.0007089090872657456
0.023881449644274161,-0.010295228876821652
0.040241838682837303,-0.024636880069782475
0.053903363232135154,-0.043087058635163038
0.063924728604279765,-0.063316265629815183
0.069220346811977737,-0.082438865574966089
0.068834876815459162,-0.097257769745262998
0.062060481009122238,-0.10477619476432509
0.048567448952891557,-0.10270862588492484
0.02722747457284273,-0.090832912484804754
0.00074924004400771889,-0.068270436668140616
-0.029490870519726972,-0.035636318125798948
-0.061701521084808808,0.0030364598750503816
-0.093615486948688334,0.043659039065560241
-0.12288891442876736,0.081690607188520462
-0.14733542293402863,0.11274596723107964
-0.16514807532441678,0.13318942871093478
-0.17452190595480821,0.13969979359452758
-0.17617422605660332,0.13282099385006951
-0.16834598067501652,0.11345885195343929
-0.15337534454769741,0.083810322446079027
-0.13271975372818748,0.047355699580730298
-0.10805960679301387,0.0081798743987792077
-0.081124714408126852,-0.029577591067210567
-0.05356595512138923,-0.062245226463365499
-0.025955370391660279,-0.087225633103872435
-0.0012432627448113235,-0.1022916317123022
0.020344132497020738,-0.10834989194221373
0.037077493159273875,-0.10503465459707899
0.048060955838530837,-0.093858635874367255
0.052737087048480971,-0.076968797673177727
0.050957437654665573,-0.056775628330516047
0.043053080184860884,-0.035590984608688883
0.028961081398399778,-0.01440264459221499
0.011348972537089448,0.0040880902151345716
-0.0072757368767616595,0.01914168181235272
-0.025195845363600169,0.030874806587626969
-0.040013405784206396,0.039790803344007676
-0.049454900214635708,0.046771594286512411
-0.051644380847450745,0.052849921500658419
-0.045363622969094811,0.058988497399613045
-0.029331729062939235,0.066828789644190048
-0.005554429653645881,0.075223987189516422
0.024276818011889831,0.084563412310660044
0.057847292548994879,0.094178903538197606
0.092126234988425218,0.10344782104230815
0.12387887647125168,0.11175582703907951
0.15001709871952629,0.11862569802189601
0.16792592845320115,0.12380167258219581
0.17665006710140649,0.12597782645841082
0.1738233845619197,0.12719283382322003
0.15932266943762263,0.12831244453390003
0.13415313407744986,0.12915058061198686
0.09997983655869877,0.12989313552889462
0.059124487374895861,0.13046360052673095
0.014337948476234359,0.13050760648955503
-0.031434975948923985,0.12944626725020497
-0.076199937695985376,0.12788669301825945
-0.11623395766333353,0.12346703615417251
-0.14756555580417693,0.11469226462644289
-0.16974480295151459,0.10240438373971732
-0.18159386769515515,0.086981500228923522
-0.18253901770840697,0.069233823982509476
-0.17263286967676553,0.050278063241214317
-0.15256593939082383,0.031335575363452634
-0.12421769708889932,0.013676447809863504
-0.088708490999819145,-0.0024563453326239574
-0.048335833809642702,-0.016088668060192629
-0.0061283792563674912,-0.028311524315223845
0.034796504090610816,-0.04014745685903378
0.071271148842272231,-0.052889670167942208
0.10034026541539803,-0.067792693687690059
0.11953550771131101,-0.085722529414970203
0.1276842004519386,-0.10813005162285634
0.12318945470644063,-0.13227013096433782
0.10614740595147579,-0.15631748330570877
0.07802480662001024,-0.17767682657290973
0.041080409805917574,-0.1930898350900862
-0.0016654564404095383,-0.19929151411169621
-0.046732869514754777,-0.19355042855250201
-0.090532615764701313,-0.17419207607764975
-0.1287926710217332,-0.14045910939450831
-0.16022591308882908,-0.09453392210492699
-0.18240458203885537,-0.040276862685751195
-0.19452240517752267,0.018287538263660429
-0.19640542538263581,0.07566318163173695
-0.18859283837300306,0.1260853617942857
-0.17217738323000123,0.16423874313850928
-0.14862314586878211,0.18594131408679418
-0.12051836741682884,0.18887801958213815
-0.08770567211790517,0.17258181226155012
-0.053804007833838409,0.13740894183825209
-0.018791239275234437,0.087902983591133341
0.016020729805307176,0.029092457095946687
0.049249979141458303,-0.033208148924794421
0.079457298010698216,-0.093086000875972658
0.10521771639958999,-0.14518129119448495
0.12468940528002787,-0.1865151265271307
0.13756193374036152,-0.21191761622035396
0.14395566743271454,-0.22162771034408835
0.14328264042199593,-0.21470845280894857
0.13608407358971408,-0.19262369759652856
0.12343004349542372,-0.15801343283424688
0.10678363231921023,-0.11430399681831051
0.087791819540792085,-0.06528786862590702
0.0678533404827565,-0.014174509157480504
0.048230526941947176,0.034815177235217626
0.030957994820676932,0.078679817940477292
0.015185885210551781,0.11542966225841565
0.00046940495025397699,0.14363887562425903
-0.013996176276391417,0.16257502625750098
-0.029135043938624171,0.17209044907866039
-0.045714863309821635,0.17249222342057222
-0.063901597206307087,0.16571642198465758
-0.083417233997431728,0.15030992583276112
-0.10454712711369026,0.12882788460285399
-0.12461907185794056,0.10128245431237901
-0.1414443674061954,0.068942686976526821
-0.15269696680174982,0.033450909672116613
-0.15627045391765038,-0.0031897574220061432
-0.15062878012415884,-0.038697587930374248
-0.13564940355326521,-0.071218952706672695
-0.1111298123345168,-0.097862820292420924
-0.077318367557231413,-0.11542762377199459
-0.037620419241986218,-0.12344658529492249
0.0047908778285208958,-0.1212324022737505
0.04642703597525695,-0.10888957994954299
0.083909019856554148,-0.087316965315338516
0.1143765502615585,-0.058125944683024101
0.13452603656241974,-0.024041643570048812
0.14512975510422282,0.01371249827566485
0.147419162714825,0.050614538995482031
0.14164768570906436,0.085688965625956209
0.12972579757106556,0.11683329163544549
0.11397948822184524,0.14221810853383493
0.096800417528046037,0.1603659878102523
0.080315886212279836,0.1702079612340614
0.065200764832052852,0.17019257976521243
0.054123929837265453,0.16116614016517072
0.045845280779168072,0.14503710739545331
0.041081812886841207,0.12109777182609997
0.039014952709388179,0.09032090446364964
0.038416972598683131,0.054039264707380581
0.037903474399601005,0.013904732476863361
0.036196065812085045,-0.028172017072198723
0.033279491753166725,-0.069174170390693915
0.027454295971064233,-0.10843280680088188
0.018254639534207244,-0.14338362686930073
0.0069351691636967052,-0.17232879746349922
-0.0053074397904769206,-0.19356811021574746
-0.016965541873323366,-0.20570437715180423
-0.026453235587804685,-0.2077786626924458
-0.032347213191237179,-0.19940666301912502
-0.034154595113321286,-0.18108028443012528
-0.030672004617996174,-0.1531468572112209
-0.021308546215031421,-0.11924652751042218
-0.0073157336586072109,-0.080338811785699252
0.010118487527418356,-0.039243157868297837
0.029498654192277575,0.0009038104922911356
0.049248594378273287,0.036984577285209652
0.067944744579857788,0.066286141035117888
0.083221724415054918,0.08780275392095474
0.09621710069241074,0.099056534989427777
0.10794328011174489,0.1013737723363486
0.11789747815338882,0.095659499157433367
0.12679029815865897,0.084522449149990048
0.1354267715041505,0.071354444485429006
0.14448955115191445,0.059806579429694015
0.15433600209236079,0.053183890887342732
0.16577398855939735,0.052560035433701476
0.17700667873472553,0.060862204676062043
0.18575405267231659,0.077423560774130137
0.19147110476342127,0.099799890843954173
0.19256562697949323,0.12426672629426855
0.18757502132397622,0.1461785386607618
0.1754217520946581,0.16071136047017784
0.15563168311966341,0.16368763192373881
0.12977580289529433,0.15290237587576772
0.097087369391615719,0.12715835950114696
0.058836403169749252,0.086290960706390279
0.017940713661082359,0.035487475084254511
-0.022800650997089774,-0.019626249458178074
-0.060431118044774093,-0.072477440653463274
-0.092137029524076625,-0.11652261138764083
-0.1155296969733549,-0.14625891899136581
-0.13017243220317951,-0.15940580366379783
-0.1330575115883576,-0.15308682399055532
-0.12461436843531648,-0.12849516281897452
-0.10530207246922477,-0.090464732449715049
-0.076632980750407351,-0.045328275085582431
-0.040830825174756197,-0.00053443067862644141
-0.00060511139671673778,0.036494163579983821
0.041115270446489549,0.059529688741739341
0.080529263885581182,0.064364163198893778
0.1164454000939403,0.049723099293555159
0.14687492694402635,0.019357808106734455
0.17021350755949921,-0.023342758088857923
0.18560889488905652,-0.071465665626119793
0.1927293144450781,-0.11691189170268614
0.19167130270199681,-0.15165454085988819
0.18284464292186164,-0.16901810889877472
0.16815646890975239,-0.16458840154389046
0.14649292876259667,-0.13741839212166329
0.11810351012952887,-0.090610337556015719
0.084363580370432983,-0.029035197555415268
0.046271925000061664,0.039518614334500921
0.0050550371875720135,0.10604752558556393
-0.037800304554278151,0.16168048741824798
-0.080549320286598877,0.19901651473528811
-0.12068288070375757,0.21416848861429189
-0.1565724368398107,0.20437479576516132
-0.18786785694283667,0.17106012609841587
-0.21126222699693689,0.12002664959858382
-0.22512241497467292,0.058987761480414715
-0.22836349540834741,-0.0030348963070459651
-0.22056417155323921,-0.057048652109529412
-0.20200987746607418,-0.09539748589006565
-0.17384596898544694,-0.11339763258238937
-0.13701181252414413,-0.10774457773852206
-0.094778537564639567,-0.080998959531920989
-0.048273314251824954,-0.036252056220338995
0.00028992936032132732,0.020068573009559151
0.04865763708889001,0.080136550885624297
0.09464284465838449,0.13590935631496973
0.13621347581705454,0.18029719976474415
0.17286076212504173,0.20832556047396353
0.20073444043811992,0.21681104654734223
0.22014773309741067,0.20726983046647479
0.22909252886977008,0.18140126586724281
0.22707597763630546,0.14389454830972156
0.21425774133356271,0.10066391187527485
0.19145527199087792,0.057866299844997422
0.16008502265720242,0.02093555406920921
0.12148813695557437,-0.0049169417159240546
0.078929218374565568,-0.019762498725526521
0.033889623942673495,-0.023915929957009179
-0.010645789754647873,-0.019527624818942078
-0.052546960539961149,-0.010260052858115898
-0.090114283400515902,-0.00036450072797623151
-0.12213150752740691,0.0061108914587471889
-0.14784104993491703,0.0060320415308843011
-0.16593156659771915,-0.0017489243721907396
-0.17728289800867572,-0.018432811125692596
-0.18351423550391288,-0.041046921582995874
-0.18324054157910347,-0.067809648478291032
-0.17637879279374771,-0.095117385010881503
-0.16292147682517871,-0.11906587589224758
-0.14306610868451117,-0.13607025122388577
-0.11737627521211098,-0.14341070760381597
-0.085637493170505313,-0.13980745059479144
-0.051880374551297584,-0.12451176018155939
-0.016932127778795103,-0.10070456288389683
0.01516791417262733,-0.069374646386647545
0.041205807343075503,-0.033660732484268853
0.058247173695739854,0.0028775396911344129
0.064038359293483907,0.036719484033495946
0.057367936960561569,0.064802564004710225
0.037401803889610848,0.08539997598717719
0.0066582507162093489,0.096145522419348484
-0.030396909654363525,0.097593626145550796
-0.071268851971376043,0.089652564908310722
-0.11152585184496859,0.073585200775423937
-0.14660784947878841,0.051212297985638505
-0.17238502109777334,0.024635836575894979
-0.18568579300576263,-0.0040303926500496468
-0.18527335608865864,-0.031958661845229323
-0.16968619849727914,-0.058624233678669729
-0.14230806518492822,-0.084541142473048822
-0.1045693989795483,-0.10759201612132727
-0.060442502530905814,-0.12728508960836443
-0.014673396126756388,-0.14337065108429919
0.027790704715137688,-0.15574165665259068
0.062394720834089659,-0.16434539692448236
0.084208295974229186,-0.17005251403539423
0.093242142249476898,-0.17128341171877381
0.087200751851446934,-0.16838833040148168
0.068016379940742805,-0.16106531470554286
0.037868098007770773,-0.14942981668204849
-0.00025364965947242106,-0.13390371059267414
-0.042948844541090485,-0.1152396784125802
-0.086783354505692537,-0.094484193236025846
-0.12728981551836346,-0.072325348289623337
-0.16420698844677079,-0.050992436634276758
-0.19335609767110701,-0.031335437436996363
-0.21474765383709221,-0.014580775429708153
-0.22740831828994901,-0.0013666605577708146
-0.23058801357081957,0.0081138245656353636
-0.22374991452934828,0.014066897027817807
-0.20665567788930045,0.016973303689411034
-0.18082579583890232,0.017597147055527673
-0.14530558189894807,0.015829798468280601
-0.10126272744543184,0.013217314815092557
-0.051819549740457597,0.0085695474775705546
-0.00042882044912000318,0.0013718771488017633
0.048844741437119581,-0.0089998190903439277
0.091780871755862137,-0.02307255723630831
0.12458454832751814,-0.041042886151806825
0.14579530472670083,-0.063491436176140253
0.15226469834811698,-0.087760373534624792
0.14468168081367311,-0.11303240371886852
0.12581944695784289,-0.13622023084623275
0.10005883023827396,-0.15453443781306725
0.072986726668286234,-0.16529165996765396
0.050542978474645867,-0.16630802308227477
0.038029047664383329,-0.15626029229985022
0.040070828500605976,-0.13439879226680826
0.056129309726038766,-0.10271502228603027
0.086712792312391193,-0.063138064891022069
0.12605834936286336,-0.019222833211077425
0.16764908486685534,0.025071356310683329
0.20389315409299816,0.065656990580501118
0.22733631491565609,0.098798596737173158
0.23191817922760802,0.12154393602351518
0.21536224361408388,0.13334527238430061
0.17548844133751634,0.13118983718346874
0.11490245696052614,0.11782276267700963
0.040472418056133705,0.093498704275550085
-0.039016393373896355,0.060839486312152698
-0.11352828369771624,0.023224394002504846
-0.17324035349959735,-0.015602595019889453
-0.210020468536123,-0.051952147687348252
-0.21813097833810405,-0.08350654674898822
-0.19735395361663993,-0.10652195548132751
-0.14899806624715564,-0.11887351327529973
-0.080618836944817404,-0.12063770356580868
-0.0015981331733768281,-0.11237169409098921
0.077272416380110939,-0.095500337937682339
0.14532958460529277,-0.072063463138446651
0.1935351587086227,-0.044421744049958099
0.21700308986042788,-0.014038424013884202
0.21073731684297758,0.015536405400167421
0.17807440020085158,0.042443487422921256
0.12224136408936158,0.065540335457039439
0.050646628481392605,0.084067987966505331
-0.027570115737791064,0.097760700200459294
-0.10290389538506128,0.10669994523359931
-0.16685065704312227,0.11113141735830696
-0.21176832656796712,0.10998604248226196
-0.23596331756025515,0.10516591751594362
-0.24030965102778015,0.097035672287386104
-0.226697130334267,0.084667698308971112
-0.20024000719474738,0.067482343207324769
-0.16738445315623307,0.044882752756970373
-0.13480225757335249,0.016511887777315461
-0.10832865912897023,-0.017470405111145369
-0.092297266261178998,-0.055960841662090942
-0.088180298259713533,-0.097732171592545811
-0.096396723225679687,-0.13874267118723643
-0.11384675913356158,-0.17660577970928895
-0.13655870468161935,-0.20752639614630833
-0.15992476385999466,-0.22767943290281301
-0.17953029544608884,-0.23376582703963383
-0.19187914295438313,-0.22359073529254497
-0.19360522626830279,-0.19563872123631001
-0.18588044376431956,-0.15238812743751665
-0.17142028013307822,-0.098294858575023999
-0.15123980926396388,-0.037481849827379621
-0.12835295063040666,0.023783190513281597
-0.10593036097213315,0.078760138047400188
-0.086795325486511907,0.12112159865776735
-0.07304505734489404,0.14584882139726602
-0.065664173075805368,0.1501833928023395
-0.065604083172697142,0.13329156188835523
-0.070495371084856512,0.098349673827136302
-0.080786140557843958,0.049576469619677731
-0.095302086742465431,-0.0063095464496714807
-0.11276390005176616,-0.06153114989539929
-0.131945213548124,-0.10831484207805442
-0.15174346019684407,-0.13997295366546883
-0.1698663384662738,-0.15202656222753833
-0.18693467147684767,-0.14225780213901976
-0.20345708132284179,-0.11139085738088494
-0.21683775153965834,-0.063347673475754263
-0.22557213043977778,-0.0040914409271690889
-0.22806790617630812,0.059053155221219331
-0.22286557342895599,0.11843395583599713
-0.20893127023416613,0.16711435825799903
-0.18541205711970776,0.20106696685964082
-0.15430685940894096,0.21549116099167895
-0.11558029356307113,0.20876427365181166
-0.073755566856985658,0.18368512970052417
-0.032822781071178031,0.14417378070244743
0.0029169235410798906,0.095503072145829634
0.029409087491664942,0.043467132105983769
0.043427831372324047,-0.006451406115253828
0.042904587495576164,-0.050345747605940107
0.027635983436475171,-0.084579305695782106
0.00050705732304724607,-0.10724882656687051
-0.036207855930901298,-0.11936033542055016
-0.077972051439478829,-0.122707944044635
-0.11949436926472293,-0.11992493475936494
-0.15545054316094178,-0.11390040784916454
-0.18123695004113377,-0.10722005065169217
-0.19271190031156976,-0.1011656620910605
-0.19039761086796089,-0.097860500898099598
-0.17306212079719019,-0.09518840429969895
-0.14497682253677729,-0.09357244491138754
-0.11052179605143943,-0.09143749505466886
-0.074816047716888323,-0.086902924363352049
-0.042963766774261135,-0.078240793324703989
-0.019332618929442724,-0.064316212888471377
-0.0078997577047937376,-0.043633941065989258
-0.0087836908863083204,-0.018827871137020124
-0.020996394305487887,0.0070325160904788908
-0.043123783769164759,0.032003046444695107
-0.072046371796473122,0.052790109465640077
-0.10401343711038309,0.066170043467149178
-0.13519630352222611,0.069508594313228714
-0.16218594514748114,0.061223483737953582
-0.18329012093364155,0.040927948814233846
-0.19587247054106077,0.0099193017499027234
-0.19771637090698169,-0.027809625360017451
-0.19056819884545714,-0.069431020948137689
-0.17559284795695057,-0.11048545834947925
-0.15439441279798807,-0.1463624508902735
-0.12876243484119565,-0.17289216714405986
-0.10048457831700863,-0.18688945296740347
-0.071800933785517898,-0.18527335608865864
-0.043836532754200727,-0.1694784438246621
-0.016375116723811676,-0.14254030125876763
0.0076968028006579921,-0.10597047214637595
0.026838268106397351,-0.063568174500840499
0.039627862497338601,-0.019641932063623191
0.04489374235271177,0.021508516374035901
0.041889732705881408,0.056071918257489611
0.030301498601684788,0.082400320553503659
0.011131095737004775,0.096566807536120444
-0.014386515983460753,0.098385661218447037
-0.043649235902785181,0.087960801686279955
-0.073578157392204802,0.066632847376927817
-0.10072667573131855,0.036555961852951645
-0.12166912474244068,0.00041164353276770615
-0.13343153624755266,-0.038881272147340246
-0.13445564855347322,-0.07972193264692036
-0.1233723039110398,-0.1177260327530754
-0.098918256436769311,-0.14954877929645277
-0.064329650577526348,-0.17431679852047707
-0.022682899608568782,-0.19080805623183755
0.022196525261748656,-0.19838374948335699
0.066225161823448328,-0.19697028282506143
0.10558303390235786,-0.18702844569145247
0.13737416953083739,-0.17044084339590332
0.15926511808496263,-0.14722908677458998
0.17085035943956314,-0.11908978341511896
0.17249554437671236,-0.088245661466441916
0.16588544052783763,-0.057001514701198318
0.15350870504332614,-0.027794493085176439
0.13822740019197594,-0.0030218285660580197
0.12281702609088745,0.015155184494548819
0.11047804825681298,0.02408289314758804
0.10080258005085144,0.024147871405413357
0.096242668385209174,0.014549476678509586
0.094766247565359299,-0.0040010310758411887
0.095030877075436143,-0.030295941750091229
0.095421968523078146,-0.06254853819449134
0.094406716735860596,-0.098536026544323585
0.090842108361960758,-0.13576469182066059
0.083629810458377724,-0.17071301368309588
0.073591787507449907,-0.2027199144698186
0.062167040383981312,-0.2275079283245709
0.04999660349436312,-0.24467009533240247
0.03848285376586541,-0.25278030092854903
0.028977090720233627,-0.25074535101522694
0.022548434820936884,-0.23789195446320208
0.01981837385280193,-0.21408183792968463
0.020700309515777053,-0.18002053958708558
0.025140833744013279,-0.13651312212452518
0.032048914021397597,-0.0864316942271907
0.040608952857126533,-0.031928293719859474
0.0497203423406683,0.023669469286196596
0.058330350096043773,0.076684391307160427
0.065542325503647539,0.12346602481825614
0.070669917711770558,0.16082721169418029
0.073051375684508757,0.18777250367472845
0.072357721670768427,0.20105045381979589
0.069622773489949219,0.20205658312042737
0.0636201077290489,0.19188155893351796
0.054100140070883748,0.17355752307825256
0.040901253647128481,0.1511021693044593
0.024020116287814981,0.12892975120352557
0.0037019324324148242,0.11115959164530684
-0.019284813429248666,0.10149070807869608
-0.043935579491714921,0.10024006677259734
-0.070089279308706856,0.10905211433449201
-0.094917313860123045,0.1242575900185196
-0.1163189330427373,0.1420377292290991
-0.13221491902181484,0.15774681510803942
-0.14080082116614259,0.16669097129656699
-0.14079824402070029,0.16494030289938735
-0.13222207478092124,0.1505963391074252
-0.11422971277255894,0.12236645821832051
-0.089426726385609737,0.081754769513186429
-0.058732987897017204,0.032575299923819974
-0.024712659365731221,-0.020004513546132915
0.0096202116536853594,-0.070023070348886621
0.041155435676049387,-0.11161611979993238
0.06707809435289315,-0.13991442120528899
0.084311803000805013,-0.15087701146767052
0.093288492721141023,-0.14551818186394641
0.092997407055576436,-0.12344462817689555
0.085197859679168403,-0.090007391353494628
0.071923394266300844,-0.050759163278882677
0.055712951990489153,-0.011918358542836053
0.03922299099334018,0.020542808789704513
0.024838061438773637,0.041746243862641828
0.015638190070155038,0.048008497419346215
0.010626456437675109,0.038758574084743348
0.0098399030845969827,0.016838579989660419
0.012612285525700035,-0.016171918320160059
0.01756940830214274,-0.056026621333643403
0.023102849277870784,-0.097778811015981903
0.027669346720159613,-0.13650824157938279
0.030048153545437599,-0.16799177588124178
0.029329823463561295,-0.18829276820514587
0.025829303850497178,-0.19691964496251602
0.019121356657236362,-0.19554003994949407
0.010651707668938831,-0.18413984735441336
0.0015009282703360204,-0.1649979120960591
-0.0072538941195623673,-0.14096118356135562
-0.01468969434860703,-0.11500194475784425
-0.020117848292212945,-0.089834311042815237
-0.023644473361554834,-0.068200420265726397
-0.024197254267273493,-0.05045333394142703
-0.021445003436811733,-0.038832280927605094
-0.015390915877921222,-0.032515171982540253
-0.0058639554415940509,-0.031299018201142934
0.0072740185910261101,-0.034845980161473132
0.02404532747393268,-0.04278005818002624
0.044226866462562166,-0.054685188921576151
0.065907204931590649,-0.070940896233880224
0.089671197715009435,-0.088975794406218681
0.11486599545453224,-0.10899541108981929
0.13830346165243559,-0.12812211888386124
0.1572907158704544,-0.14410123719129389
0.16899535840582497,-0.1545833273063702
0.17083058297753989,-0.15742398481582681
0.16087871167259271,-0.15103258062294575
0.13846893899088433,-0.13452396157557572
0.10399175978997237,-0.10894312189047559
0.058683306149109771,-0.07469661144028765
0.0065316728755879369,-0.03578947904532985
-0.047956104786853124,0.0038397984031425412
-0.099699187447160331,0.039858596508458098
-0.1436638936306012,0.068102771942169502
-0.17551657198582149,0.085153818993697825
-0.19350794420225906,0.090139293819473734
-0.19422621482867697,0.080528929064777224
-0.1787414908570118,0.057459647576156229
-0.14915671861598037,0.023824533904763898
-0.10940388713805849,-0.016264726180696795
-0.064514088634080258,-0.057810215941541947
-0.019899763759477381,-0.095579515459060682
0.019428679226062246,-0.1247960542297932
0.049033589158521469,-0.14046778085502706
0.067642372583691796,-0.14290136693036357
0.074671672858912241,-0.12973346251067439
0.072098434642871648,-0.10401860361547555
0.063252604406154475,-0.06883550066283449
0.052391547048036877,-0.028079077521800205
0.043940741512122239,0.014114252449022799
0.041710920143704144,0.053917750545272897
0.048406509879006,0.089187375364163934
0.064446501798286496,0.11626495324060664
0.088974596519633492,0.13518344752116357
0.1188621237014434,0.14536713279909641
0.14989922163230246,0.14773107925616774
0.17729661053093401,0.14382390851379961
0.19647636317648118,0.13547209710594962
0.20383676678863868,0.12443340304276805
0.19643982751443881,0.11267190653806095
0.17585635332385413,0.10002019172712485
0.14311306599626483,0.087646861061653092
0.10264925426506759,0.07465068615850641
0.05945899322285686,0.060419065165788932
0.018918381697322281,0.044302923964275417
-0.013981036299386951,0.025832953411574901
-0.03531646992949003,0.004879259685018668
-0.041436756609213622,-0.018828542559779698
-0.033516734106030864,-0.044048406027612723
-0.013851684373026281,-0.068621963271932457
0.015764534566691021,-0.09245421773614354
0.051641220884717016,-0.1145571154959078
0.089672265242656576,-0.13411693484666298
0.12588501507478739,-0.15059439443234746
0.15689837554563504,-0.16376698259414865
0.17967400070472442,-0.17426551176420732
0.19319175268680699,-0.18133981589303297
0.19866887994141849,-0.18627376015442312
0.1949944700667188,-0.18880179278297957
0.18296052825292594,-0.18921578001208486
0.16375630145727557,-0.1877735968280341
0.13879808594870258,-0.18468954740049542
0.10962727731221607,-0.18014923071358357
0.078809188782305764,-0.17452676621657112
0.04672606384861594,-0.16807149261335724
0.015219765376228484,-0.15984505978344984
-0.013460617359712795,-0.15129805526312456
-0.037054939879333969,-0.14298880865447744
-0.053267823810102158,-0.1354438491335769
-0.060045512440472161,-0.12908251764505002
-0.055934953156285078,-0.12414491788244696
-0.040276290014516949,-0.12193403289082325
-0.013991043870281317,-0.1199903049141971
0.019914561401835732,-0.11880286319310174
0.058391074436779239,-0.11690458233795552
0.096712721600213006,-0.11341951709737765
0.12955742145418819,-0.10763473361776774
0.1517142711764734,-0.099096536929885126
0.15887321972984902,-0.087660353285778675
0.14892411005536382,-0.072191338132871055
0.12097399440114877,-0.054820084460576929
0.075358986283692017,-0.037178680136494897
0.017947630180482316,-0.018958236872140415
-0.044799443598755991,-0.00068496400723358139
-0.1053649559306461,0.017253134493729078
-0.15621345173507264,0.034601036838785203
-0.19088023679726512,0.051181047269944546
-0.20512619774888799,0.06550326886195583
-0.19703347451573952,0.079214029480299791
-0.16772288402659877,0.091821471433974275
-0.12162041217155925,0.10246759162683808
-0.065271667195721486,0.11017112183218392
-0.0065879217136745371,0.1137650970833992
0.046301305206746579,0.11211925093529891
0.086226342410396437,0.10442920430242937
0.10744704744179717,0.091816213745831973
0.10877707485907274,0.07253066841623472
0.088850984960193308,0.050293051554645335
0.052584934973888837,0.026148119382776173
0.0057278609368406844,0.0033540090216111281
-0.044785074108989062,-0.014302591958663234
-0.091912035722703719,-0.023085015067649119
-0.12954591955492278,-0.019990727008223609
-0.15205985063263364,-0.0039776753073549635
-0.15925856571201413,0.02505655309218794
-0.15208107555017988,0.066272636055144607
-0.13258531782775101,0.11357948173870737
-0.10491593330229354,0.16056573121249035
-0.073980472844496756,0.20003631356988275
-0.044630394649897286,0.22506793748946169
-0.020928117835089667,0.23012796030392074
-0.0050557747100640968,0.21077635384642116
0.00091487035335882031,0.16867322339168625
-0.0022271366804143596,0.10816341452823112
-0.012992527621250523,0.034683844967138007
-0.028763770026679559,-0.0431251133298493
-0.046489257313892668,-0.11549964702308961
-0.063188006821575757,-0.17294217883372223
-0.07636600795396091,-0.20763547125823884
-0.084101349262040215,-0.21484180969620043
-0.085496358103292869,-0.19324329164057374
-0.081714826182275185,-0.14487957471529286
-0.072244492264986249,-0.076820026960848067
-0.057932895090807172,0.0016430868158310433
-0.039857035314473849,0.079751579869247399
-0.019160402101826506,0.1468155318059878
0.0030406961556382816,0.19373305891377651
0.025119070109058221,0.21556161213055378
0.046439939638876833,0.20792732635739344
0.067547969182735215,0.17174390962958788
0.085709947597987127,0.11268163365094551
0.099372764546416484,0.038810307257741816
0.10696414582961,-0.040056529096069805
0.10705941273776591,-0.11377893734327355
0.098597368314900236,-0.17329409693568343
0.080182184102611256,-0.21198293028041998
0.053758561488618427,-0.2256196779824664
0.019614522327828093,-0.21460876833966958
-0.019411553052694482,-0.1810583634319394
-0.060406419063858872,-0.1302098920531756
-0.10012123470645452,-0.068945929313828536
-0.13533583417026954,-0.0046917481177599805
-0.16324066593251624,0.055666017880619943
-0.18270623425541838,0.10723468810365447
-0.19154673056310151,0.14579258314526292
-0.18872816946169002,0.17001716909876008
-0.17642058477107667,0.18100557010123675
-0.15681804346350409,0.18133518178790947
-0.13274527246027359,0.17456389850743265
-0.10725871190208849,0.16445669334363208
-0.083228573755976143,0.15425987787234502
-0.064261667810949857,0.14743906821105462
-0.049873131654409542,0.1431873864893618
-0.04053779810643874,0.13932605646882537
-0.035898953190271699,0.1354700744804099
-0.034724469049283696,0.12928738183897406
-0.035363504213856395,0.11834797023405347
-0.036054953270229957,0.10068227050716247
-0.035219311595774544,0.075246113090765065
-0.032243653566628699,0.042027578536043664
-0.025824322190817532,0.0023476927005523971
-0.01524977250509043,-0.039443371083489651
-0.0015834361767119154,-0.081451424342349768
0.014276652609292237,-0.12011437101822309
0.031231345736878805,-0.15198932800479845
0.048172173554346748,-0.17422471889145505
0.064141129873636113,-0.18494183543314233
0.078991214377738109,-0.18476869826736692
0.091510845905152766,-0.17185740628057034
0.10141312022739177,-0.14998588848654637
0.10894931604871967,-0.1201997017102112
0.11435832699788562,-0.08558848337984408
0.11796941777532428,-0.049635571226430017
0.12013218165970062,-0.015829664947508201
0.12117113955907412,0.012708019784881194
0.12266682614684951,0.033349169474038404
0.12303675714746815,0.04439842761114382
0.12199708669155812,0.047035626424884694
0.12036228433420837,0.040148051759974199
0.11853156773929553,0.024793564582465632
0.11703794197766358,0.0027201616616714993
0.1164970168796909,-0.023881228664754693
0.11751652952882069,-0.052650636584276468
0.11928353222696364,-0.082247433389478611
0.1236273234515812,-0.10908495753089784
0.13199673950489907,-0.13258492740651659
0.14248811445929399,-0.15102544245813812
0.15405314946562285,-0.16385241331397882
0.16530507959924409,-0.17105590214159633
0.17469060984649254,-0.17302788994254223
0.18070784352908667,-0.17037589679756929
0.18121014461318946,-0.16465684652908394
0.17672010535589461,-0.15448797878747786
0.16772258844519614,-0.14206798811551985
0.15419545697539816,-0.12579606745470306
0.13720575842961777,-0.1053340567838181
0.11818498731272208,-0.080483232787653847
0.098688420070994362,-0.051356306126705317
0.080122089942399846,-0.0185112292980192
0.064783837940745201,0.016054947573996618
0.050997502970957793,0.052279778513781912
0.038974522801918633,0.087783487629794668
0.027478985377965691,0.12068609091469257
0.015131967796137971,0.1488392609938104
0.00051489659307187735,0.1702529899761655
-0.017515307928152764,0.18334687534935576
-0.039539962264796655,0.1871759908221603
-0.065558219549242833,0.18141175750396946
-0.094056302895442284,0.16664744877596413
-0.12398717487645905,0.1462187418017839
-0.15222322470146926,0.12092664237613487
-0.17591316377001653,0.093401754683896887
-0.19229478213574819,0.066534573429881991
-0.19905729423921575,0.043150464062253473
-0.19464295451557082,0.025674922833080954
-0.17788976255303449,0.01565172179243669
-0.14977239267669129,0.014250276613756156
-0.11284715350810469,0.020996397417835554
-0.068259497740691982,0.03496840675512216
-0.018633615739808616,0.054234793911128933
0.033109207380033936,0.076312910886992352
0.084000306861274812,0.098518077725015918
0.13123573196180285,0.11833657844073235
0.17362874938554124,0.13506398278880682
0.20739918289252404,0.14526383783418709
0.22989842967973653,0.14960451326090915
0.24096884850104416,0.14789991171952432
0.24008501093367618,0.14143002640484392
0.22728213416563645,0.13214883335237632
0.20316389710217359,0.12233737733931779
0.16891458633120557,0.11420209240929048
0.12611789218822914,0.11041235112216326
0.077825212830186258,0.11006290508103442
0.025047353605255705,0.11511764849965199
-0.027495811944477231,0.12303591515164368
-0.076304764553791246,0.13192773530002835
-0.1180938408167803,0.13959795347597112
-0.15008896029280511,0.14393690319219696
-0.17029687416403208,0.14329369036630515
-0.17789635902670925,0.13658451998814625
-0.1725069248108109,0.12417944630972491
-0.15611810556663408,0.10674117850384365
-0.13024168104930206,0.086239855587735351
-0.097755911679747634,0.064947481160541387
-0.062063493497696277,0.04526032184996942
-0.026747687130169926,0.029317649420853194
0.0047872201012324695,0.018663559170559025
0.02983186539740024,0.013448481762595107
0.045789270327001003,0.014727843825598113
0.052266596889604347,0.019468187281036532
0.04839398144123766,0.027342308308104985
0.034830760765469593,0.036146394089424203
0.013072621755131094,0.043404437456384143
-0.014763721482438619,0.046721148135427985
-0.04619979028336036,0.044128335429787141
-0.077363189565600926,0.03455836179549001
-0.10827035360273202,0.017434141063515332
-0.13479901389096544,-0.0068529195020628616
-0.15690959266984536,-0.036600103800302597
-0.17356869091849905,-0.069588300060017094
-0.18400523914983291,-0.1031851013226988
-0.18768627639621469,-0.13468005616290477
-0.18432700455384829,-0.16161720150084391
-0.17449347781147578,-0.18226312359508842
-0.15726352625702861,-0.19483438509852322
-0.13532481878981381,-0.20026523848806818
-0.10838883256733355,-0.19786886104252266
-0.078029651183863138,-0.18859958358948209
-0.046319347335616337,-0.17393848447910643
-0.015644645127699329,-0.15564535981198649
0.011574240318938795,-0.13549125634236966
0.033033303109319838,-0.11594148788461703
0.047840314067967481,-0.096369331008239814
0.054086192590116537,-0.078826523910458787
0.053276222879251912,-0.062258089605547726
0.046890070556999085,-0.046259787367958036
0.037069962398541614,-0.030342149063170232
0.02625919322336295,-0.014118508657068089
0.016775537508962973,0.0025462631145348291
0.011690596767393636,0.019637948785284517
0.0094507735436074498,0.036637130602729308
0.011904494493300647,0.051496143648238138
0.01620393105638589,0.064332372499923657
0.020135513802001771,0.07432072114382271
0.021231448161234553,0.08075459621991711
0.01723323150665524,0.083163118454991622
0.0065305706203805415,0.081390666431882183
-0.01020110359883946,0.075069974231465178
-0.034368533069830523,0.065637528304900217
-0.064272573331188465,0.053501231857329544
-0.097102155704680074,0.039841813007644701
-0.12948082185319851,0.0256425990908319
-0.15772582773285737,0.011775256107470685
-0.17835017526676974,-0.0010554662051466678
-0.18854641731894717,-0.012316181766877172
-0.18787791630068226,-0.021419571049521628
-0.17409747270132625,-0.028255018169447848
-0.14765006041524587,-0.032701802748142918
-0.11132393532383227,-0.034166827654016095
-0.06843342263270312,-0.03218361815610938
-0.022964015012251683,-0.026284391437454518
0.020918008553103364,-0.01610907238764234
0.059365919472708521,-0.0015473821088403486
0.090220597663249177,0.017301408886765516
0.10960625860631329,0.038925077385447177
0.11871490723688172,0.063791614393842289
0.11643099572316969,0.088514288147444206
0.10414687181597998,0.11073043406734635
0.084186739752209791,0.12807837418433921
0.059399490384472786,0.13850700975514788
0.03268781687353315,0.14057576475977851
0.0071067819865749168,0.13462485271469879
-0.016419319019912899,0.11931650275167177
-0.037302817963214843,0.09751741820719273
-0.055639995538273646,0.070387569169725772
-0.072505079779131676,0.040789039781088089
-0.0894256355422057,0.01203037801675164
-0.10794379909913027,-0.012556330224518769
-0.1291574716129654,-0.030073358652098977
-0.15425438177758133,-0.037924143406872272
-0.18090614452475343,-0.036047466089109345
-0.20757375410503007,-0.025066738351982913
-0.23104081032056775,-0.0065784918185000261
-0.24778940102461533,0.016611285493545264
-0.25435396114411163,0.041067176092082859
-0.24790612018733946,0.06321767436375425
-0.22678915138516867,0.079871345989651635
-0.19220931747712203,0.089602057881161518
-0.14386791506252483,0.089967765464974592
-0.085088987125077675,0.080503908468500529
-0.020705589898462877,0.063180235424943137
0.043657212273372076,0.040488413453171307
0.10204648322534207,0.015592090191240415
0.14890103140441971,-0.0081761592269931679
0.1797399972181761,-0.027834793691348891
0.19302062930200481,-0.042135066148841445
0.18544572765967371,-0.04864667610551348
0.16027181934492565,-0.047493031351046239
0.11903420500758984,-0.040219870076715958
0.066262474121902781,-0.029204737658523518
0.007627630349503086,-0.01744007506628437
-0.050763041316591512,-0.0080331777426089195
-0.10312160666614312,-0.0036884178023898406
-0.14337953597125044,-0.0068110438178127586
-0.17015492497869547,-0.017154673170145598
-0.18262027255183086,-0.034461824841938597
-0.18076090620925242,-0.056653193814435523
-0.16666578264592383,-0.080978653698530786
-0.14351087886783573,-0.1042776311546232
-0.1149743448847128,-0.12349127846701477
-0.084626685850377165,-0.1361581802642487
-0.056693634918117179,-0.14136994765974492
-0.031005359773685237,-0.13772472337749025
-0.0087797666384468367,-0.12764233756785492
0.010691773509374582,-0.11215243473613838
0.028645425423361074,-0.094081624442245965
0.046608198012079667,-0.076684455818848293
0.065948073952385056,-0.063120160581712589
0.087482845319092006,-0.055930834098645361
0.11177459999510599,-0.05679054547101825
0.13663132057250013,-0.065629225669215308
0.16222796742088466,-0.080977178210265274
0.18473085705445785,-0.1005296754922901
0.20150957564100352,-0.12089607860646678
0.21025744716326536,-0.1382799544153592
0.20933649151924774,-0.14904648697418868
0.19799199560634564,-0.15027487209887769
0.17696610285359107,-0.14039548724670256
0.14599568109706351,-0.11862712028464496
0.10863451769393273,-0.086973347841113866
0.065365044797540489,-0.047335732660632325
0.018198721699326636,-0.003227255564916071
-0.030791238692480044,0.041262311813505287
-0.079584131687720217,0.08202468694221858
-0.12626151532154062,0.11548600857286058
-0.16955860266146522,0.13777341472617535
-0.20642177960248614,0.14957373733962789
-0.23701070351596576,0.15104999050651705
-0.258088267277511,0.14354433248544493
-0.26795942573638903,0.12949249816327141
-0.26535510808335161,0.11181719800813937
-0.249633387017795,0.093472043677731043
-0.22096802916418393,0.077025332126580304
-0.18067219838680243,0.065273227827843436
-0.13090018240493131,0.057712204458081777
-0.073494379771145119,0.054879378280637527
-0.013366821605829039,0.055839076460424922
0.045066999681408954,0.059407711754127436
0.097373624403782194,0.0642523601379138
0.13954483508255908,0.069142524576335615
0.16841545998349094,0.073124539842550032
0.18144416623352386,0.074297836997277641
0.17871504297491878,0.074094892825768269
0.16173615414490083,0.073501776256393481
0.1320754866809562,0.071581991271894629
0.092897706931104149,0.068225763959273655
0.048043092999802819,0.063178415308889596
0.001603193570036831,0.056087792967078429
-0.042505676668034779,0.046641658099421182
-0.0822141449843833,0.034580734365756517
-0.11265618798469121,0.020381398871652072
-0.13378193782736392,0.0057504114486915435
-0.14385680523068287,-0.0083188112028002911
-0.14316947067400507,-0.019715563528289053
-0.13295817435107338,-0.026016884708019307
-0.115165378309721,-0.024877708580560758
-0.092135549038973127,-0.014503308610103922
-0.066488475722360968,0.0060673347269576874
-0.03975065422137989,0.03562620309479151
-0.015585419989100315,0.073302410708664542
0.0062076595307586592,0.11433109079842642
0.024988115831934322,0.15380074423685669
0.040482443449313767,0.18634486792626048
0.052664910335680375,0.20690582153663345
0.061639679078567447,0.21152870536151375
0.067363950595658265,0.19861185412602908
0.069825281497459132,0.16771154764518617
0.070884955782597792,0.12020090709960479
0.069171520708878095,0.061897705472111153
0.064736762117533098,-0.00061254283822646425
0.057853299845918471,-0.059893402088112363
0.04907548429859665,-0.1086584067025914
0.039249496387248714,-0.14078113303662404
0.028910990972875708,-0.15308838205742206
0.019732769052420378,-0.14246906467865653
0.014646627274535898,-0.11120477961601119
0.013291383927327472,-0.062572049433125845
0.016332053100819408,-0.0026110591423132634
0.02407427624241917,0.061266672675383355
0.036409033290912211,0.1213088279719798
0.0527979565882482,0.17049135813259575
0.073229420693719155,0.20439132950601774
0.095426840450785894,0.21875851865355897
0.1162907033541391,0.21267931589747341
0.13569102460421029,0.18900317222610766
0.15227880815900974,0.15221148123888714
0.16489361668527591,0.10820149093041
0.17265626675332263,0.06333186152744473
0.17503447271904848,0.023439194040622793
0.17057692853949957,-0.0079471002797740654
0.16133659665921232,-0.026850156882820594
0.14839574380121476,-0.033460172603923782
0.13203040555307044,-0.02938151770784701
0.11316409864682833,-0.018173080964961917
0.092737812244150522,-0.0044541887151878295
0.071665839469462506,0.0069648500176636543
0.050825566940613041,0.011967560654163845
0.031631879645681919,0.0088118287057085774
0.013906996576102693,-0.004605076566392247
-0.00057520186662646353,-0.026984798176041502
-0.011566346252447684,-0.05489409409297407
-0.018196894907138463,-0.083633093926023347
-0.01962128611592108,-0.10783045730892708
-0.015177579313647379,-0.12236217383986168
-0.0045942524644826998,-0.1232602512527166
0.012353542915082094,-0.10938920240674109
0.033886586423929756,-0.079183324135523286
0.057409862078903438,-0.037363774397125842
0.080838909593801536,0.01272198525446269
0.10103419447847992,0.064760576059709613
0.11472649409627624,0.1116547612456678
0.11898667191667567,0.14658167307233402
0.11172666373055418,0.16406276167995437
0.091589983910475403,0.16180181573643451
0.060295969554690257,0.13768209067611159
0.019968204695201865,0.095815177359755282
-0.025128761034270908,0.040474161265859177
-0.069870799909439327,-0.020956572313988724
-0.10872272208531659,-0.079931679283886295
-0.13648320199273359,-0.1279912733828103
-0.14903112568829155,-0.15804170453129332
-0.14377201530544759,-0.16454229170458831
-0.12052617213094086,-0.1471329492219407
-0.081990440788096003,-0.1095829208176477
-0.031553335444771437,-0.055874998537484774
0.025261528868211425,0.0062300818974452589
0.082054177644519263,0.067631321790950688
0.1323786480699766,0.11925412337829829
0.17057759524067759,0.15343019994110887
0.1911996630596064,0.16525757265211094
0.19453660360218467,0.15278524807246915
0.17861388905486261,0.11769554515968519
0.14718806168558579,0.065425917948153167
0.10423423675175629,0.0037621606431044751
0.054615880501000524,-0.058168983770588899
0.003406684033745709,-0.11128574552213219
-0.044730015809314266,-0.14791178214004946
-0.087315608408166615,-0.16197292549703801
-0.1196626267223441,-0.15307092419193505
-0.14089604502195516,-0.12233659363932364
-0.1504691859728047,-0.074750304700113304
-0.14906466956867478,-0.01736501708540962
-0.13813266168165958,0.041619459759092377
-0.11959069113320336,0.094083080286996773
-0.095553725362392469,0.13313237507585166
-0.069057841929911282,0.15455206297009658
-0.040580888372825592,0.15516611217880383
-0.012348062388592656,0.13645492141568227
0.014308745702270358,0.10077347051090944
0.03794051917677789,0.052915761237711231
0.057163390341410172,-0.0012552518421998944
0.070720113393672249,-0.055694069493981938
0.077609127915804502,-0.10498907074973449
0.077446229621288179,-0.1448059478926077
0.070174849420766863,-0.17260408095695332
0.055871509700407156,-0.1888077429552473
0.036790773782682216,-0.19305778772582197
0.015361999747235794,-0.18710095298398524
-0.0054745022670692001,-0.17340772283159459
-0.022601494954259164,-0.15469872217792219
-0.033129678300710293,-0.1335358184712391
-0.035738585073000373,-0.11296403563374388
-0.028043889740494328,-0.093391049743274612
-0.008917024820445027,-0.074687782907620445
0.019370502506412934,-0.058394190845662247
0.054278174996308215,-0.04489678039456356
0.092399164810801501,-0.034511444432366242
0.12992941702621491,-0.027583918902605201
0.16320551263363658,-0.024506704979850413
0.18941198522230335,-0.025464074905184108
0.20677587406911208,-0.030648068699215991
0.21297089464794219,-0.041191942344754449
0.21029765279358018,-0.055469642126353302
0.20090493318632713,-0.072297421105702198
0.18768280449709296,-0.0900684451988263
0.17374827446619004,-0.10691219207892008
0.16190622797337434,-0.12093371963023403
0.15473078084300673,-0.12993824119537903
0.15207102223401964,-0.1339871114038157
0.15443601741277521,-0.13132842923965127
0.15960739246526409,-0.12353814938464552
0.1651279330094505,-0.11194422956140639
0.16820899892024066,-0.09834145270372685
0.16625208906890487,-0.08469437199465861
0.15734070490393734,-0.072803660784741986
0.14117700622948373,-0.064178288980330428
0.1171263204241909,-0.058830712052233773
0.08773603059774393,-0.057842878147202216
0.055055465745219058,-0.059085489662956216
0.022453253785150937,-0.06078468315181372
-0.0064156363933833742,-0.060905102952050684
-0.028145272391168596,-0.057508133300734655
-0.040089802491517688,-0.049098795888413697
-0.039473108749544163,-0.035089542160736273
-0.028056960706985455,-0.015614679630324141
-0.0077403718623176177,0.0095361771657627159
0.019384878455224363,0.037467437628986196
0.049856436845421653,0.065679347944563815
0.079871460919941295,0.091482498161226736
0.10579233811275218,0.11235724048884081
0.12460694466333069,0.12627653260163499
0.13297914620659188,0.13250291652863258
0.13199076703342719,0.12943192624427388
0.12196531431280291,0.11887337703080643
0.10412371238404269,0.10089728269369744
0.080510943647698216,0.07716971262078394
0.053463874875012633,0.04980530201741247
0.025282025914424876,0.021104846365823212
-0.0020308403212911654,-0.0067104209946276536
-0.027848630242383182,-0.031175067875604145
-0.049240263714394848,-0.051788011772534406
-0.067541759580113672,-0.067337563032519546
-0.080887401159432062,-0.077803990000918907
-0.08908610116207874,-0.083422629117928263
-0.092269191731635239,-0.084734595586172815
-0.090846303377676421,-0.082439067579906225
-0.085481789607058573,-0.077259793811609495
-0.077275289248150761,-0.071144584111504178
-0.066671362197355505,-0.062909930306623688
-0.056883376091955276,-0.051920248200676637
-0.047959820085570475,-0.039471369571205658
-0.041409012130213675,-0.025986352269014735
-0.038771868557387151,-0.011990279721204818
-0.041417496954886099,0.0018712731844337442
-0.050290934890292786,0.014854348964610947
-0.065102118067239936,0.024882093826338898
-0.085791394943385904,0.033065906037360968
-0.11193227761013771,0.039372158843968559
-0.13995089495376667,0.042940275098759292
-0.16646372669120535,0.043667909240967522
-0.18772521747180904,0.041661916961348744
-0.20010453782297755,0.03720891708279514
-0.20059787129175319,0.030714685151327008
-0.18822445518304337,0.022069154862394517
-0.16114168719717567,0.012482142629336196
-0.1204105286289948,0.0024120654059580403
-0.06887696085573107,-0.008140324831828907
-0.010560424951119444,-0.019153577051227753
0.049628604806617606,-0.030716677910469635
0.10650019782959121,-0.042934019018914978
0.15525176303719751,-0.055808097051030493
0.19227501461177179,-0.067826987326268059
0.21528609623322961,-0.080182470874772108
0.22249769337309053,-0.093053186565137738
0.21619199353398152,-0.10428901429404565
0.1992033896257808,-0.11237572425242524
0.17535205771186096,-0.11568411564463975
0.14882115278928612,-0.11269891209793717
0.12350423720629515,-0.10226768183947653
0.10149937953921484,-0.084757158035445132
0.085927401953780819,-0.058989699201994324
0.077143117544059905,-0.025919929698836976
0.073862882550192549,0.012467913216331261
0.073799319167895353,0.053653108398298142
0.073960293631949448,0.094658585014961424
0.071251896232740655,0.13240818582825997
0.063099069824768692,0.16412631778351916
0.048535697198370538,0.18716280474062572
0.026398807132974551,0.20108380642017173
-0.0010356849410943106,0.20658012062114892
-0.031673385302867153,0.2042058297762839
-0.061796036563475217,0.19598683102846018
-0.087179380836582873,0.18452609935566036
-0.10377323812309741,0.1725590962897541
-0.10839102218513376,0.16247392434060537
-0.099109291076553155,0.15495007542975633
-0.076491891033519249,0.15200335107997523
-0.041766821388089286,0.152500595817365
0.00063838347245986178,0.15488162172017703
0.045639815018832464,0.15645374379984103
0.087648113739777878,0.15403098328129411
0.12137206889144876,0.14451236377458063
0.1425958059391487,0.12549200021178844
0.14825286396029927,0.094499664039854783
0.13835511641043768,0.054044767112505748
0.11632435291547663,0.0057962855089221475
0.084343691657816827,-0.046190203285911904
0.047286931996099506,-0.097024167237871661
0.010709446898014624,-0.14143856280229056
-0.019968026072093702,-0.17451935463324572
-0.040254981048642363,-0.19240755237912335
-0.046687667511408813,-0.19267840978079778
-0.038784380326608768,-0.17552422205037516
-0.019408913702540116,-0.14188630151338258
0.0098380849766260877,-0.095961115324226048
0.044639535151826074,-0.042659738541031313
0.079910278406208443,0.012499933767240406
0.11054519383451759,0.06411536584061571
0.13214673056244047,0.10757118463298504
0.14254792656294524,0.13900879081664932
0.13920553862010304,0.1574298982545479
0.1214069640416337,0.16350917327887077
0.092207999182530767,0.15817392373351175
0.055061069014146848,0.14404460723876672
0.01419823478314427,0.12441284305698
-0.025977901706077403,0.10274346159165337
-0.061472634502812748,0.082223385332000631
-0.087866376068760479,0.065233883849682109
-0.10515967372751482,0.054243689500823422
-0.11267892742663421,0.048322821488432775
-0.11079033916817922,0.04910515019509739
-0.1008620165066796,0.05622566406657882
-0.084748020752747552,0.068787388967905913
-0.064460831216206382,0.085545942358502186
-0.041904970707116018,0.10507362081382064
-0.01963587379844051,0.1256949097238555
0.0023086428958273911,0.14664922292199384
0.023526882724273512,0.16468482585028787
0.042645724457020986,0.17995489218435423
0.058875480917837904,0.19130870463516714
0.071380918357855469,0.19760533553945303
0.079281323133237241,0.19779693120847369
0.081734094138430149,0.1910751464110205
0.079014951646773773,0.1779823537447815
0.069719148429791863,0.15748295995835138
0.053024679081542382,0.12993920782439775
0.030884884414465581,0.097658576933634819
0.0050279531628378334,0.063140455736344442
-0.022266926876773889,0.029405996793146948
-0.048449404914293177,-0.00034964455912750355
-0.07107009083010378,-0.023180067094517948
-0.086885860082652144,-0.036262999577105798
-0.096892763274570318,-0.039675203917099576
-0.10061715169426118,-0.031594180652195172
-0.099552736885965318,-0.014967715772214604
-0.095878546113644936,0.0075056015929169263
-0.092282992992490376,0.032459085811450815
-0.091484883914356788,0.056340672345466976
-0.095714992267117063,0.075923327445757555
-0.10495098648120324,0.087835872938584039
-0.12089199520933651,0.092498975704706166
-0.14315139539871594,0.088413744353061777
-0.16802373575490051,0.077902602368382937
-0.19169583889852929,0.06320765076370026
-0.20986942182130178,0.047002246978832735
-0.21843148808702403,0.031931194569140613
-0.21414137676632131,0.020183344657504265
-0.19652096197074814,0.014462116766332701
-0.16382498156984457,0.013378587076265443
-0.1176099693482324,0.015877758277729186
-0.062340585465246658,0.021158672751569178
-0.0034101305043118457,0.027413880027866173
0.052978822115739732,0.032719136004989637
0.10063550144917693,0.035352481413551719
0.1342267551051704,0.034043387980443242
0.15131767562801379,0.026817313542675896
0.14822260120440717,0.015940368684658042
0.12617774578679625,0.00037930109883190346
0.087850736217926134,-0.017825303893781837
0.03803640575745694,-0.037536143481807303
-0.017213723421261547,-0.057781122763542948
-0.071466150651359112,-0.077836664762658186
-0.11883712581288522,-0.097190831525580293
-0.15502223707498991,-0.11596107517996462
-0.17707532948927063,-0.13229279609153516
-0.18563793543674195,-0.14720793651447975
-0.18213535706682227,-0.15788041260409275
-0.17040595613903992,-0.16252816404953016
-0.15542760997918792,-0.15933505549908294
-0.14240662786927971,-0.14677504044382231
-0.1358219974996413,-0.12399046523990478
-0.13728694207708692,-0.089854471485540419
-0.14976522550522708,-0.04790620909348272
-0.1706500955910647,-0.00049088642138162767
-0.19690712839097313,0.047998259110139246
-0.22318744966418597,0.092624293894827028
-0.24324319463844291,0.12830958135094439
-0.25099219773720649,0.15052151720101875
-0.24161682029933565,0.15595317714781753
-0.21121548392052925,0.14253231985381956
-0.16235813856646841,0.11193399178329733
-0.096828340392273518,0.066126828109765251
-0.021864349114295679,0.01059988142971777
0.054383148390132384,-0.048370452341854893
0.12305443196140491,-0.10393520820430371
0.17585358142566446,-0.14953316382410117
0.20626669475187731,-0.17971558069518775
0.20997939754198039,-0.19063121370304281
0.18699845808422569,-0.18104622852700938
0.14199701791228858,-0.15204768802778482
0.0795013242135479,-0.1064411530333738
0.0075059781699765666,-0.048899754701332385
-0.064947213212500646,0.014854184032137903
-0.12903061362156559,0.07876489421003334
-0.17733770114689043,0.1371349431039785
-0.20392829277540794,0.18427271190659389
-0.20791275246080787,0.21824055038078416
-0.1915079319341623,0.23667845730641551
-0.15764174683602614,0.23941815691711785
-0.11225419693738144,0.22729761028464709
-0.062428406667649601,0.20204918268272556
-0.015349559178602694,0.16599384514857776
0.022671405141968488,0.12178374764098068
0.046410975737385472,0.073523083875637302
0.053865680703560244,0.021753206201843064
0.045871419863690067,-0.029123866318102407
0.023069180560657803,-0.077389176837265858
-0.011426220467822819,-0.1202549665570635
-0.053544393973497306,-0.15487350521554433
-0.098885718259244346,-0.17854999694736573
-0.14327674862208792,-0.18907183827639831
-0.1829917668774266,-0.18491552985832596
-0.21606519065327387,-0.16646408170865629
-0.23889485514661304,-0.13433926391943241
-0.25202833390429608,-0.092197569289801565
-0.25526499274184727,-0.044477799912707977
-0.24874947620472337,0.0035043420109879689
-0.23285006716272685,0.046218773932796775
-0.20815031693395011,0.078692533520252128
-0.17684354943227643,0.096711034629606341
-0.13871068859894867,0.099714196792726556
-0.09420070629029767,0.086867795996579122
-0.047426990329709096,0.062113114189969537
-0.0019059347772794732,0.030271741680234707
0.038406294422328541,-0.0027445644456043777
0.06954464688611238,-0.030847168190415344
0.088082859128957788,-0.048736914375089292
0.093007014083239012,-0.051468945209319467
0.082030402224290311,-0.04011253995690247
0.05482885196674106,-0.013800538500846869
0.015999651191280963,0.022307489616853492
-0.029409853982820883,0.062676521612034616
-0.075203082113402195,0.10095954376702053
-0.11486876826865645,0.13097141449369504
-0.14253106601827489,0.14761825392082953
-0.15516230280480817,0.1474517576821705
-0.14912668203985691,0.13020105827126086
-0.12350842597107783,0.095420105091163915
-0.083025912944774474,0.048104534566530036
-0.033398986207444331,-0.0065934022186308226
0.018190971428121937,-0.062841861727057066
0.064203815364059127,-0.11493497548477921
0.097938147191705002,-0.15800265197334917
0.11444455599122226,-0.18796996659182039
0.11206110074417473,-0.20361436719118634
0.091626524604260642,-0.205319183707182
0.057517862853988334,-0.19360952235921031
0.016295715398859233,-0.17058967852814644
-0.024151601099496146,-0.13897433299946307
-0.055894959106186595,-0.10170102351225652
-0.072290453683408973,-0.061631511617733475
-0.070053663274588271,-0.020818712963403676
-0.047172636828965199,0.017141212148399903
-0.0045126500189340097,0.052107588452092742
0.050814031828959931,0.080705588697705832
0.11059433956259296,0.10114124889940547
0.16546159408082808,0.11195579532705717
0.2063505474425347,0.11212744563707108
0.2259342464736295,0.10121658654610464
0.22037148735926296,0.08045418500233778
0.18765327326469977,0.049767578060041895
0.13282973158158884,0.010688068712066318
0.060991905242408086,-0.033190542781960632
-0.018796320770783838,-0.078070235684997102
-0.096084607014672974,-0.11973253775181161
-0.16055158541825718,-0.15399862782206258
-0.20351396391783105,-0.17725149405882731
-0.21901077257255544,-0.18564417314066423
-0.20511154441006291,-0.18017887331319823
-0.16452523776327482,-0.16098652967949417
-0.10227933270495608,-0.13070162768779356
-0.026778370697173839,-0.093080581870499932
0.052016600699449092,-0.052705294495345383
0.12406011935573752,-0.014378625035603682
0.18067237733739722,0.017512392253424439
0.21704297473919795,0.039753950497255511
0.22809255834152806,0.050375430762320088
0.21618225440839317,0.047764057320831332
0.18428515894029859,0.03419826359968936
0.13899478926808698,0.012322242497948964
0.088491247997571479,-0.014388827251444556
0.041227118684232927,-0.042179983750858192
0.0046158459208181521,-0.067567071711688076
-0.017000137592540737,-0.086504127195817765
-0.019601365138264635,-0.099742252288691963
-0.0048586755380949009,-0.1047435709996027
0.024323327834619483,-0.10371981376443205
0.062163989811514574,-0.098278170656005998
0.101555038008093,-0.090348051749370731
0.13523673002599687,-0.081824857805072551
0.15696735299202355,-0.074292459673276023
0.1612030326371606,-0.07016199313855187
0.1482836648030264,-0.06809046553103229
0.11943997301220374,-0.06825213992019255
0.078338984399672684,-0.070682377029638713
0.030621822684692726,-0.075239116451617211
-0.017234787457654107,-0.081915040018473384
-0.058973484450907263,-0.090862728564981357
-0.089539980852852696,-0.10230711352178165
-0.10454222757418069,-0.11692254477133415
-0.10484772432348739,-0.13344902104094453
-0.093678236619307506,-0.15201329564119911
-0.073326571983877209,-0.17054799806395204
-0.048681182422569642,-0.18702331522394722
-0.0250911407484566,-0.1991053292079005
-0.0074911650365712176,-0.2044968086276415
0.00036804853475116311,-0.2013536472164453
-0.0022362392724449625,-0.18888757071819787
-0.017795601183912199,-0.16747222068721013
-0.042429039794021794,-0.13696593876194627
-0.074343057672973056,-0.10180461237142896
-0.10926961942549325,-0.066117895569422117
-0.14239688689178392,-0.034494155147764882
-0.16904909292301662,-0.011319149185151913
-0.18530961180528402,-8.5946997752059989e-05
-0.18757279638332644,-0.0037153575067790873
-0.17568287934005902,-0.020782340591723264
-0.15164959658245769,-0.049725115401763414
-0.11582784967502112,-0.08637061721495061
-0.070925157829220445,-0.12539702707466632
-0.020311415682298398,-0.16086130658890432
0.032398683203203868,-0.1870248949882683
0.083722881664969551,-0.19916683181050104
0.13041409936019563,-0.19555741739253463
0.17035521146999624,-0.17346613784539819
0.20144644979867118,-0.13372919417075763
0.2227325693748318,-0.080330114035186653
0.23358554616138988,-0.01838864002194153
0.23378643925390177,0.045979014167900817
0.22345107973661626,0.10647917916884056
0.20300536196497912,0.15746016805823465
0.17191282425595386,0.19479827098001995
0.13365281837531642,0.21553807024853397
0.088319165764463387,0.22002824188932071
0.039166484430455333,0.20910373070168331
-0.011236518782945751,0.18580161934633702
-0.060244817861442937,0.15427480712462902
-0.10533571304009366,0.1191454755172139
-0.14432018058003312,0.084846296710445329
-0.17572433241511901,0.054863997215199994
-0.19846676438289854,0.031686336847434
-0.21160241238777661,0.01770653546598519
-0.21630916401731579,0.011694993813617953
-0.21386111245769351,0.012302082140148754
-0.20599902370406112,0.017534864062676278
-0.19469639319415863,0.025215289161851541
-0.1819103001677311,0.033411182317760517
-0.16879547566272857,0.040213378154786095
-0.15756297061702285,0.045467467386360823
-0.14860671025535896,0.051049518334358404
-0.14237251503828327,0.056326821757960936
-0.13854011144686443,0.062361808517679612
-0.1363105701338497,0.070316687535928166
-0.1345638658519645,0.081140374926234451
-0.13204473222919755,0.095298695734117297
-0.12810391261816512,0.11204037593430047
-0.12131180936468693,0.13125696504515896
-0.10931607802487336,0.15154879180914074
-0.093302179720098508,0.17073945003409993
-0.07353477630702554,0.18661660426696203
-0.050585382238905255,0.19705955064035954
-0.025241645638109659,0.20034869066944525
0.0015861366927927712,0.19542421023707846
0.029132360546469362,0.1811288407694141
0.056487314577014655,0.15912756669144465
0.081543461818507287,0.13250955213468829
0.10457984268834566,0.10195595521313465
0.12500041987047911,0.069817823541288515
0.1422345189055701,0.038549195980096457
0.155723653981646,0.010433893779598772
0.16492827940095597,-0.012653682226173552
0.17028272445697265,-0.02812478111579772
0.17037835591573233,-0.036945972595410992
0.16335650527584025,-0.040710320879354535
0.1506299317651113,-0.038632079508109707
0.13260577826618924,-0.031598665186582234
0.10999343787478161,-0.020721066279789223
0.083793733875600226,-0.0071875890567614188
0.05526451551155484,0.0078527502264854696
0.026047420682798458,0.02243582194071202
-0.0030042579614356483,0.03728887937580224
-0.02848635172672366,0.050709987829741995
-0.050436220983135757,0.062754058338616622
-0.067715642615118948,0.072880547283041178
-0.079379873520131095,0.080495928553442953
-0.08475875439660091,0.085009506967663198
-0.083537826293657066,0.085955176975867562
-0.075640329187406666,0.084452579018698154
-0.062357169119276717,0.078820435223520544
-0.04290639949478918,0.069885556428175011
-0.020264621325330339,0.059203258952050905
0.003662149605398045,0.048756145940708838
0.026914526428054961,0.040907917518871864
0.047651521034301841,0.03803276435283718
0.064300775770426699,0.042058124781757231
0.074374280579290145,0.054185985258994665
0.078839943854813591,0.07416538399330376
0.078458431527109795,0.099000089096106011
0.072411450779802058,0.12655903654213344
0.061107296629718845,0.1526270623712796
0.045190515614140989,0.17237507820831455
0.025485772430068738,0.18109513694054977
0.002957486184361327,0.17501542082192423
-0.022240434010464095,0.15261269328007154
-0.047420643870745509,0.11362398547160983
-0.071732565296959566,0.059030364735821288
-0.093555157775047124,-0.0046893093739422574
-0.11155526850585609,-0.070564634092080192
-0.12460534072423855,-0.13074240112059377
-0.1318915046844332,-0.17759443215254572
-0.13301421578802583,-0.20485977794173729
-0.126767476001102,-0.20882552742095847
-0.1153553059286804,-0.18841280383931164
-0.10144407743833372,-0.14584475681579853
-0.08515532750158239,-0.086825105874696593
-0.068113012524045793,-0.019233041603453981
-0.051970163754068127,0.047769746110142446
-0.038212299337956952,0.10502883751257414
-0.027967868497230097,0.14470270835967186
-0.023153347262544748,0.16231062353141432
-0.021708981671995888,0.15426284142635455
-0.023536145792864283,0.12175012367064043
-0.02719332697554416,0.069452406233406178
-0.031176040670970649,0.0044991216760114083
-0.033941415958578941,-0.064416286073892173
-0.03410389353596964,-0.12832138329100126
-0.03058645931713248,-0.17926467667936608
-0.024006449565575527,-0.21013353589468911
-0.012269125454588057,-0.21984580163365308
0.005029638304249834,-0.209215700344419
0.026899409111004344,-0.18098997029199193
0.052561687668992593,-0.14073788712162444
0.080957051212582676,-0.095325018629117159
0.11079639917723377,-0.051794307936942383
0.14059591923093923,-0.016282229183165641
0.16962899067041176,0.0074159199145277955
0.19484630395389191,0.016598656053543621
0.21377533760259393,0.011054991695787157
0.22512686194129042,-0.0059422744520231411
0.22727379634247052,-0.030028592754555782
0.21898855171321902,-0.056013258535661498
0.19963950625838561,-0.078776392682976787
0.16937333440814967,-0.094092157430598844
0.12943341398662125,-0.0990657971247038
0.081488833921993103,-0.092819978052945479
0.028748527178259944,-0.077603413799403914
-0.025374715065176998,-0.054942760136561727
-0.076821326515747287,-0.028396673778971218
-0.12143869367243643,-0.0020123235244247067
-0.15539807762008398,0.020319013939682055
-0.17560667454897014,0.035428931257615474
-0.18024381476005713,0.039980010945145993
-0.16865034544447974,0.0348414710904267
-0.14033049416766205,0.022135781422791961
-0.098452947072722161,0.0020972487673685137
-0.046370109245579917,-0.023086936323655088
0.011813474176569165,-0.050965981133564361
0.071660215320309598,-0.079194056087172213
0.12882378757435517,-0.10581388711999998
0.17998327059576827,-0.12960261814784685
0.22109596605594453,-0.14913261385202439
0.25034321675078602,-0.16537040625272989
0.26629846732643181,-0.17721314713801045
0.2687548435140113,-0.18470922882517435
0.25842894715281189,-0.18800807747301021
0.23678418038612156,-0.18728187546136862
0.20582054285505311,-0.18270870041096599
0.16730527220609956,-0.17581240212003524
0.12449591027192385,-0.16536315479885458
0.079974500050489616,-0.15039290945519851
0.035854831302066618,-0.13317621034537527
-0.0058294445318220504,-0.11503212316487271
-0.043358503910398957,-0.097516522275378936
-0.075347685771933279,-0.08223107976637635
-0.10075312938387525,-0.070570555164527121
-0.11979839559500935,-0.062523911011704777
-0.13024759555128501,-0.059793744169199962
-0.13402919036427355,-0.061293090227343049
-0.12987715777938766,-0.065770480910554097
-0.11832631952223141,-0.070956401282296105
-0.10043988024082866,-0.074038755232578302
-0.077770788973103744,-0.07209756720710532
-0.052255948261646958,-0.062620480762250463
-0.026238287126215648,-0.043826713108784374
-0.0012987481028352678,-0.015919195069001777
0.019270573867040793,0.020622879493682283
0.034964483301641619,0.06233730931745602
0.044813153788134573,0.10513526828579592
0.048368004006402156,0.14428957216613833
0.045711622977977359,0.17513035893135534
0.037421735607776174,0.1937849999969643
0.02356993537892026,0.19691361069241134
0.0064823963392982983,0.18553477936408466
-0.010714076494999473,0.16085599560942973
-0.027876937703182419,0.1267689364063036
-0.04363620446586116,0.088386447622989098
-0.056770451737872506,0.051495144225654391
-0.066268367955135687,0.021696438718144931
-0.071372338766762938,0.0035558816135180886
-0.071047842946069181,-0.00065990913465275517
-0.065536957416025082,0.010235571342046366
-0.056607983725394342,0.035730119506952936
-0.04313603834921019,0.071016894929448571
-0.025540761260937302,0.11067053665812283
-0.0044878279543738454,0.1485138341098452
0.019124500997190489,0.17851499742067442
0.044192380046414619,0.19565123792416439
0.0696328877601496,0.19605340375330763
0.094213353974345229,0.17898812718562016
0.1147769149416008,0.14723018893592593
0.13147403263087928,0.10245113028176449
0.14327130850389966,0.049191510853841852
0.1493341497624083,-0.0070936647067719114
0.14913268411946315,-0.060785483198490829
0.14255515221773166,-0.10682826858253595
0.12945109568259092,-0.14114127132440163
0.11135918226981524,-0.16185070731251414
0.091002848381786849,-0.1674999795405693
0.069376428834737588,-0.15967384368551282
0.048702322122847322,-0.14062051231016312
0.031274490295955137,-0.11334660712949328
0.01917657012891023,-0.081122409597236864
0.01398680622438323,-0.047036899339924505
0.016702625787491581,-0.014222693983626643
0.026840591437592098,0.016241478947375335
0.043549724299428529,0.04335160115676976
0.064534494501867642,0.066405341169264054
0.087007140963288251,0.085292951300811812
0.10784181290238476,0.10011373782652479
0.12397566698818106,0.11101496454829772
0.13281358962689915,0.11810358654590858
0.13202029250267516,0.12237037769001249
0.12179858994536694,0.12289815009196364
0.10222037581509735,0.11831070320585232
0.075062965009952742,0.11054693830874582
0.042736999724009725,0.1005988295653469
0.0081476588707858118,0.089772176277262111
-0.025672991875452859,0.079559445833303891
-0.055920954765851544,0.07143380146471387
-0.081239853958806993,0.067153666244359547
-0.098806469307827771,0.066599592945021505
-0.10725879820337922,0.069594978750320835
-0.10718186870909152,0.075503185742509693
-0.099329383461237222,0.082821762589774708
-0.085003875043405702,0.089573250284627676
-0.065850666654203485,0.093623437845408233
-0.04365607080729552,0.093062746325114978
-0.021103704684803062,0.085286263413847388
0.0018291322227285583,0.072341215060751002
0.022833294019971643,0.05287928628975732
0.041509594873487224,0.030245211671401699
0.057037466275478496,0.0071450778557766558
0.068700864512752119,-0.013461396494948987
0.075893949562942917,-0.028819640559014884
0.078169970299328692,-0.036817296737055055
0.07662346106096779,-0.036513338194640699
0.0696855487713538,-0.027982287076028556
0.056891908039244363,-0.011237101033970536
0.040271503699835627,0.010369062978349627
0.021455987139927669,0.033723426477537656
0.0024840546472479708,0.055463426053930724
-0.014411417457835196,0.072432508976169541
-0.027082359432690481,0.082085653909850856
-0.034696521925930326,0.082973291396897936
-0.034658630418462455,0.074176568498733747
-0.027165318716948959,0.056483926470224904
-0.012644408961231953,0.031099467894722468
0.0073156832703020324,0.00013936196144972323
0.030358485238242781,-0.033839177579977238
0.053712181414516245,-0.068136453558594628
0.074634949935479727,-0.10017839456177331
0.092176114963008662,-0.12679590414443445
0.10327014966749053,-0.14734025050014093
0.10667475626274378,-0.16164559565116726
0.10437535009362217,-0.16793482290337725
0.09855693217608083,-0.16577315996526085
0.092145734675544544,-0.15510431603999986
0.088259023672449241,-0.13622889584899617
0.089578912895910273,-0.10980732083487099
0.096461538263237237,-0.07632718199159684
0.11091567530199149,-0.03792288243958316
0.13195372732104182,0.0028708348910479881
0.15590273250258263,0.044408603342744761
0.17832348527997299,0.084238593381030694
0.19410870870321076,0.11982269341531208
0.19832616663811192,0.14875981473229738
0.18711904756233885,0.16904310639137887
0.15906810562942153,0.18061065122584066
0.11371766779422075,0.1811225388779299
0.054547244394695424,0.1705131590447265
-0.013140242666237999,0.15075836867958498
-0.081984404391481358,0.12420657465013185
-0.14372088472347652,0.093868736464542649
-0.19037357868466148,0.063040208538193698
-0.21549057063063198,0.034862559482244863
-0.21392699084474182,0.011706203476519298
-0.18701278902934934,-0.0045885009533105751
-0.13837622701456515,-0.013348866920141067
-0.073886215512737941,-0.015529173199773318
-0.0023719403780703484,-0.012962846077525798
0.066158767076481578,-0.0082247675289648606
0.12196437994017943,-0.0041846789457551416
0.15701241034090752,-0.0035085174049062939
0.16600787821664079,-0.0083754464821442359
0.14778140706080323,-0.01927504688620681
0.1051098481344433,-0.036749266960197889
0.043943608827530782,-0.058680758452359774
-0.026890651259750684,-0.082585657047314909
-0.097171451309699175,-0.10547161207794256
-0.15677823467335633,-0.12434374481210136
-0.19715514697430708,-0.13671820060209858
-0.21122153949359518,-0.14013025220811687
-0.19857300723450219,-0.13602075832284244
-0.16127613070443436,-0.12395231490477206
-0.10376881690234542,-0.10726270225675225
-0.033575665213331697,-0.089071411630222669
0.040401938332875212,-0.072706480753617048
0.10916969817954318,-0.061177762720512313
0.16485060982509325,-0.056708939845392659
0.20071573710298282,-0.059844982204512676
0.21536784745376999,-0.071458403273268647
0.20702404206832753,-0.089272215548677869
0.17904175185561255,-0.11155880333180197
0.13567019690736329,-0.13530882572051237
0.082172924707265782,-0.15721577255800956
0.024019433766558233,-0.17413457741042185
-0.033792067230216875,-0.18350173467820433
-0.088487531738300915,-0.18458459768509058
-0.13479465603889743,-0.17493799068289564
-0.17236638607556337,-0.15705264216358417
-0.19905519964606977,-0.13087119552129664
-0.21444144205098717,-0.098542459281962605
-0.21869143859790952,-0.062842893147545542
-0.2123909580096672,-0.026825030314883633
-0.19646453875599387,0.0065531849748834579
-0.17162783253455449,0.03532182756915879
-0.1408651918910207,0.05684253589832685
-0.10447658567709249,0.06996700381648488
-0.066724600061661074,0.074740115490711453
-0.030893540821548441,0.071842102921886461
-0.00034386487587592478,0.062586165419998827
0.021818567980822632,0.048661823716225606
0.033121846598165069,0.031852967316499475
0.031911841717852316,0.015073890687279493
0.018611294804948678,-0.0025061494841730988
-0.0068124409318198447,-0.019626523848920694
-0.040573704606025593,-0.036320614484090588
-0.078699078209529955,-0.052692179455035036
-0.11653824238076399,-0.068921011157704465
-0.14930933006382685,-0.085075559722710165
-0.17267596293770343,-0.10095721908324469
-0.18308779775478673,-0.11582291504952429
-0.17927086132567807,-0.1293438004650441
-0.15900633068925241,-0.13899991613313467
-0.12502140980815252,-0.14454017813034148
-0.080066925196895733,-0.1447871709903846
-0.027825177130669301,-0.13875764574588725
0.027554924364150045,-0.12585634011471777
0.081925734059412614,-0.10603683964556804
0.1324744883853001,-0.078973532681768446
0.17515978561260789,-0.047558875264840456
0.20621696722055147,-0.012720836722542242
0.22586246892141909,0.022518051331079952
0.23390268881335077,0.055588073708785102
0.23087574489499815,0.084083846276081078
0.21786949121434698,0.10599882801976993
0.1963502251886757,0.11989576234768748
0.16746978549302827,0.12555151781850959
0.13376326178899975,0.12155252892769504
0.097836577535413471,0.11025668276189413
0.061075471142695063,0.09105368180031824
0.025403226091675737,0.065088792256325717
-0.0073257214171645896,0.033866309582535691
-0.035402962892901249,-0.00086091094220212925
-0.057369948469206844,-0.037202511575241695
-0.073435014170721083,-0.072307666593653674
-0.081408279298047698,-0.10569167325536087
-0.079718097600926435,-0.13571834681084671
-0.070374821682027522,-0.16073888504076769
-0.05475436909486809,-0.17949716714555006
-0.03478411476109404,-0.19101440013926468
-0.012763021042415593,-0.19467455335694925
0.0088670088746401147,-0.19031715325004672
0.027956117855180946,-0.17776513414487582
0.04228766445561459,-0.15879362021884186
0.050192427982596918,-0.13512089503520822
0.05109454961759801,-0.10866042132463595
0.044958118468295234,-0.081837019704335059
0.032430099108978289,-0.057179216167669841
0.014721922409293693,-0.037053890408715068
-0.0065638453042184729,-0.023390809377464253
-0.02981921335065954,-0.016880501409235912
-0.053401276880724879,-0.019083180550860373
-0.073952745840221934,-0.028079596750131997
-0.091661789218618006,-0.0435654098078068
-0.10572399718184587,-0.063490536740802461
-0.11560886293564368,-0.085234811116628409
-0.12100053359378855,-0.10595582727027096
-0.12172945377895222,-0.12298611384550955
-0.11715673577913455,-0.13477430019311062
-0.10780598441866782,-0.13940362258708205
-0.094858467621158696,-0.13602932633558301
-0.077352794694120014,-0.12615344115755692
-0.05536873872528273,-0.11168151349272473
-0.02918801210169443,-0.095176720444368937
0.00062224454889147013,-0.079453789610848022
0.033148218716679521,-0.06713326038196317
0.066179205831317173,-0.061154896277621225
0.099960727488455164,-0.060860206152834911
0.13065449899913856,-0.067695460479484618
0.15783500711510187,-0.079438677343756717
0.17967154848659822,-0.094052207781358477
0.1943942365325842,-0.10911441616210869
0.20051269394478574,-0.12222489844082703
0.1970562480326257,-0.13138803395408261
0.18472275781553085,-0.13512760493661255
0.16255789597534853,-0.13350201452661883
0.13312241529076527,-0.12619617205625139
0.098204426782937171,-0.11512720117971839
0.060935250550685299,-0.10213426874545492
0.024910198354389519,-0.089202951634228783
-0.0062545696607137395,-0.078132129532969566
-0.029424898678751074,-0.070254561281102884
-0.041505069631316165,-0.06569675119282585
-0.043049888829302843,-0.065721929104623544
-0.03486300705668071,-0.067753025003742168
-0.019028593518184932,-0.072147061857022882
0.0010315233200820456,-0.077549803500926939
0.021236698133401039,-0.082399501446636589
0.037471718483257276,-0.085152502824321546
0.046245680755461545,-0.084493889528915234
0.043980310560884271,-0.080430447733302157
0.031973785230835425,-0.071158729405502261
0.011372303631901609,-0.056693944059851474
-0.015148438172730129,-0.037765441496690894
-0.04357957451333401,-0.015385813689412338
-0.069380271868585086,0.0090972440357439469
-0.088187987046914815,0.03416647071968975
-0.096508636215684132,0.058308898625722423
-0.093202571400953005,0.081472680267838271
-0.076837757154589514,0.10027040083527701
-0.047849180512848734,0.11551310450137703
-0.010417550908515934,0.12570453438973314
0.030974446038282848,0.13080605046012464
0.071241453024366783,0.13126157386718107
0.10539030525968825,0.12786973842620619
0.12917727505464674,0.12159775259492173
0.14055983114616527,0.11318540520733757
0.13691062802483689,0.10342439616070653
0.11795275488397072,0.093357089146475614
0.086132132560463662,0.082234441907957506
0.044623235465519683,0.069503232789079938
-0.0025769390146452632,0.054420535089000965
-0.051170187034657116,0.036297240192982354
-0.097059444531536657,0.01477186550918178
-0.13620901206184388,-0.0097531326767465315
-0.16647308612646269,-0.036905874998756381
-0.1879810878767772,-0.063613028493552159
-0.19871626776024812,-0.08851116102048931
-0.19883726316992961,-0.1088095555232976
-0.1891883575190236,-0.12158400445511676
-0.17106623168782789,-0.12424350447872198
-0.14599038439860529,-0.11502407716264895
-0.11532900367559536,-0.092866948353420756
-0.080895400312749957,-0.05987007560594277
-0.043722451349553874,-0.017844627374547464
-0.0052315405642178034,0.028387130218240922
0.033445173427289247,0.073612414067063592
0.071213253815479938,0.11231261502632682
0.10695283778429782,0.13939871190185929
0.13948122293109227,0.15093297944863945
0.1666293352367382,0.14528163666995819
0.188647544912314,0.1213274267334104
0.20393934852909196,0.082076885373573896
0.21181509893991746,0.030966119036966583
0.21161579364355146,-0.026446887043861417
0.20299804440965435,-0.08374235226700022
0.18602656854094696,-0.13447738445038654
0.16124379766882496,-0.17303707256165488
0.12951679281724068,-0.19407414918451249
0.092494866587840049,-0.1974507514596833
0.052875647666595138,-0.18401691292191946
0.01228756967711056,-0.15572747151870472
-0.026950548668974176,-0.11675892133210376
-0.062577345451768573,-0.072310673248272284
-0.092597541426870933,-0.02785399920572685
-0.11548263938035881,0.01160858168436058
-0.13089240402499894,0.041235143718433634
-0.13749321999747252,0.060359410520313073
-0.13725508952400145,0.066782660050612438
-0.13033459825077406,0.062463829821647311
-0.11844589770294056,0.049543540992634492
-0.103725892574048,0.030788806581402678
-0.088450026380320901,0.0090973774253201786
-0.07471029127565966,-0.012924312449483343
-0.065031730058293366,-0.033433089205266622
-0.05913929446853429,-0.050875560606414773
-0.05591058776061044,-0.064376466728940998
-0.055463306946582983,-0.074012593774284693
-0.05630428116909434,-0.080014928171222396
-0.056513663824802288,-0.082759909560998726
-0.054084790889521506,-0.082633642151784953
-0.047290857061306077,-0.079983905035914307
-0.035201349134688142,-0.07608830010949956
-0.01756935325834558,-0.070149416930166963
0.0061587487689649745,-0.062264042175365901
0.033330214345295574,-0.054024160933153584
0.061552887637796282,-0.046859213231603421
0.088109535037473916,-0.042481147139460503
0.11035094747625261,-0.042650063048555516
0.1260777872699228,-0.048847085728289316
0.13329518195877652,-0.06246912971188389
0.13281475116873892,-0.082223385596062029
0.12327404618930653,-0.10820101793438947
0.10766213148701992,-0.13681026367066756
0.088235880224117519,-0.16450129385416548
0.067477916622618234,-0.18726617596032255
0.04776155395615353,-0.20119339408503001
0.031072420452913804,-0.2030671327037458
0.017525394347811977,-0.19072812425594388
0.01020961964627003,-0.16456213289765789
0.0077582471161265938,-0.12423396697182761
0.010983707280068348,-0.074474873999939267
0.019234868395642157,-0.019992375914029283
0.031457826221177494,0.033845482464159686
0.046355277013036489,0.081730789692805533
0.062547385720512619,0.11913471049298222
0.077415895878577834,0.1434715862623886
0.091516594161748926,0.15258876612479874
0.10496466050395979,0.14691870653351322
0.11611478631150371,0.12901857123180827
0.12441835778058866,0.10271230067390939
0.12948201490977926,0.07269405351957739
0.13105632368531384,0.04384060441725892
0.12903612993458075,0.020524226381600837
0.12477315562379003,0.0069559698093939019
0.11630373325016286,0.0034323004105354118
0.10507848332737521,0.010532350861898626
0.091025854467365094,0.026571354430882741
0.07500908450051938,0.048912786930942413
0.058249173036171532,0.074265530514619413
0.042225585285416575,0.099217409052275884
0.028506215388755616,0.12073121031862799
0.019458539077304972,0.13634302221859615
0.014669613242646909,0.14485807022791017
0.015115038435585938,0.14673048270620156
0.020411505457376737,0.14194952902284103
0.029812063905719038,0.13172712000981801
0.042141358778470979,0.11764574710931952
0.055992453091450095,0.10135540834252119
0.069967286685086214,0.08431821217475205
0.083844955071439353,0.066712461183407457
0.095792502585560074,0.050476430619154203
0.10456933125807127,0.0364932669022544
0.11161888307039694,0.024180820325379375
0.11796057919406015,0.013292889066330053
0.12488782256388205,0.0035025390227739375
0.13366758494717096,-0.0054842430659356898
0.14521905665080179,-0.013861922565772202
0.16001426986222234,-0.022268862153796545
0.17728760605348148,-0.030276542637139657
0.19539476611948414,-0.036196758039999305
0.21232694532743485,-0.041551356634572732
0.22536034730932095,-0.046658597941393092
0.23160901631137626,-0.0519153589425871
0.22846027202596025,-0.057748686540795895
0.21401070992137744,-0.064539646976639234
0.18835846533979564,-0.072717997011286589
0.15072504069149847,-0.081707756693611244
0.10235469320920872,-0.092547485078287584
0.046884677548637961,-0.10356077336392393
-0.011644199531788055,-0.11378224420376577
-0.068704612884604666,-0.12213501215308557
-0.11984307931959035,-0.12755627843061851
-0.16124712376218286,-0.12912665000714674
-0.19042092935174409,-0.12488703758458591
-0.20555693512240347,-0.11647319805580589
-0.20835458984559302,-0.10396404221894155
-0.19962230302129366,-0.087677411714887007
-0.18236950169203681,-0.068317874613429946
-0.16042871924686955,-0.046702174251785633
-0.13788480589381102,-0.023677995325584379
-0.11847145559932123,-6.4840895574780672e-05
-0.10410186476439441,0.024673715074418099
-0.097705573936602702,0.048128498551333526
-0.099439645403458454,0.068611822189295527
-0.10780114570260292,0.086486112246485017
-0.12023858212578606,0.10129364309046524
-0.13342765524535233,0.11268547803728944
-0.14385904472917685,0.12043765090792161
-0.14845796607486694,0.12447969938626391
-0.1456904330013559,0.12585473213648746
-0.13379059141634228,0.12363585859085872
-0.11444302999275771,0.11777864677609136
-0.089216406478981561,0.10961003761856891
-0.06142299861717166,0.10010501745811892
-0.035047684946586811,0.090342907742169853
-0.01410096150372963,0.081371788339952886
-0.0019442444398847735,0.074055175191831996
-0.00014310274285395685,0.069110717630354257
-0.0096061558358930092,0.066276208272340348
-0.03069181761749545,0.065427094550480069
-0.058946312414843605,0.065437538085787478
-0.089980550634929934,0.065011154496287665
-0.11882910034662643,0.062670270011502521
-0.14071397610261357,0.056972316404883087
-0.15179684686676395,0.046736577909310427
-0.14998647078585634,0.03217326555768215
-0.13423943920787346,0.011548127616477258
-0.10809453599282043,-0.01364449220570439
-0.073570591005198693,-0.042927736804816229
-0.035388886571037073,-0.074638118030696893
0.0010117032752433273,-0.10666782817080682
0.030294853726214963,-0.13673174523716133
0.048053676990381253,-0.16267606737800816
0.050215887422875825,-0.18370704782494923
0.037689348101930767,-0.1976502031040821
0.013583291861746897,-0.20318820232224916
-0.019910607214209518,-0.20196944981631373
-0.057838486771811665,-0.19549968572739163
-0.094515762394198191,-0.18582252038839581
-0.12437852268305041,-0.17518521006363508
-0.14281780847781037,-0.16566866573278183
-0.14556716929196639,-0.15865617096296766
-0.13405360353759913,-0.15516705509316139
-0.10804974455025321,-0.15530411634706848
-0.071979891877762991,-0.15785812064414456
-0.030612952509285449,-0.16108751931609763
0.010750819932281611,-0.16285056078277774
0.047054682810439744,-0.16100916898960355
0.074171518733319217,-0.153853661896896
0.089586451172035841,-0.14029061552135758
0.091676308298558717,-0.12044764130220077
0.082375346304398536,-0.096850187978098232
0.062616933583308151,-0.070744999622585222
0.035313668817984666,-0.045067385809088929
0.0039590993399594753,-0.023090896756001376
-0.027852629602951502,-0.0079087307989522699
-0.056840135658219187,-0.0019025146142455744
-0.081255291280466574,-0.0068441628354420333
-0.097801823276743,-0.021437556259272739
-0.10525552812030158,-0.044758497526543976
-0.10332292214245929,-0.072943895653062987
-0.092180529678937778,-0.10177858502228596
-0.072533309066489568,-0.12671873885944349
-0.045507215197235183,-0.1435392626723021
-0.012581050692332443,-0.14894996030641766
0.025369408726593119,-0.14127096211999984
0.064475720406017761,-0.1200005105104827
0.10375933962788335,-0.087031280930533972
0.13940166727248809,-0.045285228939378794
0.16853101057992292,0.00097866929407766428
0.18852118358385561,0.046920351521950794
0.19724086188912249,0.087760307131292112
0.193297299008653,0.11939695881637738
0.17568237254950492,0.13983795372496788
0.1459363040922978,0.14579607181345364
0.10540292923357347,0.13941363747451993
0.057027735176960193,0.12078092419223839
0.00427651923581269,0.092621026438130694
-0.048995959721542692,0.05858366237609533
-0.098902703265135589,0.022730247118876393
-0.14187620216256711,-0.011008045195517836
-0.17404550688938283,-0.039133335728323886
-0.19506274403107368,-0.060038529760672067
-0.20236032070102791,-0.07076722381944342
-0.19695971677038496,-0.072908460685334617
-0.17974031607122898,-0.067706772439711668
-0.1522065851663279,-0.057032508821395052
-0.1163318062857422,-0.043006455482398134
-0.074429863514915887,-0.027641955348526849
-0.029619506059257512,-0.01237520519727372
0.016402284041244979,0.0011395152165983627
0.05990038359212168,0.013757768663212216
0.098657795117279901,0.024461996919506179
0.12991109251744698,0.033590138107449916
0.15108704979488582,0.041711877750288506
0.16006439895007993,0.049404771318404206
0.15548811362179729,0.057047139048199164
0.13763940456942311,0.06485161006223894
0.1065189771131286,0.072074686187139719
0.065474279531486615,0.078213618855807909
0.017642067163184609,0.081960563416184476
-0.032157007629887518,0.082114425304872757
-0.078467911265043655,0.077615924443265857
-0.11587087420282285,0.0677588372084999
-0.13973657995373534,0.052355987781897241
-0.14750446399514741,0.031275959014727163
-0.13720684711682007,0.0061154730369092887
-0.11052620655755155,-0.020386188651604967
-0.070846977301520231,-0.047338087648988912
-0.023708349337288843,-0.072784312171857532
0.024107423322786019,-0.094850567535326655
0.065539005468701728,-0.11195570385706338
0.094303246549915121,-0.12298541792966129
0.10717504654207066,-0.12833187866543347
0.10054984645658276,-0.12632867181659885
0.073744582142519624,-0.11907943946698314
0.031850412397575446,-0.10656668321278637
-0.018977623152904664,-0.090163802151385378
-0.071134674003627316,-0.071559813012874618
-0.11672268459343452,-0.052572073850737241
-0.14877144733607203,-0.034944079047625226
-0.16251502169711313,-0.019969591246594837
-0.1559492228347058,-0.0090597994275632109
-0.12833307694911827,-0.0024734330096507101
-0.085183401056277488,-0.00044605568255862957
-0.033055233029261499,-0.0024991647074164296
0.020193039716920044,-0.0077233041791558901
0.066631675706159604,-0.014927713968641457
0.099494922790543533,-0.022818212615546198
0.11440936198674903,-0.030361140163268577
0.10935972157378605,-0.036338402729020849
0.086086033958127681,-0.039869704802311556
0.04865600666572599,-0.040872296097490761
0.0034811014581904412,-0.039439149782274703
-0.041908270328689587,-0.035941674910402295
-0.080069114592836568,-0.030906479369653218
-0.10482631978838297,-0.024875578826658539
-0.11353840860028244,-0.019574326637478792
-0.10278123201917426,-0.013018182684823659
-0.075956817896798756,-0.0061726761103634963
-0.036445810179741078,0.0019802462089593435
0.0093301131330152283,0.011899872217250602
0.053833642854875859,0.023900178353608411
0.089587381452438219,0.038026925513079589
0.11034196109545917,0.053979465716269645
0.11186842392253116,0.072020228372267556
0.092943675021509256,0.089789302225486964
0.056637199107792573,0.10601054397598313
0.006470503241275666,0.11957326937048371
-0.05101458172943199,0.12935797621579301
-0.10816735129610862,0.13456800736969812
-0.15737683534729313,0.13482032186878923
-0.1922041076229643,0.13016673926669153
-0.20776595196538483,0.12086075632550189
-0.20313020048979841,0.10760570483704357
-0.18023989799759882,0.092515650238707961
-0.14239464472560115,0.075419149039007927
-0.09538800146311327,0.05702532864337486
-0.046018169820335193,0.037972931457944351
-0.001029169874147949,0.018853420336482744
0.033904421285698774,0.0002728571027208662
0.056289566885391419,-0.016511049055999507
0.062386477476320895,-0.031555341645043811
0.054772840840326714,-0.043433310079160119
0.035535265758794184,-0.05116135418222658
0.009457337462361326,-0.053438990005826713
-0.017705521658201225,-0.049006830760873379
-0.040152977380780823,-0.036889394994908106
-0.052948115045368359,-0.016669934927230328
-0.052952213417341618,0.01255325020648413
-0.038459742985273139,0.047317164373014607
-0.011270061881305526,0.08569723716145014
0.026248030414516402,0.1240504992975807
0.069597170235424388,0.15844156313633243
0.11341229970502219,0.18491048711240288
0.15227446436775616,0.19998514282411861
0.18150440256849554,0.20117779904033528
0.19725807458792843,0.18683116227931537
0.19873314270834566,0.15827239817002306
0.18703795734797865,0.11783200981991893
0.16376519115210392,0.068968619650255622
0.13235922999104721,0.016330226308631225
0.096962205325823822,-0.034989133217200673
0.061745891772635383,-0.080073954080409515
0.030282833264684859,-0.11478858241649736
0.0063523264483570634,-0.13645449041761593
-0.010770931322124559,-0.1433201179793433
-0.021921769766365048,-0.13658539266971073
-0.028080776980537191,-0.11754246359557696
-0.031526121675428689,-0.089319400569872892
-0.034789613151239324,-0.05587977273281565
-0.040164130317601576,-0.021500216346702312
-0.04929091119954028,0.0097514928075954459
-0.061964302503126081,0.03502122913863373
-0.079769171052567187,0.051320399238609378
-0.099549227207642033,0.056187316436693023
-0.12100640068848996,0.050516126628071423
-0.1420349230944335,0.035291295540316292
-0.16033958237855941,0.012265060505920498
-0.17376599965861014,-0.016332916968957549
-0.18058867868788089,-0.048076854708736995
-0.17953131908745337,-0.080022531077445405
-0.17046508725648987,-0.11091074207229971
-0.15398435601932259,-0.13849519239031058
-0.13089180561589259,-0.1614727774297616
-0.10263793037056766,-0.17861341464029432
-0.070951889742678909,-0.18892298661309681
-0.037665340253361546,-0.19164900866258813
-0.0045696155155061004,-0.18632564408494104
0.026865498368822044,-0.1719261865907695
0.054819638128851621,-0.1501902840929577
0.078307652144406534,-0.12210227701559863
0.096017205429879127,-0.088986791509474125
0.10703924437812046,-0.052802633225423702
0.11070449571186948,-0.015833770872290667
0.10662362383326621,0.019494530138530707
0.094742913404683354,0.050839252571844705
0.076331331965284854,0.075986868069767774
0.051165516392698021,0.094151411309744443
0.01888242800303034,0.10268545452281613
-0.017388603310873399,0.10303068098860253
-0.055441159894289833,0.09596603339156777
-0.092861609247351165,0.082764605494772284
-0.12723879477002073,0.065014622710481848
-0.15639273389388086,0.044430784593033075
-0.17803713504460233,0.02360944874454764
-0.19187245854895529,0.0022902797850490328
-0.19768597405772936,-0.016865110308149293
-0.19569671517808956,-0.034100381552870006
-0.18694991471246261,-0.048901581493520536
-0.17297495800853491,-0.06087276118505755
-0.15557373257751997,-0.069715288335540859
-0.13658514786484624,-0.075248475095222839
-0.11673375331476095,-0.077281885721825511
-0.09892924019622025,-0.076289033780795795
-0.08304416825891392,-0.073056391366335557
-0.070098333130642468,-0.068293167200103019
-0.059982221990972348,-0.063192706996931011
-0.052119269106137817,-0.059134881198315906
-0.045649714590331854,-0.057502515783336143
-0.039658878341348666,-0.059450226067585189
-0.032110184310485214,-0.066962799800942358
-0.025080282814487469,-0.078228171763195381
-0.016660003449572542,-0.091962357779255613
-0.0090706850906981714,-0.10719196354382181
-0.0034446414140838462,-0.12187097197402168
-0.00090430293737151868,-0.13370709157930391
-0.0023409546909183361,-0.14050325779665296
-0.0082311123429466455,-0.14051662648844043
-0.019078881177314603,-0.13370119301525532
-0.033352067918817625,-0.119060896641388
-0.050312612519178672,-0.096059931999492684
-0.068262436756981848,-0.068199087475937975
-0.085604020361410807,-0.038448342856093387
-0.10087417147423103,-0.010161382060095989
-0.11292827713445208,0.013370947036009915
-0.12106097357283895,0.029363903973896113
-0.12560476503209525,0.036098486290177055
-0.12573343095649558,0.032698427897999122
-0.12288604490243132,0.01888610774203751
-0.11716386478896997,-0.0031000111219637891
-0.10939306782831659,-0.030663508870450606
-0.10047229383414957,-0.060646064270997758
-0.091294311909209974,-0.089733325565925226
-0.082693667565016268,-0.11485414277695932
-0.07634747957501932,-0.13444490210611038
-0.071905955570256946,-0.1453265560225096
-0.068329420452031803,-0.14716734643884502
-0.067546436750399133,-0.13982282853605832
-0.070104485444913475,-0.12420097193142092
-0.076399783387147174,-0.10187240550428198
-0.08659158636975936,-0.074801340508832997
-0.10051065075152556,-0.045055884628170367
-0.11665261885845159,-0.014356534752912856
-0.13573459379684411,0.015284558619524106
-0.15483490408403822,0.043609719174192339
-0.17325369068317062,0.069403657240415056
-0.18899461823639435,0.092486758725565485
-0.19987443437980473,0.113030066642615
-0.20378903041998123,0.13137104351975318
-0.19902842154177078,0.14781114538499318
-0.18403383002449666,0.16262073567362392
-0.15968963287002719,0.17507266353889561
-0.12669722640182376,0.18533265234810153
-0.087455927136255343,0.19178492921766624
-0.045008929064373614,0.19324549673784228
-0.0028751161058998879,0.18863687161870107
0.035402673485833869,0.17723644470440339
0.066741478283339678,0.1588988841825838
0.087660072303683695,0.13513852077144142
0.099151577389046133,0.10558222382245175
0.10163659601334707,0.07377493855203926
0.096704258864153098,0.041214526067032943
0.087045427799583006,0.010738459876543928
0.075830970585757732,-0.014717864076882411
0.066202361325001444,-0.032495105324629979
0.060771520190557017,-0.040590330872514568
0.061396022534028587,-0.038540608202115897
0.067956458948735254,-0.025602678758433514
0.080978396816311943,-0.0035833508624140485
0.097463198390380451,0.025167265028909685
0.1145954023322026,0.057170293323535515
0.1292668762380845,0.088416976886575099
0.1385515269387069,0.11488457498447723
0.14012784618813798,0.13308207234465314
0.13314365949352061,0.14147066941140191
0.11621043630570287,0.13722329395858446
0.090917413616024942,0.12226152801964485
0.058209722840308592,0.097413035971074022
0.020333332508166803,0.065794895963836988
-0.020009200171511532,0.031445264188550197
-0.05996784884337817,-0.0012780960474247909
-0.096828916874995619,-0.028367926710036493
-0.12768229485256061,-0.046613298916240324
-0.15185135560497384,-0.054806934731972269
-0.16668234518545666,-0.052828519465840398
-0.17258937915025246,-0.042778865041841287
-0.16947869065583818,-0.027939914930647299
-0.15758801457094923,-0.012407332048617612
-0.1374351849171378,-0.0003914321426152526
-0.10981459021984182,0.0045142046005221034
-0.075278352983385963,0.0012723933436744324
-0.036600480745449609,-0.012334949627808537
0.0062128704082021922,-0.036612543277293165
0.049310379345485884,-0.06717235652675993
0.089942640375694827,-0.099564509661219533
0.12536885233213679,-0.12866520439975426
0.15309926985861907,-0.14949207246485116
0.17114720034167202,-0.15802107222475209
0.17918216431763945,-0.1528014847366447
0.17558448007751618,-0.13179952280584986
0.16036315980643756,-0.098394834517419885
0.13562935029841439,-0.055379974147773181
0.10377930469562059,-0.0080943304889668499
0.067791879054336035,0.03724483343786969
0.030890569856843197,0.074448301815175241
-0.0038292990613826529,0.098286473545477315
-0.033200262896235316,0.10474384046496066
-0.056062235553579802,0.093492627633029693
-0.072185773834256797,0.066095220234616392
-0.081062085851641055,0.026151296359632432
-0.083603677265135873,-0.020778923516244236
-0.081378668501138882,-0.068189602017255907
-0.076319058952390509,-0.10961027729530221
-0.070395774896310936,-0.13958515103613919
-0.065128301836262281,-0.15319865494513868
-0.061698046986454431,-0.15091643506727079
-0.061906051279444749,-0.13506819955742833
-0.064590298282638695,-0.10826823585813952
-0.068987894853894269,-0.07568738170159349
-0.074017589113648544,-0.043285683725774009
-0.078527597790260181,-0.016859602954979975
-0.081535968641729101,-0.0011304949122064082
-0.082978151658660834,0.00042517722624351665
-0.082150859884095803,-0.01207961282880372
-0.07822978238308359,-0.036879341022566785
-0.073023541143057716,-0.070517817928690704
-0.067696461599796212,-0.10796650986132227
-0.063485223211076566,-0.14358945653786639
-0.061483328736972771,-0.17197896815853314
-0.062455994529953172,-0.18871431986882745
-0.066899177653136618,-0.19111645361645305
-0.074515418319980667,-0.17795692761945106
-0.083906906650487389,-0.14989401286853671
-0.094669681797515476,-0.10964385815890017
-0.1056169427609203,-0.06093572142333635
-0.11550499002206101,-0.0081405718268988108
-0.12320787268993837,0.044296242922679696
-0.12787076379967582,0.092345126664412774
-0.13031789909536945,0.13181606372444235
-0.12806006837907696,0.16152812431997565
-0.12349596380351673,0.1812414675304094
-0.11573868835884099,0.18946913483002933
-0.1056258129363276,0.18630370841417485
-0.094311108457272697,0.17232616287231453
-0.083090242358392033,0.14848408617367467
-0.073187712886473355,0.11603816507674625
-0.066095996388163811,0.077874072347424703
-0.06147828196407757,0.034130910749027243
-0.059066945091868675,-0.013307136037979136
-0.058326961922796239,-0.061035733179675637
-0.058083462489678765,-0.10575290537290691
-0.056898598178983704,-0.14391627254936151
-0.053325117374347648,-0.17208795300222454
-0.046180869339526982,-0.18737215239196953
-0.033498786339916362,-0.18769119983095306
-0.01749979653910479,-0.17315143062589189
0.0020432441804622684,-0.143606822721079
0.022913763688077075,-0.10299116474184064
0.043101299387672758,-0.055687105404014066
0.060550112422540596,-0.0069455136173420754
0.073478061531015132,0.037794407264679135
0.080657384745934146,0.073660294306168911
0.080684936324525072,0.098356741137713227
0.075174236566492192,0.10804099182150216
0.065865392797141542,0.10355893820148225
0.053951636570465207,0.087033739868380547
0.041494550273801889,0.062633140526855341
0.030580085047007613,0.03574494384039352
0.023044050891014998,0.012114020728447484
0.020253662947037201,-0.0031100456962288572
0.022418479019674503,-0.0049608071809160922
0.030346094631250323,0.0056327008975092553
0.044240661563483823,0.029729055212229044
0.062569062905342393,0.062347217570759519
0.084009917349469998,0.098075257700956445
0.10705621319635841,0.13062607686242508
0.13014686869761261,0.15384318380757581
0.15175460513535199,0.16269598447419761
0.17024338047881138,0.15391808586634936
0.18422920008685895,0.12749434353018765
0.19367266937749281,0.084110399229105376
0.19632826987111776,0.029187334019397687
0.1910619021251119,-0.031146624010083158
0.17704659362262565,-0.09003827990439954
0.15391465121041725,-0.1409082993286834
0.12191756843128765,-0.17838246715009795
0.082988898106023584,-0.1980874396219236
0.037340033111021485,-0.20017198817521281
-0.011446044166732252,-0.18651250599106228
-0.060759716250848923,-0.15990224885387344
-0.1068854095225525,-0.12513273844870973
-0.14589469847582992,-0.087683451794942108
-0.17408165144258506,-0.052928260725176909
-0.18844015385220741,-0.025427090480967297
-0.18581283640128096,-0.0089595025478334585
-0.16790491612885206,-0.0047042425645354618
-0.13550216718662283,-0.010969542051019885
-0.091796747020238004,-0.027811935701933604
-0.040975558754239853,-0.052955027416483468
0.012084462476819763,-0.083518832938842713
0.062408613420096681,-0.11645264383410135
0.10553308243131321,-0.1488971881996704
0.13711291507847362,-0.17824360819714519
0.15678379194118325,-0.20271837995584507
0.16322429658176188,-0.22171384761197227
0.15831153770188991,-0.23371199218735567
0.14451778811554347,-0.23810666453801002
0.12501063538985785,-0.23457524142835667
0.10313836498011851,-0.2230608269392147
0.081940903099842713,-0.20382035292790857
0.063945632058765189,-0.17808116989706052
0.050331601975366992,-0.14611962087615607
0.041281826876607301,-0.11011093960474407
0.036497603003443874,-0.072235567292787517
0.034821673952324494,-0.035430572756794947
0.03471346141601421,-0.0029651988881108206
0.034547743833294904,0.02193052807554734
0.032868180624550165,0.036521827729877394
0.029856312954510751,0.038479061041154172
0.023225677305133693,0.028551262826199467
0.01113646917585826,0.0065169764356022659
-0.0049549444964846782,-0.02376821465643527
-0.024587261828573299,-0.058154056866497709
-0.047102094058080669,-0.091780577471063107
-0.071716064807450838,-0.11973157777060306
-0.097546572257274755,-0.13773295604185562
-0.1226689011336935,-0.14371308403193866
-0.14718783259065121,-0.13540465558771311
-0.1703601719791985,-0.11189646742520212
-0.19008719796238591,-0.077221394366197293
-0.20464314799448832,-0.035668118963762929
-0.21225856504798293,0.0075394825324056926
-0.21133092115286153,0.047001509712273425
-0.200678902747256,0.077925739110347211
-0.1785000023877461,0.097742351329313609
-0.14762188941980217,0.10323396497994405
-0.10740046028356338,0.095104034458610293
-0.061802622809991201,0.075248173805029683
-0.014113947578317007,0.047377818623485439
0.032097124661431213,0.016247477761005491
0.073353066424145547,-0.013082502778695004
0.10662911167522642,-0.036016274843383989
0.12946806709048575,-0.048548518632577316
0.14114747242902706,-0.05016153049716239
0.14007311147708049,-0.039015745154704913
0.12803815108891217,-0.018494578117856979
0.10666985046557294,0.0080148659367406117
0.078100870193515706,0.036431361805504853
0.044699891716579843,0.062668312166682075
0.0088292747536520503,0.08329043869958952
-0.028268003633677569,0.096219908530596254
-0.063104643013859624,0.099951855051809049
-0.09510926689829087,0.097044263956047053
-0.12241194398847587,0.088033931934222209
-0.14414619083374811,0.07575288182952794
-0.15987863454544846,0.063513792045968215
-0.1695776044561873,0.05452172641296623
-0.1735747043804903,0.051311765516177915
-0.17382223171641126,0.056230936962439526
-0.1691759977025907,0.067948171881039354
-0.16129275526057363,0.085025417790409896
-0.15118820274304787,0.10505367534065368
-0.14028478185767682,0.12471206306743277
-0.130130247080917,0.14047314608478992
-0.12224801442139882,0.14914694930191214
-0.11794753622463393,0.1483619633305526
-0.11867798326654888,0.13783703687398111
-0.12418081779709017,0.11593914115605469
-0.13287169020021566,0.085511343233752424
-0.14464361041698939,0.047864931984439661
-0.15782418028413461,0.0060851172172845863
-0.17028164281565017,-0.036300770149506278
-0.17969688561021205,-0.075772294219974279
-0.18388941426189115,-0.10924272208334172
-0.18170144009966568,-0.13458965871022549
-0.17172735240349643,-0.15003112602787805
-0.15223001025702043,-0.15612724459038305
-0.12557941487074628,-0.15297622849845363
-0.093680987076622757,-0.14208595032824967
-0.059004825039106756,-0.12555656286454814
-0.024234471053340104,-0.10577006267574887
0.0081118265345775983,-0.085079157445691125
0.035100457995565125,-0.064983545232147208
0.057245076851133697,-0.047977978178938938
0.072772222251774737,-0.034692280934471874
0.083393957092796511,-0.02579030988673128
0.090488242421478682,-0.021188431057274731
0.095730086648492294,-0.020375771412562978
0.10077008840112597,-0.022592219786903948
0.10694250599876066,-0.027016175977281141
0.1141225966290626,-0.033485964905709584
0.1238509739979016,-0.040454282636251601
0.13574132686002854,-0.048559257733304578
0.14865911067259707,-0.057133702435528004
0.16125022434707284,-0.066322757658806269
0.17199198216593209,-0.076419159794687941
0.17944696566648197,-0.087711490982028864
0.18249377293039862,-0.10031874957418072
0.17957327895306746,-0.11423008424186039
0.17164361375824891,-0.1283664891390027
0.16084608334854827,-0.14249083331336629
0.14675963756150928,-0.1545455969418606
0.13057967209340313,-0.16287374401990118
0.11365642862421282,-0.16590062507530187
0.097321169358530163,-0.16239295783493446
0.082730729032340147,-0.15169791688356976
0.07130963829904173,-0.13484883817574522
0.062405658969439178,-0.11104632710781819
0.057563302510807428,-0.083493246889387848
0.055524985683050344,-0.053455359084741666
0.055843369817188002,-0.023665222487022772
0.058074660188900701,0.0029147637130086277
0.061860639481303589,0.023475916423431428
0.066957794665492176,0.035766789018955837
0.07302763841547312,0.037156156146372764
0.07979885680990953,0.029193221294419713
0.088832110111175352,0.014026734519903303
0.098305825264515867,-0.007023696640319081
0.10757559967143741,-0.030868370959834752
0.11592282198255058,-0.053976473463664604
0.12263799683364264,-0.072859613112026295
0.12713032542272629,-0.08456380069885007
0.12960054316100281,-0.086907522364843767
0.12922501493234634,-0.07961325428928169
0.12622216112714824,-0.062483965430331974
0.12152405372631009,-0.038040404144770314
0.11623144576481449,-0.0091762782774472852
0.11164862255070869,0.020719857884705241
0.10906989772302121,0.048256982243047974
0.10953436821897876,0.070514956005345755
0.11340524069469596,0.085613045613394792
0.12115743578268372,0.09222842096758864
0.13061009785341984,0.090836568850413635
0.14127292890498022,0.082450001213545301
0.15111909071772447,0.069104422215644917
0.15777442103624578,0.05333849887497126
0.15887964387906228,0.037817348475776058
0.1524972242155091,0.024974718982225804
0.13656683829217658,0.017281821591417907
0.11291965159214057,0.014779936027875074
0.080790320872499835,0.019292475975731194
0.044122320656669503,0.029426436552036826
0.0063202434172669273,0.044237457121694711
-0.028906341647719106,0.062512196029605907
-0.058056120974160089,0.082956645956737157
-0.078329750781990337,0.10433035105148374
-0.087471280847110491,0.12495535060668846
-0.085799468928392394,0.14438489631268223
-0.0749979018830991,0.16286078958575489
-0.056706536395614113,0.17843069607281623
-0.033988948680884951,0.19004388190729093
-0.010333815182622476,0.19665578359844957
0.010834949888214382,0.19731470998780712
0.02661969294352097,0.19129710924387897
0.035199104760378054,0.17845406193591007
0.035572607197713497,0.15876621687480144
0.027271601780235397,0.13286569100206888
0.012234967062172964,0.10247335147331799
-0.0073732830146863151,0.069712718254697575
-0.028954998046509455,0.037095343015631888
-0.049844442557421306,0.0072287258019983524
-0.067637246048162,-0.017528043014341924
-0.080994206215568909,-0.036333387586052368
-0.087497816490802321,-0.047033787915440675
-0.087960807673575933,-0.049173970285364244
-0.081321113946762794,-0.044519782791863249
-0.068053331752560134,-0.035237000849803739
-0.049122857796771655,-0.02413134215342639
-0.025843939757132499,-0.014211602596250629
0.0002605766460770856,-0.0081983814449115601
0.027023786695218772,-0.0075020465956909576
0.054012997967111794,-0.013654049201095244
0.078320726823993075,-0.026863680053329321
0.099658853378644136,-0.044788998861140863
0.1168678025452175,-0.064576260455805681
0.12886144545970976,-0.082742324980551535
0.13468629022317663,-0.095739270261416487
0.13362063023537443,-0.10055624204118996
0.12474211159300479,-0.09507433835695038
0.10933550312568148,-0.079049933701008962
0.086707718699850098,-0.053857877248400673
0.059263670723476151,-0.021975078986995061
0.028923678473609479,0.012772927754910905
-0.0021129234210036981,0.045951725953507862
-0.031574389878456822,0.073191794118592335
-0.057340473364794739,0.090875148047585133
-0.077838878342951431,0.097650301038175416
-0.091740461943044124,0.091837611069763736
-0.097726030137178718,0.073647567694394969
-0.096503730180576536,0.047105152547708945
-0.088822782327979272,0.01662015566895254
-0.075893914863037246,-0.012741343277588933
-0.059212006191315489,-0.036025204861140636
-0.040364725523180323,-0.049152132023327633
-0.021410899589002868,-0.050483738348914328
-0.0027006778422925489,-0.03751062246638915
0.014449400881305134,-0.013598170100092915
0.029686681062207322,0.019562935767161605
0.042736999724009718,0.057433009392217176
0.05352394281853122,0.094570746634769762
0.062097983058339384,0.12543907951003494
0.06857831302180796,0.14524390527212128
0.073674606340893192,0.15197195031518351
0.076516991476812887,0.14223949320216112
0.078188666762837269,0.11746035797920222
0.078275455894716503,0.080347360782774435
0.077080398550672946,0.035597524586943999
0.075081398474782582,-0.010988680974701291
0.072893910183173635,-0.053387939135057974
0.071183163524600315,-0.086283118636846873
0.070725751620818608,-0.10607820209517972
0.071678110573278581,-0.11089593651286288
0.073881273009041626,-0.10125625816956739
0.077215873932484316,-0.080371603309901257
0.081013164608302796,-0.053056479118698076
0.084328175715137177,-0.025123274561772956
0.086098320541347168,-0.0024197471738963941
0.085347911553875652,0.010152614918131133
0.082699384897793479,0.0081818321881833005
0.076249575536251335,-0.0072665342368721051
0.065360294043213002,-0.033903455813203129
0.052013333168191123,-0.068219224353022648
0.037842843401086054,-0.10456585229783551
0.024840391011687148,-0.13661091912157169
0.015045013312827574,-0.15836215363174136
0.010192520998553622,-0.16515374777769518
0.010084775138056843,-0.15462037599219916
0.01676197324894527,-0.12631660183178917
0.029938646856960124,-0.083709063147842211
0.047265880178481018,-0.031098491191285296
0.066065512416068783,0.025014726358156172
0.083129710156540998,0.077413969160969265
0.095196680180125143,0.11920283395887132
0.099475654474193723,0.14479042412665818
0.094692605470116001,0.15086140475854481
0.079420528110095534,0.13612471034850926
0.055021365287626044,0.10257861914849084
0.023690659255737389,0.054065991346616639
-0.010976006083511914,-0.0036022521961745538
-0.044668466898781164,-0.063653963156851637
-0.073015744698767288,-0.1192702334666407
-0.092293544391119919,-0.16445428412064428
-0.099142410094182398,-0.19380422327162999
-0.094146906493107724,-0.20594000266140211
-0.079193258617214712,-0.20155068881726063
-0.056844391223779211,-0.18114944161498087
-0.031576678036593864,-0.14766884658492968
-0.0085430023554774661,-0.10499104919438812
0.0072552024491738341,-0.057353414139488405
0.011811433896762577,-0.0088006044698618023
0.0030188216034382539,0.037053359407871814
-0.019332513222922718,0.077751086215763196
-0.05375607402702267,0.11239989161433366
-0.095309114201166709,0.13959424215916319
-0.13809936045275828,0.15915594380445344
-0.1755762245434826,0.1713556436783529
-0.20150531436441624,0.17670227089820065
-0.21091933161382617,0.17579023175743713
-0.20145322123330592,0.16941384605735016
-0.1716672877880708,0.15785637690845428
-0.1246825897464168,0.1421297976838708
-0.064437241167098022,0.12290176825913995
0.0027306373230224323,0.10128756949910325
0.069486070729446195,0.078668146072374934
0.12848367795739324,0.056605070462298644
0.17334496179433176,0.036670359661207484
0.20003772514677756,0.021516481602422702
0.20551200235907385,0.0097159283116847149
0.18991542245212317,0.0030232253918641488
0.15611308619508152,-0.00025357218996354823
0.10873896114647866,-0.0014275277588514457
0.053658847254806061,-0.0021625872741847913
-0.0028814283486335033,-0.00420449006690216
-0.055104592109720171,-0.009082322026380674
-0.098607079755248128,-0.01875832393829922
-0.13000663322614492,-0.031817903680963024
-0.14907585658739331,-0.049238345074413409
-0.1559181940066425,-0.068633163927591334
-0.15268088618914111,-0.088074144984999436
-0.14247617808403548,-0.10545174807802589
-0.12875827171957763,-0.11878146492570482
-0.11470674310016241,-0.12647846589326217
-0.10178889274744497,-0.12737302496151676
-0.092911194683415341,-0.12190246007114558
-0.087203732224942501,-0.10866755108016354
-0.084354973859825599,-0.090216793665158931
-0.082594527222722175,-0.068155169582454725
-0.079672521667013954,-0.044220380889906825
-0.073360706368839776,-0.020099479274523897
-0.06194365195078385,0.0026884510580077485
-0.043688722365810152,0.024133693861186994
-0.020437797030467875,0.041167845611317672
0.0067154403078127835,0.05280747007240269
0.034963063180957654,0.05830744762802486
0.061138285847881293,0.056956174931064099
0.082019482930699536,0.048318480999267187
0.094840461264535311,0.032328202994305708
0.097738748965392586,0.0094002059656512447
0.089143340511705846,-0.018539029351549576
0.070769173459258497,-0.05085277480244766
0.046210240989442278,-0.0868711202115659
0.017016088050893212,-0.12233839447428128
-0.013388869942600488,-0.1539545790924246
-0.041471388038691805,-0.17840485066547535
-0.064068820674472851,-0.19274069240208755
-0.078807087610947138,-0.1947645644462066
-0.084952545965693071,-0.18280488102023137
-0.081136954768379718,-0.15785413409395802
-0.070346862788139175,-0.12163149382001312
-0.05310181513091259,-0.076804663216229307
-0.031997099182957602,-0.027185674868956504
-0.010055066603617192,0.02286307026755428
0.0096684534362061186,0.068914449175175668
0.024463244088057591,0.10697287956400194
0.032833595817917803,0.13446863937514603
0.032544046469872148,0.14853936490719605
0.02422205232082664,0.14895529029455898
0.0078442107017075505,0.13620613214127086
-0.015212195053103835,0.11218555169489712
-0.042928284237445248,0.079700312967090403
-0.072903608947947673,0.042069132932786385
-0.10263323998054275,0.002688278434800778
-0.12920752292619686,-0.034444649222160201
-0.15180198304958428,-0.068650166836294962
-0.16753681135675388,-0.09689087533829778
-0.1765829668490532,-0.11960699217135057
-0.17862228481570164,-0.13696685630311264
-0.17368792219034238,-0.14957593757565704
-0.16207881651762784,-0.15823790648402758
-0.14429600225355027,-0.16374279890221025
-0.11971311116501203,-0.16727476907592309
-0.091249163224033467,-0.16830718609128734
-0.059437422597846117,-0.16738226133442821
-0.025819091883469088,-0.16429141286561466
0.0081925147344851096,-0.15905168596757319
0.041175087931520589,-0.15183594168149392
0.071751028572192482,-0.14303822295495672
0.098645161878532867,-0.13326972111985055
0.12018689434298456,-0.12198673920380015
0.13652666284760703,-0.11203789018692166
0.14616213591132055,-0.10356758348293493
0.1494445699187312,-0.097260660988082878
0.14640075640035713,-0.093128595882532986
0.13727891894534644,-0.090679206666357343
0.12254896337398816,-0.089020951885826885
0.10291263907080472,-0.087072788530185366
0.079502266547027994,-0.082541637472005547
0.053041202380450375,-0.077249329106904893
0.025753472395086564,-0.069144178754670771
-0.0014239101512221733,-0.060512163469446129
-0.026876178365632462,-0.052804460017611875
-0.04899693623062177,-0.047694572649010343
-0.066365751477274415,-0.046761172948335809
-0.077950685438565606,-0.051148612301351017
-0.08200369124561846,-0.060711616229825148
-0.080755231829043025,-0.075484663118370321
-0.075277847476502166,-0.09512966439211315
-0.067229815211314492,-0.11622460937628182
-0.058871234118664087,-0.13567261691434901
-0.052581325387994059,-0.15020077526906314
-0.050513358255899553,-0.15685072071575679
-0.054252953724421758,-0.15345862147446368
-0.064720385180405557,-0.13997441038170688
-0.081645567122666962,-0.11546701071028752
-0.10244505541910749,-0.08176549105907141
-0.12591524676125071,-0.042223921456860589
-0.14923989835943363,-0.0010216738021972913
-0.16927648477474094,0.037163190160999671
-0.18298332439924989,0.06775846039284604
-0.18785023382049196,0.086908427974416377
-0.18208092861218994,0.090703052301740472
-0.16580861582438799,0.07972239009533337
-0.13850318305794185,0.056253785560506538
-0.10319930986696751,0.021271615265433304
-0.062865470142792368,-0.021693919474575645
-0.020957741971545929,-0.068337412846043569
0.018991895113885816,-0.11415728579128419
0.053764325739635514,-0.15504158110297067
0.08206469750597141,-0.18758632810560807
0.10042215945229263,-0.2104115916127608
0.10695324677210305,-0.22162537111634184
0.1026756630539775,-0.22306506638957641
0.08852215600006251,-0.21664460380672029
0.066076360419342339,-0.20486493292679278
0.037351450815224577,-0.19035420790238822
0.004572855687984754,-0.1754424905643939
-0.030194551889495814,-0.16165113552234439
-0.064345371275877791,-0.15035473433622315
-0.096757794773791095,-0.14082829244092532
-0.12511659597214744,-0.13309875181172501
-0.1480055563798934,-0.12610533415142544
-0.16437952375467116,-0.11852039546740295
-0.17357569555147362,-0.10902689552502436
-0.1753147814006249,-0.096559331257915992
-0.16839796667930246,-0.080656508181192632
-0.15549338834923676,-0.061062608944710571
-0.13641376643351105,-0.037373373652290848
-0.11303730101053797,-0.010937684037976425
-0.086796676155193139,0.017208884565002466
-0.059153040578905004,0.04594526397876373
-0.031541283450621099,0.074195777494518056
-0.0053432704802896056,0.10101301372286124
0.018303587155065457,0.12430784178065958
0.03766108381962311,0.14513339282064613
0.052327220098754762,0.16395327197982429
0.060538603565291768,0.17924036606666433
0.061307064470218511,0.1903065979759726
0.053988029910231869,0.196395554091048
0.038418293614479515,0.19676191288161662
0.015045359421480062,0.19080250195542761
-0.015906040996193537,0.17840135562293313
-0.051542532802564683,0.1596105251134681
-0.087698617433633413,0.13442518578069465
-0.12276260249262579,0.10481192755434707
-0.15361239847151675,0.07271554458722676
-0.1772328451384286,0.040439669340941703
-0.19107954420187367,0.010391772685127877
-0.19343677616863164,-0.015216212245624869
-0.18352692782889482,-0.0355917534820413
-0.16216173380460358,-0.048742766984581257
-0.13209817939081756,-0.052958762243210507
-0.095887674494533906,-0.05048814208293359
-0.057479789826859577,-0.043082956271440383
-0.021217313987781979,-0.033015976673602773
0.0086921897061047679,-0.022709348483883871
0.028710568746543048,-0.014328646294744035
0.035132866725119512,-0.0084804875949552761
0.028957492710429786,-0.0076585409135800772
0.010821551448524253,-0.0094880024947146431
-0.01727974980440293,-0.014130564208951696
-0.052074542367924054,-0.019510701438904907
-0.089636751591949337,-0.022951036990845771
-0.12588178440498909,-0.021653633868919327
-0.15704542456286782,-0.013248504299401642
-0.17952247823946849,0.0027584094022403151
-0.19253872135641645,0.027698039162510846
-0.19323092192461391,0.06070088944377218
-0.18323227723635632,0.098249307874105157
-0.16365689227265301,0.13617143852549043
-0.13613990249736543,0.16964958275452133
-0.10259758579349824,0.19394458577540641
-0.065047671250915234,0.20516822643166679
-0.025694115939296526,0.20116163303823176
0.013822099342178019,0.18163683901880054
0.05123509744764352,0.14728066246526728
0.084795544710095108,0.1031710932898503
0.11256284599099481,0.055020738747926089
0.13268142994653806,0.0093096311131011401
0.14355980834070059,-0.027664648882169077
0.14411971960575318,-0.050747859601594683
0.13314365949352061,-0.057305276875973039
0.11274474705940732,-0.045357096857628607
0.084896873366080441,-0.018781924912199457
0.052466012325214202,0.019541044426679879
0.019318108874391154,0.063488709948614275
-0.010280424434617106,0.10587300276106365
-0.032202307737346392,0.13951974410666373
-0.043047852812327328,0.15837948136685562
-0.040872998126946877,0.15979205803746294
-0.025363465383238519,0.14047764064958038
0.0038316723479107887,0.10273606375489916
0.042044172518482255,0.050859519745998234
0.084539219708947455,-0.008380860499825055
0.1258327458098685,-0.066896026887682231
0.16043231601660118,-0.11647974033903639
0.18359386166098132,-0.15004923878918874
0.19327773378068056,-0.16402879303531173
0.18605784041599635,-0.15455686097830998
0.16250735548349374,-0.1229865844563425
0.12529585579588495,-0.073889229830856273
0.078615583495867725,-0.014186491089470546
0.027782645733454583,0.047700976026173854
-0.02149467242744306,0.10312718074477534
-0.063883766524150121,0.14453270338647359
-0.094931487352213254,0.16677395987776239
-0.1126657604221276,0.16732077545167232
-0.11441984985507796,0.14699388744100278
-0.10270066915724133,0.11017505865797321
-0.080184676585416725,0.063506450299428863
-0.050503196849494503,0.014989238522844698
-0.01763908821103085,-0.027313214603572476
0.014667575582804794,-0.056575192650657649
0.043598747061515973,-0.067747626506245745
0.066862183753432461,-0.059818388672242734
0.083983094173146755,-0.036289455122810108
0.095058455483733678,-0.00046774046517751745
0.10122814296253078,0.040857807365718861
0.10411933040376388,0.079822745940681727
0.1054281910674654,0.10877547714832986
0.10652932359565521,0.12153716479672425
0.10947723468728217,0.11424484869982025
0.11254731384863491,0.086581003481498581
0.11392531570239478,0.041491562266654694
0.11321583827364487,-0.015610799910757525
0.10886011188446278,-0.077078571758484773
0.099396330649441339,-0.13435988072204988
0.083783373353953638,-0.17927653438672697
0.061656268387450697,-0.20523424859576891
0.033283641726854739,-0.20799391801265324
0.00017231991862579153,-0.18658379184068907
-0.035477268541796954,-0.14448313955742292
-0.071424009183320522,-0.085677459387183866
-0.10508908106595101,-0.017149458028430018
-0.13405610056566425,0.053062007890413897
-0.1563501940555154,0.11698431862075304
-0.17064083707639791,0.16776861628311251
-0.17615877161493021,0.19960121096012221
-0.17291965815831664,0.21119745281023886
-0.16347587652608972,0.20383479110386801
-0.14761538887128314,0.1790165457198519
-0.12677073101565628,0.14091553591936895
-0.10257243705649013,0.094717655561660785
-0.076716496268664919,0.045836256139862558
-0.05086333644752436,-0.00080233154134790952
-0.026016917552621997,-0.042227116439979624
-0.0046525424294588651,-0.07412608322845686
0.012820503465768567,-0.096771629075798352
0.024605130406779224,-0.10907621328335491
0.02974995357662738,-0.11194847636058018
0.027670533219253741,-0.10701889102058537
0.018227412548329505,-0.096268172283620557
0.0017936212531473933,-0.081699240440893633
-0.020889100972350232,-0.064915232210044679
-0.047990480640646038,-0.047716311711203441
-0.077822266880536492,-0.030909315281618967
-0.1078019983181747,-0.01552667030288535
-0.13536872312973586,-0.0021924647881376783
-0.15803451086412645,0.0086046079637243037
-0.17363803329992603,0.016456111995541089
-0.18058369018984186,0.021029933361976769
-0.17933161179605134,0.023416337926820352
-0.16759309080784826,0.02178524507694064
-0.14780963970454553,0.015917177181470839
-0.12054431429982682,0.0070451501390861619
-0.088101358276639091,-0.0036605770481230996
-0.053375480056408908,-0.01459827257321788
-0.019534792101438717,-0.023892740335069815
0.010348947160225162,-0.029632647201558886
0.034226888721645782,-0.02885342439813593
0.04947388884759471,-0.022857360296020385
0.055110952818455516,-0.0092189655195704517
0.051558538912740003,0.0099966235326326945
0.040096646262955393,0.033376405842658476
0.022836261054847127,0.059048031429602667
0.0023902064053278956,0.084924417911468611
-0.018519349535291989,0.10896755088945394
-0.036156052864916827,0.13035724307353075
-0.05114407167494793,0.14681229555509584
-0.060469249389938591,0.15602778091641664
-0.065645600800572038,0.15934645774786368
-0.067493040174920235,0.15735294854169246
-0.06716614899859831,0.15100291281392383
-0.065847342322184685,0.14142023918601959
-0.064459949762887034,0.12969536298461709
-0.064009084819104847,0.11690241657537774
-0.063559811549911263,0.10326810127875551
-0.062265119884496331,0.089305299689862741
-0.059180333129505533,0.074687152418450101
-0.053025235665622415,0.059071001959163726
-0.042644573956355784,0.042048655262439033
-0.027271141403772885,0.023287215798594711
-0.0067292827884595343,0.0026490974766375242
0.01938362958152768,-0.020656274663318933
0.048344797282452383,-0.044937618423200529
0.078775931935752108,-0.068898184804594462
0.1082075304174067,-0.092226539965783019
0.13433210556076927,-0.11404275690319961
0.15509144652023676,-0.13356977133917031
0.16889130580595429,-0.15022774656880061
0.17472773029833488,-0.16369113420124978
0.17165833566473093,-0.17445637820762452
0.16028582125722382,-0.18177066086488661
0.14289090916293901,-0.18632995903900293
0.11888416515117585,-0.18829747356810636
0.089138352422665296,-0.18808705178896201
0.054635902411528554,-0.18612120441236121
0.016466497679252484,-0.18278781775610548
-0.024127400951222861,-0.17841525446583817
-0.06475071892311593,-0.17456403520788838
-0.10502139623247156,-0.16948476999598894
-0.14294495596326601,-0.16332762392701095
-0.176029194767231,-0.15635647633257024
-0.20176571919911707,-0.14875835577707602
-0.21768940352556546,-0.14082716737997403
-0.22171529058500644,-0.13291963200156978
-0.21251992356557661,-0.12537482673275166
-0.19119775746022849,-0.11822793735761193
-0.15697103282554456,-0.11146250842312158
-0.11247654574564604,-0.10603283259684411
-0.061842930083943579,-0.10027868136494834
-0.010141830596943855,-0.093237222860733479
0.036977888453411573,-0.083853949292769944
0.074008963304195985,-0.071163761251416074
0.096372436862400546,-0.054488923360537844
0.10022157284510368,-0.033064347140105095
0.086099049074323405,-0.0078355450213758102
0.056346854158007699,0.018993674547287311
0.014490273310664475,0.046843477361816731
-0.033572397756635342,0.073788622200299886
-0.080913897987384784,0.09771840008709641
-0.12056654049665809,0.11663230758209155
-0.14656250504733331,0.12895350776688866
-0.15467515729201997,0.13325131649378444
-0.14367548840020716,0.13034918829396255
-0.11519002414165067,0.12138211020000242
-0.073120261507918005,0.10803947802231065
-0.023654525519427323,0.092807931538962454
0.025840964869413806,0.078448539483597382
0.067941725323115931,0.067602703642882594
0.096304459344381504,0.062402406259826071
0.10683058264655354,0.063219604663879783
0.09810058886402824,0.071323184014123478
0.069767436081232426,0.087488122949697114
0.027482719951216976,0.10843805252868123
-0.022333072839023957,0.13142224688272744
-0.072169589137440024,0.15329609981761752
-0.11454271637944566,0.17094742923275
-0.14307416270078482,0.18170837458179892
-0.15318512322285704,0.18350941552039121
-0.14349292600355645,0.17532797685958618
-0.11403953422318225,0.15911352215243646
-0.068781349262499611,0.13457654248003112
-0.012941706377248112,0.10358718300375787
0.047260614932120332,0.068618478411991188
0.1055160052121044,0.032423061091749875
0.15626222035080181,-0.0023041431509135731
0.19403704958066126,-0.032300509853293607
0.21804040487218024,-0.057563921497414197
0.22928880239800414,-0.075608462193109321
0.22749637023528918,-0.087262926510985689
0.21485981976742494,-0.092918253416584343
0.19425316864689804,-0.093264325222357405
0.16870941216939941,-0.089101597929601234
0.14098201982171543,-0.081191163032794084
0.11269410972086137,-0.07146476983737686
0.086377495324826248,-0.058455709061246398
0.061991458979787827,-0.042533667849208125
0.040553169209845502,-0.024182638280959238
0.022155424041279473,-0.0038903547643077043
0.0067144876159738994,0.017596517370350829
-0.0058772176439437582,0.039275351263252017
-0.015671011940141946,0.059971381883343854
-0.023220949996572419,0.077191910417531359
-0.027987784043215377,0.09223652680800376
-0.028947588899153588,0.10292219161188847
-0.027522413592534933,0.1102417289346645
-0.024505970484158909,0.11460936675649436
-0.020950094203083122,0.11669289831977919
-0.018040436216232865,0.11726350997679288
-0.016902059963837375,0.11701522879830516
-0.01744164400404984,0.11509012179349805
-0.021237119865619165,0.11373930101140507
-0.028533681950749231,0.11155581951799423
-0.037679424884148556,0.10845586352362571
-0.046870757648909564,0.10334063472861581
-0.053819727731977685,0.094843184206431522
-0.056099291833850547,0.081614373695365644
-0.051559328892991939,0.062657637243010933
-0.038929106950091108,0.03635351578200878
-0.017808875239912019,0.0057492323287645737
0.012223929419626269,-0.029543161577603189
0.04804080710185249,-0.065304085193430325
0.086427282242645606,-0.098073430908768286
0.12356685462826979,-0.12428303550306262
0.15557284768049345,-0.14073147261626301
0.17905972971858253,-0.14503100781332853
0.19221815832510686,-0.13651359107859093
0.19364960397913272,-0.1145135705690495
0.18228375031627511,-0.08039193972803052
0.16171191058221587,-0.037042354809691869
0.13541770693362606,0.011906539023410063
0.10754481937897253,0.062348989670294064
0.082259147562347951,0.11020009852883979
0.063101992399503759,0.15187690945056909
0.05373403375067979,0.18525169380646705
0.053259623400604562,0.20775060228671918
0.059781247373306388,0.21996760678813462
0.071885906595171065,0.22211587632730051
0.086168342100486739,0.21600081751541816
0.098718012015600293,0.20414845558725456
0.10576292024823804,0.18941472857241445
0.10429308968090535,0.17457966724263671
0.092377727853788602,0.16217140005276182
0.070063963688823602,0.15372512881644221
0.03901253647244543,0.14930570420904324
0.0018809309023283946,0.14949709408762091
-0.037494457296049416,0.15359444148296433
-0.074845479108710214,0.16036768976998564
-0.10608917087368046,0.16832772590771733
-0.12790239560095934,0.17600288356513671
-0.13761097642609066,0.18162292153080914
-0.13548175596007817,0.18557115664408122
-0.12199078167294039,0.1861808548197981
-0.099541148785185829,0.1847543209406016
-0.0712463306426174,0.18191869409292843
-0.040652410195011618,0.17835614081558127
-0.011264182855252882,0.17461683146196114
0.013865867735717366,0.17097845073363321
0.032987193270017708,0.16793319373678081
0.043760655212665318,0.16428380294749639
0.046027304950174895,0.15923751748810705
0.039798031108557695,0.15221993841330966
0.025933969115661398,0.14256762480337401
0.0057604409996809564,0.12986064328567423
-0.019128090843944949,0.114021330693413
-0.047025613832475756,0.095346857717766798
-0.075662701757673159,0.074286921162448796
-0.10380377788690914,0.051698868201282187
-0.13151929767780074,0.029808816043930115
-0.15578936310179098,0.008507072778462476
-0.1749873485019432,-0.011503010778150172
-0.18766650318549852,-0.029680544062992264
-0.19267583046293438,-0.045652124416742761
-0.18929837483847334,-0.059175867447863316
-0.17683470858429159,-0.069149892221049475
-0.15650626873342752,-0.076401596549320924
-0.13025283442586463,-0.082292193583075574
-0.099446423759335573,-0.085029824330928205
-0.066556057066600421,-0.084023034324051102
-0.034372081908205718,-0.078686078982877689
-0.0057154603480917649,-0.068583763624612895
0.016886664672700762,-0.053595253843967967
0.03021359828423462,-0.034251336278756282
0.035395724202466124,-0.010749044376278521
0.031352854269718101,0.013581681778003308
0.019755278985328011,0.038230665728871134
0.002430010995105663,0.060953461774150924
-0.018352070993273732,0.079304014250002219
-0.040185104799908236,0.090958941810819746
-0.060828222522152225,0.094084043623104463
-0.0797503607902528,0.088608010172771534
-0.093988763488063218,0.073620837424503732
-0.10189521611461833,0.04882778321525183
-0.10445243516187809,0.01814888855422574
-0.10230461992506709,-0.014862584921296849
-0.096518587684528423,-0.046167119740782303
-0.088392256001402492,-0.0717934034030457
-0.079269508152368634,-0.08842243306107872
-0.070572154168718676,-0.094466545022225498
-0.062972533555057289,-0.088034707137297386
-0.057510310852923505,-0.072119178803486617
-0.054422207907282728,-0.047875281724490647
-0.053892010524803247,-0.019133030565747555
-0.055901804865122619,0.0094269510347761622
-0.060260171970364609,0.03296793759830257
-0.066613314586256786,0.047254470938927332
-0.073512337428274538,0.049535800479826475
-0.081879050411402393,0.038592363464590877
-0.089886321141818715,0.014647363956166263
-0.097183297058625759,-0.01871662899201091
-0.10261071707892802,-0.056889234138621486
-0.10482551594932729,-0.09435841508294604
-0.10243875332499935,-0.12555570780596753
-0.094207878287195734,-0.14573169290379392
-0.079809292063761722,-0.15079380202451714
-0.058494420319411253,-0.14131442186447327
-0.028978188262754195,-0.11762158425706359
0.0061064181380815537,-0.083849133794502359
0.044730676014125212,-0.045100069926672773
0.084373849323055458,-0.0072138135259553413
0.12230771967128903,0.024133780064516341
0.15592503069061886,0.044298007142409855
0.18361914750749908,0.050549435483564067
0.20313661605243247,0.041775819052336467
0.21375465428844753,0.01974073781890508
0.21599715595327482,-0.012331563050546267
0.21106875093325939,-0.049575377660507611
0.20081409517657264,-0.086415578484091524
0.18739195103520984,-0.11739982379707772
0.17290183172577842,-0.1379857388616651
0.15772782038922745,-0.14423749853604415
0.14468454622685664,-0.13630739156699689
0.13442591933944917,-0.11566578568329673
0.12567740986288162,-0.084373269378221094
0.11693512946534011,-0.046288695559019093
0.10622286710844085,-0.0059083228652723075
0.091516890390264172,0.032278943509576621
0.071212682451282192,0.06437381269002676
0.04399591727000994,0.088430134551027217
0.010941604904147539,0.10121475497352798
-0.0256174147416613,0.10334894781790997
-0.063440960954739334,0.094940753106892858
-0.098903359596162518,0.077628420603442452
-0.12804342353869744,0.053690241805148552
-0.14716701629678705,0.02568319481335073
-0.15346324922579907,-0.0038860951247929152
-0.14460379410121893,-0.033369467057460897
-0.12256478173489796,-0.060089772132051161
-0.088604609517385802,-0.083154827694020841
-0.047282508684596339,-0.10152574022598637
-0.0036661797668340367,-0.11479648849506395
0.036797515146677326,-0.12291273174640506
0.069044365728544638,-0.12607368101992975
0.089114721900784941,-0.12465364970794031
0.093797204526538946,-0.11971103617816801
0.084069368967920874,-0.11130444986366791
0.062292081618934313,-0.098998871596307034
0.031441545802115868,-0.084706355186379534
-0.0037365199087397638,-0.06955888339912962
-0.037960380297654556,-0.054795052887500632
-0.066146817836534949,-0.041691964839404683
-0.084091265353474387,-0.031471293204442564
-0.089922074219568104,-0.023890831392867799
-0.080678523397789553,-0.021682550484071993
-0.058983887952874105,-0.025262226642449873
-0.025493153143113935,-0.03446591155932846
0.016494758131794629,-0.048727962857212044
0.062801224724467447,-0.066923107253389888
0.10891455570816071,-0.087472255288199588
0.15053327897670096,-0.10851500755699262
0.18273258741190687,-0.12756858227923076
0.20533826441849273,-0.14403849265984889
0.21487935178373177,-0.15514371136073229
0.21269251764124231,-0.16110697442319355
0.19965832168191655,-0.16168838584425119
0.17723424643843605,-0.15706385656368305
0.14720633780397246,-0.14772778799263644
0.11150347579776901,-0.13436769064421586
0.073393764593181837,-0.11829139011795163
0.03291132664820224,-0.099156342984654158
-0.0079227579506906277,-0.078420228891886032
-0.046866721661280426,-0.055849898685948529
-0.0816583915641131,-0.031752123465090522
-0.10990007554421338,-0.0065077925552090498
-0.12924322061818147,0.019338651184865802
-0.1376731929724114,0.045013323232056937
-0.1332925660713237,0.068932672621143845
-0.11693237064513129,0.090647086746939998
-0.08811195974061177,0.10891333520616181
-0.050160483657137184,0.12214423855498874
-0.0065554919593957157,0.12903013659623655
0.038519337580457488,0.1285165342642807
0.080690742800284182,0.11995957009157784
0.11598706004947758,0.10325100834589358
0.14122502166816378,0.079449390846585033
0.15530859194398022,0.048506063376407241
0.15755266169202473,0.013482736308859933
0.15040943243392296,-0.024618055318724536
0.13712629387739153,-0.063497580124021569
0.12177265483194163,-0.10067111686555616
0.10856438113389827,-0.1336919823248072
0.10114946229636877,-0.16039004703152804
0.10327025535608918,-0.17927890548307446
0.11351656284134871,-0.18913234020540115
0.13184445495520433,-0.18950177047222555
0.15474103142306864,-0.1811417294503373
0.17809298245622415,-0.16532332215800957
0.19727821538967702,-0.14384412428864546
0.2078947148157618,-0.1187902286147898
0.2064517259506454,-0.092269675676415766
0.18998649015193284,-0.065229192975385319
0.16010496683347772,-0.040849542600633441
0.11640275034773587,-0.018550295811342554
0.063602036151391761,0.00025432230737902064
0.0061107579516493102,0.015750113353075371
-0.051299774634432777,0.028667127383447049
-0.10410863791400531,0.040051690923337178
-0.14855697821389865,0.050979326407727225
-0.18254587094217767,0.062075940089611856
-0.20361570566492398,0.073624556912508937
-0.21241658616302742,0.086512825362446269
-0.20903911238571199,0.098653782382123203
-0.1949329439813301,0.10838026420152659
-0.17207483935697257,0.11379676994167258
-0.14271663898195902,0.11313192760445269
-0.10919598721280581,0.1051055580190256
-0.074010398775891523,0.089801765172563552
-0.039424212737986249,0.067084354210961636
-0.006373614738833154,0.037904596749214023
0.021968772487944866,0.005432361212492999
0.043497774699093175,-0.027030013221200411
0.056372963320077296,-0.055920494009406657
0.059197398014577511,-0.077920456199757335
0.051231206391793717,-0.090456268061425871
0.032045851874604611,-0.091192813701981415
0.0039678482529711531,-0.081411558322330213
-0.032139731214301449,-0.063230591693709939
-0.071914185884551104,-0.038935422918089914
-0.11126533914553474,-0.012278136305205431
-0.14586198977766948,0.01259719349966429
-0.17162003167334644,0.031746642685498434
-0.18520104461883211,0.042002871794134561
-0.18389305400660355,0.042373948030938691
-0.16758589520726846,0.03060985290437282
-0.13839688121207097,0.0098919014351356322
-0.097760737794078609,-0.018698277374352246
-0.049274751332590849,-0.051563451231912194
0.0026592178297347316,-0.084386636636896703
0.053371133975064905,-0.11274845424695643
0.098486147723886933,-0.13277009019589886
0.13498890390556345,-0.14186783961989591
0.16005985207709261,-0.13868598829785087
0.17102427908486309,-0.12294085959570183
0.16976269270880728,-0.097340866933573911
0.15807216922378484,-0.06534226157254043
0.13861561384185561,-0.031190698977378355
0.11449982811669324,0.0006967419070651777
0.088849306985401472,0.026356314280456115
0.063140375806948396,0.043370070726172702
0.041117456120361273,0.049443333137772702
0.025728088519491803,0.043811369607191904
0.016189043205348232,0.028412556919781527
0.012274868848509092,0.0058022312401823954
0.013205932320327502,-0.020743766662067686
0.017869114302478884,-0.047762805691614313
0.025032288971435366,-0.072133888099219223
0.03222199128443709,-0.092075223823885596
0.040266865049403161,-0.10527199928078691
0.048910230507114294,-0.11249645894339787
0.057028625609498639,-0.11404007666566761
0.064111949754436209,-0.11164543002567776
0.069642416927474984,-0.10758007758910257
0.073054119937758261,-0.10419060837568409
0.073733613884298416,-0.10345551046896659
0.070139620568285363,-0.10679623089324609
0.063245193895854687,-0.1143632890256019
0.052289002189074549,-0.12463276132245887
0.037518753209932316,-0.1365162880401245
0.019272392527197282,-0.14771235956287573
-0.00181013220547259,-0.15565225495687915
-0.024790288072260244,-0.15794967572282009
-0.048466783760524212,-0.15283625892159142
-0.070143939929439458,-0.13858336185228901
-0.090767000104021528,-0.11693764328071064
-0.10681601100591646,-0.089539753664256747
-0.11852126267291778,-0.058816499189072738
-0.12484475822272302,-0.027976252632607463
-0.12483963876923665,-0.00036909631664056746
-0.11774991959994269,0.020995706988427065
-0.10313925319445721,0.033884834569357633
-0.081213500802318539,0.036234571433773351
-0.051969650386374064,0.029295128925732189
-0.017942989707159133,0.015513909983851468
0.020116845855843238,-0.0037533601551844585
0.059962654847969608,-0.025587541695579689
0.098964332651171008,-0.046841812228784106
0.13439641408750019,-0.064562472986826061
0.16378766074501247,-0.076357588547671038
0.18546231693269793,-0.080476388185138206
0.19836435851690612,-0.076536591146100452
0.20190038684627207,-0.06509557222376991
0.19794888832923485,-0.047099508922437236
0.18876411541264546,-0.024263292431131029
0.17718704234069277,0.0013702130350274407
0.16618282346955973,0.027676849611552121
0.15833222274937248,0.052651724521188874
0.15406368472163018,0.073985951218781029
0.15597933054217669,0.090920829045856869
0.16274810593861233,0.10299974182759805
0.17255177447504785,0.10879265624296565
0.18225017774624086,0.10767195712476747
0.18804518605660842,0.099270672605557136
0.18611419967387158,0.083539833563382987
0.17329979807995899,0.060844392693762878
0.14644281355272973,0.032631982927137849
0.10764037887667813,-0.00075877702029595196
0.057743862235988548,-0.035789487817850373
0.0012027821670199828,-0.070831467478484067
-0.056816812969614383,-0.10281557916831216
-0.11056842047956678,-0.12843144024049111
-0.15453206239106668,-0.14452124741720296
-0.18421025651668665,-0.1485430162037723
-0.19697254196592032,-0.13847101397772832
-0.19199893015173009,-0.11544480004706416
-0.17005153070281945,-0.079684687240607177
-0.1352490051706563,-0.035498686796995069
-0.092625056599566685,0.012539628347116728
-0.047950669832871828,0.059209690326182535
-0.0069074761399053417,0.099321058052175906
0.025704450350831218,0.12842344254334589
0.045678553994501964,0.14362518371448854
0.052905210398820852,0.14344954534718393
0.048623513318594089,0.12844941354395539
0.034707826004426005,0.10152600880028757
0.014876549345588647,0.066944170672440004
-0.0064850421918907185,0.029897675042466775
-0.025002115297137729,-0.0042497384041523733
-0.036936164292810145,-0.030745328599419957
-0.038369498441512391,-0.04557314136854821
-0.029662196351746314,-0.048094012932958577
-0.012571411560408096,-0.037728053151330244
0.01283761687123553,-0.017326692976322427
0.044325791849328194,0.009406310228545111
0.079174497729200002,0.037969628780962959
0.11458592600462694,0.063765836210996366
0.14801822363494435,0.082779941630789972
0.17648157322825572,0.093428631848843507
0.20035876273933587,0.092479309954077216
0.21676139018606908,0.079589053457936834
0.22679078376354705,0.056935318749784337
0.23041297141466632,0.027340489067001931
0.22761395978739532,-0.0056541910632215992
0.21836476850208023,-0.038338174505875726
0.20270695249126197,-0.067360014587378322
0.18112016930889535,-0.08997079994632308
0.15439549092002453,-0.10489394377664059
0.12273491084274658,-0.11199569286202454
0.089403220128788957,-0.1117761984856403
0.05738538150786409,-0.10572909143073037
0.030026610382474558,-0.095823881298062949
0.010591081379168012,-0.084141937584165438
0.0017284725662610769,-0.072542638206578428
0.0047553456670051224,-0.061854570516018191
0.019455048424994556,-0.054022427626158713
0.045702921276506867,-0.047818356398451382
0.078378711670839887,-0.043988938178031171
0.11231969706531587,-0.041908897828803651
0.14168524622911274,-0.040710595642455182
0.16079275769286305,-0.039516835522549643
0.16500298948235467,-0.037662248603412003
0.15058525388513028,-0.035421184622046589
0.11863596254955357,-0.031815248619634584
0.070947484284530571,-0.02888689229766768
0.012477043421597651,-0.026556703130883506
-0.050208466984214287,-0.02597930888579562
-0.10962855362482068,-0.028415994901681466
-0.15843478227346269,-0.034988260723030871
-0.19046118597364431,-0.046425643463627222
-0.20068938394649438,-0.062295775576970323
-0.18919930857696265,-0.082908452867234958
-0.15701679526652434,-0.10652614163035841
-0.10853405686884772,-0.131360787774532
-0.049909667448485684,-0.15492620500328319
0.011641994499226942,-0.17452862868795113
0.068865231192820175,-0.18764087518850878
0.11543734759167611,-0.19229064542856303
0.14583032934370804,-0.18647387694959147
0.15953212143668302,-0.17149720500763196
0.15457024791185053,-0.14921083769510482
0.13467362314467601,-0.12139664111047377
0.10379047253586705,-0.09115826266194299
0.066678709789775539,-0.061955704060429648
0.02818243771465739,-0.03712308448297489
-0.0073896277290719774,-0.019386354519065337
-0.035400887038624096,-0.0095298575037749498
-0.055274912686771094,-0.0096117792025887973
-0.067556594315553622,-0.017775521872290825
-0.070809002484226238,-0.032587769054345711
-0.065534854137054177,-0.051019675978316512
-0.052618576735926417,-0.069438506629928828
-0.033134594107982931,-0.08414846537938922
-0.0082649122965253747,-0.091954504722408154
0.020114347850709896,-0.08936300661159817
0.051361940083464674,-0.077733065322723158
0.083178967773957918,-0.056724678021247914
0.11343255127226341,-0.029173735418424194
0.13933417330494954,0.0016674092278340211
0.15781820413003123,0.032059657746503177
0.1659072344263792,0.058318423329019271
0.16120435667838134,0.077324298641602118
0.14261154871075099,0.08748219668193935
0.11044163942092038,0.086922164764434387
0.065604020840799512,0.076313653439653392
0.013173193615705726,0.056833843834096134
-0.041197191402581435,0.03075099614837342
-0.091002547555634514,0.00087178816378458113
-0.12976687197403028,-0.029868393991085609
-0.15201830804490168,-0.058792009524384049
-0.15512918378717891,-0.084342847031590271
-0.13714246011224732,-0.10448449154465751
-0.098438096524755242,-0.11801298798225179
-0.045284923974197679,-0.125743455883956
0.01505093068663679,-0.12854991233624069
0.07398366625438671,-0.12769295937421199
0.12283378732233999,-0.12457606862858729
0.15411965523393126,-0.1205275028349477
0.16289658519648145,-0.11793617977507173
0.14723425853329072,-0.11598180769032625
0.10748589018928328,-0.11354691305859503
0.049681398323544221,-0.11218522328230579
-0.018428753650424456,-0.11201155648152897
-0.087577593973180115,-0.11307435693903517
-0.14834707606787792,-0.11541168085825848
-0.19255605472270909,-0.11907256497388406
-0.21426937975341487,-0.12465492156362948
-0.21133446800070449,-0.13133914007112635
-0.18452121049103376,-0.138829967161646
-0.13844657321509732,-0.14697169994431333
-0.080107038825378674,-0.15524737781668013
-0.01794510950607453,-0.16297201014104776
0.039458633289253808,-0.16934110080616066
0.084673514332184285,-0.17351584877394305
0.11192997108349287,-0.17602962171994085
0.11984496696688646,-0.17447306045406488
0.10886909931481645,-0.1680260157191972
0.08290529181155612,-0.1572862000714785
0.047736769803350752,-0.14274200614442217
0.01020113194866965,-0.12527034009515914
-0.02293028005828545,-0.10600712523845117
-0.045999276151896112,-0.086165749226871549
-0.054716323373075124,-0.066278021983596183
-0.04829069261957171,-0.047798880241636262
-0.02899172114238821,-0.031717504668617003
0.0010018942247618067,-0.017252707972945522
0.037101249441325326,-0.0036966605151700469
0.074028048176965414,0.0099895781916581276
0.10665262416559713,0.024945892887668956
0.13073866052112834,0.042142104897726324
0.14255676741093004,0.062670742602663851
0.14213969174011723,0.085380320193383694
0.13117328324285638,0.1102937071386995
0.11063860038632574,0.13516694020453371
0.083359935124659459,0.15785843695899343
0.052564602863998777,0.17608214663856986
0.021393018277771257,0.18777331247313858
-0.0074860568129464684,0.19145237519774644
-0.032289594018464762,0.18596921912829972
-0.051212395797088188,0.17235356209600711
-0.065024883163618791,0.15334099860154474
-0.07258674103900889,0.13040041026166727
-0.074036865374863342,0.10656135538013921
-0.069717580796026371,0.085085550530017234
-0.06008467679691374,0.069004363138228719
-0.045695199312548569,0.060666604997395256
-0.026339008877872595,0.061925127912430836
-0.0048646069383675326,0.071625307261356894
0.019348133385576709,0.089836436005454295
0.042985381888186944,0.112954022972077
0.063847406893566397,0.13755231774246626
0.079750046425648438,0.15992942355284798
0.088778926945478315,0.17660564063960302
0.089564286765413698,0.18477364277246386
0.082457717740777342,0.18171011156018441
0.066598778805075573,0.16782273629245609
0.042822052780572425,0.14532817771885945
0.014089511087550938,0.11444512868590483
-0.016398993893262003,0.077455866054582462
-0.045006055809632683,0.037096081495174522
-0.068105042562927667,-0.0037727230377884438
-0.082558226583510044,-0.042455315572251434
-0.087080707112291267,-0.077198135378063387
-0.079334916890260967,-0.10552607496995133
-0.059696128719963333,-0.12553773297468576
-0.030161416703880367,-0.1371310854883323
0.00620469539799376,-0.14014223718450183
0.045469031343419439,-0.13482453139597628
0.08334031430068653,-0.12179027845958464
0.11573130342317413,-0.10198426890446802
0.14058635369011974,-0.076129719074504887
0.15399540665700751,-0.046532764890746446
0.15412071250372567,-0.015823972397135067
0.14258000439515972,0.014343409350951027
0.12140861040698682,0.041611538957583218
0.093618293053651117,0.063653756791991312
0.062695774185674444,0.078412571763210315
0.03204841722125365,0.084366210230769123
0.00392979183176583,0.080223974580759291
-0.019044152771240275,0.067522774926880455
-0.036120336033708039,0.045676611718534939
-0.048083895655415404,0.018539865874030653
-0.056573664043935462,-0.010660435988825878
-0.063868725900450896,-0.038395250997983771
-0.072368637302395941,-0.061251620615978906
-0.084041943828186236,-0.07634255836812831
-0.10123812508685108,-0.081465745019231386
-0.12180604937442643,-0.07580771629459053
-0.14417753946569867,-0.060367164714923149
-0.16570845851513297,-0.035897218980178176
-0.1828642931417423,-0.0046352161807647887
-0.19198098130111738,0.030544062398668827
-0.1899118241356855,0.06647769760989454
-0.17463886916567886,0.10007031904704068
-0.14592931488345318,0.1280510369177221
-0.10473684851619917,0.14961563698920916
-0.055098986248969639,0.16152985805035561
-0.0010898912413656906,0.16478300080007044
0.051675345666809036,0.15967030239716165
0.097310822148642631,0.14694172631529892
0.13045034372652967,0.12766273079306362
0.14699678031067656,0.1031123169813022
0.14564361287397889,0.074172667688510177
0.12474355031901563,0.043106727759475265
0.087468092931358002,0.012307061756847874
0.037334771534648876,-0.016965688078459176
-0.019992375914029276,-0.042835183969527978
-0.077964163070428444,-0.063465791140427372
-0.1299712702103801,-0.077221518968594083
-0.17017097272369131,-0.082867312333117504
-0.19549587023157294,-0.081077415658722257
-0.20122915175010567,-0.070184517389110926
-0.18867966690480642,-0.050715546208123213
-0.15857122134433246,-0.025148402292824196
-0.11447909160818973,0.003767254891988989
-0.061358654372276653,0.032734764099830033
-0.004831866469508183,0.058309696857855732
0.049585872637033658,0.077363834645072488
0.097757958038439299,0.086986581834309087
0.13556511587600595,0.087021482121100294
0.1612289643578084,0.076769346719950934
0.17502596871114823,0.058484846629796756
0.17858777390592961,0.034988249205413866
0.17463169564968462,0.0098213904550250499
0.16636017327513791,-0.013267681292552402
0.15681970073436866,-0.030875751510824851
0.14888506742775948,-0.040629594758018882
0.14256722395569332,-0.041080836446147274
0.13911379267281909,-0.031547545669231791
0.13604700232941205,-0.014066673511036213
0.13102160951710426,0.0087881646716077046
0.12143449937175312,0.033782041595888233
0.10502374267042104,0.057543148490669167
0.080424303033012248,0.07709452204304601
0.046284441729848892,0.090493139463584463
0.0057676138623370746,0.096784352267706181
-0.037187740798661606,0.09502069684653569
-0.079526234610115695,0.087733308645404684
-0.11673145380555089,0.077387098469951704
-0.14438763673814412,0.066870843246647896
-0.15883050308309368,0.059009823791689502
-0.15771130420365076,0.056107436427589745
-0.14057074698099414,0.060143336260727646
-0.10802412145378257,0.070776383104251578
-0.064338970003902041,0.086572255500851
-0.012781740998998916,0.10640334891681791
0.041517130638587717,0.12794114542453697
0.093103749170888872,0.1485830670924444
0.13684757190717908,0.16584637731630497
0.1685303652220303,0.17772177370626768
0.18659626098344007,0.18274819412103249
0.18736796458780131,0.1806189646513309
0.17330590872744156,0.1725119606208288
0.14474783824676013,0.15896381550302965
0.10471408443469254,0.14157341852772964
0.057217720539116591,0.12218030831881053
0.0067786004506162501,0.1025925251403569
-0.042087909490379861,0.08435159271207017
-0.085525145295944668,0.067640811757147687
-0.11986056486121968,0.054688298244168036
-0.14376621891248062,0.044666988260589159
-0.15560613831153042,0.037991069687287188
-0.15543691001161505,0.034115193667753577
-0.14428577195542264,0.032218944993589571
-0.12389601458539409,0.031355009699333795
-0.096431349657603624,0.030593501050977228
-0.064002318957964002,0.028586114372706216
-0.028653489193444313,0.025563759857109701
0.0059529975319040796,0.021365393221618439
0.039755408239156603,0.015756549162907269
0.071690094858506678,0.0088569322562384832
0.10088975999317562,0.00089587721097153354
0.12656985445838959,-0.0078448563573352628
0.14793347150306452,-0.017074442235302204
0.16319316561640937,-0.025217886261337225
0.17293448288524704,-0.03384452404752121
0.17582669051969449,-0.043214438418633344
0.17137641724107858,-0.05248169755094681
0.15907367311756163,-0.061204040210728942
0.13871668951467228,-0.068784044025086033
0.1105536475377655,-0.074507697450344731
0.075400174098471204,-0.077623823836524414
0.033408811035622203,-0.077268523387009944
-0.011631755629445652,-0.073060031912867224
-0.056069752506637781,-0.065543559954298627
-0.097916392105675695,-0.054269355343548119
-0.13423816811442488,-0.039737949318003299
-0.1623772317093877,-0.022804063497947172
-0.18024741208807596,-0.0045683581328940705
-0.18659237403800763,0.013782787918383638
-0.18172310238185729,0.030604712919662647
-0.1651821304572221,0.04637502834394671
-0.1407204055289879,0.058788012372570718
-0.10949502801429889,0.069425509056913137
-0.074641893957219652,0.07885291306509791
-0.039646234328419766,0.087753724344946132
-0.0079429077231813038,0.096737338991431415
0.017498442873339251,0.10615207058115707
0.033987837452082448,0.11686514758406046
0.041176946435961925,0.12707562949371368
0.039931246888454515,0.13517126520130726
0.031038449137765219,0.14034430042524942
0.016804471272856503,0.14111105696069476
0.00017078279079289294,0.13609906572227595
-0.015693935694737801,0.12428409167337004
-0.027822321087379941,0.1051939534963128
-0.034018509969724976,0.079971730363846444
-0.032670101745546458,0.048188034172721321
-0.022560361009637084,0.01138819269637233
-0.0048586274576280777,-0.028115626084288844
0.018953809210728118,-0.067791839710648824
0.046790963118346039,-0.10495557154848374
0.076281004866538243,-0.13704051832372352
0.1050870429653125,-0.16185531804936049
0.13247917925959696,-0.17686521171446803
0.15534633326248284,-0.18268551477372386
0.17121664537211706,-0.17877830015130758
0.18117451994321468,-0.16605861479491074
0.18557901690613832,-0.145791481018827
0.18519967317900118,-0.11961243134591561
0.18102855762321621,-0.089362045717255437
0.1740999708792387,-0.056943143189649048
0.16553041580300329,-0.024770456239853102
0.15582825096599576,0.0060887787161492766
0.14527726994818704,0.03469689572156813
0.13437353822970338,0.059013849665873988
0.12328636210076946,0.077716755331075943
0.1121232974682836,0.089690627264960215
0.10101143729503564,0.094100639421443061
0.090162400418043159,0.090485621336425043
0.080092919086391989,0.08015583094612283
0.070531756281158597,0.061725603802925889
0.063818091336275667,0.036346673720371439
0.058947140252721242,0.0058797053936838657
0.056206096923576088,-0.02741291023600903
0.055808975180516036,-0.060870238842656729
0.057810214041754564,-0.091717696367155682
0.062015445854554943,-0.11741435096881929
0.066982387096289953,-0.13508357008415442
0.073342455296347114,-0.14480501086162989
0.079463477259502382,-0.14771699429358806
0.084168842653008849,-0.14396321962515421
0.085881680196861751,-0.13554212512830655
0.082994007013447307,-0.12507699970198272
0.074103129454537953,-0.11538734472413464
0.058267535928651415,-0.10900169894013752
0.035425165208268536,-0.10899270506194686
0.0058376224271765777,-0.11382513789647294
-0.02867885567691851,-0.12388252750324678
-0.065985730380250546,-0.13655809169719699
-0.10310224107193715,-0.14898605246615926
-0.1367182462830398,-0.15795932434888529
-0.16360944046563886,-0.16047759384871477
-0.18108213750775623,-0.15427837297306732
-0.1883057590268187,-0.13881809376069829
-0.18300740876631119,-0.11397474177927217
-0.16747284032183943,-0.079820939354657561
-0.14269811957228923,-0.040831229526521275
-0.1117941706323612,-0.0010333501122702156
-0.078659893468109074,0.035236951174613493
-0.047433456353418529,0.06391462310214234
-0.021876680452249449,0.081732039965970588
-0.0046058981885932371,0.085691564182251337
0.0031341653285195557,0.07651968986986124
-0.00013592084271551167,0.05508826621923895
-0.011009131473490662,0.023312460862712513
-0.02607749313131388,-0.015828137240793419
-0.041184421897222316,-0.058875187419735998
-0.052106305450084746,-0.10229448566119886
-0.055258006805908186,-0.14282158318564434
-0.048493737332756436,-0.17826527047933685
-0.030686528289854225,-0.20547790697103299
-0.0038155715363873389,-0.22390066868675534
0.029902576686082878,-0.23203768293711161
0.066364311951797372,-0.22956066944960365
0.10075246148254137,-0.21667495102761122
0.12828663248870051,-0.19404737592310026
0.14498741845179741,-0.16275531131201015
0.14740374224349045,-0.12370212343277871
0.13652945124628313,-0.079885588647265429
0.11283734342254752,-0.032096894931166901
0.080318154695447647,0.016090384535024309
0.043681412343228615,0.061959344359868253
0.0082037581573988945,0.10291430037703955
-0.021059377083555268,0.13669116652661412
-0.040017831093021865,0.16156481027338393
-0.044833582251381142,0.17596998015835705
-0.036809819356731922,0.18028831205294313
-0.017244463925755311,0.17638575759704178
0.011010938380270787,0.16472693615339351
0.043836819756071482,0.14735183582573544
0.076675043556238373,0.12673405198082668
0.10519556901901669,0.10550983348570782
0.12588007482887395,0.086187030689288124
0.13773614573485812,0.071059469068972911
0.13745209631706509,0.061025331018875015
0.12758340950632335,0.05814080789099
0.10822821112390801,0.061280781017741252
0.08179788541832958,0.069598997027612561
0.051338578908865715,0.081765722838488986
0.020110458999790512,0.096161199421399307
-0.0088078830786199516,0.11106623845149026
-0.033764021378502068,0.12501013190650936
-0.051505537376297574,0.13641665275073178
-0.060867748260181709,0.14334158397981786
-0.061689617526022603,0.145501918446379
-0.054379372463609604,0.1423581393377564
-0.039954767953990993,0.1336649457606135
-0.019870416963905724,0.11947717673709295
0.0041527290132406264,0.10017209572396023
0.028976688107525461,0.075184227705403756
0.05471032924916213,0.047213059073389567
0.079595312427302847,0.019295886794583196
0.10186049902526154,-0.0081616900907083012
0.11995896360538021,-0.03329838195494042
0.13241618423822402,-0.054241688005329664
0.13789963879337269,-0.069296514856516042
0.13532517816454709,-0.077151140158133819
0.12454447928844677,-0.077252916677884281
0.10481075727350775,-0.069597894222125048
0.075387014923506759,-0.053699289014683321
0.038429127640443497,-0.032118065170273893
-0.0041627980087276797,-0.0070637865113622631
-0.049938712463141362,0.018918780752768486
-0.096094831400266742,0.043231213800147029
-0.13972425481314421,0.063505026843517429
-0.17827618631416572,0.078405083325204891
-0.20921866321050658,0.086264482617545629
-0.2306661180111502,0.084922018916209027
-0.24192562462433148,0.076125778762970386
-0.24292792881927547,0.060989545241197866
-0.23433929808135875,0.041118908563058637
-0.21740056511311209,0.018414653299963106
-0.19370735286032215,-0.005120110151428001
-0.16404245672068432,-0.028103118833606104
-0.13114112485866483,-0.047739159615379223
-0.09743525280172155,-0.063426317313865693
-0.062882944794696735,-0.073333735052016999
-0.027974425840419287,-0.076624110575000071
0.0070835230256750883,-0.072924037595426802
0.042188810951830531,-0.062321735696684498
0.077135226034454718,-0.045341482380595037
0.11271577200305297,-0.022343230748965048
0.14591230582422493,0.0048687961267367018
0.17580134097911138,0.033618769361304167
0.20024918548340498,0.063271521326606225
0.21723150591058207,0.092196829365244162
0.22493841076693979,0.11877787971935876
0.2220806742226529,0.14149768623889641
0.20815979219750139,0.15902524458487022
0.18235517388622657,0.17048018737406462
0.14826082883515154,0.17502483909335367
0.10785792605839156,0.17157464215174156
0.064672847206172099,0.16081633021859892
0.022310492474238091,0.14328017867930695
-0.015776264574366223,0.11986697717122585
-0.046681803975298836,0.091806383730805366
-0.068365599253113349,0.060605266244617019
-0.079293549020175033,0.028542248907714188
-0.080160792953932913,-0.0035681265966364985
-0.073304495819115453,-0.032944915725241573
-0.059669451764183597,-0.058420440044862278
-0.041651652586066151,-0.078367208428537546
-0.021872810161108803,-0.091375914585820492
-0.002895274423637381,-0.096403772474043928
0.013011521211655474,-0.092932141953810249
0.022731560109474181,-0.080550926167772777
0.026559609982693279,-0.060842729470077322
0.025279960913202448,-0.036143065007069611
0.017203602974839759,-0.0082039816446182329
0.0023066568878737301,0.020197238003413432
-0.019089545154486805,0.046087467891419938
-0.046304423819641172,0.066631903054326952
-0.078247823584931486,0.079485016400223138
-0.11464908612001207,0.08329140213592659
-0.15182261471007166,0.077193472249512909
-0.1855972191371171,0.062104537043106062
-0.21433394936941541,0.039499340455503719
-0.23494308230884009,0.011942999067516669
-0.24448749405875517,-0.017419957285934776
-0.24056937754584093,-0.045280417017496542
-0.22174478716326446,-0.068608126740024283
-0.18659643037090612,-0.083758960353367135
-0.13828675526164827,-0.09145381818970863
-0.080935389345747774,-0.090988394342565115
-0.018100150204541591,-0.083597905764333236
0.044768200145680351,-0.071146319604910982
0.10184750516889249,-0.055988624141024554
0.14765011074193385,-0.040601892087587806
0.17773877040140365,-0.027232210753382498
0.18952760339501107,-0.01853902935154958
0.18247054155587061,-0.013694173912094246
0.1563580058341377,-0.014953283977623159
0.11630119802959385,-0.020360446140630383
0.067694634807608026,-0.02889986453143293
0.016821392587848701,-0.039438375216508156
-0.029942499540020033,-0.050922586249756381
-0.066910597028964527,-0.062496196189069229
-0.0891891115760758,-0.072968166241355409
-0.095288320764894768,-0.082671139063821217
-0.083792356119434239,-0.091346797982092803
-0.056754139933452373,-0.098360012977010802
-0.017186982159985147,-0.10309846514541436
0.030871600933468517,-0.1047982663191839
0.082908345195113087,-0.1026544223511611
0.13445174043877034,-0.09601762819440654
0.18241672104718831,-0.085194213122709181
0.2221493574333456,-0.069887019875877698
0.25115792482567245,-0.050606637122009628
0.26805400686225511,-0.029947731413908576
0.27213874006916094,-0.01064731901424479
0.26347253693869505,0.0041829735020605134
0.24274957234329272,0.011520055171157688
0.21119321391332205,0.0089633870613164083
0.16992941971347073,-0.0034541030544153321
0.12161310935525642,-0.027300397035967729
0.069894670022969077,-0.061121708496920106
0.016538548664344611,-0.10075167640502469
-0.035546968225778824,-0.1412072920718784
-0.08338022502493761,-0.17675302145024474
-0.12411493278303909,-0.20171125066649409
-0.15529585384589037,-0.2113432974129765
-0.17494073844549382,-0.20395689030620645
-0.18286517643777986,-0.1770765660477798
-0.17739896244629696,-0.13215284786525175
-0.16130789531668527,-0.074213304084652015
-0.13697063222963546,-0.0098117876081396122
-0.10742073179741797,0.053277681073535123
-0.076016895185331904,0.10716074339422417
-0.046083537123077258,0.14499545977980088
-0.021496894307075097,0.16112587876707318
-0.0026797105833090014,0.155087891464014
0.006961316885861801,0.12835735406669299
0.008471119197988158,0.085266658931869896
0.0023155270632810067,0.032703579467528519
-0.010481936381098038,-0.021108727458758809
-0.02851435297081752,-0.0678713719647807
-0.050146903873035414,-0.10049619747891998
-0.074190349384479881,-0.11551089730793673
-0.09818486478973798,-0.10938034129797258
-0.11969965670754498,-0.083211486660056372
-0.13762118103493853,-0.042266061630457104
-0.15040568939208085,0.0063184166250787651
-0.15670951780157291,0.054095866902715825
-0.15550055643683974,0.092648081732457505
-0.14619905069299818,0.11492333222097995
-0.12789743946562221,0.11506761726014067
-0.10234148878147906,0.093593015440835856
-0.072646641733471934,0.053176364142495901
-0.039590225388351427,-0.0014172935763334174
-0.0057802440901940175,-0.062597057059808392
0.02588718733927985,-0.12165138278528499
0.052557931585969414,-0.17005327444507656
0.071789793515505962,-0.20071458834681749
0.082459792727621356,-0.20806845599528784
0.08349061684325472,-0.19204060687337215
0.073735093671241772,-0.15383129195356338
0.056355465929992833,-0.098210544211571771
0.034169996828092547,-0.03176927060110761
0.010587054413931965,0.037927137323114743
-0.010843939502135531,0.10344616505062261
-0.026900635992636417,0.15849498331112524
-0.034549520947505165,0.1992350847824135
-0.033661941593283652,0.2222867506403369
-0.022138280750976593,0.22979437326114627
-0.0025138602888207249,0.22249353377005285
0.023080269517495627,0.20400216783785183
0.051956382356982099,0.17884498389801162
0.081242646017263664,0.15172733497753943
0.10823230177278333,0.12687869198130819
0.12973401241714627,0.10626106994177786
0.14547987955568459,0.094213815697682821
0.15458800198304162,0.089947243565693086
0.15658916593232922,0.094218758591092772
0.15165216900372472,0.10582158821256664
0.14025552360264235,0.12282959415913236
0.12306527366215957,0.14295131866718741
0.10086022477600065,0.16385913264961408
0.074699157179459644,0.18252022807376411
0.045105499380821798,0.19846759450199328
0.014046387551432386,0.21101571963876523
-0.017760356778036241,0.21872677573377131
-0.048786033474247363,0.22100058759475921
-0.077304421590479996,0.21743335606027098
-0.10153677187750597,0.20775805103867029
-0.11987018041375844,0.19183073066283754
-0.13055678097746667,0.16874035558797557
-0.1342401802983024,0.14036460215045632
-0.12985128258276815,0.10634989180599946
-0.11970775399528949,0.068400535657001105
-0.10588852900500925,0.027981092646578762
-0.090891483307270718,-0.01317490358994498
-0.077274608867019437,-0.053149540558015261
-0.067261490186760406,-0.089956647476172616
-0.062190362951016535,-0.12112146987725679
-0.062715544990916805,-0.14622981255217818
-0.069017088647267882,-0.16202675733912786
-0.078855980707792109,-0.1691419970981608
-0.089728908110903394,-0.16729560451293418
-0.098694031262271276,-0.15659090275476276
-0.10283796402983515,-0.13750932592193438
-0.099754710933941629,-0.11090816045525752
-0.088145142829627821,-0.076719830713260065
-0.067501312325355958,-0.038119000790464173
-0.038626607603457416,0.0014424680424300772
-0.0039571885328753614,0.041232700580019793
0.03331794909794316,0.079164452998347956
0.069496990358679345,0.11323386690573575
0.10086769413429497,0.14168713158594082
0.12420950158903067,0.16319287937238142
0.13629222150499723,0.17829162363582526
0.1377659804235524,0.18519485239484804
0.1274031368749087,0.18349854450182038
0.10780514104955251,0.17547525176097772
0.081489612941775896,0.16306769250395206
0.051417568792074847,0.14858335245360452
0.020573229553077235,0.13439999789151341
-0.0084096054055217365,0.1226478108223282
-0.032223896883815023,0.11435749792493792
-0.051460422724418593,0.11164107352124525
-0.066177792852758641,0.11253898919508548
-0.076020346055778662,0.11764735240408868
-0.081560207318594841,0.12539218706069502
-0.083525595811567155,0.13354453483842349
-0.082621112444011727,0.13955471662279176
-0.079418494205663756,0.14095295291804835
-0.073404680428010682,0.1348245600061008
-0.066635641396304734,0.12187276259369811
-0.057967644592858733,0.10000849419698248
-0.048949070274526454,0.071759983154545848
-0.040226921411260025,0.039149220421953387
-0.032450481230895223,0.0046696650162821336
-0.026207682845291441,-0.029096617118762654
-0.021927374409234889,-0.05986044433092913
-0.02106436070664176,-0.084645520448959344
-0.021572639369878487,-0.10491369340700481
-0.022288450726685442,-0.11916778398131826
-0.022719505914130717,-0.12939130874884255
-0.021615895586857597,-0.1370363865924831
-0.017705014800282144,-0.14362051382963631
-0.0099102251741268899,-0.15041430794694058
0.002425557870930514,-0.15820241610297317
0.020649678189644187,-0.16659900149402779
0.041887769357140281,-0.17620635428612325
0.065734116852112057,-0.18520619278936606
0.089400477090531894,-0.19302628733434984
0.11038765068102067,-0.19837528773057475
0.12623488037154237,-0.20000667385124044
0.13482051497731473,-0.19690046135436706
0.13461206587491101,-0.18839102020345683
0.12353291927155319,-0.17441234335516648
0.10394450144248299,-0.15440008821242732
0.075147326973695902,-0.13067086441710177
0.039784394497511803,-0.10245241218202004
-0.00013002091339140226,-0.070523079799089061
-0.042499754967247574,-0.035877122374107673
-0.085293448748037654,0.00030710923735712036
-0.12660227257510873,0.036692153693810757
-0.16591405428921557,0.073101635497498915
-0.1994897957189298,0.10624528059656352
-0.22548388110770071,0.13344830581811068
-0.24212236129210429,0.15407300272462524
-0.24757991555899764,0.16676069943474578
-0.24035869268058374,0.17047638379786109
-0.21955590572005956,0.16462663870429384
-0.18516358800042107,0.14916033819023694
-0.13778225557416024,0.12518954161448889
-0.080952519873065357,0.093334212808822953
-0.017640880292901596,0.054173773846964972
0.046488508792035088,0.010965127851899344
0.10568715101005927,-0.033649056174195946
0.15418030147262637,-0.076928687491365597
0.1868697350364753,-0.11625956711107599
0.20002636556688674,-0.14935928990824168
0.19168004271125369,-0.17425857651560045
0.16257676013579281,-0.19025792601606747
0.11583460441647248,-0.19605107952168327
0.056284980430202032,-0.1924503944608689
-0.0094662076377686182,-0.18026537163153264
-0.073989849527332147,-0.16075204748692604
-0.12992589469750138,-0.13550050544339334
-0.17087672171263915,-0.10632982656026983
-0.19087686144628088,-0.07538186000996179
-0.18947744904427302,-0.044814968395489214
-0.16678149700221948,-0.014883195230583421
-0.12514460955537879,0.010999324742595374
-0.068969768375399684,0.030944181927684649
-0.0038839342672006322,0.043426854910260604
0.063999165041117106,0.047414829861096547
0.12880151004576387,0.042475869083579275
0.18604358772346824,0.027925073824395692
0.23139511135255164,0.0057124271980525049
0.26137321144698417,-0.02095006234659931
0.27615620163286514,-0.051356028249479865
0.2762702946248129,-0.083147775417142952
0.26320995620496995,-0.11381473796187822
0.23910235814354644,-0.14092870997022372
0.20640673027739148,-0.16238580298039104
0.16824661360151266,-0.17532508721978096
0.1258674700354992,-0.18071573222869233
0.083610136619633971,-0.17899800042397163
0.042275834342974897,-0.1702955124497505
0.0039772488274330354,-0.15583937416942636
-0.029173311569631905,-0.13723522219902778
-0.055175568882229541,-0.11625985473904873
-0.072349434203013541,-0.094663123784490627
-0.079420793315786498,-0.074929908501646922
-0.076764411837549007,-0.056563315142700223
-0.063928925694239594,-0.041895287237666681
-0.044018645082913435,-0.030295260650035558
-0.02019116441205145,-0.021865494680958161
0.0037368347883712815,-0.016588073338718801
0.023754692598029946,-0.014354647004432484
0.036203586275338824,-0.014941504949073696
0.037020071002776461,-0.018865811551096991
0.027225534350753554,-0.024433126699726335
0.0049798553669695147,-0.029002938507145509
-0.026283524002464417,-0.032640092280281245
-0.063204383307003897,-0.033865594573653006
-0.10167807145200135,-0.031111109126254019
-0.13743804810293106,-0.022967801111490625
-0.16664891327656497,-0.0084909340025929748
-0.1862323791800414,0.011940935384928532
-0.19531154408375367,0.038183647316972935
-0.19191957502709189,0.068971528481992145
-0.17881046062858313,0.10074213489038508
-0.15846393641400072,0.12970623042806284
-0.13394537157067612,0.15174861531075845
-0.10843112219218839,0.16300759329197423
-0.08477604744006334,0.1604918858205992
-0.064630409876111392,0.14281992746267175
-0.049801062644306775,0.11001480233589186
-0.04247439041583087,0.064073885019769669
-0.040912169341797998,0.0092531652395208414
-0.044101362616941323,-0.048948738505222592
-0.050709426817849408,-0.10426035501964398
-0.059314004791248029,-0.15043927653568179
-0.068569991934490621,-0.18210351330707134
-0.078594044169244176,-0.19490990856650575
-0.085931271653786112,-0.18848679969948906
-0.091728078151954301,-0.16163416770724373
-0.093573744254927566,-0.11884464674081212
-0.090593093473156416,-0.06502329212839128
-0.082197365122543692,-0.0060815402457649013
-0.068135215171141281,0.051876583744156712
-0.048541316440308721,0.10335347293554546
-0.024157972030831421,0.14430996153183473
0.0041273810127910636,0.17176356219955299
0.035644288948720147,0.18588249053942146
0.068015965407181037,0.18713620466131453
0.09920398592407928,0.1779990450098797
0.12711404065654963,0.16187768902885105
0.14977348083089481,0.14250660608455201
0.16550443563480752,0.12335632867910699
0.17325793233353573,0.10807319533619143
0.17212447169317491,0.096807806127489099
0.16180866679535988,0.090462277702933649
0.14304878462997839,0.088146974581887333
0.11696938614019889,0.088440271440850635
0.085175325951808017,0.089577363390300674
0.049632586735763914,0.08982905889495614
0.012535220317112695,0.087815426361192939
-0.022532022205538235,0.083261068393216217
-0.055767647821997932,0.075143064834233303
-0.083060181833191943,0.063635695625393701
-0.10419978151386128,0.049627893365211784
-0.11784973929599153,0.034050672882296615
-0.12289889379981452,0.017860565242206073
-0.11856260760097673,0.0018783684167924595
-0.104521370122782,-0.013302346083204044
-0.08088654921530504,-0.028254641298861998
-0.049171368309515393,-0.041058811285784737
-0.010424288674833514,-0.053070603237423845
0.032077543065884354,-0.063028772790546861
0.075053444928176116,-0.070640831187610081
0.11495808243557022,-0.075658040833494894
0.1483565282894119,-0.077900683683327226
0.17233169483148136,-0.077302180805889159
0.18356627180705609,-0.073033863376005148
0.18305936635393527,-0.067276226152030813
0.1718334574537369,-0.058619843470709823
0.1511272361855511,-0.049416563273095127
0.1237061804817154,-0.04073521596322658
0.09292958030670205,-0.033541126573152266
0.06228526163196093,-0.02860234224164904
0.03490654647836415,-0.026434346436462666
0.011848885093790354,-0.028586283760172301
-0.0036607781369265907,-0.032747295690450415
-0.011547716619355801,-0.040257764448200249
-0.013029332378789537,-0.049642726233868339
-0.010182160863164619,-0.060456975425024047
-0.0057612188144660495,-0.072407064972760851
-0.0027329145745523787,-0.085315703478315491
-0.0037817425263019103,-0.099008438828127709
-0.012166995832819006,-0.11407856177660448
-0.026358202595943684,-0.12811844922925864
-0.048097511816916141,-0.14146994982637839
-0.074336425740045037,-0.15141829889599961
-0.10258180888786694,-0.15596477170658432
-0.12999103369313253,-0.15316817344154507
-0.1537857530437087,-0.14147960041460972
-0.17161821511938927,-0.12009113025144903
-0.18276325992954939,-0.087936764077707022
-0.18501799345679026,-0.048304200950659161
-0.17829862968318697,-0.0044147481741176097
-0.16345665214334867,0.040527336450940844
-0.14174597307658959,0.082174322714096248
-0.11477725640945363,0.11611108470099907
-0.084282544028188439,0.1384407114597882
-0.051913803035141155,0.14634890779871107
-0.018174437260076066,0.13725974666943275
0.01417167041349056,0.11365227650248799
0.045216179316176074,0.077895369726768651
0.073649298069175306,0.033825273881328513
0.09902073440762385,-0.013506621331121477
0.12112962453036444,-0.058637852937041123
0.13995587086582748,-0.096361481152805614
0.15559039807254096,-0.12234324822723396
0.16799005002344572,-0.13304674894061955
0.17802656535262024,-0.12817994623003964
0.18402751244220306,-0.10723643250105305
0.18765913102199913,-0.072815743805485972
0.18921578001208486,-0.028103090834273571
0.18891625858901445,0.023017330454947919
0.18693579511271546,0.076411549386953437
0.18346248125399628,0.12808438250190587
0.17894814269730508,0.17390751614640856
0.17356664509176342,0.21170043155271062
0.16765884361656991,0.23928267080668805
0.16213336953144056,0.25479068402960103
0.15780036634195807,0.25711671757358523
0.15543995775586505,0.24571847106593547
0.15565227359984407,0.22067094517088551
0.1586989273074946,0.18277545565553818
0.16529360890775002,0.13462485271469876
0.17316301608172693,0.077116811855912085
0.18140076365602653,0.015353482791455047
0.18792352678235796,-0.047252527711870565
0.19065982409498053,-0.10559724372515081
0.18764160591019366,-0.1542460178654052
0.17729939873237438,-0.18804738663736459
0.15873168927994674,-0.20284871281936248
0.1309782293556051,-0.19564270182253196
0.095978190984563588,-0.1672880899257764
0.057203219502907299,-0.11928220396661864
0.015834695170518012,-0.057171411339691967
-0.025180237523797042,0.01209586413122748
-0.062751006611318563,0.080430805616744677
-0.093999856268581775,0.13965068731608699
-0.11659856314921199,0.18260263833679874
-0.12959323639925321,0.20326327164087546
-0.13165222471126264,0.20110355785430234
-0.12311308876341272,0.17558715917988221
-0.10557173911863434,0.1318541954629262
-0.081221802624209721,0.07648984286243482
-0.052772102607104888,0.017472714499213879
-0.023139241364514857,-0.037002228068782866
0.0048555902362863428,-0.079715238471746608
0.02893248386760125,-0.10599897323824831
0.047316494868014279,-0.11276554727436811
0.056998671102554271,-0.099275777343294402
0.058905641575522791,-0.069781401048834513
0.05326460866477857,-0.029799540145935423
0.040786584899923414,0.013876009282907328
0.022549741195385581,0.054234922289618723
-9.9367311413381707e-05,0.085084066266814556
-0.026916299082420988,0.10282405807028325
-0.053764453835887148,0.10413281004575733
-0.080869113835704401,0.087481076136508393
-0.10476482871635218,0.056607077168587663
-0.12349826757337277,0.015690686816502927
-0.13547505295250245,-0.030077755921778904
-0.13957907617129792,-0.075303263930071043
-0.13525575133237283,-0.11513825545923768
-0.12162405271170459,-0.14642737623107016
-0.10032965064342018,-0.16577446052888553
-0.074151554915412407,-0.17390622996742308
-0.043240958914451531,-0.17046857572084415
-0.0093212429576079499,-0.15721125131822816
0.025728251235853917,-0.13663188731516074
0.05999241818125596,-0.11149638277438154
0.091630520713029059,-0.084391307800771156
0.11804105150041665,-0.056079245109717561
0.13953594205028633,-0.03034236077543841
0.15352714153749958,-0.005730486853368722
0.16035606989969806,0.016226159638445047
0.15967030239716165,0.035921964857037317
0.1513686572156713,0.054130067685255912
0.13566544730591965,0.07169370303269329
0.11319201192022506,0.089213567326423021
0.08640755541784885,0.10623193151037055
0.054764244545328654,0.12348343741304692
0.022182028865566385,0.13784145457494332
-0.0095674816580652369,0.14906228594200288
-0.037279369111720854,0.15517822410436935
-0.057551477952537886,0.15411527227369795
-0.067233895166949983,0.14409621588438104
-0.063958106557398434,0.12406104106922693
-0.047212082015514266,0.092731032597290541
-0.016706494734650072,0.053266045466315977
0.024667750139670225,0.0088667986956036064
0.072827302417172807,-0.037178132903173934
0.12203088042095156,-0.080356854557217056
0.16574071507328217,-0.11605277687271293
0.19751605075564146,-0.1401825121144509
0.21199518514657051,-0.14981283602549184
0.20710545231768313,-0.14347158626238865
0.18007006725488056,-0.12191064059228909
0.13367117399032424,-0.088466984111867805
0.072739793634827951,-0.046811276823254998
0.0046964695095254071,-0.0023630702026630488
-0.061608334872609624,0.038958953383535819
-0.11716051915379969,0.071526563858965095
-0.15415053089961372,0.090771861049741109
-0.16592674376033145,0.092524390057281594
-0.15283976939612809,0.077718936858544641
-0.11521332162638935,0.048824619125470342
-0.059714729925809423,0.0083011460941278745
0.0051808182265486403,-0.039009858460503651
0.069512698570984868,-0.087470503950210624
0.12333295911749734,-0.13138902329205993
0.15821802989734993,-0.1657330811843532
0.1683688656722703,-0.18578440825794851
0.15243322703974066,-0.19099314433379413
0.11111064210361155,-0.1799966872820763
0.05113752707251315,-0.15472277790337022
-0.018988065885586897,-0.11775253439295072
-0.089393696343695095,-0.072427290394975571
-0.15032972976192316,-0.022389282818858838
-0.19361263159165548,0.028811465738747304
-0.21323598806686361,0.078550009316786032
-0.20788138839485443,0.12360175842421245
-0.17983979587227106,0.16066882726174822
-0.13338633175867201,0.18915915759550117
-0.075738408935409701,0.20798693092115506
-0.015354396121193915,0.21644063895422405
0.03932991295998297,0.21419119502569178
0.081082024682256074,0.20137521294711011
0.10386819620419734,0.18002938043507033
0.10662831155502335,0.14980638795039355
0.089783814413252117,0.11250292126084975
0.05599821196702888,0.071811713985507258
0.0098832294346692506,0.03161836422235173
-0.043006811119910206,-0.0037824419553076048
-0.097019334160183365,-0.030184135830217604
-0.14713322630787462,-0.044058884425261922
-0.18854518180952479,-0.043332632347389329
-0.21977929436102886,-0.027514991178911007
-0.24133719121767011,0.0031236858562039547
-0.25181522031399711,0.044001489088872824
-0.25189277249677056,0.089820048973202518
-0.2426970075293628,0.13428042695949305
-0.22552691664590208,0.17092461809745643
-0.20169426986795561,0.19405350723914533
-0.17268342740390624,0.19865119810419035
-0.13988551554997208,0.1845095758620319
-0.1036458186430612,0.15144273172116274
-0.066953227013837338,0.10344211404208382
-0.03221218736728617,0.045902531087514117
-0.0020492433164711458,-0.01460617634339951
0.020942641191276732,-0.071297798929924397
0.034567234969583964,-0.11815177173688993
0.03724820643751095,-0.15206192561947765
0.029365904488053662,-0.16924387414699868
0.010813933262003615,-0.16839961672207046
-0.014658068581261577,-0.15349646815605472
-0.043052569818695749,-0.12907972316554456
-0.069674977818567616,-0.1007940328031089
-0.089780687715345434,-0.074466227615246822
-0.099296772507345629,-0.055194623129699909
-0.095315666739034355,-0.046771888593194033
-0.077703251738791168,-0.050340146794374138
-0.045915922874935212,-0.066148451591957216
-0.0048163110614349892,-0.090993018699126696
0.040452329986124365,-0.12075671664501704
0.083878629330462834,-0.15055632089377741
0.11944762348909349,-0.17552774068086649
0.1420268502931252,-0.19156577703675848
0.14906227018580412,-0.19497839097607436
0.13799887719572307,-0.18569050066116113
0.10933414151249096,-0.16597026337593726
0.066982442962110103,-0.13655835094501118
0.016131183575695835,-0.10056881968966191
-0.036944766355916467,-0.061652432246100591
-0.085775188030194072,-0.023418441986917522
-0.12459916996034302,0.011086460955839659
-0.14821766995582603,0.0406890669321366
-0.15625951716033254,0.062929164341347862
-0.1467840857767973,0.078408675277408177
-0.12352893752893233,0.08796464394696292
-0.090491509878175044,0.093346104073847233
-0.052538360105106353,0.096650140782132243
-0.014644971062344249,0.099924023490375408
0.018812992874039178,0.10481372586947507
0.045908933803546534,0.11175501269975834
0.062442412714255657,0.12226004698054632
0.07021478402937141,0.13390314166422337
0.068746347999618027,0.14708080800318846
0.060035198359123181,0.16037534201722436
0.046817586163518665,0.17208788869470396
0.032050650203118987,0.18050787856887288
0.018406977491643453,0.18417385874548081
0.0087876824991550764,0.18078869623505109
0.002826863919539015,0.1716586652980272
0.00041316921100617018,0.15805137382768233
0.00073055919332185807,0.13979284780668341
0.0021817678205422256,0.117993263311644
0.0029302044126103366,0.093940908769466661
0.0012710024276500322,0.068914427793056621
-0.0040489946033490289,0.04401915274395176
-0.014170359183792487,0.020629921506830493
-0.02824547026441317,-0.001818873407940955
-0.044747190427134827,-0.02229398052686386
-0.062893795284700529,-0.041559272375988547
-0.081103071893211268,-0.059864847179511009
-0.097820519050306656,-0.077363791754688771
-0.11176735402091816,-0.094012283178826705
-0.12212249659311207,-0.10952882096524794
-0.12805572779201893,-0.1247159278239824
-0.13038513182759295,-0.13735935729310567
-0.13097821914123661,-0.14527028989341603
-0.12976389222588436,-0.14932910934746774
-0.12767685679858037,-0.14938863896611701
-0.12557630062833847,-0.14560048097415207
-0.12413117000212684,-0.13837731928111729
-0.12376293123688202,-0.12829302311886037
-0.12335160396419569,-0.11649640551889894
-0.12521110217457235,-0.10251983004661763
-0.12771382430875394,-0.086919000375975886
-0.13190088454194551,-0.069314565764207567
-0.13774249029999433,-0.04928642764266377
-0.14504924681330361,-0.026320501256183144
-0.15345592777203293,-6.0324473200496732e-06
-0.1624103572315003,0.029735963485805646
-0.17024807135310815,0.061141364555339577
-0.17744748871780516,0.095375373992563059
-0.18307711010907546,0.12903453859164854
-0.18593427071834265,0.16077068595557129
-0.18497861170001551,0.18773306296521444
-0.17926260467715907,0.2068269449476125
-0.16806876629099515,0.21516988461341222
-0.15104977061477132,0.21060421900599768
-0.1289048495088278,0.19199209787721641
-0.1014180946287592,0.16066197759482811
-0.070236993918886229,0.11712063224226345
-0.036913839011996866,0.066829526894180424
-0.0036345597366987305,0.015103313839990123
0.027161557221701806,-0.032227607429819567
0.053036406782690823,-0.069575180534665784
0.071834895459684384,-0.092364242511320999
0.082139235488605966,-0.096399148851109714
0.082762560344655706,-0.082865329818089209
0.07404588640573892,-0.053295320969207895
0.05671010755499363,-0.011203198024276165
0.032477323442953468,0.03819449696281902
0.0036711317406376552,0.088889352070400732
-0.02708362836690521,0.13491604746629482
-0.057202748951105199,0.17117003241196244
-0.085400516887785993,0.19464052355423203
-0.1089714305594167,0.20256102586372196
-0.12604334977171952,0.19681912540755203
-0.13769525971555835,0.1787319048950331
-0.14485449791050722,0.15212497330344174
-0.14898254229363894,0.12178544997938338
-0.15174869915867659,0.092724264331554271
-0.15467281002684805,0.069437856513763468
-0.15898295316251507,0.054355189420220232
-0.16502441584650704,0.050400263785475033
-0.17105857748249814,0.058733377052568779
-0.17687601365279448,0.076761964320201118
-0.18073150912509028,0.10146887188122407
-0.18057288333641094,0.12899950984510075
-0.17442921217839044,0.15525773970784718
-0.16082005892555681,0.17648738301054476
-0.14041109395582824,0.18845520650523062
-0.11207321788071417,0.19156525859139178
-0.075882176354328604,0.18427628981134714
-0.035922461741016813,0.16797967089361487
0.0042091923156900883,0.14429845313204112
0.040574259063465748,0.11528141138678621
0.069446609640222839,0.083044603525572872
0.087869719334792262,0.049480315068775434
0.095056656660980704,0.014777983131051267
0.089097548314091085,-0.017587380047336239
0.072918579589094049,-0.049011295143749474
0.048345222531524887,-0.077522019856305316
0.019386876459021929,-0.10274171733479688
-0.0092225763519010063,-0.12447440194420152
-0.032699079917514168,-0.14259015503627853
-0.046925022042102318,-0.15693292982828139
-0.050393763044620156,-0.16671271406735766
-0.039881948091623799,-0.17266317058853481
-0.01736241706493423,-0.17356129114377766
0.015042694114978107,-0.16977123409505809
0.052993785125429266,-0.16113284953561149
0.091116801419928867,-0.14758532063736807
0.12382809331659989,-0.12923938223917764
0.14623109902938239,-0.10644115217538537
0.15549602025296247,-0.078517059686622856
0.14930801552132958,-0.047965099712145527
0.12967291813954024,-0.017498663319862724
0.099344922844595326,0.012946112351396932
0.063539266309779463,0.042122630093595077
0.028586127790628395,0.068882641176648732
0.00091705713899833843,0.092290942830581993
-0.014012000937422251,0.11172623961308022
-0.012126809603491894,0.12602376691024694
0.0061746882534039335,0.13697954866939374
0.040776752793593482,0.14421043901971375
0.085416134386048781,0.14928497606726507
0.13319073123571643,0.1532666018634079
0.17630530855741577,0.15709930386942908
0.20728645155751632,0.16146503055001418
0.22017736108324593,0.16669051731284032
0.21281923056302202,0.1714175481832558
0.18254290644624593,0.17767736828558722
0.13376714568344897,0.18275871257016882
0.071112267549148261,0.18742296403667497
0.0023902834943027198,0.19089715366421067
-0.063425061758810602,0.19224290052839632
-0.11750210362468021,0.19045411812618357
-0.15245635283030007,0.18457036210934391
-0.16326947723533097,0.17509035531137179
-0.14849472908021805,0.15952577637838228
-0.11083846718081099,0.13767574729966708
-0.054887485976384508,0.10987470696041851
0.011720396627317947,0.07680698551439584
0.079962524441856947,0.039671408189405143
0.14073407279521921,9.8112711043297604e-05
0.18614201177244891,-0.039988019629518305
0.20929516062524303,-0.077612987282527052
0.20957490802325274,-0.11266597037830484
0.18769343278294162,-0.14145091959473483
0.14725312120444542,-0.16418547622944182
0.094262540696686783,-0.1800880994108478
0.035946235603694712,-0.18866049431976054
-0.020383149484764069,-0.18965953900542384
-0.068393318658645841,-0.18306732515463747
-0.10413414153085787,-0.16814103158809282
-0.12425670951382423,-0.14688189583985761
-0.13039566586742435,-0.11892664733373012
-0.12384464941018489,-0.085773630724915548
-0.10849861835546541,-0.048470463379561332
-0.089172689342531877,-0.0081687251245100411
-0.070766960181898,0.033855633521353817
-0.057489439626484132,0.076170447646697503
-0.051329180830058233,0.1180871613397188
-0.054946983720777311,0.15667112044791043
-0.068020608995980184,0.18887015119695183
-0.088522916248711128,0.21369227727334023
-0.11347737107667517,0.22935398056803133
-0.13931174548243655,0.23438008824366879
-0.16243281564665027,0.22779462781872986
-0.17974269917324084,0.20930032342251975
-0.1895785734960761,0.1784866400529305
-0.18950986117895072,0.13861653673561555
-0.18138637047194828,0.089967972288538714
-0.16456841322897553,0.037053401982732465
-0.14052232806464487,-0.016616125507516569
-0.11123118224788259,-0.067582122817658102
-0.078868945393756218,-0.11277521287246457
-0.045494796079361126,-0.14979556259908858
-0.013369252905663697,-0.17803036918346152
0.016858125540414576,-0.19500852321067758
0.045685400768387098,-0.20299236965004527
0.071866161633195702,-0.2014892400025857
0.095396871638520564,-0.19205126838678502
0.11642177790927789,-0.17678204480695855
0.13505509392484272,-0.15809300878604454
0.15122925280957886,-0.13844320264640037
0.16515490787670095,-0.12027965492219765
0.1757542683066487,-0.10536138888240328
0.18046330898208013,-0.094282573840119149
0.1797625057889263,-0.088396110253730953
0.17289259708667273,-0.08788278599787637
0.15932234864887793,-0.092354427833602676
0.13891576482887333,-0.10094846580399233
0.11206565180519305,-0.11245114513092513
0.078468874860476698,-0.12561585025439018
0.041548149962773957,-0.13906343682684835
0.0039240101994564482,-0.14954683736934923
-0.032525467132258332,-0.15718512019746561
-0.065358175131166832,-0.1609407278437488
-0.092370175035076635,-0.15994522607423245
-0.11181337670512045,-0.15353668959451169
-0.12255411238481344,-0.14130953862961096
-0.12433817552336998,-0.12261602543325058
-0.11731229161300374,-0.098288654253952501
-0.10160735834630502,-0.070176135887347335
-0.079197006601762668,-0.03831787332775892
-0.051806600157591115,-0.0040315435179455912
-0.021300924166166819,0.031085288365713615
0.010451578715510055,0.06527274156382229
0.041668273280895722,0.096759243251946708
0.069397986464274294,0.12411020947610153
0.09371177751065711,0.14615370730447105
0.11477390636591354,0.16025341192026854
0.12993045269102194,0.16752171779864822
0.13794879305388671,0.16823781376290528
0.13783085353130758,0.16307355632788062
0.12897064784341081,0.15299573631675159
0.11133657797014181,0.13915870738089031
0.085086556122445367,0.12261619482071662
0.052599561822155826,0.10445977201052306
0.016484316522523745,0.087596175054130407
-0.020210460250916319,0.071553576302947217
-0.053785549318675192,0.057039801537493086
-0.08046072692898841,0.044645500294329538
-0.096838089725458834,0.034829002977785503
-0.1003815931299563,0.027883046784629967
-0.090764599462702197,0.022962480819127551
-0.066429701779256473,0.021025548741552633
-0.031301825967634749,0.022714350347898555
0.012711571679943667,0.026270653581100738
0.06109138307109245,0.030578441599513451
0.10852631845761666,0.034345193685817892
0.14960078110778591,0.036254221150479514
0.17955084341378669,0.035143367369967336
0.19441446310634156,0.028886543415765201
0.19373298305403203,0.018847714739571031
0.17730769274509395,0.0062903283249835379
0.14862831971743715,-0.0089576956952009488
0.11230475329854663,-0.025716969394173613
0.073958837233718738,-0.042528302812728513
0.039401954451745318,-0.057845708655254395
0.013781994339487702,-0.070247351011997625
0.00064792995161178687,-0.07918623079484334
0.0017706055865814951,-0.083468126750969152
0.018007312367433029,-0.081825486057788832
0.04584190625473588,-0.075736224569291535
0.081068815218352477,-0.066205382847344937
0.11854857446980734,-0.054522099554821464
0.1530087882792095,-0.042057643513989426
0.17983489793879492,-0.030064481295083118
0.19702578917950597,-0.018951265368560417
0.20119421781225411,-0.0098383646617826517
0.19214587491784679,-0.0040151472114428946
0.17249851617385825,-0.00014043329570852473
0.14574105655042857,0.0025385156311597194
0.11619522903202263,0.0049630543973285994
0.088322731892253439,0.0080990890033249587
0.066044983053714118,0.012784691360582762
0.052365019016596244,0.020167054163686776
0.048528447172400409,0.029962635476141242
0.053566584476035906,0.040938586990214743
0.066420746546078352,0.053772573565380927
0.084361570911202985,0.067995261135524815
0.10403695942186879,0.08299563862235558
0.12203636492610689,0.098110258045069523
0.13543485865327018,0.11270748137671194
0.14167506757710069,0.12532616765869398
0.14062562803471887,0.13707023656741399
0.1333865384373534,0.1472598665961517
0.12088897615213653,0.15604849588302225
0.10537039448577826,0.16338326259863808
0.089389722505474847,0.16913253085065064
0.075361850872245825,0.1730580463108794
0.065133658630681032,0.17482565948953882
0.059855728651875453,0.17498079271172998
0.059600362793488237,0.17179165437569086
0.061538736387411509,0.16493722358149346
0.06527698327332733,0.15452159008167826
0.068587257488271075,0.14078844348278963
0.06907825347782634,0.12431040228691091
0.064596895843086449,0.10592494078394223
0.053593621227478523,0.086610006515808163
0.034837128556357358,0.067506801600395391
0.0095884755838177207,0.048907508145163398
-0.021181542589014432,0.032046932681758032
-0.055059129833320418,0.01629861699335346
-0.089333873463991145,0.0012559525524689355
-0.12117010259539669,-0.013699993937349192
-0.1479601738841238,-0.029212102018041523
-0.16762135761095417,-0.045726743514604047
-0.18009507756972007,-0.062356781837323239
-0.18238866776664373,-0.080083826029601374
-0.17676124398858389,-0.097343225387685986
-0.16250161125564092,-0.11272363295767229
-0.14087775755290061,-0.12415601828896668
-0.11367611145455915,-0.12938646873897514
-0.082996566827470489,-0.12635798611115998
-0.051034343373088223,-0.1136276422558931
-0.018578373329710875,-0.091302545689089284
0.010728665559518564,-0.059269574140505418
0.034944669395906097,-0.020055102236731449
0.05366106176129333,0.023187863411109663
0.066478033178882401,0.066143150176106821
0.07351616704005054,0.10401991020947629
0.075318801048084999,0.13218679013814555
0.072718828992518886,0.14684443303444697
0.065764353926853508,0.14433162381402631
0.057183144153723317,0.12647861356215673
0.04640661471693034,0.093328070319488407
0.035292269889744217,0.04954331720839443
0.024448370739774624,0.00019721594074723062
0.014174283198548175,-0.048987681118224768
0.0045554323188374763,-0.092426572888214542
-0.0043816194801017888,-0.12544141493115396
-0.013788085396349299,-0.14545084083118376
-0.021037316907879355,-0.14996388165736929
-0.026335368380524953,-0.1417221713543218
-0.027777153369987498,-0.12188668179869436
-0.023937025368849545,-0.094440321387198059
-0.013568421265102788,-0.064271589882384156
0.0041050479294261416,-0.036429567931836479
0.029114192155780989,-0.015368971136585436
0.059612155895481404,-0.0037458606369555471
0.095144812521944622,-0.0037657845863692863
0.13236104501355681,-0.015753209273234221
0.16788012495494484,-0.03700961049393818
0.19767024811051201,-0.063981457968393787
0.21770886664812236,-0.092276266724827374
0.22452717774049932,-0.11733509508149106
0.21574661021211972,-0.13509811955626566
0.18996673346911916,-0.14348926795835831
0.14858410857271231,-0.13967752321891944
0.096094642643260952,-0.12306190020943214
0.035485535379363595,-0.095684528920244427
-0.027748169815844242,-0.060259627591510059
-0.087508264970905442,-0.020269923683680385
-0.13781736043007339,0.020570346739801793
-0.17355812480537891,0.058843160308619684
-0.19056307006840634,0.092050945654241184
-0.18810857162345485,0.11806155136680976
-0.1663454624179036,0.13714208265464059
-0.12810166126115893,0.14914544584257669
-0.077646160954257012,0.15533388575212551
-0.020279583643956801,0.15748557252488549
0.038370466143676903,0.15749677299897794
0.093056713482932152,0.15699226779495593
0.14081693562484096,0.15719456503713716
0.17697098262435967,0.15838222939758789
0.19975167359868237,0.1587614245268863
0.21003023940824969,0.15815551689991811
0.2095267392425833,0.15500057530662489
0.20095082708228534,0.14760282895537913
0.18749288149517135,0.13451520697006894
0.1723069553024969,0.11489515863261364
0.15936261106250549,0.089336822842575811
0.14845673476917678,0.057728551020791587
0.14101371050485964,0.023507118459658295
0.13673082446998383,-0.011578476566368193
0.13487953439874134,-0.044271581903786703
0.13439913826801742,-0.071144287113203863
0.13418130244886484,-0.089074267167925547
0.1333035659524254,-0.095717128455023573
0.13024560548704495,-0.090826146623663936
0.12640629525267602,-0.073266453871699763
0.12093199646643134,-0.044672082505160929
0.11479961179024879,-0.0082305671150780229
0.10832826717585324,0.031997099182957602
0.10157685693000859,0.071387448849607793
0.094271459056091203,0.10535049185709398
0.085838158054922065,0.12994016455202187
0.076461192148349136,0.14257427971943371
0.064418516225774977,0.14144388318745829
0.047634859716976827,0.12835608757489175
0.027525539914767097,0.10434106524059161
0.0047652370941561727,0.072727682219330389
-0.019457022863521974,0.037728910543984216
-0.04359927083760648,0.003819043898654644
-0.066023347845599364,-0.024929029737322222
-0.085485970705249409,-0.046369726159846247
-0.10120523014430793,-0.057244630786923247
-0.11123065366692175,-0.05850342394319618
-0.11767231553628783,-0.051036666114955977
-0.12203040954830054,-0.037696051928737227
-0.12622589710569487,-0.022238722909698104
-0.13222322291258448,-0.0086721250400332833
-0.14160465660917163,-0.00054972421428364543
-0.15387489326505702,-0.0012617788594025956
-0.1704733396026703,-0.0098486435449980543
-0.19097081888558914,-0.027419434146768121
-0.21181182361017223,-0.049883735731930522
-0.22948303168956569,-0.073328087425453228
-0.24008862706898659,-0.093363557779359466
-0.23998086485993761,-0.10585502392204099
-0.22642264750957028,-0.10761525471428306
-0.19687426671425004,-0.09713680236889885
-0.15357430175700132,-0.07405922929962637
-0.10074486849846657,-0.041124827517790542
-0.041489913900250044,-0.0011870682340712013
0.018495694442867066,0.041227201278266401
0.072936994102221056,0.081124753568896105
0.11583338359396839,0.11376912232732268
0.14232482008418551,0.13536380977496373
0.15072963897610264,0.14451834028375551
0.13873175356315623,0.13908363853502823
0.10721930215038065,0.12131181596889741
0.06141857985780045,0.093425125036149442
0.00747146726020458,0.059502120073122937
-0.047477693535315967,0.024341469533241653
-0.096279388101093086,-0.0072099156491260393
-0.13278416531858089,-0.030919692662621536
-0.15326003271863436,-0.042428729330759592
-0.15481705335185039,-0.041926302280669826
-0.13915095453850893,-0.030604999418435849
-0.10890012370376181,-0.0092056408042657696
-0.069308304962551595,0.019445333203737238
-0.026870222772958856,0.051833140120321024
0.011641630382952179,0.084288864951076375
0.040174658920959574,0.11350082988241739
0.054079730381875087,0.13711100947909569
0.051193991607799354,0.15324926509195352
0.032438397692908537,0.16177944444056802
-0.00029427330515410224,0.16303896614619828
-0.042678929106974385,0.15832784190924737
-0.0892405910197865,0.14939982963106568
-0.1342298792371289,0.13811052605332283
-0.17250450379544266,0.12609909393130211
-0.20046195879983481,0.11399742732029514
-0.21631160958202075,0.1032242770201152
-0.21840816644728231,0.093974739956937364
-0.21023951833838145,0.085646223132101518
-0.19538036178159568,0.077479209124107981
-0.17809839012982118,0.068577108145839491
-0.16258815581168184,0.05810824900234185
-0.15225799715525415,0.045468999701371908
-0.1493682323543257,0.031681970071205982
-0.15450366823755302,0.014626888044009519
-0.16470973511632034,-0.0042941223787069599
-0.17889102055405603,-0.025195096050907403
-0.19369108774591973,-0.047352432124033936
-0.20536856327113764,-0.069851846901200956
-0.21042485422422363,-0.09170039232128091
-0.20617888345632865,-0.1119437139943146
-0.19027202277394104,-0.12995799787819273
-0.16387998376489921,-0.14456398076047547
-0.1296136984090735,-0.15675593225703358
-0.089200910283475002,-0.16539773038568334
-0.04607496329422768,-0.17058033748008813
-0.003951462252459092,-0.1726411951279806
0.033683943825071658,-0.1720629238251164
0.064022868559293039,-0.16934149524410969
0.083953976770472366,-0.16466361239022467
0.094515836418706339,-0.15851376585630331
0.097186309250398867,-0.15043849957010924
0.092352010475696591,-0.14021290468856226
0.081879553339803637,-0.12719675488073098
0.067862051277835497,-0.11067628049827143
0.052319042369372321,-0.090078907043779799
0.036972061173504427,-0.065210124543009437
0.022567385597477594,-0.036652039225689818
0.010899072239461184,-0.0049376026607722669
0.0021125277690619572,0.026735890133769914
-0.0032846177808407242,0.056919914756699656
-0.0051752155078377002,0.08276147905287122
-0.0035814797605474226,0.10126549439731466
0.0013525153750722145,0.10972055577495989
0.0093253249688117837,0.10615103071400703
0.018505910333920305,0.088421293703042358
0.02963026396700175,0.059433543331189082
0.043018176101239237,0.019760709292399672
0.055659869707217043,-0.025954917358574189
0.065511040194877648,-0.073144835908997785
0.07041578356760167,-0.11694129268852486
0.068415553728283576,-0.1527894477635974
0.058104901356571474,-0.17702769342890309
0.038047237728795716,-0.18753552739200921
0.0098989665239062989,-0.18328959129252986
-0.022810022400124731,-0.16558902512257967
-0.058412452348957936,-0.13672174064619469
-0.093054347921337724,-0.10032384397179485
-0.12243183580638048,-0.060689852051544903
-0.14236076444797524,-0.022202848595362305
-0.14939328355467596,0.011216242514933321
-0.14156686967622809,0.035635618947033335
-0.11858962258707055,0.050397231568651314
-0.080174994096490024,0.056137749980630716
-0.031090820977946538,0.052626775860403804
0.023804584448472502,0.041532074405356993
0.078891706664424827,0.025172033260282882
0.12853979747407671,0.006156883695177061
0.16786733461289333,-0.012947927286574099
0.19247040254201969,-0.030815166658427453
0.20235309128441356,-0.044661741649897349
0.19699431751456881,-0.05165106535853016
0.17944156699578287,-0.052536114186505362
0.15358701197206523,-0.04725666788550132
0.1241051720213447,-0.036119301906331204
0.0957568271410109,-0.019695771368526398
0.072725353500527709,0.0012402235000692121
0.058640480757357893,0.026659735504354059
0.054333817076630972,0.053909897705886285
0.059756642626144434,0.082049932369722814
0.073796450212347903,0.10921449891877312
0.09413727505229566,0.13366013618597039
0.11788687141956045,0.15369665295885176
0.14204236261967684,0.16783622286343974
0.16390122179772681,0.17495781526288906
0.1811728756218722,0.17501789231558118
0.19285152066334441,0.1673749762829925
0.19805061905271468,0.1520968958230538
0.19705196192299637,0.13118547520681903
0.19039553546902396,0.10666620643181694
0.1788669476145158,0.080947551221047964
0.1633402996618937,0.056569448586914574
0.14469309095228503,0.035930196054610321
0.12287312991192627,0.02084316052051419
0.10031052136581459,0.012555381455830201
0.077642628506868233,0.01346216645079276
0.056413727930204237,0.021922704285025591
0.038077969601068393,0.036904287735491315
0.024091813423691044,0.05684099309463074
0.01575782973373395,0.079825285581167277
0.014025056906427734,0.10380609317533485
0.019096562873284279,0.1262125583668201
0.030610289512740682,0.14613734689782251
0.048643236540967513,0.161673601759001
0.070171668219766226,0.17187204567084385
0.092491852974450006,0.17590051766808648
0.11259148329270541,0.17322513880274074
0.1275218771651575,0.1636123647258873
0.13479126581531853,0.14714456354494485
0.13290460822395733,0.12369120759794987
0.12139547526902736,0.094852908547357312
0.099098623957956683,0.061966111064917173
0.069249946317014727,0.02640796095922093
0.034689449669685263,-0.010001112715957019
-0.0012031570657951667,-0.045296343386788299
-0.034932692445786104,-0.077518540084603821
-0.063313007097556148,-0.10488522434483891
-0.084017598918278077,-0.12725877148757819
-0.094993240625881756,-0.14161665209865804
-0.096508916868662614,-0.14809463942973441
-0.088399668121080938,-0.14663883414238127
-0.071978197426639828,-0.1380942662038738
-0.04924364921162467,-0.12391707697282651
-0.02258063738943732,-0.10598239794952505
0.005558504910494028,-0.086329341414548955
0.033867528405077896,-0.06743865796575893
0.059541102588506666,-0.049566876281739489
0.079735412998842223,-0.035583705360216988
0.095255787156054497,-0.024254664108465652
0.10616398547121235,-0.015122033533282161
0.11292077688324631,-0.0073697536717875767
0.11619867808796511,-3.4853929214894686e-05
0.11669797433407794,0.007770332862050997
0.11444053798062516,0.016849287990984573
0.11096120651359001,0.027190809338481114
0.10500529690328168,0.038336874621305639
0.097613132992230608,0.049839895029345348
0.088679644440006783,0.06078468315181372
0.077978524369542307,0.070150697585661545
0.065298190704278725,0.077014136826631233
0.050590059193322143,0.08073869860216637
0.035396906452402156,0.080564457890054453
0.018386262325147767,0.077966575509813674
0.00055870187536878092,0.072368309024710878
-0.016619546765042612,0.066091772698545714
-0.031560378350287459,0.060662091749321426
-0.042574676977197919,0.05750150428720438
-0.048143045760745816,0.057718866110065124
-0.047210568178961423,0.061954728894845705
-0.038156969715903578,0.069747310621554273
-0.023288316120886669,0.081824156983355212
-0.0052155491100398157,0.095909731057230052
0.014588151394918999,0.1119112546387936
0.033180630566419428,0.12855551505495158
0.047457947633204933,0.14445703172316163
0.05460864543096626,0.15826400618885117
0.052573339632573615,0.16879049510574479
0.04061867892319003,0.17419304876841676
0.018739820457425064,0.1750226775572962
-0.010359213532644761,0.17215904262663903
-0.044164131307819016,0.16471104796829039
-0.078658964581047028,0.15297264234165056
-0.10940271989662048,0.13745382069614437
-0.1321513865863243,0.1188369976000155
-0.14348866218792508,0.097939271949064349
-0.14081016976370014,0.076239822574755464
-0.12460001674664016,0.053695937619198476
-0.096540690122969924,0.032241257533864184
-0.059687492034147291,0.012283630857390412
-0.018535431494290343,-0.0051429079673135239
0.021758057011637261,-0.018985418418718512
0.056060916748241735,-0.028267241571684476
0.079946305425878522,-0.032217915013985736
0.091190197814528612,-0.029489645876193238
0.087164825019054398,-0.021517883029985058
0.067068676870382954,-0.0090000143691371087
0.033901921207762489,0.0070371210050444851
-0.008864361767137589,0.024989942624122491
-0.056872392422120235,0.043039155711719616
-0.10547149919584696,0.059377109541655836
-0.15030371023749958,0.07245381777431549
-0.18798349831410208,0.08175804350238039
-0.21571752744380876,0.086190016840874031
-0.23263052721429359,0.085388308596209134
-0.23857072252455644,0.080944666500229634
-0.23464330343063414,0.074458642440764236
-0.22271902474719377,0.067845512378298112
-0.20507008161456838,0.063029285058348719
-0.18401100194632936,0.061623922581441726
-0.16289742744764726,0.064097154524021108
-0.14137508250728184,0.071737212031860995
-0.1204886933428328,0.083055936821001722
-0.10090766534543845,0.097317287497838093
-0.082842902290052395,0.11252251572477404
-0.066401977080057822,0.12623417759607153
-0.051739740107714621,0.13592592021488434
-0.039153569468316864,0.13936068221598572
-0.029288573886022067,0.13549373111432131
-0.022360462606334657,0.12318751723528522
-0.019213482629135501,0.10108598054299697
-0.020019561544715334,0.07199447906949466
-0.024876221397037487,0.038244921431217424
-0.033534524539329133,0.0026689759115753934
-0.045371203051705361,-0.031793514987447279
-0.059428867747901536,-0.062493357544007318
-0.074703848053756461,-0.086490764861002184
-0.089941176018311295,-0.10390585027613014
-0.10270231699981294,-0.11517351728180805
-0.11307484536449358,-0.12047907610251996
-0.120506138208439,-0.12122938905196734
-0.12474343263125101,-0.11920322631729441
-0.12579236299285573,-0.1162123720593092
-0.1238313991756016,-0.11377467862352705
-0.11817506165716898,-0.11192612246036186
-0.11027479265804521,-0.11242402209518187
-0.10079099532512388,-0.11436808145671105
-0.089046392228369478,-0.11694606481039035
-0.074715755790734931,-0.11865258658451285
-0.057361356032817522,-0.11775469446214552
-0.036581602982070638,-0.11262030004178525
-0.01219037827428824,-0.10204126359056331
0.015052228405087876,-0.086795884778357965
0.044853274105452839,-0.065013437815480773
0.077588239947494905,-0.038908896283885504
0.10994486173807649,-0.009724757640370927
0.13953856452168267,0.020033930207020392
0.16389018352676804,0.047456325114558787
0.18075369870527191,0.06961238579988735
0.18844908352342243,0.083968718171667331
0.18596245326715888,0.089696183159143725
0.17336137354398898,0.084843846397285025
0.15369444915237385,0.069322347825654398
0.1277459177315384,0.045379454149619698
0.098375884028873206,0.015722900061435712
0.0688729982719401,-0.016292886809412106
0.042511128608597598,-0.047145574519525842
0.022077484153664964,-0.073661836663589109
0.01037445773375305,-0.094418529583545477
0.0065574110538659542,-0.10649286104077713
0.010361609909337925,-0.11149946401339556
0.01954267463551292,-0.10975605250029934
0.031158300320156082,-0.1036811204501023
0.041841818305535822,-0.096444321514303169
0.048335575776529985,-0.091387192377783491
0.048014831643474795,-0.091379370581229538
0.038020884572307269,-0.098405598827559074
0.019957257680066332,-0.11264833930488814
-0.004484466004205565,-0.13195155844801859
-0.033448723588352297,-0.15391034156362371
-0.063725785282931227,-0.17433689540448166
-0.091776664403812214,-0.18845364702381728
-0.11423797505818518,-0.19169241663644221
-0.12838196186193968,-0.18052794492262189
-0.13227685608074211,-0.15264788728454479
-0.12593982294069522,-0.10972578606016645
-0.10866266150434156,-0.053297356312038052
-0.083166834890824826,0.010423258905027195
-0.051933824486937216,0.07467054791336751
-0.017773007302562819,0.13210996594436816
0.016517581969640181,0.17587443273037551
0.048418171253919638,0.20056927926670326
0.076408316447906174,0.20438663863172091
0.098111454415527211,0.18480655679235694
0.11228024840286761,0.14540021133307468
0.11840370568372394,0.090560844492952708
0.11616836564386571,0.027280591657778443
0.10560449467589415,-0.036341650098879567
0.087093017889867216,-0.092202839602376338
0.061418879740938015,-0.13330129430467305
0.028923812407082486,-0.15338258613994898
-0.0066961281538740029,-0.15200924276120384
-0.044992151611134491,-0.13037158013340336
-0.081469281644786118,-0.091339047568336343
-0.11276163448901698,-0.040426180781933232
-0.1356601117706096,0.015617272455679801
-0.14747380999439719,0.069795272562260133
-0.14637909395159168,0.11583402013968885
-0.13040508912474472,0.14991156129007904
-0.10215262959682213,0.16770250956213067
-0.063618487586152642,0.16967412440799717
-0.017848637718535391,0.15671503409374091
0.031167170495563362,0.13201522257795117
0.079108255656121312,0.09987839113879303
0.12178710009350356,0.064978468908531803
0.15558647144005666,0.031628526246299041
0.17836806721783785,0.0029906948106628163
0.18778310504868653,-0.018966467146421487
0.18336094578678674,-0.032512836935126334
0.16612282603873363,-0.039605394620385773
0.13793482862959489,-0.042293235508120461
0.10143392755761711,-0.043153620008218006
0.059727830588875035,-0.044766659542417798
0.016097799962676643,-0.049247073947834522
-0.025334045334653759,-0.058462435748147468
-0.063410226821897106,-0.072201680908740448
-0.094212080162489484,-0.088696631789178804
-0.11693531963707973,-0.10763433962738987
-0.13028048642999454,-0.12732677579412233
-0.13339220513440669,-0.14597020602917957
-0.12591097516372457,-0.16196689659905195
-0.10806597519200101,-0.17417998062319803
-0.079491181324733054,-0.18226781446938523
-0.043750336055750384,-0.18561946253194392
-0.0039343208049137492,-0.18670415670587476
0.037181853106384957,-0.18501194760685286
0.075810952446563246,-0.18155817035578817
0.10804163042960338,-0.17739095928654652
0.13025621356935113,-0.17340668361335512
0.13958107961560942,-0.17020593964080849
0.13374451757963854,-0.16745488907197748
0.11342075057015806,-0.16615854779745559
0.079600402214528257,-0.16444016738771569
0.035414650895342632,-0.16269432993233521
-0.015018246569052953,-0.16019209050076896
-0.066886342233660565,-0.15612328330136627
-0.11526720759661625,-0.1497251332477692
-0.15573168688622496,-0.14040560976700447
-0.18469416028473226,-0.12691692347951392
-0.20076951032230683,-0.1104049178172275
-0.20227844884688931,-0.092335074334538608
-0.19152096740389651,-0.072373682036169396
-0.17113685313120522,-0.051309605338637827
-0.14460448268703591,-0.030036916485170165
-0.11574148714454226,-0.0094532200108863457
-0.088213436266816658,0.0096369705993201576
-0.065306346845472693,0.026042729808501641
-0.048551359101124181,0.040271335684047935
-0.041030519586698358,0.051774225625935026
-0.041508483924919314,0.060821616684317799
-0.049292877811085413,0.067587956963742146
-0.063172379613132393,0.072267734560250665
-0.081646544758910242,0.07502269317204914
-0.10310646501193176,0.075956693711514825
-0.12687098302767785,0.073823682306162333
-0.14999278069524211,0.070486736183249618
-0.1708504235288979,0.06652600040605848
-0.18806337613155591,0.06150999473488393
-0.20016054264252114,0.055553817033926339
-0.20581985033668862,0.048768069261813117
-0.20396751938196733,0.041253547089758806
-0.19391505493603781,0.033087687567448641
-0.17495427016777546,0.024122947413824224
-0.14865019386440523,0.014201930796368794
-0.11539424306554806,0.0050038347176528343
-0.077860000865343587,-0.0050824242170782559
-0.038681642263887567,-0.016330226308631231
-0.0007661121080157321,-0.028897062215976703
0.033007712043442321,-0.042761890457162277
0.060106629346618895,-0.057685746549894501
0.07770486818619915,-0.074499619275523704
0.086504298008592662,-0.090945368628440645
0.084980550341045888,-0.10465329724416667
0.075162093370480978,-0.11613609277863898
0.058840970008065888,-0.12467597960038582
0.038251324765832699,-0.129680721299649
0.015801165275029446,-0.13072302122080631
-0.0061747296670950505,-0.12755539336385963
-0.025424020638947935,-0.12139816165128023
-0.040993481548116092,-0.11060715802289385
-0.049847292827429029,-0.09432061461383405
-0.052751242118799738,-0.073777030427448709
-0.049514124331747005,-0.049440262498231718
-0.040217597235129042,-0.021925323008011709
-0.025190605419247683,0.0079920014221826485
-0.0050342991534955616,0.039360860669732864
0.018758323938299216,0.071974118532965425
0.045521266796750698,0.10314606000481984
0.074117899776459065,0.13135478385143409
0.10171452886035723,0.15525835929537349
0.12570190020175692,0.17347755005619991
0.14337851872935953,0.18492456844600233
0.15228244947984829,0.18893725515918866
0.15057262941221347,0.18538303801638456
0.13684091417874711,0.1752703059199601
0.11206364181501577,0.15895085335464271
0.079233398934368426,0.13730410737628154
0.040463135294450822,0.11286093278318055
-0.00016877862233720224,0.087833802193986135
-0.038007222658317283,0.064469384525265835
-0.068423011075254614,0.044844334569669381
-0.087469133121194226,0.030684255110537122
-0.091929756931695694,0.022668817637209408
-0.082179872577683125,0.022385999440536156
-0.057368274241591348,0.029541035418541434
-0.021967313225966959,0.043881221157975041
0.019448600660433586,0.064400438450249356
0.061538066434772103,0.0896170640600054
0.098938885960472664,0.11769848075977386
0.12701334161582969,0.14660411123681966
0.14192262091971672,0.17293584100828513
0.14321038071597611,0.19650705288854964
0.13043577574091073,0.21603085741008937
0.10651418631814435,0.22945171216175328
0.075132909480402355,0.23555647259677731
0.0407197962055659,0.23347935329629213
0.0077904295639351232,0.22276058976292573
-0.01966591313606467,0.20340123421897346
-0.038115009850289462,0.17460980627225839
-0.046809908184098477,0.13912922784747003
-0.045103049161469795,0.09954228726182085
-0.034216427284948385,0.056865166582557344
-0.016089497389937958,0.013297983315214569
0.0068206291296977264,-0.028852379604962487
0.03192482494176415,-0.067348912413322637
0.056822231877504903,-0.10020886847054615
0.080068471529281468,-0.12717087117012804
0.099350462609270246,-0.14502838423391182
0.11347878255995439,-0.1544066935013417
0.12197745419363168,-0.15481652521341677
0.12450767185069965,-0.14705498542434145
0.12096507736926213,-0.13254453871760508
0.11143784807993794,-0.11314263464954484
0.096223611735292439,-0.090892534004724274
0.076081534248358743,-0.067567977248214409
0.051970693058062248,-0.044652019259736317
0.024029773214147877,-0.024997608789439959
-0.0048414507086348875,-0.0075905266253502969
-0.032319712660862761,0.0078437520523888162
-0.055926804804831053,0.021994605738094315
-0.073301375075322597,0.035762629211529597
-0.082512325836911815,0.050031719882889188
-0.083662219187932138,0.065270983453533341
-0.074702449221464517,0.082094369576971249
-0.056000012968790411,0.10000540247870475
-0.030090402751689109,0.1185653829389194
3.4510909772001691e-05,0.1367619942137285
0.03070362743025188,0.15336345209706609
0.058026503210225802,0.16713771857538537
0.078415617914224467,0.17708373163606381
0.090389632437008649,0.18281858212997912
0.0906770693524446,0.18448565610004322
0.078139855777965311,0.18094916190596688
0.055150623483768056,0.1748726690672435
0.024536451232494916,0.16796040816236754
-0.0098999794447816227,0.16198575469214072
-0.043940462670472004,0.15850231571066872
-0.073580509835594943,0.15858051421258729
-0.095072263370106394,0.16390915685200688
-0.10743450528965223,0.17251815097676576
-0.10995238046023392,0.18172655726956927
-0.10408517196005088,0.19120302925575267
-0.092350664220812118,0.19900800047722175
-0.078031515500983889,0.20317155963661188
-0.064567655508322178,0.20198839628747214
-0.054921966214303682,0.19428189371889917
-0.05010023182579295,0.18089410886100488
-0.051884822379028535,0.15985532313515449
-0.059857484037928427,0.1338180786440866
-0.071028073840857256,0.10339680913920783
-0.081895090321370378,0.070744241574779612
-0.088487323207246463,0.038379989964958151
-0.087073203801418961,0.0088850495865571873
-0.07486673020914969,-0.015421357348536295
-0.049314430906232824,-0.033331657165534809
-0.012884823653253968,-0.043179394569254154
0.031298224734089254,-0.044210339040401454
0.07947110326236298,-0.037830604971594066
0.12622890489639521,-0.025685725941097953
0.16581760796883982,-0.0099854227505224973
0.19295105348388947,0.0067947027653251562
0.20358270282777491,0.02223398555318851
0.1953268354578134,0.033707165091837153
0.16827955968331004,0.040777093500336752
0.12539028176911271,0.041809034441202146
0.070187361244583982,0.037465471430925046
0.0081564312674381571,0.028421457513004903
-0.054541372543688155,0.015728813482981271
-0.1118727244221154,0.00059204105703009708
-0.15869293424810235,-0.015848159154468234
-0.19116915992942987,-0.031390381876131836
-0.20762861228996091,-0.047057011286371138
-0.2089935589325192,-0.064188588906275504
-0.19661359557945096,-0.081463541756843713
-0.17379312015088594,-0.098972513308473287
-0.14469175468101556,-0.11678699460625326
-0.11371785059180085,-0.13482923964065513
-0.084953718571020034,-0.15277514339807588
-0.06113738396911763,-0.16871417181895315
-0.04552995777456726,-0.18335223431251582
-0.038290109595125486,-0.19716726735323059
-0.040017452158514537,-0.20761468202998939
-0.049762282761339392,-0.21347117205966576
-0.065853120313697527,-0.21370215377948273
-0.086209905632535888,-0.20760255303691935
-0.10864352997061419,-0.19489330766393376
-0.13165433571243254,-0.17668995198017654
-0.15280050625663644,-0.15176172354260059
-0.1700260337670394,-0.1230911448623201
-0.18291348288869086,-0.090416655516041972
-0.1908392996849132,-0.055116719624196515
-0.19345703590095606,-0.018836009526554783
-0.19063277240966942,0.016625575430510037
-0.18240819944425238,0.049449338027088126
-0.16918363563577163,0.077018184769475057
-0.15114732448411833,0.099290204920837385
-0.12873358318488401,0.11531276559247058
-0.10307307157914959,0.1243587943576572
-0.075399024898547121,0.12628115615698174
-0.047193307836291797,0.1212933915451827
-0.020099470619693052,0.10990585650990962
0.0042058532710197638,0.092844041238231118
0.022869720239914494,0.071890368189203274
0.037065880741522873,0.046576482220209832
0.043919787922852324,0.017731346042381621
0.044706639079597071,-0.013606448264870221
0.039761763260179855,-0.046518727510116931
0.029718705707232142,-0.079997533523198619
0.015449588758354088,-0.11292898808848384
-0.0019839770873160256,-0.1440976915110754
-0.022663957375446513,-0.17203384359103333
-0.043661671346516932,-0.19579590829792229
-0.061994014019615573,-0.21388331560116922
-0.077591075082419997,-0.22549234320693415
-0.089174435889712259,-0.22987903612833507
-0.095638999827440119,-0.22661616232115692
-0.096159441449925026,-0.21564092139281898
-0.090306122178775747,-0.19727068060285552
-0.079447315859741019,-0.17311110074257668
-0.062390067808869236,-0.14314363791412846
-0.039826919603324837,-0.10698969601681411
-0.014042395170448333,-0.067491135946706748
0.012764057579503623,-0.026301922363700755
0.03814391714042395,0.014907064135205627
0.059689409652033482,0.054521350486873919
0.0753536830095516,0.091034823732339176
0.084680545065966534,0.12252812511580041
0.085435940395827706,0.14823818764759356
0.079596953374985943,0.16883718333146458
0.067545783067640308,0.18205942532590255
0.051565023789187141,0.18720193381354883
0.034635913612201571,0.18390038961393959
0.020029157822748559,0.17219317694424194
0.010820501422230063,0.15256479895268379
0.0081102114435585345,0.1268858794487287
0.014804124121277623,0.095279351582925234
0.032441630864649448,0.058902391212381791
0.05823256504951365,0.020356967527872843
0.08943193536736295,-0.018107580837027487
0.12244417282363916,-0.054198869554630789
0.15337529272316433,-0.085759525942036952
0.17864977925191949,-0.11094525722307222
0.19577742226735914,-0.1289395026126923
0.20320341104015985,-0.13791083962324935
0.20095940936056719,-0.13859663758037563
0.19105198532488502,-0.13082817004346731
0.17656727045185444,-0.11565680363520284
0.16133024668556428,-0.094678638082575192
0.14923142246325927,-0.069843024251909663
0.14351553464301137,-0.043212996313863009
0.1455964396864646,-0.016526655765125176
0.1565371714039954,0.0079392273487917647
0.17488240930281715,0.030971580791815782
0.19714036535863186,0.050610557356856718
0.21871371448762605,0.066844159634733599
0.23442254612519706,0.080206097411057942
0.23935816062574225,0.091563416249946863
0.22974757383983382,0.10183513011770252
0.20498405703222577,0.11039881939988158
0.16330349992892337,0.11902155414487338
0.10861302145313549,0.12878312449096949
0.045279811650842196,0.13714259481086541
-0.020023233239424943,0.1422742960935896
-0.079750080391801217,0.14207070764576887
-0.12654747932171564,0.13454425338495327
-0.15435027125207326,0.1182643288138048
-0.1595195162371276,0.092566519310361792
-0.14065252287527172,0.058796002753335457
-0.10075288129672591,0.01771973191380535
-0.044275758971604122,-0.02628583724301313
0.021472757698885105,-0.068966500918703377
0.087894292004176131,-0.10579945268681643
0.14631700847660445,-0.13261531768866691
0.18924568261490737,-0.1462130003154456
0.21200513346322039,-0.1439432944535172
0.21157810739086746,-0.12701569605164387
0.1889132280677972,-0.098478440494656344
0.14839666912995789,-0.060929823607831217
0.096706648008851037,-0.019060863631653661
0.041950150808749954,0.021901507612428081
-0.0075990004405357362,0.05691929654417046
-0.044777392899235387,0.081854206291857218
-0.064809518233533883,0.09498211867834612
-0.064952931039407247,0.093762648509205931
-0.048203429527226692,0.080805459446552153
-0.017172273560172393,0.057894567518391629
0.021889308623134703,0.029204737658523508
0.061407533494260681,-0.00023462237539128444
0.09371082236333958,-0.025279250352896996
0.1122624107909044,-0.041427554601302617
0.11251800773540405,-0.046406825763697458
0.093705316224017773,-0.037401025839003024
0.055613571916327348,-0.014846260421918682
0.0042126449932709123,0.018729196801170522
-0.053781302519501369,0.059406139196852482
-0.11066832995760774,0.10226545712857525
-0.15895034499415342,0.14209860489297815
-0.19245279605102542,0.17414156561310307
-0.20702431786137376,0.19527674503228934
-0.201282755073137,0.20282709378702032
-0.17854875130532938,0.19527088230730191
-0.14136202445154988,0.17501379736657283
-0.095379131287706004,0.14495268215602547
-0.047175665097849304,0.10888485998077249
-0.0032488897449344371,0.070888239895195881
0.030918575014931178,0.034700096193371228
0.051407398048357748,0.0033769491843279415
0.056641571081342705,-0.021530752769955013
0.048557344208384652,-0.040445192146716935
0.028770691908864485,-0.053665839480168974
0.001297506845460053,-0.062992091706720654
-0.029069892914451934,-0.070723616422795704
-0.057522201307688384,-0.079145054359828534
-0.079932948499272502,-0.090028194033748593
-0.094321788418110453,-0.10553433225881763
-0.097431042387352729,-0.12368427731375772
-0.091391514093256854,-0.1420227458547611
-0.076164402709917242,-0.15915924265752149
-0.054156770023410884,-0.17227822745625815
-0.028475638065999846,-0.17854374142758983
-0.0024181367196293036,-0.17560122352726715
0.021016296841553529,-0.16201914751950328
0.038220591863709311,-0.13852388967817131
0.049776314375052727,-0.10464334899994407
0.055335828981442341,-0.063737717227004803
0.055335283805276504,-0.01851639768679263
0.050972895543674117,0.027047753572014985
0.043719685798613489,0.068754780476780644
0.035023077995466972,0.10269643032051413
0.026072087297615856,0.12573846114219592
0.016732959530201961,0.13608367336561042
0.0090014919899889505,0.13277339508041264
0.001962643162004184,0.11690125041907953
-0.0038583062160203576,0.090316079896307605
-0.008661919684739082,0.056062572907923595
-0.012687398766191505,0.017804954274455356
-0.016099200018403322,-0.020615957227619577
-0.018913154276613869,-0.055614993041898188
-0.021529303036629491,-0.084783511191933572
-0.023213619843673247,-0.10473472432110109
-0.021907850541359627,-0.1162540241888356
-0.018717704374081979,-0.11766173043431696
-0.013536037992008971,-0.10954324909950822
-0.0063786717307518599,-0.093269367130488903
0.0025995998860667523,-0.070734703339283819
0.013115330749709234,-0.044060985218474014
0.023864308848913277,-0.015868231104267449
0.035929984820403223,0.012995390230058575
0.048484983966957836,0.04083682313092829
0.061479354638878644,0.067065689770702458
0.074674201497743828,0.091283660199100919
0.087826217683900074,0.1133423930889674
0.10068730210325696,0.13318879412511916
0.11300732816041938,0.15071889276416339
0.124727215171954,0.16659883210656176
0.13514743731858578,0.17861722277444381
0.14487200676698167,0.18757713841806606
0.15309128529375607,0.19159868845946396
0.15965718542258056,0.1899182301352198
0.16454281460950823,0.18214266245493663
0.16783215512984551,0.16837861963750322
0.16968436602523901,0.14928335395398154
0.16972365684900276,0.1251001072108035
0.16901796112497322,0.098525042721935283
0.16726331846669368,0.072437682710575838
0.16465382689708588,0.047608335488389331
0.1610220191881632,0.025499461202859394
0.1560610501335595,0.0072027459448851918
0.14941177901337335,-0.0066264657793267522
0.14078606527657439,-0.015757617943224562
0.13139984712120958,-0.019749586371770315
0.11953952633725913,-0.019495761013487909
0.10582387100606477,-0.016590069124432366
0.091399084249243451,-0.010388708500838758
0.07765321388809647,-0.0010819477884804448
0.066237464534540214,0.011203302950677183
0.058813498131891614,0.026309618639393042
0.056749265991223936,0.043910511989924531
0.061372115877526855,0.063917034527966668
0.071687438733081144,0.084196677943203443
0.087015824719280974,0.10404563812118894
0.10512269884108538,0.12077189537794185
0.12328075938205851,0.13206527046928992
0.1384422657531143,0.1357360898277265
0.14768820188869955,0.13005878165635162
0.14870055494146298,0.11411118155395363
0.13962335001251505,0.086751849925899849
0.12138858066261941,0.051325201544477596
0.095050965567136853,0.010459517137082845
0.063567038083436569,-0.032323110212507951
0.030598008742516176,-0.072773615204262065
0.00018523291324808232,-0.10660424623857873
-0.023841935599854099,-0.13003237799832953
-0.03844955637216893,-0.14028663740419289
-0.042066753126738889,-0.1369261986087445
-0.033920608834456308,-0.11833137745193256
-0.016790757965127388,-0.08833184858866934
0.0074731300140386146,-0.048636898594565922
0.034952165738366923,-0.003437720373011161
0.061123099723627519,0.04237751193262948
0.081496374765176849,0.083812846286296622
0.092256966225440051,0.11637274350518319
0.090624364345417902,0.13790048963432081
0.076310838880290235,0.14467152250803642
0.0482184701594357,0.13527709871944912
0.010208625498159794,0.11195448444971498
-0.033965134738708394,0.077498992904848532
-0.079897051131062449,0.035785684338365542
-0.12312396356030669,-0.0087517734154846684
-0.15968595520543838,-0.051680039309789122
-0.1871296857229964,-0.087785241612451145
-0.20250100492594997,-0.11615284652554576
-0.20670437599610422,-0.13446528630266733
-0.1993549969384793,-0.14244280303949447
-0.18206000518871276,-0.14059996582468293
-0.15717527876285275,-0.1301689757229276
-0.12743025418065021,-0.11278639042736595
-0.095555614323933905,-0.09018904190356869
-0.063783193758680454,-0.063043465254047318
-0.034101854164416669,-0.033906170112011316
-0.008491930837807431,-0.0043343991239733516
0.013056719544512317,0.025573332819995347
0.030511114679390845,0.055391112002951097
0.04417914958943775,0.08476231976509481
0.054524709653641854,0.11323893942995213
0.06200716980028402,0.14015656392446674
0.066416012726570425,0.16512855472021243
0.069111591807248074,0.18626899446350451
0.068768724025948302,0.20153730076908705
0.066491560486045598,0.21014088423829
0.062377722076306014,0.21092195946091058
0.056516025064226219,0.20309203173633331
0.049066418051671931,0.18637954618175917
0.040330859717874805,0.16112171178110832
0.030242736715641958,0.12921167289988486
0.020290569043197676,0.090439369429306651
0.011474296621577722,0.048233382697192295
0.0045525490663360334,0.0036977126671878672
0.00040063736562319949,-0.040928401742537812
-0.00029989842120245507,-0.083375950168410526
0.0028237202176292484,-0.12154194359149653
0.0097494625640191113,-0.15368068746583982
0.021316774311020668,-0.17875241599212502
0.03481220880483174,-0.19556883618372475
0.048477375267170858,-0.20552219938980651
0.061403595859833411,-0.20824692436635739
0.072161072366035625,-0.2049092634126331
0.07952806397525207,-0.1971312355357426
0.082637985991089263,-0.18677574224198468
0.081079641663445737,-0.17569490278736957
0.07475186349243651,-0.16566442595975558
0.064066660425457306,-0.15769923229951599
0.051715336581990679,-0.15158162508069187
0.037403924890773016,-0.14781832279038964
0.02230646231280211,-0.14578117017891148
0.0076575693058384894,-0.1444205181978413
-0.0053543367482264768,-0.14249815260608589
-0.01567788402638216,-0.13885579496870701
-0.021167157445142706,-0.13248594512073772
-0.023418400256116811,-0.12357306148543046
-0.021082429508135717,-0.11166566084960698
-0.014816610982230949,-0.098391420505650112
-0.0048146917706974376,-0.085256999726531654
0.0086580683036263061,-0.073957353655517769
0.025234318614799266,-0.066085273253722959
0.044367002669351806,-0.062846803765837442
0.064298767414801061,-0.063533396041754342
0.085446085710709579,-0.069566260836190566
0.10523942230797462,-0.081550122190600635
0.12236983915857363,-0.096453771207407404
0.13459711929429016,-0.1120148239382253
0.13953455685068036,-0.12574906290668342
0.13499502986335485,-0.13529521791249371
0.119406044635174,-0.13874705326441877
0.090922887789098933,-0.13399747208462628
0.052424707562905931,-0.12189522789704614
0.0057187431256802874,-0.10419905046404446
-0.045159047128650619,-0.081403434433798175
-0.095404517787157514,-0.055529494621923359
-0.13982735103467539,-0.02892026014321919
-0.17354340115587147,-0.0039227088146964045
-0.19268975180736675,0.017422270192024084
-0.19449107607582014,0.034191864104638578
-0.17959620588981565,0.044336806516687345
-0.15020652837856047,0.049762043180550303
-0.11021328339735641,0.049637901559015436
-0.065166816144043779,0.0450931488856001
-0.021347984851694941,0.037709444395309044
0.015105932228903161,0.029243805173878781
0.039074079028672971,0.021326846994691312
0.04848680208414953,0.014259962974943934
0.040384968215193273,0.0096740587040638412
0.015519054683431654,0.0090955789178087422
-0.022065490192886374,0.010308693412052091
-0.067063748853149169,0.011827451048243494
-0.11310164645447367,0.011862325388105536
-0.15362386639017975,0.0086385267901842172
-0.18278915242315744,0.00071777252818763142
-0.19642629579215717,-0.011800700267644208
-0.19197356500124291,-0.030701369632357187
-0.16912995441233769,-0.053726160304002048
-0.13018164428775941,-0.080435415161712931
-0.079017661525999136,-0.10874261473085502
-0.020706588042771958,-0.13610886576155803
0.039230113156777921,-0.15990304345136494
0.095547427952923744,-0.17779986039128229
0.14482777956226539,-0.18907843716161507
0.18280639531639134,-0.19179426215541653
0.20741554826732742,-0.18576479574336002
0.21925171787868511,-0.17304841267195353
0.21965447352246859,-0.15606940612052422
0.21085013510386838,-0.1378047115214002
0.19546039440870244,-0.12130385929204243
0.17601851512689801,-0.10917222427166186
0.15438577604688078,-0.10180449945657062
0.13234106024956022,-0.10196727681696011
0.1095717034877844,-0.10719805740181745
0.086497899391688005,-0.11642126703894354
0.062443222204240444,-0.12647193147992766
0.036503490554860671,-0.1335071110552275
0.0079016264464407994,-0.13365858147770929
-0.023681918135927627,-0.1237524553500767
-0.059162109986544448,-0.1014179437323485
-0.095755788793651236,-0.067491036590145367
-0.12995212033429981,-0.02421684861885539
-0.16063201687667225,0.024551613618070567
-0.1851961198913297,0.073351901367629771
-0.20123977559348441,0.11604760583855331
-0.20693791946479251,0.14674876528167821
-0.20137368203264114,0.16075959450914973
-0.18456916036343096,0.15410011146178168
-0.15814741375619976,0.12872936811319241
-0.12481231458491847,0.086772260211810434
-0.087673254099940451,0.033650782731305139
-0.050465966461865006,-0.023693876443170621
-0.01692491906657529,-0.07758334060971489
0.0096615484777131683,-0.12070335384393512
0.026836080484204577,-0.14716871182470875
0.033059486878342204,-0.15431301170053327
0.028063781780468752,-0.13998232873142802
0.014667593499466258,-0.10624682630700037
-0.006542845310524543,-0.058018745613301274
-0.032907000892404496,-0.0020241570384515084
-0.061312100717550486,0.053970965789534399
-0.088550095009311658,0.10225331084600318
-0.11165830874177679,0.13622263802993892
-0.12727420880923776,0.15182025846246153
-0.13481456561661856,0.14568212328069641
-0.1344755523334201,0.12035036976350973
-0.12513870158421883,0.077443715531385279
-0.10728201672673972,0.021974592531809688
-0.081933275352399235,-0.039697813690880553
-0.050535037865775637,-0.10076245272610664
-0.014819133548821122,-0.1548577464639293
0.024592580618108761,-0.19629038003602686
0.064083368809587149,-0.22286408889874187
0.10002909531492715,-0.2318539919551752
0.13178222766319261,-0.22499658537835981
0.15755781063107663,-0.20463245102689287
0.17582123760961704,-0.17408787889878022
0.18540458555574435,-0.1370680695294631
0.18563915425559591,-0.097094137406128669
0.17629693174537056,-0.058367769569556506
0.15815631739058472,-0.021094513485065254
0.13336609275125233,0.014128515014577984
0.10339228429363838,0.046412647615893282
0.07079139858648166,0.075856160323930694
0.038418561852723188,0.10268535933188667
0.0091220283516133469,0.12698889963871646
-0.01459183594296082,0.14854693477072092
-0.032171021183372055,0.16548845593738915
-0.041081422458025207,0.17929357161926057
-0.039866462282657826,0.18751361671571518
-0.031064809267858869,0.19052329492214121
-0.01686997140079094,0.1879374541819476
-0.0001382270569761269,0.17965862584359243
0.015990963232336133,0.16594654294177535
0.028510106520933481,0.14742208224632944
0.035490862342918275,0.12556297455394727
0.034479939368604398,0.1003089880465783
0.024696712315421948,0.074204171647033551
0.0067518764098847923,0.047223211915455636
-0.017925092025311701,0.020207934971008878
-0.047134529514896314,-0.0060784269354250912
-0.078236503510553404,-0.030946301952354514
-0.10852360859374838,-0.053758192083395787
-0.13502219231065882,-0.074828476461915122
-0.15706584178738361,-0.09179940458798326
-0.17219796233139559,-0.10550339920650766
-0.18126378097418575,-0.11419405234243858
-0.18479246930392335,-0.1172498425596951
-0.18370149802618616,-0.11432974871886877
-0.17903536088227395,-0.105420393255461
-0.17171536135590409,-0.090837374933604498
-0.16104749216130759,-0.070253502529081246
-0.14916751757743285,-0.04634495467114199
-0.13584666522007566,-0.018072142324270263
-0.1203933757222046,0.012050035899038867
-0.10203243091556032,0.043011985317561764
-0.079943574280211219,0.07406810986996798
-0.053519353445166264,0.10469780158512898
-0.022612289061876227,0.13448119262973829
0.011716949923882071,0.16162461297838987
0.049509488949934045,0.18720750415247661
0.086897404237658585,0.21061509112935459
0.12287057104676931,0.22973529332984752
0.15467273568706846,0.2425892698899772
0.17940727088761546,0.24701447682798916
0.19442126671226395,0.24103273364302719
0.19770995268092256,0.2232901284379043
0.18809061441375716,0.19330218133779098
0.16604960548093298,0.15287484642954755
0.13341236896566078,0.10281162322691241
0.092823099714599622,0.048697828332065138
0.04805004223319758,-0.0041896251726873546
0.0033497679795528772,-0.050213201924748062
-0.037081708337176632,-0.084135598043901944
-0.069676395371749827,-0.10190123970469514
-0.091436386458375499,-0.10075690318403797
-0.10219672664074576,-0.081373287609071754
-0.10275219290488835,-0.047484196646207726
-0.095075855611056054,-0.0028376280166927696
-0.082449562542561528,0.046245314473839824
-0.068759478497250948,0.09263087058508622
-0.057880092142021465,0.12937312175700941
-0.053057288346998244,0.15073209864738815
-0.055090057663090476,0.15286493749698435
-0.06691029288581804,0.13489221567441795
-0.086016764222522427,0.099442155759189368
-0.11114396496631414,0.050438563505649001
-0.13883330826388207,-0.0055884989753909528
-0.16486669693563374,-0.060978134055803518
-0.1849048651647868,-0.10803363208504868
-0.19515801468971175,-0.14012519704160747
-0.19242653707702767,-0.15244556410568996
-0.17693819523651244,-0.14349075834470079
-0.14750969702859623,-0.11337138603525376
-0.10809329427275345,-0.066359427102703678
-0.062584410957878325,-0.0082524121437085943
-0.015554559725232163,0.053941497762162546
0.028391289356802091,0.11300427283954462
0.06523396929877659,0.1624807268111865
0.091857463323371219,0.19655146510092456
0.10708523403019456,0.21427828382977843
0.11059787589381392,0.21316343836591639
0.10395646909175672,0.19635578073135188
0.089546033171507625,0.16721745828306969
0.07030520037592683,0.12996249236166194
0.049231369783128899,0.088975954407754354
0.02892790714177413,0.04822565162090179
0.011447024010999557,0.0095515197859665692
-0.0021242444930080211,-0.02248713284447033
-0.01352669407904125,-0.048812584966635479
-0.022044622623241139,-0.067550962207831716
-0.028840437994860489,-0.078893243331318669
-0.035362070289880067,-0.083553780756751128
-0.043025593242781011,-0.082525815149824752
-0.052930896387581354,-0.076883890780717903
-0.066583141900951964,-0.067475757569610134
-0.082685131955856875,-0.055723709885246268
-0.10000058284082852,-0.041717519074163947
-0.11798600426810918,-0.027001642136195669
-0.13531769589591966,-0.012562971416642241
-0.15066369661823953,0.00060851751014654918
-0.16287763693975416,0.011553613984387031
-0.17113660514150994,0.019419211387682132
-0.17630162261966736,0.023008251883497522
-0.17647644417814964,0.023180379507708671
-0.17137044098927301,0.018673892746773703
-0.16196284794078042,0.011204812729294656
-0.14886163427147878,0.0019241460007450837
-0.13277107873935337,-0.0077640619803674635
-0.11442823922358891,-0.016345055383816868
-0.094571953268259679,-0.022350548087489295
-0.07338509313266306,-0.024324560304604188
-0.052919699831794641,-0.021917208214406486
-0.032084518322435418,-0.013288586619067448
-0.013268963293851573,0.00054246615620969494
0.0025455590143788373,0.019098773890888775
0.014580535655317159,0.041582030923040782
0.022342282109861833,0.066941384022841069
0.025680715789345672,0.093934981080627755
0.0238880461179489,0.12099476648225418
0.019165866570199943,0.14735983931837404
0.011463010176203851,0.16968222801990188
0.0026052882395322021,0.18796748421149859
-0.0061389410351461093,0.20092874712850367
-0.013629707414695625,0.2073648990245085
-0.018940961460297109,0.20629439968824401
-0.02139485715399219,0.19712692238383564
-0.019991084141320375,0.17891485429220977
-0.015272656814508085,0.15385465867079537
-0.0072541224129484853,0.12300056837914636
0.0043058267174495958,0.088864003723719137
0.019454203379144521,0.054252534261943507
0.038196797595142842,0.022167563911469696
0.060409414767071998,-0.0045432395933288532
0.085708783562149476,-0.023544605324519272
0.11275773186866708,-0.033884499812972695
0.14094855321212657,-0.034421346502164211
0.1691111716530167,-0.025162799295926169
0.19432698584028574,-0.0084487244307842775
0.21391213969150974,0.013064683907420393
0.22516801017704358,0.036195867971053806
0.2257697143287983,0.057658628085801418
0.21418094507162419,0.074495134028793666
0.1913229267689959,0.084272459022643714
0.15578421507571813,0.086078901833059038
0.11210888913262257,0.079481952495366798
0.06255179341207498,0.065657404373641176
0.01184154736530205,0.04647861388163399
-0.034636519473403946,0.024401481632077608
-0.071538588565355596,0.0021045186740578392
-0.094340760396755374,-0.017873518944448198
-0.10137129299243756,-0.034000997661221374
-0.089945070072095429,-0.044056745356628083
-0.06108064838810847,-0.047242043170927964
-0.01919971176659354,-0.043841448963598914
0.029844748023302871,-0.034637574986158361
0.078979626944312334,-0.020904606577794575
0.12091702533064125,-0.0041744570542923843
0.14924822880544561,0.013998010761027118
0.15926764353335746,0.030936185993506882
0.14944927970092095,0.047899445986785819
0.12064060036647835,0.062686179210317355
0.077121694116010012,0.076147326936510967
0.025306482510665664,0.088315344776343743
-0.027035719572569318,0.099191078195382823
-0.071984917635765644,0.10864338662541018
-0.10272688422599871,0.11637186669281238
-0.11558543529057135,0.12286636405078545
-0.10756062516330581,0.1266362653989451
-0.080235092291512294,0.1256733783263142
-0.038492813210910436,0.12124314170740653
0.01052943573295701,0.11365281650517184
0.058360589542309764,0.10356181768564207
0.096533725475746304,0.091923567855295568
0.11794702742753417,0.079860964651325167
0.11747247018076222,0.067939165813362637
0.095020696858448203,0.057895402718093104
0.051531287309032482,0.050468046569000849
-0.0062760526396676139,0.045618468398502456
-0.070245796540697805,0.042983802234064977
-0.13108998144302783,0.041777519712299961
-0.17978923802581873,0.040973773841495156
-0.20894431505240008,0.039559833276290098
-0.2133126010363422,0.036623611082357371
-0.19202155728117762,0.03243467587130737
-0.14897338425800422,0.026662158101645735
-0.088060874301270811,0.021121188350050994
-0.016788934291289765,0.017571235094330905
0.056152977667284325,0.017980120190211488
0.12216140928386367,0.024144696529049506
0.17393058692856309,0.037286843998948209
0.20623657391806052,0.058995691100237786
0.21700082299341067,0.086317328564102444
0.20776546593873646,0.11764216746736932
0.18139133550099645,0.14947224325164141
0.14330581941367163,0.17789903397217327
0.10003007157085393,0.19893462136368448
0.058170623363762913,0.20908225105856382
0.023480851891426149,0.20587270303328786
-0.00079599427824905732,0.18735350179657681
-0.01075056750544077,0.15567213124150792
-0.0077605271489236058,0.11271652052285508
0.0075290426824199059,0.062514277476358543
0.03202226904467128,0.0097924747000500897
0.06169613388566321,-0.040425687126908937
0.092264075605003548,-0.083436828080707209
0.1197970440741882,-0.11541042779184833
0.14139630081623336,-0.13472972444004372
0.154643822295807,-0.13861280778632368
0.15961170313774986,-0.12899643676115738
0.15601501169991772,-0.10657555151283107
0.14501440635743715,-0.074147319145251994
0.12833175267660885,-0.035307707062173913
0.10789853111204938,0.0059812134951878005
0.085544310450742372,0.045817549722991686
0.061845729668033367,0.080540010332943945
0.039494672303292705,0.10784007800524206
0.018188013338265217,0.12498757007451231
-0.001067304175066699,0.13160697975534655
-0.018136997497914972,0.12756758945778671
-0.033058394900812464,0.11342196544686602
-0.045887287297176282,0.090277250683691329
-0.056567895312657782,0.059681648294182675
-0.06392325948849871,0.023723532831020158
-0.069361050102988486,-0.01562800507435937
-0.070295747024963801,-0.056158728830900874
-0.067610922080980004,-0.095059253713144096
-0.060803402845105742,-0.12962676587583663
-0.049402168849919277,-0.15723313946574385
-0.033128372004807297,-0.17552642725279802
-0.012067266173840352,-0.1826633870052673
0.012625543814808621,-0.17809814130495533
0.0410402032785546,-0.16061265224418422
0.069477716357705194,-0.13194824353908763
0.097174138482699013,-0.093331523215238674
0.12164981019833113,-0.04754052365446066
0.14027765209238841,0.0018934602375966195
0.15064852616730423,0.051051704669333883
0.15097856370507956,0.09607093216938134
0.14178670516358655,0.13304276835439757
0.12162162934006189,0.16082050644413465
0.092364918076821859,0.17626504514724864
0.057328853985770575,0.18097483322338512
0.020736766457835305,0.17634428188397569
-0.01260223162756233,0.16457396050233428
-0.037960514594532785,0.14828880879974005
-0.051419940524179759,0.13012549808389209
-0.051841837248169022,0.11216969521675592
-0.036444034726172927,0.096022035209940751
-0.0084842440545755977,0.08373839788090541
0.029374528643312033,0.074259489520951433
0.071715735592871394,0.066809902959874823
0.11200873927104578,0.060233331636499229
0.14356215946482168,0.053298155359446847
0.16057558658265927,0.044989858924404685
0.1585632784206637,0.034554381209268077
0.1372548344126327,0.022471140607436036
0.097434145990158372,0.0085372684685653902
0.044308655217215498,-0.0054991326469166005
-0.015261395494731884,-0.018190821315776488
-0.073193363312213947,-0.028086823769192609
-0.12140017819122052,-0.033975444697791547
-0.15304955176928159,-0.035076935127880397
-0.16236349923185725,-0.031712473201382436
-0.15016923079931468,-0.023285420750980425
-0.11747501254460342,-0.01097719454399872
-0.070171330688308414,0.0042883836606537008
-0.015815867715923027,0.021157187604199067
0.036966685533106669,0.038207726852827646
0.079807383135978877,0.054121951210179965
0.10587205104310002,0.067825347650839529
0.10959741177119581,0.079506788033858744
0.091994577119414486,0.086929879677020844
0.054833543592572628,0.092039416171776356
0.0036449910988284157,0.093540596789911945
-0.054225066735390619,0.091806888967216435
-0.11055228531529998,0.08751745234414833
-0.15743820413249907,0.081548054236638981
-0.1884061510316816,0.074832638460405998
-0.19829996834753247,0.067289582000489775
-0.18671750175604165,0.061294006353697868
-0.15594917414208356,0.055719228772319787
-0.10853397456630279,0.051688487735334472
-0.04960526519404615,0.048941695122003484
0.014833231134071518,0.046829750784943162
0.078718024618849469,0.044472340748047942
0.13662146091905414,0.040980015358730693
0.18516794346270485,0.0347716008091737
0.21991965360212237,0.027393943480321148
0.2397400979767994,0.017794796808880957
0.24398554185647378,0.0081340451770929613
0.23323776282177103,1.069696759545545e-05
0.20885379815977043,-0.0048727464438641068
0.17273909994509953,-0.0050257651614592719
0.12720023184590018,0.00051456555271555185
0.075440791283470698,0.01248078721069356
0.019894528181818374,0.029308759186632269
-0.037261442654175123,0.049140142524797613
-0.091311821107565694,0.06965059842733444
-0.13826253635638458,0.087880196500948554
-0.17418573389716277,0.10082193138086303
-0.19560487724290776,0.10586491623028756
-0.1999492066152509,0.10120935319298921
-0.18619024992696129,0.0874846431819261
-0.15485088043932552,0.063247335472700852
-0.10709486647702207,0.030921787772155446
-0.048232521413190281,-0.0067673675143625055
0.015875765125146518,-0.046011412300627837
0.078499099860881619,-0.082550724255698663
0.1328160031070095,-0.11220282548291716
0.17276209307455515,-0.13139659802500633
0.1936350191104044,-0.13893388132087206
0.1935478610656097,-0.13151798655379729
0.17182849027363536,-0.11059813929549682
0.13173901328741811,-0.07735456801919699
0.078051638333851509,-0.034906957860999475
0.016934918824173972,0.012632861693322478
-0.04489917258804714,0.060688044384304425
-0.1011008253549395,0.10480330688861021
-0.14520519308794566,0.14027708379907591
-0.17629066221282774,0.16608968308273753
-0.19108625526280201,0.180062827485344
-0.19206371347613713,0.18312664242994384
-0.18198563488537103,0.176822557009637
-0.16459763283238088,0.16348698522647309
-0.14393876023586441,0.14578540416518049
-0.12368766730265257,0.12623358422330855
-0.10535023167654123,0.10808394178355422
-0.092135008809945143,0.090497228888795564
-0.085957293142806535,0.073634088612772389
-0.084667995997186454,0.056939100077648484
-0.086566173331444299,0.039194174064407609
-0.089530151199208791,0.019075680436872373
-0.091457032553138015,-0.0044547360857204428
-0.090635215947244913,-0.031813938260841057
-0.086550237035119895,-0.061279524685779886
-0.077823029213107964,-0.093475912575378101
-0.065685006044823802,-0.12628227760002708
-0.050346877636586899,-0.15688188579416298
-0.032971992550512502,-0.18231104494732153
-0.014899429313419272,-0.1996642833375688
0.0025646463014361125,-0.20649275227831632
0.018308618049243084,-0.20115047681658785
0.031324143840873307,-0.18433633405439964
0.040955292889127332,-0.15440581747770185
0.048706272786169423,-0.1140374962612149
0.053019592877047793,-0.065109154151873433
0.053777903170038263,-0.010884865221212766
0.05095313568200447,0.044863250587132135
0.04456333707980431,0.09823636812663096
0.034649072524205751,0.14560106133205339
0.02257136618369953,0.18412795530247886
0.006853816732517495,0.21109454090504695
-0.013850603104093853,0.226723657368335
-0.037790398903464327,0.22989980409776767
-0.064267611402192323,0.22146026536927491
-0.092334103785270627,0.20307601320479207
-0.12081493253507279,0.17696324958822823
-0.14836363634571093,0.14554416674968798
-0.17484470756813369,0.1105544918388255
-0.19713604589632405,0.075049094691612195
-0.21292777516306896,0.038947953021737869
-0.22218108043682347,0.0040322515886603121
-0.22435603728087855,-0.029503537194252114
-0.21938165893739001,-0.061951644565262892
-0.20764317336166493,-0.093809896030620968
-0.18991425222577393,-0.1254474510383197
-0.16705962446286149,-0.15734139662809624
-0.14086630242010353,-0.18755489302931122
-0.11122506741108387,-0.21591537249596898
-0.080330033480860652,-0.23904379145475299
-0.04922275430691752,-0.25413723431058155
-0.018697402879944841,-0.25846458233130631
0.010640617618454232,-0.24984323609805753
0.038252216560658407,-0.22709071117283633
0.062584747884591618,-0.1905570144953404
0.084042085307242345,-0.14182688462396842
0.10205765038653118,-0.083346377381482858
0.11459637386249033,-0.020156944863139431
0.11994826663778474,0.042490197213954466
0.11641901066776644,0.099182204513814112
0.1026682691867227,0.14499932485027589
0.078084913073430184,0.17612691898861607
0.044054848543518862,0.19015083405139552
0.00095878158936730281,0.18656331614882868
-0.048171554985018759,0.16864588333747976
-0.098878187436283752,0.13811425914937522
-0.14599634310821114,0.09928345047630549
-0.18404695341556476,0.057214103936611076
-0.20795445165177945,0.017065852132402647
-0.21380230407821041,-0.016547358443284633
-0.200803637420433,-0.038810534114998407
-0.16709812971475663,-0.049269467309251046
-0.11587302085974341,-0.049066042439774644
-0.051806154481948564,-0.037946290613502687
0.01833481620408,-0.018176348421658266
0.086696997009004351,0.0071673302977179627
0.14538413359134536,0.034683973667273674
0.18757152799084095,0.061127929644195278
0.20981957512934843,0.085106312805259057
0.20777882114361049,0.10304237356934587
0.18475381299920954,0.11296787123814642
0.14347900689067841,0.11582756333963069
0.090652520009728871,0.11245069732118476
0.034684230930810196,0.10422400335287575
-0.015566936770556691,0.092804183444433502
-0.052171003828941596,0.079849045515022796
-0.070696481226320343,0.06773493703512988
-0.066982792066020411,0.055702766859789865
-0.040534940736836528,0.046438075541470947
0.0026642976275169684,0.038739561858795554
0.055035682514695358,0.032591430797718465
0.10729322772423122,0.02799296165018883
0.14993698609246542,0.025025055454677144
0.17481483199705572,0.023838527261741634
0.17520186093476664,0.024013384814182442
0.15156140592706657,0.025972266479579172
0.10522501776892328,0.031097730819256656
0.043072224551707193,0.037229196838060051
-0.025830690621258614,0.043099726830397797
-0.091080413692356282,0.047137896603964738
-0.14257280759087204,0.047654016506307101
-0.17210764658958744,0.043089117200718466
-0.17563160926028115,0.03210080256189158
-0.15069837976151915,0.014897867789952427
-0.1010120006501718,-0.010031915958282848
-0.033318680292647125,-0.03999033675715627
0.042645858861710566,-0.072886150001752123
0.11579740009508319,-0.10619152123869059
0.17536613331325893,-0.13727225947436453
0.21250775480565864,-0.16374458185111701
0.22105817077598708,-0.18361707252065504
0.19989059157536479,-0.19625618315727844
0.15336734900852561,-0.20133416913818408
0.086498958429422873,-0.19996240008997199
0.0084131680403492313,-0.19379109878362616
-0.070298141307678863,-0.18490421281006139
-0.13911469960634282,-0.17546509830040022
-0.18906536803881674,-0.16735622781787293
-0.21522354258303475,-0.16316959773483986
-0.21241046191067436,-0.16120456211753567
-0.18361395561679322,-0.16210208298161649
-0.13154654361471582,-0.16397001347294746
-0.062970697771529749,-0.16505733863263156
0.013679685178208837,-0.16352314588683883
0.089561772405091139,-0.15776348463127912
0.15666853317304413,-0.14668462310836966
0.20905420375630177,-0.13080711959500163
0.24280388164371733,-0.10884386623383763
0.25746495197918862,-0.082749745058608548
0.25470605389387102,-0.053348801043103244
0.23848492862596485,-0.022442556817555481
0.21403898457769915,0.0079702704244964135
0.18693942217749376,0.035928018499454879
0.16218225473678594,0.059715857334201101
0.14290190417014681,0.078580512446962486
0.13220839484372637,0.09090737190862247
0.12879640529868611,0.096253938377617365
0.13220109355790591,0.094992012981230375
0.13974100660408117,0.087764648481675367
0.14805871793908454,0.075572152457555775
0.15381179882314558,0.059661106059851261
0.15432118571696918,0.041417226193761848
0.14788483218321263,0.022457653610369725
0.13440071155294586,0.0039588907998334404
0.11646857423288869,-0.012982599464043759
0.095577828800893411,-0.026977913324196148
0.074921004007799094,-0.036983366160037563
0.057913107751949175,-0.042155047497082349
0.047598148308177601,-0.041890354792547262
0.046114202242744505,-0.035869628151057174
0.054859847241511987,-0.025020084569313126
0.072766388963527259,-0.0086785748186193647
0.096093612948722304,0.014065860143672204
0.12310735667591599,0.040728233305508343
0.15007139960410279,0.0698038591169967
0.17307842132561244,0.099572365261743997
0.18861412210013093,0.12822180793695234
0.19406548534325102,0.15398500881445479
0.18939430352633366,0.17583198941538286
0.1722810879771583,0.19118370249055205
0.14631484917339996,0.20103795338225833
0.11266479932790056,0.20340604064626389
0.074819166177904489,0.19819020942193113
0.036832934413410671,0.18588966333844381
0.0027895904436872621,0.16752537633792486
-0.023742943349880512,0.14449701395031805
-0.039255889149638526,0.11821025566164228
-0.043490860541411533,0.09022759728355921
-0.038243520968256811,0.063182871132038021
-0.023634095379116184,0.037089106227281746
-0.0021761651018312872,0.012550325314712183
0.02290520287697129,-0.01011680396486544
0.048144029964842787,-0.030777468673047637
0.070315648934716327,-0.049340445754240805
0.087412349573601597,-0.066174514957020356
0.097393884586002732,-0.079837996670183806
0.098064395307392013,-0.090549674885006856
0.091433589473534291,-0.096745144775966269
0.079057775154482077,-0.097384690975011914
0.062999738639347144,-0.091591176175019717
0.045446616824845361,-0.078860240201846149
0.028348078864571188,-0.059248993801395838
0.012574912488675755,-0.033320910718172031
3.5440925014187676e-05,-0.002785079810886628
-0.010634629452324231,0.029985559738469059
-0.018932338485272208,0.062541982861766959
-0.025823647238039506,0.092020621232007868
-0.032586899395531381,0.11564528597985263
-0.040539338374080171,0.13105899825966455
-0.050766992328784101,0.13662406161967741
-0.064829947780047331,0.131831501046102
-0.081144726734073344,0.11669400310828976
-0.10006264774620209,0.092903438869768859
-0.11973265334693318,0.062528058602518435
-0.13860158141336287,0.028488784433127502
-0.15510914778628229,-0.0059537955556435576
-0.16793099396839783,-0.037566570688992967
-0.17617321351769374,-0.063501468286768628
-0.18004498714419601,-0.082152597823421561
-0.17847348763123855,-0.090953735355174717
-0.17406693488351094,-0.091496762676543858
-0.1663520199615261,-0.082874723659265598
-0.15645047634314471,-0.066398568626656163
-0.14561733114719519,-0.044104148119822661
-0.13505927852219382,-0.018472742077179732
-0.12576292222412616,0.007890381861082707
-0.11891479016180208,0.033869603391921903
-0.11390552608229125,0.055800386254869702
-0.11032547526290411,0.071331822065695882
-0.10769541002783357,0.080848538626966615
-0.10511145434361939,0.084573476383806259
-0.10157954551042692,0.083352213311848139
-0.096170304568119813,0.078430610100226533
-0.088155619185948025,0.071192473355021949
-0.078034435660665438,0.062716683054499886
-0.064101985085300878,0.054041233613146222
-0.047557683970453318,0.046372229220641575
-0.02824297344623922,0.039065514677191049
-0.0068894051703141191,0.031636575445817341
0.015519647496387567,0.023383812194555226
0.037863901532045392,0.013619334168762104
0.059017266722366513,0.0019082718622138643
0.077790862904271382,-0.011914412840974014
0.093761226091462521,-0.027022735940487607
0.10616897480997929,-0.042001812942356949
0.1151035439496311,-0.055369725035030452
0.12075111392630609,-0.065195470100191596
0.12351392453948568,-0.069583505720697617
0.12392253682760221,-0.067012546373468596
0.12254204003017531,-0.05665919654330908
0.11970236471764922,-0.038834981672108915
0.11591026297058082,-0.014148812539357321
0.11215535214535537,0.013834793968427104
0.10792082464758349,0.043094133261177017
0.10314902150657955,0.070095229141826226
0.097754458096091373,0.091147868299198659
0.091698024271972808,0.10290632256624456
0.085052134362327211,0.10286894137735925
0.07748835887436839,0.088871170224513241
0.069835750226370785,0.062464275565494394
0.064315378048227137,0.026135973363117432
0.060083970989826811,-0.017359833507982505
0.057615884331612979,-0.063708044932116653
0.057338053914484439,-0.10811530449110761
0.059551338361875088,-0.14591556078254214
0.06435464733225113,-0.17316578145558009
0.071401688590179924,-0.18807085773094348
0.080224590931494352,-0.18795454464289579
0.091338697985484815,-0.17372688933154093
0.10272981280731001,-0.14713039702097669
0.11320905228928256,-0.11141917400110271
0.12162353733360383,-0.070713065056313612
0.12699036073402459,-0.029436453924462393
0.12860854503351649,0.0082589174846857891
0.12557841187560681,0.039558934080150314
0.1186238020565855,0.061565403546880809
0.10882118071510105,0.072735985278385346
0.096289093813090476,0.074122168564236049
0.081896917113558565,0.067373461994211056
0.066612476971704929,0.054946128430328596
0.051407111950184971,0.039675469866792858
0.037174660418735572,0.024338650430753932
0.025599990661314333,0.012202020449826205
0.016016900611083757,0.0033953328728959916
0.0082455075385362009,-0.0008598580922381271
0.0031131758383199748,-0.00086789782023618319
0.00080611474521769455,0.00268908303003132
0.0014321620132899707,0.0088145514441760869
0.0050068307120322382,0.016460634066234839
0.011418308566280549,0.024754483181854105
0.021305858476191819,0.034076076544464755
0.033026119106916503,0.042756381764481766
0.044716210861354404,0.051391809508681573
0.056390911888074893,0.060087171148679029
0.067005894873851682,0.069289500524288519
0.07548087898386073,0.079438586140720122
0.080834576325750071,0.090805432241058137
0.082339040407005293,0.10336341623404262
0.079109617825364756,0.11578789043251707
0.072374306126597843,0.12893030706875325
0.061995162705741041,0.14076931744759633
0.049897652141181317,0.15074319751519658
0.037741259806104682,0.15757737777407937
0.027252260295264386,0.15999669148737913
0.019975908166345487,0.15690482189197991
0.017041726600405708,0.14756232417536028
0.017681066786755895,0.13266327984187334
0.023920427623886919,0.11070438423372808
0.03387245459101184,0.084628474998621639
0.046782924370545619,0.05440001001652587
0.060748599684766771,0.021854797713362708
0.073497660897305611,-0.01077797476100037
0.082682508229575971,-0.04114757240394417
0.086199707097468867,-0.067108073174990859
0.08341657144469404,-0.087232398965013253
0.072418611715216213,-0.1003637074624272
0.052231722086828081,-0.10694935575867112
0.024917123392493808,-0.10789292384913721
-0.007543888429211683,-0.10512919469443394
-0.042567415477388411,-0.10113228168219762
-0.077291779830838819,-0.09848927771531879
-0.10893565175898604,-0.099420636097599713
-0.13421017019770115,-0.10662719611948658
-0.1528222975440609,-0.11827765420932154
-0.16403588854160853,-0.13380064878461809
-0.16776568940861866,-0.15057681374392753
-0.16480896356530134,-0.16537108193512945
-0.15644532305251088,-0.17465259439825775
-0.14416568421452197,-0.17518668451603614
-0.12939308234044491,-0.16461785396921744
-0.11305816091172607,-0.14064790085108148
-0.0960375178706908,-0.10587198017536235
-0.078682330696230984,-0.062625853364138825
-0.060460126986944904,-0.014567646164697962
-0.040712842685558193,0.033576635005188822
-0.018702717070026763,0.07682180004175411
0.0061284622175836832,0.11059150293352674
0.033919573392664472,0.13132760547558653
0.06477047560592962,0.13713457736066528
0.096872550565385795,0.12767319089807172
0.12780179951014548,0.10307006997021251
0.15592500393754727,0.0672562453676048
0.17885048997461128,0.024292709092018507
0.19428210090973216,-0.021243152431073782
0.20032702341067968,-0.064809208128738832
0.19576615526450128,-0.10238100690394207
0.18117233472126343,-0.13099105078981194
0.15576049411010676,-0.14795643340073211
0.12095209030213393,-0.15359996444419799
0.079162709057349068,-0.14685165429068875
0.033229614370309642,-0.12847188844852267
-0.013696389250337879,-0.099943484101281788
-0.058476396283046919,-0.063284267836675734
-0.098298045050271232,-0.020883451470183754
-0.13186669505057527,0.02406816611400333
-0.15610816019563054,0.06946188904956066
-0.17136257096644641,0.11309240196933473
-0.17715073142309182,0.15149039177197643
-0.17439071922234314,0.18183884341302223
-0.16467351450457915,0.20159261938131737
-0.1500203063883295,0.20870285515652057
-0.13260069554295875,0.20186869893232159
-0.11315490207716106,0.18207623773789317
-0.095677074539533474,0.14785964693184833
-0.079795131838372113,0.10283405231069553
-0.067232591028624458,0.049098128987815376
-0.058049205814819975,-0.0092019190118119969
-0.051669135462691453,-0.067156774929906043
-0.047098486826433805,-0.1196160989179319
-0.043219613431922252,-0.16180951476265043
-0.038920976390181147,-0.19015967489938035
-0.034338608334296861,-0.20246326650711191
-0.028347720872165881,-0.19713895898609848
-0.022904302182147403,-0.1768740715162409
-0.019524797755963469,-0.14515147065404765
-0.019921554156163493,-0.10667700458986699
-0.02563011035074212,-0.066691219033586893
-0.037620060325396165,-0.030197326630814127
-0.05726000928783672,6.9966883363652748e-05
-0.081311682606627966,0.019916032732592362
-0.10860097685793089,0.027691139674727413
-0.13523499619043211,0.025651918533882788
-0.15742838293248274,0.016799377023971988
-0.17147764295841664,0.005227885765233759
-0.17432588668544435,-0.0046381794931901919
-0.16407366380806734,-0.0088672587075522731
-0.14016735181196807,-0.0060625118895699269
-0.10379812557259045,0.0064041960420353344
-0.059684180489528067,0.028473120768266441
-0.010627823607855344,0.056160511518918557
0.03838805931918992,0.084870703362259908
0.082097266270766259,0.10920290558490557
0.11561119476601157,0.1238554869269702
0.13504620702318063,0.12455572148012876
0.13672856630418645,0.10830517939405697
0.12180397825258306,0.075954302198717905
0.092621158918938476,0.029609825709021494
0.051205760644578359,-0.025701455708337977
0.0017324008859420233,-0.083515342537502341
-0.050928477394568232,-0.13666581662564914
-0.10178955537762484,-0.17834926598391826
-0.14629286073114728,-0.20316657244476941
-0.18130617549054961,-0.2085339392258844
-0.20373997314185371,-0.19280236592450639
-0.21115873026128568,-0.16040014384209142
-0.20455898349119711,-0.11488238293176033
-0.1850660989779383,-0.06306828880225053
-0.15459744850922372,-0.012762176100710079
-0.11558518776346495,0.028402677831519316
-0.07073172655181291,0.054118219499256368
-0.023752130361818689,0.059075983305381281
0.023978394596635765,0.043783483654693686
0.069892753902733293,0.011833217165604528
0.11134220267408534,-0.033296931673185898
0.14598747293280384,-0.084758554692449833
0.17170781318122594,-0.13464107746651144
0.18676182591258192,-0.17513897375507695
0.19000352874631352,-0.19969300131329523
0.17982083229568352,-0.20485627183600549
0.15876681470385492,-0.18765745164271358
0.12923462240844813,-0.14937234595011309
0.093654955110080096,-0.09419304023686792
0.055825026700955613,-0.028244788057737887
0.019984933407789608,0.041145719360547249
-0.0096638754007201781,0.1065020554753818
-0.02948953599642766,0.16121999770452358
-0.03674337922875312,0.19910991547364604
-0.030911124928622656,0.21961371666203708
-0.011227852322683614,0.22203945685766793
0.01904429323201377,0.20875832494636998
0.056276691300395025,0.18358376805874788
0.096035054226941932,0.15124944192685447
0.1336786965694983,0.11665404028286135
0.16498086897638783,0.084183407761460535
0.18686220631010061,0.056281568288572399
0.19743570528259347,0.0366618522399094
0.19510309550022331,0.025169843021017498
0.18208366073143983,0.022178269516784938
0.16090244100745402,0.026578734749440992
0.13488776349459988,0.036699497919676173
0.10766686541289866,0.050674382656075566
0.082668353658754024,0.066752474608103698
0.061407309882000133,0.084801733788512038
0.047382675754805342,0.10134931782744327
0.043026728710383148,0.11776922463251277
0.046817019165443473,0.13207720037140577
0.057635451474615684,0.14392358839354941
0.073741429468633796,0.15320903345842204
0.093080446168623793,0.15998913231076414
0.11357782998274707,0.16439196674964895
0.13281949318142602,0.16526501137695149
0.15012126980923293,0.16482675095783428
0.16458302151868209,0.16272609312113781
0.17539369936722932,0.15944792878679012
0.1822207610853534,0.15521796115579262
0.18491946411530569,0.15021198424944973
0.18343714486454596,0.14460283561741302
0.17775054144368468,0.138620920518017
0.16877554959244886,0.13279990588607837
0.15553293188754383,0.12692895483613739
0.13654732810018377,0.12350017336315093
0.11358820369302501,0.12178734011007267
0.087412618342882747,0.12248109480526247
0.059080790917703706,0.12627808315017805
0.0299323845987873,0.13370354651657382
0.0015164267470949889,0.14489778721328633
-0.025447927295449643,0.15996608503607621
-0.04798000708826957,0.17728614648913713
-0.064590565321201748,0.19321217498744739
-0.074359039292870632,0.20657918935674086
-0.076707351053749082,0.21449709266103686
-0.071642787743924435,0.21401387996416016
-0.059738529188919455,0.20258167619403691
-0.04204052378800207,0.17855252970397634
-0.019732074063266714,0.14217295953725168
0.0058190244808438117,0.094085226546999676
0.03139040746074178,0.036657542857085952
0.057189533908238312,-0.024946181288758463
0.082340681329447815,-0.085004971074825117
0.10616364612869184,-0.1373480985003693
0.12810577266664466,-0.17614927245177336
0.14764353207973668,-0.19673746668258227
0.1654775401025603,-0.19685604411767163
0.17902736227195173,-0.17498122334012198
0.18684320747227509,-0.13401509388244842
0.18842269820135163,-0.077639677144287905
0.18279879301380789,-0.012008499195451092
0.16927293721862183,0.05556648957844209
0.14760796827250414,0.11755278600023394
0.11820086567964382,0.16717918724212363
0.082012532093603291,0.19987113687300478
0.041561413548962783,0.21235014020822351
-0.0018422607545020336,0.20269133978086853
-0.043982646187087179,0.1746633144306497
-0.081423858578928227,0.13284234513067977
-0.11095686819016452,0.083168952539318428
-0.12996787137685392,0.032043191615435791
-0.13675039261787256,-0.014601755494242922
-0.13201560162837836,-0.052291883157105958
-0.11393128317368351,-0.077613796386552414
-0.086278571436448959,-0.091151908351591371
-0.050162863449597229,-0.093095001506645625
-0.0088518380073539758,-0.086237109685117497
0.033839864705159976,-0.074445975393152494
0.07394238558434528,-0.061917193312798845
0.10774781687541791,-0.052414548719866269
0.13238434369353985,-0.048807830061187996
0.14540516887914642,-0.051549722475220293
0.14615244194857557,-0.061962223163666313
0.13464885677484328,-0.076498848001218436
0.11223559958623587,-0.091881259270558152
0.081172148306652384,-0.10442813052565593
0.044323807739781403,-0.11073486192283701
0.0047992981515778063,-0.10829108539661012
-0.033110456979407225,-0.096491909430322764
-0.068911797972015049,-0.074575348446440093
-0.10017231981140536,-0.045858675603561459
-0.12599387486769503,-0.012405497560564771
-0.14585698114676143,0.021923565297993487
-0.15967097566940816,0.052964591105117052
-0.1676062139137626,0.076864512241084745
-0.16993355057986761,0.090647291530086077
-0.16671931054103237,0.092460937296941964
-0.15799453856591378,0.082039787086995566
-0.14561175019443984,0.06255830020942299
-0.12816989055108802,0.035271252829338899
-0.10571232087177294,0.0037055306905773291
-0.078567214547126785,-0.028132998051514316
-0.047442243653280765,-0.056315261606991934
-0.013452073016332888,-0.077521412597191822
0.021002813545680038,-0.090769290336999015
0.055832167720575025,-0.092637738867795819
0.08830742554936323,-0.085550412740055481
0.11745318909963391,-0.069544348468341358
0.14187926144667731,-0.047096759438571396
0.16043933381565406,-0.021442105257165937
0.17230661612259479,0.0039217613324020783
0.17701634134038116,0.025760112878252344
0.17466006608524856,0.041393432044830376
0.164897731462578,0.049648784101329439
0.14959883581197361,0.050617533352277352
0.12847976539526107,0.045209086723448491
0.10244011166440263,0.035523154283602289
0.07259878651213382,0.024280663691810575
0.04023902168801962,0.014345270813778913
0.0067367960426987922,0.0082293007295812723
-0.026707750943034125,0.0085926660820498674
-0.058189359742664155,0.014471317579719168
-0.087860726362826935,0.026281006700964844
-0.11368744568013728,0.041698784683654844
-0.1348809750632495,0.058273380812293663
-0.1509995972139222,0.073304069180350484
-0.16192342795119977,0.084310684760956017
-0.16778297252819416,0.089459637735526079
-0.16978466310935567,0.088432750438480007
-0.16686964366404169,0.080415904749147671
-0.1592252295456284,0.067587019873296419
-0.14717304531812075,0.051439468384413337
-0.13084056136989664,0.034641228570534699
-0.11040628761735623,0.020078934630363504
-0.086184103623390185,0.010424690003801253
-0.05871167845891704,0.0077366496207390322
-0.029005116250857898,0.011855650954931176
0.0016389390867144922,0.025034877829336537
0.03351602300915154,0.045227377257764746
0.063456887058459241,0.071182937554526191
0.089561570153074352,0.10025507638716405
0.1101061177037959,0.12929159685418665
0.12373855888736746,0.15503956241733144
0.12963785708122164,0.17456283892335125
0.12668617215732664,0.18431467177220801
0.11685139796805018,0.18483571754109632
0.10078144986797027,0.17644976437236834
0.080325194379189641,0.15947063859796545
0.057367509264282746,0.13556593907048312
0.033814683626464816,0.10692150667450531
0.011421271685366776,0.075912033239368029
-0.0083348057508278034,0.044775651920394344
-0.025246145017203604,0.016270092187058251
-0.036660629026714381,-0.0097376723570115602
-0.04407246535520884,-0.032732924690571714
-0.045708116608418822,-0.052562990524445602
-0.041470350203945322,-0.069620984177600931
-0.031642585483086592,-0.084449265540426907
-0.016871056273297481,-0.097528936389892643
0.001872267510794998,-0.10911164688593407
0.02278912668421396,-0.11782607627482113
0.045243489968282896,-0.12521893010169974
0.0678416307854533,-0.1306333229562831
0.088858099416196643,-0.13314225037748845
0.10681443856867393,-0.13190756539160781
0.12041034232295271,-0.12614568715935337
0.12864361335762833,-0.11527042892524414
0.13092145545217412,-0.099004580530992897
0.12770449803536105,-0.07874295074704725
0.11814674265507689,-0.052768058891961934
0.10512198826048988,-0.022918511701893629
0.088537787833264187,0.010434230541931615
0.070073241991837829,0.046013239092816016
0.051738461518469184,0.082270034964821201
0.035659274506106717,0.11749715423859403
0.023815636410344648,0.14996423133141029
0.016845307404762627,0.17676448996281108
0.017044028828725723,0.19862385994787954
0.024609941380631144,0.21406081823526144
0.038661545172589677,0.22282903579663924
0.057650395241384947,0.22479822893949283
0.079373704410284338,0.22008853016111612
0.10128326527090648,0.20900845936565909
0.12085953742265612,0.1919943277329462
0.13617643394482346,0.16937657706603285
0.14587182753852768,0.142442700915763
0.14826129282723371,0.10999441568531788
0.1449568335966937,0.074247684507557532
0.13748681761453185,0.036137523914016909
0.12793280853195443,-0.0033760637396055872
0.11854259596121865,-0.04327650709033639
0.1113104319067834,-0.082448120806271577
0.10815225480565677,-0.11945410108695834
0.10859224356014958,-0.15312075112767429
0.11241011189363868,-0.18214441084814637
0.11780975681502232,-0.20474515485759953
0.12253029524689053,-0.21938228451296182
0.12405630100448914,-0.22472262528096335
0.12007808356002715,-0.21981007837710453
0.10894002233525239,-0.20422569431449228
0.090927578663395736,-0.17913829885264745
0.065242681129578609,-0.14438177013361325
0.033622065962835852,-0.10053279849268958
-0.00090827458996116394,-0.050902294897767326
-0.034725909713791879,0.0016342166404237678
-0.063911262970225133,0.053958722809629468
-0.084803958699806711,0.10299732876190147
-0.094547155929018828,0.14600993826092221
-0.092463012283785978,0.17991964844796249
-0.076731083305014519,0.20461199374164304
-0.050323158129812272,0.22018638803829266
-0.015056833526944953,0.22643577311468649
0.025107694012643483,0.22439941836605784
0.065490389311623071,0.21561531593462693
0.10130778504333741,0.20188247754935962
0.12832007562240227,0.18501307221910876
0.14359675557115611,0.16531319620309767
0.14534323115832773,0.14646372201466623
0.13351950140195237,0.12722204150145555
0.1102016403272206,0.10952447904320303
0.078676704931861602,0.093436265593668896
0.043115460870293276,0.078549961441376603
0.0079339523599827304,0.064173654604017208
-0.022871191136040109,0.049571818287138809
-0.046494895468613698,0.035511159926340762
-0.060772578433450311,0.020287647463218112
-0.067044481655418611,0.0027796923470344982
-0.065766360999187271,-0.014613294201174314
-0.059576490376464654,-0.03026834233077158
-0.051869162963017919,-0.042272299137906269
-0.046167033342440718,-0.048733156941345952
-0.045469657173359962,-0.048121815467180737
-0.051131548525500212,-0.040884083349241804
-0.064146568250900413,-0.02536647516729704
-0.084513180629290224,-0.0015979001846795264
-0.10854663832370672,0.027421727685761781
-0.13240418363350145,0.058804509963959285
-0.15176589049791395,0.089218942141585156
-0.16253814394015587,0.11536365457595461
-0.16154038008731558,0.13447403688082568
-0.1457668765833684,0.14533712825785397
-0.11715564853213528,0.146213650797682
-0.078217323662510427,0.14000578519090887
-0.032040640217827723,0.12754141728501406
0.01665441234381133,0.11210876138456974
0.062728283098411733,0.09766676995165692
0.10133813029717521,0.088189628059178168
0.12860359091072018,0.086948061216261405
0.14230642879339517,0.097146316080583439
0.14133454326003556,0.11726029534391315
0.12763547860948962,0.14376336658983643
0.10325207634903501,0.17418549390050331
0.071943940751781066,0.20339666838284451
0.038067407373206595,0.22564627841140544
0.0059556318471998852,0.23547466404140704
-0.020662270876796649,0.22865025114504492
-0.038933628436921858,0.20353129195438005
-0.047507319132712576,0.16005242400492636
-0.047689925874305747,0.099623597900829364
-0.039739642851947136,0.029266079154901061
-0.025826914694735848,-0.043512247593211408
-0.0087228489216063399,-0.11041481106324773
0.008629211861660515,-0.16350348863329897
0.02351682629254365,-0.19632367451412241
0.033222094565893014,-0.20502061573546815
0.037135379885046067,-0.18821268913784731
0.034809841090629207,-0.14833105640024752
0.026225145986802711,-0.090177205148970568
0.012102907514446593,-0.020965442489396011
-0.0064768004499045073,0.050844562134406274
-0.02826753574561653,0.1166835335557095
-0.052006142215272798,0.16899147613677176
-0.076685177609395611,0.20122923577225943
-0.10110250854536194,0.21173907207421128
-0.1235005597894332,0.20038197591326776
-0.14351563720084978,0.16943453734850847
-0.16021590444294556,0.12339995143508772
-0.17265390197818567,0.068044786469663443
-0.17992219944006543,0.0095187237960213094
-0.1812663086788214,-0.046485989277353756
-0.17493675785927182,-0.094855043770200737
-0.16326296576109123,-0.13314634542297824
-0.14531053195199445,-0.16122821222973385
-0.12344891508189183,-0.17831550951708885
-0.099495742076588761,-0.18574779552847553
-0.075451587555595612,-0.18560277096899344
-0.053269149747304061,-0.18020660290648557
-0.034617424066560647,-0.17170545002492177
-0.021604381919872871,-0.16158074751339782
-0.013033487645370519,-0.15086312549718675
-0.010216719706532632,-0.14124735489260956
-0.011229259037606062,-0.13167167520068879
-0.014702676474366932,-0.12179430400584074
-0.019120009781621233,-0.1113024719444589
-0.023030715161858058,-0.10008111686346681
-0.025224215830919834,-0.088277669474461737
-0.025766409547621012,-0.076070787800995993
-0.02280497427640393,-0.063763215077473526
-0.016146152098177362,-0.053451436224256001
-0.0061261313300496343,-0.043718552599333119
0.0068022944694509637,-0.034130137434522832
0.021952641636793193,-0.023968263030340383
0.038461805509356448,-0.012356593508197662
0.055327885686925454,0.0015383552684988203
0.071616292302632736,0.018453204020943425
0.085877337062912132,0.037710471563914466
0.096590131260154241,0.06049788247297188
0.10263371473431147,0.083938987742231908
0.10278106825854016,0.10591234294718581
0.096015968306100943,0.12401217550566224
0.081694113733463705,0.13588546757082948
0.059711287468396206,0.13959585858087159
0.031574313070942127,0.13525223334477124
-0.0029930713541137309,0.12106848474090739
-0.040941005121295095,0.096396243249488645
-0.080214054818730715,0.064593731633657919
-0.1176360070312001,0.028619784688996359
-0.14975540078738581,-0.0080318597942292611
-0.17322469672315532,-0.041782999355502823
-0.18521948291930221,-0.069442568742366775
-0.18513274945823163,-0.087331045729826196
-0.17070321220164383,-0.096386698110917851
-0.1411085367205103,-0.095609852549302793
-0.099874427497054455,-0.086977576413440935
-0.050477849859055408,-0.07276219312910237
0.0027472665093503908,-0.055705624049697693
0.055127644045606147,-0.038591769165679003
0.10222204370796696,-0.023841324031978174
0.14017826764679689,-0.011892750558782394
0.16676289465736838,-0.0060548444518616776
0.18119985916090564,-0.0042530697942378508
0.1837944981725004,-0.0072387495233945344
0.17635315205938301,-0.013687923713242314
0.16162942054975621,-0.021765389366105063
0.14282542160756603,-0.029469290246045637
0.12304470901655219,-0.034997037499242309
0.10348938055537274,-0.036145137030087982
0.087631333708797859,-0.03402295584402415
0.075828087852590709,-0.028043957675102375
0.067152925204944397,-0.020092483648994613
0.059835430518623521,-0.012006550061116499
0.051486341876611698,-0.0058211802864472648
0.039636036623843955,-0.003428879223747263
0.022309043295172994,-0.0062702423187651866
-0.00053973205073913405,-0.013806307992927777
-0.029784062674999719,-0.027953137484402962
-0.064158158624027295,-0.047900165014171825
-0.099883806575388034,-0.072043298402930694
-0.13272679711140656,-0.098408191569397382
-0.15804009602516877,-0.12473992758060785
-0.17148635845466045,-0.14881438556484519
-0.1697708077617438,-0.16873934561019072
-0.15182042784992764,-0.1826452279950655
-0.11715014534576529,-0.19051101990749195
-0.068735790164001373,-0.19371197495092957
-0.010894293102900073,-0.19212471044802235
0.050385739204899131,-0.18708783600940415
0.10840227470471565,-0.18025017289728906
0.15666421451785148,-0.17330606323564787
0.18982982581325097,-0.16773272889401383
0.20395689030620642,-0.16364375242595511
0.19859003764750532,-0.16312615327529212
0.1771998840138943,-0.16508384857316555
0.14256405083018106,-0.16950719327206548
0.10063334047511888,-0.17528980162204816
0.058368288434389605,-0.1809804683222096
0.022696755266697302,-0.18504222313467483
-0.00054491739806785994,-0.18613308166318032
-0.0084470672267689898,-0.18465967656833393
0.0019655243759313162,-0.17841342851449893
0.027654313590049825,-0.16784765666942666
0.065577669124062821,-0.15423909821178963
0.10965578389699825,-0.13933332585523883
0.15260792998550329,-0.12527911138022171
0.18706572850947034,-0.11428870861765374
0.20671546336509308,-0.10826143118022891
0.20673256027883358,-0.10861773803625328
0.18674852618208559,-0.1154376346607255
0.14683998506275336,-0.12775268400059511
0.092380770143655394,-0.14400658152907256
0.02988970166575709,-0.16167247228562476
-0.033015722622243705,-0.17780017320142136
-0.088736132671388565,-0.18947356653574621
-0.1307743950835499,-0.19429226023869461
-0.15480655156131948,-0.19098315374777564
-0.15864253678452259,-0.17909889583765418
-0.1428021584114276,-0.15954411052480469
-0.11068367646734355,-0.13488451395213666
-0.067366795188051595,-0.10842887142835712
-0.018958410229186665,-0.083923518188735349
0.028344612664342562,-0.064963327542803651
0.0691405386569615,-0.054396011233351631
0.10007943212844142,-0.054372701728723834
0.11799858861781094,-0.064473988715441091
0.12429441014699075,-0.081362727016900838
0.11965873028214304,-0.10335660483111661
0.10713887883876727,-0.12638079061762852
0.090607258972634178,-0.14583986918475195
0.074081631331271228,-0.15730066058606851
0.061081188788316441,-0.15717748331621983
0.054302313719777263,-0.14201259622401091
0.05508634595328743,-0.11389792866060042
0.061503621836264101,-0.072375261214225994
0.073654468671741372,-0.022366583419981632
0.089415164808405542,0.031386505479065741
0.10615929451592304,0.083687292168914143
0.12122966515308028,0.12958564194653735
0.1323775870189374,0.16501089188469376
0.13754337369206293,0.18817174887006646
0.1370810817815844,0.19608246226542667
0.13101002616523696,0.19119674005774434
0.1207689099394299,0.1738375581539407
0.10808329145798612,0.14681791009002451
0.094808368287455314,0.11371216497266018
0.082596597712372682,0.078367966225215677
0.072632680598288854,0.044436136300563103
0.064549106032335948,0.013685458045314423
0.060120625872262426,-0.009954073629566863
0.056729441712189896,-0.02418963543889624
0.054905828290589029,-0.029691449293580523
0.053561967535999011,-0.027098780805831179
0.051488765862401198,-0.017733741792359897
0.047565563140675733,-0.0033511580544928633
0.040947732573886536,0.014106527754193859
0.031019395436660234,0.031418810019464304
0.017814123014551181,0.048417487149557646
0.0031024916569708724,0.065145813958809903
-0.013249650450423797,0.078966633708709419
-0.030147323485554236,0.088748412024637555
-0.046335409927992871,0.0935620819420903
-0.060561678324035084,0.092682607691596336
-0.071736292009057484,0.085609410582263262
-0.078508218838638025,0.073406586027388615
-0.08114387679977135,0.053963230786167701
-0.080302617702703027,0.028755885531263889
-0.075755427383426319,-0.0020608829088373248
-0.068102315556450355,-0.037181947570942224
-0.058108765138995377,-0.074729055906062283
-0.046584727426165977,-0.11236905462363346
-0.034270788593102453,-0.14752165515067472
-0.020822862937091697,-0.177815393957866
-0.0078715532278386749,-0.20102919210834508
0.0038310426397030364,-0.2142650688623183
0.014890684326856293,-0.21770635669830968
0.025542588053125467,-0.21143631805361879
0.036119355713419427,-0.19630140055416684
0.046950044914439479,-0.17374220441941277
0.058263040484592021,-0.14554815013357869
0.06955175330384028,-0.1130229669072528
0.081812992258879239,-0.078268125388302745
0.093263242577868874,-0.044241539219230984
0.1044166946641335,-0.010259430200871181
0.11462104306656726,0.023518431014673952
0.12305147964635704,0.057221690417380032
0.12882174459710233,0.09102911131237626
0.13112288242486014,0.12489992194356699
0.12992280387371946,0.1588882869839241
0.12429667181199529,0.19106747884670292
0.11375804986115218,0.21950278754401026
0.099524321549468622,0.24203930579137878
0.082660027350656626,0.2560907969722141
0.064496978373647817,0.25919361579272893
0.046444576589235037,0.24942679764222903
0.029774865410713638,0.22581527414488209
0.016715447221698359,0.18771772237490755
0.0057406500560172706,0.13834711587367732
-0.0033150097593945779,0.080385944741827836
-0.01103915070468128,0.018389271652221959
-0.018517088378057968,-0.042635161894115134
-0.026930526963747432,-0.097606692721429175
-0.037311568630950566,-0.14197104575749331
-0.050308186449274858,-0.17224798188478019
-0.066558863731307552,-0.18626271292275179
-0.084806666189586669,-0.18384573099393683
-0.10316777221208917,-0.16717380373371699
-0.12050922642540286,-0.13856221052711443
-0.13487210488784221,-0.10199634744851337
-0.14430269147211947,-0.062064732128145714
-0.14714495528045454,-0.023396166304175851
-0.14230406693537781,0.0098752975739194344
-0.12851182927402183,0.034731546542937516
-0.10777395986550296,0.048463825169614054
-0.080989426305260792,0.052218705741920265
-0.050453296209720722,0.045049997919398302
-0.018635442531996775,0.028437973837049112
0.011916832112371043,0.0047178706118976444
0.038844974832492239,-0.02326204008524365
0.060190389263471616,-0.052495625783384327
0.075082795665671956,-0.080322960120504397
0.081995644395770492,-0.10432579219910379
0.079974288849407327,-0.12139021582853529
0.069813251371288063,-0.13133759136985887
0.052165297102543216,-0.13364943921837494
0.028006060522733259,-0.1283122617745372
-0.001429268082021646,-0.11572690775720565
-0.034674330745843307,-0.096633411736634908
-0.071331300581233367,-0.073360645575552566
-0.1071459792570978,-0.044758226637033827
-0.14148386668919657,-0.014396705203078218
-0.17086952006064571,0.017557103719085174
-0.19291545374903807,0.049264308599908629
-0.20562286215630643,0.078572508580128625
-0.20760975239288587,0.10318146723268759
-0.19830807876921649,0.12090017044798984
-0.17902441689185153,0.1297711120209975
-0.14962614273659147,0.1294669307965382
-0.11283207005593311,0.11809031149789186
-0.071398683955048045,0.098170709712431706
-0.02884604071357141,0.071888883356528863
0.011060119938139558,0.042126877278663093
0.044695102098868657,0.012103596309589355
0.068968344146507321,-0.015053545329383515
0.080372881158562379,-0.036177715147108443
0.079665832674500697,-0.050824076764314059
0.067553197914762816,-0.056459661228003999
0.044890945079167986,-0.055133430870083724
0.014044793866006235,-0.048479333554968619
-0.021951598800268236,-0.03868404997587907
-0.059739201563827254,-0.028082779405855327
-0.095983565292720438,-0.018748970574739884
-0.12750026925712821,-0.01344379088829829
-0.15245863033388399,-0.010711928640707183
-0.16784026807204666,-0.01075345730605883
-0.1737923400635529,-0.012133533909619595
-0.17019464388123418,-0.013146097593981223
-0.15747073575377418,-0.011971490283309514
-0.13646660294342705,-0.007025808157448756
-0.10834987457731385,0.0027451621209232582
-0.075840036478808701,0.017861017395344233
-0.038373832150637485,0.037402376644031073
0.0012136308028002289,0.061010185720327133
0.041671039042845005,0.086332882302769212
0.080928097337365612,0.11133873010639903
0.11674278247873353,0.13403997442944748
0.14688731642207886,0.15272893790654052
0.16941305551035146,0.16613349941183969
0.18313859846838568,0.17217860019514836
0.18708700952239329,0.17238352859120473
0.18260868701642763,0.16733059162062289
0.17069946060931862,0.15677317675663557
0.15393636786895901,0.14106232739171776
0.13562372968889139,0.12053935968010134
0.11933034763845432,0.095570213995918807
0.10832832777603248,0.066659334211284296
0.10558305798557249,0.033685502809645544
0.11087650260618126,-0.00033217715892079819
0.12556184991437463,-0.034995139691272124
0.14592463634289382,-0.066741356230348076
0.16831023493191236,-0.09265371055571453
0.18838004354604512,-0.10985028127985678
0.20180744201736864,-0.11587763031762091
0.20500536387837465,-0.10912210826463206
0.19520897291079559,-0.087870526042448507
0.17307808401797481,-0.055218705370918594
0.1393394161294314,-0.013175548725362416
0.098107091511816277,0.034122828576034374
0.05423479391112894,0.081922303613010047
0.0131742261302982,0.12522745082268782
-0.019824940986579963,0.15943085837057583
-0.040491228963486316,0.18091803203249471
-0.04486408538155761,0.18625856294906382
-0.034602889619746863,0.17705391737691067
-0.0096174126408859941,0.15480210042625861
0.025624042393764649,0.12250728453052036
0.066376581476667793,0.084464849405605752
0.10738907717668135,0.045500704405016287
0.14362706362653455,0.010352273260165409
0.17090849334125849,-0.016901810833571403
0.18617742849275448,-0.032357196752492427
0.18820757061953861,-0.035778587590594595
0.17793002557176771,-0.027060499558289056
0.1562246606842152,-0.0071672778269751269
0.12549143539366181,0.021796727096327368
0.08868242109069209,0.057113553526702686
0.04889998228106221,0.095785499757542372
0.0090688033544606399,0.13480777565745972
-0.02698182682960466,0.17079414813940519
-0.058793130816644897,0.2024762530280122
-0.086343052922622621,0.22569822452591173
-0.10705767897630901,0.24004006568409716
-0.11993052628697019,0.2439794901550113
-0.12420745556087336,0.23623919021504747
-0.11944001300766524,0.21594755280963732
-0.10561066927224001,0.18289446680634658
-0.082376583284468008,0.13801491249572548
-0.05222269502096067,0.08305322994661006
-0.018472838271902547,0.021117932456535541
0.016818052346626467,-0.042965470968163985
0.050049029409935414,-0.103564216511292
0.077334300337739567,-0.15461016978880771
0.094971875257237007,-0.19034689401996482
0.099982829943207591,-0.20616384106267754
0.090075671671668037,-0.20030972604650404
0.066458559541148626,-0.17137782094697152
0.029006929174159778,-0.12142988585706746
-0.017182603694797013,-0.056387658712306596
-0.067005894873851668,0.016170788734352355
-0.11468918717713858,0.087367987626504551
-0.15455771636126425,0.14819968059297922
-0.18182371905507042,0.19079654819865341
-0.19457013554528549,0.21013544149406704
-0.18967459513112916,0.2033545253411716
-0.16818829608849017,0.16991426250060598
-0.13339850579777238,0.11589131945821077
-0.090191015443025019,0.048884810934563115
-0.044562872778507089,-0.021781151405771613
-0.0027878390350962981,-0.08641750045538521
0.029454070193507285,-0.13638630043197014
0.046924474406662073,-0.16405514619180014
0.049117196044484682,-0.16836450399969632
0.033908592213465399,-0.14927544626377318
0.0048655737376141327,-0.11098636543103829
-0.034111926211057221,-0.06011466291134937
-0.07813233452574099,-0.0047759257543539919
-0.12204384398714749,0.046716046341015303
-0.16114005390323091,0.087130972735851756
-0.19154898721688632,0.11193881193147771
-0.21132061168364019,0.11844387052421694
-0.21937632291946479,0.10573379482728047
-0.2165514488187886,0.078799647649433965
-0.20455481326685482,0.04337191583990456
-0.18572083217278745,0.0062015186365814799
-0.16254937770084471,-0.026060594050937847
-0.13730038345042778,-0.047904021842796546
-0.110778477299872,-0.054461834781852195
-0.085675133353105989,-0.046263407604277954
-0.061471960703026414,-0.025600499889724661
-0.03879264204168998,0.005152301778122678
-0.017288349117228693,0.041307174300319043
0.0035867050786470445,0.0775861840533036
0.024355591170531734,0.10893909001258698
0.045340587517009874,0.13124893552351366
0.06562843817072328,0.14312052589319682
0.086524598278479428,0.14105539728866318
0.10649306635312207,0.12760952055871824
0.12547716559984234,0.10300562175152668
0.14270592267737522,0.069825846266985112
0.15736936721963962,0.031260729024367939
0.16874402597717722,-0.0093619987100185941
0.17630483818316534,-0.04899121352024742
0.17887982967520252,-0.086451420882840885
0.17755242580776545,-0.11755898003409303
0.17431739767520363,-0.14335667122480658
0.16836378085796028,-0.16192001841874809
0.16030984188928996,-0.173323715200632
0.15081111144365528,-0.17819562290755805
0.14045543470128771,-0.1775317874174607
0.12966478932975192,-0.17250768719476239
0.11843631610953279,-0.16301583089527386
0.10702914317233449,-0.15246595218498274
0.094806635061817371,-0.14025917394174225
0.081460794684122179,-0.12829977971787696
0.066391525243437041,-0.11722688561784957
0.049029125835120549,-0.10737099382720222
0.028989047696361885,-0.098845547707654663
0.0062195210630065787,-0.091679849673209371
-0.019069668816187046,-0.085036635084387385
-0.046123180010094827,-0.080443531280568387
-0.071809565607700201,-0.079013372558427303
-0.095859190795001187,-0.080918055193842722
-0.11643668443125829,-0.086949070346252932
-0.13163032115485074,-0.097782492654611752
-0.13968806660815569,-0.11375611633375818
-0.13926370107537769,-0.1346435267920508
-0.12981929684714372,-0.15891725602786533
-0.11142612917101011,-0.18569909042989027
-0.083730341685057705,-0.21203611756920127
-0.049470392522107574,-0.2349858591871562
-0.011059246562260908,-0.25107838079094302
0.028748530489712539,-0.25693044015383149
0.067154920774345442,-0.24974352966936497
0.10161322400968838,-0.22779825995797406
0.13137747455094309,-0.18993623033894272
0.15325178712637438,-0.13879217486469828
0.16611075346268786,-0.078727519248289121
0.1706563334430827,-0.013518377053406819
0.16778237323694309,0.051110939182762077
0.15895378437526453,0.10904990670969611
0.14597122172594201,0.1545366239339527
0.13071241439629716,0.18288864697313723
0.11433097538098339,0.19204841326327252
0.099467941828874182,0.17951435570720942
0.08509815773182694,0.14759029507985547
0.073116638943726414,0.099013868923468445
0.063528823577097243,0.038852370020559385
0.055842504026367201,-0.026684144955838731
0.049250832339314925,-0.091024680933498692
0.042870269082607597,-0.14805646194803557
0.035432100456875434,-0.19230588925509096
0.027776840178732116,-0.22189720898086865
0.018706431696414325,-0.23381040477392076
0.010047104670955914,-0.23049685973660075
0.0030135233001246362,-0.21473039206883102
-0.0011029035313881773,-0.19036185302162562
-0.0012148583872372994,-0.16168099246618647
0.0032878078616883255,-0.13278803906253922
0.013621666510042619,-0.1076257653147073
0.026823778331084271,-0.087837678106052905
0.041718905709533814,-0.073881487693067099
0.055700454016228008,-0.066346415122538277
0.066144722733381803,-0.064388762140176442
0.070604102272950858,-0.0666183230393953
0.067182340577793945,-0.071458742898958288
0.054847285089389027,-0.077468313493872468
0.034929178847495544,-0.083752904780301188
0.0062555725235299677,-0.089844530803831452
-0.027488546117874779,-0.09383685909266673
-0.06452504398558552,-0.097411140973254054
-0.1015269424982594,-0.10106726472374374
-0.13491218973551425,-0.1052104072393283
-0.16125847303796528,-0.10999702378404562
-0.1777103423114218,-0.11526985649415629
-0.18362105310687699,-0.12151710599951562
-0.17586571548711566,-0.12712369568025914
-0.15639301922788698,-0.12986882507595271
-0.12564102306628808,-0.13075322539428291
-0.086137098647411064,-0.12979469704846314
-0.041292924758670378,-0.12735070933818812
0.0049885956615371143,-0.12405610623537559
0.048767229661966734,-0.12068175063842788
0.085588767443750408,-0.11738541211447782
0.11447087689541469,-0.11505352059490473
0.13229750231148063,-0.11539043039550718
0.13971013726639464,-0.11642918036836507
0.13738158043517412,-0.11701459401756635
0.12670334564543759,-0.11566945362521301
0.1094769403411404,-0.11084634502447367
0.087591498967809114,-0.10122784914117954
0.064039587949281315,-0.084724579918424636
0.038168546307148894,-0.063754550374795424
0.010786293331646759,-0.037153521111055632
-0.01761127869708607,-0.0082549232285392959
-0.046908667908144679,0.020416572986915807
-0.076984055002887491,0.046199500286687616
-0.10751292056953428,0.066684127383273423
-0.13782127817219456,0.080075958685799975
-0.16589446699386795,0.086402864543552005
-0.1916436551443618,0.084062720106274733
-0.21343107385163734,0.075685949166182057
-0.22932877455179546,0.062188652615153939
-0.23768161046479241,0.046144239348684862
-0.23714437511244232,0.030503221684152686
-0.22687778392491198,0.018169069083728274
-0.20668740983673531,0.011566833510193114
-0.17764203982295246,0.010973410220493064
-0.14001413632156423,0.018691014162458539
-0.095947460563539075,0.034514485205189897
-0.04740438574120371,0.05603908275102204
0.0031566611880971328,0.080437081814182937
0.0531545745626123,0.10428201858956496
0.10007358259364987,0.12402356996701258
0.14163270612129697,0.13648742920122681
0.17684977439280844,0.13802790331739828
0.20241094461556935,0.12916457715335905
0.21934502690093846,0.11106365570981092
0.22567314381482328,0.084160251335611475
0.22138080081704861,0.05080229012914874
0.20710431646548091,0.013964457167720403
0.18404791436535731,-0.023191965699726473
0.15384362198122015,-0.057768576674011848
0.11744641837483076,-0.086960398065286729
0.078424585519071249,-0.11060524804307421
0.037675647501836246,-0.12701174221126874
-0.0024915707317139974,-0.13793786462472343
-0.040757796328012429,-0.14483896092894044
-0.076256405668950547,-0.1494386020899022
-0.10849699142931563,-0.15335497049955119
-0.13721350236228308,-0.15777533754722309
-0.16161784711724905,-0.16452977162093854
-0.18200999307588556,-0.17157373905479698
-0.19839809710005368,-0.17747728096957757
-0.20921571050398069,-0.18137284680795654
-0.21320505664152098,-0.18168453768480325
-0.2090687284137604,-0.17697307308179536
-0.19576487479036511,-0.16618447147211673
-0.17283854526737685,-0.14881561447629543
-0.13942588709542308,-0.12552985553631799
-0.099503047264193706,-0.095948754797925348
-0.053721505652445482,-0.062042376407666661
-0.0073664907338269383,-0.02448240976395474
0.035111819950383628,0.015334786455596133
0.069342291770723569,0.055963798928949267
0.091617261331873104,0.095987769347948615
0.099432591454850922,0.13404615184458399
0.091341720279784516,0.16900576001402734
0.068710705474559486,0.19932840622416523
0.035941262125403682,0.22346241660429916
-0.0042137638768949374,0.24027117333676873
-0.046689078689729081,0.24850378169273632
-0.086031087943633275,0.24711249755544326
-0.11709807469830576,0.23543724021503595
-0.13573361059813524,0.21341324424560726
-0.13987090335513105,0.1804617446480376
-0.12746639230712464,0.14053339353166275
-0.10161736879135533,0.094664358182151034
-0.063762846685110411,0.047381965381527363
-0.018134794128667142,0.0026459561797652505
0.030086062307733964,-0.03563427036458866
0.075435612255834103,-0.064033452831047749
0.11285271259357971,-0.080007639954955245
0.13958554012058896,-0.0816410047535229
0.15133512350012931,-0.069971973270697971
0.14616947062112723,-0.045474352891673425
0.12586751492125586,-0.011367564853037448
0.092834758702922127,0.028882124180618363
0.050626291354637191,0.071416136217101606
0.0034315015619873282,0.11240736947608693
-0.044470633210829585,0.1484391450800738
-0.089020787090391212,0.17623783108439556
-0.12785006027871937,0.19439016969727355
-0.15706524999196239,0.2036508842048132
-0.17718549967976369,0.20248842357113056
-0.18831292168585712,0.19142242586225217
-0.19118077689755023,0.17159399478539636
-0.18686778740058818,0.14462328234562624
-0.17653285930566215,0.11248080402583503
-0.16028817636132681,0.076457042174661108
-0.14069500177069413,0.040067364849638902
-0.11688848471187374,0.0068866865171700814
-0.090441387867497183,-0.021626946259408121
-0.061833946822710317,-0.043259381042414495
-0.031507559355800178,-0.056119718481847158
-1.4091805605745714e-05,-0.058828572722111991
0.031846503612100417,-0.050721935329610036
0.062747186184676354,-0.030738012788340065
0.091653671489547131,-0.0017200670556263289
0.11595544374462922,0.03249299663604234
0.13434171535844622,0.070105319957985343
0.14495085536383731,0.10742880819908857
0.14617076825220743,0.14054499213385693
0.13690607363192986,0.16574735193596454
0.11682660860370155,0.18000150775466403
0.087850938747100885,0.18042638125609828
0.049308517540407985,0.16831051882550174
0.0053505465203389614,0.14261088930009025
-0.041765131833131373,0.10724081828985942
-0.088195766595634564,0.065811666522794396
-0.12982982049415667,0.022480456555253187
-0.16277497578912137,-0.018543820729400824
-0.18387986275980597,-0.05346518117598148
-0.19176603742932591,-0.079830954345953345
-0.18489082840149113,-0.094981597196379067
-0.16597397762136284,-0.097398501824079955
-0.13686267159222518,-0.087911936827241077
-0.10172755778846974,-0.067752705424643359
-0.065613154624328887,-0.038886413345999432
-0.033741702177603479,-0.0037729068654618631
-0.010744254431078138,0.034854529677600908
0.00024522661765517763,0.075465069453115152
-0.0027036061932330154,0.11368084829010257
-0.018108738909562806,0.14530068133310953
-0.043858240770503848,0.16930637433695025
-0.075533546846025548,0.18376298941376731
-0.10762839239833996,0.18721738756527073
-0.13441548323449001,0.1788234131557026
-0.1508808929938952,0.15847957111199906
-0.1533874464017119,0.12565485545761934
-0.14138452907151788,0.084260804870936387
-0.11424824026016228,0.035938239238001365
-0.077045710191975425,-0.015111950197075766
-0.035300551843403555,-0.064834946363051343
0.0045603044808128672,-0.10913372569586878
0.036213950505307284,-0.14426575259129751
0.054444507057864938,-0.16721853214977106
0.05616647256346799,-0.17694165529648057
0.04048953273620496,-0.17130824010580328
0.0085349988612635434,-0.15077605355613674
-0.034827582765890083,-0.11724674909735448
-0.083534909680505101,-0.073532949514837367
-0.13067611329786308,-0.023254639124957618
-0.16951489760506502,0.02951593471909239
-0.19447191116118695,0.080629477321052023
-0.20247362209818431,0.12602567250962485
-0.19127662249368849,0.1631169061882278
-0.16310166798791162,0.18756230658936832
-0.1208977722052885,0.19927530708770269
-0.06995209125385371,0.19773901569514279
-0.016538241673246266,0.18325074280439133
0.032995100174173751,0.15685085020753356
0.073110415414998908,0.1202501485707453
0.0992540476806682,0.075203815000751378
0.10986974182638121,0.025227767610814519
0.10680444402247405,-0.025753428153088065
0.090731670299960335,-0.074797694466551004
0.065159386633144648,-0.11834126328900063
0.03451155310861205,-0.15299614450246207
0.0034138666660024066,-0.17583258295681994
-0.023997182561876204,-0.18467437193757594
-0.045191577869179898,-0.17855216780011421
-0.057682731202738508,-0.15705472090377998
-0.06114000110036534,-0.12233885072746577
-0.056922738331082398,-0.076336998828096289
-0.047267364853096773,-0.022612305231749827
-0.034993976494983037,0.034527105538037034
-0.022975867274112906,0.090468294982929298
-0.013647295980126312,0.14078799280714974
-0.0076995095127829032,0.18191849031210522
-0.0074747671987357416,0.21119526248627937
-0.01107932566066803,0.22602348757214763
-0.018326966980219656,0.22752867269861726
-0.027368926385411944,0.21719321907428726
-0.035965709432646306,0.19750000150606914
-0.041883438581780785,0.17154496157887777
-0.04327623549278746,0.14260791902033515
-0.040291896723642619,0.11467336428965649
-0.030584582902911699,0.088376953043333234
-0.015302965990299615,0.067419057402554522
0.0043953138662927898,0.051130633763219996
0.026446887043861417,0.039526043845400038
0.048380919363740865,0.032199739107407671
0.067703465067112251,0.028533377920858579
0.08229422873115616,0.027870737166929251
0.089826043342208006,0.029815063376971523
0.090866580321111876,0.033916158495086883
0.087631535495200946,0.038549454631721269
0.080241364344217248,0.044411771298491033
0.070805363010773462,0.05117631696855008
0.061774034428123063,0.058340212860362874
0.055512363441327268,0.065205971753121109
0.053865351595947721,0.070935076153795684
0.056492022027337212,0.074479862592709986
0.065427666368587059,0.07558299113247946
0.07832542940635398,0.073005771536415465
0.09355198696108559,0.067379116237481232
0.10805204800491047,0.059186549978436892
0.11835532047998673,0.04926505581281921
0.12114145041606114,0.038676758269658586
0.11383186875492524,0.028527721900150696
0.094554445339675677,0.019210275446614085
0.064416079353809483,0.011764675664441551
0.025616446542194284,0.0080068944168691317
-0.018375803110564328,0.0060820920908650532
-0.06276583568214561,0.0049792235938608334
-0.10223696061492052,0.0034050357360381508
-0.13168296898566112,1.3828492244468191e-05
-0.14694314356596955,-0.0063423382522908587
-0.14598148029582123,-0.015829056513572224
-0.12738296425054965,-0.029007455085408584
-0.092495016919030018,-0.04701463262313791
-0.044932385171818655,-0.067193959144907903
0.010342916759805237,-0.087695880897044581
0.067505824146277149,-0.10643314800485146
0.12066118431941183,-0.12137547777148487
0.16464067691681192,-0.13084151099206698
0.19698175432704787,-0.13430014550199534
0.21371775218398492,-0.13024603849565106
0.21550709904130974,-0.12052632742769838
0.2041331076233722,-0.10522763896130087
0.18323551384647796,-0.086032247595733344
0.15752518578889052,-0.065059243227475125
0.13203814217002552,-0.044557113468456623
0.1113598805941191,-0.026567442085297474
0.10023802180539514,-0.013911349105738819
0.098665339334038288,-0.0052810081211226972
0.10609668548729589,-0.0010721123859602462
0.12129942810636959,-3.372078305519221e-05
0.14118021067300551,-0.00057098854523535407
0.16191008991081604,-0.00085979989453773735
0.17959206889586371,0.00081492501995343136
0.19091475401878366,0.0057392806811957259
0.19312899659034352,0.015449398613581859
0.18653822707400522,0.028487585404569585
0.17105531311341718,0.043250463568111221
0.14949594576584743,0.058639615889166143
0.12498450631185269,0.072648217667104165
0.10095433957168563,0.083232002873154076
0.080566553869708693,0.088630702215167695
0.066201078499320706,0.087643126987621056
0.058543739591922897,0.079256449416323815
0.058593569431416609,0.064754529474684686
0.064203333917519714,0.044902208001021689
0.073803482170023901,0.021686886655505902
0.084593043526808992,-0.0027755909654766635
0.093533693498556919,-0.026320848561546938
0.097799556717307376,-0.046970771660830246
0.095169398357405524,-0.063103175846131135
0.08523338771340444,-0.074466330870428338
0.065924867192275041,-0.078954209869755654
0.039370837681276201,-0.07615700422655447
0.0059562149920931017,-0.066220737867482199
-0.032256547794942914,-0.049443529954928053
-0.072719283320319544,-0.026424869460728126
-0.1127021861348473,0.0019416448486622268
-0.14959352565571063,0.034448971080195623
-0.18171235593449453,0.070844155068445241
-0.2060840216517151,0.1068910265475623
-0.22356666345982615,0.14185414225728382
-0.23223638609493738,0.17206315620567378
-0.23217915810281606,0.19487788658607791
-0.22409966946800688,0.20802889880586398
-0.20915961825524171,0.20988188023849433
-0.18877647077402643,0.19966177941408322
-0.16311879702124091,0.17741597937506193
-0.13523107839201895,0.14465718741191863
-0.10722722034134781,0.10387400117271035
-0.078891965915866308,0.057927905909182342
-0.050570817513542726,0.010372333420692725
-0.022353272886831897,-0.035070669885602604
0.005755471563947661,-0.074865694543072653
0.033634739875823327,-0.10599215737643831
0.061417515428754128,-0.125279347531317
0.087813337810396325,-0.13280761258846641
0.1098109637741959,-0.12836915106602501
0.12715146567318847,-0.11249016519377932
0.13805258001811591,-0.086639187715248867
0.14076256699107631,-0.052860542507210617
0.13388534434247229,-0.013587108797874337
0.11672062477402417,0.028527204325574852
0.089740218011601827,0.070185730407587507
0.054292905327476292,0.10971345072178217
0.012284128151327459,0.14362091514015307
-0.032003460237835193,0.17016212408134823
-0.074197367036590745,0.18724409087195776
-0.10979435831030419,0.19310937415790921
-0.13475117787830862,0.1865200987139502
-0.14606498707953564,0.16698037046572259
-0.14243819457583737,0.13625495251367997
-0.12373170791904574,0.093737257898015278
-0.092951198391369311,0.043206674339934532
-0.053310387684706903,-0.012225800983527579
-0.0098462985179116076,-0.067934007806764174
0.031761539995027226,-0.11876410902349989
0.065932603678906326,-0.15963433164372287
0.087937432958306902,-0.18622523564315144
0.095475489151666287,-0.1969507102962626
0.085398842475522457,-0.18869709529131834
0.060513436202624733,-0.16381767132323791
0.02209697158016791,-0.1251503831654727
-0.025508331378266691,-0.078104021487204855
-0.076783178009979594,-0.029426726130291264
-0.12579607995535685,0.013738592727636764
-0.16702786640012698,0.044929519618824978
-0.19631465820567137,0.059953702552988652
-0.21119514466712089,0.056158293264624029
-0.20936719996649486,0.032619142477204092
-0.1938195422280998,-0.0054769719358642392
-0.16791846774169644,-0.051799556774371994
-0.13610761201224275,-0.098532007572219735
-0.10317550194752448,-0.13760110011245472
-0.073508289356112033,-0.16198762233798114
-0.050631412191039206,-0.16783162973395813
-0.035923314091335916,-0.15229381382394092
-0.030365623948283703,-0.116013923270534
-0.031914465803222165,-0.065011655981723121
-0.037922307953312286,-0.0069656022658440052
-0.045137615398911736,0.049033226902365702
-0.050333649098024368,0.093912921328099447
-0.050902923501414517,0.12008389583946009
-0.045505538634520531,0.12177075233957274
-0.033484751099128574,0.099339467208367629
-0.01681614007710543,0.0544780192822856
0.0028378640969583782,-0.0059107627722760443
0.022467340551589172,-0.072929276852018179
0.038779867774568343,-0.13647005383057201
0.048754542274769469,-0.1867520653378264
0.050150647549303637,-0.21581024374757479
0.042075593974723727,-0.21963192824209588
0.024215321853727788,-0.1952958637904256
-0.00049645820940904801,-0.14700262217204835
-0.030405028342349538,-0.079854899636185292
-0.062123876183031626,-0.002567932292047213
-0.091928241718012879,0.074748481485443982
-0.11627042540181531,0.14207654115091042
-0.13226548330523197,0.19094221972240741
-0.13937301139498018,0.21653814753044015
-0.13482697115474496,0.21475995854163463
-0.12038034336825987,0.18905262685142044
-0.097208761194287965,0.14271619479718659
-0.068072898895562867,0.083080448497020357
-0.03637163427901248,0.01907459328120293
-0.0056648625313532501,-0.040109647217141005
0.020819623131089253,-0.086350183234948752
0.040436653327757685,-0.1139045347779912
0.051664623458656675,-0.11944170371449768
0.056098492940943996,-0.10349485668534644
0.053265304301316235,-0.069086556306731869
0.044998232096778168,-0.021802414560009375
0.033804440207610142,0.031367698235378168
0.022427028327624204,0.083163715000681898
0.013375022094994181,0.1271659326175836
0.0079430822691769799,0.15741165267395185
0.0076958736589918496,0.17328336444745593
0.013074917771781899,0.17600457035282357
0.022200662163193545,0.16705773286477127
0.032910268349100852,0.15045976744485559
0.042597537757631372,0.13102261438006896
0.048694329924304322,0.11346259150190123
0.049157594738715206,0.10158382790697069
0.041953040553409086,0.098223573232126757
0.02855142461150997,0.10314524736119013
0.010395159348976854,0.11430871686709337
-0.010183892366832349,0.12944707100982214
-0.029971115352317921,0.14482885717614252
-0.045539035807238899,0.15649263131734958
-0.053782448413974039,0.16092826864335036
-0.05241853470320014,0.15564742367820847
-0.040557131762228311,0.14048338756415274
-0.018187964376015869,0.11399300827303353
0.012648427407442773,0.079961398619576879
0.049230412497823908,0.039718485276073107
0.087811428916317769,-0.0033193662190723569
0.12430505902134675,-0.045411085509088574
0.15483169730479657,-0.082962527839526165
0.17623044473072857,-0.11293560801100908
0.18590542759302797,-0.13258612597178593
0.18373120025612097,-0.14115933913586795
0.17159607145791309,-0.14015154559391779
0.15042517587800971,-0.12879160817076846
0.1229997001971445,-0.1083040671059967
0.092630590875662069,-0.080403841023521577
0.062715074877805546,-0.047085987868954474
0.036316729271406549,-0.010445576174120135
0.015642880944451851,0.028750627659634972
0.0025521082144326036,0.066343407879290051
-0.0026903219619420307,0.10151767891908348
-0.00019115028025632592,0.13186076095442753
0.0090093264472982555,0.15583754737723823
0.023353782913146624,0.17228379995765905
0.041025297834278524,0.18044257141799824
0.06018760865046778,0.17998853824674999
0.079359956442899671,0.17122389646491973
0.096939771802305549,0.15472118415472996
0.11166899854695206,0.13020333936523693
0.12304019413438068,0.10005913554051848
0.13064843967803391,0.066003788214657119
0.1343129303403682,0.029888347765322246
0.13402318820297218,-0.0064191243754531391
0.12991020301319228,-0.041144499197748811
0.12317355895498526,-0.072888937384423994
0.11287076745274319,-0.099737824715635137
0.09954778633632809,-0.12199960874795213
0.084193737230066346,-0.13793395780040726
0.067895250097818369,-0.14716675751709188
0.051967445882830483,-0.14978977313293029
0.037836380600915834,-0.14635265791124744
0.026869490118840256,-0.13782085997788621
0.019993869416239266,-0.12642977796672575
0.018105285178628968,-0.11198317105984296
0.021507602468118638,-0.09760246085373904
0.029431575366395284,-0.083811176218279451
0.04066971583529215,-0.072066918281953343
0.053532310083575216,-0.063734716713852418
0.066076395387635253,-0.059960949381747883
0.076388596821354751,-0.061532183197270759
0.081948909945797579,-0.070036993217250487
0.083606139661813364,-0.083457382523258072
0.079117955891388661,-0.09980508516561841
0.070555703984320844,-0.11850261254447687
0.059221060888208901,-0.1376434586047654
0.046701692744542375,-0.15511273805875062
0.034591064156120774,-0.16883024275599631
0.024217742063576773,-0.17700982764593859
0.015872921978564269,-0.17709803802349935
0.010721893651933193,-0.17049990138267315
0.0080203158582378142,-0.15746917910908859
0.0071010190794141836,-0.13888536591031372
0.006687810537626313,-0.11632075983492546
0.0053114660521652295,-0.091633040708315808
0.001574551998175694,-0.066718526191699531
-0.005593098378069962,-0.043280832016884936
-0.01543188630507825,-0.023576870627527172
-0.029658351111756673,-0.0065826036107660439
-0.048007627594631411,0.0054118307866335988
-0.068544585134931807,0.014117497342734518
-0.089368384373763127,0.0201522843609592
-0.10829787197234811,0.024180856560374331
-0.12316057911994223,0.026809531811791656
-0.13208769960813976,0.028553918175726369
-0.1343285736453278,0.030433603159059155
-0.12814897322478633,0.031896322992981251
-0.11518769316623592,0.034432992730441758
-0.095376247251337767,0.038165391654462859
-0.07032526109292403,0.044030768240122378
-0.042188143853613323,0.053132972479466085
-0.013364223240817845,0.066532863607852669
0.013841213972888945,0.084952189673764528
0.038102188416082684,0.10974732998763077
0.057420305371198938,0.13771208734634757
0.07128582928480158,0.16838536298738593
0.080365088868492876,0.19756180524729244
0.085896153090979976,0.22134532011541955
0.089604756898287757,0.23571515504686297
0.09333688488596395,0.23712187099297777
0.098653942709188217,0.22309608266686667
0.1066467834148342,0.19221139246396604
0.11719357203555866,0.14620860745139405
0.12851350032071485,0.088813640882523137
0.13924014300417814,0.024262660366831282
0.1467612801374974,-0.041404850076010899
0.14819090072268307,-0.10161955806205983
0.14088444492712321,-0.15011897465442448
0.12296993508781513,-0.1817802783788037
0.095100691513438806,-0.19350777481479295
0.056198298093616282,-0.18446840609916446
0.0087154831704516957,-0.15439506509621476
-0.043348091638629786,-0.10854315796560358
-0.095066828649716328,-0.052602017935213352
-0.14101042928442864,0.0067611880792930327
-0.17598049989325903,0.062755978862273049
-0.19576818674844457,0.10929768762272879
-0.19874117340848454,0.14113902695009156
-0.18306393877281199,0.15624365697620002
-0.15046426868824941,0.15395835245660366
-0.10500945656720061,0.1352391913280819
-0.05229714480812276,0.10278433571523653
0.0010886104667518187,0.060353745605080354
0.048475521320583345,0.012212638723255103
0.084037944103116172,-0.037396091008492685
0.10492379107354902,-0.084862740048864974
0.10692654161605254,-0.12676891657630895
0.092204015534729358,-0.16118163028007751
0.062633726684399996,-0.1864784685384224
0.023126663824458042,-0.20196731383180488
-0.020048992116487536,-0.20755097057264632
-0.060243033459307989,-0.20357753085018934
-0.09147317752211126,-0.19072832631081035
-0.1080838098204633,-0.17051745636538196
-0.1100021233802126,-0.14300105850229985
-0.097878674753391168,-0.11107563203961988
-0.074788692892291189,-0.075449268019084095
-0.045904357879702304,-0.038150513112221937
-0.017433418543084812,-0.0015390289909335633
0.0044361371362141569,0.031863163946868382
0.014597409367927755,0.059634100382796887
0.010101614582860715,0.078841597511860165
-0.0096188249384377335,0.090082767191935975
-0.04368345746772586,0.091106159638355541
-0.086480868410657205,0.084290203629340005
-0.13161543266203871,0.071598953996207526
-0.17197383159061685,0.055623060524689717
-0.20083846989666662,0.039223441075380769
-0.2129434791055243,0.025128954982308344
-0.2047512307231944,0.015366189170428514
-0.1767254403936169,0.011181143920192866
-0.13213656800805312,0.014710132566963787
-0.075445788983204615,0.023818674029959346
-0.013380254002106422,0.036836960815368726
0.046576222923844453,0.051565045216728424
0.09722136870448056,0.065641526782452608
0.13259842002721095,0.076916730235319544
0.14855951796389028,0.08469822676193621
0.1434254317814099,0.086981522381079437
0.11990313588249199,0.082628435493143776
0.079664849959279069,0.073407408748845354
0.027382043359993044,0.060832442928933583
-0.031281546334308026,0.046826738269364072
-0.090451944693451108,0.033417910168432055
-0.14477827846320013,0.022441477856290151
-0.18908710862213379,0.015853334683216654
-0.22185191953664668,0.013409491185985981
-0.2424589171764763,0.016129729203031198
-0.25057523845996549,0.022870506308344665
-0.2475162422232515,0.03265315499913013
-0.23529818485313728,0.044310124229820988
-0.21624028662061756,0.056684513840418352
-0.19263168348133733,0.068792745701703364
-0.16558312211598017,0.079000055225722995
-0.13841246382040967,0.087915592038083482
-0.11154986636655306,0.097022888505545704
-0.086837185945205925,0.10493407714537589
-0.065301931306319658,0.11160934655863081
-0.047768870403022759,0.11697606976223859
-0.034881202569625507,0.12086813018618719
-0.027073285496900613,0.12300254449237834
-0.024685171809855744,0.12429692594583075
-0.027273151176383341,0.12250043418415557
-0.033947828101230454,0.11671512422469246
-0.043759377274325377,0.10725809355256427
-0.055142360358561252,0.094204215844738259
-0.066231387450296969,0.077976112631679195
-0.075072804750532005,0.059311210238036018
-0.079890803885995315,0.039163326827968067
-0.079550653498850765,0.017257374034307396
-0.073571286637882927,-0.0034039498589741456
-0.060431956762708565,-0.02263956576407232
-0.042747073646027985,-0.039812688408987371
-0.022566975012235941,-0.054984401045965914
-0.0024149463385273375,-0.068668637578709626
0.015048789064455349,-0.081652352751651808
0.027388164315115454,-0.094724950978328878
0.032537316748546846,-0.10744319881866615
0.030019994617905593,-0.12096278042175466
0.018401661200387522,-0.1350132762071122
-0.00040172188535580002,-0.14736180992539505
-0.024648986029984953,-0.15563875887921605
-0.052103423698390806,-0.15713033222792896
-0.080332368879281552,-0.14927591831278197
-0.1070018323362045,-0.13023576254675093
-0.12993824119537908,-0.099612043298466957
-0.14838871981554932,-0.058122842180809792
-0.1596598934073665,-0.00893366046096742
-0.1649880022700346,0.043640178647715688
-0.16472572308655237,0.09385303315565631
-0.1594789558017437,0.13543140251875371
-0.14996063784919295,0.16247450009845502
-0.13688677118865919,0.17040280079230608
-0.12185480403389193,0.15550000083918444
-0.1044855297288219,0.12029015906250695
-0.083801215152690081,0.067034798467136461
-0.061943215283026667,0.0024421427989876872
-0.039884740790352126,-0.065476529285105639
-0.018708538713692838,-0.12790457139524361
0.00045953869268626409,-0.17644203805522388
0.016560544200740233,-0.2043121556933202
0.029667521497937572,-0.20717982091285161
0.037769477766940542,-0.18414378081269284
0.041239427674545144,-0.13900325210415967
0.040250790918302401,-0.076365647778293869
0.03575135944251194,-0.0041315545556520374
0.029175175304840435,0.068526033741408893
0.022236571537954584,0.1324351796825943
0.016649327590722733,0.17968451052941734
0.013261765292865929,0.20449412624451868
0.013569400060383029,0.20463545258880333
0.018268322901124626,0.180505855719195
0.025943442701028146,0.13606202249808952
0.034963842048439844,0.077445169086986995
0.043186334092684853,0.012217888949760985
0.048336579485214706,-0.051719432685545685
0.048451076408031167,-0.10717654090163534
0.042488370892343377,-0.14797617218627593
0.030060984319236948,-0.17179829008954833
0.01201688701597247,-0.17610965118388247
-0.0091900205245210535,-0.1630688433083638
-0.030366149999230187,-0.13557018586965691
-0.047853687190896492,-0.097538804179674893
-0.058117512284934433,-0.053269146552962915
-0.058365468308649089,-0.0068476308527351181
-0.046170018868444206,0.037702943220744689
-0.023449202018282919,0.07842374044297469
0.0092693095215529431,0.11417933756327171
0.047216302100438909,0.14327201772742443
0.085477775374542195,0.16503059621364299
0.11875064302813379,0.17905606413021563
0.14211253416703959,0.18509153255956332
0.15176022019966565,0.18299647436797364
0.14467401272269942,0.17227065048628656
0.12195408417134654,0.1544936827793329
0.086781425030153472,0.12922192047754572
0.042073976763487224,0.099158708085445135
-0.0070432400258820613,0.066639297545349446
-0.054864589128408581,0.034403851971447415
-0.095878787836916904,0.0053274157959817001
-0.12550123332662988,-0.017934189838308769
-0.14084067289387661,-0.034624058930139742
-0.14032772957009512,-0.042043453070999479
-0.12496406033848349,-0.038707405231408747
-0.096971207622606859,-0.027328726962287313
-0.060105792735942111,-0.010489830574300509
-0.018915958566248264,0.0084036029388923107
0.021876087237208634,0.025619613300789636
0.057955797452144367,0.037676070823072963
0.087179523264570319,0.043201407465555917
0.10531921345631939,0.039208873986121891
0.11136071155676973,0.024289837085816317
0.10563032732781767,0.0015609749470480517
0.089388168154503692,-0.025760350479352889
0.06472896728960173,-0.053535323130077458
0.034249831502489121,-0.077343134479005593
0.00072504374033724298,-0.093183278097202241
-0.033354029735801309,-0.098683692724726726
-0.065256097253602582,-0.091925983757050259
-0.093296737706814944,-0.072194988258699244
-0.11571968413119894,-0.042765694457049683
-0.13141481737182834,-0.0074420505993170972
-0.13969642337462085,0.029108605183686406
-0.14025652901445132,0.062097213438667531
-0.13312589374568207,0.087385712881692987
-0.11772501574823205,0.10235044427977676
-0.096215463393433523,0.10575506957246855
-0.069147330432376905,0.098349304540366791
-0.03809623592537479,0.083141039335251202
-0.0046459131483602353,0.064341981705534054
0.029481780610636606,0.04685239274629787
0.062488831679926631,0.035425845776887857
0.092569557112846992,0.033833039775128436
0.11668710257484997,0.043976461937753265
0.13557391141275971,0.066536366748510781
0.14635733522930247,0.097422538218297772
0.14917342475483339,0.13390980742152972
0.14345782747705141,0.17049527020915092
0.12892909499539501,0.2009988899660913
0.10568472961561366,0.21951767153834253
0.074323284377283277,0.2213823104886341
0.036250178142899027,0.20526020790564031
-0.007208499513060674,0.16900140877699785
-0.052119659109891157,0.11573082185447622
-0.096357905274189429,0.050207150475229077
-0.13644180074280901,-0.020684383304481982
-0.16878888446173607,-0.089030595649265493
-0.19014966473412764,-0.14698546442675234
-0.19808932119509684,-0.18788255763105682
-0.19088172170804379,-0.20589625999623148
-0.16963299262544018,-0.20124875513346019
-0.13716257150857003,-0.1752666164353999
-0.096637799120622286,-0.13198457770797911
-0.052996581709474577,-0.077727452298671382
-0.01179514545856228,-0.019981197956083937
0.021540073386469041,0.03370004964496702
0.042503703909723418,0.076765846047849154
0.047293216471823586,0.10362931432210006
0.036547061713229238,0.11334760888105738
0.011950300271266173,0.10695330109747075
-0.022844512898714555,0.086713371598816147
-0.06236885190089874,0.057211847616526632
-0.10028794765502007,0.02397304625507694
-0.13031401552740338,-0.0074517647384278515
-0.14712791409245829,-0.032340357343326874
-0.1484633176990641,-0.04653876093360574
-0.13133132398488473,-0.049953812368565824
-0.095893033887170964,-0.043766058504319756
-0.046632504918236783,-0.029668072029150623
0.011013313577329218,-0.011037730284923575
0.070496986284120974,0.0082421573569255759
0.12507072541018294,0.024420567045877039
0.16869764673662721,0.034419853321383614
0.19627269834005726,0.037500620041889858
0.2064417435863439,0.030988201790080057
0.19754986117457121,0.014656510104330712
0.17258550222096905,-0.0097169393845053589
0.13525644256715905,-0.040194237293676188
0.090285896484670627,-0.074455561179045213
0.042707170874515567,-0.11010295212698414
-0.0028021455966941388,-0.14488495879000257
-0.043747653639319053,-0.17774762183637224
-0.075472805402901535,-0.2051374719757163
-0.097210293368517692,-0.22758798290561935
-0.10859859747019542,-0.24230053975618229
-0.11054755912795058,-0.24810497111930133
-0.10470572235920811,-0.24421665422758768
-0.093062523780312267,-0.23031126190044751
-0.077570921989434383,-0.20661105677398231
-0.060035138359854995,-0.1726657457079365
-0.041705038113868616,-0.13244274665786082
-0.021384051661309956,-0.086101715475960572
-0.00065002239953298937,-0.038007681559867716
0.020568458708149145,0.0085689520302517763
0.042502362242347054,0.050435308727085425
0.06532876731851836,0.084747416229863717
0.08898003928201316,0.10923923892196696
0.11356958459415865,0.12145692353732307
0.13743204900888242,0.12231861743562401
0.15918343049807648,0.11100211342090396
0.17753658175891451,0.089088170042316131
0.19103808818293536,0.058114319815074415
0.198486355789495,0.019978267264643218
0.19914643149581984,-0.023178770365129577
0.19291005984954093,-0.069040117213545305
0.17907521760545042,-0.11569567075391285
0.16062977076826968,-0.15973400626581893
0.14045121594252483,-0.19827522877250706
0.11975946760771349,-0.22872355346878651
0.10072630812960622,-0.24845479788884614
0.085290949471851368,-0.25523989664453817
0.074936279440562817,-0.24754183034866745
0.070530519503686537,-0.22483021865580505
0.073552222307044654,-0.18729872049675589
0.08192812144997802,-0.13794697178093462
0.093060861477557585,-0.080571593374026251
0.10691128842881306,-0.019884253013059065
0.12199212271200581,0.038439086553006131
0.13682800216751123,0.08854050397192241
0.15007944905120968,0.12508068805038955
0.16061284878838969,0.14394748696464602
0.16621709921972733,0.14416241965280074
0.16812619969953893,0.12324295335841294
0.16577958181785463,0.085542879079763476
0.15858806844246315,0.033960070857384513
0.14613426440515268,-0.025432134282736808
0.12804028256807232,-0.085391174157690472
0.10410475637027172,-0.13841830332846891
0.074503465177008371,-0.17774677766147107
0.04056651351082196,-0.19844264996480351
0.0027987470137573419,-0.19787886382105135
-0.035519218055832816,-0.17426363737258951
-0.071875276717035419,-0.13177093900210193
-0.10258045296832981,-0.075545430243215972
-0.12373581382792274,-0.012244681987930148
-0.13179636629465888,0.050909288660837819
-0.12420705850038827,0.10712452941224145
-0.098703280020074308,0.15074317069838425
-0.058055522502666046,0.17886244692319272
-0.006562833029661941,0.18897900545373986
0.05145466634276756,0.18326283000172017
0.10930617376519124,0.16478939642229862
0.15966509041761734,0.13781175872964335
0.19556693868985486,0.10698210883348597
0.21144891236959479,0.076582824782382611
0.20387766144927508,0.048592685448126373
0.17326858697659023,0.026581737182787984
0.12067035006946879,0.011897021565348944
0.053405311960610227,0.002462238026660124
-0.020351072858981373,-0.0039777197000840803
-0.09135608462248164,-0.010234565648475396
-0.1505627684850816,-0.01906151361855889
-0.19037330469908506,-0.032578576673714492
-0.20476612714424519,-0.053130390389642949
-0.19310107739308316,-0.078868693159113767
-0.1575075873523003,-0.10667840707613155
-0.10211547457855684,-0.13532734933554116
-0.03401942942922094,-0.16168329159536668
0.038296986756951881,-0.18251405402189391
0.10613326736530872,-0.19500874126505768
0.16171458589841484,-0.19723163882140915
0.19969326125126038,-0.18936342888301447
0.21622461233919857,-0.17022530701184274
0.20893976586925794,-0.1430707766557846
0.18118318788289167,-0.10953960347313799
0.13705434358103549,-0.072924436838046905
0.081959298469035088,-0.036801176568367303
0.021787057577747428,-0.0045469648276016917
-0.037857206239603251,0.021109676435566258
-0.091326823858733738,0.03899725058472759
-0.13653709115039572,0.047297177437085593
-0.17148636328633457,0.048604256061762434
-0.19522189954405222,0.043160520395699974
-0.20792143079322059,0.03342462694180906
-0.21038409260939608,0.022412520802978151
-0.2037354711445005,0.013255417965208637
-0.18922318963241705,0.0087429269579324988
-0.16794601517098759,0.011475993054940806
-0.14172308714249193,0.021909767951185159
-0.11126153232719534,0.038721851633402624
-0.078996504068951354,0.061684569389357444
-0.047083642463990306,0.088746971360129379
-0.017899322444450857,0.11728706610538402
0.0061213078661339938,0.14451742865670145
0.022741611779635029,0.16790509823137958
0.030051159984149884,0.18498193728105056
0.027865182744080945,0.19576208888169797
0.014521361153377566,0.1993281878288363
-0.0071374968834809725,0.19724743772398579
-0.034566858267192968,0.19116934267371746
-0.064511976738481774,0.18305249968507623
-0.09342345635238726,0.17480609631829497
-0.11793944737956409,0.16796410651435595
-0.13554436244045412,0.16288875598712846
-0.14472844826913162,0.16044236553972274
-0.14337416041779411,0.1607457561478762
-0.13393641802083572,0.16206069585519969
-0.11867979987615251,0.16281384661067769
-0.10059922360231865,0.16132359286947312
-0.082938842886568234,0.15608452777906182
-0.068684611490011468,0.14600800760383478
-0.058813665504805414,0.13151148470769541
-0.056147110626402,0.11085729036715125
-0.062268319805092363,0.086741663121042131
-0.07463900534485772,0.058817112017483561
-0.091013297981782329,0.028515997724767164
-0.10852117840751314,-0.0024079666199901982
-0.12413344882611485,-0.032080173134400196
-0.1351356172538401,-0.058716981472232213
-0.13898053206078295,-0.079892670894381151
-0.13573253408535854,-0.095922370825488809
-0.12466309121552564,-0.10634766928809646
-0.10765905464285463,-0.1110132458600713
-0.086796676155193139,-0.11034269703856643
-0.064531286946588315,-0.10503697925831006
-0.04329195866860653,-0.095939487092498249
-0.025104124744167802,-0.08390649204137697
-0.012226298619470638,-0.069147817234205461
-0.0041269395530825906,-0.053079811338855545
0.0011901295333560564,-0.036300526528208872
0.0033890605893442324,-0.01894113657289628
0.0038799120316254732,-0.0011942283510572721
0.0042251526561340883,0.01679062054607328
0.0058272018452033671,0.034816807911793819
0.0096534630585595749,0.05255998947445404
0.015859559643748689,0.069327767842793819
0.024432519530323386,0.085133787906783623
0.034063755871922174,0.097286343786609553
0.04346503015129604,0.10634022041045461
0.050876660432490443,0.11147142526168927
0.054528607744849932,0.11186671633847285
0.052917548816250277,0.10684634335379525
0.045041770683427393,0.095998206235973896
0.030003144545469821,0.079855401903063852
0.0087363971749590732,0.058435660755541116
-0.016530164622398844,0.031012923417480964
-0.045229732421702459,0.00047762429445673147
-0.075516776287068113,-0.031237764872382306
-0.10539392606165293,-0.062060474257761088
-0.13291042092318461,-0.090004074793616343
-0.15633092596111495,-0.11339204451082732
-0.17295750329047674,-0.13197435205083913
-0.18399034433673578,-0.14345239013076522
-0.1878353213006084,-0.1493926285311899
-0.1850277385841142,-0.14939708225332335
-0.17571946952087888,-0.14463893885352758
-0.16016727712378218,-0.13676532631162294
-0.13872244301005832,-0.12764472798354926
-0.11188136124028475,-0.11906847689699274
-0.080566532876898453,-0.11115606021301834
-0.045884794606351142,-0.10690852765922752
-0.0081159481884717256,-0.10535936255211613
0.029707722891907269,-0.10650983413933524
0.065150516457737381,-0.10898759044872208
0.095660375520127947,-0.11083363727730793
0.11886283205546518,-0.10986667284816369
0.13289575472496232,-0.10412339329213681
0.13543218395335957,-0.091370858711191841
0.12847606259782188,-0.072941590748114404
0.11328201684254918,-0.048819012696758153
0.092098256744513787,-0.021837122671725422
0.068121882699453087,0.0048890620740391503
0.044902359507673913,0.027864594743144146
0.025845786755224514,0.043776738268182597
0.013708710973982418,0.050071278069282944
0.010348104577264611,0.046371801146690254
0.015833847912020086,0.031689448360938018
0.028775812143029978,0.0073513282755961178
0.046872739668225978,-0.022668912031145537
0.066654241312118723,-0.053846294177609375
0.084166621337463318,-0.081178133855122458
0.095559555903028143,-0.099925959586964458
0.097668705542833509,-0.10635681239050256
0.089430778733091937,-0.098922946119966687
0.068968728481639735,-0.076502769008096771
0.037293552494809645,-0.042031839547994138
-0.0028875972000434215,0.001177170304971777
-0.047839577425102475,0.047740545729873525
-0.093099304679299638,0.091474950822349618
-0.13405387171981634,0.12625773461382864
-0.16652441635585799,0.14690420764543907
-0.18634401676652723,0.14900072302484238
-0.19344137376834103,0.13241485883262649
-0.18538531537907507,0.09940861949596555
-0.16471030386870478,0.052400928454252399
-0.13370169047896149,-0.0035190117174255524
-0.095303023947328439,-0.062244845875136151
-0.052701152091067287,-0.11751919231454441
-0.0089541971519452122,-0.16380454372446415
0.032359982027411312,-0.1972098897617823
0.070411578022784263,-0.2156405514328131
0.10430991855305649,-0.2178949588704798
0.13252956930622051,-0.20709031821263843
0.15445340070356608,-0.18696159102253554
0.16968718181681769,-0.16211490203003293
0.17796698417190565,-0.13726403335105938
0.17912874222721362,-0.11650117405841887
0.17407202943333738,-0.10364107240809471
0.16186226903121384,-0.098757600541554427
0.14192954723911533,-0.10094585086869569
0.11624276440540665,-0.10901519524297948
0.086339917306869227,-0.12022181156682862
0.054178690613508731,-0.13135063101948735
0.021961054393750578,-0.13926920266547024
-0.0081239268655672811,-0.14141596906894285
-0.033272725892025887,-0.13670499842261691
-0.053587417744855419,-0.12365323592523758
-0.068689105294493777,-0.1031215284754617
-0.078870388542363473,-0.076231288137971184
-0.085361248012791574,-0.044935538103509386
-0.08991594389397993,-0.011503074034187962
-0.094472470137614006,0.021806336298691609
-0.10075447611489642,0.053007761028559849
-0.11081367130434523,0.080748558472330825
-0.12325271815295637,0.10353084526471323
-0.13818929820234455,0.12161175620459666
-0.15308529460315048,0.13417676276073945
-0.16531445198260231,0.14128166237522011
-0.17202543413929505,0.14319686448734406
-0.17063127406318773,0.1403308176369055
-0.15928769858296671,0.13319113891863454
-0.13783496188713712,0.12257008498141449
-0.10647870834030439,0.10922195625919043
-0.065558814277338104,0.092806509702503079
-0.019766403175626016,0.075475868515159084
0.026687229834874707,0.058594553625690604
0.069297231102830523,0.043581278971724174
0.10383068140831808,0.031789232908357286
0.12684961527759422,0.024364889605326123
0.13481969974433791,0.022662051776068583
0.12902121523461604,0.025713979430381263
0.10964322565258353,0.035190591742690021
0.079013881967039332,0.048767196491273264
0.040165668082499405,0.065049064755522745
-0.0033926326423266433,0.082436792689864063
-0.048089085945929338,0.099302472665960873
-0.090640338536793388,0.11415508985770409
-0.12811465906552785,0.12447687655441908
-0.15828697607357525,0.13111592058442675
-0.18150208480124977,0.13464063788646155
-0.195465864326692,0.13398043298035328
-0.19973269198525828,0.12923865226999703
-0.19432982914580044,0.12070678202332162
-0.17969321946454242,0.10881313783139071
-0.15663305387709003,0.094090858808162744
-0.12762751355273974,0.077725165769621629
-0.092283669475799621,0.05927656230063675
-0.052532244585441264,0.040968595588446087
-0.010788326415205027,0.022640193509625987
0.03034840964841562,0.0052453390120056056
0.068081784137548201,-0.01012066879099165
0.099690016211437193,-0.022341024179601286
0.12286495517342411,-0.030457221255298938
0.136994511630847,-0.032950093666166497
0.13986436427293844,-0.03104056594834324
0.13371070738861957,-0.02596870833709582
0.11944550350835874,-0.018498125312664596
0.10012942461509292,-0.010464444074849017
0.079683902143488847,-0.0039782900968035962
0.062336490768483882,-0.0010920666135959133
0.051951923651613531,-0.0034259521133282703
0.050431874287103259,-0.01311700868875087
0.060145070817347109,-0.027643163172411056
0.081508161615061331,-0.047177860835923728
0.11087616384198566,-0.068146210259755591
0.14385142145945551,-0.087295243531421415
0.17499005529353082,-0.1012282462448702
0.19865809807351748,-0.1069142327194921
0.20997746732116174,-0.10216577129784774
0.20477775326714895,-0.08545268230015407
0.18385644334999718,-0.058019356111907103
0.14742264764400476,-0.021876639003015185
0.10077585862739853,0.020075307795600468
0.050112109530884207,0.063950214515318113
0.002540969974368141,0.10554059863735217
-0.035004818101235693,0.14082519930254589
-0.05686725943289038,0.16642903299818113
-0.059775826931244336,0.18090016443407081
-0.043100145355528995,0.18192291089462945
-0.0079334655251461147,0.16844550808565212
0.039627526076082067,0.1426566751393524
0.092457342064677983,0.10676765813403152
0.14252240075782674,0.063640460519412412
0.18207208898983571,0.016474655782658769
0.20478853199082825,-0.031475847726500784
0.20801612119545368,-0.075829120643979842
0.18841333936193502,-0.11565679947711641
0.14954237466372353,-0.14913731516392137
0.09502016476417266,-0.17383037688643466
0.03159828860952258,-0.1882367245903272
-0.032729759938084774,-0.19128079656137351
-0.089864377325058725,-0.18238850272460252
-0.13273275040168681,-0.16160092048571867
-0.1553221252174401,-0.12988744048178016
-0.15631361718677692,-0.088653743671736687
-0.13723772851002444,-0.04019957554059652
-0.10020814420200276,0.011928816493848568
-0.050356699121071311,0.06373185887429321
0.0059212186874972959,0.11089824745057547
0.061931530787979049,0.14923662155403497
0.11162862067983198,0.17515990922154573
0.14947297211657973,0.18670806795739198
0.17442175863400536,0.18188106067822354
0.18499295323839765,0.16161032718629617
0.18331390656326005,0.12785479870182842
0.17233837910039482,0.084230692997480539
0.15574040188243965,0.035388648367277148
0.13721256980501836,-0.01359188733993715
0.11984640443888175,-0.05788920798150634
0.10550590411548516,-0.094157275131181689
0.095712848852440316,-0.11926449099033182
0.088248145442702333,-0.13185889896375463
0.083284799518656763,-0.13365668683228368
0.07905170156312008,-0.12739554337875311
0.073546852641965088,-0.11688491711331259
0.064948261738487362,-0.10632956346732193
0.051947653230197934,-0.099592802566515495
0.034512421343653968,-0.098594390284132291
0.0119035413860464,-0.10567255911028561
-0.014643272399621907,-0.12200669284835264
-0.044003728578730944,-0.14401516748617507
-0.074541882919513219,-0.16803804592240562
-0.10453050468914804,-0.1896554395587732
-0.13235536275450693,-0.20444114563261176
-0.15665736968865948,-0.20873084237314751
-0.17621372230221721,-0.20083485083868438
-0.19016077700966519,-0.17968243914761206
-0.19978678254292306,-0.14621779334566742
-0.20331459854403516,-0.10447215295665895
-0.20043212888661008,-0.059288387808331476
-0.19099319340719315,-0.016165221905172805
-0.17504227247730403,0.019572980615614362
-0.15286254698702109,0.043594956946569313
-0.12522058564527416,0.05231354543929758
-0.093068102178365836,0.046300422224411573
-0.056474420467715579,0.028303781142547786
-0.018172757823244061,0.00092899068146199337
0.019780084313746019,-0.030904454426881701
0.055230009807522552,-0.061639168132601362
0.08610965151732157,-0.085932708362019855
0.11063109246093367,-0.099480374848133615
0.1283887349520984,-0.098751836359363188
0.13750742814706213,-0.084254278681778205
0.13680616713276406,-0.05927180241151727
0.12788474864901664,-0.025943453075185322
0.1120512839823319,0.010959235524554483
0.091090833774040925,0.046058286032740696
0.067055134195130581,0.074182545224189184
0.042027892581516207,0.091137324561830241
0.017711569916932353,0.095238682256413035
-0.0037951755127679583,0.084189135469601717
-0.022807640939743811,0.060246804525781766
-0.037794895672936805,0.025776510480378573
-0.048739846254402454,-0.014899892415114158
-0.056123110960969801,-0.056681415389775502
-0.060756967558604505,-0.094395736825446344
-0.063572217749978316,-0.12348403757689481
-0.066323962435432218,-0.14111943965474402
-0.068047230541972037,-0.14490398787323217
-0.069294801458990807,-0.13349751790681438
-0.069475134891576626,-0.1093388341195714
-0.067927934215402205,-0.075210547240440406
-0.063913099163191309,-0.034707331689702796
-0.056818250893749853,0.0082749517376396759
-0.046359285835228477,0.050022289122518201
-0.032548773483984501,0.086835228756519278
-0.016861930997613666,0.11682496349570738
0.0012242377898388759,0.14026650673848864
0.018470289089379237,0.15515158278037797
0.032808430519206247,0.16149664072944814
0.042334708019914333,0.15985578070758158
0.045582726982268319,0.15110775879323687
0.041738630226908137,0.13626250590957384
0.030951082414557681,0.11650507697941773
0.01338164188899657,0.092525864944460426
-0.0081995282296029228,0.064934865475212281
-0.03289690403574564,0.034728435161447094
-0.058527226705568036,0.0027667207900693774
-0.082780265318169038,-0.029969598251943241
-0.10346042169871379,-0.062337728636886761
-0.11870488727786052,-0.093038817718907763
-0.12622537980102691,-0.11975038015632929
-0.12639639171775655,-0.14271183306488192
-0.12019337901103287,-0.15974708612980765
-0.10706644770340286,-0.17061428766900016
-0.087844113033901605,-0.17478952979577819
-0.063696074757638887,-0.17207643516711271
-0.036015631116703202,-0.1626362032382366
-0.0063123474425732136,-0.14699014439378127
0.025171776422035098,-0.12655025640119641
0.054973561169168912,-0.10140586025112207
0.081644859557099922,-0.073770947091767125
0.10398580908257114,-0.044424298856161858
0.12088538163887132,-0.014811557687480636
0.13156252209184935,0.013592875965557721
0.13560977397993235,0.039387407303853039
0.13302202756588741,0.061356698347668208
0.12290778301579079,0.079881755059552292
0.10790009523729913,0.092113041911759702
0.089671916533284185,0.099486898903131685
0.069083917976859394,0.10120602659051939
0.047606278017308316,0.097984116838657306
0.026637340465158341,0.091035363764362734
0.0073908566330995549,0.08189208884011584
-0.0091909792133753679,0.072147383324571282
-0.023045520874814811,0.062980012493707674
-0.033087912816901752,0.05573085133571605
-0.039199197863431484,0.049784789393191586
-0.041856699358372301,0.045237204018813842
-0.04160827150088689,0.040912864760971064
-0.039197212891820141,0.035139698187837194
-0.03550265531640294,0.02609843528153645
-0.031486591086721895,0.012246811704849684
-0.027592236051782324,-0.0059617527135378415
-0.025617283686788655,-0.030048821582117944
-0.026658693751235675,-0.059657446865487809
-0.031378143010808067,-0.091246564196662841
-0.040394259369089046,-0.12122378633325642
-0.054008415702421854,-0.14550386711936417
-0.072117104467498486,-0.16014376184038726
-0.094139191875673295,-0.1620290496080444
-0.1191604379050402,-0.15042298497251164
-0.14559133908316327,-0.12442431569796693
-0.17014583013351103,-0.085232482091991316
-0.1915472547025939,-0.038087270740082071
-0.20746649873708484,0.01119860852371064
-0.21567602461701857,0.056069423087222341
-0.21430916087199647,0.090155375914333855
-0.20211753492291257,0.10823539479624908
-0.17924371147860119,0.10652546272919777
-0.14532080650705823,0.084931512601318815
-0.10226867968485039,0.046767780097577309
-0.052307371029503558,-0.0042719451799282391
0.0013825741163972186,-0.061591777239508864
0.055138398149959043,-0.11753623360950659
0.10518246891105631,-0.1645013837349508
0.14801622785656871,-0.19607183976372433
0.18208507858587797,-0.20707702417435064
0.20376438525762294,-0.19737047346383835
0.21121592924051127,-0.16922711507606919
0.20577156438708477,-0.12660178603442912
0.18896715070984146,-0.076122275742075474
0.16323228725717337,-0.025528617805081949
0.13155533701761712,0.017502851923043513
0.097100150646982894,0.046521048544995558
0.06227357239416987,0.058562484636104709
0.030323930596254312,0.050342379505515018
0.0031165344743136147,0.022873532700924539
-0.01863157318708469,-0.019036742456600173
-0.034841457733065045,-0.068996765029301549
-0.046096328742512918,-0.11944626993622422
-0.053388441528901022,-0.16277860859211246
-0.057821919672931689,-0.19243799427959235
-0.060140550985808776,-0.20438248865803291
-0.061224359647644847,-0.19575552054556442
-0.060796379535927335,-0.16708742671311522
-0.05858755425392672,-0.1217600353756684
-0.053739616333743481,-0.064976135116689232
-0.045226252259467144,-0.0031321045687130959
-0.032159664279307477,0.057114835622250129
-0.014111089250576386,0.10975270944262647
0.0099155709768312741,0.14960436638587921
0.036398603631258464,0.17448070300271917
0.064743054209816894,0.18485199272850802
0.090910376824337752,0.18087679483544214
0.11153289522818773,0.16512270686779923
0.12345527588567225,0.14107046640808638
0.12421269853786437,0.11247134571538107
0.11244362791704575,0.08274099983442039
0.089468047724409208,0.053558063728313392
0.054342828360017886,0.028066987268783879
0.011972885327221327,0.0057141982520284209
-0.035285391709526021,-0.013380644506047075
-0.082944353992267003,-0.030433476919352782
-0.12618835994686817,-0.047043041342339012
-0.16045513823611129,-0.06475061620353402
-0.18201337116614241,-0.084635071733848655
-0.18900995475204643,-0.10571428286740595
-0.17939269722885376,-0.12984133666827838
-0.15606101787256024,-0.15351642227272438
-0.12013273063663904,-0.17617855467170535
-0.075476662658585186,-0.19539627534022214
-0.026945832064366317,-0.20852343005287996
0.020231603203654362,-0.21312514880326716
0.06111399484495264,-0.20740455847364125
0.091106988371375305,-0.19148744005592466
0.10860655258803587,-0.16429298304883161
0.11175391662129945,-0.12794350702758239
0.10193857203714589,-0.084989148467273137
0.081387775111881291,-0.039089323012729882
0.053290934992950116,0.0056214335889347225
0.021260166882707387,0.045085137170725348
-0.011226946738417731,0.07589469766507756
-0.042611465214266814,0.096357899273570483
-0.069168157128119828,0.1044452651717297
-0.08959609613555175,0.10296014254055325
-0.10474246597800926,0.092805510349765405
-0.11584248470926423,0.077488079299515289
-0.12471110670992275,0.061292945924712787
-0.13329723146170061,0.048594273240208985
-0.14323531349341895,0.04310961069565121
-0.1545440643732775,0.047405865696941267
-0.16862162971156297,0.062055407939036474
-0.1845816004585526,0.08433194790516807
-0.20043676448694678,0.11190014273737377
-0.21371614777753284,0.14000796947193664
-0.22167926181589759,0.16312461146163107
-0.22178505157651018,0.17583294162965152
-0.21215460319261148,0.17376261332196433
-0.19176620681679205,0.15348157167969406
-0.1611625586478552,0.11653681962236662
-0.12283072887504627,0.06454065072213433
-0.079048106692679906,0.0031681961059297141
-0.033464740570291987,-0.060782856359625555
0.0099299697116517153,-0.11977261498424494
0.047359883971397614,-0.16659405734413257
0.075806627850582384,-0.1954194176758712
0.09475830260476574,-0.20395219943190965
0.10144825809609712,-0.18965258922911024
0.099133822114442993,-0.1535442825336594
0.088824929226979418,-0.10126551927984087
0.074027524326805039,-0.039539160819981115
0.058934462763046369,0.023844519197108151
0.047774386708801027,0.081103420263654316
0.044118934209204985,0.12550874839216111
0.049332413952759516,0.15132012212800053
0.065603789517759942,0.15720729623068552
0.090645521277278138,0.14510055439006178
0.122018124886978,0.11633211323086455
0.15520946755744502,0.075434976472827292
0.18482940411453574,0.028104571019197833
0.20543189323724087,-0.019651868983747135
0.21239491622087484,-0.06234062477557091
0.20401391598033747,-0.095473583552288369
0.1774040382027392,-0.11648123960277219
0.13470094342136438,-0.1252050525916682
0.079557956394357462,-0.12178087506892089
0.017779873110237817,-0.10821573237836317
-0.043656855775977228,-0.087341092106576326
-0.097621352213130369,-0.062267088359453583
-0.13791190598466158,-0.03587793550337668
-0.16152981483670795,-0.011745378067214519
-0.16520471156877647,0.01088398061275017
-0.1486339189354155,0.030418052784064804
-0.11725940696736881,0.047742449469203009
-0.077479209124107981,0.06351435068297899
-0.036963924310572195,0.078409697400566122
-0.003449070023863719,0.092874829830351877
0.016511434847289376,0.10698997344334299
0.019558587965262188,0.11953785143072049
0.0025487880957528325,0.13172175876033013
-0.030545571994685588,0.14149177101342891
-0.076243885708215983,0.14954362601209392
-0.12730563609384465,0.15582443040265714
-0.17512745354999454,0.1605103076878876
-0.21110793953872681,0.16398005237706076
-0.22806413692222915,0.16671403673902335
-0.22165521766334914,0.16784321843248662
-0.19039038252578958,0.16916215370381968
-0.1378717579438262,0.17206405956229898
-0.069771642590042843,0.17455207765245248
0.0049685266262653764,0.17546745041979264
0.075997471683717191,0.17335479630222617
0.13312344920551811,0.16672305110791058
0.16790421090490357,0.15436417168672498
0.17370506100446284,0.1347458720497782
0.15139647869656506,0.10987234668968233
0.10294315449892207,0.079555017531074398
0.035983809700066698,0.047175798292738276
-0.0396201979294823,0.01582436131427065
-0.11269994947364795,-0.011158769102810415
-0.1724475408451083,-0.030635873898417973
-0.21002066511799133,-0.040126201196251168
-0.21927862349859395,-0.037261197259183802
-0.19911131454321884,-0.023511247863015752
-0.15385897092559123,0.00085755903448698882
-0.088442482118826715,0.032697530322250194
-0.011814804946313441,0.068616297572098903
0.065692285682301926,0.10487876251621364
0.13388336784838478,0.13790029982781565
0.18413683027921313,0.16469991584452329
0.21036357692880148,0.18306198549890709
0.21004854097445302,0.19232829684115374
0.18550096076540462,0.19300260696106203
0.13992156733382025,0.186192652929907
0.079868136698873535,0.17393991162323474
0.013272600846238975,0.15869103248578373
-0.05172061025748978,0.14293856093606916
-0.10783681686572208,0.1289017755534253
-0.14821974494267001,0.11958865214431945
-0.17161303087190524,0.1143631974196111
-0.17654296792861279,0.11260838259313884
-0.16447855729380195,0.11514488182601197
-0.13821758271393034,0.12149733126230029
-0.1014338653672337,0.13095599122222518
-0.05805587651963804,0.14268196007364828
-0.011770675196341842,0.15576124500037608
0.035208114995828967,0.17050255994433114
0.078513439635104529,0.18421914027332273
0.11817588148928711,0.19411198506747129
0.15109174687185986,0.20017832055069384
0.17583599688262952,0.20106484163325711
0.19128388152826581,0.19547109910730862
0.19660215107786438,0.18232536936606408
0.19132739026354684,0.16100685392944836
0.17421678603745239,0.13027386424291135
0.14834351224254286,0.093362122995307065
0.11377770635463941,0.050603669779127315
0.074155350958314339,0.005892118594701126
0.032779776563058409,-0.037329925472886015
-0.0067423163556974931,-0.075528081652784393
-0.040884504748700472,-0.10550769216458522
-0.066626618635902413,-0.12482961508205713
-0.081301231732302609,-0.13270245443256853
-0.085313364112029347,-0.12826991579595454
-0.077271351484948084,-0.11265549905129747
-0.060583896463101798,-0.088499722840535769
-0.038381015935970812,-0.059198226288509813
-0.014396594939963606,-0.028677996265811512
0.007518159204008939,-0.00092631634106641312
0.023879971920190063,0.020475083685893951
0.031060645014199462,0.033303059634736287
0.029301772043146476,0.035425979496542685
0.016223476418156031,0.024677693786969476
-0.0058452595176169166,0.0032360771710309793
-0.035033965552607738,-0.02699809180835621
-0.06893794445334224,-0.063388993568518029
-0.1049209933574743,-0.10289304388510373
-0.14036598676517142,-0.14237914628795387
-0.17154669807824513,-0.17982984253113438
-0.19863404260455456,-0.21094166145974277
-0.21825842188280248,-0.23511685773712562
-0.23002793990727588,-0.2497305043478637
-0.23273410119665827,-0.25379505368967359
-0.22529785756434401,-0.24703007192949344
-0.20689938135563329,-0.22980809987875453
-0.17720771587919371,-0.20306591246494682
-0.13610812092272087,-0.16875334640964842
-0.085882065609457089,-0.12731164048963298
-0.029360320697525668,-0.082594460104390616
0.029768630985174672,-0.035145852694399723
0.086730328577548033,0.013026773648185275
0.13631398079411772,0.059796815150821914
0.17350983183798238,0.10299663544097816
0.19423073400772456,0.14052914490982787
0.19581398097060157,0.17180309226884602
0.17863802504986323,0.1935775559574818
0.14293659223234115,0.20378444633350226
0.094587004405631989,0.20298690236149453
0.03992302762664688,0.19158003664434289
-0.013776328363254106,0.17070849977719774
-0.059281349721598424,0.14218037639459619
-0.090444123006669735,0.1083115963803277
-0.10255188778309064,0.071533082859479402
-0.095128326706400604,0.034507138068541658
-0.068674601411836372,0.00098810446111768035
-0.02797439051291075,-0.027945056231025948
0.020681115847785626,-0.050771046676073073
0.069854581794197304,-0.066509681486493027
0.11204249779787168,-0.074720050416007558
0.14075053412406058,-0.075448911291527948
0.15010225834603011,-0.069700490494177272
0.14011661093788763,-0.057295563553836283
0.1109767464245216,-0.0395371675351915
0.066217883382333781,-0.017233766205103414
0.01104477366814269,0.008484270886994584
-0.048303017450263198,0.036360258826911629
-0.10545743297053452,0.065012685429221451
-0.1547679626319545,0.092940135388388911
-0.19177695326415478,0.11872790430460688
-0.21470261944993158,0.14000507218283129
-0.22109341568738494,0.15696368117211967
-0.21352695317514953,0.16658926835202836
-0.19448917976544083,0.16752670055148053
-0.16713538931540028,0.1589603602397178
-0.13477192199550111,0.14075243072417573
-0.10044497934253876,0.11351992937907869
-0.066133265379481124,0.078080376112501501
-0.034952684985537802,0.036918677886932455
-0.0069415822580292429,-0.005709561923026212
0.015749603894840231,-0.048391800305250698
0.032234645389925591,-0.088344507202318012
0.041888423492582781,-0.12294101080766552
0.044334537793694291,-0.1499340967019322
0.039507518996947148,-0.16764660257513758
0.028329009894030491,-0.17492322613699018
0.011300785530219218,-0.17142608500536294
-0.011648137375672505,-0.15947528516784984
-0.036744493670409002,-0.13882838900528424
-0.06094459159874363,-0.11113811481618867
-0.080915061311927161,-0.078505875231478214
-0.093421059391667546,-0.043295177815891601
-0.095774185631151323,-0.0079294780058304613
-0.086826218521068352,0.026229276890764736
-0.065526697400522235,0.055937804783760682
-0.032367563663135569,0.079042557500629343
0.0093832144246403671,0.095068867967276843
0.055724422448451688,0.10358535621156971
0.10182511067261478,0.10473997918805383
0.14263432812577767,0.099196420917618364
0.17355352234454183,0.088039119037769079
0.1916254307988989,0.071361803711409807
0.19435870908154715,0.052573843269971082
0.18049984954144044,0.033842967623804454
0.15286546708500989,0.016210751556824599
0.1149452291017474,0.0010238771714451214
0.071310863673009706,-0.010701105562460957
0.026947888528686115,-0.018318419534189247
-0.013458707772748581,-0.021555717238279776
-0.04672962737702293,-0.021410730201536783
-0.070129900753507154,-0.016493494330319394
-0.081358544728620114,-0.0088257177666721844
-0.082924069494624567,0.0020135795687802119
-0.077394141853170825,0.015280962637734615
-0.068169033657273503,0.030007552255984279
-0.058845797905149433,0.045032208436639035
-0.052576577200539709,0.059058319865898781
-0.051710744329426545,0.071660157767624785
-0.056962810860869996,0.080271118855021431
-0.066957328209875919,0.083139281128134165
-0.080358392836949219,0.079952086566940944
-0.094304226882444706,0.070276277289033795
-0.10548284242213393,0.054192083759122905
-0.11073368435089291,0.03233003758075903
-0.10763080943252336,0.0058592148487273737
-0.095506702569917612,-0.022648520053786925
-0.073688034846802614,-0.053055954828005375
-0.044295462965471169,-0.081189118285802164
-0.010134985155933623,-0.10637534613338287
0.024860891502588234,-0.12663280971871474
0.056383176710547878,-0.14010926963570339
0.080385653408144811,-0.14524492295762439
0.093699426349322601,-0.14094089739013138
0.09471219276546361,-0.12800907705210807
0.082819796501472628,-0.10460906955920243
0.060405109614299055,-0.072244457061429762
0.029902153984712087,-0.0323558754433282
-0.0045664485961340057,0.012659206527825904
-0.038318252277194639,0.059810331777121348
-0.066769642676481861,0.10578596443994354
-0.0860815617241137,0.14728767951568433
-0.094993034513174979,0.18082579583890226
-0.090122257890307367,0.20519976444388383
-0.074284808193730928,0.21821441868688579
-0.048243277775844695,0.220268074727515
-0.015460183992754057,0.21213015223625967
0.019706150922083665,0.19531990989990999
0.052647720175481215,0.17184192471403797
0.079194137376123949,0.14387821413456611
0.096048629382526673,0.11293091661611462
0.10184238423414536,0.081491116414372927
0.096935763632956876,0.050875636566709397
0.08294643001635002,0.021510143018909487
0.063028175173767576,-0.0065288814331738512
0.041153033233770349,-0.033525914105977633
0.021450531500937672,-0.059882573042587935
0.0075259357888499204,-0.085851629572345253
0.0031664954455631411,-0.11222862649026484
0.0071391866177858872,-0.13671558991115126
0.019742506519766376,-0.15899023122308187
0.037981665512858309,-0.17658162161013571
0.058418345492454324,-0.18741239862164397
0.077213349769679529,-0.18956415914451585
0.090781338489026947,-0.18161047045610201
0.096392600343914545,-0.16290491892409106
0.093922543222772478,-0.13284738042414965
0.081285980788862358,-0.094303953062545215
0.061120961878243396,-0.049170055574516619
0.035577214387559626,-0.00079145899685726339
0.0083304360314266478,0.047357272138005231
-0.016518008180821095,0.091878438510308399
-0.035049024352568924,0.129820874846659
-0.044103839746658692,0.158975924975781
-0.042301485035148148,0.17713513762735056
-0.02815470136311634,0.18513226091527538
-0.003647695932938158,0.1846835775647275
0.029400077223792502,0.17613132365359938
0.067489772718223873,0.16120853816131495
0.10646841868262796,0.14187789073398682
0.14207754145882059,0.12012398569919173
0.17049978136455227,0.097800455084238347
0.18826849003550145,0.075987578357842631
0.19438018489233291,0.057376030627072139
0.18917554579756321,0.041252234746909457
0.17302674990388184,0.03014673875654416
0.14789887853602748,0.02497902901878922
0.11643613045006265,0.026287825446617587
0.081539357031567991,0.03415395090240711
0.045948052652826456,0.048123296786391913
0.012818485245069827,0.068075250956958946
-0.017615700288117101,0.09122042332392509
-0.04528061649442168,0.11424186668419714
-0.069684571400386711,0.13551622873271524
-0.091392541412214631,0.15233870556823323
-0.11120566553066003,0.16213034584926056
-0.12988110568114916,0.16275861064462738
-0.1478900411332684,0.15285492272492426
-0.16581333253755864,0.13226386525906922
-0.18224928561697562,0.10123636830476174
-0.19663537817341359,0.063132544355199466
-0.20750133514675781,0.019973759573724367
-0.21354554236300749,-0.024455414122993735
-0.21368443005552845,-0.065929263921862269
-0.20724405689482436,-0.10026841338651167
-0.19407454609387748,-0.1238525822371342
-0.17364435609466691,-0.13389811503173848
-0.14808193206549355,-0.12976848033908622
-0.11919459239552679,-0.11046081873525704
-0.087788452442032316,-0.078883494218539463
-0.055171777019448719,-0.038234224463621971
-0.022486109331711215,0.007481337970698252
0.009331820314508436,0.053937384827129023
0.039510659633896883,0.096982829680845054
0.066788904765419974,0.13214753679828661
0.091205270116931345,0.15868652484264154
0.11198250665894963,0.17312849372628092
0.12780430256445874,0.17665451164058829
0.13732775661731259,0.16998417907313909
0.13914892300714343,0.15442259836192943
0.13205303372335625,0.13160803588571537
0.11532453423521317,0.10330445783359135
0.089983790767995897,0.070710144911692918
0.056164012612730879,0.036561437130563028
0.014550933087117912,0.0016149757092093339
-0.030034814164942129,-0.031849309377786017
-0.073248114403400552,-0.062204320077735346
-0.11041167884974648,-0.087954566027650047
-0.13713109584259683,-0.10780607894956939
-0.14994696342811364,-0.12077134968440639
-0.14747603585181496,-0.12722150249626088
-0.128786782532642,-0.12552504145288459
-0.096322799766936043,-0.11723852491354839
-0.053859540229191011,-0.10290373965438761
-0.0069178424887241371,-0.084298019917603148
0.038124665553036133,-0.063719685547686616
0.074917132038140419,-0.043715707615354274
0.098070356844883355,-0.026730411719485266
0.10492379107354897,-0.015287129700963195
0.09242440775658127,-0.0093714254049749486
0.064010763849095556,-0.010482400991541883
0.022112840213162132,-0.016519315885770571
-0.027385696944369382,-0.025427040033852294
-0.077268491311516502,-0.034582359785093837
-0.12005716469001376,-0.041208672244984069
-0.14916538084907677,-0.042826547574541261
-0.15976570488097447,-0.038222666850553318
-0.15065586789944635,-0.026087503141312592
-0.12118360373584065,-0.0056616834278634849
-0.077009469272397879,0.020475292868056567
-0.024783253742550162,0.049754853250440281
0.027573461003347576,0.079077234763676507
0.072089774157495803,0.105279413194344
0.10198170756772898,0.12561142328985642
0.11140763156623144,0.13758931414389902
0.10096832083822402,0.14155852738772348
0.071244080661242382,0.13652351741847293
0.027487772418108639,0.12511217928452384
-0.023554514481720901,0.10979187840175163
-0.07416003998177316,0.093390456247037568
-0.11682770138173673,0.078657251406436646
-0.14540949061277997,0.067861692853862274
-0.15729722981254721,0.063417067580971723
-0.14914047042349882,0.06460734578162286
-0.1236256615912156,0.070425744319294811
-0.084167993675524536,0.080225895032517341
-0.036663558816798038,0.092309109927821001
0.01198798457367253,0.10478861649010911
0.054918041079059385,0.11589397941228152
0.086275135239265915,0.12422126777082219
0.10183001036189325,0.12907820364374137
0.099811605377264148,0.12956971440210896
0.082123717420758621,0.12723291864305131
0.050544918586711736,0.12160363575641349
0.0094606049190576712,0.11344515783174236
-0.035771920593368894,0.10367377988133537
-0.079617107774971857,0.093221544899887876
-0.1171143015099126,0.082932513344733005
-0.1431820730541585,0.074061030102024375
-0.15741878177339041,0.066220640867572345
-0.15977403696029871,0.060169965617308564
-0.1506315959991042,0.055950844657991508
-0.131993103535196,0.053783129311689541
-0.10645637451225286,0.053891014043037005
-0.076738285562543695,0.056464412286456177
-0.045270331285183339,0.061573748846578243
-0.014854596100529858,0.069984117516807526
0.014431728087996006,0.079688768262700396
0.043099621683140757,0.090193133860349897
0.069996998533199531,0.099874616751677733
0.095080331751977415,0.10706828446194831
0.11828124318259742,0.11006814047738103
0.13936228545189513,0.10736036874912762
0.15786918953140558,0.097868467231375308
0.1733723551949404,0.081724924484751105
0.18513286965401796,0.058748108600535455
0.19194704340286339,0.02898446461586536
0.19430813635342323,-0.0045410104088227116
0.19258009987361147,-0.039149220421953373
0.18754498583429871,-0.071888637762005284
0.18028486882083652,-0.099896341694085192
0.17196974905575962,-0.12076042686330443
0.1637772216820986,-0.13338723224991472
0.15566332686200637,-0.13605287237697999
0.14885169169146958,-0.13000709317732106
0.14145419791374175,-0.11594296340534797
0.1319515492422049,-0.096003943650802864
0.118531596659207,-0.072948504161874192
0.099460318594393082,-0.04978663750926466
0.073497928245056451,-0.029385606632232074
0.03935732118937034,-0.014659749070890715
-0.00053881904433707715,-0.0060006177355149126
-0.045064847067997751,-0.0053902884236264673
-0.090286420313896221,-0.01133654529473338
-0.13211242748099197,-0.022527624088492654
-0.16625561193396771,-0.037172213449916398
-0.18882456558176472,-0.053310084461036869
-0.19689955611382567,-0.069114189931561876
-0.18955620092580958,-0.084435066710194545
-0.16647916569650656,-0.096159821500567899
-0.12850910397032472,-0.10496492479114319
-0.080270456750888647,-0.11030943395035647
-0.026621268384909559,-0.11276019382450879
0.027018265053201245,-0.11326287930898103
0.075334312117383728,-0.11291189545408635
0.11376137085258885,-0.11270336905564166
0.13919289139892577,-0.11349936597267817
0.14959922838755682,-0.11502654053591496
0.1453136148060982,-0.11773858685936235
0.12775765408325429,-0.12012170254564057
0.099857706478237218,-0.12089607860646678
0.065407483573074868,-0.11868792736200875
0.028542054216031894,-0.1122850783250916
-0.0067826018056867882,-0.10087755723217805
-0.036675776494725441,-0.084799117901059248
-0.059166392187528075,-0.063463444553569531
-0.07460577955908286,-0.038876456808780102
-0.081248990301369201,-0.012048506799289094
-0.079561436779594819,0.015016419776864791
-0.070697880356136583,0.040134024400915347
-0.056226627256617687,0.061245657364929422
-0.037853698227320182,0.076727470982493537
-0.015894584260755889,0.086580740165296349
0.0066998616283525519,0.089001337022314927
0.027338225308455182,0.086295511731061827
0.046697954686484307,0.079003757870174454
0.064458509067284661,0.069343324342150028
0.080476090087294047,0.05998225675945474
0.094657193265284212,0.053640632288992997
0.10685737204087534,0.052651032487288744
0.11663908713616995,0.058734606035340101
0.12398774870169774,0.071972427851083737
0.12818204785020809,0.091831065367219189
0.12902997854430165,0.11605323906652974
0.12623073168858337,0.14163891865566403
0.11964490642359278,0.16508468915158742
0.10936483519370935,0.18291160825057154
0.0957570403599661,0.19221482010082705
0.078170520804261748,0.19207340172099177
0.05908382194120531,0.18040545899611352
0.041106738627297523,0.15920674082048411
0.023957055206574339,0.13023029563968178
0.0085365221475811621,0.096984439737068717
-0.0044670879131289733,0.063682468246804069
-0.014661876848866145,0.034613620892798395
-0.022002883122105084,0.01347637820613614
-0.026617775638739946,0.0025961404896216512
-0.029124175104165463,0.0028481276956679544
-0.031646308879079328,0.014566354700885981
-0.034138214596416527,0.034074988075284113
-0.037516830573717797,0.05732412817910347
-0.042621179399241024,0.079576540255270417
-0.05009864275586727,0.096138449789532662
-0.060306884918437421,0.10309369668290068
-0.074172837075976258,0.099223544550491746
-0.089932446330189972,0.081619992425000051
-0.10675023568306719,0.052522581788959757
-0.12371889206643517,0.014200460357836831
-0.13962363179261983,-0.029023689511315912
-0.15324638132445223,-0.07195823673514895
-0.16347034929520932,-0.10932058870839338
-0.16935671006612557,-0.13654488146715646
-0.17037269976126684,-0.14993583945972344
-0.16580570960655344,-0.14895845034596761
-0.15517168794106209,-0.13518666659063638
-0.13861659461973361,-0.11092289694637703
-0.11631006286733002,-0.080552629833456096
-0.088640513265667131,-0.0493065687636213
-0.056246985712304347,-0.022441402899182644
-0.020066514759967971,-0.0044135072949548666
0.019175081442140803,0.0027488956905557449
0.059270771806625634,-0.0032011092704969835
0.097054108278772089,-0.021732843767070867
0.13131388507829278,-0.049211966806895303
0.15982413725272962,-0.081058118250757025
0.18047812845214622,-0.11191721518441905
0.19154206093300255,-0.13651422523215001
0.19191961295623478,-0.15049588522184276
0.18267988109892999,-0.15168695859378414
0.16277954192883079,-0.13812878467686285
0.13353142095914999,-0.11323415141084395
0.098267442715519113,-0.078948838593292062
0.060556986462730486,-0.040091429671924458
0.024389377565949735,-0.0023431838511412187
-0.0062932749345939037,0.028609209356666214
-0.028093948128982985,0.047942024736168168
-0.039914144423030179,0.052993632382346938
-0.038745096006179723,0.041849545123606523
-0.025031291616669237,0.015530396434988982
-0.00083405366698601369,-0.022502273354301033
0.030609685052589097,-0.067306521201768443
0.065119871719717531,-0.1130151390879285
0.098139607170241852,-0.15371452236326003
0.12536823937406061,-0.18432487696347538
0.14280918101530893,-0.20153037510339328
0.14904149159462654,-0.20342940898965672
0.14424290311911156,-0.19163198732485645
0.12896531852213214,-0.16834800902501282
0.10570345069636565,-0.13795622256478576
0.077896661579545459,-0.10573134203779566
0.049339663907126026,-0.07699485234564872
0.023543520841726319,-0.056268514087779893
0.0037104972450161932,-0.045637605767519747
-0.010099839369491319,-0.047892630336769812
-0.016136344047160037,-0.060520516166765147
-0.017510125524883006,-0.081688096146071809
-0.017010096066980302,-0.10707898142954375
-0.017845035657141753,-0.13151595981621583
-0.023015003977879617,-0.14980201809013405
-0.034717162251124867,-0.15757311419034262
-0.053700914733050525,-0.1533238242539062
-0.07961719476570471,-0.13434211790469677
-0.1106048061849027,-0.10206650782951839
-0.14312899817361091,-0.060099010808696209
-0.1730464319422407,-0.013499577947902363
-0.19602314267926296,0.031775383012829103
-0.20817784799440614,0.069774218399025742
-0.20666515613848604,0.09546583543870174
-0.18881249183495449,0.10645316912087328
-0.15652364806629421,0.099901548471255874
-0.11333388013316285,0.078595176578578785
-0.061239031830327112,0.044964636991751759
-0.0044559948257453475,0.0042147950344010258
0.052401870277814268,-0.037380968565515524
0.1048750103764171,-0.073446062657442357
0.14914954579734838,-0.098502389307682986
0.18112622488196126,-0.10866300562438962
0.20117171936367126,-0.10283961117817468
0.20894951930492309,-0.082562457514578691
0.20508854006094221,-0.051382329842355606
0.19113469987117865,-0.014891022239706871
0.16905847015702236,0.020352549929495846
0.14097785757516129,0.04788495203639713
0.10895713436234715,0.062406308216775376
0.074346021823423786,0.061237432857074836
0.040050653714558813,0.042496136033723736
0.0063040959084043457,0.010296719322774752
-0.02422611739954968,-0.03215233756556847
-0.049940148196821701,-0.078377905396132985
-0.069444081213439507,-0.12090531579834318
-0.081667027974215406,-0.15241443916948191
-0.086019330209642253,-0.16690491361720719
-0.083859851492490173,-0.1593860469809841
-0.073959179718119578,-0.13132368676167772
-0.058505615092072319,-0.084139272745466925
-0.039666918839193425,-0.0238787059863763
-0.020521207400855723,0.041981441339957182
-0.0045443100747638594,0.10506099546298504
0.0048559040254401737,0.1572864745186173
0.0048808644607442747,0.19203974283850916
-0.0066860438965113868,0.20451388292733239
-0.029270038184908479,0.19392354705406739
-0.060543225368242262,0.16310636432688769
-0.097725522055182992,0.11535605528833133
-0.13612139063415171,0.056842453703979098
-0.17025880860030906,-0.0052523172937589584
-0.19465042338992469,-0.063763100751857149
-0.20461940372054174,-0.11250209986719273
-0.19650083377479172,-0.14756601115610909
-0.17061074736988607,-0.16561770933184952
-0.12647664889900612,-0.16750103186838422
-0.069364237644593457,-0.15453259567372946
-0.004965259169569039,-0.13020284866995649
0.060081662443668978,-0.098982745812193032
0.11911170382355502,-0.065625662593501
0.1663558604271711,-0.034521261511246064
0.19790748901333527,-0.008265883882502446
0.21201730506845423,0.009160058789014042
0.20743370457054366,0.017590212037053268
0.18837698438264158,0.016354694578948777
0.15945657013237022,0.0063676170667068058
0.12621852302516842,-0.010724254747429314
0.094301796683157232,-0.032869141390711051
0.068634185230693201,-0.057911544020028398
0.053343629403326646,-0.084751102462379185
0.04956810389426889,-0.11012701527170937
0.056600932751124419,-0.13302485006954978
0.07331684245639708,-0.15201871725830696
0.09677957764768455,-0.16620988079793098
0.12334182671906661,-0.17498307967735932
0.14923376819392281,-0.17794370689716968
0.17109886878251063,-0.17486996088981102
0.18769606009271594,-0.16439351708987615
0.19532723089224771,-0.14892793951707592
0.19457482898415487,-0.12724135570460082
0.18521732910851668,-0.1010265797048802
0.16844450264447758,-0.071146319604910968
0.14601821346572594,-0.038559950200477568
0.11995758484703919,-0.0043489307255520906
0.09224695820572669,0.030241910573984811
0.063682302619557429,0.06432042969699267
0.036967761113275294,0.095785378689534253
0.013073027313143125,0.12109969358212991
-0.0076636344431095177,0.13978507150837324
-0.025105867220455321,0.15012280341497866
-0.039383747604876937,0.15065025575091864
-0.05076004940072959,0.14041003446405423
-0.059509843543520166,0.11921156275904246
-0.064535574310054272,0.087298096099662992
-0.068369523292554163,0.047145105412085483
-0.068966481837576962,0.0029502954686996944
-0.067853886727804499,-0.042373984421069232
-0.065081748873106596,-0.084422908984934653
-0.060577153395203941,-0.11870273499542572
-0.054255467986570702,-0.14119589345250744
-0.04616580480114825,-0.14893447566602711
-0.035342125152581269,-0.14067615960694788
-0.024099335932881112,-0.11662773226229525
-0.015152176918324163,-0.078947925441666941
-0.0086430868352555777,-0.031980792787821434
-0.0061808814558172191,0.018787450595376551
-0.0093126018589495888,0.067198369563549187
-0.019234550068385349,0.10719835245685227
-0.036492390940308761,0.13362682376953275
-0.059430130300049032,0.14308516250125744
-0.088467979119460013,0.1335690820168596
-0.12166410041779011,0.10659464210536995
-0.15511412414285672,0.064355626921386022
-0.1848229500522594,0.011388526846325521
-0.20662929110088354,-0.046596180812020355
-0.21678059078798634,-0.10347211928732286
-0.21251993953362461,-0.15348619890693679
-0.19129432923819739,-0.19140613621214919
-0.15527171604968357,-0.21544809676630899
-0.10851184181754261,-0.22251378142391659
-0.053868821580177702,-0.21480339060379586
0.0032548454336153959,-0.19468796826346302
0.056839865739734305,-0.16551137064551649
0.10100503711975514,-0.13102261207615704
0.13077323524354317,-0.094832905183695845
0.14365983681835304,-0.061277449698935879
0.13701826313207358,-0.03034369557522814
0.1110641968208307,-0.0042829739583040705
0.069261597910724448,0.017263935622611897
0.016247108172028669,0.034597715592588639
-0.042252815973308454,0.048226415204530283
-0.10019531642346607,0.058616349746871813
-0.1520124082107791,0.066037309129185498
-0.19423036252406517,0.070341402846531398
-0.22285543885081133,0.071883460043280278
-0.23645366944144583,0.069746018280484115
-0.23661374875763638,0.064648727132730746
-0.22597251357048775,0.057026298435232006
-0.20825516853536485,0.0476306286718075
-0.1876389557095339,0.037482269339203261
-0.16809982910680801,0.027728329787299427
-0.15414066920425151,0.018505910333920305
-0.14583701476778282,0.011696980266218224
-0.14384437011472345,0.0086400631051848989
-0.14764277968222803,0.00793259265981568
-0.15559295778705112,0.0084425847012367088
-0.16553168431711979,0.0085520215110495758
-0.17522751204308193,0.0064547255262537954
-0.18279911876841909,0.00053556063954794588
-0.18572826225935843,-0.011164107276444183
-0.18581468188903361,-0.027015192276073401
-0.18246150014181881,-0.047476544579236911
-0.17746265239561315,-0.069306786378210694
-0.17226256813254492,-0.089437151958393912
-0.16816564650121418,-0.10447272901809597
-0.16604526686320698,-0.11121659617818254
-0.16616315990019384,-0.10720649046873179
-0.16682958342874904,-0.090617767871743124
-0.16954250180503666,-0.062972862854417722
-0.17097572893117263,-0.024195630634311245
-0.17133844926679834,0.020922245785950835
-0.16950165714830401,0.06796401768244914
-0.16445832458945389,0.11217599561597276
-0.15544942285217883,0.14910473161440094
-0.14203666661238415,0.17518875245090995
-0.12541597357552209,0.18951478196080426
-0.10346362307265144,0.1892800733589694
-0.07813129351085954,0.17652463025607043
-0.048848278343780631,0.15298217832465155
-0.01626069601926081,0.122160901334343
0.018697684742196966,0.088301199635539215
0.054826547877283589,0.055805292413583028
0.090702951090598519,0.028666388185576725
0.12530603946273758,0.0094223698909771721
0.1556994493292386,0.00097436041282840261
0.18216925009761781,0.0029113818192393788
0.20171662191136455,0.015026208100510724
0.2130293569781111,0.035340665471886495
0.21530812827637685,0.06100429339300191
0.20832215381379665,0.088734078812293199
0.19239083649716066,0.11528148800307929
0.16885631253561545,0.13767061798767441
0.13754681041503908,0.1542384504596391
0.10166402455878436,0.16363606613602966
0.061034872299313696,0.16599930818298736
0.016890517886271137,0.16207832624227891
-0.029423163921894653,0.15316287471579398
-0.076417813100689791,0.14076441840912435
-0.12242977625462313,0.12629925541860576
-0.16652844409761516,0.11212566036429784
-0.20566950048352314,0.096707870107270777
-0.2360983411385289,0.080524767467109695
-0.25714002821432658,0.062777585048522003
-0.26705512674565313,0.042711358989644996
-0.26453715395677813,0.019694939150190955
-0.24892633787256171,-0.006532446947417561
-0.22040214971165575,-0.035681804474621499
-0.17918893017878029,-0.0673925481264568
-0.12932091622289829,-0.099478750125782667
-0.071941637129658398,-0.12933071329892776
-0.012463178894016566,-0.15539711198811196
0.044742559411315622,-0.17565931787674213
0.095472434176341894,-0.18844657935919604
0.13610129510589208,-0.19264549735035122
0.16392136181578754,-0.18782821721161169
0.17755604510488018,-0.1752108337458424
0.17608643471257482,-0.15386398959426495
0.16169159427297328,-0.12719701752039075
0.13517827330039159,-0.095415138223370902
0.09912778882854939,-0.060326954511632648
0.056696629633833338,-0.023919292513522504
0.011318956002615021,0.011769671368216768
-0.033579817686522663,0.044766026208312583
-0.075385840596183751,0.074556306174722531
-0.11020082782397024,0.097616864981268994
-0.13724443839374206,0.1126716234660298
-0.15387898108139667,0.11894423560100961
-0.15916965399383204,0.11600663040474761
-0.15298606631399941,0.10400882865458753
-0.1359854555124298,0.083685852681363207
-0.10955723525805465,0.056322667127768705
-0.074806644792257418,0.024232510013466005
-0.035296152904312698,-0.011028039970134988
0.0044435031444712602,-0.048306134188424506
0.042759665495621442,-0.084188853860007518
0.076760205079753438,-0.11629838655725711
0.1038151435738177,-0.14253470696934639
0.12176527659146835,-0.16121325387865207
0.12911602740084832,-0.17116006531895595
0.12611979778760707,-0.17268740799012816
0.11114227752700596,-0.16399501288911375
0.087295710301950699,-0.14700454506361485
0.054997711594500877,-0.12151481904699354
0.016799377023971981,-0.088793365667091756
-0.024117907295384329,-0.050599028947499021
-0.064242750120413472,-0.0090913520356234491
-0.10009350350196587,0.033297142792107381
-0.1295166234297746,0.074203170818686659
-0.14915515312914507,0.11066218591082984
-0.15602873923002891,0.14121191605164105
-0.15131884217759059,0.16332065200458643
-0.13602621961041658,0.17558312078121227
-0.11209849596440462,0.17726793621321585
-0.082156536002252256,0.16835707509361122
-0.049159575457966169,0.14951958180501809
-0.015131287874553197,0.12258290641562132
0.016288417848760558,0.087994889241651039
0.041414434001379584,0.049699065431403192
0.060312257137953788,0.0083524592369789603
0.072492556019348037,-0.033959532019997456
0.07810590147260503,-0.075109013766094315
0.077765546587605178,-0.11301987819703198
0.072332953863938176,-0.14576734785730441
0.062891942788791427,-0.1714938223778022
0.049734186378140595,-0.18897944872985176
0.034186931004956109,-0.1980633074906353
0.015865517177585622,-0.19771432893755003
-0.0051915151941440809,-0.18799735159117106
-0.028924784555989912,-0.16952952512067324
-0.055075600143485795,-0.14345035938821793
-0.083020955912399094,-0.11135023801475326
-0.11295726977260305,-0.075348740992332533
-0.14144071095806834,-0.037241113986407365
-0.16589310075694261,0.00047498463916239935
-0.18454584209438263,0.03590433771309267
-0.19516781594639926,0.067157902937231451
-0.19593053575422015,0.092648565837220989
-0.18570722883258051,0.11118177809035888
-0.16431375829648759,0.12202179440553529
-0.13246357255047125,0.12474418657984879
-0.092128333508559451,0.11946903651885678
-0.047498867688658325,0.10868043502780654
-0.0011552893059043957,0.092022791100273435
0.043033972467550155,0.070803536218585303
0.081239187283553504,0.046606433935375204
0.11008438071759211,0.021165859082783005
0.12702232123973617,-0.0037840144889400872
0.1304335172680772,-0.025740056391132572
0.12013234148256599,-0.044683118179151153
0.098466642797903459,-0.0603399457550607
0.06661205126976584,-0.071727169930539403
0.0275737884747961,-0.078812799436614955
-0.015065280145877769,-0.081906967688969809
-0.057518217787219363,-0.08157423473226387
-0.096166474265572649,-0.078528154343697879
-0.12695817305705312,-0.074453509436221532
-0.14900747863994257,-0.068314929396113652
-0.16037947043563427,-0.062162527601569928
-0.1607647035136944,-0.055314932675556386
-0.15042669719959179,-0.048020625572310092
-0.13025949920864133,-0.040574137969474892
-0.10165034253795729,-0.033325993797658313
-0.066358576570980196,-0.026650963343851433
-0.027721385946771714,-0.022176811862658366
0.01420929996208262,-0.018514372714798357
0.056017780566120653,-0.014101083798331065
0.095941707274951146,-0.01007305861274618
0.13150595823412747,-0.0060762470418773097
0.16020630430917113,-0.0016159782256500242
0.17972873743170295,0.0038334616060359196
0.18824095117257794,0.010679552787979224
0.18489594256297834,0.020351154745963142
0.16914574437465105,0.030370827347741922
0.14360006472835327,0.040991502007526673
0.10972896571983404,0.050267656015657317
0.071069651636730069,0.056642431628566248
0.03193265620754572,0.058622023829235759
-0.0031469221180325285,0.055022405371423111
-0.030063718711547224,0.045190901276593351
-0.04486877625585442,0.028236959602892304
-0.047908535309756702,0.0067007371599265009
-0.038269549195310545,-0.019353828279374416
-0.019577747569340283,-0.046693703228234087
0.0039777197000840803,-0.072802052522672092
0.027350075191155551,-0.095245201949155825
0.04543404124852049,-0.11193091787225995
0.05390537480068322,-0.1212938803444661
0.050889749405393134,-0.12146161441161983
0.034494732722839559,-0.11361183256889973
0.0051030121473980604,-0.097544370432461516
-0.032695468763261862,-0.074206468091056701
-0.073595897743019389,-0.044578281823065467
-0.11143069286391623,-0.0097635931110688183
-0.14010150651626554,0.029029278031980004
-0.15451837152517509,0.070431621440785033
-0.15195426861921385,0.11336535581592587
-0.13090876608072696,0.15477181714452873
-0.091789814028493136,0.19307294646634882
-0.039546347182836769,0.22474149081816983
0.020001246089436566,0.24667561656826176
0.080050863715153506,0.25597336996476022
0.13376441812899825,0.25034742883874128
0.17519778763129645,0.22856340800333105
0.19877844239980183,0.19137978305566081
0.20436600736748575,0.13975646188804289
0.19223666725577987,0.077660208980641951
0.16471673717696678,0.009959109947830995
0.12590798631791142,-0.057171733988043712
0.080807071499456817,-0.11710043201937403
0.034536606253284377,-0.16355057446300728
-0.0083733133816249437,-0.19144788702351864
-0.044730785512880192,-0.19785668829973635
-0.071918624329335018,-0.1817893904778082
-0.091396532642056216,-0.14559064990964241
-0.10263365766051351,-0.093618768906036098
-0.10745822485997604,-0.03244973357425416
-0.10830045148044994,0.030135152922834373
-0.10768595515920654,0.086172926274125955
-0.1077701337389208,0.12858998656633289
-0.10906047718344063,0.15123222181055035
-0.11358511959099057,0.15291789737109035
-0.12052710552152318,0.13340957496388875
-0.1290139515878741,0.09596121860275364
-0.13738900994607323,0.045826333991984235
-0.14371757616443709,-0.01038038403357508
-0.14612962259227866,-0.065671861676677032
-0.14312682386887091,-0.11368529286749481
-0.1343637676498011,-0.15083107101583443
-0.11872417365330937,-0.17257040191795459
-0.097082920966008707,-0.17733462391744853
-0.07030116234366654,-0.16774836211269253
-0.039908554732528682,-0.14732339850732543
-0.007702517598386853,-0.1207010772952244
0.024483785911991164,-0.092849081874913336
0.054994528465504455,-0.068273233499452413
0.08381391104065411,-0.04981071861756281
0.10774242070290339,-0.039877535352673944
0.1278772588278736,-0.039826683092086479
0.1430371394431259,-0.047257468979855631
0.15345469339383463,-0.059516592967241169
0.15973826051910203,-0.073316121689859917
0.1627002349116202,-0.085331324684410043
0.16315253940382846,-0.09275066737512136
0.16151920035243614,-0.093878677757780443
0.15876583816111295,-0.08727341890427702
0.15287441217965725,-0.075203063855674504
0.14473700444301496,-0.057585991400512224
0.13354458816669718,-0.036391369807291289
0.11826578306519865,-0.013959944857349105
0.097921728735888766,0.0074168967942971828
0.071908360530425292,0.025886548721166868
0.039747894924189564,0.04051588218468908
0.0032303618532902199,0.05035652503676586
-0.035509505819097766,0.05787964357168824
-0.073761212998473338,0.06293554984472767
-0.10805022121272231,0.067199843357902578
-0.13475992070590728,0.072548623224627753
-0.15065976917737867,0.080685894860449303
-0.15344298708965962,0.092786891671759686
-0.14273879300636244,0.10940286609211368
-0.11873399978954283,0.12995552472158398
-0.082733580687882322,0.15164564667996552
-0.039791705545419533,0.17318284679575924
0.0048596454131516632,0.19182683915439813
0.04553538056771704,0.20469791957299685
0.076849167030050847,0.2092136125189844
0.094456369741493323,0.20351122843109329
0.096974194681348047,0.18771564738806357
0.081465770359499701,0.16053791151017097
0.051020773434670395,0.12516770221378601
0.0080451840034174125,0.083326197537568009
-0.042407719439945105,0.038602177711661342
-0.094218223807185336,-0.0048984415864643527
-0.14102105546698007,-0.043075136881947758
-0.17707342759041403,-0.072378488050330064
-0.19822559975236395,-0.091223316832157897
-0.20165954109274725,-0.097229622295585766
-0.18810825739418466,-0.090226682477625678
-0.15907832560899007,-0.072703060161279878
-0.11854187857921102,-0.047864963924553965
-0.071754105855477257,-0.019732550331990027
-0.024446414358849557,0.0074393462726915936
0.018032623721308441,0.029773070235112539
0.051677493348706346,0.044875542116995258
0.074167530293426723,0.050081737905302424
0.083295070951776684,0.046171087889744007
0.082050428102560524,0.033852073718904058
0.073652527695546546,0.015684613225140944
0.062194412924357297,-0.0049244284243548731
0.051870184452212739,-0.024307880634354354
0.046211199951524715,-0.039168644686718386
0.047642672592194506,-0.048447796880920387
0.056493912967856254,-0.049064608531985889
0.071321085856647745,-0.042050757057618071
0.089537559414851614,-0.029096207193937147
0.10729648962085797,-0.013349519018857198
0.12034141362209093,0.0012941684460441236
0.12474561179927321,0.010874972186177395
0.11760404305297201,0.012095009035987947
0.098492826281309523,0.0042652829162071557
0.066154316933301899,-0.014541315894576091
0.024363577797272711,-0.043629460172712985
-0.024144587890910597,-0.078478740456471088
-0.074536280200802288,-0.11406657084537611
-0.12145777427318113,-0.14466949679381616
-0.1597775323161594,-0.16475392979469583
-0.1853054875264202,-0.16989209638959751
-0.19556625824051946,-0.15736969280833776
-0.1893232863258853,-0.12694739575984565
-0.16860194734324555,-0.082883921069662886
-0.13576684871041539,-0.028564859379984799
-0.095143025745246204,0.029518480961021387
-0.051846775342148786,0.083961053305384101
-0.011070288883588473,0.12753189585107669
0.022628198049510578,0.15428881262038258
0.044996020551465891,0.15961418241571862
0.055348862580374476,0.14397408547234344
0.055381113642964601,0.11029220158407639
0.045381252016174059,0.06317751441074225
0.028197028280618021,0.0098757151787990938
0.0074225144569440831,-0.041344869671941342
-0.01320615738187229,-0.082431467642357495
-0.03040490093890659,-0.10677249314238652
-0.042016662701214819,-0.11077348507501815
-0.046601940039052984,-0.09247053699148737
-0.044703047162310362,-0.054475659165212138
-0.03755360542642814,-0.0017602815524218423
-0.027487280539350754,0.05824616752065398
-0.017305857415358793,0.11692825306580865
-0.0097775901625618833,0.16574272882126695
-0.0071650968612439912,0.19745371823333471
-0.012156079997990156,0.20697144216093083
-0.02285760456534781,0.19261124733319307
-0.039474782317493191,0.15588397926162814
-0.059511163601886206,0.10081641468814
-0.080526989099091395,0.033874464749060286
-0.099980202426086517,-0.037190088285067556
-0.11559822375237348,-0.10444181282150895
-0.12566278352870855,-0.16082558748497994
-0.12861272041314489,-0.19973729610371851
-0.12485799244152085,-0.22025401852058982
-0.11542773069161713,-0.22136924121746906
-0.10053976545147772,-0.20518307661374569
-0.08119081340604728,-0.17527387851280146
-0.058423496556547404,-0.13617415610532427
-0.033212901821140832,-0.092623030805158588
-0.0064351201377056471,-0.048906683084028423
0.022014373562573627,-0.0085683879124054396
0.04939867767358487,0.026181056307985003
0.076657513362966195,0.055555847378935402
0.1009798335403552,0.078432185705338678
0.12081101133552959,0.095294064016768834
0.13469956824125118,0.1069752757180176
0.14148750549597805,0.11436314734581873
0.14051862132706786,0.11819632498278056
0.13275325514616745,0.11991281845641406
0.11766033449162672,0.11870373598114042
0.096843769557381082,0.11372865117094121
0.072881670344563818,0.10635778341462081
0.048767822250781745,0.097300979623611908
0.027763053182405826,0.087564678298541643
0.012973836809920973,0.078370298100535279
0.0069023445910815001,0.070964561951701033
0.011965382942039037,0.065428900266787354
0.026842109818020956,0.063509551811685369
0.050704170722096632,0.065545785726883021
0.08065549559444718,0.069851168741551672
0.11301403971778318,0.07443750274048655
0.14359113315479977,0.076705803738617129
0.16824090798952873,0.073861791072856467
0.18341337081180728,0.063438074905168132
0.18607201586680067,0.042534311344179426
0.17593237393171623,0.013311451870477753
0.15357793558556737,-0.024957344125120389
0.12069446646839826,-0.067777437384246755
0.080252003505539321,-0.11083931528046007
0.035889377671306094,-0.14929737901891343
-0.0085832048369149597,-0.1784773849433931
-0.049670588616740834,-0.19460375244286696
-0.084039802101078503,-0.19412909987179941
-0.11107185836564168,-0.17919818609569688
-0.12868867649104157,-0.1495690873287103
-0.13833911465766621,-0.11053207037143298
-0.14127279219981284,-0.067299854395608996
-0.13915938759388014,-0.025559131772762089
-0.13378247052897757,0.0093388707985323956
-0.12678852667181231,0.033124910105901628
-0.1197112055656341,0.044480277507879203
-0.11318985940764589,0.040676244124422653
-0.10816916797628216,0.023541312167504477
-0.10482373256774098,-0.0041797730259085421
-0.10338792363308465,-0.038185024021993925
-0.10404906471704652,-0.073421748662671926
-0.10696643513491109,-0.10478027050169141
-0.1122217674850514,-0.12775637093668557
-0.11841672881418511,-0.13843374498641103
-0.12684912475052904,-0.13549977583662523
-0.13772291707350126,-0.11986934735284908
-0.14875788012774938,-0.091760663334323173
-0.15810850692574499,-0.053545667849692592
-0.16361982483816795,-0.0084407609816509136
-0.16312528519542918,0.039928054782647313
-0.15482011289186784,0.087942584133007803
-0.13783288690029313,0.13140814706858561
-0.11182894924313187,0.16926564469799987
-0.078372757613936236,0.19859131814553685
-0.039768916720679823,0.21881209796529502
0.00042262451561157923,0.2293001567501699
0.037987319574455676,0.22980001021148391
0.068630628221218265,0.2203345585998297
0.088626730622929042,0.20117322766135096
0.096732866299264059,0.1726808115164534
0.090484208199061347,0.13611958293545764
0.069363690499061256,0.092568363382367666
0.03767621508598757,0.044139117008572933
3.7759265227761748e-06,-0.0067700812245181825
-0.038130517718891942,-0.057408381221917652
-0.071076614689757733,-0.10488505569385553
-0.093928460376709405,-0.14645503919880298
-0.10349792005280056,-0.1800205395870855
-0.098415219484777369,-0.20419638390902239
-0.079049932512402776,-0.21667469318050969
-0.049390910484416482,-0.21945127532157446
-0.014637176346432501,-0.2141599119934221
0.019035446061466094,-0.20311636023340474
0.045440685500617056,-0.18895984631665347
0.059374206596996749,-0.17424394308041152
0.058771032775491582,-0.16159842920936754
0.040370200018553133,-0.15137679859910119
0.0073850080569392088,-0.14424161054704612
-0.037226390289769359,-0.13925482788538143
-0.087556010465768427,-0.13490334834091788
-0.13653798307089898,-0.12922706079795374
-0.17702731591686902,-0.1202108610006921
-0.20292418577311538,-0.10618816178222429
-0.20960704640373967,-0.0848890932053534
-0.19690933424156287,-0.058591271584449191
-0.1651195400229474,-0.026736393447986517
-0.11983397609217221,0.0076352463613867253
-0.067784796327429717,0.041924811387430039
-0.016748270280754818,0.073428363715482309
0.025641036391140577,0.099716834186014888
0.053056739623674666,0.11895223621866466
0.060888278087260946,0.13027801421659935
0.048519524390665592,0.13353850417540242
0.018992091075281187,0.12812409565355234
-0.024129028140905895,0.11636902188186284
-0.074349761227650496,0.10005446109695372
-0.12417899666624502,0.081066920031395789
-0.16627357981031568,0.061174183378417624
-0.19454200538581781,0.041878899532607997
-0.20373759571945682,0.025288274270283788
-0.1944302012043912,0.011272810839700156
-0.16869060079737475,-0.001125728178356561
-0.13001149114188973,-0.0099475357008976615
-0.084166049869877135,-0.014584793193079157
-0.037737049960044691,-0.014504751537880898
0.0028719610261787108,-0.0093337579234162114
0.032341357099856118,0.0010067162343424137
0.048418658449513048,0.01669793491319476
0.047496393179327037,0.035476919582834276
0.031347255730197865,0.057594911577675219
0.0018862967164911611,0.079229870486579992
-0.036892611425418394,0.097511915304358002
-0.080116447040100611,0.10954836188986414
-0.12273542217586801,0.11280430341308421
-0.16017374873306162,0.10548770424341297
-0.1890234864743281,0.088175645959804289
-0.20663244346773116,0.058982418806724675
-0.21236798327110878,0.021823298534265297
-0.20635204898212861,-0.021822400467828997
-0.18993826815087358,-0.068098539629927568
-0.16519553051051025,-0.11249609468749705
-0.13455815756917067,-0.15042356785383076
-0.10051704509806557,-0.17784133637724653
-0.066690629513749738,-0.19278851328104835
-0.03351692613321345,-0.19273889270759628
-0.0011466687007287532,-0.1776944516018808
0.027601053343702678,-0.15067508156257553
0.051369879324920972,-0.11575134384696505
0.068934219431937574,-0.078046587047054014
0.079208382864967689,-0.043005624718814209
0.081311539638813005,-0.015596317778566593
0.074126016948599271,0.00024522661765518018
0.058476027801912883,0.0031443624432792136
0.034492957693892427,-0.0081054342482261531
0.0035933958011019011,-0.030269133769465998
-0.032388866373173529,-0.059424482313084864
-0.071127803184228067,-0.090685277514361104
-0.10999795706354941,-0.11900010520721635
-0.14632817094355796,-0.13997107714488335
-0.17675357412798223,-0.150004152481826
-0.20120323440466981,-0.14870411702306965
-0.21647867956273914,-0.13704036516871793
-0.22372098127005918,-0.11751233621001998
-0.22340678464768832,-0.094152218819064909
-0.21649043257070355,-0.071647786370685085
-0.20420538199049248,-0.054544671849634095
-0.18785793278075164,-0.046473982365117593
-0.16772012411056322,-0.050087410391586165
-0.14613521452282197,-0.064648783134435284
-0.12385626719721009,-0.088737813174988869
-0.1011167353527412,-0.11860728552169957
-0.078028078626588171,-0.14957478136220914
-0.054494661881615759,-0.17655390119504999
-0.030343638334389366,-0.19482234918594549
-0.0054578668887361251,-0.20071965346681961
0.021410899589002868,-0.19346652523725372
0.047527364965185212,-0.17063942151854569
0.074366861524273797,-0.13486646877209865
0.099546221104132956,-0.088604953317217836
0.12202858275611238,-0.036128653738609622
0.14096581780115811,0.01760845754580306
0.15578941022929374,0.067619986998600168
0.16623561190115146,0.10950644055494806
0.17211929740849674,0.14088678273317873
0.17371648109820786,0.15799762767306944
0.17198645770613694,0.16242908617635035
0.1664735947755511,0.15366657021849064
0.15717190039448486,0.13381214424935017
0.14397360702054821,0.10592569433751234
0.12673336022207776,0.073563044599229063
0.10538097257575813,0.040285606200912052
0.079502266547028008,0.0097708143727162113
0.050629331929112523,-0.016565056960661188
0.018805175730969501,-0.036990780322257451
-0.013932586418018292,-0.051378832420186364
-0.045828160784172414,-0.060202997638982916
-0.075034421887851921,-0.064456940783998773
-0.099840493844119846,-0.065334012112250942
-0.11890884631985092,-0.063914214507022615
-0.13055470599062269,-0.060357770585714406
-0.13661035377525818,-0.056045024120765015
-0.13584325623704308,-0.049282522681494086
-0.13124550113520345,-0.040456539184894363
-0.1248572819825066,-0.028711386873326219
-0.11876287277687149,-0.013122068566077004
-0.1147893108421764,0.0070171400895169267
-0.11425131844340013,0.031914426481986093
-0.11685232614985366,0.060138645386430843
-0.12434472688033052,0.091621536494080391
-0.13395212113303306,0.12483918054906977
-0.14587232093058586,0.15646806945873185
-0.15849237373241076,0.18334256826740358
-0.16989505999497659,0.202286204288216
-0.17811046137663494,0.21054456075585021
-0.1813745719683108,0.20620064482404424
-0.17780240313619317,0.18906490543933344
-0.16747196568907965,0.15846307503456206
-0.15050192169866625,0.11828767006864624
-0.12737180193110237,0.07020850009152696
-0.099301793592537893,0.01819264810796465
-0.067916318508965234,-0.033236369938726099
-0.035063008755599256,-0.079551889013481397
-0.0026301669439684223,-0.11681037062697482
0.027427181864244771,-0.14162634185034578
0.054297656716228708,-0.15323157285498712
0.074947560766406462,-0.15315887585969037
0.090031393876755239,-0.14235321549045205
0.099157205489436892,-0.12399610984203673
0.10212730610659097,-0.1020879238388661
0.098905128738437736,-0.080824150319752389
0.089616277679041512,-0.06393600327022271
0.07587938045697,-0.054657693450123224
0.056430259143387181,-0.053266541082827155
0.031608464584569972,-0.059665223934146118
0.0031523582075434192,-0.071573409627459741
-0.027356280283481884,-0.085742318235412035
-0.058024212256776571,-0.098329149724251205
-0.086812726196232246,-0.10555390986826395
-0.11176391486666466,-0.10434527620521097
-0.13180983876391036,-0.092684922757988411
-0.14533994897784488,-0.070780520827719753
-0.15087268899939721,-0.039215138560121314
-0.1499519184798988,-0.0014979154396354043
-0.14395906909517853,0.038407626462192652
-0.13483481533607775,0.076103781832312353
-0.12477137522981176,0.10738261130550952
-0.11584773218282257,0.12879871045724042
-0.10874029145756794,0.13680779516111785
-0.10603037317128149,0.13280620727573383
-0.10616573545269148,0.11645203445596111
-0.10923858938630812,0.090436854626419802
-0.11348853891692166,0.057681252566780604
-0.1165271759265407,0.02143927216163365
-0.11578664515316618,-0.01512754721486545
-0.1090466224142142,-0.049283292105877806
-0.094019284388207475,-0.079473669016229473
-0.072475033878943051,-0.10297495532099969
-0.043822460650178814,-0.12086159442614217
-0.012419718302759033,-0.1312460722760288
0.017736360132291771,-0.13398274966387552
0.042292766733504628,-0.12927645338053231
0.057223717769882894,-0.11761775331626209
0.059508225281091315,-0.099760679746303135
0.04861629075407109,-0.075440791283470712
0.023619444038797004,-0.048329985570439216
-0.013145504839282332,-0.018599286094788291
-0.057378884287586245,0.010578801750014856
-0.10366664755598408,0.036922244724043707
-0.14601449362669169,0.058315559403089322
-0.17868504409517152,0.073031469645494868
-0.19702741880541508,0.079942756791221592
-0.19835736553480618,0.079618425620344505
-0.18156411070557185,0.070938918829702713
-0.14917303612900637,0.056204897833023064
-0.10440644233704806,0.036814515167256041
-0.052728262922081971,0.015382546232715994
-0.00054519065190264534,-0.0050895715990589754
0.045674903930026399,-0.021564170679102171
0.080291368918862405,-0.031348029486321871
0.099067331210939039,-0.033004705578521316
0.100042297148786,-0.02484065199391091
0.084831439155860111,-0.0063157236233245982
0.054925450319770079,0.020696073350199008
0.014509104567375699,0.053847056882348997
-0.031125822736151502,0.09004280707851349
-0.076378842935051303,0.12581873099778063
-0.11615021745842206,0.15775552777003951
-0.14746321441760815,0.18305953899892036
-0.16695596846216976,0.19953218077368806
-0.17316849833682652,0.2046811895254034
-0.16852689070173515,0.19935237746665951
-0.15597546867417975,0.18439183193830017
-0.13932088036903847,0.16136025088857889
-0.1225500835515833,0.13225411684905916
-0.10916212005157458,0.099208990762382904
-0.10106286535255954,0.064787987914433215
-0.10037862404844716,0.029619107556197833
-0.10583419609686738,-0.0041948240658744463
-0.11637345657875307,-0.03656092987910365
-0.12932371954093419,-0.067123646262372674
-0.14144398655096477,-0.095668140060746018
-0.14949822594649453,-0.12196349486223641
-0.15081495411158258,-0.14563732464317697
-0.1439283980324664,-0.1666645292412115
-0.12813855854477588,-0.18357958371816394
-0.10474857333608983,-0.19480522157121336
-0.075748519731512282,-0.20003398878571002
-0.044195770935936816,-0.19858901999536618
-0.013548234399187491,-0.19012819210743964
0.01288018066621276,-0.17475852016223806
0.032440302394203535,-0.15309425444278013
0.044118470691324595,-0.12531940179755316
0.046370935014032451,-0.094218262157299518
0.042187889774469349,-0.062193800293868909
0.032291334594308774,-0.03058465537105394
0.019631852176889023,-0.0011511015007912083
0.0076305020786873049,0.024633097951232134
-0.00037155845797663613,0.045679952300347271
-0.0016677178143187979,0.061322502770940646
0.0047879237840255896,0.071102624245890089
0.0202350517273252,0.075293879485311702
0.042496119262967369,0.074385029175061332
0.069594343744307313,0.068567804088203468
0.097921422845388503,0.058269981462830522
0.12331166427380759,0.043952093370517281
0.14167253938848204,0.026139499075007202
0.1496312028520326,0.005493961416258933
0.14416727991456363,-0.016542093086784764
0.12597974887729044,-0.039216638835885144
0.097531354588746261,-0.062696287091319428
0.060822821441865065,-0.083709281097163593
0.019992375914029272,-0.10013876566315125
-0.020193429906085514,-0.10996505439969344
-0.055028177309724161,-0.11155226220307257
-0.080552326472614788,-0.10394005189300148
-0.09505665666098069,-0.086534630325994205
-0.096471404229884108,-0.061053093015922752
-0.084573112103565246,-0.030285963829521974
-0.062912063497310738,0.0032968403719747879
-0.035407606264329101,0.036047362394195238
-0.0066693225485370041,0.064115124640492668
0.018700322255125534,0.083940875086814304
0.036786833676210523,0.092755023034432033
0.045481091077410024,0.088076829807525278
0.042553194540586294,0.070859416752332538
0.030035804638362237,0.044238840501497047
0.0090258762594557385,0.009734783726845251
-0.01716393092254824,-0.028769843618041534
-0.04444832385655019,-0.066818244614247985
-0.068590733031757348,-0.099968588954534837
-0.085832626953551483,-0.12439201572087025
-0.092136230084238532,-0.13646125627875674
-0.088106196693413463,-0.13670807019033632
-0.073945556839565579,-0.1240963031327489
-0.051168375498398748,-0.10171548241877305
-0.022492981285953881,-0.072809952906222233
0.0088125439448464328,-0.041211272447568059
0.039452091221949155,-0.010800652795871812
0.066588730696372236,0.014986555750718156
0.088406397281991567,0.034841278530045379
0.10372475434906903,0.045377862294481527
0.11244283282454559,0.045624614808166312
0.11580558850341072,0.036694901217502282
0.11551647188189594,0.020041576355657325
0.11355365400030061,-0.0022648751224619464
0.11179013905161279,-0.027836961955203094
0.11166767976026769,-0.054244916043827592
0.1130474144643633,-0.079787629781570113
0.1177224263166797,-0.10171699750800203
0.12359500802072217,-0.1183152165466973
0.13062121753913122,-0.12858616564972894
0.13738013977066593,-0.1317753411089686
0.1422351852166428,-0.1275374967188744
0.14359029327159667,-0.11592489613709835
0.14012791799728799,-0.097389198696244655
0.13006756047783458,-0.072978912688718173
0.11438478555131829,-0.043875093744449659
0.093988367992244942,-0.011043456117141281
0.069148721820086648,0.022822518216925821
0.041037282955651518,0.055332655258235795
0.011011669752512854,0.084008281231732942
-0.019543702178417326,0.10648363056205948
-0.049352009087621634,0.12072348622714626
-0.078633388147405475,0.12652788383092992
-0.10447208459513246,0.12127249570457806
-0.12675900194716591,0.10445026204938598
-0.14477480842849505,0.077467519571626772
-0.15826611770783572,0.042050208924587974
-0.16721588031958759,0.00065182819400876394
-0.17177985649942348,-0.043778126233389836
-0.17221533166196534,-0.088080807602837902
-0.17011161469636918,-0.12974944973880592
-0.16390991273241987,-0.16554590858691282
-0.15331091421266874,-0.19222888941133648
-0.1390442162003242,-0.20952698944751419
-0.1213603893078362,-0.21705712456953391
-0.10062569501204389,-0.21518464833517686
-0.077351350841658423,-0.20487883301429946
-0.052203997344256764,-0.1875180404191403
-0.025435105861242858,-0.16337988208613854
0.0013679770432460017,-0.13599640514290298
0.026599724456899086,-0.1068109130745459
0.049965952277927848,-0.076894697857923938
0.070765249382290521,-0.047133097140531564
0.088504350712062377,-0.018091154282837803
0.10293300360295156,0.0098581665995184503
0.11404812847155883,0.036358700573456693
0.12336442539840246,0.060704309468075514
0.12955755969103555,0.082170022351666622
0.1320791629254584,0.1002854578121341
0.13243566552095981,0.11288620632922218
0.13126841202715953,0.11820516878424724
0.12923120041026923,0.11459059621779556
0.12695280888863322,0.10083982657238445
0.12501156811253775,0.076537349474533375
0.12484578800704668,0.041035605814497701
0.12575513351142747,-0.0019604293019626013
0.12697839015230425,-0.048843739423734378
0.12976337375071334,-0.096085463282816558
0.13434743545521854,-0.13909964031976471
0.14084149771636029,-0.17333800929123594
0.14918334282756937,-0.19488661633908655
0.15909533292107608,-0.20103298020458402
0.17024147487943339,-0.19127005106855297
0.18137815595662485,-0.16526159438512369
0.19230769482129434,-0.12711959890574662
0.20120510324733107,-0.080096107642673636
0.20677449134663214,-0.029614245199553989
0.20782412243402448,0.01830838685800254
0.20339583089095911,0.05782394615140151
0.19287699160006766,0.084024869724109816
0.17700806271920519,0.093792513652242115
0.15419430584761823,0.085285180417501508
0.1271178716593189,0.060799001390074395
0.095318601259770652,0.022331639626620534
0.060090848969172848,-0.025437737001447736
0.02309176398028772,-0.076694614030713787
-0.013815930330574747,-0.12525910627402204
-0.04876543424349692,-0.1653916624300544
-0.080658583168036632,-0.19232979591159263
-0.10744766657608136,-0.20391384067842885
-0.12828864322585168,-0.19742413278738485
-0.14328209604838127,-0.17545073349233115
-0.15297641826817335,-0.14088102500959696
-0.15842846998314908,-0.097670243110618782
-0.16099447281010631,-0.050220424214910304
-0.1620700307526311,-0.0027681118977021446
-0.16300923442159909,0.042424748744537645
-0.16393250961959802,0.08098644570821209
-0.16627002910095612,0.1110147933250701
-0.16842883565087896,0.13279343652178482
-0.16928890422599005,0.1470423393224114
-0.16751096682063199,0.15514680504560424
-0.16182828903154528,0.15877603219502989
-0.15134580517085255,0.15951712556217829
-0.13486651987171486,0.15802824943228644
-0.11403734691385099,0.15590307359190819
-0.091289873973277258,0.1528659847341399
-0.067642939711967484,0.1487567038279701
-0.045457326207116691,0.14285088735753587
-0.027184308578523823,0.13428199041004438
-0.014998029995558524,0.12230326114303185
-0.010444331576775467,0.10652719451619173
-0.014350479179846901,0.088026908769467282
-0.025581988510818009,0.065687744496141523
-0.044480999850519565,0.042795951129531121
-0.067140366069411705,0.019535393274495157
-0.090424314850819199,-0.0022467594786502328
-0.11108665594419311,-0.020587517802358506
-0.12619268133168984,-0.033717981001729597
-0.13348510827709831,-0.040385498014888367
-0.13220024311126352,-0.041430701036147669
-0.12078217695353362,-0.03517242121728386
-0.10189101724518636,-0.024153789150197745
-0.075629160706747592,-0.010070323702650354
-0.044155657307453876,0.0040464872847148546
-0.010122497641602092,0.014779709613492396
0.023633795451986846,0.018843215246253493
0.054399747205216044,0.013644892733119116
0.07855415929047406,-0.0031226299805710961
0.096191703480670881,-0.03024226222228784
0.10679373986925095,-0.064152800655667572
0.10947454454586868,-0.10272713771670611
0.10445357173525871,-0.14133829232774725
0.092390488452064254,-0.17476516893111704
0.074268601444317836,-0.19795653422095649
0.051294005693058281,-0.20683481340367588
0.024638521069944821,-0.1977100260962433
-0.0043749516088496809,-0.17232518261270974
-0.032447404884639174,-0.13284506407191371
-0.059466338356829102,-0.083478887242963651
-0.083948664020709385,-0.030149150277742391
-0.10438063556416269,0.02050765312785531
-0.11931893764496133,0.06208827257891085
-0.12754360905003567,0.089356103731060565
-0.12953638011258831,0.098828279941375691
-0.12334837435543117,0.090356299809388779
-0.10840435514919673,0.063817990107281314
-0.086885108420630269,0.024752605686385595
-0.060788459078336493,-0.020950498722626745
-0.032651181561472266,-0.066608447752153147
-0.0052337321080436535,-0.10567948117928866
0.018863118592431793,-0.13263445229663487
0.036291968621047055,-0.14382472161842449
0.047841184679537269,-0.13704286569008634
0.053450151213889949,-0.1135391048971823
0.054049412980189858,-0.075074094589260898
0.05160840487436643,-0.025526288366819076
0.048620633374751976,0.03025722438600132
0.047673877046762951,0.087111729625703668
0.05099002497717426,0.14016254517586452
0.059085666404531959,0.18475118595886328
0.073465837230890868,0.21865718523093325
0.094414247048566963,0.24020594688081473
0.1189859299189181,0.24854078299545918
0.14427463918986461,0.24391776595359962
0.1669232264161491,0.22729036587450413
0.1836491876943393,0.20008871840743284
0.1917750767695531,0.16405259183726764
0.18912230262660709,0.12243607482466223
0.17646944591954791,0.075307848162994823
0.15412594544769742,0.025512609964806605
0.1252781776625421,-0.024695160212880797
0.093463478885308565,-0.072552707663484733
0.062631145172656014,-0.11507432275826635
0.036594372463641403,-0.14927414421517915
0.018513868455654978,-0.17249395811531965
0.0095629765214042175,-0.18334228634600969
0.012041802931573807,-0.18051484770786344
0.024973177696419633,-0.16280570573406467
0.046884188700556724,-0.13360578644182988
0.075110922330413971,-0.096320483537346027
0.10638404161451125,-0.055295378952068867
0.1372931738403512,-0.015266612510715014
0.16474491487575726,0.01928990796805953
0.18616253207170363,0.043510677356599733
0.20009596537430877,0.057481125292608494
0.2074169564572122,0.059861700136183235
0.2076929262342147,0.052891174840040425
0.2022492204664296,0.039672449190068883
0.19295963613125555,0.024188439605177959
0.18190243583238697,0.01061203009440448
0.17101264150257625,0.0025794281133653331
0.16160087570935425,0.0034757653366069624
0.1548747884902055,0.012385040808832216
0.1506897484490555,0.029782185949266037
0.14875862608183738,0.051876296720029844
0.14808358026761145,0.074690115056370229
0.14737877051117862,0.093793351859131582
0.14534856620617453,0.10503534893797611
0.14095747369498654,0.1052285605766351
0.13383105319831959,0.092487290453430362
0.12390773615356575,0.067603222704614246
0.11111817246289596,0.030614085436311122
0.097283575757749957,-0.013575247806404182
0.083997271247539959,-0.060398518680308738
0.072920877980318058,-0.1049696902637936
0.065510855167413937,-0.14272318750176624
0.062775616644790852,-0.16995695589343351
0.065657407214664551,-0.18290784714619843
0.073408322528754094,-0.1822218366043511
0.083362037218840182,-0.16923261710977017
0.095464336522774806,-0.14440689956970842
0.10801936388732666,-0.10989333010396619
0.11921591997642639,-0.068259845192750884
0.12737595718807815,-0.022201971173481907
0.13118495378914113,0.02565972553223949
0.12931293555215059,0.073803925623348671
0.1225508673405553,0.11808800924552977
0.1110510677717528,0.15832337900377538
0.096138637962817089,0.19086689358934908
0.079284031179057107,0.21362038353900023
0.06207138232754416,0.22485760585422349
0.045983668423563176,0.22339559505835604
0.032222978701562134,0.20879291585816778
0.020663040524459768,0.18098146827784622
0.013526648878070889,0.14243519999110096
0.0087844868876767925,0.095430067817397088
0.0075934639809967759,0.043824698643629222
0.009411404477429634,-0.0080780308026604519
0.013378899453085321,-0.05576666951651657
0.018437647184168824,-0.095022888236977882
0.023465131143302398,-0.12243708250894204
0.028704517820332846,-0.13567558732228757
0.031697037465983229,-0.13439355976341205
0.030291100802563468,-0.11993798696856195
0.025608452234449481,-0.094827257029936135
0.017853734943753117,-0.063028175173767603
0.0075591343023990992,-0.02927220622018421
-0.0045022245393041569,0.0015516918346674064
-0.017423421899454925,0.025025239740416781
-0.028978763094369461,0.03831454775422543
-0.040030796979899551,0.038785190558233665
-0.050926975303204225,0.025457401275130253
-0.060197117936383819,0.00023084912955713058
-0.067422445798101291,-0.034155307296236496
-0.072291399837068102,-0.073985959592783937
-0.074567077540134585,-0.11509057011173073
-0.074050682545883761,-0.15338281625563369
-0.069996938951014318,-0.1855259390805036
-0.062895857657174273,-0.20906292992304309
-0.053233123128299094,-0.22076532821306893
-0.040278748407103084,-0.22180038154461967
-0.023947722336444991,-0.21300784070077375
-0.0043281249612160582,-0.19592842128295174
0.018233771029778613,-0.17249614624607601
0.04306422387203921,-0.14474840978921655
0.070422706690306827,-0.11515374394130382
0.097206533085565122,-0.084308036359204294
0.12069581133308324,-0.054403516399486637
0.14001745482626604,-0.025782111560825535
0.15344399642623918,0.00079201842815913002
0.15949664640273301,0.024583194273922058
0.15711265075898886,0.04481965979078107
0.14577991798813003,0.060691622089857296
0.12506229731887744,0.072713136749523691
0.096653363348733187,0.078657359634472526
0.061557308162264346,0.0766233082534023
0.021869468126391029,0.068085544917895091
-0.020252888613463114,0.053779475727313196
-0.062599385450114439,0.034983966309750085
-0.10308265330577546,0.013415859998485094
-0.13987513167710119,-0.0089567896946076957
-0.17056808769151474,-0.029599749376443819
-0.19543957574016166,-0.047953647176027028
-0.21384724868453645,-0.061383220400439156
-0.22526109719863349,-0.070374605040339225
-0.22956249624179192,-0.075050638793510496
-0.22683771050278095,-0.076002598401605698
-0.21739840075125777,-0.074121160449332396
-0.20184055243002438,-0.070384159414402334
-0.18056732666145744,-0.064342632879793082
-0.15589669107236911,-0.058492587172149946
-0.12932052915815831,-0.052975415204857414
-0.10334892390072463,-0.047368254282321866
-0.080494559216420777,-0.040971782827717095
-0.063204782253475741,-0.032798332894000755
-0.053551637936236608,-0.021831062752365224
-0.052908143576681339,-0.0073234987030370178
-0.062221406981801786,0.012215011271499066
-0.080035268649618824,0.033765886319292462
-0.10370469900373477,0.057929032817444638
-0.13078228995731031,0.080889439604073382
-0.1575302207623773,0.099773147677126472
-0.17992355200306978,0.11174791340055859
-0.19418444746361946,0.11444831950223845
-0.19732684693348901,0.10636074788109022
-0.1870705850620214,0.088032964342533243
-0.16395041938268162,0.058603291763272038
-0.13016756765066739,0.021624102138761182
-0.088205545759854329,-0.020942130678400367
-0.042269421565943897,-0.065421726124766627
0.0027984570765844635,-0.10778779225480753
0.042145529767136987,-0.14416218551766533
0.071541537948148881,-0.17131710683861223
0.088107332937701746,-0.18654617055791597
0.090339369972095088,-0.18974408291387337
0.077172698439329737,-0.1822555472482057
0.051467879304360274,-0.16552409225297143
0.016453797053600991,-0.14260213571314603
-0.023818828919230487,-0.11716971412457521
-0.065020552447791202,-0.093029791174749729
-0.10307174063818757,-0.073599746444149711
-0.13476753433196981,-0.060176455278356911
-0.15784869973938154,-0.056307237159994181
-0.16928617909307442,-0.061712255010788745
-0.17039381090638328,-0.075716844760594218
-0.162072723523568,-0.096340907680679808
-0.1458365008886108,-0.12081964279217627
-0.12352962481683741,-0.14603890948433762
-0.097086348429368557,-0.16900149275506782
-0.069659240916638041,-0.18743742152780501
-0.041351164148327943,-0.19965002524368963
-0.012126212677788318,-0.20434853070742973
0.015240059710645171,-0.2026393822837525
0.039317999044290591,-0.19593080384135081
0.058733675824049279,-0.18618337480945907
0.072227701896894342,-0.17553426650976836
0.078768973717275398,-0.16591559071018797
0.078264476694777846,-0.15854436398901581
0.069559428783644309,-0.15430367419713731
0.05408691374017386,-0.15324933294727389
0.032452114361167662,-0.15426665068168557
0.0065827052510353699,-0.1558772844286615
-0.02097608593386947,-0.15636026505094006
-0.047341074993980214,-0.15410217566903417
-0.069666344114592674,-0.14793146492248019
-0.084998655804995188,-0.13867802803088
-0.093061634992281539,-0.12451989402026775
-0.091492415956252918,-0.10768714919873237
-0.082564046444137104,-0.089364362445968071
-0.068226733751130808,-0.071883666765497914
-0.051083635444233048,-0.057830447021972868
-0.03395637031171566,-0.049630541439143167
-0.019408143823723197,-0.049125712075278917
-0.010231606729015923,-0.057391944457744981
-0.0056439184165668586,-0.07426752541735604
-0.0062460018268744935,-0.096432240357587698
-0.0098618137261009542,-0.12267137810278837
-0.014120990961536121,-0.14959155192116655
-0.016332635682304548,-0.17335278329944961
-0.013975214028087695,-0.19021155860181604
-0.0051635485867598261,-0.19709088158487112
0.011541690189590547,-0.19078759643006163
0.034644667975971828,-0.17312360552806766
0.06397978521286507,-0.14437854993579732
0.095849086785946447,-0.1081260384990225
0.12689892513685949,-0.068408036133251623
0.15366792587487094,-0.029713203223134615
0.17306110453029266,0.0036735150535822402
0.18274918787535205,0.02829291648570487
0.18013894303471217,0.04256481447435588
0.16690714293367193,0.044674804791757318
0.14450698940985265,0.03765458008808481
0.1142035881996591,0.022560636626080773
0.078324081578271462,0.0029233617803029531
0.039393807824022506,-0.017076091241997528
-0.00012817183346058928,-0.033226004116596951
-0.038030936861267836,-0.041902806842319028
-0.071879452354374443,-0.040037238744953615
-0.1008026217838152,-0.027871648774752449
-0.12417933583934046,-0.0040565074904218203
-0.14031529618211536,0.027834511337347566
-0.14820375166311806,0.06448185213681018
-0.14700870795769092,0.10202165453329246
-0.13618590585606632,0.13657946034236942
-0.11567033956808402,0.16475473844526273
-0.087388071403957157,0.18417406514178097
-0.051011834076738698,0.19273298994133739
-0.0084879430235494761,0.19131960839996578
0.036249079969383466,0.17939698020338421
0.079043302260363824,0.15818105043689856
0.11537725204317344,0.12946348041865552
0.14094284769906165,0.095340603721113928
0.15228954067192402,0.057967627548320168
0.14762963330391485,0.019927631380980724
0.1265937165615805,-0.018043275106432232
0.091632023280283803,-0.053577172317949451
0.046765612466266204,-0.086133518034524348
-0.0021134711085624863,-0.11476040502801699
-0.048159122631643875,-0.13859494659071145
-0.084521185191899717,-0.15685528776865204
-0.10537475751130257,-0.16889077351426754
-0.10779151133731428,-0.17409630760298175
-0.089080799267230948,-0.17312759762005622
-0.051466149061787266,-0.16457582003498797
0.00068363305001162755,-0.15091416399371105
0.060440929973630875,-0.13375407363231484
0.11946237938770018,-0.11500234100649399
0.16921395114566415,-0.096660408345167328
0.20227607240388867,-0.080588513262053213
0.21407643832315371,-0.068825725908954874
0.20219857200591423,-0.061353862744246444
0.16650883904502667,-0.058739054667099104
0.11339618657527548,-0.060210882566583836
0.050615771155996955,-0.064614170715040789
-0.012565815428884426,-0.070416622358955946
-0.066769614818794398,-0.075957549100934427
-0.10393126112453309,-0.079712711604473338
-0.11797468150206723,-0.080347238290148823
-0.10781224575521346,-0.07760988208259148
-0.074138790421018369,-0.071241542053414292
-0.022644697507731577,-0.06211141956784428
0.038971571624208882,-0.05136623529116497
0.10165513331815594,-0.040417858353235026
0.15638962853686902,-0.030713513327132631
0.19555747356591016,-0.023513156577931779
0.21498051072724952,-0.01915341915994918
0.21113915384130461,-0.018480994296244446
0.18647004129724726,-0.02307720518540525
0.14481340427570769,-0.030902625035382211
0.092947293500412184,-0.040868504333314314
0.038934903544945547,-0.051713679173350853
-0.0091377545427319806,-0.0621778484875362
-0.044389385350555588,-0.071146290861273775
-0.060848934109099626,-0.076450276313520291
-0.058390232740626963,-0.079462860841473582
-0.039222492893358107,-0.079902057342195076
-0.0062484807134387766,-0.077592925519112274
0.034769422691737918,-0.072608358273534443
0.077096070461259714,-0.065022988528956618
0.11408271971885889,-0.054895984004431249
0.14015364835599656,-0.042302730509073454
0.15064227955926124,-0.026850432560305174
0.14533411575647351,-0.010178006057010717
0.1256779013534709,0.0089919757510988838
0.093972085548400641,0.028187632889404343
0.054445126826457267,0.046068042253154987
0.0119554953959886,0.061249138280396534
-0.028773501832753505,0.072455822994784785
-0.063813911444295712,0.078682360051932146
-0.089935605941849767,0.079151036790370083
-0.10635600111276484,0.07388851413948451
-0.11494445329496084,0.064102741414225922
-0.11555643427547915,0.05015560120215929
-0.1100967515288422,0.033383449225877583
-0.10080732504194405,0.015378005019921617
-0.089886654396224383,-0.0022234670267834255
-0.0792089429355608,-0.017963634287300016
-0.070734592468803412,-0.030584956236848961
-0.064708693123316077,-0.040024671029354801
-0.061010637360216412,-0.045556642617128308
-0.060553486954921222,-0.048499612873710379
-0.063624333580716633,-0.050035912435354324
-0.070507791806345393,-0.051562112598550591
-0.081457984243831799,-0.054453967421614111
-0.096574120228031482,-0.059839313266205556
-0.11468220513764131,-0.068228848409058851
-0.13599329796795456,-0.080123639234564378
-0.1606158844538752,-0.094814466502879391
-0.18485722624590131,-0.11159841839623798
-0.20567467131457037,-0.12917875486077354
-0.21969664137968367,-0.14602686331494732
-0.22368392010476135,-0.16058580199361008
-0.21506922929611136,-0.17146910727901016
-0.19155765867740515,-0.17669879282816134
-0.15489723286161186,-0.17729465423116153
-0.10673091044513021,-0.17220548677395334
-0.051171479710561407,-0.16249717195689412
0.0065526953753504034,-0.14894109882370501
0.060539176742963483,-0.1324351117454953
0.10499530551502247,-0.1138871591291761
0.13506240567930747,-0.094137884273193223
0.14625140620870372,-0.073744994349839763
0.1398834235478231,-0.053716348486232038
0.11584379663012255,-0.034376392268142243
0.078967431251007289,-0.01656869415163445
0.034757153166867533,-0.00095107942537835284
-0.01047792290500809,0.011831194881491976
-0.050522159837957159,0.021191900470701359
-0.080124721492021947,0.026680307662412545
-0.095894862542960688,0.029371242428566618
-0.096272281219944522,0.027524398509039878
-0.08130962174356865,0.021079269252290929
-0.054454147989133388,0.011434401807784933
-0.020122867700071725,-0.00014118875363788706
0.016439591135145763,-0.012080865859221836
0.049930398374399304,-0.02272434698985986
0.075708284024202238,-0.030569482333143164
0.089432853719935951,-0.035829101277903341
0.090516215906246505,-0.036099221214603884
0.079366396522675658,-0.031685459507311595
0.05672736014330098,-0.023814502126962355
0.025011929774110871,-0.01431273607633919
-0.012685331217894639,-0.0055434147803602087
-0.053029447582081848,-3.299016929381661e-05
-0.092822531389335675,-2.6959687506380118e-05
-0.12908235361742937,-0.0072345671827951782
-0.16014258259554645,-0.021998622032477828
-0.18298482347172534,-0.042759644809624339
-0.19748277531068165,-0.068057581314641388
-0.20291499390772011,-0.094835356034110321
-0.19880120666524498,-0.11942146990778338
-0.18489166624413003,-0.13810543068049871
-0.16124758670171777,-0.14777160465919889
-0.12820670935666603,-0.1466688740006202
-0.087648762341936748,-0.13461170939432765
-0.039692810133120607,-0.11131871237045439
0.011385414088335878,-0.081448791684537766
0.061993855269640234,-0.049606621113583278
0.10823249550229075,-0.020968320635912925
0.14631357197000322,-0.00048011766291284252
0.17304115266081516,0.0079475623286380734
0.18646034522730984,0.0023056156427596372
0.1858727581409029,-0.017918275298190449
0.17093863272735432,-0.049691923873350294
0.14521621205077126,-0.089402105275749905
0.11263296949516269,-0.13134604978719752
0.077914189783108115,-0.16907694394104311
0.045948887613968765,-0.19633640880507017
0.021112799060639096,-0.20798808367618549
0.0064667493097617457,-0.20025079477299512
0.0037722547393622724,-0.17313389214379993
0.013602415620805441,-0.12859477348693776
0.03339379281167109,-0.070646798867243593
0.059687198381766518,-0.0052602827787748725
0.088110058958602577,0.060650473199812517
0.1140428091225159,0.12018117030556225
0.13330834918175438,0.16737149058463269
0.14370441257141994,0.19816405259140218
0.14232346587696224,0.21018509597004179
0.12859057243001007,0.20408109069573552
0.10470757513294231,0.18217605181543844
0.073679740987186201,0.14871484279912994
0.039372148244594,0.10897953970947113
0.0058993047798454297,0.068487831144315267
-0.022996961558612909,0.032215559942769471
-0.044298421299912939,0.0052575569883101352
-0.057047934021947862,-0.01225625635774967
-0.059818254450273022,-0.019350436033606415
-0.054938816758396021,-0.017448241622182826
-0.044808313774163284,-0.0088807461984150311
-0.032353633988304986,0.0034438893029701129
-0.020507637822590651,0.016572440575309523
-0.011719907520062295,0.027962279076218899
-0.0088755828166052434,0.036719811347183565
-0.010778557630159136,0.040131217395928516
-0.015813755191208423,0.03948992345202694
-0.023460784079325819,0.034134933105981237
-0.031747029216206001,0.024863697637253861
-0.038567479532390224,0.012771680508142699
-0.042083471503632321,-0.00097187424454642474
-0.041058610798896195,-0.015297305961871899
-0.035633713347655395,-0.029518614920134491
-0.024988083886562869,-0.042757245460154553
-0.012286829271421907,-0.054319616558875468
0.0021544496357217106,-0.064041321746420202
0.016307853030962865,-0.071615724555164961
0.028030191008057537,-0.076734917093097946
0.035376567777219786,-0.079093620753330193
0.036879271529621435,-0.078444447115062113
0.033048740430979433,-0.074135398697192878
0.021923633547248019,-0.067625575373124927
0.0042536061775691686,-0.057543696329333351
-0.018414545693587008,-0.046350261105015507
-0.044125176559117851,-0.035445516523564223
-0.070558976411394303,-0.0263273060246796
-0.09529945997866178,-0.020422746972394115
-0.11609934778576868,-0.018915278286983216
-0.13092759802947221,-0.023520014340862264
-0.13849083628131692,-0.032649910650251732
-0.13941744224431984,-0.047991014258681998
-0.1326975865755661,-0.067161572825834667
-0.11887518902471163,-0.088791925002583608
-0.099007517401066253,-0.11139519501259967
-0.074499453665377718,-0.13351574148025411
-0.046912512221686027,-0.1538359278974985
-0.017222180029834114,-0.1725298299518063
0.01229773882424225,-0.18659844095865652
0.040940439495446512,-0.19579663631877059
0.06770388107783866,-0.19922771952178558
0.092126234988425218,-0.19646388212735108
0.11402228794240789,-0.18739237716517157
0.1333534772359696,-0.17224969481114658
0.15007375997531303,-0.15165261932871352
0.16454051806830128,-0.12754222912274238
0.17537227381451093,-0.099816733988552092
0.18217774225554961,-0.070636367977852402
0.18370575126388045,-0.041685781623233345
0.17884161979920399,-0.015023849287763893
0.16662622858686177,0.0072822191811281189
0.14647965384379252,0.023384881960522224
0.11840483286948238,0.031903139962990393
0.083688741731886646,0.033077168574311887
0.042918470307296071,0.025579167341382967
-0.0013086581708495781,0.010940118113184939
-0.046448739491639322,-0.0091380729940776159
-0.089407735297506424,-0.031961015715910666
-0.12704697885554617,-0.054308801393296503
-0.15654234335731396,-0.07282247883776892
-0.17573283568288317,-0.084443504802413402
-0.18210935675552242,-0.086284291708459318
-0.17754485842490897,-0.078135606187340612
-0.16314227215494934,-0.059151189845086119
-0.1409269794286494,-0.031343966711936892
-0.11379620862805753,0.0027802238923304592
-0.084973358714338823,0.040022524414179292
-0.05761726918761919,0.076945217095640173
-0.034456998745284753,0.11035368237746657
-0.017687832647896723,0.13643299752289031
-0.0084441726517344422,0.15561756669638191
-0.0056611566028031846,0.16755229379367165
-0.0097222697849962732,0.17286190359014472
-0.019379833075802821,0.17313939959672803
-0.032911425134782103,0.17040831507772328
-0.048384521073232364,0.16672121648813326
-0.063913664361503406,0.1637799542303276
-0.078058713830309864,0.16319802587817228
-0.089371299785641845,0.16392995905028912
-0.096878043857959825,0.16729243188087839
-0.10049025818408217,0.17047924346281909
-0.10034218708802722,0.17167455479343896
-0.096881091867738744,0.16910316900282818
-0.090767024844365246,0.16134546471964628
-0.082788223919458781,0.14756547953742785
-0.073988567106233818,0.12891784033050066
-0.064545120297386363,0.1036107900187082
-0.057191638749501582,0.074242653780759754
-0.051322041540038429,0.041086150786307951
-0.047689141918997667,0.0056774364684422755
-0.047080530329519511,-0.030263590856353651
-0.050232263319001984,-0.064975443601732893
-0.057691251198157496,-0.096769091811962929
-0.070949737081865055,-0.12429223507153392
-0.087495815208339447,-0.14585575142650029
-0.10741695548314577,-0.16063369312326961
-0.12843593969036682,-0.16752721257259184
-0.14847169387345102,-0.16592699482082876
-0.16530663507786225,-0.15557921278585501
-0.17685273953793093,-0.13664437874524926
-0.18142105966388977,-0.1097542507008607
-0.17739639207971433,-0.07734965784331925
-0.1658010510669258,-0.039259306325819546
-0.14531816547063028,0.0029049928941229717
-0.11885605154756158,0.046075659118268372
-0.088525809584438828,0.087418089168826901
-0.056668319399141596,0.12398550408371298
-0.025581741768574643,0.15297898341447874
0.0027122161523626979,0.17202714969267754
0.027561022633530979,0.17963411582595434
0.046409089775651238,0.17503614481916741
0.059159983401380269,0.15722754573194342
0.065484359298897399,0.12853375801865349
0.065730375178380013,0.091234073629792897
0.060652384787267949,0.048244596701122196
0.051315514653103023,0.002805132484526407
0.039005196928780725,-0.041862264008810428
0.024221763566103234,-0.084175887244674813
0.0097227519233450133,-0.1194151673718315
-0.0023864051506314972,-0.14810573467069224
-0.011233831686071082,-0.16797641539595223
-0.015599545954203774,-0.17903153812181888
-0.014563585482435172,-0.18213285821701536
-0.007598155779248477,-0.17875129042435445
0.0053509536255111961,-0.17063374332380249
0.024364614570840368,-0.1588882869839241
0.04737308625794396,-0.1453336574664674
0.073713172445169575,-0.13178060843203213
0.10075118189729899,-0.1171281379917435
0.12623073168858337,-0.10057768986506922
0.14792370307059549,-0.080957770195905471
0.16383371059874785,-0.057079523752305732
0.17237170280371986,-0.028131981384747831
0.17155744452560795,0.0068854124129812634
0.16219909958249029,0.045309293408229756
0.14505693151187016,0.086596491566298603
0.1202879284050931,0.12665473773364713
0.089029471209551556,0.16182265355681641
0.052749985086234484,0.18844695593853311
0.013164370410797949,0.20343812968652086
-0.027832137703652841,0.20478921250925353
-0.066914074074187424,0.19141497706013408
-0.10441036414603584,0.16514498207137468
-0.13614094681912289,0.12943377940497153
-0.16159733468530985,0.087830143258475837
-0.17893602811819947,0.045285148235316368
-0.18640980313648475,0.0069700612628644555
-0.18259644674301748,-0.022402650788874288
-0.16669394410973232,-0.039211909300601283
-0.13975474428181453,-0.040122523174950971
-0.10157822462585836,-0.026544289945366346
-0.055185065037200436,-0.0017282389909265932
-0.0041090657160378552,0.032388868023151274
0.046892368221838295,0.071441851683943264
0.092511229578995297,0.11051385582305887
0.1275579799924241,0.14476751315006661
0.14771978974837255,0.17003463989086262
0.15121263451520275,0.18272582155076605
0.13610859086892926,0.18190607575355688
0.10421570350692537,0.16811756706850892
0.059934168855205527,0.14200809355250033
0.0094601340464066201,0.10585448896788829
-0.039830975710334962,0.062647723919969339
-0.080439018176944169,0.015711758455648782
-0.10589009066001857,-0.031638770302813188
-0.11235556943531928,-0.076915218643508018
-0.097406136714428923,-0.11707095756978825
-0.063151269080482048,-0.1483148401211169
-0.014213511793829785,-0.1705186014143209
0.042041592984093899,-0.1827342722283509
0.096747125631026887,-0.18445547793219366
0.14088002451502016,-0.17562840170592553
0.16668693103088644,-0.15671618983769128
0.16988732788476571,-0.12935435451715596
0.14772379623001961,-0.094407437832114569
0.10068763976491787,-0.054775807663348337
0.035969316135274897,-0.013440456979610011
-0.0376650627105748,0.025859598812319678
-0.10986412544221484,0.059129999695034581
-0.17025149113297777,0.082565407091490309
-0.21001462933547668,0.093064189477900572
-0.22345642722293385,0.088175476572338207
-0.20844664188713258,0.06890773652473059
-0.16641993998651342,0.034910232239011352
-0.10405695466890875,-0.0089415537301640452
-0.030442347094760069,-0.057714068577131218
0.043758143823985511,-0.1057013265122952
0.10791209521352479,-0.14714402192121526
0.15301695827617404,-0.17698108347747929
0.17173257229680852,-0.19022329704718605
0.16354502323825515,-0.18711570359133708
0.13134594138763694,-0.16741849240576581
0.07971759759405958,-0.13371780870589592
0.016868398843515989,-0.089942640375694827
-0.047611343937817484,-0.040961422971726731
-0.10424000072322892,0.0081063521389445319
-0.14506991182769513,0.052568983995114706
-0.16389947375285624,0.089656839180982412
-0.15994431542524695,0.11603777129756764
-0.13588828412687978,0.12930057855203542
-0.095396600327463388,0.13153358367119855
-0.045259978373602697,0.12471813665879472
0.0066646906396764342,0.11159491370650466
0.052682294614929362,0.095186393491334301
0.086384008542898932,0.078353825281960027
0.10220082741389881,0.064750888310581997
0.10029548153588697,0.053819353120560527
0.082160512015541115,0.047431768561576257
0.050484623538709965,0.045006737299721537
0.010021150731610789,0.046129295581915614
-0.033790012532904271,0.050208336050788352
-0.075637700211144285,0.056637217915803367
-0.11101425390103399,0.064867139982077868
-0.13795544032160775,0.074942899323319795
-0.15229175828677197,0.085124166311334029
-0.15502893739030038,0.096036382535409262
-0.14555992306736329,0.10552103470666085
-0.12511134451351882,0.1121335546692238
-0.095503180114994507,0.11431132679816204
-0.058873766031095488,0.11054674324755968
-0.017490302303334739,0.099617815406726373
0.026525725347601763,0.080281000254890281
0.070113952503047347,0.053650260713780915
0.11267966921717207,0.019811178361044995
0.1501916929799158,-0.018696669158143674
0.17995587512820863,-0.059212190712801607
0.19949000240104803,-0.098685602574182352
0.20676715018525499,-0.13404877158707137
0.20050202860144908,-0.16261254329327721
0.18098806475152099,-0.18335581806829129
0.14864481791269629,-0.19433075992897458
0.10460948983454021,-0.19412730461227506
0.053488712701493316,-0.18550140610136975
-3.2684117583837809e-05,-0.17085252648959481
-0.050715763643364435,-0.15317159225628488
-0.093338375250036965,-0.13561300492065381
-0.12331107671831339,-0.12105318107673332
-0.13854745755974085,-0.11114531376565555
-0.13560212120042128,-0.10783096100265928
-0.11359382901632976,-0.11195273547249518
-0.075550314613857639,-0.12203130330793094
-0.025293958750882046,-0.13624436816432398
0.032111812540337452,-0.15217943655745139
0.091004782758977387,-0.16721321306446921
0.14583514464567862,-0.17890156277666575
0.19165647482968409,-0.18439390062913938
0.22551318494673739,-0.18378609973826457
0.24484567530200149,-0.17738738271354856
0.25030320479796397,-0.165179902474822
0.24350401161339535,-0.14832672919329035
0.22718466621476069,-0.12837051087487455
0.20466254620044705,-0.10695015876065565
0.17926040988756017,-0.085529943487509474
0.15508599118588656,-0.063888606384634214
0.13173156342342987,-0.044424028389434274
0.11154678087585836,-0.027698013033057346
0.093141103340710199,-0.012747029774523643
0.075407895073954415,0.0012236450119447555
0.057000401071268345,0.015181342850467853
0.036757699750201718,0.030023870878728303
0.014071506935562457,0.046351167623053836
-0.011058525263024343,0.065215830640569725
-0.037230253964668593,0.084918492238344578
-0.062913828259032412,0.10385684913004503
-0.085547825856848003,0.12114025553595942
-0.10262820319482935,0.13511198635682481
-0.11192184607608063,0.1441414252254935
-0.11182605341072668,0.14686835899523196
-0.10162916766510603,0.1424170804908029
-0.081077415658722229,0.12924894189120217
-0.051892383174826515,0.10940594907943353
-0.017862652734067314,0.085549245718912481
0.01982282125787552,0.057911202833565212
0.058427215667861597,0.028293771861628101
0.095247319021199511,-0.0014436611783572803
0.12785792456434364,-0.029596357546020628
0.15428576928242074,-0.054791069593094974
0.17402591959403521,-0.077029472117446596
0.18444748941977895,-0.094745339457777938
0.1866085405111054,-0.10686707830687912
0.17938654118598182,-0.11481889414329119
0.16306026299305296,-0.11940305071968088
0.13835401818812143,-0.12158077190393285
0.10640771642104754,-0.1223371343459318
0.068745606200759632,-0.12257567400710934
0.028535483046573353,-0.12360816754226263
-0.013647483725505689,-0.12558178046339419
-0.056976311448548797,-0.12722471257214807
-0.097567924895282945,-0.13026429145529156
-0.13283347495527248,-0.13497954543644772
-0.16038921707814796,-0.14147270035754936
-0.17828679312627249,-0.14963497847961679
-0.18523930184258111,-0.15910837953947771
-0.18136772265151138,-0.17017992771847168
-0.16591345110529107,-0.18065844832744057
-0.1422924441885324,-0.18874064827745665
-0.11138225640013617,-0.19358870759017113
-0.076176099559936983,-0.19378040181603071
-0.040208404779604939,-0.18801660657663335
-0.0071707212348083582,-0.17528958751370596
0.01953145467536899,-0.15504545361467414
0.036289352733594238,-0.12638781810111163
0.042885873775481045,-0.091261698614689704
0.039117327033888767,-0.05160729713007875
0.02589552887517926,-0.0087652914650391094
0.0054211610175619266,0.03501766586630136
-0.019342965532832965,0.07735532559898213
-0.045126321488613445,0.11595110178673317
-0.068846352165213842,0.14881474659418317
-0.087138273687031059,0.17499361414593678
-0.10017815952919774,0.19301686924712172
-0.1067451970327641,0.20143518165919055
-0.10841040852351125,0.20161848139784969
-0.10699064670191023,0.19453973612660597
-0.10472016541998355,0.18156086454018025
-0.10381194471238454,0.16428231210776975
-0.10604184479407543,0.14440435962002895
-0.11186926617369697,0.12491148514169638
-0.12180214618060185,0.10519076648403061
-0.13663947444567337,0.087676188519333842
-0.15321644938422849,0.072853070532108641
-0.16914113341116377,0.061682447229156993
-0.18187276960924023,0.055017207487156432
-0.18909883137514874,0.053520742078791518
-0.18905281703185681,0.057539017155309971
-0.18091369615635253,0.065652885727833801
-0.16417306649543062,0.078847630852605891
-0.13977138419930535,0.096753836574455104
-0.10880106641282727,0.11631901758900838
-0.073034382138609119,0.13480941089457341
-0.034516206894302008,0.14915751797174664
0.0046483090335446529,0.15634856182629048
0.042466579351411828,0.15386893161538548
0.076618939574137068,0.1388485968908747
0.10606136967134573,0.11259418821681788
0.13129087580371182,0.077852383811264692
0.14992441706491524,0.035863452108861105
0.1611361169923079,-0.0097023131802284127
0.16437539156026079,-0.054492386702826252
0.15939654376548432,-0.094069078915723414
0.14630189452897346,-0.12456324157549528
0.12688795443557266,-0.14383373185387541
0.1001334166235873,-0.15024718793368935
0.06740332877025064,-0.14338680179796859
0.030614218144265792,-0.12680374026542829
-0.0080526443032089608,-0.10452650137409225
-0.046107480403226313,-0.081373141969260487
-0.080969132209904038,-0.062196012833385994
-0.11023443495517338,-0.051104779425187249
-0.13325998795430322,-0.050978120460866382
-0.14698731574061855,-0.061912500116470093
-0.15055548999957336,-0.084490670689478645
-0.14513355502844411,-0.11405021573084489
-0.13231304277120234,-0.14586258386547238
-0.11444706971487405,-0.17454650591004564
-0.094302583293315381,-0.19487254367093146
-0.07463137246222161,-0.20253550614490737
-0.058655377178408692,-0.19533360131895425
-0.046702981825668163,-0.17126577353890415
-0.03805784537457884,-0.13289885461513576
-0.032991322530989173,-0.082118907136903244
-0.029919118326644581,-0.023208934511349897
-0.026657522039543712,0.03867739348722548
-0.020888146246041923,0.098216048084640073
-0.010678466642085578,0.15060574845548078
0.004480559492359714,0.19196574472072792
0.024870028448128835,0.22057220653479287
0.05065557023841203,0.23508394703122851
0.077589031964291871,0.23718283004470164
0.10182013931527707,0.22920197250465169
0.11917577848662288,0.2142084227939294
0.1258425021974138,0.19547485644203624
0.1190453460690724,0.17598371643043115
0.096311789434268338,0.15748217264598932
0.060615416725466123,0.14253648415880854
0.013735934634440615,0.13020421523683706
-0.039032390982888306,0.12119582759385052
-0.091870562302962686,0.11458835894898345
-0.1386332888107572,0.10904529577476889
-0.17366398807352224,0.10315188652263743
-0.19254771556425984,0.095733131719313747
-0.19324668974989528,0.086657894035383737
-0.17413760946409496,0.074693621719025688
-0.13831104400088859,0.061796247182560535
-0.088255704599273024,0.047957337513728021
-0.028876898038967088,0.034532347357420994
0.034076263377185091,0.023078911429671951
0.094742795454266074,0.015079357775013753
0.14786046195553659,0.011667474223697511
0.18954113511729276,0.014332797483877221
0.21669660546489494,0.021306679706491818
0.22987708815601224,0.032652173006459874
0.22887815887330504,0.046149021269159679
0.21584515586766204,0.059828132900491188
0.19393271288948871,0.071711903484452139
0.16680406201024259,0.080110083034405435
0.13812432338496902,0.083868302678116971
0.1120492167822853,0.081604446050280485
0.089431236301689643,0.074626020664323708
0.072771113105385643,0.065534359733646991
0.062000952461732241,0.054400273296994921
0.05694161729197484,0.042856577904718876
0.056977268797396528,0.032553803388349331
0.061286991654428573,0.024918160772942583
0.069028633099336573,0.020951581975391893
0.078146783535226097,0.020546712063677152
0.090067425466017217,0.02485401963769825
0.10369997391750972,0.031297594819705274
0.11872556365445368,0.04031626933682135
0.13437634364627959,0.050668022416583532
0.14956066138739549,0.060877576481206869
0.16290356866855712,0.069410973290928407
0.17289355194975145,0.074849658228230462
0.17792757244496055,0.075855473800468282
0.17742309475288398,0.072371230585938917
0.17013496365763839,0.062242207830141165
0.15704934509660573,0.047108588195681207
0.13934923941386526,0.027644382851615041
0.11883294075178832,0.004761414953925334
0.097646650446469377,-0.020471243950672638
0.077928053346488613,-0.046882821456893951
0.062721373928796731,-0.073044779210833993
0.050597047123838848,-0.097756366143064266
0.043645847344380005,-0.12039123693080533
0.039326966699656234,-0.13893063078937581
0.03573871334058188,-0.15195096853945331
0.030678177159853812,-0.15817350657919799
0.022071649237333187,-0.15659777262962377
0.0084044112655786932,-0.14664700062742517
-0.011482218015472839,-0.1292291852083885
-0.035770030260959741,-0.10347623911483987
-0.064665113909431568,-0.071131928456832472
-0.093941687810238941,-0.033864115159637054
-0.1201437876791106,0.0058746524091895088
-0.13978286158603048,0.045242311179761019
-0.14984511529476902,0.081300636067133183
-0.14823142984084828,0.11135513595258786
-0.13313689363237977,0.13347720755420886
-0.10616783548026598,0.14630985293271104
-0.070193762226897771,0.14890405890318414
-0.027033293658837519,0.14274348983940938
0.019901235051730141,0.12969128666129359
0.066930781116314605,0.11227045941293748
0.11050368822936249,0.093289031098251499
0.14752699774956574,0.075422619691031631
0.17503955459777276,0.061747082903220424
0.19248562108650136,0.052198319082545075
0.1981974754791376,0.0470048715460262
0.19278906685831818,0.045625114260979149
0.17683750077640625,0.046584227638051361
0.15130136174689551,0.047972671923366621
0.11743678794391753,0.047830958356680997
0.076780706733374199,0.044539580796830278
0.032487226323022776,0.037702943220744703
-0.014792335082634375,0.026566807675705201
-0.063945926883846024,0.011327591685551123
-0.11051458788241349,-0.0057242897605706191
-0.15103219665459913,-0.022256875743494081
-0.18201636019607786,-0.035707476296146679
-0.20036756369718775,-0.043695652479737737
-0.20382861626097534,-0.044415181890915326
-0.19013124675604789,-0.037498545055045851
-0.16176476278128313,-0.022401712603596621
-0.12169266808792445,0.00032287970864121638
-0.073485985377489085,0.027914510886440601
-0.022488734486780064,0.057477963034671405
0.025345656039504661,0.085804303859183625
0.064216202595417049,0.10978550515013288
0.089281848265034672,0.12680596777451425
0.09646069601207144,0.1344996834059313
0.086184663957454097,0.13261209598071488
0.06001806883217016,0.12255215568143926
0.021585511045608425,0.10447416951527183
-0.02358015521608562,0.080195373553012178
-0.068995878291298537,0.051990995224692839
-0.10815675297261691,0.022275814032091199
-0.13547740327887614,-0.0067054021083553838
-0.14802680351240882,-0.032206384575311407
-0.14309093973841255,-0.054132746372030707
-0.12047030575706209,-0.073011964156191184
-0.084403970967696362,-0.08786106376812923
-0.040071862528921719,-0.099050151068511325
0.0062483722530291101,-0.10720165588053178
0.048085822171789076,-0.11300222525506831
0.079674287976648356,-0.11703663948321889
0.095782684055866096,-0.12097048831260976
0.095952820580726225,-0.12270463686856685
0.078080932689618979,-0.12309906924300645
0.045664779339795812,-0.12109785169845032
0.0024155381009874446,-0.11630398927596806
-0.047068567448066014,-0.10855758023469084
-0.097969290676534301,-0.098004999459312347
-0.14584957575580088,-0.085086126130018883
-0.18766086608824267,-0.070629010455383598
-0.21995810451872699,-0.054984441150118982
-0.24171441734956015,-0.039038860600926789
-0.25230164367341218,-0.022925048487233816
-0.25212097765568015,-0.0066906166722919486
-0.24214679997783151,0.0098541412961447254
-0.22366288556045555,0.027016133979706421
-0.19805618023701008,0.045033125944719116
-0.16762338294512821,0.064787987914433215
-0.1326765391311184,0.084264693491565734
-0.092915799527194184,0.10279479977155502
-0.05116089287531745,0.11843001109828404
-0.0090818699584518017,0.12909186079764826
0.031515504586304754,0.13267886875016666
0.068768813802708398,0.12742921757348613
0.10090544241895737,0.11229434436742568
0.12773500116553752,0.086328326560917448
0.14642922382177304,0.052485732154876417
0.15613530043356522,0.011779189977626931
0.15784905358351903,-0.031102773155870626
0.15287640723046692,-0.071812686260998973
0.14325448337317168,-0.10593971070571841
0.13148313750435242,-0.12956587828108149
0.12015861422566974,-0.13977391800048469
0.11026966950489221,-0.13521686995283189
0.10512648403019943,-0.11572553524189426
0.10640444918031672,-0.08272411634618114
0.11268092962433054,-0.039442375305301071
0.12237162037735128,0.010056763326006685
0.13307780521876839,0.061177188809790166
0.14202386133283915,0.10931305246212154
0.14658820510992282,0.15033733243759809
0.14502126189313538,0.17969566298691603
0.13640758955946611,0.19696290196732541
0.12058116441906505,0.2022572466080142
0.1001269492179222,0.19484243492359365
0.078196989141692166,0.17582432057255659
0.058568237892835925,0.14699964642048519
0.044988770279032128,0.11062150037284744
0.040475156135546059,0.069193808853895533
0.047239277423168503,0.026244883599890405
0.063840136335739719,-0.017250660706832538
0.090055352965755814,-0.057818667154665729
0.12042898008214283,-0.093743007491655983
0.14962580859602537,-0.12279725811474598
0.17191901493055917,-0.14288799302986993
0.1820868897950583,-0.15222621371198802
0.17628073399863628,-0.14957004588887474
0.15142570414142034,-0.13394214988419662
0.10981265828524532,-0.10666524028398239
0.0562188755867827,-0.070253298062142894
-0.0053490306125994255,-0.027146912176142391
-0.068136572231309145,0.01869533994122027
-0.12483899552028628,0.062745309565981677
-0.1686046645170621,0.10045125675627421
-0.19398978701026792,0.12786284376502868
-0.19827569017788801,0.1431623163713448
-0.17963678478385492,0.14403100745489464
-0.14149649639682474,0.13074870241515474
-0.087183268614164838,0.10667353793636067
-0.022839540598802364,0.07624159968787142
0.044324434823807761,0.044910927639657414
0.10697196265034148,0.018352650864790997
0.15856256405128738,0.0015676795635372054
0.19319642993690511,-0.0032272003553590494
0.20973505552957553,0.0070927077054335624
0.2061398766343735,0.032577997668492634
0.18514565383246948,0.068930806112444384
0.15020736221608941,0.11081392878100858
0.1058174580785196,0.15169530167678899
0.056848168114257656,0.18482971442009349
0.0079518783004884682,0.20429872868070062
-0.037083862538048275,0.20649990335726828
-0.0746426440085496,0.18927720893339231
-0.10404541705520902,0.15197119971494596
-0.12316623586354236,0.099703851285629128
-0.13164909612209999,0.038389886111378099
-0.12978776340242076,-0.024848234886026537
-0.11833564966354837,-0.082746580612523823
-0.098361528885423294,-0.12898221759565923
-0.072098746941124073,-0.16002903432018223
-0.039449965512502946,-0.17243119050234379
-0.0031201349652313646,-0.16739274442167143
0.035575268702519459,-0.14794287910530687
0.074399215904191768,-0.11934132651826919
0.11082278173199096,-0.088008679912735921
0.14221414571423194,-0.060460356183838077
0.16612867571424464,-0.042228880196385703
0.18047041610855633,-0.037874354331905218
0.18479757446255793,-0.047391160969698518
0.17789437517418505,-0.068100553042037271
0.16218517575733599,-0.096982501733414633
0.1402535384046012,-0.12832925903037656
0.115463303280816,-0.1556090924510608
0.091506650452592916,-0.17254946014096534
0.071871732208305783,-0.17419160852785795
0.058758884204984541,-0.15681892514774384
0.054192346070051599,-0.12146058626555534
0.06001516438034251,-0.071896404882989623
0.073450176483914567,-0.012228151196227723
0.091763762116950365,0.050847243771602955
0.11140891404314454,0.10993799204325247
0.12860243540517938,0.15803557034190613
0.13994610958933262,0.18952755911008798
0.14206339693760983,0.1996911862644164
0.13573900621046639,0.18982047851057368
0.11948992926451489,0.16133315851354926
0.096866141269130318,0.11880993003387692
0.071148146397099168,0.068198550667634
0.04610656237291913,0.016115594196288777
0.025397961991576682,-0.031068211095943394
0.011993932619767585,-0.068031701658782098
0.0090317961561579545,-0.090156806127977343
0.014884555570706167,-0.096682926049247178
0.029078119514828287,-0.089362621597963793
0.049104596639951495,-0.068531433329778166
0.07192679361576397,-0.036989439751399546
0.094289171434990646,0.0017967965562401302
0.11320944174594069,0.044175062390325093
0.1263851130028831,0.0866907273300878
0.13152899701619902,0.125771353305868
0.12956852767127267,0.15948777695592076
0.12172126251371725,0.18703033445894479
0.10877025398063908,0.20579660443080242
0.092438029156588483,0.21444144205098717
0.074532640191602495,0.21195003381317692
0.056704948922092692,0.19772700962628581
0.040300456145707216,0.17177141783897051
0.02761651422142675,0.13582727917500953
0.017774315450084142,0.090111677425710995
0.0097548763541924297,0.038541881306929121
0.0054358682648182333,-0.015523524363458819
0.0054665007876961531,-0.067207357613772709
0.01053092100185438,-0.11111940481421438
0.021212068105551488,-0.1420111660504165
0.037771056863255319,-0.15554858705142832
0.060443765303786624,-0.14889099103773451
0.087416304987741583,-0.12227136829629066
0.11594579870957658,-0.076641506636876883
0.14364010638068511,-0.01792895467706521
0.16688414783756908,0.046823600637207509
0.1818054942001637,0.10939406025099585
0.18483136990743082,0.16148948754925474
0.17331119933137448,0.19593730139389612
0.1455408161354779,0.20832746607334152
0.10347197107348288,0.19626800319861176
0.048606375586065759,0.15950265887432721
-0.013106088238068338,0.10418281902910806
-0.075276047368374843,0.037775516480963452
-0.13093388196748273,-0.030709072982198396
-0.17346712961184543,-0.092033144200830322
-0.19757036041270665,-0.13808950713945939
-0.1991315777558377,-0.16327624309647182
-0.17900783371960757,-0.16485705499740083
-0.13959976368693156,-0.14297358982169847
-0.085682544800176633,-0.10244993039492742
-0.02412393046968132,-0.050170180147919519
0.037213539227512069,0.0054573422373628165
0.090528513986344053,0.055799857883505249
0.12912114103165639,0.093300748088421981
0.14696444278191625,0.11313447253064764
0.1441975722774009,0.11226944269853584
0.11986657204421979,0.090228283038627288
0.078261333084235274,0.051680490111439575
0.024585905909036178,0.0026366998766779886
-0.034920663417889311,-0.049637013671671504
-0.093854656922760335,-0.097777267974643506
-0.14644478355396187,-0.13544016660560887
-0.18946207564782741,-0.15690682546519405
-0.21790402208842868,-0.16194637304454745
-0.23102976165206965,-0.15227781161706208
-0.22883102571140895,-0.12995133407136086
-0.21284330887761035,-0.099590150395584262
-0.18556919196786392,-0.066624326537178952
-0.15005910079129811,-0.036381867545034627
-0.1095363777984453,-0.013261218354879327
-0.068412948991335223,0.00081367597421873631
-0.027320464648209454,0.0031133790085939752
0.010258302151011853,-0.0040323705732769263
0.042947105300638194,-0.019322877151944529
0.0689954091097644,-0.039349835712163724
0.086819538203966817,-0.060145363514337719
0.095079093230042919,-0.07784816714806915
0.092847973193584774,-0.089306010316040352
0.079664366072180567,-0.0912259327196107
0.056740889593421391,-0.084589074850994497
0.024459895663100594,-0.071723465518270191
-0.01327257946246134,-0.05316724555654978
-0.052557064292759116,-0.031487834839133914
-0.088924258080156388,-0.0095442225295683473
-0.11783150644821024,0.0099511314850424613
-0.13524063570467157,0.024796148844441486
-0.1391159069163044,0.034834682056370629
-0.12702904654570452,0.037123354364561878
-0.097773000970983737,0.033334112231160735
-0.055052023691180584,0.023060597501454776
-0.0029098586780418705,0.0073863999892674129
0.053487199099835854,-0.012249939305013216
0.10854131541172442,-0.034272844507382806
0.15698807756083952,-0.057162564887426798
0.19554459595832785,-0.079041845703871003
0.22048705317260012,-0.09954854932419506
0.23005786037772313,-0.11860144722280923
0.22657054726815784,-0.13512012334424364
0.21312899143875785,-0.14876671748265685
0.19399849103261216,-0.15933620189049202
0.17387830903428048,-0.16671690590419186
0.15712045852639148,-0.17087584016448645
0.14609450103408159,-0.17205604677383374
0.14352980359145223,-0.17045805361443209
0.15093092430848148,-0.16518628767884308
0.16497791734181677,-0.15784491206081205
0.18221749362865702,-0.14927780861866868
0.19839199224796833,-0.14044300055902695
0.2092024958885057,-0.13233574559280203
0.2110830662250664,-0.12589403043516142
0.20204404316013597,-0.12060021216121301
0.18126006022165092,-0.1190632367657669
0.15113096909371287,-0.12100221007021987
0.11435661019664205,-0.12659097437919337
0.075509732903849006,-0.13533629324706523
0.03977809702686784,-0.14630787492933542
0.012135794456326251,-0.15825725113477088
-0.003480220694246001,-0.16979538061971508
-0.0054103121892442327,-0.18015716563129061
0.0074600395764821484,-0.18761302526185661
0.032081032692902765,-0.19088446867750761
0.064966596778448626,-0.19048356127641494
0.10057548649582138,-0.18690836041947151
0.13267039671069764,-0.18108593597180123
0.15526158206804525,-0.17417492572076193
0.16354605597891289,-0.16731672320043411
0.15599183722626939,-0.16008241349685884
0.1299227044642188,-0.15481123646853226
0.089115340512673669,-0.15129319550185139
0.037014826284103138,-0.14856611011848789
-0.020090560159547539,-0.14524066238201219
-0.074865073158030718,-0.13955734643551851
-0.1199855910637975,-0.12974076281102648
-0.14923307626302129,-0.11440877886956066
-0.15788941643814636,-0.092406696897729859
-0.14494435701203612,-0.065262933167247739
-0.11361242446309991,-0.033798310892383242
-0.066743136385057966,-0.0015186148853263365
-0.010669306164233165,0.027882437528409444
0.047012626264567668,0.050472207162171843
0.098565988744172939,0.062684150578646444
0.13726297442489449,0.061929272013332815
0.15819246136865817,0.04803916993698875
0.1600311601617572,0.019866395286357898
0.14186536876412709,-0.018024545412229073
0.1088743690140971,-0.062937697361037367
0.066978681582212013,-0.10954129996517359
0.023162539507220022,-0.15183387657336456
-0.015639203382888687,-0.1839747111325255
-0.043613774721233269,-0.20115326689072399
-0.057121176293696667,-0.19943254769950547
-0.054131665385377323,-0.17989400488261717
-0.037783982607484438,-0.14298511958457036
-0.010209802331735612,-0.094143071558751151
0.023382336509920568,-0.039599905678915324
0.056855026126249125,0.013546212769655177
0.08411082797524029,0.058323399206131978
0.10002422944008019,0.088864831323904034
0.10211969295758946,0.10215227107460995
0.087799375190097437,0.094820496767680951
0.058056109056698044,0.06994697270294703
0.016173290559825641,0.029475109914427838
-0.033140300300198676,-0.021347360161727176
-0.08429388002522599,-0.076037905258233354
-0.1316361566251664,-0.12781940480485782
-0.17024047400169992,-0.17058293303979194
-0.19746437835300529,-0.19916938764776376
-0.20974041854405928,-0.21236628172059971
-0.20855444260397318,-0.20813321404087096
-0.19449089788036922,-0.19011907950194065
-0.17049527020915092,-0.16236447967607745
-0.14041779950725178,-0.12988172886681015
-0.10838576715266714,-0.097844501788724461
-0.078178258693085631,-0.070817339628203649
-0.053626376750415934,-0.051956932973273431
-0.035275406593627864,-0.04348404000076872
-0.022345250739597623,-0.044662931949741184
-0.01491765924428347,-0.054711807039515947
-0.011242121501656689,-0.071133202630329892
-0.0090925452904914387,-0.090784095653736768
-0.0062559771712748348,-0.11043892753381969
-0.00099461332058363634,-0.12730583831563583
0.0074119019039307127,-0.13811841952230125
0.019440694220453959,-0.14389776659910802
0.032641936921123348,-0.1447756850494436
0.046135159187671332,-0.14163555430537322
0.05755560079470947,-0.13601943046211062
0.064395838843516878,-0.12958222364487526
0.064462808801979604,-0.12376381462731816
0.056300792121266242,-0.11955297808986344
0.038211751015724472,-0.11608001952820003
0.012965736016637927,-0.11568373977525735
-0.01741886607246879,-0.11583012294735293
-0.050084564078792138,-0.11741171040094583
-0.081500055674458116,-0.11982809524227811
-0.1081100534279653,-0.12241706658252063
-0.12679848556291382,-0.12456886958572418
-0.13527991470709416,-0.12580255943870802
-0.13329049108447971,-0.12598234794524163
-0.11921239883315339,-0.12446305396101719
-0.095125267144593031,-0.12197984555103022
-0.062391735438999243,-0.11786748730211466
-0.023687209637011156,-0.11208541831504427
0.017885387858623938,-0.10465857883769467
0.059148082910561554,-0.095688033420848612
0.097175110971710665,-0.085372802051643812
0.1282573406827989,-0.074592041079804564
0.15225419233345719,-0.063380785795951106
0.16973765026309337,-0.050679759677008385
0.17904896238858439,-0.038720175524732253
0.18040146613628605,-0.028517824516955344
0.17447051598120594,-0.021075143609452791
0.16227466142737274,-0.017279335135572234
0.14507279274344154,-0.017806432986110801
0.12373316746356398,-0.02211580560230544
0.10047802121084143,-0.031878335148219528
0.077598148668605982,-0.045846199528204831
0.056167646898698631,-0.064080883332272964
0.037788040240747063,-0.085669774724258477
0.023953571618131594,-0.10933892036331556
0.01593800247825131,-0.13356092442205592
0.014655893768490483,-0.15670210229255793
0.021817451546090483,-0.17700391274551716
0.035260029610020463,-0.19371305809254416
0.054079948858076952,-0.20453191052204886
0.07685186085882903,-0.21001014139841043
0.10154711240667996,-0.21016954619140796
0.12593130395304378,-0.20536434417112059
0.14781787010808484,-0.19617963429111782
0.16532782499251833,-0.18331308243771746
0.17656063269772104,-0.16801640317993419
0.181791796753075,-0.15033565954438038
0.18077388802985689,-0.12955817057274718
0.17459620469762899,-0.10703464788270323
0.16468416879356124,-0.083091145464615823
0.15276857743574102,-0.058017438928915178
0.14064633098972282,-0.032153840708953919
0.12995583629962262,-0.0059826247953422354
0.12181355445635264,0.019613670615640091
0.11705303929657515,0.043668937519005899
0.11727804137161436,0.066245258339428251
0.12132057532699288,0.084943666618516891
0.12857508219795433,0.098297860141155158
0.13818413476472838,0.10503397251876419
0.14913615434337155,0.1042554950915779
0.16033172097145534,0.095597810669958691
0.17154254810455713,0.079883830046396292
0.1804336188217279,0.056989274377740574
0.18465916983458427,0.029310856646567286
0.18397555808374313,-0.0018319742066137787
0.17731030507612336,-0.034183961252384341
0.16378753586091546,-0.065315098763289739
0.14286520768237593,-0.09285778864933604
0.11449148704394782,-0.11474670569779456
0.079063507986062626,-0.12998625663405916
0.038490291104747242,-0.13688982589435353
-0.0064777938344074658,-0.13516591712695042
-0.052034247557557284,-0.12558377755229158
-0.094916769720671146,-0.10940898138694298
-0.13180268431752704,-0.088416457327210624
-0.15967071832934793,-0.064659688501718257
-0.17615349678957842,-0.040213561031803055
-0.17890339755677209,-0.016370983326181265
-0.16901502636523147,0.0041501850741364858
-0.14748068689897434,0.022365165758624867
-0.11616674013300542,0.036437105979662057
-0.077929046931359214,0.046482389808156763
-0.036109876349329904,0.053167477393152363
0.0058152055265470485,0.057508381220103294
0.04457619419054934,0.060610945636826265
0.077946365955749219,0.064698012610139063
0.10339240512283443,0.067835184154444117
0.1179155056434551,0.072001292432247052
0.122457763944682,0.074962475149459279
0.11737146417033029,0.075506079319472688
0.10357607743829625,0.072399884600667291
0.082412906087177787,0.064670261465914758
0.055519350043926108,0.051850835598675066
0.024177728713645114,0.033599677479039372
-0.0084661825530288112,0.011802858331601182
-0.041730794300915038,-0.012248456381830758
-0.07241000863280285,-0.036135901298990157
-0.098386797634206477,-0.057446719581595758
-0.11785061988427799,-0.073912942660821185
-0.12944569298325861,-0.083720184421748806
-0.1324092824754915,-0.0857528862461579
-0.12686612276591497,-0.080296437576549848
-0.11279563599673792,-0.066903540564312608
-0.093458689609523471,-0.047826363679227636
-0.069422068167403719,-0.024360484750032139
-0.043111996355268203,0.0012030985264645576
-0.01730310667644281,0.026386125773392322
0.0051683522506243921,0.04878150911712572
0.021729538756871867,0.06628496157460792
0.029090231293389175,0.077830037494966586
0.028300563025400686,0.081213427600913338
0.018208402767499285,0.077409061182235089
0.00044363939415034741,0.065496145045230339
-0.023150863894314564,0.046116263352305578
-0.050209393488030177,0.020469012361013266
-0.078135306902570853,-0.0098070408012784979
-0.10439346511695198,-0.042779159804407413
-0.12620579250567929,-0.075818374196617064
-0.14314123666577466,-0.10778680909370181
-0.15218187643645567,-0.13640500958951693
-0.15435837005896577,-0.1602575070346523
-0.1498347008468455,-0.17800791518528697
-0.13907880809995274,-0.18863151165205042
-0.12276114934192224,-0.19145551385593956
-0.10170095137703451,-0.18619468093085201
-0.077790862904271355,-0.17353669909440311
-0.050551357265474869,-0.15299738366150867
-0.022283985848053176,-0.1264376582070495
0.0061264598472932008,-0.094560091814496441
0.032925212115870107,-0.059041585298276238
0.056148541022328448,-0.021891918817271469
0.073839265316670094,0.014687281947847896
0.084347886177011375,0.04848750227533373
0.085369472857000722,0.077314463838845993
0.078916379338503137,0.099907635351116034
0.065559173580243033,0.11492721475129514
0.047821990565274648,0.122206527778753
0.028863781064385998,0.12203185021280873
0.012266823444708223,0.11524876501928789
0.0015206480197874469,0.10311580318851325
-0.00053538245663135951,0.087114282951619673
0.0079675298262874856,0.068559780582294297
0.026597461540748116,0.048892495830465579
0.055158860177288167,0.029879189724673919
0.089495464708724465,0.011554186014821973
0.12525206239450568,-0.0058401414994175048
0.15754429767659797,-0.022319157356383162
0.18165899666587113,-0.038021407093539253
0.19375087921502102,-0.053058223975453629
0.19049998882120942,-0.067563657887060313
0.17284818338351776,-0.080757537375933941
0.14175859675065641,-0.092843400546150853
0.10068653177394422,-0.10231652643894831
0.054158596815599057,-0.10813528848365948
0.0073396827386645073,-0.10933483539147527
-0.034651341111831588,-0.10520452077583527
-0.067386527950575689,-0.095441886627875713
-0.088938942346006994,-0.079328912412114386
-0.095892458260643659,-0.059245300947594351
-0.087110301934856971,-0.035512877331760465
-0.064950174197260235,-0.010490376653687947
-0.032093456636287709,0.013932645196196181
0.0079586108612741142,0.03600431496846096
0.051362424136760856,0.054304022576931794
0.094382708073337568,0.067877168465812085
0.13468432488881646,0.076480779443696745
0.16809478094964778,0.07947636191007125
0.19382475130633542,0.079187272598779682
0.21024510433100113,0.074892199965937142
0.21711884877094559,0.067413575622694011
0.21491464048087114,0.057721192810977581
0.204634083166602,0.046835353423076098
0.18763011082256317,0.035743518469818263
0.16525824551581064,0.025523006178693027
0.1395931266585779,0.016826846687935566
0.11141497904826234,0.0095254875294338535
0.082895866122410275,0.0046896540188823069
0.05551735698981973,0.0026529995629843727
0.030609449565320013,0.0035469922579019196
0.0093486072227546742,0.0072792398172137878
-0.0072407095358486412,0.013513596147522846
-0.018105954850507439,0.022214080853975662
-0.022783090051803467,0.031857225217332932
-0.021014929816790307,0.040716413429996025
-0.012386051440547573,0.048177076171451075
0.0030153500923127997,0.053036911975695343
0.024716426316806976,0.054181377970457086
0.051804107951905994,0.05071913344456306
0.082894647979366798,0.042115988198468311
0.1152152911022655,0.027749814090104161
0.14839054864018017,0.0087691536915487263
0.17793808885762202,-0.013155645169835722
0.20280581731461303,-0.037149073355781347
0.220599950229136,-0.061464552910162784
0.22910166383429567,-0.084217194008195342
0.22653766498060648,-0.10358865856363135
0.21186774491743388,-0.11803184749928668
0.1859690497408337,-0.12514812264948355
0.14833116393255832,-0.12660517584195966
0.10221310098915805,-0.12148292861010782
0.050315679413652899,-0.11119810928405131
-0.0031716049548663949,-0.096942753551310823
-0.053542669183858228,-0.080072776151491568
-0.096125254791799591,-0.061956703840583424
-0.12689279424612052,-0.043864630431503494
-0.14211763733682195,-0.026723357652159795
-0.14180768813395178,-0.011579217691210167
-0.12785084862499274,4.3445448359593947e-05
-0.1018922687420277,0.0081044589820518896
-0.068011174694151202,0.012102907514446587
-0.03124001970209148,0.01164388655484631
0.003156754772681087,0.0064988598966530808
0.030461282876453895,-0.003291544639016577
0.046657164381232352,-0.016368908339337251
0.051363978707957163,-0.033184765412674511
0.043057154687895817,-0.052349696140509293
0.025617746200562272,-0.071735310761368035
0.0030822908847554144,-0.08895510090620988
-0.019736486771967762,-0.10143367333714547
-0.038040647335872986,-0.10676199110407086
-0.047823698642627976,-0.10310390673175941
-0.046694433372549637,-0.088658641498904414
-0.033680864076669405,-0.065190391630977604
-0.0097540966238751081,-0.034562090902377517
0.021952731619724213,0.00027620105421269489
0.057205774025164663,0.035251944616572987
0.091132010281909315,0.065851724839873671
0.11894102803187033,0.087733695556523078
0.13660665424646423,0.097365621505159303
0.14047869668985594,0.092772282174829773
0.13120801060934628,0.073328985062643098
0.10795000384927822,0.040327417543881458
0.073977432812374275,-0.0027372417256259179
0.032644152930956079,-0.051164640658477152
-0.012211629783280492,-0.099481195377181128
-0.056787604652923207,-0.14218355834243393
-0.097751545844826399,-0.17449610063409524
-0.13197642703768309,-0.19321203664603079
-0.15821023358503747,-0.19679689808049222
-0.17730114420304352,-0.18448045253957157
-0.18764902248387727,-0.15971287670221962
-0.18946219639446013,-0.12651688512238191
-0.18328263777656681,-0.0898006337356443
-0.16984813635709003,-0.054643661788787261
-0.15002153549856004,-0.02559380645173006
-0.12349374468085796,-0.0066357840835212364
-0.093758672403526172,0.0011144276354011233
-0.060725911452611921,-0.0024533434921437782
-0.027291545911477789,-0.016223775868877698
0.0044813813251968404,-0.037708575688520846
0.032577416077917427,-0.0636990856256969
0.055211798189285032,-0.090788841964446032
0.071033638858727016,-0.11586420155678759
0.078018828951539762,-0.13741612939645148
0.078285049332412884,-0.15253729229251375
0.072200118935970031,-0.16058101360373972
0.061707131264030823,-0.16199804713070701
0.049024935600752474,-0.1577840666556517
0.036555161645598057,-0.14938211031958248
0.026572492083968696,-0.13837639133001034
0.020928861260313042,-0.12621711336421282
0.019517639738279972,-0.11531618224138852
0.024678750646650597,-0.10451492713565892
0.035971579351333056,-0.093517996217667057
0.052054984926239743,-0.082748438929248866
0.071059208904047849,-0.071956210276651458
0.090634729336009967,-0.060929126194814477
0.10824057805159101,-0.049611704272357809
0.12144547134402765,-0.038162058807148395
0.12838665996525439,-0.025639334639475635
0.12763216752931228,-0.014352332317148289
0.11721929525130663,-0.0053015363987442546
0.098262945172861563,0.0017235057815843423
0.071649981230023738,0.0067187997557887451
0.038837127277120582,0.010069559067709186
0.001692385862309448,0.01250810187032734
-0.037668011621946842,0.014984649486761313
-0.077584559139194598,0.017176239577998065
-0.11531067086934865,0.021449120915920227
-0.14761098450695684,0.029736032037027488
-0.17366701986626459,0.040488036277717444
-0.19201335812754994,0.052848820445268611
-0.20150808385943236,0.065479297838656997
-0.20138074047584528,0.076797490667765728
-0.19128477188129472,0.085299198375383189
-0.17264561751198013,0.090458114846577273
-0.14439371402625964,0.090985637753964663
-0.1066579102342429,0.08778116928635292
-0.062086424076206771,0.082055466347054573
-0.01291279818618705,0.076027867423080001
0.038247043320602983,0.072399779521404153
0.088576190829358262,0.073863096403874576
0.13527351935677021,0.082536585593103229
0.17448463696349092,0.1007293172918713
0.20631301783574804,0.12562098906184485
0.22828827809654309,0.15654932864501808
0.24042517519368337,0.18859934367720449
0.24278805838799938,0.21681495498633249
0.2359770137229158,0.23597152567162402
0.2210306024930262,0.24138942090051191
0.19931801791216736,0.22973478894801994
0.17150735410008389,0.20060202452965303
0.14082890248078539,0.15330452772507605
0.10863983253294641,0.092794609663357383
0.076993734419450566,0.023561980484964867
0.047578688148608994,-0.047353872788542119
0.021829900710137587,-0.11216600359313145
0.00087840623012006057,-0.1633782657236475
-0.014480193938936813,-0.19483338522463725
-0.023242612278764042,-0.20279571342343497
-0.025862524045582289,-0.18595907580417109
-0.023731875675098043,-0.14607885047776986
-0.016319871917347885,-0.088172774168148657
-0.0042563493273921425,-0.019301809188084749
0.011634027552703366,0.052180356114567714
0.030382449516981873,0.11773799713169966
0.050935506930498531,0.16977334829962262
0.072404407759088657,0.2020344920240762
0.093283758311117168,0.21232349964539921
0.11343710827984047,0.20001650562166498
0.13141268562760458,0.16783266194453778
0.14654534450345813,0.12046262523049295
0.15844022369319455,0.063957563863572112
0.16698623195488954,0.0047998402824737168
0.17234374184507248,-0.051009865267415667
0.1754658632376741,-0.099267579402949849
0.1756365396070689,-0.13590478937303316
0.17543434007159497,-0.16069561072922417
0.17403597427602777,-0.17365789196574202
0.17200082185572044,-0.17686144661134956
0.16993015944193895,-0.17332416509734025
0.16839195869004867,-0.16637652831345617
0.16782064085346127,-0.15905037108384129
0.16859369338448255,-0.15340526006077243
0.17071066853897995,-0.15058328711334792
0.17189189885894576,-0.15182919687490082
0.17272740710055168,-0.15506541696751477
0.17216073030265036,-0.15846673299804609
0.16890768898474437,-0.15996386427602208
0.16165258522210105,-0.15767832221481481
0.14929040408183486,-0.15028444218842726
0.1306162531515844,-0.13705622817927482
0.10693545702405696,-0.11816773006559164
0.077146575750852125,-0.096456280286181112
0.044357427054281896,-0.072068324193004921
0.010886692013400937,-0.046763703227984003
-0.02072534975284895,-0.022334848088436138
-0.048047842790329545,-0.00033819340483392987
-0.069083790991265576,0.018115829847001191
-0.082352305114823596,0.031927617814444052
-0.087778676479654275,0.041572419433095247
-0.085566532280591731,0.049278859876303698
-0.077270900907605425,0.054474958028401681
-0.06486618981612699,0.058056249198039082
-0.05064474577115205,0.060915719722759741
-0.036900725127898992,0.063788580784046575
-0.0256332780555413,0.067138957797111432
-0.019238872977412617,0.071660327155090853
-0.016889087126700668,0.076736951602978359
-0.019605198598493211,0.080249735821798812
-0.026110104848995123,0.083078795522361096
-0.035304327769926327,0.084758554692449847
-0.045920998229263064,0.084859213617336282
-0.056716166965665303,0.083056020767673613
-0.066606682709304199,0.079172566055623214
-0.074925217627350119,0.072636693167511174
-0.080332457426703544,0.064255128711784626
-0.084209934420942878,0.054921295547827237
-0.08471163057908225,0.044317899776432239
-0.081437361681189327,0.032676968941306665
-0.074147604590907995,0.020214656707067329
-0.062797088122641592,0.0071504060896360336
-0.047587550606779584,-0.0062482321643720249
-0.029584312054784227,-0.019791546237384421
-0.0083559830599329657,-0.033084672825640947
0.012981577669206993,-0.043649016450618638
0.03442826521123131,-0.052076525574322921
0.054345115788750835,-0.057501776976847968
0.07089228665831826,-0.058994215116635225
0.082258143753470042,-0.055716827002169206
0.086946328090841116,-0.047124242004999949
0.084627838752989654,-0.032234812718643861
0.074719180436073174,-0.013389213991913821
0.05702265809803389,0.0095464686390251009
0.034546603316732663,0.033439971122306157
0.010201728006167355,0.05572926246242299
-0.012619628393711037,0.07380839053629179
-0.030501568435221022,0.085376600395771524
-0.040506551593914163,0.088771184898864167
-0.039343789467088684,0.08304575439268852
-0.028518060207736499,0.068841126387476512
-0.007797676841071681,0.04722104100587584
0.019881351523856065,0.020691163158957582
0.051150676234185351,-0.0078025743364573564
0.082132532952972237,-0.035055807295104352
0.10899803980596165,-0.058005661788436913
0.12851772530975292,-0.074105602467795822
0.13833302323475408,-0.082178950979909987
0.13784623768435514,-0.080437842784699676
0.12788745011124977,-0.070048193316906898
0.11016510069218168,-0.051568960229670627
0.08754204604147664,-0.026950548668974172
0.063394720042507929,0.0012791844550126157
0.041099079915017545,0.030326299556631062
0.023540297600771424,0.057450069992180879
0.012164920845974996,0.080432522720146171
0.0085346710758421127,0.097319893730507978
0.013014783249388975,0.10621219285870241
0.023641515142648169,0.10728885424438818
0.038185024021993932,0.10082750559690762
0.053960006545932283,0.087636280997975824
0.068224175084797972,0.068901075542702792
0.078545455736420799,0.046031582011362905
0.082530180736567926,0.019229862741961697
0.079907140947232821,-0.0080596811266491711
0.070561292532659081,-0.034408605117509865
0.054785873483770321,-0.058638160002904366
0.033593405564146257,-0.079637633875124708
0.0083312550787742398,-0.096563813784107166
-0.01951200636480185,-0.10883102120221734
-0.048461545246036269,-0.11608560890974552
-0.076597277291945431,-0.11798834518743979
-0.1033824817755595,-0.11490437063246546
-0.12839851557057397,-0.10670749503692425
-0.1500574200187382,-0.093928010731713141
-0.16736802568194131,-0.077024747940623264
-0.17938488559659541,-0.056582412560864236
-0.18525771138521141,-0.033338574812832894
-0.18432494303107072,-0.0082163029707255503
-0.17642210105413805,0.017836569838233726
-0.16141035877805893,0.043372658405549158
-0.13969075714075635,0.066145390278041796
-0.11265661224953578,0.08518661879769493
-0.082045657720241985,0.099010037440028412
-0.049982817320887753,0.10633100506861599
-0.018756764880705681,0.10625762825654012
0.0094553168339307232,0.09848090104744571
0.033057581278964264,0.08435583785326313
0.05093013437525637,0.063504004334201364
0.061496788551769398,0.038906112007321969
0.066332845418315869,0.012553538751535621
0.06680807616768665,-0.012472301426994133
0.064773802002443148,-0.032884564147754515
0.062242159862644184,-0.045606690136347043
0.061034849871946226,-0.048219046354830465
0.061161121238153274,-0.038810534114998407
0.06525009326307421,-0.018067500515409323
0.072486508757323265,0.011854858860898343
0.082020545823809521,0.048667546085909341
0.092015781218036566,0.088446345032212617
0.10012668645646729,0.12665846783853824
0.10390174466865584,0.15875108268803911
0.10123374258278581,0.18077219437202702
0.090966922641557049,0.18863046623952212
0.072741512094226676,0.18317443826841195
0.046810667004664783,0.16442930316669491
0.015986138946219468,0.13490474079142173
-0.016543958573422671,0.098145852077775361
-0.047094845086833745,0.058391785667481315
-0.072025810333892493,0.019965474721894375
-0.088301791519116324,-0.013323210984653479
-0.092686997744832425,-0.037371300759434387
-0.086880792537494048,-0.053019155783573239
-0.070938565561806666,-0.058692253078881124
-0.048104978603033262,-0.056810534380003101
-0.021998189836248405,-0.049690332464983333
0.0033875645975681261,-0.040020437178271091
0.024295067806170412,-0.030417542769862627
0.03777985435883336,-0.023063683820854556
0.043085079004773312,-0.019662396342395028
0.038165159194794865,-0.020641172108836182
0.026322600741717484,-0.026386013350900232
0.0086265651266892677,-0.03624214065615778
-0.011508105027034683,-0.049444885874465182
-0.030129464040660619,-0.065119835560271955
-0.043350260126709624,-0.082397026537125176
-0.047948009764917893,-0.10043217290942588
-0.041314203187898968,-0.11815754934866533
-0.023702060046477087,-0.13464213927466676
0.00367387539842487,-0.14931791860527294
0.038444417539452866,-0.15993728057908113
0.076964850531399773,-0.164561191263389
0.1150040724606349,-0.16120109234439858
0.14831868722996949,-0.14813000063550932
0.17320870077065317,-0.12426241190415604
0.18567484565830669,-0.089718386341944137
0.1865084212427017,-0.045520725517013035
0.17468406877876558,0.0058560180846624326
0.1522105542214135,0.060158907244002351
0.12139816767430459,0.11229065698148805
0.085015835562267258,0.1566839945686401
0.045891432703237825,0.18801743425290277
0.0065775989631339073,0.20198407946382144
-0.031798298531988595,0.19617595717462227
-0.066147791557354077,0.17036460404140866
-0.096506318077388117,0.12487182919987519
-0.12170778985561605,0.065583850251107731
-0.14156272156013414,-0.0011198580477155542
-0.15617503523299534,-0.06786543688511662
-0.16582913603637592,-0.12724593313820226
-0.17091425677301031,-0.17280613617140664
-0.17133831932632437,-0.19897590531689377
-0.16869889636820665,-0.20503138607120699
-0.16279231500728641,-0.19099568041165096
-0.15510962312972124,-0.16014709188932638
-0.14663261514364309,-0.11752712581808636
-0.13832242901562358,-0.069340209645413209
-0.13102718897634308,-0.022033916513276092
-0.12537494585124345,0.018610290224954595
-0.12185497342135795,0.048423349323809865
-0.12001764157408755,0.06463177966361898
-0.11961374991456294,0.067214992107579016
-0.11946377529798326,0.057603659481076236
-0.11828319267196533,0.038984688598789993
-0.11465430411523192,0.015497403541453207
-0.10721635879992092,-0.0084757270451363206
-0.094861839760801814,-0.028990401226235658
-0.077465986304101883,-0.042532236357335412
-0.054095743232421285,-0.048641780761138849
-0.025075426769797477,-0.045736674371439273
0.0083559768642750137,-0.036022674139750271
0.044603451684779125,-0.021641536321222305
0.081682379171403849,-0.0051399462566881849
0.11741565827442585,0.010982935050674563
0.14964872024896131,0.02464312971532473
0.17701013770604918,0.033845325222277463
0.19753582727601973,0.038546462696050991
0.20852947192713855,0.039329309697271775
0.21101911485677735,0.035976015594993173
0.2052885068430654,0.029047503453492451
0.19208909822399856,0.019133686727652886
0.17252842324901627,0.0067261558161755709
0.147950925236218,-0.0078169139941712904
0.12075326871270414,-0.023658005083836496
0.090933854861972196,-0.040902407082087956
0.060377257704114333,-0.060708720819773652
0.030166824190935672,-0.080770227585545848
0.0015514846315011841,-0.09973511507574491
-0.024252007194079061,-0.11599759444152651
-0.046093439311410717,-0.12788311188919552
-0.062948769229007676,-0.13390601596379398
-0.074556306174722503,-0.13175713245093348
-0.079960306131893574,-0.12360401188454637
-0.077335596674885071,-0.10804510116284176
-0.068443779086767229,-0.088242894677181938
-0.054183380549632745,-0.066664938279714148
-0.035821636678761412,-0.046057765061736186
-0.014888334602450128,-0.029059298530638024
0.0069607631484129694,-0.017807050603343925
0.029393445611367041,-0.012307602463246048
0.048627773939344768,-0.014769906768068775
0.065014294034851747,-0.024349127060244294
0.076592458780804007,-0.03905432340160956
0.082918713257902302,-0.056209364380272422
0.0841431931935646,-0.072645045924377594
0.080912895454085865,-0.085165924504026796
0.074191199319913637,-0.09103623680404381
0.066326037422276246,-0.089707470507115292
0.056019409588988468,-0.078573193867855953
0.044843177942620702,-0.058293903951434141
0.032187305221695987,-0.030930503830346939
0.01773818692447994,0.00050769178654874497
0.0010719169457412848,0.032279134810165692
-0.018144315996977946,0.060430420884225823
-0.039939308299697301,0.081357774015093351
-0.065156729979594749,0.092879939175093629
-0.090307731639252334,0.092714504183807986
-0.11578787920172628,0.080691710227645014
-0.13789854140873969,0.058415446911643944
-0.15420999754297396,0.028561327944281054
-0.16261580188951924,-0.0053584282086466496
-0.16166175026423668,-0.039542832194719824
-0.15079810220955234,-0.070490589515026167
-0.1306994625947378,-0.094978138092124173
-0.10229215773696423,-0.11249041473130313
-0.069293743350338124,-0.12264014207885254
-0.033645709202768062,-0.12700801821894037
0.0014257009666632776,-0.12798452650971626
0.032675694930224722,-0.12846674746542192
0.057177403199437475,-0.13127640780122188
0.072611641564517299,-0.13858250991786988
0.077660833333741033,-0.15161272196170653
0.07127213608682649,-0.17001581948230876
0.054588379164743503,-0.19072327048167886
0.028126115649818716,-0.21172569433732863
-0.0063169759605705865,-0.22924692614710579
-0.046398840766019217,-0.23925069084499523
-0.089435832876842467,-0.2381030084404181
-0.13260309546057772,-0.22321107584810074
-0.17255825809513875,-0.19446057294564367
-0.20750658091210497,-0.15127813483330638
-0.23531075316122643,-0.096260049443935194
-0.2539082492192587,-0.033858346958383287
-0.26185656816828989,0.030449390477979184
-0.25822071431359611,0.090646109063152083
-0.24265143471579007,0.14094171621246818
-0.21546361049006449,0.17652250770301589
-0.17751479552734092,0.19472995795791739
-0.13070694488833426,0.19330386824892384
-0.078291715174578613,0.17403248976878857
-0.022767818034460052,0.13912015576357686
0.032385212788797184,0.092963207059038586
0.083529877944202885,0.04099222831345907
0.12720150489235829,-0.011054954197245922
0.1604652682556936,-0.057877811353530095
0.18106467772099955,-0.096193385986641733
0.18815343060551959,-0.12172567539717048
0.18276823177706572,-0.13453965526472997
0.16581966480026997,-0.13478207189943736
0.13984623423281856,-0.12471533052412911
0.10814995329471394,-0.10768800341875615
0.074380867612412083,-0.087519458013832915
0.042073788608053712,-0.067843401250820543
0.014762715196857753,-0.050218635273419576
-0.0066577491649826397,-0.038494479215030047
-0.01986868232200846,-0.031901767750246959
-0.026212996501355453,-0.030054286647482099
-0.027030013221200404,-0.030775657540260674
-0.024275136295558195,-0.031117196709606186
-0.020147177128534848,-0.027968301179404981
-0.016714164685481613,-0.018711635527492689
-0.016895397830286707,-0.00051117194431575237
-0.019452361728638894,0.02423208834954187
-0.025609427595029315,0.055935507927240127
-0.034149404690324285,0.089866970408845601
-0.044034035696818727,0.12168966959190085
-0.054092213336354555,0.14684052488049312
-0.063243174929505944,0.16127385903442187
-0.070655092374505901,0.16215179967573584
-0.076742033896060477,0.14929509649483544
-0.080282083958840747,0.12172580320043247
-0.079666213811456915,0.084255691109397249
-0.076442057444513226,0.039788115999251181
-0.070876936730069881,-0.0062783029965958357
-0.063168821676363549,-0.048072825489159837
-0.053430477932723978,-0.080081115305120798
-0.041747999914664227,-0.097952967721185127
-0.026997433538730319,-0.098608985354626061
-0.012024075023883906,-0.08219885284148587
0.0044597533897745342,-0.052453029089070936
0.019727893980904816,-0.012039571981507831
0.032219701623156329,0.033519543730630971
0.04043333245772146,0.07789021462558407
0.043147170373359807,0.11479303020190287
0.03963584852146379,0.13886296519423175
0.030027422715114247,0.14507533290488139
0.01516967921281902,0.13365409371890014
-0.0052252097868893416,0.10580438956012556
-0.027555292772375856,0.063781232389240272
-0.049138656827837482,0.011966813009693216
-0.067229190769972677,-0.044349923274337413
-0.079339810724727275,-0.099722810940502338
-0.083530194195639187,-0.14926408854968826
-0.079548037611397962,-0.18792195115314031
-0.065588458453504472,-0.21563723005674887
-0.042659037297774892,-0.23074826379374375
-0.011852151194803396,-0.23480917907982052
0.024823367371033103,-0.22979860178425168
0.064833255246203744,-0.21821369411842906
0.10536403775279729,-0.20262279046548026
0.14357844518747662,-0.18531198989526826
0.17740730791454318,-0.16863096237579983
0.20370444618537725,-0.15289862063205933
0.22114882098320485,-0.13924190158268537
0.22842404310808059,-0.12784990107783439
0.22510467462385839,-0.11900376927359479
0.21145142930412947,-0.11301348321247554
0.188340353869905,-0.11023197474105174
0.15715466982872006,-0.11095046745431324
0.11984035546062352,-0.11464493614632401
0.077925581139740671,-0.12141146543546681
0.034318597723525301,-0.13127331830543487
-0.0095398613030407749,-0.14127466299263924
-0.051706589119884683,-0.14870219669719992
-0.090351040390049014,-0.15046010616863753
-0.12380969925627987,-0.14353710090382943
-0.15063974019057902,-0.1255718435090987
-0.17022984875652972,-0.09634490845189761
-0.18093984651485912,-0.055120272779694848
-0.18216197160064615,-0.0037225385807710554
-0.17404171181701777,0.053015701099824772
-0.15704064590370281,0.10930837713443906
-0.132128490118429,0.15855297035906288
-0.10075342417433363,0.19424416166435388
-0.06477352062147626,0.21097320594244379
-0.025424190026414006,0.20405309057103269
0.013585022898415171,0.17512419735682144
0.049828210732911049,0.12500959240773521
0.081264539536625491,0.060105999102511777
0.10606214764131774,-0.012004723268928338
0.12291882169114396,-0.082633489301261992
0.13114359742991727,-0.14318482448064621
0.13067728485575683,-0.18637048563246791
0.12335089367612082,-0.207061417465225
0.10799800061874509,-0.20407644846137024
0.087032960728264122,-0.17699150273308323
0.061358620488109687,-0.13178054691955027
0.032694709292121246,-0.075395625549084008
0.0029241859884642312,-0.016002876090606518
-0.02601840544783483,0.03822561214035855
-0.05226790577954487,0.080278091661946313
-0.074337011587972873,0.10617892384683665
-0.090141144368169765,0.11185779974253421
-0.10053523031030712,0.099940049045316517
-0.10350244815583018,0.072122601378830392
-0.098918896577729259,0.033541154303559688
-0.087283271632178278,-0.0093689474879229614
-0.069674536947717414,-0.04986010676186068
-0.047644154949449194,-0.081848571025885247
-0.023613970231378376,-0.099804815341262107
0.0015955205234421592,-0.10290153079645994
0.024678351780454046,-0.089355264611212584
0.045054889648301517,-0.062078448667068326
0.061462726117974611,-0.024585905909036185
0.072925203978983499,0.018737779000722387
0.078768347127074381,0.063343349489753134
0.07862026339715289,0.1051487420730209
0.071473441297895624,0.14007754589513996
0.058532405267739715,0.16741373363081577
0.041861582295014223,0.18697166674750634
0.020706097270048619,0.19840403871424078
-0.00419888147577462,0.202556296962768
-0.03192568943990215,0.20055856213559403
-0.061365447399123266,0.19351558183175838
-0.091255276026667831,0.18229914034862926
-0.11892553660916488,0.16877102810561809
-0.14503631363887309,0.15165676293467434
-0.16770601556041434,0.12962221836804053
-0.18597448523691537,0.10438494763076224
-0.19875962540989156,0.076685363903760684
-0.20511795675679234,0.04765112719739055
-0.20434494313986193,0.018747022374005596
-0.19608992571539235,-0.0083939818309831053
-0.17954015993543815,-0.031673129223221137
-0.15648992330768052,-0.051228191178335554
-0.12927916207037299,-0.064662881769436714
-0.098661802212211616,-0.073826454704489022
-0.066673808455121428,-0.079956000553856044
-0.035513982523243712,-0.084771390645890787
-0.0072966644445897995,-0.090152936934423097
0.016217261673896453,-0.097750469475793828
0.034053703974198254,-0.1087796354357292
0.045363301676964521,-0.12286781874785239
0.051427491269024656,-0.13982095359443927
0.05287560328113753,-0.15692512667793557
0.051567227158434974,-0.17125460451972624
0.049755008097207058,-0.17955760248091088
0.049716137352099676,-0.17880651413799875
0.05335268343691342,-0.16676818541432845
0.060900036173255609,-0.14305275377170307
0.073895084419813295,-0.10764684118309824
0.091461264743688625,-0.062258849499952432
0.11143646030477156,-0.011397758464945441
0.13094944258301036,0.039850097987813367
0.1466250267020823,0.085896585270567483
0.15508417334485342,0.12139361869290929
0.15347769613030893,0.14197448504114438
0.13867072126913038,0.14358322384887443
0.11239119977818444,0.12781078739413249
0.074685061866291952,0.094573541686250331
0.028801988587589953,0.04847455670122601
-0.021555998177634105,-0.0054380634692861186
-0.072164576009513204,-0.06142979724159537
-0.11883023054574149,-0.11382860085560653
-0.1579242483981175,-0.15772445238264762
-0.18700244142738492,-0.19044728250823253
-0.20472762624239385,-0.20817194282346715
-0.20985539653271304,-0.21262020792925784
-0.20468291813275133,-0.20353769239585601
-0.19150082632702986,-0.18333369809199626
-0.17310351805178406,-0.15534145635455465
-0.1523435069451429,-0.12329210655417912
-0.13172809039808134,-0.090788639348763689
-0.11367272010759175,-0.062155168946543271
-0.098790562529603734,-0.037574071139659285
-0.085619136301959997,-0.018135319687998974
-0.075137378323470505,-0.0040613883760903706
-0.066514879350668979,0.0053201801879983581
-0.058641692367473582,0.011119647336011045
-0.050368758832467851,0.014602430090737265
-0.040713816988289415,0.016950505577841519
-0.02807469069027364,0.01966222695492895
-0.013522513604629447,0.022207879672679641
0.0028158207535109378,0.026334298988953352
0.020769354942689562,0.031108054076222188
0.03989361096575942,0.036557474187729637
0.059757524050567105,0.042863249998530605
0.079997282527975888,0.050394038474114812
0.10030909827860492,0.059646134862347946
0.11908797490924961,0.072026994233408373
0.13812780685609108,0.086061650252135288
0.15582054630175321,0.10307349404801294
0.17204749841625808,0.12127064155908664
0.18572240902902401,0.13938655645830289
0.19542207345589735,0.15588329102737983
0.19958725185453885,0.16916246906233703
0.19682312440555397,0.17782518647153386
0.18568837738058833,0.18112016930889535
0.16729821612457374,0.1788075358220485
0.1412633713723756,0.17018556931441303
0.11078428408656042,0.15764905750385086
0.078965193627674721,0.14327873801479876
0.049360059791960294,0.12947716972991569
0.025465248123002261,0.11860631520783178
0.010163455641368162,0.11261053796666608
0.0042857124627205751,0.11324297178207732
0.0091019115065544189,0.11943005290237167
0.024828179074905275,0.13221865923539156
0.047067966803701289,0.14823272397124285
0.071506843342051249,0.16476740927231026
0.093226117964439997,0.17887611255147839
0.10744895331777701,0.18778260128375915
0.11030832264149873,0.18925746903062332
0.09821650602042889,0.18208976946017486
0.072623289511370162,0.16540127952163905
0.036491580227854099,0.14058991455368555
-0.0072261649340181026,0.10847720987142283
-0.053220163492150759,0.071146319604910982
-0.095483372672080985,0.031109320033934944
-0.12817284670002457,-0.0089996281235326606
-0.14646625108873845,-0.046715250578547973
-0.14672311439983229,-0.081275047963280278
-0.12898889259867685,-0.10910031401306595
-0.094371135281999086,-0.12980869207535939
-0.046732783342256806,-0.14281730596329925
0.0086881536339012792,-0.14839040252903662
0.065841122352269146,-0.14734073804598255
0.11870206000539607,-0.14086943242951114
0.16207271891430591,-0.13038550991407497
0.19092351218619177,-0.11788762343578287
0.20570883443168167,-0.10365582279531772
0.20501316580550208,-0.089668855688328927
0.19189743431255482,-0.076080296309591025
0.16968720632959866,-0.06341484811509901
0.1423064015930523,-0.052067264959684161
0.11368523471720494,-0.042359678451110057
0.087265795692889919,-0.034585078365458627
0.065857114506066572,-0.029582406455406291
0.051268944256016025,-0.026317860074448009
0.042502599190461135,-0.026878972544159604
0.041060532547180145,-0.029799023701161314
0.046579980838877551,-0.03486056355403707
0.058321751421597727,-0.041780470124962124
0.075316230587137045,-0.050174505557898534
0.096434404142566571,-0.059513815676297453
0.11982545903957267,-0.070385437698989528
0.14489684728648275,-0.079555550686077114
0.16948350325760364,-0.08744711903361696
0.19172388976067947,-0.09167631331464321
0.20926245061662674,-0.090957393136819456
0.21961095357481605,-0.084348048292707201
0.2204518081624576,-0.071390096061311539
0.21003099689432958,-0.052196990435331665
0.186644986710195,-0.028772289941826599
0.15246852334646438,8.495784670409313e-05
0.10863765229847332,0.030681383077378586
0.059433838989424892,0.062693914516105509
0.0096686497201671096,0.094229856579102947
-0.035304203660148879,0.12327839135016354
-0.070280096548379536,0.14790001480530224
-0.090941338837797786,0.16643037271228567
-0.093967942773999738,0.17748636738400844
-0.079805078310509273,0.18059105932090502
-0.048595416489834307,0.17659666799807155
-0.0051104017162268934,0.16569680874035919
0.045215617945945953,0.14927598182648055
0.096081713406095906,0.12920493014278819
0.14117323499999809,0.10762776044763485
0.17501500730980982,0.086714114841545606
0.19313957365024023,0.06933922457823144
0.19498436558063709,0.055270630979169726
0.179045670110727,0.046891830817661434
0.14936171073511428,0.043358871339763037
0.11022116972352265,0.044299181323106361
0.066785537948257423,0.049027868271060975
0.024346878719557746,0.056708403162108366
-0.012364308109180537,0.066500598866346905
-0.039165913845344347,0.077857100939529911
-0.054543990308416702,0.089862690396335529
-0.058487290297265453,0.10241400175758363
-0.051103342255504967,0.11502387607678601
-0.034117613674739207,0.12748851103324044
-0.0099360009042480015,0.13963580568380438
0.018745897038172119,0.15126531677598898
0.049274549419621567,0.16210977318303052
0.080564457890054467,0.17201218130884166
0.10890454052103882,0.18010399933578164
0.13164880766112075,0.18677894189165753
0.14850762799509609,0.19101635123736646
0.15861216855085777,0.19249685939486244
0.16138361951544561,0.19109271656100424
0.15652078929127286,0.18687192883247136
0.1440428240856324,0.18005873049369855
0.12307681778955029,0.17151619494806872
0.096999807905201324,0.16061836768893248
0.065294344420149739,0.1479328736056775
0.031650090756365053,0.13327072797760142
-0.0012629959356880596,0.11654518906731236
-0.030737665072214832,0.097638197081816314
-0.054302997079410602,0.076480950932250519
-0.069995261794511598,0.053147338415026293
-0.07677236763877085,0.026642053808384379
-0.074192190875440781,2.9849761643799313e-06
-0.062126436270558721,-0.027898806691560099
-0.042693325915110596,-0.054298055631759962
-0.01816421078955463,-0.077758441516833851
0.0087327444886129337,-0.097048299750017233
0.035102540505781599,-0.11127945771404237
0.058171193792677815,-0.11998941595752519
0.074979829539704931,-0.12408385631961311
0.084980930080264,-0.12230910881702073
0.08512084593873144,-0.11626843287819229
0.076501106236607969,-0.10609161491111958
0.059494690562223819,-0.092652269891206354
0.034947443492304157,-0.07694294244302706
0.0040987689198590527,-0.060015195770398586
-0.031466551804494938,-0.042933145057276044
-0.070394278546974359,-0.026925139930405829
-0.10965508180790134,-0.012513222222342121
-0.14658188419572599,-0.0014140265861949943
-0.17862344109982062,0.0062303158436407182
-0.20302544767810879,0.0098388690070125
-0.21723947761607576,0.009000487005559981
-0.21920026882556648,0.0035503358374771206
-0.20762275044305806,-0.0063420704135566889
-0.18245589563788356,-0.020649678189644183
-0.14422442796206977,-0.037031814579105871
-0.096011436304604403,-0.055870945579308877
-0.040616052745610996,-0.073726286525902615
0.01766381662113822,-0.088344507202318012
0.074006345520234176,-0.097606524587013646
0.1236006835721592,-0.099772713045649553
0.16222623951695739,-0.093696110109099243
0.1858634677274138,-0.079159708250888819
0.19470824777923096,-0.055854376481849904
0.18752049203742543,-0.026792773854591181
0.16738966945453859,0.0076882905521015064
0.13780943109243696,0.045389999286994075
0.10311134645304572,0.083758979605421252
0.067876589260268572,0.1201448851408833
0.036341933764607509,0.15207245449682372
0.010960419398820209,0.17804805087943124
-0.0048489534581769179,0.19584026052396211
-0.0097114934458476399,0.20460629663020349
-0.0047679299262568444,0.20459513697233206
0.0082139086696760132,0.19661771698291902
0.026646523440766061,0.1820922461296948
0.047563162715037376,0.16284361486806914
0.068061970178749681,0.1408732305557569
0.084388956870892401,0.11720546150588948
0.097002562328815448,0.094680750847890238
0.10399664462579521,0.075727524837166632
0.10603639890949483,0.060205761644896043
0.10375778841828323,0.048403522587118719
0.098088883083085637,0.040185709652194451
0.090027155585215998,0.035116159758302533
0.080473672573178487,0.032601975207504012
0.070335177885999356,0.032590733349598611
0.059681804170384579,0.03364639931599931
0.049743535064554353,0.035784446498733455
0.04027815240940754,0.038591320346201344
0.031728309522913972,0.042053862508964299
0.024727612886416124,0.04630037489281754
0.020080584048452171,0.051482898969140031
0.018656555922489396,0.057639108560026624
0.019919331433604682,0.065490278040282984
0.025907248762567878,0.07299519553497287
0.03812624771814143,0.079681768708996278
0.054517664668545782,0.084065788741051084
0.073650578561211918,0.084789035440785851
0.093567652727968048,0.080650356642014684
0.11204953670248313,0.07083535587258305
0.12696264354717454,0.055121037633425594
0.13570472575369485,0.035315602608626748
0.13925940695372446,0.010509390810882008
0.13579014155877847,-0.016285059748567376
0.12805333725864293,-0.043261241143616638
0.11826447297867329,-0.06762730788748543
0.10904224383867984,-0.086481371340857385
0.10296685957387118,-0.097194653863006686
0.10212126604498351,-0.097805734862135466
0.10899063007510285,-0.088662791472592428
0.12164468905697107,-0.067614421680889464
0.13884706730632229,-0.038301936717691623
0.15837576361283212,-0.0019545942590980525
0.17714152645378614,0.037765073748281218
0.19184324296796001,0.076456432640877675
0.19948769806975181,0.10953046618379186
0.19787492550252614,0.13283511406761625
0.18504331505454627,0.14381605015790574
0.16294835723118825,0.14033231263727661
0.13234588438662989,0.1214328383695258
0.096797252033497788,0.090197446533133635
0.059964481640157781,0.050341755354302041
0.025670100210208126,0.0066126780325750784
-0.0025948551803501433,-0.035912672420011123
-0.022083436985406973,-0.072590376644161098
-0.031626478483310218,-0.10121163996727173
-0.029585169263516682,-0.11785739968450362
-0.01732542895185446,-0.12310909785905035
0.0044295130581655682,-0.11861920203454458
0.033656485685095043,-0.10787817513368878
0.06785209142177967,-0.095414590413219702
0.10429350767714632,-0.085983818810299095
0.14025981395957307,-0.083690792809288317
0.17337895166861517,-0.091009014470262092
0.2011306970084312,-0.10868005787539664
0.22131843928973097,-0.13580517094934524
0.23251853010388321,-0.16799287882620484
0.23351784266420758,-0.19980888908078814
0.22355775943007092,-0.22505791777579334
0.20242338496556167,-0.23779735282047357
0.17055364254221417,-0.23336517169681506
0.12970333989950378,-0.20832556047396356
0.081341505262628497,-0.16426925878659099
0.027141305495641966,-0.10436957511302013
-0.028307840998249355,-0.034150742170432964
-0.080864546343765789,0.038893547736490834
-0.12627169975745625,0.10651990111465989
-0.16059353584728098,0.16091558889890548
-0.18067287596904177,0.19584237708859836
-0.18324554518057468,0.20775034525625918
-0.16954522303640029,0.19550064660141594
-0.14175499096998673,0.16240959072857
-0.10159376575729778,0.11316243690561367
-0.052909687646349249,0.055110052818037075
-0.00032277695915221185,-0.0033359821610514208
0.051308743999334057,-0.053897930694853109
0.097449642975266607,-0.089590316935977091
0.13569326901825723,-0.10511241314265612
0.16196344433678753,-0.099117718237344776
0.17364798930273351,-0.073887766913358355
0.17252861406975531,-0.032238586476183898
0.16040399597337224,0.019997978632740217
0.14003204513481388,0.075799849115750759
0.114676794096531,0.12797562482762265
0.087630267011893609,0.17014779835151522
0.061224743385959013,0.19699682013556474
0.038422218868565332,0.20656256402147816
0.020623230762414638,0.19915480350683332
0.0079645796550773963,0.17592589770331127
-9.5980876270438168e-05,0.14021283156132081
-0.0047365202947226709,0.096352951206715678
-0.0074727866111264979,0.048995746796221519
-0.0098456249668719738,0.0024703217649928084
-0.01333198391434641,-0.039883810680319792
-0.01805937609454894,-0.075645831499461233
-0.026154441210972955,-0.10228472795437403
-0.035880785279473131,-0.1206020875247464
-0.046484216600344935,-0.13121602887380615
-0.057109971830032961,-0.13516160122231086
-0.067016710593693865,-0.13359748294970469
-0.075748664503556704,-0.1276027563422889
-0.082308980550440322,-0.11790513574428643
-0.08815921702912817,-0.10599664018797762
-0.095055879457570325,-0.090796959495766064
-0.1028210079456708,-0.074662985046889244
-0.11215494860441463,-0.058757258656665839
-0.12353395102560975,-0.044336573851600877
-0.13706530962024197,-0.032673790304932775
-0.1523997827550056,-0.02491423561478175
-0.1692737803275319,-0.020592821902979286
-0.18602771732622944,-0.02162702909419267
-0.19948139196224554,-0.029244908351111796
-0.20951438953514945,-0.041003067116940968
-0.21480149491547637,-0.055035682514695358
-0.21426999872314109,-0.068954458234807239
-0.20723287376970895,-0.080157137004517126
-0.19347687901518298,-0.086205010836842635
-0.17385065985974374,-0.083912557805467039
-0.14795322529540192,-0.074476166483343209
-0.11833231206597025,-0.056984290693433803
-0.085325339437935216,-0.033419881630916505
-0.050461936300429007,-0.0060645707318043914
-0.015437745293386131,0.022264391848567159
0.017996668208093463,0.048615954087428526
0.048148345206369798,0.070325465633954518
0.072188722245418238,0.085942072187252305
0.091041023007890506,0.093947326564808864
0.1027481176716466,0.092615037688611027
0.10747528303846375,0.084365679763532639
0.10507681154108062,0.071105141888979553
0.095646745308699252,0.055181415165227919
0.079540754892330409,0.038994849102013319
0.057422780590313187,0.024623477835448649
0.03162042291024425,0.013336303275500512
0.0014967250265814453,0.0060062204280690581
-0.030593680128562464,0.0026471966395067597
-0.062734757614691619,0.0020909465349045033
-0.092445072539807605,0.0027961374509568615
-0.11705708781739549,0.0029516874237205774
-0.13400635330279179,0.00079207942807466675
-0.14118039810231225,-0.0051118558332983429
-0.13782819602599627,-0.014703614535882757
-0.12306024971232082,-0.029920673965874719
-0.097269212788773193,-0.048815681428403458
-0.063373125240548472,-0.071436537103820572
-0.024809864268772016,-0.096339080888491635
0.014311741981886613,-0.12171377671225828
0.049761102745979328,-0.14563787824078431
0.077801291942921999,-0.16634114606204439
0.097071105234249111,-0.18188815656939486
0.10399239924825375,-0.19239183289477896
0.10121596480358763,-0.19733385970528619
0.089477836733519445,-0.1974452813179384
0.072399974492540722,-0.19372559865569172
0.054651337642678675,-0.18742752718581804
0.041181623148537627,-0.17982721987669315
0.036348680779812972,-0.17200388749186271
0.043272096825059489,-0.16485032885995396
0.062101269890112325,-0.15849786478228206
0.093129958300409987,-0.15196740462929381
0.1309852495663695,-0.14523974158957145
0.16983594693628207,-0.13747794743912453
0.20295644512486577,-0.12777477554253946
0.22378767157847304,-0.11536505733767558
0.22702993970326638,-0.099822795517135174
0.20977363467751245,-0.081393992311515659
0.1716614958967663,-0.060223769862140647
0.11476251802168069,-0.038265475886574467
0.045300035568687891,-0.01643909129333835
-0.028992446058240258,0.0034881448414095608
-0.099387841160187146,0.019675778890220274
-0.15742078088591976,0.030456217247409937
-0.19613215768256179,0.03457186090629466
-0.21055236838537469,0.032664561044158311
-0.2002867706508116,0.022841104635307492
-0.1677004353378681,0.0058885864634659899
-0.11792710795580851,-0.016603061801872678
-0.058561737615340018,-0.042602732011444509
0.0016367139233310908,-0.069676699393562178
0.054013995168115961,-0.095272848503659691
0.091250356569187729,-0.1170264172014044
0.10966310890584555,-0.13397111892813784
0.10491851190210146,-0.14352762234950839
0.079666491994552432,-0.14523089813307152
0.036723480426551117,-0.13967954963705359
-0.017825080987605268,-0.12809824773680129
-0.076499104456722977,-0.11231740668002833
-0.1315416050916435,-0.094478061238680786
-0.17603232184597573,-0.076691906689758921
-0.2046437431103966,-0.062008167968118096
-0.21474893364762057,-0.049966207362111541
-0.20700314165870962,-0.03936710792977606
-0.18318928212332661,-0.031181046418162342
-0.14762729229193855,-0.02448445420682157
-0.10584903274763412,-0.017995514017285729
-0.063700649061059697,-0.010390987733340842
-0.026463815532132461,-0.0006446905308016837
0.0013117373218357335,0.011861706527997137
0.018435621717027492,0.026052392505675166
0.023708935791608883,0.042544063995398437
0.019234143160415364,0.057873761622982842
0.0077903048115869535,0.069489729686818866
-0.0072275804260903409,0.074861494581237101
-0.022462905042383154,0.071913374931831003
-0.035175859196276631,0.059412840199639848
-0.042356976623043899,0.036693288803229043
-0.045096705345867606,0.0055680334431292599
-0.045612116950450046,-0.030981236413198571
-0.044073156317696122,-0.070287279132675351
-0.042403943513422332,-0.10857018252414145
-0.042554186118976198,-0.14194056695334581
-0.046101089272556142,-0.1668631455494049
-0.053955204062694821,-0.18056995238630449
-0.066401116305519634,-0.18043937207777108
-0.082888373834106202,-0.16738992074187509
-0.10034538550629514,-0.14228073591332796
-0.11857975394433652,-0.10682778234025787
-0.13597701916878854,-0.063675228921766067
-0.15103694963839789,-0.015880602204426473
-0.16255541415204486,0.033410450935011479
-0.16972083090702678,0.081238846634681991
-0.17230376950391582,0.12409929364127267
-0.16974012196994293,0.16103067605476232
-0.16294252347396365,0.1915499074856167
-0.15144850291224818,0.21353614163816301
-0.13540323403950785,0.22617957902911964
-0.11500123094861577,0.22903578506436306
-0.090544266947934257,0.22204589585698814
-0.062547217553304946,0.20559899972414747
-0.030565368941501348,0.1808062085435547
0.0016557683318363975,0.14873921979759513
0.034349133706665973,0.1123940285630993
0.06367374118444942,0.073906816963932601
0.08700348737891192,0.036452623136051916
0.10193021874641964,0.003417421474637724
0.10658104792906629,-0.02198667377022601
0.099904592958369121,-0.037170210506768019
0.080581429297949245,-0.04190431482665416
0.051667025481293739,-0.03399408146611043
0.015352661202125938,-0.01540293586071741
-0.025418725887327617,0.011176126472749558
-0.067059718691713191,0.04148894755509093
-0.10591332232483804,0.070423724040935956
-0.1386423506595455,0.092727698913631765
-0.16256475650629482,0.10381932327014504
-0.17681910187516595,0.10149231232751699
-0.17924860264285769,0.083288668603319377
-0.16999476051183701,0.050418055444301557
-0.15031994661855982,0.0066506406682891976
-0.1220847042388131,-0.042440403557528941
-0.087708328212125167,-0.090050731413928234
-0.04992794265378981,-0.12914722289210798
-0.01157265928014202,-0.15356258463985079
0.024070071713381259,-0.15956147610274171
0.05519169208632483,-0.14505001440309059
0.080312936244613747,-0.10968357221548036
0.097108286601651064,-0.059166182875825618
0.10426849342661511,-0.00021933498350236821
0.10101948919539927,0.059105092064479003
0.087206080645404985,0.11064180399051993
0.063377359038694403,0.14737089302223183
0.030299423614840778,0.1647026550178291
-0.0094738753840796098,0.16088819446550146
-0.051390899807314441,0.13622281073294162
-0.093443958356919155,0.096389349599232052
-0.13194972245001674,0.048481160347156792
-0.16315566247933788,0.00081430498342239871
-0.18362350565260954,-0.038382765273143618
-0.19064046983584035,-0.062268237239304587
