i,q
-0.18285261675162362,0.12134241019639293
-0.19381814146559867,0.083289536233149997
-0.20806368232564348,0.043420019105797646
-0.22286020761951228,0.0044622277810178268
-0.23526681160187146,-0.030099407628959463
-0.24222617322568391,-0.056616614255159597
-0.24097698792968553,-0.071731930447848744
-0.22942998602614434,-0.072906868533734223
-0.20733529999058711,-0.060832504602715248
-0.17302003958205267,-0.032999213228666516
-0.12897462895356271,0.0074223667531586679
-0.076228926272137981,0.056605245541796662
-0.017585459965024398,0.10880671174595208
0.043562497768030908,0.15730030864922132
0.10360429439431738,0.19529101413249306
0.15910633647142225,0.21695566017215812
0.2086412543869863,0.21654478685428263
0.24736423290303222,0.19544876221873433
0.27646103792761406,0.15721569151317299
0.29401160367275864,0.10549826189284976
0.30067766698732179,0.047642508134369849
0.29805158205850207,-0.00769082319944768
0.2883322677601397,-0.051836637612096267
0.27391376652421134,-0.077518370806264808
0.25490244008723772,-0.080364054058241013
0.23556033970709164,-0.059274966557619206
0.21823334735532168,-0.015181298706519603
0.20115102263873155,0.044005485367065098
0.18308629505271662,0.10901443165285707
0.16221741992530195,0.16921877585911574
0.13660888453853814,0.21424799304422956
0.10476329501961955,0.23560156191050038
0.066437563510656314,0.22936258574059418
0.021501171886173145,0.19272108714646013
-0.025647864202360426,0.12730008343684945
-0.073010715642809879,0.041815165378226722
-0.11600872407912322,-0.05329614640210166
-0.14956065535980045,-0.14598301662439758
-0.16888678936189463,-0.22427484028892902
-0.17038059483101051,-0.27794726134888087
-0.1515154924790848,-0.29801488716430546
-0.11501390890684272,-0.28411073183208008
-0.062272692712350725,-0.23831000691701096
-0.0011155955561970461,-0.16514130937869548
0.060462267408376069,-0.072944983136682393
0.11389008794850133,0.028213036325925409
0.15125011472362343,0.12797632629051178
0.16648627997916224,0.21706791762067598
0.15552012356118053,0.28920525242243095
0.11950833553905377,0.33880978043175503
0.064175644839025561,0.36525175658432202
-0.0050693245151132039,0.36981328757137788
-0.079075677841813088,0.35630845169173397
-0.14764927091459981,0.32993948189059691
-0.20097268141833777,0.29632849591615845
-0.23100016202967533,0.26061811974066007
-0.23290852161960093,0.22813218849080857
-0.20430845615374751,0.19961275260839539
-0.14970846789496478,0.1741992223540044
-0.073357079734442207,0.15269613052419742
0.016217497566175892,0.13362822616433206
0.10883942246733909,0.11511327720760899
0.19406116041680554,0.095367902600399054
0.26254107337799321,0.073104198113112015
0.308685816736401,0.046940927404555445
0.32692602109705421,0.018232195267884721
0.31416935792394618,-0.012010200038620212
0.27544385568964852,-0.042901649335566241
0.21645356164022356,-0.073299030372153198
0.14468100325081984,-0.10232684156238088
0.068279418487408775,-0.1295188847632088
-0.0050155522494016343,-0.15481621943704635
-0.067329696985445067,-0.17924193466457489
-0.11638574891440238,-0.20133077307219374
-0.15006783873931337,-0.22311886071676088
-0.16801741644439175,-0.24256189425583941
-0.17178116479666092,-0.25860198460630446
-0.16394440551061504,-0.26991289229490401
-0.14751449429998278,-0.27511195403811312
-0.1253755277032447,-0.27305036745184014
-0.098433269809892143,-0.26285456558193432
-0.070938366154231311,-0.24578689589839894
-0.042411905939237146,-0.22037697549302251
-0.014490470122048666,-0.19101256176112444
0.012495358115029356,-0.16084509070382988
0.038387554256787471,-0.13328820729461099
0.062955231213407639,-0.11154332476332078
0.085711622887206129,-0.098121859296455741
0.10671005378139248,-0.093629167723196474
0.12373465107306499,-0.098761380256926462
0.13441370740403991,-0.11460880998012062
0.13839997007860291,-0.13636199906989427
0.1347504122218933,-0.16016397768013124
0.12299974518849956,-0.18173391439445535
0.10329226555413208,-0.19694811970329792
0.076426889185448404,-0.20239789695417504
0.044100274255114251,-0.19394817137425313
0.0072383201651110467,-0.17313441609707519
-0.029956065079408924,-0.14296892770025196
-0.067050914965312861,-0.10354353408758601
-0.10223155813656302,-0.057847150301956515
-0.13391654009651338,-0.009458011329980474
-0.16087944106763089,0.037920423170638498
-0.18233215799202915,0.080903460065560998
-0.19825638321509503,0.11542985817657819
-0.20766777221829333,0.14189482269506912
-0.21400658532558173,0.15886272546512037
-0.21573857792999562,0.16685553226908001
-0.21372819006472277,0.16671532351789059
-0.2091098289400313,0.15961996171304971
-0.20316804746727929,0.14685443909606918
-0.19718515841642642,0.12965282805176512
-0.19257094421252519,0.10831891153150397
-0.18976801088550843,0.08468251108357594
-0.18880476293410239,0.061444095003568143
-0.18990796329198711,0.038129496380296161
-0.19257735289110389,0.015714127075487232
-0.19596754836051122,-0.0047257329708302884
-0.19903153738059762,-0.022101574184967259
-0.20069568062237828,-0.035487075998884711
-0.1997431951718194,-0.042987762993374375
-0.19629923518399467,-0.047404691788362284
-0.18887424220724877,-0.046708487392476197
-0.17871630126773308,-0.044821227297708405
-0.16649794589009009,-0.044182553700776478
-0.15306719331357388,-0.04729875409760495
-0.13930033348151899,-0.05633745645279032
-0.12596360476449736,-0.072726352794161661
-0.1150744100415648,-0.098720205997237256
-0.10433464807295828,-0.13073616093828189
-0.095217416450017106,-0.16582048132053878
-0.086344594476136974,-0.20149347815073654
-0.077259324923961842,-0.2338687203854424
-0.067673270739509156,-0.25894690018346206
-0.057537913662373777,-0.27312961791187068
-0.047044453347582414,-0.27368766983227277
-0.035674494655262734,-0.25775945750649792
-0.025113348506285514,-0.22780457401646895
-0.015933092381107072,-0.183035783046607
-0.0079869564281527857,-0.12770539298164477
-0.0010842639176591295,-0.065447305396392458
0.0052878642637440359,-0.00020994075704406983
0.011852811387087721,0.064120123428800274
0.019352933828793106,0.12399522065929022
0.028609523589777322,0.17663155353907911
0.038767831415979469,0.21935771178461191
0.051387554041007442,0.24908831202664528
0.063581745360565114,0.26518125922146513
0.073494108187156459,0.26659786294189647
0.079112234274340484,0.25275744035600389
0.078627498876533267,0.22367856067318984
0.070817530762570219,0.18019901187570947
0.056850952455094132,0.12611605049120411
0.034808299187062609,0.061907232275780953
0.0090257898535230658,-0.0087325853860134792
-0.01920563588405598,-0.079377086636176236
-0.046177699438018714,-0.14350152349786455
-0.067687553312077306,-0.19430533172164971
-0.079652131515334346,-0.22554652642173947
-0.078790035874470796,-0.23246286229655819
-0.061789700878445639,-0.21398583067343124
-0.031485727380455526,-0.16865497146589173
0.012216316958733684,-0.10015613415054192
0.063290272666782846,-0.01558986175735356
0.11583119831893091,0.075673095136982324
0.16335654933428848,0.16280084227614758
0.19969461672987671,0.23489626064051375
0.21985912504846025,0.28251168988106118
0.21930742567937467,0.29715262500314626
0.19932464369703529,0.27880091281943253
0.16264173523669648,0.22994961367465402
0.11238695578918299,0.15580901641041051
0.054158073681010534,0.065763694060654562
-0.0056472460732255375,-0.028766494016462228
-0.060717041543031744,-0.11598165810980862
-0.1056697924585934,-0.18542938489698357
-0.13585104154194144,-0.23142731232840849
-0.15097432555462759,-0.24803580179001797
-0.15084665237246453,-0.23379899142728869
-0.13816549796829458,-0.19578815042509143
-0.11668599036599057,-0.14259426721167057
-0.09087623423976772,-0.084808041911089649
-0.065251959867249271,-0.033314993332931142
-0.043791350419103196,0.0024255055065870923
-0.031565868280214314,0.013949241034755904
-0.027122115337051972,0.0019608798086107855
-0.031882518113601634,-0.034208489993383086
-0.044951221762257292,-0.087379609762543206
-0.06516061999721065,-0.14899327308213872
-0.09107564404958704,-0.20916140171013872
-0.12119516432901727,-0.25821573754204613
-0.1540174194249177,-0.28814842283188796
-0.18591925780480092,-0.29562033949728639
-0.21820753301790663,-0.27557920545118109
-0.24873662610687275,-0.23113107487107071
-0.27467466637915272,-0.16585642887720545
-0.29288215219704872,-0.086547306407852381
-0.29986894159031907,-0.00131008299974852
-0.29227467328507506,0.081636233226545618
-0.26751699810830221,0.15508831221191902
-0.2265460970166665,0.21239302440517155
-0.16724390217835852,0.25234394748653993
-0.092996983116643547,0.27625161327629089
-0.0098233458547446924,0.28462821188821597
0.074400637564940697,0.2809877940253877
0.15052279540856095,0.26974516216713346
0.20935810141040581,0.25542467767707816
0.24311949177192652,0.24195773036075055
0.24591961616132815,0.2302775035310051
0.21846848895282237,0.22543593385311286
0.16186023530042687,0.22461422755501187
0.085440373003030548,0.22920089641219918
0.00037817017082066083,0.23769196817812308
-0.080378866695390988,0.24799035546499631
-0.14400103220972044,0.25786276416281412
-0.17976657593799081,0.26537085773508062
-0.18229201969278472,0.27056259170933439
-0.14784601116729346,0.2704019937517832
-0.079338407085182319,0.26737331065369291
0.013246975455355617,0.26090193320141347
0.11670003141199568,0.25246131817949324
0.21559708584001291,0.24393730498003835
0.29460031430206868,0.23727133990832663
0.34080965527233542,0.23408766980164553
0.34491562398715947,0.23563833713463475
0.30561766560856068,0.24152775391204714
0.22695383616689654,0.25134956762366473
0.11835432781147666,0.26308209908007502
-0.0059833950641916024,0.27440308261746726
-0.12944635145123096,0.28279527072599248
-0.23542681979014765,0.285980618942417
-0.30972805578213414,0.28234310354293329
-0.34346337047645858,0.27154037436614942
-0.33174130805430913,0.25310674864869898
-0.27489882831086554,0.23148895195286878
-0.18248857951664274,0.20726256565489223
-0.067005800375033023,0.18367017074593911
0.05659375883941431,0.16426371775712301
0.17312232017347115,0.15233646713601967
0.26931679958849108,0.15033551579533497
0.33647940249793301,0.1579987789994898
0.36797535797660974,0.17728353715082593
0.36633553928502727,0.20370083059752389
0.33481724492271536,0.23495563503863912
0.28187537268907881,0.26604638748407233
0.21816603085883732,0.29124770196645217
0.15479008756359997,0.30492008536174126
0.10159484268345181,0.3023810309271866
0.067261325248249348,0.28151068725715001
0.053710002279014714,0.24107421809972829
0.059156974172292195,0.18060716798367299
0.081774276075263747,0.10672574511512818
0.11581043480129065,0.026103236499883949
0.15422678880900514,-0.053496411411664981
0.1899716089694283,-0.12426693874336496
0.21714119458722561,-0.17943833849526472
0.22979057916123746,-0.21340877104451197
0.2293915579359537,-0.22466525423374945
0.21780252631207564,-0.21643335303343814
0.19720851452541535,-0.19008734768735025
0.17181947230227165,-0.15110099056033663
0.14612050378120492,-0.10629725916694746
0.12404846886585159,-0.062792425302345772
0.10835908796238775,-0.026906023231635427
0.10057348707418172,-0.0018566102122887906
0.10059054606899252,0.0087133445148203804
0.1040215438517412,0.0029524510180727061
0.11079081433154152,-0.014019142149909479
0.11840846769694544,-0.037007469983181079
0.12449060841806323,-0.059762868306117073
0.12712211664531045,-0.076050259558347599
0.12505611595928479,-0.080703163734961364
0.11802634578048987,-0.069681684038618769
0.10488485634172526,-0.042881268803719869
0.088816688965122972,-0.004655190970432572
0.067787667027689097,0.042889213351330502
0.041855236519822051,0.09401285685862347
0.011113476363038669,0.14210738903591214
-0.024207280677149282,0.18069515006297715
-0.063558794071327848,0.20440239003590674
-0.10673804302570383,0.21002327510152685
-0.14988598359898475,0.19649996947057372
-0.19335971938081908,0.16344826124304918
-0.2313148328358684,0.11611157329446052
-0.25965142092273197,0.060006037565584668
-0.27443864023054815,0.0014322529550659104
-0.27246114264891719,-0.053440325524039094
-0.25175271934315713,-0.099418713766421071
-0.21349657134125305,-0.13266618290233789
-0.15676840555980784,-0.15140276518019569
-0.086639457627887412,-0.15865341338997616
-0.0072573119780519509,-0.1544787109716865
0.074961714496893067,-0.14219103143979711
0.15287321319901567,-0.1258548038632504
0.21941931698723499,-0.10961705639083273
0.2684863312177791,-0.097079909459956523
0.2977345244588101,-0.091080097715852334
0.30236022289011683,-0.092887708532809088
0.28120847988070907,-0.10055190361564884
0.23884877656840978,-0.11427409500042163
0.18064690245858794,-0.13197342830666725
0.11352938622548853,-0.1510477785682221
0.045072845471239922,-0.16882145863461784
-0.017483031425253964,-0.18295781552093426
-0.066687001699179446,-0.19366952773330076
-0.10051395945401101,-0.19724381412790579
-0.11826708203199011,-0.19365320479217413
-0.11980948165376,-0.18380867070326531
-0.10787890616794937,-0.169055458508659
-0.086595478002099505,-0.151184620343432
-0.060672089579111924,-0.13213427534771413
-0.034582259925582469,-0.11370016889554893
-0.011531250275619446,-0.09540183754451538
0.0063129424979658554,-0.08115782338235937
0.017508575354186776,-0.070538332263362577
0.024391275268611099,-0.063741292029911883
0.029616702117597996,-0.060061431460419791
0.036402550341389416,-0.058326626979977779
0.047794557236316031,-0.057140666146326576
0.065967508815008999,-0.055165425177427306
0.093737658505276142,-0.053292461777759231
0.12667666577838368,-0.047672316539155421
0.16373062538984431,-0.040734110713401404
0.19968887829331083,-0.031643348463066656
0.2296417622203473,-0.021708108644761314
0.24884436729145462,-0.012800859935648787
0.25343407670800105,-0.0069750566934092886
0.24100539233349555,-0.0059825857761474383
0.21183632724464693,-0.011593393022085712
0.16534456540479539,-0.022575997566475839
0.10666085907171725,-0.036317213998101332
0.038227142497090312,-0.050697455755413116
-0.035165747708791988,-0.061795563894978568
-0.10839867639129459,-0.065280933467983013
-0.17657620583312694,-0.057172154025453802
-0.23550173583895867,-0.034653688906427622
-0.28348744863146202,0.0018406601602778984
-0.31563638931307109,0.052675052916401795
-0.33434443254616725,0.11470629990927129
-0.33753209675524715,0.18080373751372036
-0.32634637975405228,0.24296383479475581
-0.30291469222896172,0.29253079623432271
-0.2700816251859478,0.32144785423144584
-0.23111080346785201,0.3235400104611702
-0.19026800482965336,0.29535108701705731
-0.1495233432439417,0.23739663539868158
-0.11151857659259794,0.15598908523715346
-0.078906025252368256,0.057674270147914236
-0.053524495900693338,-0.046910101497176712
-0.036660915967719622,-0.14571483679971309
-0.029046638663473397,-0.22688125621602903
-0.030869022019040165,-0.28038214882862028
-0.04384426686487887,-0.29917859725268331
-0.064036818264798401,-0.28144237135665923
-0.090110569269867963,-0.22812770393091089
-0.12052265944438272,-0.14668520604504268
-0.15327802612892119,-0.04713488265096559
-0.18632507942080512,0.058546321505806367
-0.21764151518067196,0.1581070122565689
-0.24530237174079414,0.24070353069311046
-0.26665258056796426,0.30022454526190534
-0.28118717577841201,0.32942671479928581
-0.28860893563404388,0.32899760417940788
-0.28689777853923148,0.30236536048952423
-0.27522358016276827,0.25653613585349871
-0.25316411837041114,0.20061026668829948
-0.22081772153596504,0.14431484683392165
-0.17891411402339646,0.096516662814559381
-0.12919305406442957,0.065299863776411504
-0.072903644136920215,0.052183251944591433
-0.015000920625961612,0.05812364580162744
0.042825443638917292,0.079847825608995976
0.097034881124362177,0.11198847237994908
0.14402232996523734,0.14785900102658697
0.18053270177165368,0.1806330313386498
0.20411716333705116,0.20445737528461122
0.21502509903251982,0.21613467266566358
0.21061632769188629,0.21282708941187214
0.19596716902016853,0.1950714675714004
0.17210411771699743,0.16598190996017903
0.14354788222722534,0.12992234300394664
0.11572879765230669,0.091940182530160425
0.094229742673014594,0.056879010388098152
0.083910624445405813,0.028590386807133571
0.089525036837275057,0.0085541632231001651
0.10934375976308741,-0.00087052902326247158
0.14408159525483172,-0.0037432869874269776
0.18778078341455079,-0.00052605905569122707
0.23408330621453302,0.0053640383310056272
0.27565856193442956,0.010060333903899064
0.30529470415060789,0.0099044433917539251
0.31701770177519811,0.0020470835006516576
0.30617843950040452,-0.013203187204500085
0.27314032896108975,-0.039510929633780098
0.2203298078908755,-0.072513163944994519
0.15250849914601736,-0.11188766381327689
0.076832905246225505,-0.15427314754174573
0.0015479096653968883,-0.19564010638703533
-0.06518991317345206,-0.23187900044869472
-0.11646775509319841,-0.2594135954570751
-0.14903885282440654,-0.27439010194496033
-0.15940178443566846,-0.27724713035521642
-0.14609700716583621,-0.27092909504615292
-0.11524279955510627,-0.25544715874189339
-0.073035164445957507,-0.23387138966643384
-0.026842816164963822,-0.20994104521123289
0.015867159134127541,-0.1874512623313794
0.048552695000651541,-0.16961960384140476
0.067888692670701287,-0.16043511294403789
0.068776715589318207,-0.15728165185540582
0.052594955289143631,-0.16061351516064495
0.020336890807382518,-0.16687539858777972
-0.024183830763162554,-0.17251541294225242
-0.075863424972797397,-0.17380534975700634
-0.12908270486566537,-0.16750707503505355
-0.17848447923328631,-0.15146167799799445
-0.21875914001541791,-0.12581817735259704
-0.2477511695202862,-0.089871559502590959
-0.26588238895672117,-0.048223655270085354
-0.27163012638020689,-0.0030790722122994879
-0.26620839883265912,0.041110878869264456
-0.25169553886361756,0.07958036636788289
-0.23054814597933532,0.10787483621080403
-0.2051241164200962,0.12243116814394334
-0.17759004807745871,0.11967433683507872
-0.14835001437975731,0.10118428081672028
-0.11904368993445509,0.067376978272791793
-0.088343662134048567,0.021195720199249549
-0.05548833979513957,-0.033681555989352824
-0.019771902728505566,-0.093025702343243769
0.019096446051331453,-0.1525088577975024
0.060714058232911719,-0.20808900742684547
0.10530694142567747,-0.2554705441616274
0.14921343098968226,-0.29323026739699626
0.18717322889127005,-0.31881238023156216
0.21842935177861431,-0.33125839718953481
0.24026075736478739,-0.32986766499936343
0.25039914723642953,-0.31439616275129706
0.24734944076558879,-0.28505258949676071
0.23061699985815409,-0.24256980692460819
0.20227442083253991,-0.18643292691267144
0.16141232543078199,-0.1223809801475941
0.11206058133630493,-0.050482741838235715
0.056253217713374805,0.023060796006228408
-0.0026009246167288226,0.093600388918354788
-0.060893719999215529,0.15655007758651857
-0.1151251050155193,0.20784854903827527
-0.16218760263772433,0.24441504694869742
-0.20165287745694876,0.26263594769059784
-0.22853224790187521,0.26489857119101146
-0.24276978687081491,0.25426719487995342
-0.24389447082816842,0.23235892211413034
-0.23274221858406857,0.20316864876225615
-0.21105601600239168,0.17121539413272061
-0.18128918196390578,0.14097156333581812
-0.1463411531833656,0.11630383976758848
-0.11131264794627994,0.10082040747768505
-0.076396820067175436,0.094406220641923999
-0.042454441094628322,0.098259286794533884
-0.012966665253042658,0.10991465579976407
0.010583579359903377,0.12673101969856193
0.02725486675221251,0.14549895908289709
0.036593192838893958,0.16287955844839169
0.038535635567343691,0.1757913610576749
0.035354227137230083,0.18359229515161593
0.023769064964505125,0.18177282828656557
0.0066921968688996632,0.16848683275297668
-0.017119292178732967,0.14418130365439785
-0.047022147042564758,0.10928040745529563
-0.08184616099637157,0.064914258749745532
-0.11985557236765218,0.012838822120030033
-0.15880260838344409,-0.04462671280708131
-0.1975442510819003,-0.10654599420379308
-0.23076228426090253,-0.16731469371530547
-0.25732767566763753,-0.22103379341061866
-0.27390600484872296,-0.26594209208418496
-0.27887415779503699,-0.29853176132724757
-0.27160797301884221,-0.31573646267210465
-0.25248777429998437,-0.31526671356819219
-0.22274282470176246,-0.29594429731830946
-0.18387646663175175,-0.25770803256185359
-0.13787561855863598,-0.20318911982044691
-0.088607059764821999,-0.13379108810890011
-0.035926361483368259,-0.055800429957322213
0.019255260935767661,0.024938314846775635
0.076333773795120408,0.10220571959010223
0.13477141719357236,0.16999485893830005
0.19377176977004248,0.22307367455724911
0.25106768841224303,0.258807399592828
0.30531169213699089,0.2732966015491351
0.35519730684864065,0.26347523633111619
0.3951148972271229,0.23243194834801953
0.42047526304196481,0.18290240333433605
0.42684944662479596,0.11883466639013389
0.41070272646899159,0.04499991939991177
0.37014148232375088,-0.033404786731349834
0.30466062183043729,-0.1097681194950897
0.21836064020512305,-0.18091959994703352
0.1179953561654301,-0.24322082043111251
0.010624201974408687,-0.29201145893053393
-0.094294857281964919,-0.32419572720410555
-0.18683422869381561,-0.33756950267754504
-0.25781612842477036,-0.33096027315395621
-0.30002926475829672,-0.30436229876512244
-0.31072419895793818,-0.26094307596590932
-0.28697205630550088,-0.19990533138752861
-0.23275576055544034,-0.12734269985277136
-0.15446385973599935,-0.046534443288639905
-0.061644088398266648,0.036817485399902462
0.034493045346161787,0.11634881027994916
0.12253713553050204,0.18561514940337592
0.19238992049534698,0.23878795966142669
0.23454820189233921,0.27272202858364619
0.24787794165557067,0.28248569183103417
0.23422433022351247,0.2692339296848717
0.19613138131056865,0.23416009316046618
0.14066722402693771,0.18166788854020724
0.076827930358280769,0.11802112866156361
0.014169740616492609,0.050498444223656076
-0.038579612976298049,-0.013637474455644529
-0.074421801076510641,-0.066296188095633632
-0.090443326148561001,-0.10682822781661976
-0.083912049633956903,-0.1306084458615846
-0.058933622790892072,-0.14103467563233607
-0.020463971812198771,-0.14172992521180408
0.025191168530130315,-0.13765877247033573
0.071457791271907642,-0.13412687648138344
0.11250449925367152,-0.13573192457760697
0.14314542323593132,-0.14355141358374934
0.16310506924658666,-0.1606282617272487
0.16913875094641539,-0.18747356813312976
0.16525843582864896,-0.21802207066833057
0.15452577476076754,-0.24639965582658344
0.14041061511518038,-0.26600654793955081
0.12615403939661593,-0.27065846346697531
0.11430259258201969,-0.25570313441149628
0.10676990495767777,-0.21757399445574196
0.10448514466511769,-0.15942346475500668
0.1046691027988836,-0.083748808709250555
0.10928083122895141,0.0018350464716331838
0.11805609911795228,0.088807542617827195
0.13074256469412113,0.16806420421000612
0.14716606852860883,0.23113714029288174
0.16716511686875829,0.27131624366918583
0.18836133901345556,0.2847768404094756
0.21254777123145502,0.26945821651721391
0.24084703281555636,0.23011979514347494
0.2689768578427873,0.16935044909419633
0.29394276087599364,0.093732681809999524
0.31225994075378588,0.011023742645245584
0.32041275069963759,-0.070879419437075777
0.3154351617255764,-0.14493241537427115
0.29463359309153381,-0.20385517906999404
0.25971365915011257,-0.24675839546175468
0.21031449995176563,-0.27503817669760694
0.15200529688414538,-0.28793425024363978
0.090370389022742165,-0.28819997211029202
0.031796808265811598,-0.27958800173137571
-0.017389270350617568,-0.26616913905918144
-0.051841203777996059,-0.25170410778405555
-0.067725114333387904,-0.24105969150066422
-0.06445458080382685,-0.23328562947037906
-0.043084960587810188,-0.22915011587264983
-0.0079970846405500399,-0.22864772938456743
0.034804510305050509,-0.2309820770146401
0.078269585734925873,-0.23516754748927268
0.11535384555956917,-0.2402936969782456
0.14008761839937522,-0.24566608061608242
0.15054681669180542,-0.25215927744955297
0.14246235043304112,-0.25773238849967889
0.11646383172299106,-0.26030011318457674
0.077503743336705885,-0.26061073466479689
0.031815801324791851,-0.25778150653607906
-0.01313682328581153,-0.25068211656188977
-0.049787175414753478,-0.23811273713799885
-0.071610547774625333,-0.21910770445421035
-0.073233836595219842,-0.19465719656362301
-0.053953015397877703,-0.16368669128939414
-0.016016587843062452,-0.12633591878328052
0.03753760995090228,-0.087033295850295067
0.10063412386711504,-0.049896552941133564
0.16594157738229598,-0.019599249034737053
0.22594184950978158,-0.00068677664142254762
0.27399763096664459,0.003201503886448966
0.30378549944673572,-0.011824929026181319
0.31559872670088618,-0.041975917214930977
0.30727611118572301,-0.087519507740831323
0.28317540811898179,-0.14105766711542689
0.24783083981470461,-0.19552694149019922
0.20658109008068393,-0.24320243156498778
0.16467901246995045,-0.27673886653560781
0.12649838680934058,-0.29019543508984519
0.097013146363089997,-0.27907356295684999
0.074898576257177857,-0.24419977232826501
0.057198490763794366,-0.18563052393115537
0.0442637252022254,-0.10976285115169811
0.033622540049933911,-0.023538320355326697
0.022600352612734655,0.065149632400239951
0.0088513701177639261,0.14848913096501246
-0.0092380932440398016,0.21971355223403199
-0.032628417425953377,0.27575544201051999
-0.060671802498959981,0.31033130770573758
-0.091942668321877391,0.32605515612106156
-0.12518281122010672,0.32238587162225929
-0.15867224705099373,0.3026469068534533
-0.19079234874438925,0.27154992693924734
-0.22018868227903568,0.23448651768247336
-0.24579961984087167,0.19680333620684762
-0.26822939319548572,0.16397791566020792
-0.28406882097332514,0.1376307087791622
-0.29380886154565705,0.12262166177606595
-0.29506443915851394,0.11734364080651302
-0.28628747800240217,0.12099129124682539
-0.2660987460089364,0.13201687065044176
-0.23359767309202484,0.14849480646078442
-0.18871914617666202,0.16842955384434075
-0.13403135992760912,0.18860735762402994
-0.069840399661344504,0.20904920741938371
6.8512094268575148e-05,0.22994288983576944
0.070301459390757284,0.24851529316870366
0.13481021349494873,0.26331760140702987
0.18723028312277962,0.27283388365219274
0.22167061636998586,0.27551883304104335
0.23354993686115325,0.26992167781593734
0.22122781798580354,0.25623681066775339
0.18409398094104709,0.23163082184385753
0.12237745742620204,0.19682257815943274
0.043948138558918916,0.15237251784490655
-0.043295565619965837,0.10016823179909833
-0.13028608379987403,0.043049278293117776
-0.20788828614076471,-0.015476185438141809
-0.26803435494045424,-0.071659117795611044
-0.30443449580278892,-0.12336838244592999
-0.31405277625710215,-0.1664001212918392
-0.29798047696462054,-0.19681735736310996
-0.25818725385807673,-0.21650525657094943
-0.20006564810854277,-0.22681793567173875
-0.13072054116180654,-0.23017099260511531
-0.05792563071455091,-0.22954150410641658
0.010971376435311269,-0.22785399966564385
0.072081286778683751,-0.22709006277659008
0.11828954750555934,-0.22811115585938257
0.14902270507599499,-0.23306248522510442
0.16484974661820984,-0.23784818253516132
0.16884440192680941,-0.23914115120597473
0.16558612724919422,-0.23309759987942325
0.16023628186705111,-0.21612499516005956
0.15755260526988896,-0.18568038205690127
0.1630614039976889,-0.14231352894838911
0.17443954634713063,-0.08485050359346083
0.19423557397104013,-0.019076834481084628
0.21716204364794728,0.050990704978807241
0.23870640038099819,0.11839027135947283
0.25391681462105109,0.17545824402731633
0.25830776115267806,0.214934282371993
0.2486760409932747,0.23111459551328251
0.22339930909526062,0.2189682026860717
0.18346137630102749,0.1820213958916177
0.13290699849779844,0.12169892004542943
0.075278245128836782,0.046575908225986132
0.016006508713033926,-0.033965267115417773
-0.039255505930060164,-0.10962825511838845
-0.085440433905181565,-0.17061771456782468
-0.11876511838897598,-0.20900860009149269
-0.13751128563854761,-0.21959008053177179
-0.14070433372738717,-0.2008862507702569
-0.13227680073041076,-0.15801283076295738
-0.11390124891350036,-0.094767395594109002
-0.089823353136794973,-0.019458164119338244
-0.064786733656615317,0.058186217076877773
-0.043392982782324598,0.12839975453837035
-0.029523753711637291,0.18273955158857336
-0.027370257703300368,0.21603157526998287
-0.036654522571970827,0.22395287812168094
-0.054704523396246117,0.20842608194677964
-0.082402545276707068,0.17228931995244853
-0.11762967944021595,0.12180656853835344
-0.1576593942421336,0.064860953697060714
-0.19951521253627894,0.009781207733540246
-0.24028921140925574,-0.035825568769788707
-0.27826056275397648,-0.064163543661804198
-0.30980797694496776,-0.075288051158514419
-0.333832351839569,-0.065379566046605886
-0.34873145556714524,-0.038453624777589845
-0.3537174175549887,0.0016097096026028422
-0.34848682798826047,0.04994077559483117
-0.33319025029727695,0.10147276828806422
-0.30842060248129471,0.15161965899761362
-0.27551306486817606,0.19484615593443774
-0.23502390755799307,0.23134723938179336
-0.19096965607610589,0.2605295444085261
-0.14395667649082933,0.28112355100300185
-0.09644342648206039,0.29310470669784655
-0.051125315879374196,0.29657475284044299
-0.010692531563510318,0.2915716028635193
0.022478969939388433,0.27804242520356731
0.046361229771519047,0.25733339326586796
0.061091044764555881,0.22807604328780784
0.064905426177197842,0.1895243313789618
0.060993942272750158,0.14482159471361081
0.05198356874201801,0.096686441760537895
0.041066721561598421,0.048599604245733438
0.031570179232219928,0.0044134464827282928
0.02649505681959298,-0.03221323638950984
0.027804106184929459,-0.060355015417440899
0.036858129349647578,-0.076125249217772237
0.05479017187562895,-0.078468807339886745
0.079371627906150127,-0.071249004381620143
0.10826441003129648,-0.058824247385299483
0.13849723181384516,-0.046785696093218379
0.16690082868658235,-0.041037151102179294
0.19055362401794396,-0.046711498473552215
0.20511606020872464,-0.067380292909844722
0.21231003471755747,-0.10280058577793563
0.21182590865902254,-0.15239522146850526
0.20414313468440945,-0.20903608914471161
0.19067001610743028,-0.26463628007255735
0.17316574366851123,-0.30994599671288581
0.15344899766229225,-0.33600250277687449
0.13315302448578362,-0.33565346930959228
0.11327173951831973,-0.30571327462459014
0.094458802229738029,-0.2450910353747757
0.079983852682132872,-0.15805637797991684
0.067690571762331453,-0.053411733578319166
0.057395676578813178,0.057209020456228096
0.048991626399800349,0.160623103341032
0.042524785194376032,0.24397203298402459
0.038177786221653125,0.29662886418148571
0.034111676649896991,0.31319279668714639
0.032927457661478948,0.29023202562904404
0.036872096670893202,0.22972354811008913
0.043101371084707275,0.14168962348422101
0.050302618446343671,0.038656750514377398
0.056776124275194961,-0.064756258759916197
0.060695637215730243,-0.15392907806217737
0.060458039735487967,-0.21633809078665434
0.053006346977531038,-0.24144601822480161
0.041556891875246117,-0.22801218951410293
0.026385261481234826,-0.18025185288381435
0.010184434821487214,-0.10317794575061612
-0.0039362288050451251,-0.0075878682056352851
-0.012593506784738369,0.093510239253451519
-0.012668223083401708,0.18685960747864672
-0.0018606054454223002,0.26089059951687649
0.018777347033354694,0.30760171244795687
0.051928846191057886,0.32255214672646026
0.094516763116194349,0.3069163016159912
0.14323113536625398,0.26540416154598306
0.19316725728302739,0.206309545250596
0.23872805260470895,0.13978259772476959
0.27439539749194519,0.076173012563428844
0.29554943001499945,0.024444533070748443
0.29715168034882972,-0.007739063382726119
0.28206720043861139,-0.019869603820121665
0.24949006390907724,-0.011309910953881706
0.20515460215483766,0.01294270331814811
0.15485737982212039,0.046525536737021971
0.10512671849872152,0.082083429417689605
0.062328865056623405,0.1124930134292239
0.031814661082631798,0.13192138829871486
0.01635340126644302,0.13575023091810429
0.019134501873323686,0.12316269030270095
0.038092876821615364,0.097433897485265347
0.071621088430759788,0.059071264627074356
0.11557498582701689,0.011685085688507575
0.16479493294329997,-0.040591907043408232
0.21385457758098089,-0.093738128095133738
0.25780063832184202,-0.14431840056870443
0.29424146034444709,-0.18784387555076384
0.31864710805720864,-0.22491167663425793
0.33021658502693274,-0.25677769440993181
0.3301066834667718,-0.28083680138746514
0.32059534828153424,-0.29649897555205307
0.30491240825560539,-0.30315515807050403
0.28667853784873049,-0.30018810147036229
0.26933764296681301,-0.28714165938411662
0.25713653070998699,-0.26482304900832343
0.24966764366072999,-0.23319699182881776
0.24741846561127651,-0.19238902221688375
0.2501350342480248,-0.14693219165420832
0.25651307461276507,-0.10107679525757733
0.26483239423620197,-0.059740603581566867
0.27332340418519691,-0.027879519917921262
0.28049143912057184,-0.0097204208628585854
0.2856383759170511,-0.0087983698335628753
0.28801764052884038,-0.023801922432914849
0.28746345620359692,-0.055568484139520445
0.28490539674950977,-0.097436365029967442
0.28119871762310283,-0.14280057007344768
0.27716648355359086,-0.18410443075663799
0.27337178226025699,-0.21394926321766042
0.26995569540504111,-0.22625780407124668
0.26686142737260077,-0.21540666548503093
0.26350679765399965,-0.18359278984590593
0.25598276775093026,-0.13351619044104007
0.24537993620265275,-0.07077086275503304
0.23072891785908048,-0.0033969381351979782
0.21121254596702638,0.05952938152158109
0.18631166166481763,0.10922128368766838
0.15591548718027742,0.13848621498682545
0.11832519325592343,0.14090839668240832
0.077650472966886805,0.11854270187862338
0.034333235592186824,0.072303883315553583
-0.0096152718338932859,0.0088624867609842367
-0.052546195924348657,-0.063759128013345212
-0.093043948583089189,-0.13653371549852883
-0.13002131527982622,-0.20067216937852472
-0.16273290749879454,-0.24875521046932988
-0.18865933027015794,-0.27369374736195756
-0.21001230968457163,-0.27639509408888441
-0.22897329599739222,-0.25492544772447101
-0.24296580983275226,-0.21372920794747627
-0.2512563875478262,-0.15748220617075684
-0.25298083670340948,-0.091658103430959759
-0.24732119754949791,-0.021806303848179165
-0.23375429554300628,0.046987717015475897
-0.21379240234775509,0.11013008818470817
-0.1853200064770873,0.163913607511155
-0.15320882987501391,0.20810847101771804
-0.11764082938781083,0.23826983612382113
-0.081806087491501131,0.25231375257028521
-0.04951194047664869,0.24865431631990717
-0.024630713697049507,0.22638112287218662
-0.010412669945132982,0.1855657804986291
-0.0096665683258886411,0.12627614169724885
-0.020375425543947352,0.053625412811691267
-0.043350572838985774,-0.027329423959028154
-0.071802987631586587,-0.11014611738560548
-0.099495976265618152,-0.18695663763923809
-0.11956896988148327,-0.24951746850251733
-0.12561710395822176,-0.29021873470954485
-0.11280732656427443,-0.30318357660729767
-0.080312802282860918,-0.28446604915810941
-0.026056049775407073,-0.23612569215286866
0.042625657203221312,-0.16028212766693811
0.12097444318818711,-0.066259106947440763
0.19975097581426907,0.035350002844524761
0.2684835556297776,0.13260575762137711
0.31696705315433665,0.21375591535795321
0.33684103008077776,0.26880118127917907
0.32270046546631298,0.29058629503360955
0.27442364694562826,0.27698163803611597
0.19451663570034558,0.22845200031746971
0.09214815775277449,0.15181315515086863
-0.021079677795949776,0.056394059712471238
-0.13177776781310829,-0.046447540817328117
-0.22659746827698155,-0.14485720854916051
-0.29408257105911878,-0.22801754575403541
-0.32596852790368341,-0.28718812848425734
-0.31980248086601898,-0.31820853249570907
-0.27511370402414842,-0.31687465693913763
-0.19991943487456534,-0.28740565904799176
-0.10436009406882266,-0.23494147032417773
-0.00062829466578236581,-0.16646777037952973
0.098809465863924834,-0.089727906722744055
0.18295408418043341,-0.012198340454496271
0.24577062053297688,0.059454246424396451
0.27933656760457154,0.12111769995843066
0.28596368593612692,0.16859970290693893
0.26754570179254816,0.20151144582357602
0.23069794404599617,0.21993437820347561
0.18408197778201379,0.22479814487012298
0.13695470720139274,0.21747902431327748
0.097709968922177648,0.19951638782556505
0.072933037760588168,0.17438417896534572
0.065422760128796012,0.14104758883085666
0.075724114646467347,0.10057393756724503
0.10050772321211797,0.055951017044352014
0.13441497640997935,0.0099417071303322287
0.17079643873626338,-0.034145328073923502
0.20288611044320118,-0.072686916045255859
0.22492015981153271,-0.10215214103991267
0.2333157733394991,-0.12043453946270104
0.22605242669398729,-0.12512733280071586
0.20462426446081008,-0.11357921079539997
0.17188566028937224,-0.089544861288324423
0.13254822763209922,-0.056597005261293035
0.092020243404549909,-0.019605931052062143
0.05546910480730205,0.01593140313541502
0.026969653964682413,0.044719463605028056
0.0091662994662619519,0.063327117726163187
0.0025952368838944254,0.068653342983528043
0.0027925224199649239,0.058012875523117423
0.0087955183745582182,0.035666458728770105
0.016487155001360134,0.0059994988957426231
0.021369488877833954,-0.025289833844636195
0.019334236168088541,-0.052149127738407672
0.00736008341793237,-0.069226564707401142
-0.017439798836906134,-0.071490076258963142
-0.053031022104536016,-0.060394514125208895
-0.09461103448436893,-0.034542030401067174
-0.14072459665768153,-0.00031590326962907691
-0.1869523035095797,0.035998424374804959
-0.228597779734386,0.067322438521620204
-0.26134929767284748,0.086946066374470513
-0.28186660002348685,0.08965681301762124
-0.2873254849073128,0.071297294593144794
-0.27826497020189661,0.034214050062151932
-0.25776600414968531,-0.019022297861342932
-0.22672960510314599,-0.082154160389700442
-0.18842435179076869,-0.14750464295375784
-0.14655694221097099,-0.20681759470966776
-0.10480231398585753,-0.25244825157086848
-0.06639902433380887,-0.27844765349889539
-0.03356996018765257,-0.28327371841135363
-0.0081307777121806344,-0.26303056107314782
0.0079787901709754,-0.22236169424716959
0.01574160321361073,-0.1644954075685845
0.015836435674281162,-0.096046894869681529
0.0093190887911416935,-0.024761512151167456
-0.0025347470637242949,0.041506316766082553
-0.018318330123310713,0.095781599588313074
-0.035045793991152777,0.13305677225033441
-0.052850874972732824,0.14959884143423896
-0.071639928331952915,0.14597406032379068
-0.087786444636562946,0.1229260778656641
-0.098947390129292601,0.083975070452284667
-0.10278928538117921,0.034006295411913731
-0.097278569164205492,-0.021442978698701549
-0.081033512319041295,-0.076898047858809465
-0.055732424820732381,-0.12728964675308929
-0.018996592303060125,-0.16926318740870874
0.026057586880848364,-0.2007865482859745
0.076229470923802597,-0.2205397467510101
0.12673429438576908,-0.22860516420433385
0.17198749059738946,-0.22589083284126524
0.20631174995869303,-0.21377401769546547
0.2247642602329861,-0.19376590056875556
0.22483342716421839,-0.16860995172745313
0.20387287803560053,-0.13741649803480069
0.16385211509442862,-0.10090679979439524
0.10834801519663241,-0.05994931730795567
0.043498490530776937,-0.015231873274491008
-0.02307193395607177,0.032287160686695668
-0.08332992713160628,0.081254442657263545
-0.13004619255600222,0.12989038563498095
-0.16000085512329701,0.17525329536076034
-0.16825680011764665,0.21639332159433811
-0.15325979535385023,0.25055479370776174
-0.12140501275025957,0.27621177572378025
-0.079795067266695829,0.29203635963300167
-0.037190931146823897,0.2973194129933901
-0.0025910848324382759,0.29204365634270257
0.016284816204197985,0.27687023262985727
0.012892438005789823,0.25169063657564222
-0.012041567197943529,0.21965593210065115
-0.055806763833145111,0.1850399562679747
-0.11227023143120667,0.14770458314016063
-0.17223493631660305,0.10927190430006445
-0.22513863132462575,0.071162966986788576
-0.26073545173490198,0.034588381055738159
-0.27078574637613873,0.00058665870349137441
-0.24959794678752822,-0.028011483447715247
-0.19817252798644533,-0.052979486345185692
-0.12007780370421824,-0.074159258565629826
-0.023987248196735755,-0.089786031160766736
0.078813681907750968,-0.098776231195402367
0.17575475415842737,-0.10003317046147782
0.25481246834974985,-0.092642427256654947
0.30626647291441694,-0.076114101853019756
0.32264147050875885,-0.051980540733951891
0.30467293110380839,-0.019442738997052861
0.25577119355962225,0.020386520946373745
0.18317232470981812,0.063794917241278878
0.097335914813839478,0.1071274090023287
0.010112808491989912,0.14636213728705744
-0.066926235520956945,0.17762733428622765
-0.1240357342014967,0.19777530552671099
-0.15302233199582785,0.20302481701285663
-0.15265909519777407,0.19565429528121597
-0.12549107434651136,0.17880279084970591
-0.07410575713555527,0.15440173434874452
-0.0050256649439610829,0.12696324449142546
0.073836269893885489,0.10159155306859854
0.15430250939324408,0.083195130794191469
0.22892473116300779,0.075665888573842002
0.29083011526170643,0.080349334690837534
0.33694765956568112,0.098899477176104492
0.36607816312623109,0.12687821563408402
0.37669891509182962,0.16135369622488618
0.36943612874213305,0.19632894126841288
0.3457875387132241,0.22493462334257203
0.30779791774830373,0.24047336497614821
0.25787378368955249,0.23750902568593679
0.19845780459928811,0.21201128336853853
0.13305605668867032,0.16553822025782947
0.065692254891829172,0.098135240625671402
0.00029998994975197007,0.017790475298542045
-0.058426652915369401,-0.067339845373389384
-0.10562360781539523,-0.14810919562995978
-0.13675657808383918,-0.21560084054508669
-0.14826513356107024,-0.26230891348374663
-0.13794841872103283,-0.28500127467292374
-0.1070714073924692,-0.27868401030291357
-0.05644615806260702,-0.24437167745639879
0.006778358238061089,-0.18619553831274785
0.07493363240488278,-0.11047180128816871
0.13923288480829032,-0.025067258964633927
0.19089942746760954,0.06166713510972785
0.222393396787818,0.14196245415036032
0.22942504317588169,0.21089899822480498
0.20935861462996172,0.26213938686512628
0.16122028883593095,0.29458315133183566
0.092554555518796142,0.30843869837912502
0.01171978938796967,0.30628636146606647
-0.071187628899338815,0.29218796287371646
-0.14573237353037458,0.27090990438292523
-0.20259727335736721,0.24711811660329619
-0.23282180554966006,0.22331676191846825
-0.23632794995559561,0.20460908903239891
-0.21173984499518014,0.18989067118252559
-0.16409208437188968,0.18036049729673048
-0.10026710302122546,0.17448555390324416
-0.028767781320470327,0.16982846334300758
0.041559937765878081,0.16367695716174238
0.10276709131525447,0.1537165635426736
0.15028252766239542,0.14052187713580749
0.1790278415659928,0.12149568169572902
0.1857405433429738,0.097496279139653752
0.17454742137152096,0.072347691491213534
0.14953202265937779,0.05015879994642413
0.11594008411424234,0.035461671322903808
0.079259881246969532,0.032388356831434671
0.044385813116017546,0.043831872654259987
0.014695585551961808,0.071548548260326555
-0.0067647519952655716,0.11327194461056928
-0.021572968563163993,0.16335524861985939
-0.028889643648583836,0.21722199917930196
-0.030422037334115828,0.26750053758971415
-0.028489711149992974,0.30636392653976502
-0.025535331786521759,0.32668614194449852
-0.023700452256335172,0.32319373697036968
-0.026584867858471136,0.29261330514529049
-0.032104963219567836,0.23652916625932113
-0.039545118881977308,0.16187742987395962
-0.049353019935948851,0.074105491042070148
-0.060947012741402538,-0.017210517390713959
-0.073833315852298298,-0.10150387223547627
-0.087768221936274676,-0.1686741427089547
-0.10280919311671476,-0.21054112605615488
-0.11836717712239045,-0.22234078051629774
-0.13568389398534964,-0.20211100748417402
-0.15682706893541087,-0.15485293268005054
-0.18000860773066857,-0.085870933626094145
-0.20439833644033994,-0.0048113245925393427
-0.22865377127162143,0.077005596277973348
-0.2510380443018842,0.14815069896513677
-0.26964661327152384,0.19866582258437046
-0.28182418806592435,0.22277369899118316
-0.28809313707850148,0.21562462217135178
-0.2856453227969924,0.17562065549446168
-0.27647888851415986,0.10953973894087102
-0.26180516234408413,0.025436515442077697
-0.24330787331706319,-0.066683475595446573
-0.22284227697010098,-0.15629884772879318
-0.20209211471616897,-0.23379794515248745
-0.18195278972446682,-0.29141412016427909
-0.16303984722275633,-0.32473977138671356
-0.14611346797587665,-0.33355974301805591
-0.1289782419249331,-0.31878509334048555
-0.10975816085961271,-0.28468692157866232
-0.086388692855891694,-0.23720584113373702
-0.057060507674265612,-0.18292312778487482
-0.020661068198760239,-0.1280548559222866
0.020808571966373136,-0.077896260338526674
0.069417336868045826,-0.035055099517210989
0.12186686256045394,-0.0020852506932570818
0.17502549525909442,0.022347679072598402
0.22451664702702426,0.04001289503140653
0.265521246508235,0.053297094730055256
0.2934146889861009,0.064549141960654824
0.30443994394746066,0.075521243925241233
0.29484486827829531,0.086186867123989708
0.26643550959507351,0.098131047889391379
0.22106261195284138,0.10731363748616611
0.16219788269878813,0.1140590811013229
0.095063703537389466,0.11639122263863205
0.02569887350640401,0.1123547541432814
-0.039805485294604412,0.10044124209936799
-0.096079202251972751,0.079941335744203187
-0.1406059159360363,0.049268347581311232
-0.16925797471018283,0.01230081036714388
-0.18098291640420724,-0.02711637131479791
-0.17849603152275351,-0.067407727236529894
-0.1652499884785612,-0.10545362358517389
-0.14569707773595281,-0.13833700752400913
-0.12454045764991589,-0.16369505946125304
-0.10597223142965391,-0.17997680752848372
-0.094484349084494476,-0.18521779187964924
-0.089887554422240085,-0.18139342415158458
-0.089251514595444406,-0.17122818573064177
-0.092825866563614079,-0.15491858770770489
-0.097585404834118372,-0.13424024135926713
-0.099846639235709245,-0.11095139744642768
-0.095937867159517701,-0.086606786567884494
-0.08286366728245749,-0.062453486180944894
-0.057385511628819795,-0.041311088827088706
-0.022067874323533489,-0.021520492848460148
0.023924371084361573,-0.0013212279405681198
0.07584864349540478,0.01677663197052514
0.12959815396604704,0.032058885421206787
0.18084805680162697,0.043748664814098989
0.22566449993088938,0.051132248321815003
0.26100928986752975,0.053757025652121967
0.28301188441529052,0.052474770326988947
0.29448009000987352,0.046488664518522189
0.29538653663333803,0.038614756085116199
0.28794819650392195,0.030183608128944675
0.27446689689437476,0.024051463165199505
0.25721801379677767,0.023434344671563613
0.23815425963028106,0.031382100304261473
0.21876628770819859,0.050156417370146866
0.19805194536197041,0.081436031115444896
0.18065299318120887,0.12323125142184077
0.16406641881345591,0.1715059564888031
0.15166039796657185,0.22213481576525776
0.14464907891196366,0.26876916092238945
0.14403408307495208,0.30445557746800228
0.15042351517480229,0.32266088904368878
0.16381215380979222,0.31836141400780404
0.18542641436561766,0.2903689625108089
0.20999031419337158,0.2372828110489455
0.23632287452873316,0.16299130677214499
0.25965271537302737,0.074846463270963712
0.27585138961909378,-0.017601837757979483
0.28107016172365262,-0.10352903320292477
0.27228523052481407,-0.17230715525601681
0.2477897032702302,-0.21503502483791676
0.20960696552829142,-0.22399186596345724
0.15605802684373857,-0.20077740060750529
0.092299995655387962,-0.14579948016866123
0.022179812492072778,-0.067554181776030925
-0.048372222526690621,0.023798090799332813
-0.11283523820991249,0.11649092198591661
-0.164827246874827,0.19878224391343871
-0.19885440161605922,0.26055307990176924
-0.21126963800702259,0.29490525042941285
-0.19981466489915364,0.29797056701124403
-0.1645231654896761,0.27090815682680597
-0.1083445733921113,0.21789678015069533
-0.035888967884235776,0.14636422618660797
0.046812407421545202,0.065511896377508608
0.13298436587545595,-0.015068302856589146
0.21583291641661556,-0.086735834696092473
0.28892673404636482,-0.14425617614926003
0.34846456159050504,-0.18160551231538816
0.38817973901422431,-0.19857735653403089
0.40878047520108096,-0.1967063803584031
0.4103838817365274,-0.18012034239477159
0.39427001235512582,-0.15442168533582218
0.36251865975640041,-0.12571068631024335
0.31765224216332127,-0.099642586359459079
0.26380765659092342,-0.078765376733941322
0.2018095629879389,-0.068500750292079277
0.13238535317157082,-0.070494495481995725
0.059464602103153463,-0.083094268545625738
-0.014511550561091498,-0.10398173815590568
-0.087079835319278182,-0.12991681393049204
-0.15574266418859722,-0.15736850622657456
-0.21801374801678297,-0.18311117590318754
-0.27006306943197367,-0.20279759831654856
-0.31161143335841485,-0.21734656821231457
-0.34281450516259099,-0.22872683421398632
-0.3611395418846931,-0.23554145903043594
-0.36623641579057598,-0.23884925347244981
-0.35853823464407253,-0.23989795312192855
-0.33923483266625093,-0.23974637183187014
-0.31015253013518373,-0.23895227764263768
-0.27561377556027267,-0.23711259096798679
-0.23441110192652237,-0.2342445369301521
-0.19137502305360188,-0.22699253450990226
-0.14684104353523603,-0.21518599834434424
-0.10252452788370943,-0.19722894663523918
-0.060042303589728806,-0.17180172174578437
-0.020898891305446882,-0.13820330581972981
0.013543634229426569,-0.096630020426440241
0.04241204091419673,-0.048069705449659744
0.063862526043957632,0.005348859386319166
0.079406481630977382,0.057798147440481402
0.087156113072073466,0.1075530227417152
0.087229135873544819,0.15067468090285385
0.080291302543011367,0.18332219180303749
0.067469447319313355,0.20219564516325766
0.05017463134626924,0.20494603212050733
0.030745331902554979,0.19076376255908997
0.0097519066498230941,0.15932325153427498
-0.014615360771332481,0.11361095783273821
-0.039690919280948408,0.055771807083036549
-0.065381223043061792,-0.010185475843611057
-0.091999122515017379,-0.079600599545537193
-0.12001695149411097,-0.14763516180260736
-0.14973184543934553,-0.20975716925938331
-0.18297033853480738,-0.26244395638053131
-0.21482114031818292,-0.30281521966867042
-0.24649815048080834,-0.32832267285912364
-0.27257468576371879,-0.33968534307409015
-0.28937542845234021,-0.3379427540837851
-0.29344202377902023,-0.32500658832869889
-0.28208470267626501,-0.30333469189359069
-0.25387431304490188,-0.27559213450986808
-0.20987066647089489,-0.24407636451977538
-0.15131849127608785,-0.21189891329951252
-0.079147989935348079,-0.17892521010719439
-0.00062030273414413696,-0.14802505246890807
0.078242990783089397,-0.12014878485192594
0.15126778457868706,-0.095745854635128733
0.21279541162169374,-0.074888100516194711
0.25826605542429759,-0.057420755754789221
0.28552583085299926,-0.044463054688870234
0.29123921965986999,-0.034339018282478359
0.27886424204324017,-0.024592685091180837
0.24799085958936212,-0.017345336879257579
0.2017125392085326,-0.012923879528462752
0.14421458417756386,-0.011635871972468154
0.080334620908172297,-0.013635363499043358
0.015098927787172086,-0.018802486187692997
-0.045829955198649512,-0.027473473500041121
-0.09954250006815811,-0.037615588701396467
-0.14295548562752614,-0.047802850754960574
-0.17346386655093263,-0.056850172751751443
-0.18971382111942164,-0.06329393545923287
-0.19126108762070357,-0.065859060049861876
-0.17848034878349348,-0.063650478869949484
-0.1524586443674231,-0.05631077602865911
-0.11577169133387272,-0.042763328729926227
-0.069162755855851896,-0.025593675841354073
-0.015831315345244013,-0.0079230973920444998
0.041663391707727419,0.0097988518801484254
0.10014420631283176,0.025643561272240146
0.15624262911551814,0.037804665782267877
0.20659533584790282,0.044845471390791397
0.24809535037355812,0.045910722630681987
0.27846500060710111,0.041682696183822504
0.29499187912928393,0.030912725753735187
0.29898562620437741,0.017719939059257481
0.28906736301961317,0.001767210925919012
0.26652307112693285,-0.014858659715044582
0.23370809842612997,-0.029763835440338154
0.19375830605329267,-0.040531645362391691
0.15017982632751878,-0.045030981301860971
0.10608877853772593,-0.03980692896682287
0.064320886246862191,-0.027673787361407593
0.028814254865902469,-0.0058371831371955779
-0.0012222942532404161,0.022262387505765709
-0.026133633611603674,0.054556775847023883
-0.047050534467334579,0.088720454889056152
-0.065520738092303937,0.12241972399315827
-0.083074272643382796,0.15350672662000611
-0.10051035129704028,0.17986684444952677
-0.11793109735204714,0.20033345695542579
-0.13749729867724667,0.21406073864350669
-0.1553141836206704,0.21986988469176791
-0.16892711307061833,0.21708804872965218
-0.17569705255377061,0.20528145885917692
-0.17329611136914599,0.18431196509749168
-0.1601847528402213,0.1544419574773592
-0.13804282834334181,0.11565126050077457
-0.10477505506254646,0.070550860629848833
-0.06273190567808716,0.021502139701492926
-0.015641500269716682,-0.028956654312957551
0.032111051572121033,-0.07759988143581116
0.075725491077254625,-0.12108026550298784
0.1106228462315315,-0.15630825294012399
0.13309091133333215,-0.18086411133044458
0.13995993604891452,-0.19310489120435662
0.13181562307951611,-0.19349075292257509
0.1111440044869116,-0.18297921871580353
0.080202046471807203,-0.16462307531640671
0.043449436141443837,-0.14219921804725708
0.0060545462333796143,-0.11999444503234216
-0.026841252767477435,-0.10221861040662825
-0.050871236649946174,-0.09240213618915892
-0.061032568409852418,-0.092058127879059329
-0.05873991593229462,-0.1031168640746333
-0.047346444013869796,-0.1248473095407619
-0.0273619967466673,-0.1544345744318843
-0.0026474897261965957,-0.18800246106715207
0.02227225786291678,-0.22087138687727106
0.042948855866618264,-0.24820755298543948
0.055736925403157576,-0.26569510988107847
0.056920389302023228,-0.26985963039846811
0.048585478514687641,-0.25954986478165276
0.030608316822567965,-0.23442563728753973
0.0071070964408420497,-0.19660051459745739
-0.017717225498166386,-0.14928709712826976
-0.039368375787359848,-0.096592041889804581
-0.053732510728547983,-0.04294631909620255
-0.057655178092166602,0.0074676658207104389
-0.049039022678465778,0.050935383080481615
-0.028339950938442601,0.085964535863884084
0.0045569499426517364,0.10951673322578903
0.046274553188508614,0.12326043837335748
0.093594546977274581,0.12839946655373383
0.14301817651513896,0.12666984503924575
0.19114163706114204,0.11996402018344104
0.23490969791876626,0.11000380835190003
0.26967422128574303,0.10000853239902639
0.29619367819319309,0.088122669540547482
0.31352762169732262,0.073921983275940434
0.31930963279098562,0.058204146000672093
0.31214258535407319,0.040934047971236044
0.29080271060424817,0.022241568380592693
0.25447335748045652,0.0025411839544854918
0.20309723993151993,-0.017443670199020128
0.13806726485487236,-0.037569440566596723
0.06181665911460648,-0.05599175447150391
-0.022541275022233697,-0.070093074885328746
-0.1081456506872135,-0.080801569082505006
-0.1878419001202847,-0.08814472912165458
-0.25401972211595358,-0.09260601178773252
-0.29955238121014854,-0.095020059317629121
-0.31882672848143095,-0.096373939278419321
-0.30957821834311439,-0.096738556951697086
-0.27056464513075829,-0.098169264976652376
-0.20505388448286122,-0.099363058029377907
-0.12012634359802077,-0.10064624555717419
-0.02523865599995926,-0.10082589945299505
0.068626907646514301,-0.098198633558636131
0.15041654343085975,-0.09091196122857774
0.21055810374577838,-0.077431652867631776
0.24031734049591846,-0.056213139141837121
0.24023272017190017,-0.02961928775418618
0.21117862783477345,0.0032140603482197004
0.15953350112116046,0.036739588189810206
0.094558194686722774,0.066420990230358634
0.027305654571286329,0.087458424120655534
-0.031039770530405651,0.095531991400799071
-0.070840398894526826,0.087550589795375777
-0.08749162244386742,0.062550965046529974
-0.075180947245301222,0.021218024889401246
-0.035455305939454326,-0.033428756250102894
0.025945151490539012,-0.095702267970502811
0.10031500960138896,-0.15873129169526379
0.17704199030474929,-0.21505660359919401
0.24522399074804041,-0.25763267327952222
0.29529533436938682,-0.28081629924028229
0.31894284419061542,-0.28254595873711291
0.31593867589541447,-0.25978877547954499
0.28401263602478632,-0.21616116231969129
0.2302458358706137,-0.15551733676573468
0.16235300873208572,-0.084724538336361635
0.089470161906826787,-0.011961519405720997
0.020768726165788506,0.054367990528993035
-0.035825485087100623,0.10675992509736411
-0.076085329773972976,0.13933432489901942
-0.094536210687524866,0.14942562254698233
-0.092637464061753508,0.13730596135555836
-0.071765796974130963,0.10548074962061046
-0.036219633916101661,0.059062677536595429
0.0085095083158127291,0.0046814031084449186
0.056665164387578751,-0.050523336755858322
0.10308085135682793,-0.099936211773626632
0.14471566666174049,-0.13809742344187464
0.17721491865839678,-0.16257149969898813
0.20293740523155038,-0.17141120638323473
0.22025604082316788,-0.16705030971605475
0.23082662419653793,-0.15284046155687828
0.23704577246151823,-0.13314041858960468
0.24149576728037889,-0.11248545785666109
0.24641950608079813,-0.094792022531646591
0.2530169261817144,-0.080829855815363685
0.26274108679227093,-0.074678518266244512
0.27301628000710643,-0.074967246640653448
0.28421505180350853,-0.080037613637049823
0.29459348020307258,-0.086757695595748835
0.30212606204070441,-0.091395430893994642
0.30492621898888989,-0.0903111666010529
0.30164627430207858,-0.080625426808473732
0.29266820044970648,-0.060483454025855823
0.2770434598329799,-0.030247257154097894
0.25686225171935384,0.0080597066366189032
0.23406632478440559,0.05157549598442196
0.21148541746913521,0.096168524592581836
0.19211989546732255,0.13730743989755531
0.17865523921161849,0.17072231024145401
0.17299021817900961,0.1930248307621775
0.17791031559549136,0.20246345992955631
0.19024763574040324,0.19760495919677978
0.20549732882627364,0.18238637905740199
0.22264721194117845,0.15729933295867002
0.23794333756772182,0.12586810869904461
0.24746520568304456,0.092225788381700008
0.24770854454631427,0.060491095964551454
0.23613989289988574,0.034146168044404797
0.21016622934547227,0.016325742052151787
0.17249863003385835,0.006857859771143021
0.12546206226110368,0.0039934279618250761
0.07244406618748768,0.0063883288221897577
0.017976136049628302,0.010861250305326859
-0.033152414505234949,0.013749667993841442
-0.076514576393668043,0.011533630290722833
-0.10859915714813236,0.0014397290855854071
-0.12633742006608914,-0.016717121755900132
-0.13014731044382399,-0.045325356157393693
-0.12193926590436777,-0.081454801592411322
-0.10292830460144389,-0.12320431212123951
-0.076127556867347915,-0.16670093155199817
-0.045053084829906061,-0.20743939662754324
-0.013310080183251947,-0.24091741387049309
0.015756925867448448,-0.26328201919128652
0.040189248399553547,-0.27107476543149028
0.057096153420709707,-0.26477465854660537
0.062276266083841722,-0.24380695979526704
0.057147029336763848,-0.2115156049002197
0.041622872928148515,-0.17161540757542609
0.01608978767604129,-0.12846574292189591
-0.018608906562667268,-0.086469370681031638
-0.061118039566984111,-0.049502616812243792
-0.11094107902306118,-0.021273182021518615
-0.16245079600934156,-0.0022426076227302365
-0.21534714202412272,0.0075113359537608906
-0.26310090399532837,0.008639966789355108
-0.30111370085776734,0.002915234582880098
-0.32512731059016536,-0.0074319706258114127
-0.33173010095219918,-0.020119477623113106
-0.31883777568590987,-0.033169196332381641
-0.28695364785216942,-0.044344254747570623
-0.23576074350181198,-0.053701609578074141
-0.17087887388128245,-0.062840281021036254
-0.095626055351299741,-0.070634822546095224
-0.016134786422366983,-0.07760255071680261
0.060719074925439764,-0.084349922888777795
0.12806060446278822,-0.0913960903627178
0.17980182369438641,-0.099054544548588197
0.20930397723327063,-0.10820393388520799
0.21771008940352524,-0.11734223829868871
0.20242756473360982,-0.12671409196552086
0.16745155340120341,-0.13564764701016901
0.11705239999098882,-0.14391418415784024
0.056650534720697254,-0.15151502929042251
-0.0078571683471642655,-0.15864886011210927
-0.070750044804081952,-0.16559044183222577
-0.12732067856233073,-0.17223662234164913
-0.17349955630756164,-0.17896080715912063
-0.2055037061743854,-0.18474063193428283
-0.22299201958662393,-0.18878466889870971
-0.22587056837986766,-0.18952744259445661
-0.21493647886460956,-0.18509880489757102
-0.19163219243240148,-0.17365399455744648
-0.15784084226301837,-0.15378376686952858
-0.11486884783778441,-0.12357383471811546
-0.066407279408930556,-0.08638119581377543
-0.015322396188024523,-0.041326107586500564
0.035859884975760245,0.0060044514991107103
0.084281969046723096,0.051151651104365911
0.12718196436162552,0.089452904148447254
0.162091659662285,0.11668638234746867
0.18708346924169783,0.12969734574171163
0.20014905440913713,0.12609324620493775
0.20225492939687825,0.10734574656662448
0.19548125876813802,0.075897894525446624
0.18102406291492543,0.035403233905423312
0.16186234580984163,-0.0090732788043463835
0.14155620187585738,-0.051984249438676355
0.12380833298486738,-0.088026444629963715
0.11196992798922992,-0.11282742885363879
0.10651304134871127,-0.12430437882521594
0.11127288533528487,-0.12019521445707225
0.12859992134029424,-0.10106806711273104
0.15471964585875306,-0.069668012449156325
0.18656492158725854,-0.029839829904660331
0.22012754425871461,0.013742618285172155
0.25099578038114734,0.056187838171942311
0.2749440053796196,0.092977345677465267
0.28878102301886976,0.12235184545083776
0.29023541292115684,0.13863272152127462
0.27649131704851804,0.1421628762351726
0.24989163040909856,0.13203665642046769
0.21262101627631017,0.1095181495746277
0.16781434923591715,0.076974758413241917
0.11910176715305956,0.037518956235305885
0.07013140256054555,-0.0053966928408159713
0.024435064923537815,-0.048101605553681537
-0.016227459737433194,-0.088451151607790102
-0.048989725132425756,-0.12213704808650241
-0.074220148351443402,-0.14909597755588225
-0.092126731887855431,-0.16854640202490553
-0.10338158652218696,-0.18021450864543104
-0.10883355968740804,-0.18417477763037135
-0.10924556177782738,-0.18069759123595402
-0.10480995716690693,-0.16823809686432736
-0.096395676866571689,-0.15038825772461872
-0.082518939024053828,-0.12608623771497218
-0.063793252717434329,-0.096909992034042464
-0.039859062223439296,-0.06356914343006663
-0.010472932232005105,-0.02679359323878484
0.024271695205555287,0.012543310641671393
0.063754654461424073,0.053282940080155154
0.10524137726641102,0.094128423332593317
0.14956426180066873,0.13288538399800681
0.19192493690952192,0.16599358662222485
0.23125019766783497,0.19157435197996017
0.26467325511613193,0.20685958970807086
0.28928947903126007,0.20933351917195198
0.30251488082764744,0.1971243921014855
0.30246438455069152,0.16939976195072093
0.28740891637639771,0.12642356229692644
0.25943364010808706,0.070438369719295638
0.21895003422037579,0.0061524291413820355
0.17009367654479121,-0.06240307994608793
0.11696047709567947,-0.12950577478233727
0.064019369303112236,-0.18917120743961002
0.015580511717654805,-0.23588120486697289
-0.024726111323750882,-0.26532219865036144
-0.052918774688858992,-0.27312329446090178
-0.069479843310134043,-0.26174881748835588
-0.077330253267173438,-0.23414501801229518
-0.075911567464853058,-0.19387163835053642
-0.067725189799915778,-0.14681912705616859
-0.055860601679745846,-0.099629325190397716
-0.043500098477197345,-0.058812393639100319
-0.033424822578511031,-0.029878376146149053
-0.026720136996591322,-0.016342482459914529
-0.025536743471407771,-0.02030595291742145
-0.02982155236445351,-0.040587439057581401
-0.03793015202453414,-0.074592791185935578
-0.047632069584167637,-0.11771790914713381
-0.056202168109132665,-0.1642974299521526
-0.060869504701119313,-0.20839421633188862
-0.059257273076321379,-0.24457831084657955
-0.050626545327286727,-0.26993664406223861
-0.033275495088440868,-0.28015568610059927
-0.0066053535451046971,-0.27276800259658518
0.02697321552234026,-0.25013762308489018
0.065094632840798347,-0.2148000881040491
0.10487168824631918,-0.17036406882462515
0.14325085844327964,-0.12098807485252532
0.17735495062416556,-0.070871541614453512
0.20271241013375629,-0.02572639239784837
0.22104474406248845,0.014529171558454743
0.22974436267140028,0.046128001341726649
0.22970108806235898,0.068709307622289814
0.22130653011849702,0.081637604742507683
0.20515735823858602,0.084653094209648033
0.18192712644968145,0.077763022849786742
0.15231321327612213,0.061218193166420819
0.11559497459313481,0.034763493342422791
0.075618582831905048,0.00091956259376410187
0.030425738218198925,-0.040027033700058792
-0.016001304976582316,-0.084863487880249236
-0.061616006306256424,-0.13067391596511538
-0.10436485123864295,-0.17419079091335721
-0.14231777328879217,-0.21205557384030849
-0.17380478237943647,-0.24114856368923704
-0.19724868820732283,-0.25704461594501637
-0.21240376985461554,-0.26170042971656388
-0.21855244476227825,-0.25167635047782222
-0.21633711543243112,-0.23005792936278882
-0.20654340269847005,-0.1988814466961053
-0.19027811907315056,-0.16073709233284325
-0.16883106724072422,-0.11843352476331484
-0.14353385012007031,-0.074672090559023047
-0.11592838051459199,-0.032590347999600089
-0.086728269012157411,0.0072149626723221399
-0.056428561315686063,0.043824240322467997
-0.025956938799632762,0.076438043676061745
0.0042478157167186318,0.10495133666375252
0.03389508983251615,0.12953378816816671
0.062785840267141402,0.15048934451709417
0.090760293844351039,0.16815529059223
0.11677965447356951,0.18475322080713399
0.14193869926448829,0.19702587906890467
0.16628291357881161,0.20827999708550088
0.18932801832784213,0.2165939672654853
0.21080815118226784,0.22232976930579357
0.23038784071843399,0.22625403514679152
0.24767061867670193,0.22940673510267634
0.26220872571860787,0.23283472783696782
0.271459880717901,0.23588781726784924
0.27859232228970859,0.24059150279304017
0.28070195606520137,0.24612538687266133
0.27917789194477899,0.2502926625109323
0.27373789327678288,0.25015597975923504
0.26390739743854896,0.24215945302867226
0.24911649469784083,0.22275210981645546
0.22886985329017787,0.18914796477113524
0.20266412519750165,0.13981588388568936
0.17153039088407013,0.076139776667739079
0.13513325927569911,0.0010146731987186709
0.096148883652217201,-0.079550447768901078
0.056922691791609095,-0.15802747627014851
0.020122621507772942,-0.22602444646237763
-0.011573121262194711,-0.2754747917552765
-0.035828043307523004,-0.29990924839688421
-0.0518627947448322,-0.29478669799450519
-0.058074173119541467,-0.26182386595037865
-0.052960865673232209,-0.20195932255490859
-0.039577802226832048,-0.12475875581416626
-0.020397239287825632,-0.040460352261892485
0.0015798764859600706,0.039503049646026883
0.023269314129135989,0.10410842931183771
0.041971737822041978,0.14433453514484409
0.054909728192872709,0.15639078607171983
0.062361651651188503,0.13575003593718729
0.065800912632219419,0.086093317212629875
0.065839299539143692,0.013975853797337741
0.064804554814725981,-0.070512002354798514
0.065449856586882085,-0.15543773747476997
0.07045563037782987,-0.22872530318995049
0.081923986059263862,-0.27987397678857479
0.1006569185432665,-0.30170868526876476
0.12721563392119584,-0.2899845726359413
0.15879359048447736,-0.24771690572119512
0.19368785695037083,-0.17863523589262251
0.22837957010128709,-0.091285625609994397
0.25889210151270631,0.0036152119984832506
0.281366981353109,0.094753215554588696
0.29264752604121952,0.17182461004740926
0.28872202806131558,0.22720156815477868
0.27303954259476421,0.25657601863810708
0.24361773377742696,0.25668311492687867
0.20573549938948049,0.23264260160992115
0.16346018252049832,0.19053114964084983
0.12112292561297121,0.1381206961525398
0.082745177004431222,0.083544767841476297
0.051559763366566869,0.034010268866137706
0.031746725840539509,-0.0038889963672257507
0.021495220875993613,-0.029358695013186966
0.018897694086189586,-0.043411411001457054
0.024301199299141304,-0.047810775867225812
0.036086526912263932,-0.046804102020811075
0.052447206845238917,-0.045369134783404146
0.071637508770767355,-0.048212035627561114
0.092114307090140693,-0.058877695686937633
0.11226791719821018,-0.080470919064996982
0.13129537262665847,-0.11118848024329843
0.14841744042457902,-0.14636169480307251
0.1621093472833238,-0.18423539407722558
0.17101292976212767,-0.22031434737003283
0.17372471091289779,-0.25000948354590796
0.16900210850650582,-0.26936775039648453
0.15606760950377466,-0.27565998943318321
0.13406979106129541,-0.26584237043627557
0.10560528614523317,-0.24311237444365247
0.072501731380186243,-0.21025050106482154
0.038770843807221164,-0.1695734163270449
0.0089372994808049021,-0.12467441706937274
-0.012221325328093975,-0.079104237582427642
-0.020382164617476165,-0.035968358690835978
-0.012433829967602969,0.0023101516243064888
0.012553208037471914,0.035398289300881999
0.054196453807498511,0.059502702362859448
0.10760062160296761,0.076843795502796797
0.1679143867520243,0.084682814071075918
0.22767422172240953,0.082471924529947158
0.27859055233098845,0.069985186599967927
0.31266940160481499,0.047423026960554886
0.32338451686340103,0.015575041459635548
0.30583432355764778,-0.023732072745941121
0.26128444500952397,-0.068015292916958708
0.18949614209778765,-0.11570805266947475
0.09899630409360434,-0.16108302211196862
-0.0013197128919328564,-0.19933666411343709
-0.10128043976822219,-0.22574829335977578
-0.19075755183093127,-0.23628933846051206
-0.26096091635809099,-0.22824299888174138
-0.30522618671740576,-0.20154649337810904
-0.32067491709511681,-0.15615311638379589
-0.30780976971483737,-0.096145591152474466
-0.26963622631182926,-0.026727913187089763
-0.21197627405290551,0.045049000777734736
-0.14224629963833801,0.11133634222530162
-0.068389125302146192,0.16444023683025236
0.0021646094514242648,0.19781777292523986
0.06540903654709157,0.20507255568651631
0.1143232510897689,0.18707238142016053
0.14612218699554355,0.14576263107005591
0.16178859613041582,0.08438962590757168
0.16326800449340959,0.0092297050977569565
0.1537839850561907,-0.072051919789373212
0.13718013864281209,-0.15140427986275695
0.11728267316070513,-0.22141595072253428
0.099433807529145518,-0.27593833750283109
0.083143476664553378,-0.31231471485316631
0.068980869506305914,-0.32664923476420171
0.058275344732087647,-0.32232898803419729
0.050902196545432946,-0.30271029463604132
0.046446371358357122,-0.27232037965321454
0.044463901232975722,-0.23608117269426313
0.044662022287008503,-0.1985821407075811
0.044910100611474039,-0.16161477308442673
0.048586593873686745,-0.13048101069519213
0.055020659728213593,-0.10631482281025374
0.064651199240424895,-0.088850703854912366
0.077059887836959676,-0.077014159656155198
0.091139139590943122,-0.069028300684232838
0.10512546565677493,-0.062829287240756704
0.11679953063813733,-0.056444892006406885
0.12411489568337064,-0.050175970808611157
0.12524485961389514,-0.040108217344601307
0.11605124560281779,-0.025735018230582468
0.098516797630833791,-0.0072550693091965315
0.07359334965683581,0.014853885356961373
0.043125125335878901,0.039718164795298889
0.0095478971705929248,0.066246426973334202
-0.024533246159380392,0.093300101396944682
-0.058278769454264363,0.11901802195888898
-0.088505841519050305,0.14334194085550503
-0.11209367258456818,0.16731847010651893
-0.13187213537892478,0.18894628656345802
-0.14962898362887439,0.20768540634027916
-0.16776213474514065,0.22303917115036603
-0.18871496582804734,0.23447798933973582
-0.21434364069673292,0.24137005951550039
-0.24445141666927347,0.2410429510929015
-0.27939897649469764,0.23597708112485816
-0.31676287641573625,0.22296776232243165
-0.35200446938901819,0.20278190371377383
-0.3796902493937967,0.1747822259948523
-0.39395549414927533,0.13844695621650105
-0.38944473463076906,0.093614437921526433
-0.36229058224182786,0.04076763500732828
-0.31184686741188716,-0.01788689572278165
-0.2378360769748111,-0.081757841356416727
-0.14608652558728732,-0.14448648572888709
-0.042734597540534783,-0.2037821878150872
0.063052638802908664,-0.25468302902180984
0.16105787274670097,-0.29195077811469144
0.24136733082145914,-0.31074611094759536
0.29577909169423622,-0.30738489816146197
0.32051223139769353,-0.28140426257924955
0.31195785315023383,-0.23173186885082253
0.27271879136561261,-0.15997710642606663
0.20965967146310846,-0.073342584769539601
0.1325216806723109,0.020286966580309165
0.05288018627300136,0.11189318223099246
-0.017506665292156762,0.19246887972599208
-0.068417597383139378,0.25424163608461026
-0.091222110693984795,0.29043305806182035
-0.084882737509721432,0.30080327288599834
-0.051909869755565448,0.28676955625797057
0.0026923335286413814,0.25281715785762848
0.069708127932710834,0.20632107521578996
0.13803200340872124,0.15617288526403475
0.19640229493136604,0.11143012262717523
0.23515215964451566,0.079926303447784758
0.24681944318848492,0.067332690260204026
0.23017250016652535,0.075632567610295187
0.18737346077749006,0.10230769977466783
0.12413616002359881,0.14349466372230771
0.049480350462746646,0.19193648269428165
-0.026006667360083956,0.23895635615933031
-0.091823635951105362,0.27584307714718997
-0.13914953588440096,0.29523786138865188
-0.16124754643021738,0.29148810188879787
-0.15806128266819416,0.2649299550935475
-0.12843142759119305,0.21478277901310089
-0.080151568129001705,0.1485219448767878
-0.021335696626337632,0.073983500708807173
0.038851730153437875,7.0827056123402141e-05
0.091576749376984692,-0.064539576933061865
0.12955239729136206,-0.11259079963350924
0.1482087307761035,-0.14051398503940823
0.14439863531178004,-0.14421893908285319
0.12180969406757967,-0.12442378746334071
0.081217877777563743,-0.084751354059486902
0.027255593813982262,-0.030566031183421043
-0.034437726267966463,0.03162072095819559
-0.098027837999213149,0.095079627486948787
-0.15818485325978596,0.15371177349082821
-0.21087120419014824,0.20351219237163826
-0.25186375216991425,0.23943233654524002
-0.28221222295689335,0.26282429415190423
-0.29876536896614508,0.27160186322098523
-0.30139780178016545,0.26699415038695212
-0.29073773170919104,0.25124908327162543
-0.26796545561134599,0.22717170013456225
-0.23467071705130133,0.19768100828205495
-0.19249052921237189,0.16680538180211246
-0.14424197548473197,0.13526651113941016
-0.09208228228641889,0.10233841926667714
-0.039337142971053785,0.071232855111145979
0.010727850806828622,0.042900969402558012
0.054783912183140451,0.01806512422784556
0.089692841594903011,-0.0026455872915499713
0.11282064421201282,-0.018599036372956335
0.12031114972161872,-0.029399627799541292
0.11515987101388916,-0.033696278917200326
0.095588944096230574,-0.032103554144545389
0.065408893740513369,-0.023349297097363102
0.027863235855402388,-0.0074342899577018286
-0.01326305396585881,0.015049926909187205
-0.054055282494241574,0.042874266790782704
-0.090876039575297093,0.074225029711137092
-0.12159325569329386,0.10874879806713759
-0.14299028184535512,0.14166564430334497
-0.15287393269383945,0.16830550646635797
-0.15205401959305048,0.18863131548297227
-0.14138816370219878,0.20131462019769619
-0.12246474545865585,0.20572462473626763
-0.097367714965778354,0.20191575180132995
-0.068442201140100134,0.19051574501131224
-0.038383561407376941,0.17064277821124571
-0.0087420194995582474,0.14615291116945991
0.017138208939577779,0.11894545311403355
0.038522811932079272,0.089141016750616961
0.054080534758458428,0.057254672915189792
0.062802858590851163,0.023432858567555566
0.064077384007821508,-0.012369018917383923
0.057793409108277571,-0.050115828177734495
0.043579441571619616,-0.089659262904252621
0.02354019029503962,-0.12905998157775861
0.0015002385056117236,-0.16835873449149183
-0.021534626302516641,-0.20330570937148484
-0.042604258287093362,-0.23054901175004652
-0.058530628645680344,-0.2467304203702165
-0.066283813567543148,-0.2490430254820156
-0.063396343134242139,-0.23580881750935256
-0.049240444062658893,-0.20561845773058968
-0.022695772720879647,-0.16200339443286299
0.016901751180907358,-0.11042200365845765
0.06531745615904222,-0.054939540907261226
0.11860736819566928,-0.0020310521822954103
0.17209323843590385,0.04157105595706162
0.22092155002936426,0.069806801622709122
0.2606600491304672,0.07821176781004148
0.28989928252130687,0.065497231129734088
0.30366180293193468,0.031048886081342771
0.30065421711810769,-0.020941347407519316
0.28291352002155007,-0.084579439099441781
0.25317138583262189,-0.15173093379860503
0.21533133486566328,-0.21331133789589762
0.17391336455459971,-0.26048992111214742
0.13343025611511999,-0.28590307629995004
0.098083120929272447,-0.28279901365893906
0.069942613544005536,-0.25221613688696881
0.051704985901992379,-0.19676539791931918
0.042297629737654927,-0.12074386797725904
0.040309748360781245,-0.031700930624102328
0.043494878880323697,0.061386336199687905
0.049263060472932128,0.14928764367743261
0.055196337563174484,0.22367741121886719
0.060380287452943035,0.27837770338663109
0.06248831739656887,0.3095009363998521
0.062278416882363574,0.31411782220102158
0.060500480711610821,0.29533509647022183
0.058985449347139028,0.25705051694401382
0.059938410127674986,0.20456498629960018
0.065428771342033912,0.14375769605445013
0.076872671798042205,0.080314996760165222
0.096655303930102271,0.020477504501262844
0.12066340861660126,-0.034421309208300652
0.14646749751141527,-0.080615744565169095
0.17067951813689458,-0.11797511622673527
0.18907735161803041,-0.14635870886013944
0.19751252311836712,-0.16609738040658434
0.19255941213812774,-0.17772700820854778
0.17209543779861453,-0.18184611206133569
0.1354237622620246,-0.17776057909057535
0.084400615422222589,-0.16886367424189555
0.022687213164899665,-0.15423415242713837
-0.045256985945968151,-0.13723892499658305
-0.1137824818094061,-0.12022743139685602
-0.17702477946311362,-0.10574331833314694
-0.22961439161978953,-0.096275276545817703
-0.26731333960347459,-0.09392825617670203
-0.28602281511176975,-0.09979780660408917
-0.28656756426134777,-0.11453228470508518
-0.27258732248786954,-0.13752778712636662
-0.24451322069877057,-0.16629850031826085
-0.20600981175579305,-0.19753684609949143
-0.16143975511945355,-0.22722854325641267
-0.11535133020691868,-0.25119077294219261
-0.072010133384988101,-0.26568389378356644
-0.034153660516364016,-0.26935327304842377
-0.005598705937359871,-0.25950977765181354
0.010833649646192319,-0.23433832093439663
0.01527273287109937,-0.19824761456072865
0.0078479974889584837,-0.15527630433946063
-0.010580028920685904,-0.11045185788746614
-0.038562727251758931,-0.069099984477173013
-0.074173564281168183,-0.036105517043958028
-0.11713421230570112,-0.016050673199811107
-0.16146349710521826,-0.0091886559638391339
-0.20494632308912841,-0.018530992881427132
-0.24388159836266676,-0.040190543231858902
-0.27503718557782758,-0.07077921643787928
-0.29561474357214063,-0.10607621655124529
-0.30351864158514447,-0.14167291958003345
-0.29760403507554395,-0.17359401900942822
-0.27992053871865807,-0.19907190010806752
-0.24821102887744739,-0.21581013609317715
-0.20649095055889716,-0.22379265451297803
-0.15704134851392637,-0.22346890623112048
-0.10401310649076891,-0.21652094302529348
-0.052178750557858145,-0.20518171458639042
-0.0064406165310014665,-0.19177617744032208
0.02872463491352412,-0.17829363336386825
0.047753632105934481,-0.16687275679876767
0.052038342032322792,-0.15718402747442312
0.039598215015364896,-0.14714736964275824
0.01298931294012127,-0.13720922160318069
-0.024754521887824111,-0.12603694570932
-0.069635871222684845,-0.11218200314596592
-0.11717320755107251,-0.094400448125237249
-0.16289248645605278,-0.07192749027405837
-0.20070831822631802,-0.043305160972603986
-0.23123670500229865,-0.011529427465594082
-0.24898509150656647,0.023480475756319185
-0.25522945370867295,0.058896230729796557
-0.24983009949368754,0.092628121129516516
-0.23308272006456759,0.12280606787591211
-0.20557127659090715,0.14800449016760558
-0.16811355662758071,0.1673622637713455
-0.12092283929464157,0.18248304194713416
-0.066944499584721207,0.18996679825915444
-0.007602727286591472,0.19324767944580531
0.054124398752480526,0.19057531534183683
0.11511470061512223,0.18236054548432115
0.17200521920172521,0.16925419302896913
0.2215092636921088,0.15212617108255527
0.26081755187480432,0.13204676487869366
0.28596408828614023,0.11053463350760756
0.2991913705477437,0.088467731158017676
0.30213606019913269,0.067739798562111667
0.29618734658911944,0.049484163146459682
0.28466638849423981,0.035032926148298782
0.27148166931239559,0.025523699047566576
0.26052843308745549,0.021761204621702491
0.25504536149742246,0.024082833521965656
0.25556984001695859,0.030897723781303503
0.26406168132276475,0.042994995134455954
0.28162929943587184,0.060502693588831806
0.30286146802025793,0.079930280978704263
0.32308801333860948,0.098715512693805699
0.33699707540097418,0.11412317713656263
0.33943046356650913,0.12354051672364612
0.32618157344344473,0.12477928484165395
0.29555371581063389,0.11715795728750823
0.24578257177505325,0.098361755157596778
0.17837908292577059,0.070788512352318061
0.097466013406130841,0.034155890101276079
0.0085993148745689956,-0.0094768860604125486
-0.081599518672565652,-0.057267176197041837
-0.16623725563047023,-0.10591110778873743
-0.23895846190643993,-0.1520404987651868
-0.29318790878254525,-0.19344812540910442
-0.3283486252205044,-0.22665294489793192
-0.34083215318137589,-0.25009207064522437
-0.33313784613040226,-0.26375397214301738
-0.30779706329989714,-0.26843235369828811
-0.26832701511694118,-0.26577019613913044
-0.21867280394876668,-0.25789652499153543
-0.16269812816709714,-0.24698871383509882
-0.10174331611372961,-0.23565046489164201
-0.041996190887398532,-0.22322031146840035
0.016170882002237052,-0.21181647808987517
0.07026893998064182,-0.19895426039540526
0.11940463946985626,-0.18290029825724424
0.16320581626836578,-0.16172665093335897
0.20158281828625318,-0.13378863822589324
0.23449517240360893,-0.098188035279669073
0.26088672656524114,-0.057033862531859214
0.28239422772316397,-0.0086275298686799562
0.29537486490220533,0.042760672821081175
0.30146942747607186,0.094368466278095642
0.30005792147332722,0.14177768274785751
0.29045424560266636,0.18027319078942503
0.27211176158297451,0.20550546812968828
0.24485509187428925,0.21417040451763802
0.20821069050621338,0.20324239704204933
0.16536338198886052,0.17527217211509247
0.11523166369504023,0.13214384072796423
0.062859153199042547,0.078742125765736221
0.011496697062253177,0.021006962500637445
-0.03572565450117067,-0.034534069086511264
-0.076184749987659339,-0.081605726149097835
-0.10809703047165257,-0.11500316899545902
-0.13104072492307323,-0.1304534928654861
-0.14431671329206402,-0.12766308130347004
-0.15232096566333764,-0.10860520362179076
-0.15500968066043821,-0.075486287879411626
-0.15503571046473016,-0.032879363491432181
-0.15531572743344146,0.01377905577073083
-0.15858488711713484,0.058976218808245405
-0.1669488580182224,0.097885500929663596
-0.18355759159629961,0.12888627531635258
-0.20573925733065468,0.14677016920190666
-0.22956578070251149,0.15376095234659123
-0.25461164225555566,0.1498233334952786
-0.27763642579710857,0.13782270626743168
-0.29507448846640988,0.1216662540920886
-0.30354053981475193,0.10566394634226553
-0.30032665084142685,0.093857445643923815
-0.28293173754706197,0.091317450092059577
-0.25274262049259327,0.096334471363574078
-0.20953141632857059,0.11220195313678547
-0.15682498668195241,0.13540288883811935
-0.098128013866769628,0.16335461295355211
-0.037362885059907293,0.19298990240925781
0.021581381568767655,0.22124612070304375
0.075240954270756305,0.24548195048587726
0.11939102700251863,0.26186386481236024
0.15509131326894882,0.27213477211117487
0.17822046363530877,0.27598615034123097
0.1910447790657073,0.27352649758362463
0.19416940615961251,0.26533779770087385
0.18838860395745008,0.25195933305473178
0.1745902630604777,0.23373315708458445
0.1537872027243499,0.21077462184931933
0.12578584980127633,0.18225557574443418
0.09507419081337487,0.14993225591730089
0.06168983801574271,0.11212204064236116
0.030425604860121951,0.071267204198395523
0.0049049145886805989,0.028867562115822046
-0.011312384543766566,-0.013250385021449681
-0.015198242738744504,-0.05312265297768725
-0.0047645912274831143,-0.088915617633045826
0.018423057333147714,-0.11787001441613
0.055938663433774106,-0.14165298435092821
0.10538207327853877,-0.15906245610902126
0.16092825808286199,-0.17221007998962126
0.21622698149069813,-0.18297187264729234
0.26425256332069358,-0.1934684059788602
0.29822354701378334,-0.20565875320329993
0.3125834810870175,-0.22092778851688508
0.30535875934147633,-0.24001095905858236
0.27310504213772985,-0.26154762866043851
0.22048181628902966,-0.28486526938853435
0.15094753026818575,-0.30615151381412753
0.071978386517573739,-0.32181869056573509
-0.0073068137327344969,-0.32819527289727451
-0.077358367493969335,-0.32207230749678006
-0.12953395364415204,-0.30120833341801406
-0.15706178965587184,-0.26498617215362003
-0.1577383979348409,-0.21338783993434277
-0.1290056282866677,-0.14981283188810529
-0.077234725620273365,-0.076881358828348553
-0.009657627935174622,0.00092362950111395982
0.064684719485289269,0.078535595877617367
0.13631205499503032,0.15083267761888428
0.19672217575374129,0.21315360261485275
0.23992547588075633,0.26254601591406823
0.26256441037413303,0.29581380255284673
0.26374342539060097,0.30929034640616337
0.2479875827631258,0.30525872858773778
0.22147022361236673,0.28528261849509884
0.19176215669601121,0.25181582332310398
0.166498984371106,0.20788196813359949
0.15206576609564046,0.15676854509268801
0.15456618755090831,0.099874029912107878
0.17213179588417879,0.043709736166311575
0.20177184280356975,-0.011117550675128757
0.23936709129482414,-0.060431912090065577
0.27806284547484483,-0.10206412908905056
0.31028049583137324,-0.13455269608426587
0.32894991310866095,-0.15712952905305597
0.32864063984055203,-0.16964843339041988
0.30611944454285034,-0.1705784351538423
0.26193566302848326,-0.16388670834892166
0.19854733242210751,-0.1491218169231609
0.12169824530009976,-0.12855070997858759
0.038457040628906265,-0.10349451727711927
-0.043501665849274236,-0.075090707532737597
-0.11693284689156684,-0.044341035166185573
-0.17591958307165112,-0.012239527986637555
-0.21856401970101241,0.019788004152515488
-0.23930554210289545,0.050059429742908473
-0.24188236404880631,0.079248004356703802
-0.22617257000731586,0.10289820018150457
-0.19577570925380877,0.11831392261134156
-0.15539008671776569,0.12301964515658494
-0.11017657974739219,0.11519305297726937
-0.065149928492768086,0.094105864561386934
-0.023795922370052958,0.062387841901233455
0.0088506584982766014,0.018867523350021023
0.031944551884434721,-0.029439639024853914
0.043334010873992655,-0.079446113927983175
0.042910061756618725,-0.12503677474036776
0.031540034302826696,-0.15966524095559059
0.010814447879018715,-0.17726225407805518
-0.017225818486867488,-0.1732244851234126
-0.05004725395008721,-0.14450923107108621
-0.085377893449364528,-0.092548497399042917
-0.12306820625325689,-0.023883457164892735
-0.15950866236029956,0.056494180251096537
-0.19280393304062926,0.13935090732440605
-0.22131088682911157,0.21422886716062128
-0.24361125018047594,0.27086549322314579
-0.25847412238538314,0.30070255961455655
-0.2662980227358327,0.29688968390781278
-0.26341151016950026,0.26034514514108303
-0.25140361484694412,0.19270126440391055
-0.22804733051057038,0.1022156881607429
-0.19321341995128641,-0.00052679180737987951
-0.14757120157526143,-0.10324955657657243
-0.092678535680700405,-0.19370487328931293
-0.030969253041680019,-0.26140334278394017
0.034076530117066885,-0.30043909335184632
0.099883961488138634,-0.30611210387483734
0.15964167654239525,-0.27833626087600916
0.21195429885317471,-0.22436347941566886
0.25369610795055059,-0.15346296115607211
0.28231180874809986,-0.076852064383787805
0.29603279181843495,-0.0060353378422640701
0.29404028754305239,0.048834943812829046
0.27450181712762312,0.081684823413411822
0.24138967554836246,0.086703438504404151
0.19856754176010374,0.063937052746033993
0.14748972696496807,0.017473478456293417
0.091498326328795038,-0.045827059873889575
0.034100562526802547,-0.11721128509156822
-0.021278413020782327,-0.18737936053855483
-0.071508904221464317,-0.24781222721339452
-0.11538612778849824,-0.28998443704131599
-0.14861702300334051,-0.31275263907906797
-0.16957270780444583,-0.3150528057572049
-0.17761999324391922,-0.29835815539075061
-0.17258730489559615,-0.26640167300018541
-0.15504689633844543,-0.22406512100246606
-0.1262779969331605,-0.1764711181962976
-0.088206691065143061,-0.12816683270843823
-0.042440030158508085,-0.08225650699907501
0.0066232706767978076,-0.041335133038625634
0.056322576743938167,-0.0046848159301283105
0.10292576235196643,0.027446068568955023
0.14323200260932539,0.056386987557589273
0.17454792589359666,0.083705784178609591
0.19493465913997193,0.11069958234542331
0.20340435111479163,0.13799939007615428
0.19857224178161578,0.16454151432700823
0.18320932116726185,0.19107730787086916
0.16203904250348397,0.21300449524375442
0.13574373982207294,0.23036589696418389
0.10752942931003026,0.2411368426138602
0.080763337427759291,0.2434555737683417
0.058641086261942116,0.23593480674149861
0.043870309762835673,0.21790028502451836
0.037529859066274429,0.19141833086456375
0.042123349773200446,0.15393467571980679
0.057133343383648137,0.11017065025933398
0.082060216038357336,0.060090174156502314
0.1151766482412909,0.0061456335046014225
0.15399900710608289,-0.048826567610624129
0.19552526557832575,-0.10187450012872479
0.23650119913193834,-0.15022683157436559
0.27515193783433223,-0.18968088842948622
0.30688901933409374,-0.22148421151626665
0.32662368377172807,-0.24489059652391396
0.33471736840136007,-0.25982404760450228
0.33023893517070374,-0.2670786857425434
0.31304940036869505,-0.26784200806995428
0.28380171741839999,-0.26344914766111066
0.2439139857397162,-0.25513814539813645
0.19522074787516056,-0.24465973553359024
0.14063287083545412,-0.23189322792304287
0.084538053068488911,-0.21444387939155898
0.02946669518267905,-0.19414852794755411
-0.02107678607487572,-0.17071770000539854
-0.063736160822507965,-0.14381365190955031
-0.09556943932124165,-0.11326791915797153
-0.11431198290403918,-0.079291456690024756
-0.11948431227417176,-0.044530182179133501
-0.10951990280183434,-0.0076688755199811054
-0.085011997198977451,0.030117543651601044
-0.048160980409757949,0.065636689610455781
-0.0018875122955203541,0.096146496267907791
0.050116965038496296,0.11883857724266023
0.10371279083053113,0.1311792800453091
0.15467686271841083,0.13124690312900408
0.19877366316580886,0.11882802472593046
0.23361026487247111,0.093167168779746429
0.25463781749444026,0.053758332288761299
0.26212342587897292,0.004400604630440179
0.25582404778007534,-0.051580630042840116
0.23637249100600075,-0.11031517820647073
0.20515267468259973,-0.16778085092689723
0.16415502049081829,-0.22020260809230752
0.11436200977644548,-0.26251133137718657
0.060920749901530971,-0.2948999222525725
0.0061139494544823793,-0.31759041141667471
-0.046596734043611157,-0.32887976221995624
-0.094289685060708103,-0.32921036882965937
-0.13445196956178593,-0.3196193078043581
-0.1651093993567416,-0.30149646212747477
-0.18491913866760701,-0.27634037795029126
-0.19468861708355989,-0.24636527786464596
-0.19148508520591945,-0.21192748528872921
-0.1790841646030718,-0.1722056423931938
-0.1562454944751461,-0.12936782051664045
-0.12451920144098307,-0.084102038737167845
-0.08612404611931869,-0.037086220161017924
-0.043791545780393702,0.010887405080872929
-0.00053404004682705163,0.058812272737921861
0.041516354706627186,0.10623162816381526
0.078758953495517134,0.14973655681265197
0.10717774016066628,0.19039994748989839
0.12701282164669156,0.22423667813426326
0.13790798691727854,0.24947150942258106
0.14034509093609418,0.26485115637037709
0.1355167044587334,0.26976343192100849
0.12512627661838929,0.26424777946064681
0.11026710989162808,0.25025713115767539
0.094013412698587512,0.22658627086740207
0.07921973170716716,0.19504017829643117
0.066382572778465987,0.15640452970115953
0.056406629718746194,0.11179581851567903
0.049739612396800054,0.062386827850778502
0.046460996496152748,0.0094608817090527358
0.046420315252395414,-0.045495738010508935
0.048512157057108159,-0.099883668579223178
0.054431275746471469,-0.15254527052085171
0.061993235915449023,-0.20193893973164773
0.073139285652398522,-0.24441218673039472
0.088283037199010955,-0.27703404187038272
0.10760138525897782,-0.29708869228126983
0.13086050804131821,-0.3024359714375337
0.15727993631643317,-0.29187187003291648
0.18634653708471777,-0.26623981401852759
0.21500370271631525,-0.226351293056168
0.23976346679545524,-0.17262478821343588
0.25890938585553563,-0.11134293368439657
0.26994264175638022,-0.047775681777685458
0.2707753623739122,0.012466047871379006
0.26003130905722316,0.06404098886846514
0.23728957415853033,0.10247642174174841
0.20411223788861518,0.12277790969146769
0.16044963603240089,0.12588011953607128
0.11129499828153672,0.11449813459543746
0.058455435890034858,0.088753137796697315
0.0057998922003250145,0.05197957281366597
-0.042568822804610953,0.0083675078221616926
-0.082734260830138476,-0.037589339696665433
-0.11139319143496842,-0.081653647116141551
-0.12535087696899147,-0.12168539689474869
-0.12482381037253223,-0.15290267065253382
-0.11038518195516925,-0.17551298626800246
-0.083437827840832868,-0.18852788244036875
-0.046754367666354518,-0.19296699242343213
-0.00385624702524049,-0.19074415946462747
0.041383071037963813,-0.18425653767202615
0.085147772606053912,-0.17593538931684782
0.12610170836779708,-0.1691875063691563
0.15866151631662645,-0.16263731473094709
0.18018941599613844,-0.15963463399678099
0.19068088203461275,-0.15749260548535737
0.19027934002282645,-0.15493453003756913
0.1800027731401623,-0.15051258383513846
0.16150833901698611,-0.1429154355813019
0.13681577311161908,-0.13121060609337423
0.10891228247216769,-0.11687931364655592
0.078484568354842868,-0.097368602820439576
0.04693113509983729,-0.072492112268224995
0.015765620627682886,-0.043942155652466404
-0.014123766197561652,-0.012868485633627646
-0.042115775086166853,0.019485039561103926
-0.067760741132556673,0.05193512636867989
-0.090682795653496739,0.083469091205902166
-0.11021139953492999,0.11248716688198579
-0.12590149806099588,0.13906182734752018
-0.13927579581184318,0.16527268020203748
-0.14823687138140654,0.18871359768758098
-0.15232472286198662,0.20895081014328457
-0.15138708772300172,0.22562038020321087
-0.14568666305228484,0.23843186080848289
-0.13595558922174217,0.2471833095754454
-0.12543871738958814,0.25151459531758652
-0.11202491109835039,0.25216909424550893
-0.09991463967081976,0.24820163135568174
-0.089107941754610107,0.24098686222937468
-0.081215378217160225,0.23120277184230961
-0.077841613352603201,0.21960480332823673
-0.080385839668676989,0.2069908931904598
-0.089815496113488547,0.1941723214598372
-0.10850313863399384,0.18005356223684149
-0.13305147148983015,0.16808002559546995
-0.16124320236638909,0.15973019550788028
-0.19172929562026997,0.15481812460540756
-0.22178933787809285,0.15369308087184383
-0.248512489376777,0.15639138831934188
-0.26915578425345094,0.16263044019610529
-0.28150893342462452,0.17183626855228148
-0.28215404125460075,0.18455819755781563
-0.27368380403953085,0.19728954787791911
-0.25774270605824368,0.21113885498722293
-0.23529078922721172,0.22347123643514846
-0.20877791769020054,0.23334137832938415
-0.18090459165037232,0.24022715176492299
-0.15423354547724136,0.24402052010103878
-0.13083472451638484,0.24492514137909929
-0.10996524594726304,0.2430152568142942
-0.094939859598963297,0.23873224792401565
-0.086110713127947408,0.23320625581795462
-0.081363031566767122,0.22524769210427806
-0.078773496343166202,0.21418025778584671
-0.076025991832846959,0.19917700993036755
-0.070742487894287498,0.17950514529790146
-0.060799518623193674,0.15482424538573011
-0.043707873376102893,0.12574801792308199
-0.020210094694984648,0.093367008644551192
0.011213078253404443,0.058832800286264614
0.048860800734746392,0.026163533007473268
0.091381406724075603,-0.00087940804250146798
0.13705650544070119,-0.018469515192500559
0.18394869005548201,-0.023309159020781373
0.23001052219855614,-0.013237206570835417
0.2734428207146648,0.010898323807618687
0.31138972501854456,0.050356768972222923
0.34301134818709139,0.098767888244153362
0.36519515964293914,0.15313505419843038
0.37590137741827701,0.20708152281638265
0.37343501677730651,0.25348278056496248
0.35662418879379065,0.28541176812364633
0.3250040816293201,0.2971572965906662
0.27868370121430602,0.28542509733005378
0.2191986489738332,0.24950811148000329
0.15005890027257007,0.18999559939138663
0.0735004497046714,0.11383752118304524
-0.006665833572315755,0.028970713546710596
-0.086224157663887566,-0.055348400280887257
-0.16092116492836092,-0.12979433042823227
-0.22686552796339748,-0.18626675808538296
-0.2829594586594486,-0.2171342217466011
-0.32458187885814588,-0.22232969272941328
-0.34840286057277037,-0.20431279266359498
-0.35704301022732715,-0.16592195343491895
-0.35231403937160344,-0.11388170038890988
-0.33698413562575991,-0.056399859618043502
-0.31438288371192302,-0.0019143133384531324
-0.28795605744594288,0.042164975750415321
-0.25936589242634245,0.069165440515067178
-0.23364083500838212,0.079303743444008687
-0.21084871355918583,0.070257505385380642
-0.19268158863403739,0.047685715733968827
-0.17884137105707207,0.017263613488750305
-0.16810884731761763,-0.014443474337858541
-0.15868568570710193,-0.041069457652338159
-0.14863058693104086,-0.05742325454031056
-0.1348444708848251,-0.059389903366993006
-0.11876933340465377,-0.046907388844363358
-0.099737484370120449,-0.022112105671993766
-0.079199426074141946,0.012850688453855143
-0.058985449347139042,0.053801102604514477
-0.041239464765143882,0.096037891327553901
-0.027969703854277057,0.13501496660568507
-0.020591655789957281,0.16688221036963827
-0.018669210920814711,0.1901743276667715
-0.022135671156406144,0.20119504486124029
-0.031679165459323512,0.19919121894414968
-0.041977746589718139,0.18458432438478509
-0.049168897698142706,0.15822633549285098
-0.049391275587360645,0.12145381864967357
-0.039425776641360169,0.07594210650386371
-0.017281886195968255,0.023654582166786568
0.01531055972584074,-0.033395121337611279
0.06067266725466406,-0.09147387219015099
0.11222756409310645,-0.15009652981902974
0.16764665564079986,-0.20345508078209304
0.22128442513016103,-0.24748059237277875
0.26688799403832425,-0.27829059443292309
0.29840586136983849,-0.29261532555217062
0.31083727412063228,-0.28825078059982651
0.30187469281095058,-0.26365223717929814
0.26864236542323267,-0.22155512490621779
0.21590264480777763,-0.16281835131814024
0.14545635569408424,-0.093655847169209466
0.063362138875925567,-0.020096293965066684
-0.022844607400009268,0.051284492997124585
-0.10513376460907339,0.11407242556804741
-0.17607316697448477,0.16271529849972999
-0.23015472266401293,0.19501509545184592
-0.26423985478944378,0.20589028976968607
-0.27507586841763315,0.19513977094879964
-0.26743067809280374,0.16473472456043645
-0.24635879153351559,0.1182237321459962
-0.21836164918481255,0.060528353594569685
-0.19027126925971391,-0.0026729380113016152
-0.16809088631310046,-0.065613124608391818
-0.15744868644290433,-0.12116915337119713
-0.15797512270790831,-0.1682001785377395
-0.16753925849249557,-0.20318607181230486
-0.18327113748061763,-0.22528489472529886
-0.19958749110008189,-0.23459914577360796
-0.21006464142311415,-0.23218612985622608
-0.20859302696659029,-0.21974114075734497
-0.19050180045194087,-0.19928837667033641
-0.15141149718613209,-0.17428515137106065
-0.095170780514409845,-0.1441947077657186
-0.024518733391194994,-0.11298876892263013
0.053966842223335344,-0.080696723810661203
0.13247222384176904,-0.048804760506486716
0.20276363449435983,-0.018986933334496473
0.25734834867273038,0.0069035147557682287
0.29050351091440413,0.026955894911654232
0.30107229187503426,0.0375271114397078
0.28561451359617862,0.040169032936385102
0.24656151839114182,0.034311638030660507
0.18891661838888832,0.020091183837331033
0.1192076916627194,-0.0012980952964239351
0.044900863413305181,-0.027984675027629795
-0.026530651054702908,-0.057652841885462644
-0.088453923260851233,-0.087864837705996554
-0.13778542847052599,-0.11560365785113384
-0.16740021064901364,-0.1411157191252338
-0.17924732844139732,-0.16078829923349366
-0.17138584895875178,-0.17690994523992695
-0.1457729171733162,-0.19048606138578775
-0.10582724108225845,-0.20285296917661266
-0.055930779873491522,-0.21533902307218281
-0.00089052942258140914,-0.2289307495503462
0.056034825028946744,-0.24319154557874184
0.1078464893165919,-0.25854363454555429
0.15337908939835548,-0.27552223990577351
0.18828506470557513,-0.29076987273995336
0.21084544502577862,-0.3018541392436348
0.22044913248227366,-0.30626075622776106
0.21740646015657153,-0.30175686447706235
0.20267569032741353,-0.28671329159757075
0.17726649595856994,-0.25844264647034976
0.14252129480625636,-0.22032665356840161
0.10165175547471247,-0.17201276252377184
0.054016230271905025,-0.11652645352153042
0.00033832753298801188,-0.056460116776050777
-0.05856053253267899,0.0054994444431570033
-0.12150656128232581,0.066798978955409857
-0.18672286244316622,0.12515744621209238
-0.25017857140638572,0.17833734337652676
-0.31103912107580944,0.22462000835505239
-0.36368418777761929,0.26432252665976874
-0.40466802894857767,0.29451105653514215
-0.42949044437207395,0.31374360148131342
-0.43403254656915941,0.32079835871430273
-0.41521196777396535,0.31482265520115421
-0.37164005724635835,0.29552867386646609
-0.3021112607279739,0.26366843473770102
-0.21253649638639607,0.2203229279126771
-0.11130483073492152,0.16758031393174186
-0.0042834893203232225,0.10907625304502916
0.099277653719949746,0.048890726862427236
0.1897934495427766,-0.0085632360268072076
0.25849375374250233,-0.059034017670042072
0.29856926820925733,-0.098971413540714884
0.30525719243064858,-0.12629869847712322
0.27930395633962979,-0.14009489940735828
0.22515064909647015,-0.1402753869656434
0.14861727273079461,-0.13042658836306364
0.058939480340406115,-0.11464890359661328
-0.033277153294596164,-0.097792771154222233
-0.11742381714313584,-0.084741763664401795
-0.18425715794064432,-0.079660831841537702
-0.22501401659261888,-0.084514015252707672
-0.23941404030997332,-0.10210658601011731
-0.22775692806785333,-0.12853307548518089
-0.19357625288426092,-0.1629684088172289
-0.14328663166112407,-0.2009870590972114
-0.084868139493726735,-0.23708450485062985
-0.026708140965058212,-0.26550831114105145
0.023508657364186142,-0.28116620063786141
0.061167569416047937,-0.28181844656926425
0.080574718803380435,-0.26452261875212468
0.078475119886878858,-0.2278943096813924
0.057215468786087492,-0.17738963527168317
0.019586269894385663,-0.11853659868803865
-0.030311259792919189,-0.05804082454445459
-0.087709807673196985,-0.0028052289327875892
-0.1477538706897418,0.041087465283935039
-0.20564076557988192,0.067914830589411487
-0.25860709745486543,0.078209939231726866
-0.30058381990753724,0.070454782967511953
-0.33149247000735538,0.049394396830180244
-0.34969826882645205,0.020157012466663342
-0.3539723060338032,-0.011257299151117645
-0.34351090178164218,-0.038950381707612287
-0.31807990899875904,-0.058050804603143547
-0.27854514747532977,-0.063548520050359547
-0.22677326210899795,-0.056830187971133886
-0.16290126446853331,-0.04146538194375031
-0.093514895876529558,-0.0186385294570185
-0.024194383985358746,0.0073208468422615138
0.038896642239135873,0.031595888996781063
0.089652374435696361,0.049695389242150056
0.12276086490519314,0.058183039525534136
0.13354396133948235,0.05602035747601878
0.12235463131782062,0.041662483665617027
0.086954811581188646,0.018154748091144392
0.033019497603953986,-0.012262956746312455
-0.033881450601395822,-0.045471210153876854
-0.10691394775464895,-0.076892788291298572
-0.17882796442420257,-0.10213382915956441
-0.24284488763920575,-0.11755693330876305
-0.29139982096826228,-0.12043453946270104
-0.32452375018251484,-0.11040888989272207
-0.3383466564439469,-0.086691768851487008
-0.33542253478768042,-0.051889383746641038
-0.31841546234160228,-0.0086844349983653171
-0.29098711469511901,0.039739260481285205
-0.25716356004823504,0.090061784628095748
-0.22075785341447465,0.13911455385083241
-0.18288033786401031,0.18216564396790455
-0.14889831492596944,0.21910455990509201
-0.12016972298053168,0.25016084811455686
-0.097014124373151156,0.27159196472484493
-0.07924937285144433,0.28177968088353522
-0.066145736449109468,0.27938044995137606
-0.056681424228590994,0.26344783532197674
-0.049755116215936916,0.2336220901515482
-0.044031425494991679,0.1906231961936678
-0.039531642768425038,0.13557844164070795
-0.033381605694798443,0.07074898652851111
-0.026593292892478498,0.00011390971366474581
-0.018655682836678397,-0.071709051297425649
-0.0089698986887311732,-0.13958268626557274
0.0030942851187062701,-0.19839033447741283
0.018055493111613419,-0.24365694022105744
0.035827043016394715,-0.27134377040532737
0.055867581764365501,-0.28131633837379366
0.079945496784310593,-0.27358044827073513
0.10394183687109805,-0.25105050658121769
0.12520512777291617,-0.21797688166025581
0.14076999765815595,-0.17962439959627585
0.14772164915255198,-0.14150893949524621
0.14360136687584651,-0.10857870245213409
0.1264971257157399,-0.085283313698085422
0.096678873949168506,-0.072049714893896444
0.053707053648849416,-0.069068738818121519
0.00074787584639564981,-0.073609173261944466
-0.058881765906007279,-0.081701185244802799
-0.12119657401788302,-0.088561326844168606
-0.18198697248085727,-0.089420707405693842
-0.23727980293955342,-0.080349857158194884
-0.28404342784778674,-0.058133229562833663
-0.3201356924856274,-0.023867572870015466
-0.34154615836724816,0.022057585248707743
-0.35054756495081296,0.075092989310953484
-0.34828971842181,0.13023873166820873
-0.33656475027401694,0.18195629183464535
-0.31748638311269767,0.2249451886578295
-0.29319043505872583,0.25484722365429135
-0.26589216349851491,0.26850313864427183
-0.2371846380073421,0.26564986056825785
-0.20625898771832651,0.24501740179812304
-0.17558435016603846,0.21039910527639508
-0.14583413454968042,0.16528530681401463
-0.11743927128718767,0.11368717243000941
-0.090689050332457416,0.059634520754396
-0.065821171820472063,0.0067796907444224192
-0.04513595850719776,-0.043744143325993037
-0.025812675621318906,-0.086220065660653197
-0.0081107883480996887,-0.12120335633722175
0.0075299652044317185,-0.14586634777632604
0.020864246971355437,-0.15941450979605426
0.031597791985790526,-0.16168308279414575
0.039462313458992183,-0.15309148318058766
0.044301431494354206,-0.13461115474369695
0.048205884161231193,-0.10963968088667475
0.048369226568280209,-0.077865382940253455
0.045331395225677876,-0.039492789913733166
0.040103585346952728,0.00058484235174009562
0.033780852542864295,0.039072204283408719
0.027721389268230315,0.072626083549370155
0.023353568197271475,0.098161628206943866
0.021929077803281641,0.11318258584355323
0.023969354509934728,0.11636282261661234
0.030379297103221136,0.10655517288665516
0.039262015614319204,0.085737862968354936
0.050243458142542795,0.0550049239683452
0.061358452343646695,0.01740794561306722
0.070213857940652422,-0.02315754466297738
0.074410827059012988,-0.062385235438184035
0.07204282980992148,-0.096066747221729518
0.06130041017204315,-0.12087376932248207
0.043290072836018698,-0.13392192063482547
0.022610590783339907,-0.13367555280875487
0.00029241356913598193,-0.12066198076044601
-0.019513560266338242,-0.096493787896267835
-0.0321712324896231,-0.063843749115253284
-0.033324669882860466,-0.026006607918141897
-0.019726609052959105,0.013609208108836967
0.011483233471289449,0.050079975153577899
0.056360389331616016,0.084738292548577163
0.11446146948395269,0.11341482192108238
0.177421393965119,0.13832496813742881
0.23749554315145391,0.16042622468542178
0.28652484441106979,0.18094776325600601
0.31707304765609245,0.20100404830872157
0.32350902265154596,0.22126335160956814
0.30315981525155716,0.24200199926484578
0.25567177895702264,0.26198472666346367
0.18493231295193005,0.28026783457127952
0.09685337232668742,0.29472838377017158
-0.00024351291660460773,0.30344003199224306
-0.096959883371411329,0.30474003033991581
-0.1839882103720186,0.29751919766426344
-0.25323788346010029,0.28141410345374801
-0.30022817520457551,0.25497710492434222
-0.3193788439414309,0.22208375755201751
-0.31112097139995964,0.1852805775468889
-0.27754470185874941,0.14588381455963836
-0.22346659157027565,0.10596782591120324
-0.15540056875345745,0.067344847135869954
-0.080673236479664318,0.031457335565050287
-0.0065246686030896459,-0.00061670903788771977
0.060973573452298237,-0.027790081123518894
0.11655409331807787,-0.049499080301111935
0.15673366675029662,-0.066035825331791087
0.18051969931777123,-0.075535938918099815
0.18826831979802103,-0.07680587554535051
0.18160712988962771,-0.068662236376344096
0.16297542487705299,-0.050194752537297632
0.13516250360139601,-0.02109723863474685
0.10238574326807058,0.017188547062670836
0.064906365687416867,0.063839710866999022
0.024606638950962382,0.11672442077105441
-0.016681312445307885,0.17069001310030965
-0.057591685356463002,0.22054248583677702
-0.096770013141660352,0.26081260785383964
-0.13274547121680802,0.28648429182925428
-0.16388075647521283,0.29376773935021627
-0.18636683277666105,0.28051998648757587
-0.20157090601651229,0.24778061956265521
-0.20802826467440386,0.19822683185890339
-0.20453036030464566,0.13765980248890308
-0.19064864136889875,0.073352126470189558
-0.16657379520447257,0.013412548611748162
-0.13319072080933556,-0.03430641215902698
-0.092080564082351157,-0.063328066286629139
-0.04397899973914976,-0.070880078663878271
0.0068357781538491424,-0.053118915762216758
0.054854701949042212,-0.015054010241908234
0.099363851277218807,0.040435367013194494
0.13782876359727858,0.10598078687674647
0.16812930861385733,0.17261082922444262
0.18870747408786823,0.23101958025585287
0.19866908911471168,0.27292255024371076
0.19636285580232174,0.2920170160187166
0.18389848393451916,0.28648533974273621
0.16496001249315825,0.25440860685295935
0.1388854196002024,0.20225285824914013
0.10735767187382964,0.13731631906466965
0.072208896956923091,0.068501750111770718
0.035274426950678277,0.0049708955580059265
-0.0017411199675874309,-0.045210061650549749
-0.03649062208141015,-0.077577879181081638
-0.069086551941902857,-0.087324830392466912
-0.098950412199351495,-0.074850002107864536
-0.12531789889155293,-0.043978112206211582
-0.14794514161212599,-0.00077892589260436496
-0.16677305833756126,0.047196606127468836
-0.18190090836658646,0.092145266526705266
-0.193582514041793,0.12723644415048146
-0.20253569339301841,0.1473696351791563
-0.20862880649944984,0.15090331160683779
-0.2139425793486941,0.13816804335104191
-0.21841889307410406,0.11291502919229571
-0.22305038218798343,0.080586140160061007
-0.22888396661218577,0.047619339708613026
-0.23682987886730081,0.020358905956044428
-0.24742172599818488,0.004019617387710863
-0.25910547608459511,0.0021390761482447894
-0.27375290662344692,0.015767807209405474
-0.28729518985775826,0.040696656326418529
-0.29895777324551809,0.075298588291186921
-0.30570911537343104,0.11447684705666807
-0.30409518856842233,0.15239872048009714
-0.29078557343102934,0.18343277815371639
-0.26321908092837359,0.20303368623544779
-0.2193565668343605,0.20924791277764548
-0.16140386012389782,0.20013191686974888
-0.091680017228649893,0.17783922492321141
-0.015534723953383432,0.14554963541334065
0.06046575523218501,0.10814941557624803
0.12901982596101505,0.071200428861159848
0.18305959376077985,0.040096059778266954
0.21676956576769182,0.019264755955002041
0.22443715359754438,0.010728346428066695
0.20887920035003776,0.017250245492819664
0.16988681283084306,0.03491840981294389
0.11436233608943303,0.063056555613010004
0.049680786093692426,0.097608654216523927
-0.015864959363776691,0.13364477681086448
-0.074212000531549679,0.16608966292442789
-0.11862451031555593,0.19045760589732932
-0.143693708899888,0.20429440892977505
-0.14910025483323747,0.20462874831547956
-0.13535815518477934,0.19218206578693353
-0.10652153801678961,0.16848704952439686
-0.068164115391435312,0.13678952725728977
-0.026775804402547228,0.10123369042068445
0.011194419827957375,0.066193827738629446
0.040205204631679002,0.035588332133849786
0.055395146211612567,0.014180969861315104
0.055585332363430259,0.0007011594309571012
0.042538725858435211,-0.0058339454368557088
0.016257534316643788,-0.0063421730417804138
-0.020488223153647962,-0.0035533644286085443
-0.06412136314302648,-0.00065599877661697871
-0.11074996492899533,-0.00069076241929785494
-0.15657567489539442,-0.0059824827006494975
-0.19846108920014424,-0.019602324227344578
-0.23370051137284051,-0.038308623683186049
-0.25711074051572291,-0.061248524941524551
-0.26912515810128229,-0.085267880306733435
-0.26847771838803508,-0.10699975268548167
-0.25422873971865323,-0.12315590699687171
-0.22585817947687867,-0.13105768604368281
-0.18347585208184744,-0.12904677399003725
-0.12721996787023415,-0.11752678021138219
-0.06114171728923376,-0.095645543949891221
0.013401733432608363,-0.067369910764350061
0.089790399422279926,-0.033793407572894313
0.16200889775694963,0.0020988428387740433
0.22374961177492469,0.037141397616047511
0.26913554191781336,0.068323613662919627
0.29349685164464667,0.093056314039360211
0.29554629039019048,0.11069750914651211
0.27316780334284513,0.11790037065308523
0.22694681205951039,0.11386532132844386
0.16333864043777305,0.098727615701287394
0.089427504830934229,0.072997707750526039
0.013562795840187068,0.037776924492918321
-0.0556795022120464,-0.0052908361563885724
-0.11059572146601392,-0.05405846701211367
-0.14329743533321401,-0.10510339296807085
-0.15405129332946266,-0.1562249981764296
-0.1410483108311984,-0.20581470318391684
-0.10819920329383209,-0.24888148621336967
-0.060774450422784454,-0.28184536646292213
-0.0054548333629268154,-0.30148473014641564
0.050643863273663166,-0.30526244170017836
0.1009370884685566,-0.29163732727714226
0.13930351427241786,-0.25841984218408337
0.16385916855801605,-0.20957061372870245
0.17280182700457211,-0.1476245841360741
0.16730549228156291,-0.076181592476598642
0.14976149452997725,9.5707791813909183e-05
0.12348619516161816,0.07617253955456639
0.092091200028287246,0.14709590972904912
0.058922622495760711,0.20842605391721886
0.024601339774900827,0.25578108790660159
-0.0063686831438812515,0.2878801843618583
-0.03143363697589302,0.30371989790728898
-0.051966230030619211,0.30302777105531364
-0.068483229657161387,0.2868157866298634
-0.081823157926627657,0.25690829885646549
-0.092886675239062064,0.21571953993962481
-0.10245659550235844,0.16604497782819563
-0.10965240384967376,0.11115954329255952
-0.11745604364504043,0.053452905040303957
-0.12470340709937595,-0.0028533423773964501
-0.13285551252676633,-0.05578906235167793
-0.14238648182822281,-0.10272409453974604
-0.15365416396814288,-0.1412988613580986
-0.16686719740205452,-0.16960209168008461
-0.18203225850210841,-0.18639427980921944
-0.19683954436914899,-0.19215269726666784
-0.21323001015065635,-0.18610012867435044
-0.23273810943644907,-0.17143278444156898
-0.25188294703862446,-0.15017866544914704
-0.26887282132593493,-0.12616124471321177
-0.28169493059676148,-0.10378640108115249
-0.28830275494791474,-0.087471930868535358
-0.28682604649507976,-0.080982904623442445
-0.27489809069429705,-0.088133831632648263
-0.25325813543396752,-0.10772382184574263
-0.2203103263844842,-0.13741390732313191
-0.17768607035724052,-0.17451036561473227
-0.12675888865397042,-0.21390826934468277
-0.069424939723236517,-0.24957593128592456
-0.0079834458885449655,-0.27542526974820164
0.054987865812893701,-0.28624756584634081
0.11645965508746152,-0.27829159390510505
0.17440069574229231,-0.25147593255654693
0.22483510433928888,-0.20464173791771226
0.26627934161602701,-0.14402738826969705
0.29659333598479043,-0.075850118754717713
0.31396791299658311,-0.0073337011716854755
0.31706134729548169,0.054303909340075542
0.30515333599827893,0.10284860916249869
0.27741230526393046,0.13202453270962317
0.23623295604682673,0.14340593442082361
0.18290163251269706,0.13459451189790134
0.12054773971186641,0.11086057063421909
0.05261486602215245,0.077123516445476187
-0.017115486075153206,0.039038515349673272
-0.084842424698883645,0.0021690692082518013
-0.14707479222941006,-0.028725255682287076
-0.20239628343531096,-0.052083143116848599
-0.24677077853775081,-0.062764453665838493
-0.27817596356746982,-0.061815962377741326
-0.29742891327043203,-0.048995688483129018
-0.30545309654304315,-0.026006290427427831
-0.30395382062827825,0.0046908767853429383
-0.29513095408374529,0.040260024679251584
-0.28135124775072812,0.077823228245168019
-0.26570802133733357,0.11334639710389315
-0.24911242942323825,0.1461389567694425
-0.23090589591369953,0.17584461761946882
-0.21326899363436985,0.19938015418173685
-0.1963150836386339,0.21528711626312849
-0.17967621061907907,0.2223966735443012
-0.16269679983847971,0.21990192107149337
-0.14466258759058612,0.20748396512626419
-0.12413960032682586,0.18411514540303098
-0.10295626202732339,0.15275109776623561
-0.078329968914814668,0.11626094026404492
-0.053344373090832155,0.076660776461253161
-0.02915775837639906,0.037390796462693596
-0.006841088604332868,0.0022159463677862644
0.012812041210143872,-0.025161667039144114
0.029412083457881315,-0.041541243346485228
0.040960643622227087,-0.046542445960159669
0.051398143111267308,-0.036833681436536078
0.059873347157166787,-0.010599525441783225
0.068418134515511458,0.028186161288904717
0.077874091878225832,0.076085012828572676
0.088598739477729116,0.12870242630608736
0.10041591860709616,0.18122668856551474
0.11270046668339628,0.22902651041210986
0.12369504182389719,0.26849101088726457
0.13458472720971837,0.29679446926451614
0.14179580076656917,0.31168237476109356
0.14767157365268135,0.31444322954590237
0.15284716447973254,0.30692449131179494
0.15817245947228328,0.29197360736179284
0.16449766875248384,0.27294353047917319
0.17241412631496378,0.25315616142871056
0.18288362246486647,0.23567987590577186
0.19343545094686093,0.22190232360497153
0.20486533691931638,0.21304447991849496
0.21332902154929395,0.20846778180777789
0.21617235243889954,0.20693328313043199
0.21088109572183708,0.20667736788448154
0.19553245022400434,0.20583273468814578
0.16920893241973298,0.20284720801888745
0.13318395865629426,0.19818101728853038
0.087246515560137905,0.18997108341424956
0.037598253111867833,0.17822833956768555
-0.013902154772745293,0.16545075684763799
-0.062495988724252272,0.1539049010600895
-0.10310342540357838,0.14603953942242012
-0.13095511036402627,0.14403315992976087
-0.14224111763111238,0.14936195199974783
-0.13673273312735534,0.16273088052316387
-0.11116853368008808,0.18337296217524959
-0.066432126453377136,0.20745255325580267
-0.0070709061498538282,0.23347238786407842
0.061515214586198734,0.25787311404655228
0.13280701411778562,0.27684933413043022
0.19994633845546397,0.28688407231834523
0.25657448506829889,0.2852759781102997
0.29614070074020143,0.27084729922879042
0.31781504331656968,0.24316560905193596
0.31992789758724538,0.20432115003959184
0.30416675052164599,0.15706882437605904
0.27370247749224619,0.10551968064875343
0.23291148693057337,0.054337305129312917
0.18667133736104896,0.0081092725365118773
0.1396375750275278,-0.029284496816367477
0.095321628421316348,-0.053856060444559525
0.056986916415191095,-0.066054346822542284
0.024404667565098539,-0.068940102435766371
-0.0017476242211585744,-0.062704757157686947
-0.022844293383076447,-0.050627528577977476
-0.040972156341322473,-0.036666555692969088
-0.05836881978353764,-0.024846821584922338
-0.076860616489470152,-0.018646508888603336
-0.095345476846040403,-0.019124835042070257
-0.11632214404044006,-0.02876335070097015
-0.14000306600356968,-0.049397734108764017
-0.16235706536179173,-0.076987337488596749
-0.18001909300226246,-0.10827104529914834
-0.18936011724506929,-0.13938874294812903
-0.187096811464841,-0.1664641899897002
-0.17087631976262957,-0.18616193424702557
-0.14121018008861569,-0.19478181287703433
-0.096238907954919739,-0.19290259737397747
-0.039856615905379769,-0.18240736101742283
0.025172280434693856,-0.16331667676535286
0.093959421470050972,-0.13788609405001978
0.16094219296599202,-0.10888647994791967
0.22058164029621657,-0.079206271326363806
0.26808891218990871,-0.051487229120015091
0.29919033070229162,-0.025950826661296538
0.31342585821589852,-0.0065288062140740708
0.31236394426157199,0.0045502413297200794
0.29751772602630155,0.0086529839710674118
0.27279345883459655,0.0064052112289005462
0.24298478956954309,-0.0011603851150316171
0.21300285353514983,-0.012822408797848546
0.18708194698534691,-0.027363886119507502
0.16896968442705096,-0.044527150239881706
0.15901147129338511,-0.061572517836815797
0.15357945982695598,-0.080643340306618932
0.15221383685871609,-0.099053780152677684
0.15105157507952152,-0.11632498681056685
0.14557522316898411,-0.13225813169006462
0.13145465377206558,-0.14685596257260838
0.10539685796298058,-0.16021324652916796
0.064978472666318607,-0.17104404408850127
0.01251889344166425,-0.18148392198088728
-0.050386664637956241,-0.19066148338345493
-0.11763931919533245,-0.19854478068623085
-0.18272370106012301,-0.20453720399615019
-0.23870855836516772,-0.20785035746280009
-0.27920500590205843,-0.20768723769506275
-0.29925269465590226,-0.20347634064003803
-0.29629298096940881,-0.19592375654128968
-0.26979464824670296,-0.18440608193259586
-0.22074649304828456,-0.16999876932045779
-0.15449814876371656,-0.15495886675347084
-0.077114114447549564,-0.14184393253114408
0.004526998282964852,-0.1334387142071527
0.083555609062826858,-0.13229605180773663
0.15385598889775295,-0.14023190346964454
0.2085819912975074,-0.15650778475837501
0.24750186258939033,-0.18276700840808305
0.2700613488772633,-0.21434778343683267
0.27560938999761136,-0.24888872882171004
0.26552515544211752,-0.28139847343633578
0.24196505248796971,-0.306228677382128
0.20751670108712622,-0.31790257820145285
0.1649392500227905,-0.31203156600433507
0.1178979139760066,-0.28535493790053862
0.068478645331989857,-0.23935030755734379
0.016811127557409364,-0.17647215950149545
-0.031924985223957821,-0.10276710852271116
-0.074575480383741524,-0.026002754349986845
-0.10810794215485159,0.045062250925532524
-0.12985701514508619,0.10190355341454488
-0.13784461014312654,0.13749623963717902
-0.12965790825930149,0.14606377801385259
-0.10747482720096165,0.12855911648790519
-0.074926437450908032,0.087677804387315803
-0.033770605487935625,0.029141895989208411
0.011620547918290296,-0.038600806370863945
0.0561895887755859,-0.10584304623485237
0.094830262900594348,-0.1630140964858032
0.12310991719759103,-0.20206011460398177
0.13590675189863949,-0.21786555620945344
0.13534605127718619,-0.20848550633551993
0.12166056980180741,-0.1737783481545464
0.098481857947588305,-0.12030430665627852
0.070648120403444731,-0.055761268428725683
0.043783003441266261,0.010833216739736478
0.023440328803794028,0.070455889621497056
0.014243932307987909,0.11532873442611052
0.019454600765643933,0.14127721960628231
0.03876687724362083,0.14308645446778259
0.073600711808292696,0.12324498195394346
0.11798400957762886,0.083219521305499297
0.1665400690281055,0.028174919126929397
0.21320647226559661,-0.035210841570849756
0.25206374881199273,-0.099719329567919929
0.27808986709880484,-0.15855219070385515
0.28802690701920802,-0.20803580968387511
0.28015091819677984,-0.24188468566243326
0.25259977156429281,-0.25682453002931677
0.2088357254569555,-0.25449315932801386
0.15211890623010144,-0.23692687004751151
0.086489953227342417,-0.20738624949424755
0.016301881727692338,-0.16973245647577162
-0.054159954439138409,-0.12781455972557809
-0.12298592615963401,-0.085773473489726818
-0.18317386438440283,-0.045446765852991587
-0.23326966909217089,-0.0058610836306096049
-0.26951467055171097,0.030269068487022655
-0.28974628004879088,0.062830531434441075
-0.29260464424085764,0.092119865024666389
-0.2776281477481537,0.11849953802504712
-0.24534976653265553,0.14207714458835211
-0.19942621225464291,0.16111726404574583
-0.13965130355985444,0.17702614895219571
-0.068917027439400355,0.18693832677799591
0.0073190837561283861,0.19007586349176753
0.083747423956402681,0.1846630219038809
0.15472886717323581,0.16909841275368839
0.21480040658978428,0.14236273110077233
0.25922709670748528,0.10440471106978544
0.28364688614918809,0.056161714197192771
0.28791381165754465,0.00020489988593032742
0.27077398442174905,-0.057733861081724673
0.23538966715993917,-0.1142594567051709
0.18565180388490879,-0.16402697516589113
0.12661222575882647,-0.20169206241024173
0.063913555336577318,-0.22259000525954295
0.0031755430403199838,-0.22340114989120241
-0.049698997187743184,-0.20242773753053084
-0.092017028146951174,-0.16062194817618208
-0.12140852014619295,-0.10213382321697
-0.1364391152680251,-0.031146988431355403
-0.13726324469387383,0.045843006668195387
-0.12509534361991223,0.12159416199106876
-0.10189173528861266,0.18900400426429018
-0.07001169412894534,0.24200353648236309
-0.033381409074959331,0.27822421890844978
0.008632647225345496,0.2923384652306083
0.050874673392753769,0.28716724138953703
0.094094395704981126,0.26399879951280469
0.1370114741734122,0.22765969909825282
0.17825151189193597,0.18446440314961052
0.21630528229255722,0.14129797405733338
0.24959162650597297,0.1046153097463431
0.27573892276389972,0.080323745971711352
0.29464750664211398,0.069909457073481507
0.30673795152715028,0.075193195155400197
0.31114616413382074,0.093255786845216335
0.30863358110918188,0.12003267245549419
0.3006381021411752,0.15022528399147955
0.28905870538255662,0.17819057726750301
0.27592390997728278,0.1988489109030907
0.26388478699022055,0.2092767809424155
0.25223202604986678,0.20680039927433863
0.24339984724444613,0.18993131936828309
0.23488043728754496,0.16235684698206915
0.22491787633382437,0.12791510767564584
0.211383247129909,0.091246126232939068
0.19221999606661433,0.056989230944218282
0.16591565810057202,0.029015154186858103
0.13396908036919886,0.010628528478029789
0.09454873732355773,0.0014099684994151216
0.047209010262022351,9.2706076595500263e-05
-0.0026202122933562445,0.004330148092319186
-0.050617886843352243,0.010503295508222385
-0.092057544463287094,0.014640083716659038
-0.12244284966723334,0.013101086036592043
-0.13814417676351401,0.0031898132217531325
-0.13605903212784687,-0.015053118195981556
-0.11720024165178393,-0.043909312973996528
-0.082443527246587794,-0.07946134039516714
-0.03539578844533775,-0.12033615529864089
0.019352967273225132,-0.16281963453871223
0.076512531872096917,-0.20273876201909483
0.13074662777151946,-0.23605576521763688
0.17730853276810835,-0.25943869676101589
0.21051336175716043,-0.26991105534311244
0.23128858183742038,-0.26739625229472752
0.23908024853124801,-0.25516412158640694
0.23460611240636783,-0.23325186853099361
0.21987506984310154,-0.20464587275350726
0.19745653801764618,-0.17295175123813383
0.17002779278333616,-0.14188358198709117
0.13998279611639403,-0.11475603648207838
0.10828029720720163,-0.093244394747311582
0.078135539670862952,-0.079718261062928619
0.047085628042650138,-0.075304685453430387
0.017618742474651228,-0.078142627847632817
-0.010306812130031704,-0.086260375752117674
-0.037034451640474988,-0.09714557194368785
-0.06301657005540115,-0.10818586778954183
-0.088642078618233519,-0.11709630728983804
-0.11323330838463347,-0.12145489875279691
-0.13743286677060262,-0.12135869628344519
-0.16361200648086421,-0.11875448596604143
-0.18895297100244063,-0.11320850554250059
-0.21258680781539968,-0.10624533167883581
-0.23365538763328886,-0.099694741181880792
-0.251388140393625,-0.095352752386920203
-0.2651273023045933,-0.094660768893862116
-0.27283855656208539,-0.10035230945313402
-0.2759819844389696,-0.10948369170577806
-0.27495239304672986,-0.12211460043749921
-0.26823822778699102,-0.13648823225793413
-0.25507334161535616,-0.15090158108895582
-0.23464286404183096,-0.16372500407488605
-0.20624076452012868,-0.17365085574808395
-0.16947630913989162,-0.17985648659004594
-0.12478531208202297,-0.18287138971163075
-0.072863436602347162,-0.18172640003829207
-0.014236678919236863,-0.17675529524826544
0.047595545442566535,-0.16894681514392271
0.10935982327388666,-0.15909191577335974
0.16741459110863871,-0.14792764705175465
0.21812180912875678,-0.13606965856584299
0.25825376073383682,-0.12401258487421574
0.28449455555242759,-0.11137488173825225
0.29735515885277514,-0.10050678698013363
0.29456979206196782,-0.089223594754789096
0.27908474285354318,-0.080523379999884306
0.25330066208589869,-0.075455069590304236
0.22018471093861675,-0.07485903745406601
0.18286527718212334,-0.079198078185059556
0.14423831093329439,-0.088403129242217729
0.10811014966817596,-0.10040979827628201
0.074064328863331808,-0.11620706265734281
0.041894310338263192,-0.13242454023573796
0.012482039939987657,-0.14764087861127448
-0.014651380036564368,-0.15921831985434323
-0.040213591533037857,-0.164393128774945
-0.064880249382988558,-0.16062735053573887
-0.0890745581910274,-0.14598690587419216
-0.11253161814081362,-0.11975820473310474
-0.13559081753033289,-0.082009402507232432
-0.15619728203218344,-0.033209362617157082
-0.17435856870961625,0.022923272250660823
-0.18905120709945075,0.082482780418398571
-0.19925731907087404,0.14097655955312258
-0.20411145897123542,0.19383380256725463
-0.20301143031037941,0.23694026422737577
-0.19655770798480263,0.26793571768246788
-0.18411337475197134,0.28341895687324214
-0.16336227376291174,0.28428058848694826
-0.1372175244963329,0.27061686814881591
-0.10669829250168493,0.24472997069076924
-0.072900544083815647,0.20996150700141394
-0.036961973322184108,0.17019656899800908
-7.5990719070072009e-05,0.12930246275404095
0.036167338094446021,0.09194539181626335
0.070477520607678978,0.057896769338927762
0.10236861167484856,0.030354184800506365
0.12903079086554295,0.0074513132895380413
0.14848390477605977,-0.012203002856463597
0.15888374816493869,-0.030468933950571087
0.15875289055638475,-0.049205715174255156
0.14722170349146443,-0.069826292363142667
0.12277051015328515,-0.092140957914941535
0.08926526166762519,-0.11733175025265713
0.045505831456364977,-0.14281200430156776
-0.0032157056740564618,-0.16748551749510704
-0.053242675478477941,-0.18886747714376106
-0.10087752814969403,-0.20429464076572859
-0.14274648715371666,-0.2113742678608653
-0.17610215314683514,-0.2084101462311849
-0.20049618682082535,-0.19338075041244923
-0.21236191382013783,-0.16920835769293735
-0.21308505612587522,-0.13629585681197195
-0.20222481078610929,-0.098506163903542721
-0.18103468682211779,-0.05942597089568278
-0.15141843076542971,-0.022719405070420806
-0.11572397421038089,0.0083194497826656316
-0.076521235374915259,0.031135332931888426
-0.03550763171709323,0.044965342237518913
0.0032563151373502519,0.04776844797160798
0.039065863587138414,0.041307861587217574
0.069178365316115362,0.025894568423605529
0.092352715934645946,0.0033388749593714368
0.10801694189960542,-0.024125005569444441
0.1162478691547541,-0.054114275669647938
0.11769150817820219,-0.084346769394228013
0.11549426390103824,-0.11364784503111183
0.10736594101817128,-0.13855404918811715
0.097234872662709387,-0.16071407509937519
0.084780469981471873,-0.17720258613813455
0.071336536015243132,-0.18757293187999943
0.058396937279635928,-0.19193803552425057
0.047543833271640086,-0.19089142829091302
0.040328451682302043,-0.18538769151229062
0.037234296191696992,-0.1763308959676122
0.040732398959123742,-0.16512519054939881
0.050747161308954833,-0.15404203122264684
0.067547041698447496,-0.1432138158289715
0.090331753708535731,-0.13339792768407469
0.11755868580491839,-0.12516109412051304
0.14709033788153297,-0.11889947183979037
0.1764394865905336,-0.11487112189298314
0.20219513018304242,-0.11458433642318173
0.22376238891802064,-0.11627956867908575
0.23806518551297368,-0.1190985810955764
0.24522556379614704,-0.12382526988986654
0.24514276208271446,-0.13042729920635948
0.23827282047464976,-0.13881755113571106
0.22544781182361942,-0.1487800009455339
0.20765194104018253,-0.15988655486277417
0.18785364473338551,-0.1706111256136158
0.16303948215835773,-0.18162750410971776
0.13592550375827939,-0.18957353986065248
0.10463341689268384,-0.19450348601932216
0.068811942997440201,-0.19487851995991901
0.028408096353787833,-0.18909672808303765
-0.016128499244538269,-0.17575458613339839
-0.063719815864386575,-0.15395703842895647
-0.11293446090919988,-0.12443306494002282
-0.16113953350599891,-0.086787835442445657
-0.20536203537211284,-0.043640017408305955
-0.24321895637201577,0.0022313412111310271
-0.27226295327451988,0.046897140531633519
-0.29054201766875776,0.085991690898539058
-0.29679898308871977,0.11530453148517619
-0.29057645762129947,0.1314367629050201
-0.27368568970147572,0.13160150040824503
-0.24460716693017726,0.11669908125764479
-0.20642596620385056,0.089688146688386483
-0.15998136796332948,0.05364535852400653
-0.10738670811348332,0.013956177786933806
-0.051049246489072317,-0.023201431002915461
0.0064239117900066695,-0.051741269872402913
0.062313392343836621,-0.066599787951082901
0.1141671575939646,-0.065917478998252385
0.15894869117632066,-0.047257319951821149
0.19380922662855002,-0.010889822526636509
0.2168812026636473,0.037332183601996562
0.22648338264254464,0.090920598658007973
0.22157430716665338,0.14230631369911381
0.20190379986894041,0.18394022120086842
0.16813199256795494,0.20941964016024109
0.12335749508285274,0.21256906566322722
0.068370963929801701,0.19458253404303205
0.0048515619672822325,0.1577997061580102
-0.061538024906137571,0.10584127499925561
-0.12618819752930888,0.045220507069001596
-0.18445296105719078,-0.016418916933339564
-0.23205809128112551,-0.071404459589067354
-0.26549485277111373,-0.1131145835682246
-0.28264661656185941,-0.13876690393721547
-0.28148832116187655,-0.14370195327116392
-0.2644323946108601,-0.12694219564405504
-0.23146113701759621,-0.092935015332768114
-0.18531058463084668,-0.046793989100744969
-0.12972491374143849,0.0051842849483101656
-0.069060504631196354,0.056479562865665286
-0.007822789127992627,0.10127774091895475
0.050095270754417193,0.13333645375343056
0.1004855697288686,0.15294405289173427
0.14217057254849147,0.16059720009215395
0.17281820774289111,0.15716628941276062
0.19218378508542594,0.1456884517248922
0.20107193631095668,0.12993318276191279
0.20103913013413513,0.11373979959538416
0.19401253995901707,0.10042700829179724
0.18218850142275894,0.09263518750797857
0.16596722244672443,0.091419883644574124
0.14917308586419059,0.095769017977088727
0.1296735168449987,0.10571528840661013
0.10695584646429467,0.11984355466866513
0.080353391867179935,0.13646412083180937
0.049370353618166371,0.15395183105249613
0.013986215658705834,0.17100106770373485
-0.024240212741056946,0.18703000639499723
-0.064909394953013996,0.20113216811420664
-0.10684655456645549,0.21368852027088392
-0.14631685271251926,0.22451074111113212
-0.18018795871738905,0.2337367989779903
-0.20545294616654358,0.24143391213764007
-0.2196495658996615,0.24753754080765716
-0.22123152376831612,0.25186936799180554
-0.21188875300048879,0.25341291931446053
-0.18907102882337501,0.25378339213897017
-0.15654749673156734,0.25111294728045808
-0.11635090285298809,0.24751539890508933
-0.072323093595444768,0.24394075311361307
-0.0288162654575214,0.24141176124319652
0.0098272528993798691,0.24086207586645753
0.03982836135032717,0.24295595870502973
0.058184359831955412,0.24656794570397159
0.063408702973955663,0.25320903335985023
0.058643473190637452,0.26282701194594621
0.043476479887719154,0.27310957002605007
0.020935406349024532,0.28206252521315062
-0.005005437540302163,0.28743308091689923
-0.030034448178219982,0.28701151302185585
-0.050189632087577749,0.27895584021210057
-0.062217248290287124,0.26019354986754617
-0.065021640838862943,0.23365501994788024
-0.05926678242738067,0.19858855599329486
-0.046682128620020275,0.15776926836634542
-0.030674419075468758,0.11373271773457395
-0.015444743196576745,0.069277208748916033
-0.0052353879624851118,0.027139304611476824
-0.0035374002600290604,-0.010295776457645286
-0.012688209043667442,-0.042022108093566622
-0.031864523821804491,-0.065371041175953146
-0.061164706517299029,-0.081168120568448743
-0.09497513625774652,-0.088583036965698705
-0.12786317072130896,-0.088202104265517264
-0.15391815662723682,-0.08107100907441793
-0.1676611680231303,-0.068520483780213193
-0.16491204890738123,-0.05199127873107303
-0.14553093786915677,-0.033696026415470134
-0.10661386936909595,-0.01316974451904903
-0.050762609249225314,0.0065465630018230548
0.017073744901710458,0.026299672296103253
0.090525809794598483,0.04565159108456758
0.16232911262796459,0.064165607107674605
0.22527349506788122,0.081380966859547099
0.27314433405473082,0.096840452448197265
0.30005145846383752,0.109351693921575
0.3056934110290927,0.12060674437438727
0.29225200303165438,0.12792787392995228
0.26093708376787633,0.13400273649782712
0.21625506358270843,0.13977578598153964
0.16384839581029162,0.14621545253221746
0.10968020721501286,0.15416885566406591
0.059224669754321273,0.16422001436889494
0.017078671803062266,0.17467677858120095
-0.014440945984360947,0.18887040616276873
-0.034812010568242319,0.20314349958359654
-0.044533477750770996,0.21874386118920627
-0.045710691754488893,0.23444860829085853
-0.041229879996012006,0.24857424576352605
-0.034154357526772677,0.25920154343226259
-0.027154470127511428,0.26448015135750758
-0.02177041042001562,0.26431669165827915
-0.019300350101280807,0.25649354598893226
-0.018909099813037317,0.23883095502898907
-0.019632658945624108,0.21460934297929096
-0.019550511183096836,0.18615110178358346
-0.016491824122771642,0.15642606792118099
-0.00846954186091981,0.12863666569425161
0.0059401452775043198,0.10574030974890342
0.028801091171402071,0.089714510143900639
0.05739150609037616,0.082058389194466161
0.091145620637550259,0.082971891017441374
0.12766255651889538,0.090742710890817313
0.16456695386770218,0.10283810185908604
0.19954840322552658,0.116049345676911
0.23063576418705906,0.12704304182526613
0.25636868870690044,0.13296081858246303
0.27496779567315077,0.13332075120781162
0.28711013386703005,0.1255088404098133
0.29380466432941538,0.1113109826735109
0.29424168610450907,0.092953550163108037
0.28849295675447895,0.074186446257629005
0.27656534753966749,0.059424399776649289
0.25842699487074183,0.052985235298203849
0.23412233124477802,0.058274091963832181
0.20189299810675276,0.076239111012863556
0.16635052569870132,0.10801677497024387
0.12561759844574583,0.14959847017133646
0.084196407604057763,0.19709446226992242
0.044757999708445628,0.2440889927995637
0.009902136108945702,0.28330538294949703
-0.018167285646457341,0.30767899473673815
-0.0379478240069702,0.31148710981278627
-0.050928677403576407,0.28945527540500532
-0.054313962722867051,0.2446496507700272
-0.050418502677785609,0.17784684791876623
-0.04115358315307837,0.096836080884969297
-0.029518995780140528,0.010145712195310583
-0.018930911341915137,-0.072766021021775554
-0.012745886816535861,-0.1428357915924478
-0.013754348685189936,-0.19267823650712212
-0.023427638047690311,-0.21844232049540482
-0.04272212952509824,-0.21693505269629315
-0.070069099379262936,-0.19311699802739427
-0.1032725921470433,-0.15005552744448711
-0.13863530613742261,-0.095205131443167432
-0.17171552785443153,-0.03741443878891447
-0.19792452290448995,0.014367974523650979
-0.21317040151137082,0.052385745230926734
-0.21650448556880081,0.070354739322571261
-0.20316920668015095,0.067352395263991088
-0.17424302435542469,0.042939702179177072
-0.13126806865178378,0.0020077281245200859
-0.077761942053554467,-0.049102547050672886
-0.018447252656102732,-0.10280152848805073
0.041418871213047832,-0.15138686223433775
0.096805931238788237,-0.18812065090219923
0.1445208144792596,-0.20781743929893048
0.18134199859102004,-0.20806311541507702
0.20394550197991734,-0.18984923602165113
0.21589512250462906,-0.15443329705044981
0.22028227625357588,-0.10563455476454295
0.22116533212230075,-0.048329093794553635
0.22278935739538069,0.012302241193904736
0.22876770299703486,0.071459916097055792
0.23930769412894812,0.12497489718270061
0.25850359512315052,0.17083742364398563
0.28234862690695922,0.20643875845472365
0.30924160470451473,0.23242004491291618
0.33449313043230539,0.24937438458563918
0.352534069134256,0.25830273892901795
0.35788565407936457,0.26030374450811089
0.34620458139923305,0.2563707542521379
0.31317068911810469,0.2492188277384606
0.26235695791562919,0.23723049404674637
0.19726313154074593,0.21887024354243959
0.12393429705742963,0.19711370880071008
0.050557891908770664,0.17343426808528312
-0.013949140259002294,0.14968774756502792
-0.06125208129005924,0.12796989482365537
-0.084897811626465591,0.11035222699138135
-0.079923097917899172,0.10043563450180017
-0.048836960998995281,0.095807340371069416
0.0051346720335674403,0.098657242912664866
0.074303032895294774,0.10610583827701457
0.14904593585565554,0.11581525625007084
0.21885959752299833,0.12495181600217271
0.27384659627891339,0.1306136583245682
0.30611899551932842,0.13030340517627773
0.31061034986241703,0.12101209410440426
0.28627430207156201,0.10444887706470624
0.23790678273263297,0.080824254274959165
0.17004181207462568,0.052639676945467673
0.091194207256717508,0.022950810046350141
0.011190400687205074,-0.0048260701168167264
-0.060169910858609836,-0.027444945704025406
-0.11438531670124737,-0.042340162835425875
-0.14674248264324699,-0.046135906560152269
-0.15144850018979911,-0.042073337481792601
-0.12991741674005655,-0.029144682950909065
-0.083863764926198445,-0.011456788717816756
-0.01839832253559481,0.0076617403924821286
0.059648840765237299,0.024802302412357709
0.14265965491278362,0.036932749145261082
0.22314812695787897,0.041740817347532488
0.29600898433486211,0.036466003734226642
0.35453905524736024,0.023005653672071143
0.39283542671326177,0.00032965148009230595
0.41161466236244104,-0.02956619470191723
0.41117000368578316,-0.065287521790026587
0.39305770218102598,-0.10543302300824792
0.35967952248229235,-0.14866476328983189
0.31389429752668319,-0.1936346053115145
0.26076873665013278,-0.23690410675654952
0.20076808809941282,-0.27882871100699913
0.13430770173476983,-0.31910491771687166
0.066378897220785757,-0.35246246241494766
-5.1737330724581635e-05,-0.37495909870639005
-0.061989456932705425,-0.38250708478233042
-0.11646608855988808,-0.37149810347790274
-0.16066603720870512,-0.33954142674431909
-0.19300038374264239,-0.28482905570987171
-0.21031206093103386,-0.21122814797153466
-0.21129650989691343,-0.12435696926889772
-0.19618604711206467,-0.030653405607492561
-0.16611841913041725,0.060829501464572715
-0.12341440895789788,0.14027099956338537
-0.071414763136953358,0.19838308577300021
-0.014183165328768371,0.22778666487565843
0.043593436193775308,0.22505297366893837
0.098765401602187955,0.18894901572036937
0.14468788333991814,0.12259592789203674
0.18085914843797224,0.034991704071952547
0.2056331767171943,-0.062549806137138772
0.21827093328941236,-0.15705010521754326
0.21883691302385233,-0.23564768364158364
0.20802449440036355,-0.2874331304958066
0.18489401544209233,-0.30478338996038373
0.15368081936541356,-0.285534159446723
0.11661256736225727,-0.2317142750212563
0.074177215746898326,-0.15093355241563075
0.027530080543671176,-0.054293785873347968
-0.022325750597459931,0.044930178816461677
-0.074398777595573881,0.13319047834779632
-0.127525184502814,0.19858452668490115
-0.18107024192032181,0.23222826337141605
-0.23099213051605846,0.23043396133870289
-0.27778160316957407,0.19344247996290448
-0.31608642888950916,0.12683480576435269
-0.3426506279942807,0.039523197591335664
-0.35467042198758392,-0.057412993397149323
-0.35021167517571572,-0.15239930808248142
-0.32856995951711976,-0.23500641453739307
-0.28845773903190569,-0.29649606262056444
-0.2346962264809194,-0.33422725220560207
-0.17346055448875045,-0.34461708771713462
-0.10733736839666143,-0.33254732865527381
-0.041482700525923524,-0.30349933344871183
0.018989543754445795,-0.26431272537705292
0.069589277720251808,-0.22197886917311782
0.10697524298011861,-0.1825701679450463
0.13140158382499242,-0.15236208618776761
0.13912887899340723,-0.13133943183537952
0.13420864243676714,-0.11749249657257775
0.11791046641889029,-0.11145049249171973
0.094306617827787334,-0.11094463020106271
0.068300710694317895,-0.11335018451710763
0.044999548766547853,-0.11626724629503195
0.029047289948885464,-0.1179275387787274
0.023723200922267741,-0.11763951627417818
0.031618452015085084,-0.11431569501505126
0.052526112059651027,-0.11015461391155494
0.08526605271734114,-0.10401865776561273
0.1267600959775966,-0.096084360721183246
0.17275438828495829,-0.086316761995787097
0.21839393870103757,-0.074434183420451147
0.25885472843527119,-0.060022306183217231
0.28788474872449371,-0.044664684666052029
0.30606763460988762,-0.026123927294183176
0.3093067437487112,-0.0028795835874714615
0.29923229420738057,0.021456376969172873
0.27705686584769867,0.044304871455640639
0.24469280642414007,0.062501220413016409
0.20437436118927482,0.072772655389886087
0.15832416043821837,0.072346333881008848
0.10939855670963874,0.057684361035937361
0.057360140626348192,0.032203021263653847
0.005657324273742036,-0.0043197956128368546
-0.046459317456214698,-0.046216372696491356
-0.098196683964573386,-0.08783863214194422
-0.1485015875053757,-0.12293372844168793
-0.19597848715971897,-0.14553844139996475
-0.23893753613369409,-0.15090022298960454
-0.27586019727986427,-0.13491962135457491
-0.30529848892076611,-0.10013076697357091
-0.32323533335519428,-0.046198966233570775
-0.33146435013032671,0.019555554460967451
-0.33044823962639785,0.090075615701824069
-0.32131130867516616,0.15764004201656728
-0.30565302792793392,0.21492563752659061
-0.28526397424961514,0.25599958586577676
-0.26384964045739046,0.2779068209292202
-0.23912495785654525,0.27777726589478918
-0.2132013786147185,0.25913569733576203
-0.18466795523294696,0.22421410733967551
-0.15258671879604871,0.17848669211010984
-0.11590709333948267,0.12852796424732782
-0.073823452183190086,0.081113599048003665
-0.026130010988842635,0.042346206551240023
0.027376558773087995,0.015576215953788591
0.083714764143181061,0.0054633466376908212
0.13992074259585824,0.01362621538615467
0.19274209654352314,0.037991213352981217
0.23826666990706125,0.075566407628652799
0.27269205001195573,0.12214751133999321
0.29282600497628147,0.17292469819379741
0.29653275437210025,0.22308149916660766
0.28393529173524679,0.26965800042128629
0.25511829573812406,0.30700816373901746
0.20967786023340784,0.33335460792831412
0.15346104704409949,0.34695852516218717
0.09112902498272267,0.34746969547704987
0.027708742113327862,0.33547313385887556
-0.031909961964701444,0.31223589866125268
-0.083411705081843868,0.27943412005061191
-0.1230863687198059,0.23863523780673138
-0.1487667006031293,0.19216473407717816
-0.16041390644052533,0.14128519193787983
-0.15690352536134297,0.087863366354764563
-0.13894628182820479,0.033345436797215411
-0.10805470798276408,-0.020888009337231932
-0.06638046290183057,-0.073411073748738981
-0.016564753392643967,-0.12264826428261016
0.040443363671513237,-0.16599678616909758
0.09751131409691742,-0.20298668116344379
0.15443086425660635,-0.23022123158635371
0.20521710568896964,-0.24661920542182095
0.2463849360520953,-0.25044377721141936
0.27515137506341797,-0.24037720406985774
0.28963444206686478,-0.21582298910066797
0.28897602558013019,-0.17719888560520686
0.27191074029061735,-0.12534978398507815
0.24124514139846745,-0.063905281393357091
0.20160980077339372,0.00041808973522378259
0.15346466257066829,0.064515823774671008
0.09971334466364308,0.12283068018936451
0.043437652512354104,0.1698131630303916
-0.012304395202221811,0.20058066882923259
-0.064652883361671631,0.21158016511005803
-0.11254862923190077,0.20196291895162363
-0.15151415630340959,0.17114834168910797
-0.18060919894743202,0.12184669494617159
-0.19829473262612274,0.059360146587384012
-0.20404784592032083,-0.009630092824153327
-0.19812090576009914,-0.077572175930869944
-0.18156022660496943,-0.13698171808150461
-0.15618514788418306,-0.18140798641056419
-0.12540028625590188,-0.20764115053448298
-0.090258471109223984,-0.21087628215780996
-0.057236802309975375,-0.19465846153559624
-0.027505230929585699,-0.16000996277563712
-0.0043201824180139252,-0.11224216129358698
0.0093143638176851479,-0.058322083213950555
0.010995744969335586,-0.0058822664569521625
-0.00070677956559462934,0.037872942130442219
-0.023865627348906682,0.066382297577159605
-0.060563599558095725,0.078047609357653591
-0.10622552509714459,0.069330726307421014
-0.15760890335150468,0.044453743299011091
-0.20927455771611903,0.0078953961856948647
-0.25500307206552841,-0.034514306378570045
-0.28853102317211826,-0.076566291515817453
-0.3043911827193338,-0.11265383790566487
-0.29667525991392713,-0.13725111133272636
-0.26689466549418944,-0.15073499947115351
-0.21613537048873419,-0.15101548105367529
-0.14791965386123018,-0.1418223843196362
-0.068137568431646922,-0.12685600673441752
0.015988357399705569,-0.11037667216882853
0.096852878326568595,-0.09640075029152137
0.16748144018420619,-0.087996847658813673
0.22332960411640687,-0.088691366420944939
0.26051779132428488,-0.095790425503620116
0.27576177370523713,-0.10695294579507517
0.27328129940881601,-0.12020801169823196
0.25729690094368174,-0.13224826479330831
0.23329832683698862,-0.13984062128035726
0.20709990838925649,-0.14035948355109099
0.18389155095889767,-0.13216461178723421
0.16890353218097801,-0.11450022101876375
0.16136454895977811,-0.087961985480842234
0.1624035329491143,-0.055869304102525309
0.16855390712846358,-0.018720728426470837
0.17593497077941359,0.021393137025627073
0.18011641760370603,0.062411851754665376
0.17690998620846629,0.10247572641739455
0.16307410914226073,0.13997543141953392
0.13476734048552794,0.1748459656050011
0.094798756974156795,0.20317285889056716
0.045560999523543831,0.22562960259193804
-0.010905129931067518,0.23894827167655419
-0.070962792697718421,0.24131455426355955
-0.13080952765970569,0.23123490780321057
-0.18697529545075878,0.20782789004114219
-0.23668516007575111,0.17113808886475601
-0.27892026913132933,0.12430462633160791
-0.31138156127290406,0.0670725866513565
-0.33351844130069191,0.0033706143932866091
-0.34578456423066628,-0.061540055704989959
-0.34866346173933471,-0.12178454021367938
-0.34279050066449823,-0.17120254891565795
-0.32887851018638847,-0.20409271089244371
-0.30775255587032818,-0.21600035000419213
-0.27841698380277102,-0.20415583664146086
-0.24619790651371751,-0.16921686057490301
-0.20986867118060104,-0.11265933235452028
-0.174504632458681,-0.040619408469626896
-0.14325014270003078,0.039637204910675648
-0.11904096021651553,0.11974535369478201
-0.10422758449202429,0.19126200302016982
-0.10021040628337095,0.24672224038422647
-0.10685688915954335,0.27976281579920537
-0.12290110768198842,0.28841716958538938
-0.14769364608930624,0.27359853196251016
-0.17576895277936219,0.23717907942391028
-0.20240384654140511,0.18413623009650101
-0.22270918128032194,0.12096132840571598
-0.23223247051473742,0.054698917030855623
-0.22752126092525837,-0.0080445072062652872
-0.20744973717291468,-0.063865918029589144
-0.1698690514458415,-0.10671528595956101
-0.1184299149372386,-0.13466512030329719
-0.054433740704860754,-0.14950398648579113
0.01792499482163859,-0.15409842172080912
0.093465297870016228,-0.15255390734959171
0.16657172217653005,-0.14940906979535884
0.23178409774884434,-0.14881209790118499
0.2822923268616524,-0.15462541081351189
0.31797075433157684,-0.1666025706957322
0.33504934351481869,-0.1864432240049991
0.33405316665971097,-0.2105364102042348
0.31582568704980457,-0.23551322655855547
0.28215816520404902,-0.25752179336992531
0.23551019795143824,-0.27290323917466464
0.17875372814487617,-0.27879900420128884
0.11585539093488209,-0.27494788423964905
0.047934481109068595,-0.25881664987050951
-0.018846094029869649,-0.23303617807724195
-0.083804249037312137,-0.19898796181625877
-0.14409028248019401,-0.15978332048161015
-0.19677495903056924,-0.11896106489400557
-0.23900097492600106,-0.079949545066673663
-0.26824771577785861,-0.04556549556704912
-0.28413671311943989,-0.016813117410933387
-0.2842438662978064,0.0039956032502698816
-0.26648215231902311,0.019508890307131925
-0.23501380247860557,0.029786874901788381
-0.19330499991984362,0.037123582379612829
-0.14582109788755948,0.044284971821579096
-0.097472393932059434,0.054018456433628868
-0.052938326674407746,0.068555517047600642
-0.013921173860356781,0.087290303956359783
0.013847453533508516,0.11386823137406908
0.031588414275296274,0.14409524489860703
0.039707861384941916,0.17789978578589941
0.041435732975247011,0.21216328102167251
0.04140083417632303,0.24304420976851146
0.044786723476632935,0.26657594507211468
0.056320590328025832,0.27934360050724927
0.079563304125713344,0.27777256594869365
0.11456869696526534,0.26334578554698346
0.1616808332130073,0.23758673882185252
0.21473438014895299,0.20354641534262319
0.26695144349625616,0.16590160105477597
0.31047453509954931,0.1300168981380436
0.3376353422007986,0.10112252845238176
0.34228875924461405,0.083467342670498129
0.32128034201951089,0.079858927392804133
0.27489191033422217,0.089762832881108048
0.20419709429458924,0.11307217605924311
0.11888017868192853,0.14403755063296173
0.029062943760015628,0.17680738936648652
-0.054043903681265597,0.20495602129135995
-0.1197684633622166,0.2224775946714723
-0.15958005962479255,0.22473675915108762
-0.1692949197732132,0.20949793576021991
-0.14648889209112403,0.17577750312883153
-0.096274807093878076,0.12893142034469363
-0.025340306118625495,0.071730166267217149
0.055646652288069941,0.010596155254559186
0.13441676778140257,-0.047157341656227904
0.19885715351839275,-0.094333145689908054
0.23876266959639342,-0.12484668883859563
0.2464336115111859,-0.13429088927461935
0.22010031593212726,-0.12154069821964041
0.16465994302725187,-0.087228869595104688
0.084346559442456157,-0.035246718413808033
-0.011198555093849953,0.028857270431270288
-0.11040284296317954,0.098393828667552682
-0.20144312616554272,0.16643085850289613
-0.27392280179205997,0.2266636539625978
-0.31882098158784439,0.27223544358061641
-0.33475141785358858,0.30321812548204685
-0.32141237400822897,0.31699443328188603
-0.28347663425106989,0.31537878145511616
-0.22816568952707114,0.30065777833297153
-0.16428357625738202,0.27585655446277318
-0.10081262357625027,0.24419579768953095
-0.045595570751727141,0.20864699281317309
-0.0045991199661292231,0.17246105660509733
0.020024385252372479,0.13680906913929036
0.027000426834593087,0.10046874809238555
0.019914302666471297,0.066425207040555767
0.0032418360895724542,0.035555617674338
-0.017698638128264756,0.0086544472591541782
-0.03768379885738251,-0.01351168636457171
-0.052373001096803685,-0.030246899673306231
-0.059125902593654606,-0.039162494341248369
-0.055483969530468864,-0.042830983583583573
-0.044519152843403471,-0.042479914077771248
-0.025194456691921222,-0.038430774222310421
0.00060764204142013114,-0.032317775113542037
0.030560144956978515,-0.026111915047820657
0.062270958377025919,-0.021842300144575735
0.093554018917066828,-0.021242262859998598
0.122267224824727,-0.025655442612581462
0.14706146238817794,-0.034321835906227442
0.16782103474731572,-0.048134450616191655
0.18238607108600319,-0.063368530573109136
0.18951976503335888,-0.076874230405728813
0.1880417530593238,-0.08517127202382678
0.17694141303553579,-0.084994846845581548
0.15558110291142571,-0.073853061852629506
0.12600428227655663,-0.05240054109607821
0.086366031676388511,-0.018284300404018246
0.036926773245096474,0.027276611304692326
-0.017790645352185087,0.079970597958111941
-0.073688566714427958,0.1350047752859791
-0.12599035679207057,0.18684910804141641
-0.16977828733933753,0.22991814747670808
-0.20063519930798746,0.2592793215803792
-0.21734504950647884,0.27155528655601646
-0.21581546036437135,0.26505522992717051
-0.19404382540594967,0.23730452659888232
-0.15679315070532526,0.1925226417708997
-0.1086879379879587,0.13461822927679679
-0.055677020998396921,0.068546404518390586
-0.0042131642273457379,-0.00032860590597611102
0.039676991489035959,-0.06687409124716466
0.069820063130354326,-0.12863928427303006
0.085724605562706988,-0.17906069436810546
0.087282841659475086,-0.21855421930199601
0.07646641238738433,-0.24496105304170912
0.057461454955542897,-0.25888978205848873
0.035628674573973278,-0.26205802746110846
0.016547478019324602,-0.25684331945078293
0.0050079001292876813,-0.24576654536040365
0.0032407398138881056,-0.23235107843018288
0.013333691891337467,-0.21600974657553679
0.033821636866734048,-0.19709179020199566
0.060405572408315691,-0.17532776274338102
0.087312801164997164,-0.14955486146002886
0.10794884523447003,-0.11837779156785057
0.11602974020256548,-0.080639207924631875
0.10671763727249604,-0.035882130377964637
0.076103197083791291,0.017181692828415373
0.027314849693167505,0.073650262517786627
-0.0374299527778248,0.13115157456465809
-0.11051025217359083,0.18517026111235024
-0.18339807562591628,0.2311674110678997
-0.24694784217185642,0.26492860781300254
-0.29267623011376531,0.28317756954582401
-0.31395509189139353,0.28408558154384173
-0.30488233890657368,0.26732347850388311
-0.26781204092096972,0.2350184592897181
-0.20637811517583438,0.19097470564795671
-0.12543475864692782,0.13966882104924366
-0.03267118947458638,0.086565605935378459
0.063322463194219983,0.037210876607694274
0.15416107211951938,-0.0033916908111802403
0.23265443743025876,-0.031305173230958716
0.2914898216390594,-0.045917288668815746
0.33044394115193393,-0.042733326602639371
0.35059301234096335,-0.025342417900601495
0.35189964930725548,0.00662407915800034
0.33723543477488538,0.050317895520826134
0.3103149501097679,0.10188979985999005
0.27512815356491011,0.15688711311959469
0.23549955375959924,0.21067853278930682
0.19453332038542101,0.25858703513077547
0.15567381489732821,0.29692537440010941
0.12090441692694809,0.32374459629785868
0.092695468878991313,0.33608090512240352
0.072933627357938971,0.33284059127387744
0.063197532117080429,0.31398597629999436
0.06461707876274507,0.28046302224442271
0.077618714007223033,0.23407835257078663
0.10249086291167908,0.17761619043014962
0.13606509141336826,0.11307456539722414
0.17474011506258885,0.046513876553286509
0.21403584936714737,-0.020715163186581155
0.24819820358734637,-0.085238919426876683
0.27111264446702071,-0.1436881485768729
0.27712781775547868,-0.19287011558612704
0.26196686507935757,-0.22997597132557712
0.22445502090736272,-0.2530749586324646
0.16411037705831882,-0.26027112153161941
0.084583943991782443,-0.25157998850924707
-0.0070430212343707103,-0.22732111756445661
-0.10165548601096208,-0.18917233584282922
-0.18887401335233792,-0.1397829455007279
-0.25839638908040208,-0.0825482148944989
-0.30142343633273594,-0.021300052980918409
-0.31048106183920265,0.039233444126515284
-0.28626351737662697,0.097297758566267503
-0.22758948097868534,0.14706298317798502
-0.14290296131779087,0.1885142248569931
-0.041631741752896828,0.22045229537143166
0.06502513833168945,0.24233362891407279
0.1655841488374194,0.25417150502584857
0.24975767117868777,0.25642156250794668
0.31176316781087782,0.24960335320795343
0.34455863386635338,0.23508694495476784
0.34482191115321076,0.21442182880628335
0.3173924185390275,0.18868803855969765
0.26797818664104267,0.15934261885823497
0.20418474032095407,0.12791981060767471
0.13431726578172995,0.095986959507302336
0.066201663821915308,0.06507853912607843
0.0070787760897389482,0.035254938502600017
-0.039699550071324245,0.010449874540343611
-0.074151132098613404,-0.011298700470451952
-0.095066942396354964,-0.027163048455788201
-0.10451491873794408,-0.036858666093330821
-0.10573107432888841,-0.040784154719566451
-0.10238605408214402,-0.039936447578800542
-0.097893333401210536,-0.0357157244651038
-0.094578222442954107,-0.028842093011244616
-0.094118347532091209,-0.021499044131804135
-0.098020933594793733,-0.016344835962365543
-0.10464395073165973,-0.012212100978775344
-0.11259742617168933,-0.0086398969919816472
-0.12030867426571981,-0.0046457606589567994
-0.12644814079757041,0.0010282969429074639
-0.13025371381234779,0.0095935830479001016
-0.13375393249477471,0.020522618061011598
-0.1339725164215412,0.035446497374730226
-0.13457037919269757,0.056031026400957029
-0.13523727201655844,0.07861158775189675
-0.13737560329822776,0.10067976484413625
-0.14236781280069205,0.11934630970216929
-0.15130548460614729,0.13181159051109917
-0.16475570219329763,0.13587335460023964
-0.18172036262703084,0.1306561607048117
-0.20338771488696761,0.11606272324626216
-0.22521880122287716,0.09350526489231574
-0.24758532797801236,0.06639221556338501
-0.26831712539492192,0.038884200949157698
-0.28500649434819514,0.015587292667284917
-0.29533914019513552,0.00084798399618532538
-0.2974604034671044,-0.0019725577441957248
-0.28885072799772349,0.0096862207138482467
-0.27111365547855526,0.034908191728845031
-0.24797530441860541,0.068802227826779291
-0.21942176869565169,0.10914523720805894
-0.18829701311092259,0.15039662488654296
-0.15786868441335958,0.186347270589523
-0.13133394745377466,0.21103512427719207
-0.11128826600625427,0.21968333924412473
-0.10071591350082067,0.21086352333217154
-0.097343703638998191,0.18231349272433392
-0.10041765570766201,0.13637482286336683
-0.1066606028895197,0.078207054345036081
-0.11223329704687379,0.014681828817016164
-0.1130328448875265,-0.046266009604935564
-0.10535551057116822,-0.096751130270525385
-0.086524412821920429,-0.13007584647603324
-0.055086444933610632,-0.14198902922851209
-0.012420882312405446,-0.130496369241065
0.040303955491189418,-0.096740397044000351
0.098062219279422699,-0.045420847218516039
0.15572123435545454,0.016702025110860143
0.2078155902662053,0.081498545776076611
0.24923025829414788,0.14062167418584445
0.27581105069308559,0.18667252421453887
0.28687350098394088,0.21501528578128257
0.27785445023310901,0.2216691691680665
0.25094515698761921,0.20652607443833526
0.20707362664873857,0.17272018616346943
0.14947739360757908,0.1253858548980484
0.082443174704600192,0.071063328388694655
0.01084743445332265,0.016661236902149011
-0.060318556705296379,-0.031587364611753432
-0.12432675895693866,-0.070367904941722348
-0.18084828826974875,-0.094799845180867634
-0.22438238055048434,-0.10613463712486806
-0.2547061515953169,-0.10543802549873092
-0.27087725322617473,-0.096483496211716077
-0.27258872472765378,-0.08419799545376723
-0.26008505063276066,-0.073750124845146273
-0.23413115228273765,-0.069619184803823231
-0.19398035763802779,-0.075068546690230206
-0.14541312531438008,-0.090558116311790879
-0.087782096969926074,-0.11527322374887222
-0.026830988557724429,-0.14562587722029249
0.033520406859180486,-0.17686333350999994
0.089386978620372481,-0.20359990918269008
0.13719842167173113,-0.2207347249312675
0.17396754500664766,-0.22433441244671792
0.1978109684934353,-0.21369148448685996
0.20677191740265422,-0.18646945541188234
0.201943262920696,-0.14732371595553451
0.18311532751554832,-0.099123278025027614
0.15192349355518653,-0.047659569381253701
0.11079168893873549,0.00053622847935093094
0.062680904178926425,0.039169454811049671
0.010794766545151532,0.063155885175192245
-0.040252384176695001,0.070252136939674539
-0.090015641384944237,0.058425332826869361
-0.13552866094678243,0.031145958361533044
-0.17560285815632193,-0.0079471846533340912
-0.20928511093831517,-0.052475668331876259
-0.23610083673269,-0.095038731268780124
-0.25598902777879567,-0.12830275078131412
-0.26924377445232206,-0.14611045945914544
-0.27618019666597227,-0.14524990885808592
-0.27746975881240354,-0.12276555232480117
-0.27704424348514589,-0.082441704258935947
-0.27392074642190012,-0.027206880373400442
-0.269405816165877,0.036359048452900888
-0.26496892470602107,0.10032900625137216
-0.2620887720104581,0.15660926451682261
-0.26203269763511339,0.19816856177884021
-0.26766054370766107,0.22093390167960092
-0.27618860970812525,0.22157387335790449
-0.28606664474448301,0.20185308483535444
-0.29659891388338289,0.165670886822542
-0.30565737804270643,0.11965908741185509
-0.31084348821863778,0.071877058846044548
-0.30985573171918634,0.030539506401060078
-0.30088542873440305,0.0027071980896768142
-0.28091779183705523,-0.0054947207482445104
-0.25377078381083784,0.0052600599730346243
-0.21838127454948614,0.034675500040715873
-0.17904662300176441,0.076923636364050627
-0.13914828282768529,0.12479834458907185
-0.10217009985214801,0.17006026626530626
-0.071252677572126139,0.2047497269045592
-0.048822258596792595,0.22244423871832572
-0.034879787271714417,0.218991006972338
-0.031637331818245878,0.19361335349104233
-0.040265634389873836,0.15060532883601238
-0.057763321020680408,0.093717464842249729
-0.081939939863299754,0.030097302551867679
-0.11022490566791322,-0.032148781777497158
-0.13991401091368028,-0.085163456909220808
-0.16835346860351771,-0.12247948926017393
-0.1951060425609083,-0.14073235542435272
-0.21479980964284376,-0.13721066078348743
-0.22537135427558819,-0.1139887264876384
-0.22524416725283297,-0.074816955234846036
-0.21308513223876593,-0.025693988089285035
-0.1882314994210281,0.026317402988653218
-0.1508322571689025,0.074105275735967091
-0.10197351436948908,0.11146798831336165
-0.043461451656511253,0.13306665842384163
0.020457537639145231,0.13751456746004301
0.088657043899908861,0.12567506894001024
0.15405947541262655,0.098632560827757815
0.21147674230591304,0.059851716349265872
0.25604631157758689,0.013740278246212332
0.28371210805941377,-0.035026894908522496
0.29163670423812799,-0.082124592096786367
0.2782004434457665,-0.12215021547365594
0.24349865260671094,-0.15518151861793736
0.19223526065567023,-0.18145226967797048
0.12539447682836358,-0.19925504822425275
0.047199270361548341,-0.20886949431736312
-0.037294367134760899,-0.21091976782191826
-0.12261123982980533,-0.20612589483786004
-0.20328431022801108,-0.19514845351466584
-0.27513051779173303,-0.17882168679605656
-0.33313424962122817,-0.15717093730002776
-0.371285424396537,-0.13126711520858075
-0.38970003990054769,-0.10168800891332304
-0.38762633902750343,-0.069692941329700983
-0.36545838625316523,-0.036966043024791083
-0.32466335024698251,-0.0054964571915386128
-0.26769113408632855,0.02266732583012596
-0.19640128693600797,0.044391857397211326
-0.11724624363297557,0.061067096629397584
-0.034206054788384552,0.070311513845962029
0.04726170450249844,0.074564380720308895
0.12209231476063763,0.075677181463101664
0.18568127319233729,0.075968529002151272
0.23423880684742304,0.077808421644230005
0.26510278238413776,0.083153243400497401
0.27667934117494314,0.091217632142022692
0.26911969856573498,0.10462805051808517
0.2460364838675993,0.12280659585617724
0.20870385633438585,0.14239388351148888
0.16094156660636966,0.15980105580523657
0.1072995362062211,0.170906206769221
0.052633251789858775,0.17170708175012633
0.0016528012884021778,0.15901705238262007
-0.042967751998596822,0.13244478057814152
-0.075819481502859637,0.090296240578275358
-0.094693771905341464,0.033915172171058758
-0.099005506922774891,-0.031695049684028601
-0.089243390746176335,-0.10073570898764969
-0.067131553073854947,-0.16649506224869834
-0.035387721479584279,-0.22221596703253932
0.0025907335048824562,-0.26200902927955838
0.042190323838060304,-0.28140123063999772
0.08172917288993202,-0.27916631243516027
0.11478881757310777,-0.25478405551914474
0.1409299027033151,-0.21234019238877594
0.158159419625957,-0.15705520848131022
0.16502875569062572,-0.095326126855464419
0.16068002426648093,-0.033795221761298254
0.14490452792331415,0.021598071201366999
0.11791492506709376,0.065622885305289161
0.080758576516115135,0.096757038592285904
0.03825662754713173,0.11667810178312414
-0.0091874539901666344,0.12598077777470973
-0.058452454507196917,0.12825600122586647
-0.10593964335658398,0.12801034959507684
-0.14787166466028898,0.12980050742532948
-0.18067316590894536,0.13737314318025048
-0.20343439606951944,0.15484984507696009
-0.21147119856077343,0.17963268773864036
-0.20242671798374204,0.20988631128094845
-0.1785249369354682,0.24215401394863811
-0.14197887297653972,0.27162776332979216
-0.09619704287348424,0.2932005611448541
-0.0453539939084424,0.30229372607260457
0.006146446364936841,0.2955924871285226
0.052766494459651661,0.27346956060490141
0.094234617094599141,0.23375853371785951
0.12542411719650814,0.17817139840667573
0.1481693592944526,0.11161820041271378
0.16329897830649387,0.039412423756886798
0.1723680244872712,-0.032590573074996132
0.17725424472007578,-0.098697248436492621
0.17974705546340278,-0.15400648114214618
0.17914629688111219,-0.19624011665837543
0.17923987849579404,-0.22093042199716648
0.18001145992430739,-0.22894466747931444
0.18057917165890958,-0.22019245385288533
0.17973190669726413,-0.19674991236391276
0.1759424077258227,-0.16170960678626267
0.16774890197986081,-0.11877838257271672
0.15414457952690866,-0.071868659971300111
0.1340247907258969,-0.025546528844789109
0.10961875664063322,0.017508911624916516
0.082152764004871842,0.057061259609146299
0.054711958923049447,0.088963472621269746
0.030559586309405966,0.11166741923044662
0.012982535558947933,0.12429196683936958
0.0048082883393150465,0.12653535251282613
0.0079620681676268942,0.11856351282580896
0.021080286416226491,0.099004666010301237
0.046938104886293713,0.071693355015748333
0.081867339447123086,0.03692826893980336
0.12381953864259067,-0.0036084376370283614
0.16885535759021431,-0.048493889168693162
0.21249794717983309,-0.096284210747754284
0.25031586250077048,-0.14545832835612652
0.27853390776606302,-0.19433730435005775
0.29546043053898075,-0.2423639679544643
0.29826477259949108,-0.28480136241036502
0.28991880338300491,-0.32133534949181708
0.27112377290344575,-0.34773489375519301
0.24555803243551969,-0.36141024301744901
0.21789388310478172,-0.36037533262590443
0.19309578069526617,-0.34354411886660491
0.17563792882495563,-0.31096072529239555
0.17023451117571428,-0.26419431692836787
0.17615570471611575,-0.20473432301559949
0.19263598139662683,-0.13885761247211828
0.21723594724835338,-0.068737903188123464
0.24570230388244496,0.0010509143337683339
0.27294027647279079,0.065857814400854947
0.29385041024586273,0.12143457209780005
0.30418684993544359,0.16440781487524719
0.30100042664598009,0.1945730811592051
0.28465966988483582,0.20796633396910474
0.25475939019098293,0.20784285813219941
0.21673038309079301,0.19501987759884168
0.17591784435080823,0.17311110985868897
0.13821689542178398,0.14674448818256355
0.1091517540171001,0.12096717580033124
0.093012911831489076,0.10056471622082998
0.091894128466219804,0.087499035674189013
0.10665426818627344,0.087011710343544171
0.13383830412272193,0.099698840808386813
0.17031983829323624,0.12407465421805984
0.21063579764333237,0.15707760829017697
0.24863279486551079,0.19426692711631036
0.27831683061422807,0.23051616000571024
0.29465736730708769,0.26082551656660274
0.29510915730770532,0.28139238232863423
0.27697312218661552,0.28957203042213342
0.24067766649842259,0.28377842568066214
0.18908002336209351,0.26645595617957807
0.12629994491277147,0.24096745535490643
0.057422622803548061,0.21179128942587336
-0.012169099111225441,0.18370341829980363
-0.077439125309074486,0.16089422809527792
-0.13393721843722486,0.14644347028944923
-0.17851523388161827,0.14015942825317862
-0.21240140972606078,0.14337297279717839
-0.23300862851747883,0.15050211317251946
-0.24098976098237926,0.15649927521317414
-0.2379007914149367,0.15583932123440861
-0.22584360543137505,0.1435300083899832
-0.20709939910440378,0.11608359610628338
-0.18527984711939149,0.071474126206952246
-0.15940174225711812,0.011828463385539131
-0.13306924482558458,-0.056186484151605313
-0.10532607233247497,-0.12822052431190323
-0.076562845369832544,-0.19653064853659244
-0.047257779476403146,-0.25291939833469163
-0.018133509277094,-0.28990514640145937
0.0097770977838796489,-0.30184152916591084
0.033704693061923453,-0.28499824273367186
0.055181028109233088,-0.24052361996232691
0.069760728230513644,-0.17378470560765252
0.078896233172262353,-0.089835244685567556
0.082218257343549761,0.0028244938688564022
0.079646590765163755,0.094680351947730182
0.071420460017191462,0.17641522428307999
0.058096045748683815,0.24007274299353479
0.039043267784729732,0.28081761211979089
0.017890631228794012,0.2949190393261536
-0.0056471369692074249,0.28176730660426913
-0.029188354408813979,0.24546476312344293
-0.051455954903015286,0.19159769422115278
-0.071490912290968378,0.12718380601280591
-0.08867213542820436,0.059695450836895952
-0.10266473078390113,-0.0038797705688303468
-0.11126022219043805,-0.057539972375511561
-0.11686419275416771,-0.097112716240611865
-0.12174212121341439,-0.12316404877596827
-0.12331574429881192,-0.13340316143957676
-0.12079302245959288,-0.12907946512485449
-0.11321618084454432,-0.11266173363657624
-0.099644116934393512,-0.087332741217577781
-0.079386989396118629,-0.056494726731895581
-0.050195981446513771,-0.024174087038581975
-0.016060759913951238,0.008591888166481626
0.023288810378267022,0.037633851972130934
0.06456099164551278,0.063019044027031249
0.10496869025788623,0.083795941757457484
0.14168406588055624,0.099177516918568867
0.17220825833124134,0.10842948815003377
0.19471968034292123,0.11085483236035325
0.20922495471569777,0.10669316729707867
0.21408638116696369,0.094486432233758508
0.21277847030193911,0.074208199267343108
0.20572540424589456,0.046954018469969896
0.19557203897503678,0.014334165704463459
0.18533655000287655,-0.021311029813721193
0.17793858497249065,-0.057120374056979555
0.17570646557736375,-0.090052910579720313
0.18141107326222236,-0.1170363729133488
0.19285005452441908,-0.13698347283450096
0.20844380192309978,-0.1461102314261559
0.22567190675197235,-0.14672146396590927
0.24088090531999076,-0.14029246486885341
0.25008599739863485,-0.1291014132137929
0.24954862148486534,-0.11582929320263619
0.23633428247027932,-0.10308930520372289
0.20905782364560357,-0.093237540513056147
0.16721498405985638,-0.086410652248853928
0.11190645921076955,-0.085341672644154792
0.046340857049548746,-0.086757658692507802
-0.025462150766884458,-0.08848972295321586
-0.098863613405681561,-0.088000152642653956
-0.16914787640947879,-0.082877070796157998
-0.2320417415172944,-0.07131626266926526
-0.28384529106444972,-0.051153753465426145
-0.32304664448907017,-0.024996350342628173
-0.34737888056169658,0.0061178376661148942
-0.35809079294254736,0.039046546150121299
-0.35649069571065306,0.070363198464948248
-0.34453121878622817,0.09658053024663904
-0.32450664277292723,0.11465148782018331
-0.29879300163386963,0.12239632189863484
-0.27171701245879215,0.12068784189091919
-0.24225103697374015,0.10673396734139673
-0.21220428306425956,0.08269778081421382
-0.18338644494906539,0.050532154589276304
-0.15731927984579386,0.013292126010118978
-0.13553859805219048,-0.025513471807296451
-0.11951374549208371,-0.062339067327746821
-0.11047774196780445,-0.094000973194367538
-0.10772872694238882,-0.11936076115085276
-0.11311549251473355,-0.13446203301869158
-0.12753960308134471,-0.14009370605556057
-0.14757879239230914,-0.13560296983964573
-0.17031934192907242,-0.12216042305411726
-0.19218139681764934,-0.10175299250677067
-0.20937681616391104,-0.076899299422716991
-0.21847284471330281,-0.050316490611904498
-0.21491781913871097,-0.025399108245111497
-0.20034531462275165,-0.0033138164186661055
-0.17704561026841767,0.015368730368780741
-0.14586635719505972,0.028933787417968565
-0.11047755028449542,0.03712091309862138
-0.075377926053135536,0.040190233686471295
-0.045182208988700907,0.038728358226857079
-0.023835758221592028,0.033422033290470089
-0.014185462889766749,0.023490898074730218
-0.01592077266801643,0.011074654996399834
-0.029594082630185047,-0.002993849932654911
-0.049932253286715661,-0.019901823849407415
-0.071696968536567152,-0.040288295721947302
-0.089024648335439077,-0.064831831572730134
-0.096367881154687876,-0.093969327160505739
-0.089420068358861196,-0.12760974799789174
-0.066166169015684798,-0.16300291743625275
-0.026988857714089508,-0.20143839400946062
0.028159462120632358,-0.23956636385013994
0.091908836276687167,-0.27450504941556447
0.15738216650144946,-0.30251143541333891
0.21706895110328964,-0.31968106946866737
0.26383080191411845,-0.32249083671686934
0.29183374185133221,-0.30837830625240514
0.29756766152064057,-0.27436729765869394
0.27854346215594505,-0.22390561707758871
0.23881369445281128,-0.1605150315341129
0.17940350163177546,-0.087973962669995937
0.10526394050521543,-0.012115481672109688
0.022558626650937115,0.060663283573118662
-0.062102341498096091,0.12420746741171619
-0.14242048811460517,0.17342131977030836
-0.21452154557203701,0.20632341311856395
-0.2724869975247447,0.21943202786399554
-0.31308009761496763,0.21539107078299979
-0.3365432299880447,0.19662485249140552
-0.34374893295794501,0.16822665604768811
-0.33671504214076325,0.13639901961107012
-0.31815675670151394,0.1075177122815501
-0.29103347531723717,0.087148887107355008
-0.25610413105875962,0.080528655394536949
-0.21943889731154617,0.087033347694256288
-0.18047202556883002,0.10627347093655437
-0.14232766326797788,0.13437169916483283
-0.10591506227350311,0.16594191495175478
-0.071528672745415342,0.19465846863343847
-0.039085117415219708,0.21423605923997582
-0.0084137311841836118,0.21939322785610774
0.020752593477750429,0.20800336673049338
0.047417767544150898,0.17688006476071866
0.071075175916419431,0.12719065587823414
0.08991494319303163,0.062686526032249959
0.102171548083825,-0.011320925532970672
0.10615141137840109,-0.088450338889328087
0.10061667898238469,-0.16213556937234319
0.085163911355830402,-0.22649648643258274
0.061991390394563424,-0.27896186475619777
0.030739828743667024,-0.31446232092214377
-0.0046532549539181033,-0.33099159917752463
-0.04038538763408029,-0.33144771944148693
-0.071665994723482826,-0.31905436494979705
-0.093606711392957231,-0.2981115817964326
-0.10193267255272653,-0.27328681928342402
-0.09370492146301676,-0.24891288247651722
-0.068816240810244816,-0.23029345358301601
-0.026572227044156061,-0.21719689476635712
0.026263425127442203,-0.20797754042840527
0.086226888238277385,-0.2039394199180079
0.14608436993792015,-0.20351860967160759
0.19774667228916895,-0.204613184970354
0.23335956591314769,-0.20507681296247585
0.24646837404550107,-0.20318310453527477
0.23219310488555006,-0.19825142422443742
0.19063532916624962,-0.18942040425139775
0.12641867731842268,-0.17956141262677872
0.044027108911138702,-0.16879006313963033
-0.047945206746219431,-0.15908714141527652
-0.1393706130299241,-0.1525508700277303
-0.21997778494592027,-0.1509632436269473
-0.28081165385935181,-0.15539220916532762
-0.31641404691201991,-0.1672544978354007
-0.32330871070650924,-0.1830977667059433
-0.30000290575774591,-0.20212060201635859
-0.25376596684808367,-0.22024913105781085
-0.19280393304062929,-0.23392144499928602
-0.12705358234132752,-0.2397675144178234
-0.066676550675986948,-0.23507030176160684
-0.020543305128238373,-0.21812515349417883
0.005351634592208299,-0.18980247280364573
0.007814557341477131,-0.14831784745976964
-0.012562821795122183,-0.097674276143069325
-0.051004978512995937,-0.038945708904127914
-0.10029290461305299,0.02470875933490357
-0.15165836666047147,0.089719151621153653
-0.1961677993553271,0.15244922871662039
-0.22608092850224853,0.20952270346717933
-0.2356807241488566,0.2583656328065792
-0.22294191764384297,0.2958041654195423
-0.18909658632333265,0.32319009295768225
-0.13769260493755928,0.33781958096949161
-0.074821885021420176,0.33978345019860934
-0.0078069779064789836,0.33000559885751113
0.055945354991684008,0.310106584488619
0.11003003628472334,0.2822181847582777
0.15195676638115729,0.25067131514769009
0.1762623990854528,0.21441906563049945
0.18403375944601943,0.17885552642728184
0.17727776063729708,0.14383419299178724
0.16011332151909838,0.11106484287883511
0.13769676765413108,0.082218396594526857
0.11532954085499166,0.058881304982216463
0.097599647354533636,0.042455798918193302
0.085634574805582231,0.032661545291258975
0.084463921816441093,0.031736484780655161
0.091105180282052431,0.041236197650716393
0.10510673017145718,0.058894229314368267
0.12301947350899255,0.082999280541226711
0.14048387380938668,0.11116976198204356
0.15299902871727383,0.14059445242790111
0.15671812108307209,0.16835889204104762
0.14767443973430247,0.19316620232250828
0.12678988325732143,0.21041920903886349
0.097938893838040095,0.22105878059487447
0.061995972977555026,0.22324103455430513
0.023216486450222854,0.21765869051145184
-0.013495547660225813,0.20602483921544232
-0.043404064825102812,0.19071048867529722
-0.062762190467519019,0.1742405281137073
-0.071553296806670358,0.15684391722247537
-0.066718636940405321,0.14224824151543095
-0.050471512446593071,0.13196828789144613
-0.027173306357502935,0.12325053126853948
-0.0024128456343403253,0.11345254268594998
0.017549072545180008,0.099173535198921262
0.026791849099338561,0.076959989327180123
0.02075401857013227,0.044115681885559914
-0.0037862771408379331,0.00082393034272204091
-0.045514589622020672,-0.053461913711073047
-0.099224078571198318,-0.11781712102452359
-0.1605959348197902,-0.18465133185849039
-0.22197284074195944,-0.24661290701517824
-0.27485126073158722,-0.29567232078591782
-0.3110871542204946,-0.32433306656532213
-0.32409976086857484,-0.32688991312470772
-0.30841824310613486,-0.29863094863789397
-0.26526595176529155,-0.24268732280120239
-0.19825563514196326,-0.16598710052247201
-0.11227933582348677,-0.074628531529256456
-0.015386360757830557,0.020919757864054724
0.083186001760273548,0.10907365340770779
0.17425882430045278,0.17875120705765726
0.24992360000010205,0.22100441040766128
0.30248282965119255,0.23067674836790153
0.33267854616593973,0.20644198162785327
0.33927278824558288,0.15169020226642949
0.3266252845000237,0.074713024669936637
0.30014158676477948,-0.013249142832148736
0.26620539060641529,-0.09931702751538439
0.23118928635860569,-0.17081839470547752
0.20058494520512019,-0.21711862501593351
0.17632306107859502,-0.22980156809398319
0.16405565142790166,-0.20803883649069529
0.16255314181704186,-0.15586087931975495
0.17181841608807694,-0.078711676897053884
0.18963365876993468,0.013217565791308252
0.21291864620336326,0.1078409526570067
0.23823026108953768,0.19290328345687527
0.26220052158169149,0.25766319088815415
0.28156377172417696,0.2929268808295164
0.29428404559225291,0.29721215508914112
0.29894893281710844,0.26847932946187131
0.29407696843164444,0.21228810984501872
0.27899841109228285,0.1356334802436053
0.25351238650873997,0.047104191367841955
0.21788650344135127,-0.044392046445431349
0.17291502816690518,-0.13077343515483444
0.12031200594034987,-0.20644881978772703
0.061672285509978907,-0.2659863361763366
0.00038140915556745717,-0.30711992486418666
-0.060262729153344186,-0.33001277128360373
-0.1160693302345961,-0.33609052800376704
-0.16256020753448208,-0.32774262784406094
-0.19541242216503218,-0.30778776248921508
-0.21097738990832218,-0.27907312546634594
-0.20709130665312045,-0.24507009722860129
-0.18314207806675462,-0.20757988839378738
-0.13739899916435094,-0.16645199282040885
-0.075174490709218639,-0.12615617526344872
-0.0013168211708588114,-0.089360820560193149
0.07825049945510569,-0.058774135127816131
0.15718703575509052,-0.036955480182499036
0.22944541876309302,-0.026003695454327961
0.28963886617955953,-0.027986932590732875
0.33528709681000346,-0.041231901364684374
0.36167984749251247,-0.066306164343829993
0.371245335348935,-0.098572844534907722
0.36587517838683448,-0.13352843204639883
0.34853340838000219,-0.16592368691526474
0.32272302854667873,-0.19040982601737821
0.29195273384498027,-0.20226598755358113
0.26133871048861324,-0.19890773910062723
0.23048043403513391,-0.17799727730216192
0.19915201232477936,-0.13847478814601463
0.16947019635499608,-0.084683179078786738
0.14153975372349406,-0.021467697244437804
0.11516603746743694,0.045102648728565134
0.0901056823065121,0.10855205648179868
0.066265637638291894,0.16287519161389991
0.042930445215566361,0.20252755548056778
0.022577188234999698,0.22655143585417645
0.0028211377970405118,0.23154483339471568
-0.01325415733577545,0.22132512958625192
-0.024959727298817951,0.19949098532975587
-0.03213171563989857,0.17067717306104879
-0.035183365614205563,0.1398123194227934
-0.035008067881113061,0.11139813628541971
-0.032461286355859209,0.09027532437784111
-0.028812109538749724,0.075983265575879116
-0.025978640006181622,0.071210225038332062
-0.02315506654052616,0.073464186730653386
-0.019792488967479555,0.080755720138721787
-0.01483731535579343,0.090738936445599466
-0.0070105523281753573,0.10118387065091373
0.0047999115829428047,0.11034099347569937
0.021405998785315617,0.11687324976805227
0.041421347839194031,0.12021381380429623
0.065294875193890073,0.12313744246354541
0.088500671995769928,0.12401894973678833
0.10717644951014582,0.1232896813402658
0.11718941270053015,0.12136440039115023
0.11480319411129138,0.1185264241234923
0.097372494293789039,0.11490012408861434
0.064238351288812542,0.1107816245509301
0.016763882773306628,0.10570795518611029
-0.044488168552615955,0.10031283380883045
-0.11185072466374719,0.094745661878352788
-0.17838719709592121,0.089776274329224498
-0.23670277800404135,0.08646220968971749
-0.27992327363638858,0.085969007439376341
-0.30264404143922263,0.089298896722915105
-0.3037607948032805,0.098335433021352392
-0.27896846503472755,0.11029947332332332
-0.23387657983845769,0.12614468911031654
-0.17090712494640919,0.14208554114387359
-0.096781754015048418,0.15512520265281163
-0.019630565163020367,0.16209889146599021
0.052069198006454771,0.16015122801759898
0.1106250950530329,0.14721838832829789
0.15045595980227722,0.12053738935198974
0.16792248788115371,0.084092389571444923
0.16238759948562559,0.037770626215431841
0.13683529134640374,-0.013269883708073886
0.096445706982243126,-0.064525092940406384
0.048047879717304738,-0.11136531656608471
-0.00094953581281148397,-0.14961599095755682
-0.043687126520356868,-0.17605669843677271
-0.074571652923593024,-0.18903923823677166
-0.091150561792768411,-0.18740815361793187
-0.092599200809633353,-0.17327213742729025
-0.08145943868313632,-0.14779173036261101
-0.061971266606323634,-0.11385577845782346
-0.039524888779126049,-0.074895013606093949
-0.019650769754402327,-0.034499654770746999
-0.0070118502940697755,0.0039166085736623288
-0.0025113284576815725,0.03547227102540073
-0.0099655680872405804,0.06098154703433193
-0.027744825571978059,0.077222730916865906
-0.051897027746036183,0.084171976330939993
-0.077095631430092057,0.081369840410748573
-0.097229544311418045,0.06867742767702828
-0.10643958389978755,0.046309251531762186
-0.10014131420213722,0.014956139697984568
-0.076162192041345486,-0.023222140607285148
-0.034127067569247105,-0.067037909972440246
0.022564653741322192,-0.11434187226491488
0.088883062919579731,-0.16023825372976089
0.1577093447095064,-0.19994942227675747
0.2211082375328218,-0.22845629003087731
0.27145695583252594,-0.24112016984531209
0.3025522279831741,-0.23439128098701489
0.30964463872111198,-0.20567569904734567
0.29246390886820195,-0.15647457605491627
0.2557765293207499,-0.09079485552876819
0.20211729928986624,-0.013202698065406068
0.13814383833276103,0.069053394438844659
0.071615549286169367,0.14769247076392797
0.010262118586306303,0.21447602754828457
-0.039337395766149225,0.26236434211135484
-0.073571115204339649,0.28630027760397198
-0.088978644751490032,0.28521729776648708
-0.088008197571896318,0.25957453292481142
-0.073260218033693369,0.21520183929790254
-0.050308595550017939,0.15963718587275136
-0.025898138879000273,0.10186020575061749
-0.0068480626109354127,0.050978787873204756
0.0010452270552148938,0.014883781801757302
-0.0075340446139671264,-0.0017305157078781426
-0.031693909308231259,0.0042660025745612914
-0.069833201125170816,0.033390950619028213
-0.11819069805215936,0.079633551149357176
-0.17093813329542362,0.13573861292352143
-0.22137736408965764,0.19296727758299265
-0.26294887230699671,0.24240798328085297
-0.29018263339280881,0.27627758601512031
-0.30032586942774048,0.28711796905474224
-0.29074953990949454,0.27535130708649008
-0.26220824694734413,0.24085072356575613
-0.21805994858600375,0.18765338911485047
-0.16297624206988934,0.12165813613269585
-0.10250617145928656,0.049929670315255366
-0.042281948966662042,-0.020355564023967352
0.012714334699915926,-0.082878527352681697
0.057837227420267208,-0.13264665806171527
0.09214060643689799,-0.16746445893157802
0.11526681064210577,-0.18628403791021514
0.12778638879556459,-0.19064126525907543
0.13158088331915954,-0.18309419040215655
0.12909340605027184,-0.16687483669628206
0.12287363806242192,-0.14528429935925419
0.11520140336760597,-0.12120767594053702
0.10754760125013894,-0.097629687277626248
0.10220641289032416,-0.075109424189404556
0.096895730399300689,-0.05260731051666704
0.09421055140356617,-0.031837008909258807
0.094323550594866509,-0.012955318786017697
0.097163099217453072,0.0038845510783912084
0.10252520210507006,0.018426846925932078
0.1101475362281852,0.030327436738989515
0.1212013910781318,0.039009009863067136
0.1329580925435907,0.045451805246099035
0.14563708263760439,0.047372338792425278
0.15818218238752915,0.047956647639368966
0.16981981018207998,0.048963856080888761
0.17980126786247544,0.052431525709661808
0.18744959354999047,0.060372974622341466
0.19221417891802633,0.074404659444643806
0.19284508704450351,0.096181022163400395
0.19046950523894199,0.12428914580020584
0.18543608548888937,0.15702138207941557
0.17782518668944383,0.191936143003749
0.16815887803608504,0.22542538481936444
0.15705828572621194,0.25342938993823827
0.14519454044929189,0.27200565723235964
0.1332480504661126,0.27793591543655699
0.12099996969393868,0.26737490344852738
0.10976059148115075,0.24360945506310502
0.10276124269264299,0.20521564882273144
0.098167645990983377,0.15778812824431643
0.096110271170329192,0.10607649466856037
0.096619971754004025,0.055249015071288363
0.099581073111667667,0.01022124678418815
0.10465614956146144,-0.024950380393094686
0.1109098051778937,-0.048334888128493146
0.11788785004005442,-0.057752171343067864
0.12374954674538732,-0.052620512974713214
0.12716400972585656,-0.035592049382316186
0.12629994491277149,-0.0095746989293182226
0.119338636439785,0.021904112799193503
0.10475902064180985,0.055156552530059293
0.081646146837486666,0.086734519477245614
0.05143610355172188,0.11182653469800838
0.01318381322811755,0.13089266971367233
-0.031877083284193065,0.14322563647114916
-0.079633204369344568,0.14723790478119606
-0.12600529076817715,0.14260648520882843
-0.16650283623447584,0.12937317123054629
-0.19676990805477143,0.10791920155495865
-0.21316727901985782,0.079013272987389901
-0.21477125189248483,0.04581244470241904
-0.19826017547209479,0.0073320191922280594
-0.16619409471939595,-0.033889110416021113
-0.12028823689431799,-0.074443372742325736
-0.06479359915132106,-0.11050926713967041
-0.005119307276688077,-0.1378979245767038
0.05286176671419416,-0.15254885178156885
0.10360439763855089,-0.15114261505821502
0.14236358612388292,-0.13037647920171555
0.16734256930746047,-0.092034612956266512
0.17580700531594981,-0.03913304933382511
0.17094381032933911,0.024840719173095195
0.15618824203898438,0.09386530520463679
0.13606383066563921,0.16089479796766462
0.11538718203618378,0.21879105522537298
0.098433919648755516,0.26135395013048018
0.086735555085007562,0.28238586753106815
0.084073582633289526,0.28378638302058062
0.088183748920697164,0.26390029382842489
0.097566816369875589,0.22924932888805868
0.10826958225255327,0.1864692929323874
0.11546336646412954,0.14319511442015928
0.11433257399859517,0.10688744539062547
0.10100840652139956,0.083682776390611974
0.075443490706438479,0.078262298829540819
0.03496516924737253,0.090284111979968815
-0.018503843161042692,0.11827871220051807
-0.079024761667690874,0.15719372496361292
-0.13968415427054498,0.20037981826035964
-0.19265539856708411,0.24033214031023648
-0.23035084430198163,0.26979512464197397
-0.24660855772554513,0.28278508655277013
-0.23860493877539496,0.27348223121126847
-0.20433303933504585,0.24369029445360216
-0.14723040392077627,0.19311007230397495
-0.072913936326120851,0.12628420884593475
0.010203128688899971,0.048424791339929531
0.092339452824146212,-0.034535838630211653
0.16373407654113761,-0.11667553611645376
0.21607951807819034,-0.19266586349202378
0.24289469084269316,-0.2594938680023236
0.24303537844564924,-0.31169522207370176
0.22024044029055126,-0.34766650153863549
0.17839240079068999,-0.36564546167354772
0.12563443917172654,-0.36498544305102465
0.071641034563300773,-0.34577607640653862
0.0260915873651619,-0.30881317947973075
-0.0028800902078824847,-0.25565773921875407
-0.007956706051369793,-0.18685923865969337
0.0094714186369679685,-0.10908600309924307
0.046039362193506822,-0.025374708512675533
0.096401210899646567,0.057738845300348965
0.15175403173732507,0.13412301451025735
0.20210272408761307,0.19777105965860661
0.23783585371143531,0.24343280862210717
0.25123928786600819,0.26726123312701322
0.237413689693248,0.2687273254013281
0.19633179861620628,0.24681108081256506
0.12991332393566457,0.20206099778652384
0.045878316927919577,0.1417431737445391
-0.046501240557040725,0.073008563638977453
-0.13686230829926785,0.0039931975824061836
-0.21519103553918084,-0.057128895127722686
-0.27313768716424824,-0.10311605927394514
-0.30589660311605815,-0.12716374507114223
-0.30953704692009371,-0.12807633852504632
-0.28544977862095589,-0.10641974218818766
-0.23696205372360385,-0.063729041973797487
-0.16998040317519306,-0.0045586263034152006
-0.091783472020128654,0.064973464498128339
-0.010047876141227818,0.13797885389889425
0.068036530357860711,0.20762077758072167
0.13615317361823118,0.26866044541745671
0.18982369650229122,0.31575266103066318
0.22826802100393351,0.34338988413208038
0.24865133964965438,0.35240560565500545
0.25098263106794172,0.34330822341513995
0.23634306702468477,0.31783485128720962
0.20657668166520127,0.27854592922124066
0.16403748277351776,0.2284349370560543
0.1117185071835977,0.17196682701206029
0.052620441793542208,0.10942187222017781
-0.011995514683314586,0.046466770622593238
-0.07696883280693094,-0.016624417778748953
-0.13845408377373875,-0.077650308252856057
-0.19261505533371842,-0.13430853662097297
-0.23586173746178316,-0.18423396061414871
-0.26514945099606257,-0.22516074860157154
-0.27624877729417019,-0.25329029707815731
-0.27124446595818974,-0.27079418260233135
-0.25052124112854646,-0.27520267041002472
-0.21567999623991102,-0.26912450274289967
-0.16974131711188445,-0.25471658731167779
-0.11655777509640246,-0.23481941606665085
-0.060415309297120648,-0.21262548415334623
-0.0055838695169182209,-0.19128099945117832
0.04382586329121127,-0.17537894953631539
0.085756938569601704,-0.16324580840731934
0.11619925195943355,-0.15871884368806935
0.13609960609245081,-0.15924119416050195
0.14592605744498979,-0.16345776438444062
0.14691305763477255,-0.16962389881208745
0.14078863653976528,-0.1759311114502404
0.12950138707331948,-0.18079532855249733
0.11293446090919987,-0.18495867307931943
0.095357962297065932,-0.18511886598277791
0.080701898076885811,-0.1804058471542587
0.067897802383455344,-0.17195826639080997
0.057524952832089866,-0.16054873515999296
0.049808994683623112,-0.14724661013777071
0.044674227371006806,-0.13326983941006551
0.041780036893340068,-0.11986413585872274
0.042593166606446561,-0.10632538223534853
0.043388010088967748,-0.096063821458724746
0.042287748147005491,-0.092304339825639459
0.038947623103395973,-0.093795722003477522
0.032214735013252761,-0.10090244092083336
0.02112656037194036,-0.1136747899286368
0.0050304617988284374,-0.13179675836662352
-0.016312093613955966,-0.15452588968013936
-0.044708679227280938,-0.1787484954272896
-0.075917234176379148,-0.20525489068885441
-0.11028599230151195,-0.23339989821615015
-0.14499497415090784,-0.25924234539237101
-0.17807695165494342,-0.27990418819820084
-0.20770748895226701,-0.29246614643691599
-0.232306845649451,-0.29426631082100058
-0.25056042838906928,-0.28321062708113715
-0.26107415332727862,-0.25724018204369453
-0.26401024503550158,-0.21805947221354813
-0.25555948609639634,-0.16389077367379629
-0.23722365823689781,-0.099130862073315909
-0.20839685579830589,-0.027101426219808652
-0.16855007191254179,0.04835788429855685
-0.11750811602449908,0.12321438935336257
-0.055826558460677057,0.19354919017900424
0.012760930491452658,0.25554398303678627
0.088438479057347294,0.30618307665679551
0.16578498262181779,0.34496666600149883
0.23928863911299195,0.36875142953453482
0.30203427128155674,0.37652370609870961
0.34674737447871867,0.36805088464282243
0.36680162070789818,0.34385589350093726
0.35733828818423374,0.30517035861928565
0.31660147367405744,0.25305925608684565
0.2459504399612813,0.19077980109732806
0.14963323942234732,0.12295184605611083
0.037677737974681484,0.051299357113467052
-0.078023133105199136,-0.020935388110589367
-0.18422461031180787,-0.09050983915297478
-0.26805656055937754,-0.15437386763842448
-0.31883391245308335,-0.20987637809721768
-0.32878874723726909,-0.25360769505738689
-0.29724796761505129,-0.2866437030590907
-0.22792375256939054,-0.30717267417722349
-0.12911250395482149,-0.31666201235852853
-0.013351685294310904,-0.31637190540845883
0.10458189739629162,-0.3079770869688267
0.20974740198442798,-0.29336007761279431
0.28916832120530322,-0.27441685032082058
0.3351522961908594,-0.25262712796771203
0.34126491191740965,-0.23035918639941161
0.30974492812519716,-0.20689323716422661
0.24700164621465759,-0.18470568146752467
0.16407703631341891,-0.16452752849441343
0.074636147019811624,-0.14670063021607785
-0.0071247844646480886,-0.1312089660507616
-0.068616738171193709,-0.11772877911022923
-0.10100271771329668,-0.10704325573608192
-0.10011973027133329,-0.096925404986411667
-0.064078791274979147,-0.084161729738380084
-0.001108246403756088,-0.069984019872591535
0.0787683241219094,-0.053836779926695603
0.1633359466893603,-0.035341363304458258
0.24010666994013294,-0.014374469838641688
0.29818887270639266,0.008851701613659009
0.33187379186411403,0.03182711343272597
0.33440562152618819,0.057082479051627923
0.30649512987077659,0.080207678680375705
0.253072736845325,0.10177288970399598
0.18199316231030924,0.11998205291874227
0.10295560758100337,0.13271761740065349
0.025928848408972412,0.13780532861223097
-0.040370133821183089,0.1333602675650927
-0.088242453842673041,0.11951121368978218
-0.11630705819999636,0.094542457578318556
-0.12759289507759336,0.057058096253009193
-0.12338479032778454,0.011380533029556444
-0.10924209878674979,-0.038918997519667944
-0.091832824468316129,-0.089490715682946503
-0.07770167076236445,-0.13571450684730624
-0.072125237595956029,-0.17327875936775214
-0.076183820974946803,-0.20063911765720105
-0.094275198764726204,-0.21336712358523871
-0.12110429841096398,-0.20870392311143648
-0.15494236286923788,-0.18987570333901246
-0.19029627278990555,-0.15976358995373488
-0.22090376581334817,-0.12234588690004962
-0.24080619790321628,-0.082076334643948076
-0.24537987083973592,-0.043188939602032843
-0.23245437744602859,-0.0071432145850077594
-0.20107290428093372,0.020517224265895147
-0.15700786629556007,0.042442005163666738
-0.10309654110014031,0.057621776571705322
-0.046003065398900436,0.068570452605884555
0.0067677564850411164,0.078914789513960054
0.047955798185510219,0.092628514614218144
0.071617380825452756,0.11314046922461503
0.073136410503979399,0.14057931127502704
0.052827573153112185,0.17758154969422679
0.012916424753430996,0.22248497260845049
-0.042225755887032743,0.26976763219282163
-0.10601525789082589,0.31284037658481734
-0.17091016317883151,0.34418643519672759
-0.22949868260901302,0.35659857612920448
-0.27554692728159347,0.34450723073599493
-0.30631429672533123,0.30327694068004207
-0.31717721577285818,0.23687256824160671
-0.31223675934791939,0.14947139328918116
-0.2923862572430958,0.050069515306598533
-0.26259128429334011,-0.050129644530446604
-0.22902238157538743,-0.13893386120799234
-0.19806739084410327,-0.20491023858127233
-0.1753245850420293,-0.23912461187445008
-0.16267998127190172,-0.23578070475470136
-0.16511109822953357,-0.1957582450276876
-0.18103903620858183,-0.12500066501038851
-0.20783517951567487,-0.032146366426467836
-0.24055064172933358,0.070082473167645945
-0.27298849443022111,0.16744291045712983
-0.29868296168796088,0.24618329185179599
-0.31192485423407773,0.295011952623771
-0.30896436851989123,0.30645042545955414
-0.28790982642568741,0.27837654057503258
-0.24847900303333778,0.21590330740573963
-0.19502743389900717,0.12566544529252549
-0.13297464730983555,0.019389259010281611
-0.068839926199146778,-0.089134015796083904
-0.0092298016297417303,-0.18597606603258235
0.040181218214368424,-0.25895936408702652
0.073459962622868177,-0.29895416298923511
0.09179733628945215,-0.30196034313713593
0.09786288441659409,-0.26775784037883327
0.093439450475309938,-0.20128396373447513
0.083343914149419857,-0.11066247390341115
0.073090379110424861,-0.0061580768322746235
0.067906326936086503,0.10130745048232968
0.071797629781054237,0.20156884615728271
0.087697661670574689,0.28825305848474214
0.11402879228301577,0.35321724844267172
0.14786769855712797,0.39218893960855072
0.18481214385811026,0.40655525817774918
0.21895160769823815,0.39865881243291751
0.24408256313918206,0.37241225653251925
0.25468153608017891,0.33249526159290316
0.24677457807956374,0.28363022498832746
0.21827588224687841,0.23031218806788675
0.16965015177476653,0.17617311237052541
0.10677507695633565,0.12121503139994626
0.03239999557246212,0.069444531949729715
-0.047244285220637797,0.022389221668459986
-0.12526723694848818,-0.018795467959628501
-0.19493842903760142,-0.053142493420210879
-0.25043821059230548,-0.079768732071469353
-0.28655737428549544,-0.097603603545716108
-0.30265902672641531,-0.10690055703452067
-0.29599860820357188,-0.10547985660702099
-0.26956541438006842,-0.095202809386798717
-0.22616871034827088,-0.077151736173361324
-0.16944029924831353,-0.053011578239010308
-0.10340102097230497,-0.025018766095774657
-0.032125237501440036,0.0041732426124861275
0.039585252378898796,0.033054919072115323
0.10873125605426298,0.057331396254461917
0.17452328907261205,0.072142109034809374
0.23139295817238481,0.077657829882150323
0.27607548048875385,0.072947280933481143
0.3057037045237439,0.05795067572827884
0.31804160032461698,0.033471299384321529
0.31178250000836605,0.0010848817057117397
0.28598109937722743,-0.038374461410999892
0.24353519026500245,-0.080839353035274147
0.18692847268566806,-0.12119322463153866
0.12115210014822608,-0.1588521515765372
0.052014542555102315,-0.19164564447691324
-0.014126633718760278,-0.21783915567283044
-0.07107683099802202,-0.23621003979480004
-0.11357334037332578,-0.24607263365583418
-0.13887596686057635,-0.24536165898231274
-0.14387801515402901,-0.23668575133815459
-0.13093539350425654,-0.22297435914934316
-0.10229130362215487,-0.20312748153358423
-0.063132667005326104,-0.17807601269916171
-0.020016262714502367,-0.14887055790493051
0.020059115748468297,-0.11670086654950608
0.050676953077047587,-0.08294082454274701
0.067843692335302783,-0.047845518692603561
0.068088731092988033,-0.014765106780345021
0.04965294854983375,0.011826924122936105
0.016949580903689088,0.031780695192966682
-0.024820300264553827,0.043129286633787865
-0.069009027985478505,0.044215556134069724
-0.10854962288783213,0.033981760159196635
-0.13703879275732159,0.012273066280914631
-0.14941068987955,-0.021260263908759534
-0.14436379780920691,-0.062474750667470214
-0.11924362444050736,-0.10691663247838536
-0.07925988080029775,-0.15079782591793939
-0.029510126955392194,-0.18899476197641549
0.023816392278600548,-0.21644800650635895
0.074417207566277399,-0.22882675357895041
0.11682321874536351,-0.22317487499550961
0.14511108400968331,-0.19816402937437563
0.16077642651558363,-0.15527508298420317
0.16343922246633155,-0.098215019214841687
0.15595545610423953,-0.03202952884292911
0.14209102280121105,0.036581160325698296
0.12606807639006704,0.10030214698941065
0.11180660204773898,0.15208084202307173
0.10228366003355378,0.1859885162457858
0.097641847027199982,0.1982146639632682
0.10093482313417682,0.18649763126358726
0.10776487647999021,0.15201852085265169
0.11828267096376317,0.097568369669925187
0.12977050750498254,0.028187880092472573
0.1391772552207978,-0.049742155393146942
0.14362239205382446,-0.12926521156462278
0.14084238189955448,-0.2036267815322956
0.12745982038811351,-0.26560501806006825
0.10615260076365284,-0.31346608165197792
0.078617589833940446,-0.34157572650339757
0.045765642316622057,-0.3512118462772581
0.0098699733771687587,-0.34311680783151216
-0.026634500443812846,-0.31904671650902144
-0.061433789048884663,-0.28141743566397337
-0.092534318596500825,-0.23301063605770672
-0.11689021896823447,-0.17813243395370121
-0.13551573029769334,-0.11779569988850795
-0.14770782617273276,-0.054963527116229947
-0.15262304015075132,0.0069947616361066833
-0.14971841724431839,0.064809175550664025
-0.1384300203098473,0.1151303964477285
-0.11825429091294666,0.15474633720853087
-0.088931682005363236,0.18091192602088249
-0.051574657290698184,0.19147254024206789
-0.0060807608990250993,0.1861177574817092
0.046703786092963898,0.16604735278385596
0.10296326291908149,0.13345095883379282
0.15890535601062813,0.092230402684111548
0.21023878990004202,0.047324842165555984
0.25270014254825746,0.0040911993571577489
0.28267644402667358,-0.032445231773721182
0.29928775679353203,-0.056995108193581973
0.29995693557307185,-0.069904719141605967
0.28517698232840577,-0.068972540697573873
0.25927834182915238,-0.057961885344062769
0.22741592239183891,-0.040941491610310694
0.19575519064512537,-0.022965183684446434
0.1705433192086066,-0.0092211822383575382
0.15708365009229378,-0.0041435551217702937
0.15672670050714119,-0.010904387686122322
0.17375059886379421,-0.029462704279488754
0.20441852614506123,-0.060281976219440842
0.24495316290626543,-0.098203865706060184
0.28824944383787438,-0.13792497694664937
0.32574735969318713,-0.17345189463359859
0.34875723563500738,-0.199014626830362
0.34991576174493622,-0.20993688011659642
0.32482668810844689,-0.2025146373678087
0.27231248706958744,-0.17794620730306146
0.19434497308929219,-0.13505910063807039
0.099013664291720538,-0.079732377332547302
-0.0033736016227144589,-0.017263613488750312
-0.10082417967233781,0.046490135936437006
-0.1814154604132375,0.10587105290502788
-0.23511986769200471,0.15606571839936331
-0.25335228346236965,0.19165543573437893
-0.23767566451080344,0.21311206610521255
-0.1896151344647049,0.2213900591276021
-0.11814534510290575,0.21574328022551545
-0.034696250745396826,0.19758193435455343
0.047673894595515763,0.16878414669507941
0.11624613304544248,0.13142906140363561
0.16055940038000971,0.08764393121210387
0.17368538253260801,0.037678354334389062
0.1541478058831057,-0.012839150209503923
0.10549247914304334,-0.063694679515745187
0.035089039244240013,-0.11048045696797332
-0.046131939210968385,-0.15016917445176267
-0.12565253028124501,-0.17996590732324366
-0.19124896027594468,-0.19758389374763688
-0.23277951376052977,-0.20155615010378919
-0.2450754994908694,-0.1901743276667715
-0.22289777802746397,-0.16660360808320607
-0.17160064141603737,-0.13258372338212299
-0.094992534414566135,-0.09216099717372378
-0.0022006494575721619,-0.049904546828886572
0.095737335058185893,-0.010661024076850363
0.18743338448566624,0.021043356993169185
0.26267242979866745,0.041598201887732771
0.31162074138423884,0.050707669371389659
0.33344862991435748,0.044889325977117471
0.3248366059303105,0.026264068045748355
0.29009488175306347,-0.0025306494829618622
0.23449547606658161,-0.037070857765769162
0.1647345176688835,-0.071964930098969968
0.087881338150770788,-0.10155061024095306
0.010457229059624672,-0.12064135684542056
-0.064280335155279547,-0.12494220672292695
-0.12868780973823271,-0.11299071630161388
-0.18374911267794658,-0.082528723407310212
-0.22600479440682006,-0.036816407251521084
-0.25527183967287131,0.02057854776606291
-0.27221567678430242,0.084929368211811837
-0.27796061105359965,0.15096481283887217
-0.27376287190486703,0.21349986539297314
-0.26050444762072289,0.26934666632056031
-0.24014447777006009,0.31336269983320814
-0.21150941698975417,0.34173134605643685
-0.17722723359692827,0.35504272677226328
-0.13849103469049734,0.35377442455605335
-0.096602318691629732,0.33935705499855068
-0.053012397729780121,0.31381536991164399
-0.0093082000392964367,0.27940507993854091
0.03315613926604212,0.24019967092300509
0.072634278951796166,0.1952269072696404
0.10660644050633468,0.14595900050225963
0.13508267477775671,0.09369656928230205
0.15766277960003863,0.039387918870928282
0.17445938907673506,-0.015929907444103397
0.18608210459947636,-0.070990613480990103
0.19356316813993607,-0.12422730843999653
0.19735353971900671,-0.1751474135322198
0.19980702865998823,-0.2200836694326424
0.20421960672002001,-0.2554397006696823
0.21019094149097975,-0.28097210232394737
0.21844132906752328,-0.29564244867545386
0.22927473436259818,-0.29913352535305598
0.24254911075486887,-0.29192426178249165
0.25768734616683786,-0.27526029749081277
0.27578090663036681,-0.25020952850803457
0.29305538242046497,-0.22024784092211497
0.30561492176029564,-0.18806585592531536
0.31419696642700506,-0.15578395911550968
0.31766724545674846,-0.12542121567245831
0.31516810993710664,-0.098492352068913019
0.30618433189705579,-0.075984835850828408
0.29057381511993008,-0.058439535277915886
0.27002877911787476,-0.046377328737755137
0.24272408412864849,-0.039791909776013948
0.21015246292174788,-0.037818774080953396
0.17288190392667963,-0.041734505326736858
0.13207773212476051,-0.05211560845768004
0.089183558702564877,-0.069497942178935207
0.045878778258710659,-0.094134712784207805
0.0040183413830108573,-0.12571194165098612
-0.032391581377005485,-0.16227212582276029
-0.065276801501378309,-0.20229758121178112
-0.089611081341203075,-0.24506039651459843
-0.10637431325563611,-0.28435644305294705
-0.11457726380372774,-0.31538966248283989
-0.11340126187004319,-0.33344837912755082
-0.1023601244165545,-0.33456407345009304
-0.081516042058662933,-0.31616136933524042
-0.049650712251488566,-0.27840711440076094
-0.011646006160805999,-0.22101508274057183
0.029667461232707703,-0.15063406541437294
0.07074517769941123,-0.070888625932445354
0.10728013295127756,0.011107867064082779
0.13493509966468725,0.087438080516505409
0.14985787746486337,0.15036514916617783
0.14919990849801512,0.19337554915091326
0.12950148721050689,0.21347589853477528
0.09476502484641415,0.20661495111169578
0.044718892078531407,0.17656420368001585
-0.015021653089759966,0.12632343204290966
-0.079365159765150559,0.062888773374753279
-0.14290222478776426,-0.0050220514949006288
-0.20055218234899527,-0.068187843543522295
-0.24813714663573891,-0.11821817190125254
-0.28075066076696109,-0.14798162685134916
-0.29959642424297717,-0.15607123487384006
-0.30735788668977027,-0.1399450210828381
-0.30337914925701048,-0.10554768123879663
-0.28996749431553326,-0.059605099590509962
-0.26996230724667958,-0.010413700067144659
-0.24636813026406434,0.033500872550607325
-0.22205699900434714,0.064744137064196461
-0.19752067078910091,0.078485502408381563
-0.17740291611871417,0.072184221174598037
-0.16586287363915822,0.047579100265945397
-0.16198369974798263,0.0087310940328918819
-0.16643410508679096,-0.037663335152535921
-0.17941541073393943,-0.083654343714217691
-0.20059844155553971,-0.12133771279411398
-0.22900334427729316,-0.14413012508268991
-0.26315209103315784,-0.1491711731652452
-0.30001854070484524,-0.13361673519829803
-0.3356864637879754,-0.09786362917988102
-0.36616118097033407,-0.048265412449547837
-0.38675442055183845,0.0080196951895866019
-0.39287928875679518,0.062778691151141777
-0.3806722573549432,0.10798496151359341
-0.34764848831127138,0.13698202219959807
-0.29533501520342892,0.14678547380958959
-0.22245661066598732,0.13321226790948049
-0.1332624016886608,0.10068378253289012
-0.034442011138130509,0.051146940938460686
0.065760734684578187,-0.0093307514515537458
0.15810659091326318,-0.073371245372482144
0.23343715451529382,-0.13337397562341002
0.28382829736805559,-0.18260994564775621
0.30394408074573065,-0.21588440217669719
0.29108880654701424,-0.23068262599077319
0.24508509288734664,-0.22900914473495171
0.17137274678285269,-0.21200058960274479
0.077425895020749202,-0.18413889937749245
-0.027311944520687234,-0.15108764384580911
-0.13263025790415864,-0.11871856240353711
-0.22883353972654946,-0.092132939814417364
-0.30820696791937341,-0.076190718007471028
-0.36554908538139957,-0.070426875068095668
-0.39573524160535556,-0.073040209776991424
-0.40188107503062742,-0.081865908587531039
-0.38764327179458252,-0.092519452372159403
-0.35843982463089663,-0.10002790839808115
-0.32042627433921977,-0.099745773651952918
-0.27945407850237369,-0.088213935081775163
-0.23988396903721612,-0.065715849021070596
-0.20550738846070418,-0.029801511703166098
-0.17505378998242299,0.01602803657417682
-0.14914721266915801,0.067616508645401932
-0.12540496730112705,0.11915003092810157
-0.10058204072741497,0.16424863217780061
-0.071385635230374167,0.19688890023922323
-0.035279763405296184,0.21228734297103685
0.0091555894449624094,0.20950703157797534
0.060109439930394942,0.18487909560112295
0.11792465292651426,0.14188901550438404
0.1760672271474357,0.083684499608442001
0.22918281847914837,0.016116619878975381
0.27185765452249427,-0.053820709564299463
0.29945484428549907,-0.1188997833424896
0.30883634543795146,-0.17259697842288596
0.30091285435730813,-0.2091095879957233
0.27285536434394692,-0.22657386261485507
0.23097167522690989,-0.22551599813217041
0.1774642124881334,-0.20695235026524142
0.11791088864154001,-0.17460928870323622
0.058512468700044659,-0.13344832994611108
0.0052990499736493895,-0.088848309024342945
-0.0366455448816616,-0.045763870153178073
-0.064123645974560314,-0.0077235536595708053
-0.074520785372309467,0.022262106919780728
-0.071389265153928377,0.045824952064475649
-0.05497475879218687,0.062820104104942265
-0.029262172067335227,0.07586307972026092
0.00068003065120490216,0.088358519878569047
0.02946192523630654,0.10374053341516647
0.052180119739804777,0.12470180244163175
0.064266340533123884,0.15119152186513424
0.064467670755476408,0.18454943319816208
0.055505640893699235,0.22325084937572362
0.037039860392352082,0.26239836275370348
0.012351086668104116,0.29669925181988349
-0.01430134397053011,0.32043094909218428
-0.038434123183747233,0.3283377042511233
-0.056134267249614157,0.31650477630775314
-0.065638447175596054,0.28334109340800889
-0.065371385371980645,0.22895878135894634
-0.053726030408676718,0.15696604316947194
-0.035883941478801563,0.072479705128879482
-0.016293098915297375,-0.017437967825494269
1.6064252718585144e-05,-0.10492422982865067
0.0082726584487913691,-0.18232153484505637
0.004774644206131334,-0.24316697181545679
-0.010996959233818418,-0.28166417173533109
-0.041113843089143433,-0.29758691848325947
-0.083442130915275595,-0.29339813322434344
-0.13359787671148171,-0.27098434549832578
-0.18603441602718182,-0.23546527630279501
-0.23450777185091479,-0.19303111996271557
-0.27294779147027676,-0.1500078229701467
-0.29631123355181388,-0.11194193847997654
-0.30040930089682533,-0.084199649212729877
-0.28481092569956895,-0.067119251760722087
-0.25338853592877852,-0.058918868630014262
-0.20715593624925302,-0.058944667323233266
-0.1508361442549272,-0.063789150225772293
-0.090131270908335517,-0.069323706808714719
-0.030916270204499587,-0.071452281578370413
0.021572764683658461,-0.066813021621569199
0.06255038607981965,-0.053587055470722456
0.091181386387852267,-0.030922871799524788
0.10757591726209903,0.00042733193189942463
0.11316476303353078,0.037726428775059925
0.1110207554198816,0.077551243148086826
0.10494535135202329,0.11605615310311598
0.09876526319683443,0.14951778576139582
0.095663653500199952,0.17480065468527867
0.096186308915643046,0.18940806116064557
0.10325052673306558,0.19304337570964678
0.1152071801583574,0.1836682266170275
0.13022992073685838,0.16364376064490224
0.14515686826281307,0.13453958273186672
0.15632333951091576,0.098213949418694838
0.16017689921696782,0.056611575726311821
0.1538690300658552,0.01166550160606322
0.13367680209547755,-0.033885528635644702
0.10249599263553218,-0.078678430789081474
0.061684725720449411,-0.12300479586701657
0.013751742549601719,-0.16232537526189014
-0.037687449005520825,-0.19382971070324242
-0.088699026037937195,-0.2147406310371274
-0.13553232757858422,-0.22261640991661211
-0.17504807743129217,-0.21571608795966082
-0.20589375650118583,-0.19146950830281609
-0.22560273697161423,-0.15414102256233828
-0.23374299138706292,-0.1029749880041175
-0.23124079082134341,-0.043979287457957296
-0.2193940211135666,0.01784864723644241
-0.19988969906601414,0.077167844306217134
-0.17454178138355242,0.1289045503646184
-0.14508435227535316,0.16884610958397625
-0.11392428860715373,0.19277760705161975
-0.081650808769500038,0.20134148996578538
-0.046653685550412133,0.19597304291373047
-0.012154221994781436,0.17801128626363241
0.020789599769877407,0.15078050161473383
0.051228084412481563,0.11828405562526012
0.078345556238922379,0.084652889133612089
0.10151591505771819,0.053621020077472978
0.12067313297419376,0.029999986727510863
0.13544570381766519,0.012582954177906657
0.14587647889669667,0.0027486788164071056
0.15309439179390649,-0.0003903981530096718
0.15831100964725228,0.0018822482924451733
0.16298173537076097,0.007924075822537395
0.16860840991456566,0.016003862728319024
0.17650158568355159,0.024484703149534045
0.18548540932317184,0.030544603403048445
0.1992920020145684,0.035421283662909323
0.21583329602664139,0.035765263868397582
0.23503581908888529,0.032023370041474548
0.25506219229042504,0.023073127801214312
0.2734030880731354,0.0076278527740523327
0.28724601288692775,-0.015538827340315694
0.29394813547788701,-0.047221207429327269
0.28947942866183346,-0.088149534178267167
0.27644744356898482,-0.13578245218044055
0.25376240702079761,-0.18698937538967747
0.22453110704163221,-0.23758364385497707
0.19196009665697455,-0.28196557914069448
0.15977514389580758,-0.31403448508229503
0.13165358586667938,-0.32806485803630631
0.11064215383694526,-0.31968776720771713
0.096603734392991469,-0.28545396549482371
0.092701067143911631,-0.22877499857432845
0.099467493202596277,-0.15163293186718937
0.11282604719754283,-0.062827609070131865
0.12900744469170608,0.028092172300658667
0.1436674383422428,0.1106628762689424
0.15258231358008811,0.17491491556224326
0.15234807918970333,0.21279040811710373
0.14067949360255264,0.2207023656755053
0.11754943787919905,0.19596734471680888
0.085841747576638497,0.14011251734886979
0.048021573417308144,0.061581744885549565
0.0087420360711159256,-0.029540488532060757
-0.026678615886312557,-0.12151941414006923
-0.053021845929756027,-0.20254791624484553
-0.065939471666828717,-0.26232324651323541
-0.061730117834084955,-0.29420307947429836
-0.04061519652374973,-0.29314380548288055
-0.0049057571315045149,-0.2601072748210797
0.043139117855172611,-0.19906895978554498
0.098912585565647207,-0.11753232743774573
0.15698852595846091,-0.025119553854874171
0.21187860910360046,0.067801211213388751
0.25877941488244821,0.15150980084663715
0.2939008971344711,0.21678820310899347
0.31640243160484194,0.26068102682675237
0.32427734961813437,0.28053047414055587
0.3210217032063436,0.27774856468933856
0.30986211647376621,0.25584528139392665
0.29462022294597795,0.21986061969219581
0.27907139584981044,0.17540832280171176
0.26636925291915986,0.12777013413272117
0.2595017496512691,0.08037110111496007
0.25862667519671678,0.036975015352939726
0.26066877598292815,-0.00024622219115444572
0.26648792140397976,-0.03234012952015751
0.27415914073326242,-0.060519868407421358
0.28139750126957003,-0.086420030603069672
0.28593978781800033,-0.11153766551125259
0.28587179214872138,-0.13677788273258534
0.27897269488717114,-0.16190936677738998
0.26623690225579372,-0.18710091741858242
0.24628095999654631,-0.20804707120008228
0.2207256760351361,-0.22487366671103909
0.19055229162029347,-0.23562666967399581
0.15679068056268,-0.23852654751153435
0.12040338195520632,-0.23229867203494445
0.082268128612010064,-0.21641905513010157
0.044719121116655831,-0.19150826264109339
0.0067560316540411147,-0.15790366962491945
-0.031314399519479071,-0.11943934995018111
-0.066983520698557522,-0.076914512460306908
-0.098193792243499348,-0.03276592037599186
-0.12261723984252797,0.010549291000039464
-0.1379573170426146,0.050809645191998695
-0.14235361511648165,0.086244486902775988
-0.13452420336679244,0.11541087618531548
-0.11528258209965371,0.13758970058035735
-0.085905120910505992,0.1554621458910809
-0.049963127138396707,0.16749516417623508
-0.011901011751653491,0.17449584558779593
0.023191968658113918,0.1775635053867041
0.05028083546629452,0.17790288121006956
0.065157718993110611,0.17662963453601285
0.0648670519529225,0.17378510540591191
0.049967254831809436,0.17155228514585724
0.019330520740184532,0.16795496500095877
-0.02066040929909024,0.16425639105884129
-0.064077101447512372,0.15989943287804192
-0.10422993082505025,0.15398247191876399
-0.13465845146229322,0.14546029634344282
-0.15012268728743172,0.13339116136943091
-0.14949412134863474,0.11637295629651161
-0.1283169522595447,0.095905596634004914
-0.091973193849208754,0.071364057860014846
-0.042606622757206829,0.045073195371573872
0.013392273300104405,0.01897380524125027
0.068305604360855088,-0.0048193270519376963
0.11419408260600017,-0.024311184732156512
0.14407639169217917,-0.037911688206908767
0.15505112854672132,-0.042769392608429845
0.14246340030127108,-0.042099668253039339
0.10491020681221074,-0.034310057844830329
0.048759442148165022,-0.022442423207621267
-0.019066377070961694,-0.0084280768037359802
-0.090031047547617885,0.0058653449151978183
-0.155226499969874,0.018894382618833191
-0.20667120816379769,0.029610948435381198
-0.24051903001203617,0.036168378102011581
-0.25049113773937992,0.040236897499575527
-0.23766904120222029,0.04381623688661241
-0.20501441888441596,0.04600940393080049
-0.15853758979677768,0.047227742397302395
-0.10600574581716438,0.047732073410446857
-0.0556590037280748,0.047608937329327632
-0.014844476088697793,0.046832975733040891
0.010916335342662929,0.046751968033740751
0.019559270717619204,0.045703613733866597
0.013395054880566509,0.043314050797931498
-0.0042327214354145959,0.041314605627331052
-0.026633165358596139,0.041065790614202451
-0.045816846245114319,0.044186305182331048
-0.053931281164628933,0.052236569680108737
-0.044728722880559103,0.066316176078820996
-0.013937976060441712,0.088546977760519147
0.036887189940740445,0.11545193338233896
0.10332194293757885,0.14317467006915227
0.17798299128227063,0.16952622931561553
0.25081914635375457,0.19014727291265895
0.31088919547783561,0.20043423435553495
0.3480623348330838,0.19626463275583145
0.35466593218954712,0.17476337505161726
0.32476026773044936,0.1336214087792785
0.26193755338578967,0.076628837278988504
0.17241265443094964,0.0063257992647563531
0.064792357398358175,-0.070107182619688513
-0.048715931060618035,-0.14489674363123026
-0.15483387721339284,-0.20983377759114244
-0.24102091794200953,-0.25736699137538377
-0.29716675829393951,-0.28165643044655247
-0.31544779950686558,-0.27915360855987226
-0.29601569546212692,-0.25016922455357099
-0.24260472922259108,-0.19725462256885198
-0.16118886122115961,-0.1265527649346144
-0.061550019149844142,-0.046002102242597404
0.045004667049119283,0.035401075171027981
0.14714487169644175,0.10872438227362693
0.23488957514084044,0.16616998441071154
0.30036731703035818,0.20275780611612762
0.33898544353039844,0.21408742209123874
0.35129789657256116,0.19946905554031294
0.33706870172186937,0.16128572128079133
0.29983168425055395,0.10384391398257105
0.24468360781362003,0.032971862662506374
0.17751302851856274,-0.044750827005720362
0.10432663779426703,-0.12274303276899808
0.029290650009729208,-0.19532364511971209
-0.040431757594882115,-0.25710511240467093
-0.10047656094497266,-0.30494621735800598
-0.14757572688740328,-0.33630617516212402
-0.178978651738223,-0.35021287351998481
-0.19274355701433632,-0.34681142927648068
-0.18780447475010767,-0.32714843141229838
-0.16411698265256022,-0.29297112962580391
-0.12431933353649519,-0.24846826377795356
-0.068597435122847092,-0.19315612234376334
-0.0016624686705460892,-0.1316059425045252
0.071514167346052496,-0.066148397953326374
0.14443150173425609,-0.00038884380598106226
0.20988088288155984,0.061717505685429143
0.2607041781426867,0.11610737662339936
0.29068891419963255,0.15896877609863866
0.29634513859332617,0.1852750331964052
0.27520356505199861,0.19622395299811859
0.22585793470726448,0.1897867675524233
0.15497939495305885,0.16812378782541071
0.069855618909305847,0.13394530286055809
-0.020407164587296859,0.091024408386305725
-0.10602518737133292,0.04375314190918117
-0.17780327710342153,-0.0033820778302841481
-0.230390434362305,-0.045514028714452127
-0.25661399998639517,-0.081362159674425116
-0.25266815627312644,-0.10618467980932339
-0.22281114425414256,-0.12156846048972057
-0.17230320397319809,-0.12824037097933186
-0.10858085923837969,-0.12765730671900963
-0.040082112872562373,-0.12163601435200183
0.025036183443875742,-0.11198853270468051
0.078031282942588209,-0.099412243272452461
0.11846568923447695,-0.085740428988406323
0.14169169093617104,-0.073153172817808601
0.15167209102982762,-0.060106265428027314
0.15237935191378527,-0.046053946104770198
0.14892257220700525,-0.030315562504074151
0.14647860107695845,-0.01228769508543812
0.14926915920245881,0.008394844976089999
0.16005020516928503,0.033129148303026032
0.17871110020462339,0.059076570766167909
0.20289658513498943,0.087799961799402901
0.22903771243921409,0.11691277621283951
0.25210922690329884,0.14554306008441872
0.2668318469054114,0.17310236516665714
0.26862877920183553,0.19930143917835322
0.25446856012825314,0.22405436409778212
0.22433729912417902,0.24648407780594553
0.17806559449743628,0.26696091622936363
0.12077444160670762,0.28728184721442968
0.056907275823877765,0.30412852468511747
-0.0070241792549831693,0.31560737148174683
-0.064169872162417485,0.31956085379684196
-0.10823372172826595,0.31389111809271408
-0.13427679428071013,0.29695152630671606
-0.13785099262979245,0.26658304822327528
-0.11985175927643141,0.22569271914858408
-0.084412589887720005,0.17384677991621489
-0.03282141849466829,0.11569326847411759
0.03014969695754011,0.055358775625237555
0.098927037597203962,-0.0026822051922522046
0.167807873589463,-0.054171032726459047
0.23157861039118702,-0.095622629332720477
0.28687764180352804,-0.12343550993619329
0.32887295821938956,-0.13909236960529797
0.35812184604885533,-0.14287247389450397
0.37249108407949461,-0.13754819800629942
0.37251890697081413,-0.12655399608082651
0.35968757098683762,-0.11371530795377319
0.33610523098798994,-0.1026686692607567
0.30418573546184419,-0.096334607115422216
0.26490562040141719,-0.098418758070018555
0.22291632667884015,-0.10673407137145677
0.1795329798957109,-0.11968518612155335
0.13687114642665013,-0.13613170941805727
0.096282624709264672,-0.15349706969461846
0.058679697205866403,-0.16900290897946896
0.024607733427163318,-0.18006908574235367
-0.0056637961464930005,-0.1846264750968617
-0.03058562625290422,-0.18319788350861582
-0.051985423475612628,-0.17211468969355251
-0.071714199037183374,-0.15213746326172486
-0.08832661150472397,-0.12337871858756093
-0.10183322055083699,-0.086798890244398505
-0.11228404532748272,-0.04382730923400862
-0.11983246166923407,0.0037286101801881143
-0.12479782306127858,0.053744551725841277
-0.12859234264463096,0.10462868821565635
-0.13011922025371497,0.15309740912146083
-0.13251279549699529,0.19386087079362077
-0.13507233640255725,0.22616938576473597
-0.13872339828217087,0.24748059237277886
-0.14442154226392342,0.25557628945028021
-0.15295106798933833,0.24885098457757956
-0.16468140597231334,0.22662724366851666
-0.17903514429964068,0.19025134133054206
-0.19564802834782102,0.14102153680292612
-0.21125847494093594,0.07984566120767489
-0.22413481953155101,0.013513766609001483
-0.23108572840952601,-0.052178432036368433
-0.22875793880065157,-0.11109766103104041
-0.21418762318089071,-0.15742766299790248
-0.18540446590911835,-0.18632816452173759
-0.14345083991307714,-0.19369407859028312
-0.08687107521852333,-0.179717045310641
-0.022322332193079945,-0.14391570458284778
0.047269283465892327,-0.090126855427392988
0.11532030846732477,-0.022965876088985104
0.17438954166446474,0.051910010647224093
0.217179178428587,0.12843869969464905
0.23764608904806148,0.20078827704428059
0.23292251624175669,0.26472019911903472
0.20165471114639177,0.3148327207486829
0.14397022900884238,0.3499232254298264
0.068309630741649779,0.36794653800612814
-0.016298271136554181,0.3690964882958897
-0.099338831081742615,0.35477016756902918
-0.17024892332580877,0.32725007207186119
-0.21992168809933865,0.28934930056588687
-0.24057775683766572,0.24326170500825692
-0.23203494079196105,0.19272226867814751
-0.19522553692046937,0.14208434954778429
-0.13616187665335827,0.092085207515013645
-0.06354255635719197,0.044394373889022114
0.012265434937239363,0.00031555722560839097
0.080783490522237253,-0.039137541909056869
0.13297990502147519,-0.073174482829377704
0.16464102420313961,-0.10037710781650838
0.16964838770858753,-0.12131524079834596
0.15088549271053325,-0.13674303659065926
0.1120836448519627,-0.14581720538706563
0.06085892059665423,-0.14877326628643303
0.0065969322712785715,-0.1461590172264956
-0.041042393094862024,-0.13885296780968609
-0.073642326561864174,-0.12804534648710345
-0.085623387761355849,-0.11707512725162604
-0.07457111077738468,-0.1041430005209963
-0.039840261829553206,-0.093083732908240915
0.012056900633028568,-0.083686600705583064
0.073413334616778167,-0.077096906482425884
0.13509022139468108,-0.074365816369401122
0.1879293129519683,-0.076304045833739106
0.22412211322723316,-0.083301756401754939
0.23627099367928034,-0.093250458625815213
0.22509599349092532,-0.10859309637233037
0.19259989000093047,-0.12537241675137967
0.14210104330299606,-0.14283812213051933
0.079887392603213911,-0.15811289237741066
0.013273835351125501,-0.16785801025552599
-0.05054608481769482,-0.16876162864127078
-0.10554626744529789,-0.15813813300403345
-0.14794529796542463,-0.13534975539660052
-0.17508945100104506,-0.098784868770594406
-0.189706934005127,-0.053478676511256394
-0.19271966644196811,-0.0013931779894474949
-0.18796540804956968,0.051875004337649515
-0.17995851695731338,0.099667418298355834
-0.17307617924458374,0.13523603925645067
-0.17083827079112765,0.1528659078914999
-0.17450968053405039,0.14706133301768212
-0.18647006359894197,0.12075702780091459
-0.20348362402441145,0.073738220966792695
-0.22497598820257075,0.014365055210380357
-0.24791086801712198,-0.048599145676673484
-0.26876480112758605,-0.10531570872976438
-0.28406697215287846,-0.14634020109685586
-0.29088509726884099,-0.16410916031530526
-0.28865587581524271,-0.15339006310461953
-0.27387527480462664,-0.11526562250868436
-0.24821398674233705,-0.052229963839679962
-0.2117196611284462,0.027141085991675241
-0.16626558229841656,0.11240125686798898
-0.11439950707493805,0.19189547620178549
-0.059018540179631498,0.25443075108013324
-0.0030396167271935777,0.2908866143727305
0.048834584825341157,0.29633190161312412
0.097531794891040177,0.26766845748945561
0.14150622415828595,0.20896287928922286
0.17960681647860216,0.12593324614168305
0.2113188322541914,0.028177588407920815
0.23632796619442911,-0.072976740788105912
0.25439089980817786,-0.16600696875807644
0.26524985194488104,-0.2406912902994616
0.26890309419499414,-0.28962143048955374
0.26509321359292182,-0.30833076708119661
0.25167555364705385,-0.29510955558744084
0.23039225641597444,-0.25370409596971943
0.20183315541674351,-0.18983707565160787
0.1669658535265611,-0.11103681165922688
0.127163319997804,-0.025527299705983931
0.084182774234562996,0.058830543528069254
0.042145323502661799,0.13675081786118565
-0.00018181914891800101,0.20099368762126937
-0.038932447533196635,0.25004940511351315
-0.073151128031040694,0.28188126908442268
-0.10105227082283792,0.29698563222693986
-0.12099897492791563,0.29711823312880065
-0.13162298510537249,0.2847563216561414
-0.13195511415485373,0.26258590290046213
-0.12125597708417409,0.23336736791888313
-0.10064582020251825,0.19899632704095715
-0.068909435224124918,0.15993724977832371
-0.029305272349044235,0.1182130163014808
0.015891273505762377,0.074766512927530879
0.064105741730180313,0.03048319091383931
0.11267180722253065,-0.013609503116905262
0.15903863550686609,-0.056205163724207925
0.20066331789091951,-0.093782157188593701
0.23551514978324389,-0.12768315564628921
0.26508902864078743,-0.15448849254697872
0.28629227363257037,-0.17348803388759318
0.29868357952959568,-0.18334167395736201
0.30237655963912535,-0.18310550770223399
0.29792835496224729,-0.1724463058180995
0.28617993731144464,-0.15182163109741864
0.2689588045516923,-0.12177836061053018
0.24588560048545471,-0.085222924062088271
0.21744035306830442,-0.04769019346402617
0.1844056194695847,-0.010684235236802172
0.14715901966287012,0.022137954379685056
0.10606346077226921,0.04723779004566999
0.061594417072704161,0.061618678214420922
0.01446691647802407,0.063241369836455119
-0.032214864636267583,0.05055364204384856
-0.07953700245098036,0.024954462820356706
-0.12817498675579719,-0.0088098393160970546
-0.17387339042832758,-0.049263784054419071
-0.21425291218265136,-0.092069890064581647
-0.24699626915576059,-0.13243339715631816
-0.27010653272518659,-0.16571910272191456
-0.28214811816787566,-0.18808861850300732
-0.28214333123330115,-0.19895613210601973
-0.27062941859804523,-0.1943679937703521
-0.24901251357075244,-0.17694863922984866
-0.21882212396848624,-0.14854543553032462
-0.18248307986459245,-0.11345006612466556
-0.14277938696779494,-0.07702533446647844
-0.1025727058730569,-0.044959068221026778
-0.064518090158020569,-0.022443021883625906
-0.029933345295994836,-0.014758524503018306
-0.002037555184975393,-0.021236775125419719
0.019714815042907615,-0.044611168259693405
0.034131502841610414,-0.080262797713189588
0.041659823844907094,-0.12385058168619205
0.043350978319103325,-0.17007349542864805
0.040617107052703411,-0.21343898035838035
0.034939337645537048,-0.24901874681665825
0.027869402212271265,-0.27118064726003077
0.020234976605074152,-0.28101066027791383
0.010267939446138611,-0.27666431552173265
-0.00076552388298269894,-0.26047843274154003
-0.013613085125638129,-0.23501571399521726
-0.029365706948746104,-0.2033403969446263
-0.049153953767907752,-0.16848459928182483
-0.07379898205090292,-0.13301154221810196
-0.10377926995314185,-0.099553599993626452
-0.13726648463762869,-0.068108808517836281
-0.17547533800005652,-0.037964378232947599
-0.21343441262480259,-0.0097452336490760766
-0.24772964565343816,0.016935680904072881
-0.27490214484452868,0.042416855432536739
-0.29193888803857837,0.066822023972043232
-0.29672515439620567,0.090011255077558958
-0.28633237260850286,0.11354827458746694
-0.26459365009240149,0.1342117709434425
-0.23266899838901228,0.15177906358935386
-0.19417562243179595,0.16655794193285053
-0.15301354091499375,0.17916922217893644
-0.11315077502790648,0.19076308883027712
-0.078134342352395969,0.20278315422243381
-0.050693072622707482,0.21658189767499886
-0.032778269273035732,0.23214944845300103
-0.025120950511018331,0.25012158545995206
-0.024388267668283527,0.27075950285940209
-0.031534296296033312,0.28976152518629283
-0.044815118040109597,0.30306824943314581
-0.062105203486858732,0.30605560750817207
-0.081156250055357398,0.29430417073842308
-0.099814098062744175,0.26447307723635549
-0.11528955791598895,0.21593885906059343
-0.12746586510588018,0.1484333970488686
-0.13454474664914265,0.066350272552906361
-0.13603998742245926,-0.024202246426199968
-0.13139448873421888,-0.11477122135147742
-0.12027425244854184,-0.19585472907796181
-0.10263400955964898,-0.25821455114009967
-0.078842387077577569,-0.29428049030206621
-0.051304387146382482,-0.29752144792702023
-0.019285226808397189,-0.27072494137779174
0.014131226618696185,-0.21436973599824871
0.046279081889854662,-0.13820601375222705
0.073545845517881042,-0.052875175306601754
0.092025457456970591,0.029651903577745952
0.098042213123962718,0.097766448587968027
0.088768538096239177,0.14188934628179631
0.06195269112895252,0.15558601273370859
0.019234407313126433,0.13714671330271491
-0.035601815420963058,0.090330687891784833
-0.098690780460496355,0.021032803714289072
-0.16367272162401864,-0.060921673178945639
-0.22330935299156196,-0.14404139064754223
-0.2704409565027554,-0.21684079837732317
-0.29902406947000726,-0.26947351289484933
-0.30478905363492054,-0.29426742253170174
-0.2876669766918718,-0.28920955649881386
-0.24666339238992557,-0.25638568320767374
-0.18902862528674347,-0.1998139074867315
-0.12217274540426376,-0.12720807272086074
-0.054688536021624143,-0.047949141052633357
0.0048720932607384674,0.02828381727210796
0.049227164266081626,0.092816652956098769
0.071941876820976303,0.13929581806713418
0.073244478385022724,0.16400880970451054
0.054570286732554582,0.16338607165985644
0.019999564725960109,0.14128513121652575
-0.023904902062021258,0.10170530749549657
-0.06941253591554257,0.049865730084311881
-0.10878292307423987,-0.0086346936673840774
-0.13537658029012437,-0.068537693933942143
-0.14425625731792505,-0.12407412818965616
-0.13407593174075289,-0.17357166738677818
-0.1041750963469338,-0.21640183855796008
-0.058649815638470257,-0.24975428505051386
-0.0024987914259753993,-0.2727536093665639
0.058317401104941505,-0.28487720133900535
0.11774410884747269,-0.28582199812311265
0.17040671785468106,-0.27550507876689984
0.21130176807092119,-0.2560893900680758
0.23913629825741509,-0.22608683189405546
0.253183553525688,-0.18485376191804995
0.25360189357962387,-0.1369989425422232
0.2418305119834338,-0.086235870866159137
0.21990010747247646,-0.037028291749578397
0.19008584520567862,0.0058689716239913271
0.15467264490302171,0.038024717287358262
0.11673793873902709,0.055192779851741217
0.077143120989119976,0.057081841284831632
0.037808102027529211,0.042633799591118578
0.0012951153186222236,0.015226777534143685
-0.029903083540178864,-0.020756259415762195
-0.053165005711970012,-0.059701447241673679
-0.065987546243147288,-0.095588079670507739
-0.066359893570251141,-0.12292434523612661
-0.054078749925838485,-0.13899516049566726
-0.028704645385344504,-0.14037471768141338
0.010576683716896143,-0.12524736214917534
0.057944277642648624,-0.098723093135328108
0.10824150016054299,-0.066060930356162381
0.15548124701674415,-0.033721450758695475
0.19361304924805112,-0.0082953840452235604
0.21739069827741112,0.004624690845499815
0.22525742184327913,0.0033403098902925273
0.21279170403447523,-0.01572056770440329
0.18127011204754923,-0.051240238915525232
0.13476878763039887,-0.097544652167911861
0.079393241857160832,-0.14750234515695906
0.022759748421737714,-0.1927468703737972
-0.02711023182274027,-0.22495058272405447
-0.063023645982527993,-0.23713957198357066
-0.07831199497627879,-0.22673674957587148
-0.073235586644106773,-0.18988396247761047
-0.04735799119517585,-0.12822785147637905
-0.0061515061983915837,-0.048340513226157227
0.043295565619965837,0.041286485441871967
0.09248945143934674,0.13061781271959061
0.13286881990973856,0.20952718364966533
0.15717596064351394,0.26929345790918274
0.16093168786369666,0.30363587743040865
0.14267757069642209,0.30995300130212727
0.1025258079477213,0.29237995433475972
0.047515921795245726,0.25401829822911998
-0.01436727911416626,0.20281069396515169
-0.073972587298453615,0.14838825301067798
-0.12241131140052924,0.10052553774165143
-0.15244190249815359,0.06755160252091244
-0.16047313473861233,0.053078106510281935
-0.14382933624688526,0.061894771243959326
-0.10647276938777005,0.090944781577037961
-0.05310600816489823,0.13459095140985083
0.0082290593808532122,0.18391411822370363
0.068220362843456159,0.22839896415126562
0.11765234119679308,0.25765440486598451
0.14873879108809415,0.26316746732762114
0.15475228107128775,0.24170314294802331
0.1358418597459774,0.18929769085043016
0.093541145867208325,0.1113828718951804
0.032151806475543554,0.015138263305323113
-0.041471148759783714,-0.08801068868188941
-0.11926755396791702,-0.1848104151895042
-0.19313549943388539,-0.26212882505789226
-0.25601946084330057,-0.3089491303804236
-0.30129513330182633,-0.31890596031327934
-0.32800013245197546,-0.28866197926622161
-0.33763079900061849,-0.22127517134223976
-0.33056707802393254,-0.12533375178549996
-0.31024700911622199,-0.013106227752959707
-0.28097978246552491,0.10096078326457124
-0.24719620512775012,0.20236200784522287
-0.21279769775731108,0.27867255445070993
-0.18099423587168048,0.32001903581276459
-0.15314913516873191,0.32466889267059357
-0.1294753255230105,0.29640851141397784
-0.10992652807069049,0.24106611924204779
-0.093594546977274581,0.16967156002971334
-0.079366201632957115,0.095309678430641837
-0.066223261480783321,0.031026625070253389
-0.053420611811591766,-0.01223132842139127
-0.040814932594732012,-0.029216539484766622
-0.027438631707825012,-0.014087058564344326
-0.014387474780331833,0.027300852562351038
-0.00032407557472834787,0.089759414985410096
0.015362705519116232,0.16252506752419582
0.03341150810063423,0.23286130645117792
0.054552488751069272,0.28807172056602243
0.079278970626344675,0.31749947281195867
0.1072800276198729,0.31230191386760919
0.13793808558794457,0.27354440564607602
0.17070426652077411,0.20274026344123183
0.20194302156794255,0.10863109378414902
0.22817973057307625,0.0024253583783235798
0.24561951802781551,-0.10308658771308472
0.25068402604087769,-0.19540570940381272
0.2406068711486824,-0.26407631140129056
0.21369470812459004,-0.30015662741589033
0.1710742865164866,-0.30329959105501558
0.11382059275903778,-0.2765002106840358
0.047179227549931847,-0.22361357573222543
-0.023095870242011929,-0.15250756189441067
-0.090526986691651559,-0.07237847478419758
-0.14871541107852967,0.0076439343758415053
-0.19216413892584627,0.079730478343192385
-0.21846330900891595,0.13797559156132319
-0.22426187785152568,0.17917798738807142
-0.20759301603074484,0.20552548422772676
-0.17355716534406521,0.21666820334225079
-0.12704896668004279,0.21574822249112149
-0.074109592379045505,0.20674869111605235
-0.021089718130410051,0.19375620190107629
0.026197790405179441,0.1803674567535607
0.062918670402182311,0.17121730091369708
0.086289774248074769,0.16575007957388432
0.097541522643582651,0.16259216237125576
0.096198910675707863,0.16405545692483942
0.084894783309400035,0.17028041063140012
0.067369950040745114,0.18131602187486814
0.047804868721381365,0.19716976312918522
0.030126700758388098,0.21770178665827036
0.019457617234575428,0.24103713472078989
0.014290072835470669,0.26818168327538461
0.01571754709720765,0.2964126888304397
0.022164226285550211,0.32303475524582603
0.0314886231167349,0.34404720689495821
0.04118918069291938,0.35478794651879586
0.048927763671932571,0.35057812755423584
0.05298145354626084,0.32755029339773284
0.051078529250658762,0.28161960102494221
0.046017383917690197,0.21658796260040147
0.037486981115057161,0.13257214557782993
0.028477939816461191,0.037837206912286647
0.021226840963949088,-0.059195851179911024
0.017670382377294395,-0.14906880676095752
0.019115105349680556,-0.22255951562142398
0.026061205467818257,-0.27202185327570727
0.037321012261637886,-0.29067950625578304
0.05379243187177106,-0.28083338923108103
0.071952869745618958,-0.24218852647272018
0.092142670041295449,-0.1834347706514419
0.11322872345182376,-0.11392735284787156
0.13418154475844876,-0.044249547956980259
0.15409980705114076,0.015300641278130208
0.17215169170593569,0.056169418067067593
0.18951388882999165,0.072457725235878886
0.20145444379820646,0.062883312836226876
0.20905193346243961,0.028139678741569089
0.20886544959427267,-0.025495809662593832
0.199065049482336,-0.090044038660983608
0.17825025528890279,-0.15622505972944598
0.14574934134172138,-0.21478056173266119
0.10188071311969862,-0.25769984273781127
0.049004732364366796,-0.28052908230533125
-0.011469321074780769,-0.27767279206775763
-0.076021394653614349,-0.2511001464214303
-0.13980948146490393,-0.20162167535356706
-0.1978199837918812,-0.13366600856360497
-0.24507598251617577,-0.05321023918326924
-0.27717812483978516,0.033029643408436886
-0.29081301407937443,0.11837349142905665
-0.28621352647466342,0.19599997984930834
-0.26000613077079815,0.26289937024250276
-0.2146778864182626,0.31273665973416126
-0.15308016748842071,0.34554552133255417
-0.079889881883079231,0.36050205104316285
-0.00086496310316489292,0.35758129901206093
0.077737709459675911,0.33737118956323797
0.14980181899733711,0.30098644849412481
0.20849855982842266,0.2492760690552166
0.25210959168165475,0.18643729722144831
0.27747280077029507,0.11277369747124028
0.28429127052456737,0.034420846996792862
0.27347011390057269,-0.043830804262104416
0.24712264054972938,-0.11692084310458827
0.20818438541120005,-0.17990396493380861
0.15999507824577097,-0.22840059559498435
0.10561951539134207,-0.25715631414566859
0.048686897440398037,-0.26780229491808338
-0.0086520471537501527,-0.2571087497212925
-0.06395500726112742,-0.22889041277280023
-0.11560172644833142,-0.18636824657859069
-0.16238763278252613,-0.13366743221959476
-0.20336628409194427,-0.075347147614536883
-0.23769215873663635,-0.015925617452459719
-0.26244954457060682,0.038640186939193168
-0.27941687601748472,0.088094533414300749
-0.28926787862854514,0.12936935208963871
-0.28954177989638574,0.16156243557835248
-0.27933061225637057,0.18421345959630314
-0.25801030994855084,0.19741520489222841
-0.22544640444955785,0.20167466439819681
-0.18216991996087945,0.19782967214046024
-0.13154427838355603,0.18838570779344163
-0.072389842817668471,0.17210151565905141
-0.0083199083955688338,0.15370521988354707
0.057787440562469351,0.13313770754015228
0.12226756002064719,0.11276596727220424
0.18127890744040037,0.095336374482955219
0.2312005042970541,0.083638900641609767
0.26906198310347113,0.080023808381346942
0.29441101979666617,0.086126593867981896
0.3037162590075832,0.10186456071903091
0.30099142285484376,0.12352978499930546
0.28608134430016902,0.1489759948225404
0.26229218817729338,0.17317041131515773
0.23391843962050182,0.19018001088110403
0.20560797175242665,0.19408917358793476
0.18160120179324249,0.18006507950434045
0.16702458747716686,0.1434899096431341
0.16045760806290779,0.088125545627303764
0.15941256228636286,0.014497744211198845
0.16248062376139602,-0.068403140079901822
0.16520786534054582,-0.15130462414112228
0.16230549823539178,-0.22397824460589258
0.1486209268362427,-0.27669702699882076
0.12017869368299527,-0.30170334988735276
0.07540177497189611,-0.29526418717977954
0.015001033071539034,-0.25622466189331566
-0.05834211839984995,-0.1858723478081048
-0.13709803262486525,-0.093982960896744155
-0.21270083569904505,0.0086625993933982445
-0.27582316490668235,0.10981994428150858
-0.31773594258119092,0.19742682722770549
-0.3316617339251563,0.26120944761520237
-0.31243686881038624,0.29374129283464295
-0.26312919584349093,0.29235964008809084
-0.18473902703997819,0.25773546787980522
-0.087457826671534858,0.1952494508030527
0.018162128193360213,0.11307895764231088
0.12052514084558198,0.021241490496298646
0.20848513085461767,-0.069798371847667656
0.27273720003319152,-0.15047301321609094
0.30896324416923537,-0.21402761695096026
0.31088445364105394,-0.25390321535003668
0.28100626007045132,-0.27025644194123344
0.22241598528061163,-0.26241729394376395
0.14191288582012743,-0.23351697094677032
0.048124032485155968,-0.18840309910291678
-0.049657725722710801,-0.13277798090847781
-0.14261978067146233,-0.072352869211530002
-0.22134666411964299,-0.012958980594037391
-0.283114404941469,0.043080568497340592
-0.32757417351606327,0.092005680842894871
-0.35208163537588971,0.13363331749619298
-0.35798444653896927,0.16788501952908211
-0.34803845141371542,0.19519974958493674
-0.32579432490649152,0.2161482396895853
-0.29501440323539579,0.23114477861293742
-0.26067873597933572,0.24003630027131651
-0.22299594008438056,0.24335530488956339
-0.18659090686047117,0.23965465116454934
-0.15140271109692255,0.22973001980892571
-0.11864083128861894,0.21384078128075393
-0.089543038030604802,0.19268063165568006
-0.065494802403379723,0.16744824191045174
-0.047998670360568464,0.13980727829750167
-0.039961230253629507,0.11146784545403368
-0.040093543570910294,0.084289927592019323
-0.04949045239634909,0.0627184368862055
-0.067199483802607915,0.046022455444764382
-0.091688566782453157,0.034828549599127769
-0.12064814480516689,0.029185978051197606
-0.15125084017825394,0.028612258209653199
-0.18054127177872603,0.032213170743567034
-0.20383481045578061,0.037499281137081612
-0.22313275741546709,0.046021222374083078
-0.23443947878777407,0.053868434489030365
-0.24072155167292164,0.062554195592174677
-0.24370015248238791,0.071777406157803966
-0.2455388520541428,0.081256208262225349
-0.24839622208903214,0.090671633052555906
-0.25397683707153429,0.099635855029264572
-0.26228025325031235,0.10688291702364523
-0.27381978225249765,0.11274534770314489
-0.28998380482778979,0.11848934641886961
-0.30621394763617621,0.12225800640158203
-0.31937836468308972,0.12370922143541647
-0.32617956135871751,0.12272483410682813
-0.32363615269145701,0.11942869741368728
-0.30950808327039664,0.1141554798654012
-0.28231019417147074,0.10873284801512668
-0.242995258455215,0.10148137648612321
-0.19069343367090114,0.093483815863072722
-0.12937205423255702,0.084658122229583327
-0.062194761373248836,0.075184635977553677
0.0073644063656683242,0.065263471781469823
0.075839386960157754,0.055148557188767676
0.14001263029591865,0.045175958317602571
0.19559172871157279,0.033879464757141063
0.2417946321791557,0.02535027386554415
0.27922529431763576,0.017200233717510661
0.30404273515267044,0.012344443677148728
0.31479605218394408,0.011441138210743093
0.31044020867910538,0.014671281757416181
0.29046179930360327,0.021721768318486996
0.25504719677400262,0.031874041740905849
0.20437922343207476,0.04445013657611116
0.14180696502964599,0.058342192247943278
0.070712102190377144,0.07173585488080654
-0.0050674408503996026,0.085176403408299017
-0.080744673930138899,0.098796828519727209
-0.15127259994817699,0.11303621655158864
-0.21183995770006708,0.12843373192636126
-0.25840355510883306,0.14534725251852904
-0.2867105107334339,0.16284257872381605
-0.29836768700631006,0.18142790812459189
-0.29172851908148162,0.19889224276656822
-0.27099228136426728,0.21313022901184406
-0.24010284731306572,0.22112522178767036
-0.2036652133335945,0.21963847483679569
-0.16632212258251833,0.20577825666856714
-0.13215014880017423,0.17763067646179365
-0.10621747847413385,0.13348387435310816
-0.087646945911586172,0.077320558664708314
-0.074148217546838438,0.011485060198886239
-0.066763689043648072,-0.057360971399534069
-0.063537384135935154,-0.12218777598555287
-0.061971429558461008,-0.17564431072235803
-0.059468506494312637,-0.21105067167745431
-0.053737854071802094,-0.22337594366082258
-0.044569269269573449,-0.21031786879449013
-0.029471557005982821,-0.17157321227707911
-0.0058140483364340773,-0.11176057808506924
0.023470136227558801,-0.036100593953676319
0.056907696597960536,0.047293427976689228
0.092667400124461174,0.12923587297848804
0.12876986635710361,0.20065421374857081
0.16323546209443224,0.25377876090662715
0.19327893552613262,0.28234711319279093
0.21894314557341218,0.28527575042134834
0.23632182312642566,0.26288727416026475
0.24555381484122965,0.21948908069520995
0.24529220575089658,0.16149009998473335
0.23426446025649378,0.096721096453085076
0.21148830413146696,0.033336212597226376
0.17658127339900115,-0.021264028436191077
0.13039474503595141,-0.063227299776126275
0.074747660876939834,-0.086018899390816542
0.010847984316151707,-0.089347958685361759
-0.055118313944157706,-0.074100913980881394
-0.11745422540052382,-0.043552927010279199
-0.17005118202268979,-0.0024569040367723835
-0.20710938066407675,0.043737546816307128
-0.22391163133788453,0.089677457357755119
-0.21841088325307401,0.13106349046057095
-0.18930533572701524,0.16462518509099142
-0.1358696800282824,0.18676231319247968
-0.064816945347372909,0.19873757082126295
0.017219050340026111,0.20166705766833207
0.10242301793764159,0.1974499545101456
0.18276823044079604,0.18829511001806865
0.25102467021193314,0.17628670031371058
0.30019060028962036,0.16387178632527541
0.32907136614159815,0.15106908606633426
0.33809085415576423,0.13729158611430883
0.32841196199902717,0.12330878516743009
0.30413338365111031,0.10885056172037184
0.27068663622506534,0.093677430826560867
0.23395465376230737,0.077814751415113834
0.19937418879831373,0.061713485954086017
0.17086978104153652,0.047117759018362904
0.15126780993721842,0.033664103838960055
0.14141685994037942,0.024962706871915367
0.13964098986429557,0.020984715836067473
0.14309700242835724,0.022953479327341587
0.14810502912468781,0.031776716611511088
0.15086961554793596,0.047846859844141373
0.14817291728854384,0.070887513816386832
0.13587246158454053,0.097976496270985688
0.11701932782578578,0.13092669895225995
0.09011676857204777,0.16439109971943708
0.059259058702979477,0.1978955625613239
0.02772032099732932,0.22860783348532532
-0.0011502544375368772,0.25348284264987903
-0.024450814970082769,0.26959972440712587
-0.040109648940448057,0.27454529245127085
-0.04854230655161984,0.26759933771197558
-0.047130219532024724,0.24705353573641819
-0.038128677455800265,0.21441430105324383
-0.021710351562066341,0.17161537860192391
0.00065878326940983702,0.12207290186976333
0.027336134344220858,0.070033642180336669
0.056686161617566878,0.020034738173681628
0.08718469550134586,-0.023720237822756646
0.11832190865506732,-0.059325807815981547
0.14694554055334649,-0.082582420369771467
0.17396331862326667,-0.09474900367067586
0.19630540102423213,-0.096402094066068519
0.21251733283517843,-0.09056816118737207
0.22141038595298515,-0.081404818122873229
0.22220249618592139,-0.073465230060695594
0.21466121472412986,-0.070849403748603573
0.20010076947288255,-0.075033071797596759
0.17899774702728388,-0.088595587041695872
0.15056812061873284,-0.11183672157310946
0.11962483598499914,-0.13978590542263788
0.089312672064871423,-0.16704325610256801
0.062844222958361368,-0.18726020817214145
0.043158071183052288,-0.19421084498202695
0.032596118558915421,-0.18293010604911378
0.03176072046269518,-0.15262404410488559
0.042963957412819484,-0.10054812887123417
0.063407537162504815,-0.030960805144585723
0.093240094580158375,0.050066657432933662
0.13014714254358131,0.1337579875582709
0.17104272569524204,0.21006172093299305
0.21239358770232755,0.26910561376164277
0.25060104926469617,0.30272571651889213
0.28209504629704651,0.30392743918412013
0.30500996033220656,0.27485016782107646
0.31637763609865216,0.21734744452833862
0.31657223295977283,0.1399275497109545
0.30602378766770472,0.053203107891279168
0.28593052505608618,-0.030802819923823759
0.25801652451174889,-0.1004137551241111
0.22425844673603423,-0.14603653038110559
0.18868048218083244,-0.16296014798050826
0.14974868263914673,-0.14683290002283364
0.1096594955948836,-0.10358967369168362
0.068958316253955126,-0.0382331550049183
0.028382189649339355,0.038971722133511598
-0.011303012074071568,0.11591960479974397
-0.049196977858826943,0.18048688883153682
-0.084216419530085032,0.22236829124183463
-0.11600110196237719,0.23491237871503856
-0.14158984943020381,0.2151174722677309
-0.16114413352275642,0.16571774947507525
-0.17262461204747831,0.093133267564347449
-0.17542657020767283,0.0075141887384954373
-0.16962796775144107,-0.079048839116289293
-0.15600166995707174,-0.15431163648171992
-0.13590501056120216,-0.20765177645996427
-0.11312188767123732,-0.23074715530380849
-0.08580268876359351,-0.2217213839677723
-0.057999868570787351,-0.18034676926690191
-0.02912573496283382,-0.11279359915092342
0.00013982947547286746,-0.027499694913891922
0.029242053339759318,0.065386002051506839
0.057628496598486303,0.15553685590481192
0.084608733062445041,0.23389984746478584
0.10894000358455443,0.29357538525648652
0.12990266723492783,0.3312031233290908
0.14546069152232677,0.34761784745409918
0.1542070939196184,0.34458993885976313
0.15440669368477847,0.32688674483709645
0.14454790306540163,0.30046282323396056
0.12363743488694796,0.27138680249601432
0.091481265584282934,0.2448730795506939
0.049192159126404261,0.22266929535364197
-0.001068586616323403,0.21005466769802991
-0.05905767412608097,0.20383425294053495
-0.11850553591733017,0.20449907917863352
-0.17472411354986925,0.20928692933542201
-0.22303216892202984,0.21468952383861983
-0.25924702704782665,0.21712804940555519
-0.28012389612847211,0.21357872604049297
-0.28163235235237494,0.20340655804948971
-0.26595167653253926,0.18354953916127001
-0.235656989973622,0.15602184546099959
-0.19144016794866975,0.12157539536884382
-0.1363622899785551,0.082754768859562552
-0.074040036617407615,0.042662841568928377
-0.0082855969905753016,0.0044748185336204987
0.057217719567491741,-0.029033571823464412
0.11946073198137235,-0.057225853841925745
0.1749327201327808,-0.076582270619109494
0.22274438429795129,-0.089339106706117055
0.2603016436852284,-0.094920031332288352
0.28653099091900669,-0.095019233186008176
0.30096805252694586,-0.091904220640062109
0.3037180477598192,-0.087964366808176153
0.29542135152028398,-0.085223467514739498
0.27928139616517317,-0.085170577635289429
0.25344320654255464,-0.087936536933557616
0.22155940644955577,-0.090580479686562645
0.18486948290040556,-0.092414513289832356
0.14596590008282243,-0.09057703582679591
0.10774898939523132,-0.081888004237572032
0.07314249094796281,-0.06348160194659401
0.04471859975210804,-0.033468251537456147
0.025171313613381246,0.0082208151918596734
0.01411903157193356,0.061055491066820775
0.009857367889636752,0.11879962574580552
0.011305351938288745,0.17835701218435418
0.015358278665820291,0.23343689340149107
0.018183323950312174,0.27723779394541509
0.015812852997528767,0.30342138655805911
0.0048273839306334793,0.30712464269966028
-0.014932153468985071,0.2844888534443758
-0.047055980937815219,0.23870297958149025
-0.090083173801019448,0.17052154815340129
-0.14040870438969735,0.088751651306511914
-0.19298435052189569,0.0022346857630810954
-0.24169553822175768,-0.079386388524815582
-0.28026944883224125,-0.14693284166581475
-0.30328187221867042,-0.19290482616400467
-0.30504290077495555,-0.21056789177706448
-0.28829167896450913,-0.20084819062644946
-0.25154117315887065,-0.16709579395666327
-0.20180718992400154,-0.11278500195236994
-0.14594588193314301,-0.04495329298592083
-0.091728091731537814,0.028167519992125821
-0.046708902965267175,0.09827247387186043
-0.017124238899534138,0.15803897427352182
-0.0090420084813659721,0.20277757846314209
-0.020204872657031719,0.22796746005230376
-0.050503117714111007,0.23344052519357139
-0.094439184381544194,0.22040141852751047
-0.14571889934240889,0.1922072328548034
-0.19736216725404143,0.15345443156040692
-0.2427407277424618,0.10926950982396567
-0.27649749456307882,0.06464886056902884
-0.297266385663082,0.023126144952251886
-0.30001394418917759,-0.01093770490040071
-0.2890062050176388,-0.034315843719061809
-0.26462832789009272,-0.046705134048185118
-0.23091626659166453,-0.047948054865401865
-0.19286134897508567,-0.038637809274216457
-0.15569094190950752,-0.019925629983490161
-0.12418257262293218,0.0066152855781785305
-0.10298784717044962,0.038242990863333194
-0.09304393823492603,0.074036260820241701
-0.095810667712370776,0.11084720364224501
-0.11033832775429689,0.1460946074534154
-0.13487681187225239,0.17659060210045063
-0.16693434252942491,0.19899012294901089
-0.20363420858701298,0.21009171735725471
-0.24201506649384094,0.207230222770872
-0.27894497377478444,0.19059735996814964
-0.31236965936161926,0.15751053020283406
-0.33948234609273453,0.10693983733627788
-0.35854071041441404,0.043833258667304274
-0.36769442302575989,-0.027190061856740583
-0.36529890794909464,-0.10038342193405521
-0.35001168273726124,-0.1695075218966724
-0.32096270840835073,-0.22857641718134239
-0.27826357922290801,-0.27450180014561254
-0.22286045761336645,-0.30143820573821606
-0.15376042236046017,-0.30658136393514568
-0.076204795046929813,-0.29226637879611594
0.0057258411015818633,-0.26159816353091342
0.08738797855465405,-0.21930797270152341
0.16401421358645021,-0.1710171552925748
0.23120677515255092,-0.12237685594377136
0.28512325621653761,-0.077950717222422847
0.32381427270756974,-0.041033351503277533
0.34680331317130203,-0.014822017288920341
0.35447485141575574,0.0028763018579479644
0.34886638665014591,0.014596412709754017
0.33303834947901423,0.023943504727385961
0.31060499756403798,0.03477178304566924
0.28520615591585369,0.050309240104359519
0.26088371009630967,0.072112146927126863
0.23786788834096573,0.10058587484839326
0.22030326069096154,0.13308538620601748
0.20572729489533029,0.16581691892690431
0.19292454924884025,0.19335564350970624
0.18024492046969032,0.2097914860977193
0.1660162064362167,0.2097730152377649
0.14892196787422465,0.1895495356870594
0.13033601821032192,0.14810345873190059
0.10686913827266639,0.086801412195437494
0.08096840250262291,0.010083168423478934
0.052929669974246002,-0.074335918235105714
0.024551194535804292,-0.15719545427950779
-0.0020111401743287891,-0.22861360971472611
-0.024567843763707183,-0.27944721650083015
-0.041226531646199216,-0.30261396857573275
-0.050970393138118811,-0.29552712827511296
-0.053494950784651385,-0.25549643819367307
-0.046363156254056966,-0.18843984341428174
-0.033097567553076315,-0.10000821036847607
-0.01574162105789776,-1.2960965543183728e-05
0.0033860622428259846,0.10019067582634728
0.022008409919103952,0.18921218651227634
0.038176386480155165,0.25715985222630894
0.049018726986522473,0.2961588922943203
0.055394264232405302,0.30353558274560216
0.059790150246949052,0.28257346057333632
0.060434472589565288,0.23586336641429617
0.057975027748540471,0.1710429633090845
0.053239682419052387,0.097721607436530161
0.047033207466684102,0.026038481825018073
0.039952275357319905,-0.034815759214625638
0.030196778106673643,-0.076529689588359567
0.021495152626790963,-0.097653068365347109
0.010128513065983651,-0.096508901372204053
-0.0021386461386960526,-0.077170004547568283
-0.016008997992899249,-0.045363972396868964
-0.032454344997544606,-0.0081915095611644773
-0.052481449433951513,0.027111510602484751
-0.076845996266676139,0.054346955447291866
-0.10606105742533919,0.070089013794378013
-0.13844365747679388,0.071604041693634116
-0.17544139748125392,0.058776944531667374
-0.2123507056838124,0.035607306034887265
-0.24598949018744329,0.0069087503861854872
-0.27302112125946054,-0.021768082228351825
-0.29038450972547825,-0.045070558773281331
-0.29571290295513236,-0.058668804893020433
-0.28562352507616429,-0.060659495283911444
-0.26294074137319534,-0.04869129061824868
-0.22972072606799898,-0.025071550467269669
-0.18748331110276939,0.0086233762935056264
-0.13934582673755697,0.048847743684456983
-0.088741151392779605,0.091474960788184179
-0.038988767202638636,0.13238732568155048
0.0070957852581127884,0.16798645423126199
0.048376031700256825,0.19745246725853791
0.082327010028980643,0.21555355721321706
0.109420383242942,0.22464619757607732
0.1299890538945378,0.222686994020351
0.14535825804140229,0.21048130899705772
0.15726373013604181,0.1895606762524506
0.16752970862095415,0.16189520859647108
0.17776474687908408,0.12959149082820129
0.19058741612895486,0.093266161171434131
0.20436047781451144,0.057286644447323426
0.2188498090835467,0.019983089697369252
0.23360192082702078,-0.015605730691798447
0.24755560771705482,-0.048948225834354091
0.25952069725609883,-0.080017082496175923
0.26834285160030075,-0.10907048806500759
0.27301847051396488,-0.13636361974463551
0.27186600808714334,-0.16320454741343454
0.26574642854907299,-0.18698847874673291
0.25364285406689102,-0.20633675276626007
0.23561335245000772,-0.2195843032197182
0.21139443360331286,-0.22451204700280225
0.18070696471620964,-0.21899670159620147
0.14335494933761733,-0.20146783957161854
0.099399342228451829,-0.17136450235081765
0.05142566166234698,-0.12760704473231888
-0.0028513049204196591,-0.07544438582522274
-0.059851984782234739,-0.018833029784457167
-0.11797290786158952,0.037219749324845945
-0.17384681407326485,0.086895272112954974
-0.22351644419321784,0.12454867829286236
-0.2629268447918377,0.14546595567794873
-0.28854842536019676,0.14654974262037646
-0.29773150798987852,0.12655478533820116
-0.29098154290790901,0.087203281775380823
-0.26684446108118953,0.032507224461647007
-0.2312351284501549,-0.032216151608326818
-0.18961672600285548,-0.10010254621971146
-0.14833946033347425,-0.16381184284613312
-0.11372620052433419,-0.21638515573537648
-0.091096849925467585,-0.2520393104266957
-0.085944132302315387,-0.26706332184140946
-0.095905849839128601,-0.25878437323720094
-0.11992175899409931,-0.22958630215021608
-0.1530646223605141,-0.18043912922696803
-0.18894041386363158,-0.11545940653005811
-0.22037124493832708,-0.040036463454555513
-0.24052596895162801,0.039778627637083903
-0.2440267643221411,0.1178879667556981
-0.22697337629658332,0.18787552814839364
-0.19013865561597545,0.24657921061166119
-0.13828999562796412,0.28920629055708386
-0.075361934810525263,0.31451446500190866
-0.0086487717051108165,0.32158305352349487
0.053686059058545371,0.31050217268931646
0.10376565754074345,0.28224514814601831
0.13510702038026204,0.23857030633553286
0.14380427339455296,0.18060727473013455
0.12871234569481418,0.11318487429598856
0.088650119985845238,0.041730065596214713
0.030251185321559432,-0.030879872381193732
-0.039950046089261636,-0.10012438182467852
-0.11438327335650962,-0.1614612619538576
-0.18541705133080771,-0.21068350167373473
-0.24624127533442644,-0.24433045326730632
-0.28948572973162112,-0.258198439859887
-0.31481723544224766,-0.25468295239196048
-0.32081839237641979,-0.23317256799929195
-0.30768033146364343,-0.19727777706203672
-0.27717378545241811,-0.15100528276852271
-0.23191775248420021,-0.099115882714293169
-0.17499007299200112,-0.046581884743516939
-0.10965490342918502,0.0019671151150919761
-0.039526257421344614,0.040836136568282229
0.031797689400226876,0.070631929924244025
0.10359742675622825,0.088651963512156512
0.1698403527604227,0.096117642087316907
0.22648782461399694,0.094402388696568459
0.26965740640586927,0.085521452392473579
0.29595877927778175,0.071807050021676214
0.30291680327230974,0.055639287434124413
0.29029469986924977,0.040621835984733332
0.25704307734903903,0.026052784409828365
0.20707555899080859,0.016588014470218196
0.14372952979808382,0.011500819760782219
0.072913802869785702,0.011977533670710871
0.0016408532696718975,0.019206883188162705
-0.062816250926054445,0.034214506647902015
-0.11390814066560986,0.057560661499719508
-0.14589922219151938,0.09031686314897823
-0.15827349273845842,0.12934630463768548
-0.14942221265964059,0.17013657225882539
-0.12465089809869301,0.20986115049762524
-0.090138025431068636,0.24330882862631714
-0.053486880673341328,0.26482361371534208
-0.022560968174708269,0.26912319111924665
-0.0042510142169862883,0.25222997990808244
-0.0036650026248734487,0.21208169030444557
-0.021999755210384896,0.15060248338921944
-0.059246195471136201,0.070062565815996153
-0.11002434912198843,-0.020823391696363248
-0.16749854451629689,-0.11255216583493098
-0.22355123559602647,-0.19463368118715857
-0.27003321309264217,-0.25699605296273126
-0.3000093276419929,-0.29143091261836224
-0.30850909999566306,-0.29420611141355019
-0.29493523937441896,-0.26274641699229284
-0.25784086114107163,-0.19790323567549248
-0.20397733916130872,-0.10900947244553254
-0.14011790764080775,-0.0066724253119813254
-0.074066671234194401,0.096711997483824808
-0.013521887577322846,0.18860347665948099
0.034971702370430624,0.25798037520399458
0.068294820039943666,0.29542124644657242
0.081898027758576353,0.29900865748182115
0.076767538006658545,0.26838699537152372
0.054958438233519508,0.20841425620190074
0.020603801287671641,0.1269237973908961
-0.021099665595832255,0.033764305379517537
-0.064684651616910338,-0.060632263163506075
-0.10515315656483533,-0.14665766688520648
-0.13650444684950663,-0.21859659532933787
-0.15870818451055516,-0.26857690077033519
-0.17317330666310093,-0.29556295037977559
-0.17799016463804812,-0.30024340131680854
-0.1742591927049961,-0.28610397731699511
-0.16365831473368506,-0.25831921489101056
-0.14805766332876641,-0.22275750552982018
-0.12920010519139932,-0.18499924000545467
-0.10761703809706807,-0.15087715582515646
-0.08598198348889563,-0.12085941866252614
-0.063593060234319876,-0.097326258541252611
-0.042008591701599707,-0.078560292380067911
-0.021738461065359614,-0.062576471036610487
-0.0032468011408886429,-0.04693582871634789
0.012954743495917301,-0.029377614648422489
0.026268583406084005,-0.0083388075973724
0.035743343415385313,0.017537597639530254
0.041100592157369192,0.046883529946427006
0.042187077745077996,0.076486289362756046
0.038429889938829467,0.10575171070442387
0.029871364359133672,0.13256323641244253
0.016912631382696202,0.15505000734468624
0.00028580091880265804,0.17192888507535156
-0.019035880254910903,0.18271296372103857
-0.041440348657985841,0.18640127431504167
-0.064298537475705964,0.18554552150893683
-0.084219979669316755,0.18405697664982643
-0.1029498480799699,0.18154741214789089
-0.12055489054392768,0.17934730531282841
-0.13740596237663139,0.17840292042374445
-0.15404617915763683,0.17917396216227979
-0.17102093794424186,0.18165094164673717
-0.18899332427842164,0.18737627253899686
-0.2074504243194922,0.19353115119584241
-0.22646338055814144,0.19742619351143326
-0.24483594874983755,0.20094452874693858
-0.2613321775568801,0.20449496378656529
-0.27454012007924378,0.20883858033212774
-0.28307571934594727,0.21488881015578293
-0.28580058660033431,0.22341370021586685
-0.2834844321625305,0.2355129304654717
-0.27402095271190524,0.24898164916181531
-0.25698842803843008,0.26437813543170208
-0.23442023594324524,0.2776523625524398
-0.20803487302660351,0.2855239106470932
-0.17989189492966101,0.28459199637981647
-0.1521021830193055,0.27191079178819005
-0.12651540557451352,0.24558626067087083
-0.10590135177568845,0.20718646563547496
-0.088816943420213554,0.1548799129463955
-0.074016208473310321,0.094396354576035832
-0.061305376667836045,0.029244372090863155
-0.049092566099216806,-0.034288232622304994
-0.035559037238038105,-0.089239280419328396
-0.019005911368767354,-0.12893556515462332
0.0017999368682793558,-0.14802879231540983
0.029394645302681904,-0.14479115415768232
0.060240397618292266,-0.11689068047327987
0.092919695578041514,-0.068039188749190183
0.12541599456646071,-0.00394546062855608
0.15507589602931496,0.066897726704886307
0.1792878960894965,0.13454889983234333
0.19586762082572762,0.18897830298317816
0.20337974039780887,0.22152399415382573
0.19987819617801494,0.22540281460154965
0.18808739899388974,0.20002292310018627
0.1696174409025922,0.14518919753228521
0.14643583231782084,0.068316310968428925
0.12110098740038788,-0.021500388737856289
0.096145953696644096,-0.1134418123319815
0.073811525450059451,-0.1965450514870376
0.055875855514672008,-0.26130767700609964
0.045650221988980118,-0.30025341342667533
0.040229833437724828,-0.31130627555852936
0.042403470228797514,-0.29740945850779743
0.050439025906978935,-0.26210364474345993
0.064174062417008987,-0.2132223819629008
0.083598078855463706,-0.16024426753749432
0.10873267431598341,-0.11276605043022891
0.13936142655167028,-0.07898926265401858
0.17672892031591278,-0.06364877832925199
0.21521326108585115,-0.069460763555699009
0.25510884297528402,-0.097253630011079992
0.28980546942464236,-0.1398827239144394
0.3141937911434633,-0.18961427574684661
0.32324218250004511,-0.23749609162134647
0.31276226321156675,-0.27476447417183913
0.28019291625344822,-0.29416628630882785
0.22321161420129848,-0.29072486732192376
0.14715576923868173,-0.26285837536189416
0.058052334929618601,-0.21408206930877241
-0.037381794720136662,-0.14741665545225913
-0.13007786122488621,-0.06938132702352208
-0.21056902660853305,0.012356263141087599
-0.27020876137759164,0.090070495295309194
-0.30235565832797523,0.15699056696148014
-0.30539633425643148,0.20619194257089718
-0.27594293414723181,0.23752870805865489
-0.21837158331222484,0.25124859406126521
-0.13909741845718582,0.24808386671469734
-0.047535317394353606,0.23098331529528232
0.045342789717862063,0.20365113170209098
0.12837824432717107,0.16990282260853778
0.19162058314763405,0.13313669577954274
0.2296017599166196,0.094641634916893091
0.23539750086970915,0.058743620979257283
0.20687067651800251,0.024314943815874533
0.14871566857420965,-0.0065473394481709475
0.067368722176222362,-0.033592053555971349
-0.028471101598470206,-0.05683947533739054
-0.12902453875473358,-0.076393087504272372
-0.2246719583496532,-0.092322968327438346
-0.30619243412256014,-0.1049075793630007
-0.36864533105427721,-0.11435135876681893
-0.40867058676469586,-0.11818329896763291
-0.42507572049036912,-0.11887420793858704
-0.41927327463716885,-0.11718844805876251
-0.39439700944203637,-0.11403431916474396
-0.35455860118935484,-0.11036448939131177
-0.30408940039343474,-0.10703180392825837
-0.2466009514722822,-0.10435307651395583
-0.18510139788488042,-0.10318975113117261
-0.12354401297340135,-0.10202670517803775
-0.061258924750323351,-0.1009415378625063
0.0015897727683258363,-0.098662788079962066
0.065015617427477371,-0.093535653111324932
0.12874256332128989,-0.083775700588884103
0.19182579862810029,-0.067785439415369839
0.25155724725057016,-0.045834458632933561
0.30707734696950961,-0.01615172270016732
0.35281378908328748,0.022951585904893712
0.38685388755952638,0.067702697937830944
0.40585196509741067,0.11532183001285196
0.40698356287395471,0.16243751165702874
0.38842689514396433,0.20550157595645327
0.34976153442615898,0.24124671746123463
0.29016298346391034,0.26576232483325318
0.21507246849987602,0.28009519883358769
0.13139869378873797,0.28186445202738031
0.042522487132257897,0.27372412840685312
-0.045595456547217375,0.25783335039825184
-0.1270635750614004,0.23683886098834867
-0.1966608692895418,0.213459025903217
-0.25036444200404478,0.1900912379897583
-0.28602609971262588,0.1682322804922157
-0.30202988440740197,0.14953094026411096
-0.3015137329765219,0.13293868973958414
-0.28532035693313623,0.11881534194767912
-0.25697778667795568,0.10614218024794722
-0.22076722377475841,0.093615603051490151
-0.18119137225983872,0.07996666731489703
-0.14244922943109933,0.064263809802830987
-0.10945453519826143,0.044793123274466946
-0.082987303942785529,0.023730272669002354
-0.06165660958816685,0.0029837276299055134
-0.047716797148753459,-0.016676665926881596
-0.040384395562259277,-0.033411672625280622
-0.038129606241747271,-0.045400614492513078
-0.038971091209139927,-0.051113422525353183
-0.040775296749211633,-0.049533361731181204
-0.042982014752677142,-0.039482924259729789
-0.04226038855786652,-0.022819949092653235
-0.034730918678586187,0.00076781371923700069
-0.021799011061133348,0.02883069567464926
-0.0032908904789055405,0.059557342054456494
0.020563857987552982,0.091182476666443149
0.04919485445798745,0.12214551620519236
0.081726705352269335,0.15116432464756543
0.11904087812189895,0.17749460605599013
0.15715162827094131,0.19980143377929913
0.19184446183265164,0.21777152741976313
0.2233447541195667,0.23033707420413341
0.24977836216296298,0.2367177191402573
0.26935685994175412,0.23620937689174692
0.2805535194397038,0.22831485343698732
0.28230068424964572,0.21292397376853284
0.27388054188395655,0.18969077460299347
0.25678600537648272,0.16170283471209537
0.22932979978297746,0.12819073963135993
0.19590707266149515,0.094134653749602171
0.15935912753057027,0.06294453875378106
0.122742020958454,0.037958412620038622
0.08903401138699496,0.022007213548303959
0.060875714707600934,0.017005377031278815
0.038318265380035139,0.021734968661174026
0.025320301194074586,0.038861865691321155
0.025068443894393246,0.064044993808418285
0.035365868348430599,0.09567166794988706
0.05532525752216113,0.12968050060327393
0.083417369082931569,0.16137249580074034
0.11758144963879055,0.18600175621220588
0.15533282412432137,0.19941910446985386
0.19357449840071,0.19677588502254961
0.22945857881288964,0.17981471522225317
0.26105050939436281,0.14842122382577816
0.28433773049144706,0.10553591352870005
0.29648616471984973,0.055204454408918746
0.29520872183803742,0.0023041625776091079
0.2790165183271609,-0.048105238323544672
0.24744205815198098,-0.091435905747285648
0.19914523208902765,-0.12331998944053747
0.13918128376972852,-0.14297478424471827
0.070724019823373854,-0.14932480276862042
-0.0022698267331010334,-0.14369952002683761
-0.075057333995693906,-0.12828335415730208
-0.14281479962114635,-0.1059409271184247
-0.20105637989414674,-0.079726412440123726
-0.24600922179992282,-0.052432258893336331
-0.27637005181013469,-0.026517704773740644
-0.28797219523299922,-0.0025045316316436948
-0.2819291356644319,0.017129631129375329
-0.25790607749973599,0.034129979532343251
-0.21766152714869383,0.049287702339446834
-0.16399125691303709,0.063506884225670995
-0.10047901240671275,0.07756627527911801
-0.031204636926991304,0.091975417051636463
0.039265841079597311,0.1072132331156339
0.10789604598232834,0.1232833279985702
0.1679923696618407,0.1382486801421848
0.21872835766938853,0.15358632039475831
0.25782619918013233,0.16952065106277137
0.28368337920966491,0.18636896658787025
0.29544881328088274,0.20445375643576455
0.29310219954551903,0.22394679888553545
0.27840272104869079,0.24386484836908628
0.25188987954344616,0.26486932537200303
0.21603199410227791,0.28511372540797375
0.17459236114384005,0.30301609991990275
0.13166380324265101,0.31613416328912675
0.091631869252992382,0.32170714697788627
0.058753373447749502,0.31706284878457236
0.036689989663519468,0.30010131480693375
0.028353516199541937,0.27004252589077921
0.034991420139775978,0.22729176085778174
0.054251164954335088,0.17203776352865005
0.085818175439577857,0.10941681537727332
0.12645597690551913,0.044434137537322595
0.17184418883278171,-0.01725731803734443
0.21711662894105527,-0.070077808246371956
0.25748997435399673,-0.10928147154680867
0.28918058118639989,-0.13299267669932291
0.30936999504918067,-0.1381534872397143
0.31481058353168451,-0.12489670259608869
0.3075677537779527,-0.097187602463509132
0.28969743443914026,-0.059968571714082965
0.26430114572320113,-0.019277723744369514
0.23497829280740515,0.018622186727997592
0.20523549880349079,0.048161271248995274
0.17589551366675352,0.065555510308633907
0.15131665118938514,0.068350046488687893
0.13455790915769045,0.057406736782383012
0.12277362482823755,0.035115359532506857
0.11408351549888342,0.0060069425348172759
0.10594550017849766,-0.024257380001128537
0.095682446190172632,-0.049812433292167793
0.081019750694047626,-0.065553993290712043
0.059077617657399981,-0.06988356152219255
0.031990706389450452,-0.058291280254360145
0.00011584853102526743,-0.033389462499289077
-0.033910149948198173,0.0024799586480344507
-0.067071787531445298,0.044174367093316465
-0.096166632772215169,0.085356017233466919
-0.11832453421286364,0.11950804700293266
-0.13147529408151346,0.14101211036530231
-0.13674371128057955,0.1452983018634785
-0.13062409308890785,0.13305015514803725
-0.117936014926017,0.10314171524704546
-0.098758292037531087,0.062143558157957052
-0.076150466738101372,0.016606317319046236
-0.053666432454421327,-0.026056806678364235
-0.034814598758866701,-0.058731763698176398
-0.022491991962992518,-0.07572944036307977
-0.018189774016980589,-0.075593445702681644
-0.022587966903492979,-0.054281393837310662
-0.034758711819647098,-0.017270985964870512
-0.051620432943599907,0.032637297768675556
-0.069246292470437842,0.088592874384104403
-0.083135395658422317,0.14259281529169834
-0.088899062146438265,0.1866916107036638
-0.08296537044286309,0.21423302386579515
-0.061723548632372699,0.2190135637522124
-0.026473074452006983,0.202468540298299
0.01854211961357256,0.1674420535097555
0.072084507475934825,0.11826321273174699
0.1295129535423728,0.06225046476453918
0.18546657857659601,0.0078074635043792889
0.23462595652298091,-0.036835127805021704
0.27248620685134933,-0.064846392506042252
0.29455016162244901,-0.070444128249741028
0.30247262807526015,-0.054244907024647772
0.29492208598370784,-0.01815909737437937
0.27657226363682885,0.033383764128262126
0.25184401143956686,0.093697334990810913
0.22565688052429267,0.155151631470162
0.20267239182342398,0.21030919611623719
0.18661813810829628,0.25297362800954415
0.1806750927043036,0.2781796481980609
0.18420153019939126,0.28543908876370183
0.1959385754186887,0.27585212577065155
0.21376695049010969,0.25224989081350913
0.23441491127588587,0.2192538293836766
0.25428466456860044,0.18221696649834251
0.26996386260942024,0.14642344960650361
0.27863413103153112,0.11640495639289135
0.27979210691417478,0.093571678900048458
0.26982493263184287,0.083005458172347071
0.25003710792254286,0.08369559896191732
0.21982015858704593,0.095998294297289302
0.18014583557937364,0.11836899995840545
0.13254265303009838,0.14849963703778132
0.078969127612056544,0.18364656285506395
0.02172208169555356,0.22090851878382237
-0.036914028673664341,0.25932164903927163
-0.093762754358347994,0.29314671475498
-0.14547215050314499,0.32061659796541508
-0.18927504016267957,0.33903273092846503
-0.22220748483381569,0.34646331914966527
-0.24163766046012544,0.34157127850748986
-0.24555700708854508,0.32371039420240316
-0.2328899682911115,0.29301095213298722
-0.20288912687449423,0.24962590998782785
-0.15854516357232207,0.19708247920188365
-0.10224913726398234,0.13598313459138964
-0.038657190117539993,0.071252737855094742
0.027002466704668476,0.00677824602386132
0.089127258132412138,-0.053535135549247208
0.14230659401865972,-0.10605123613177465
0.18188879640587996,-0.14764881887715348
0.20476451884552455,-0.17617583077792734
0.20935337989186453,-0.18968899986905757
0.19283633782692761,-0.18711069300921226
0.15924500636690087,-0.16883342056763448
0.11194381512353629,-0.13580783458034926
0.05524315896233406,-0.08976116394888714
-0.0060994252392491122,-0.033144033949769648
-0.067365558729649111,0.030922578381938699
-0.12458389069782984,0.098982899586178716
-0.17330073170376128,0.16701295468521765
-0.21300111151860093,0.22787905612900547
-0.24034175235979877,0.27908881546097131
-0.25448222989980646,0.31640081316830782
-0.25554623222873613,0.33607718533295128
-0.24448990726715872,0.33530922581781719
-0.22294006634764679,0.31265698425924837
-0.19155969647197227,0.26761504025759447
-0.15442208752209938,0.20400762938599673
-0.11675292525860285,0.1248680669311991
-0.079000215923247574,0.037276731764211833
-0.043556011303649632,-0.051350510327068381
-0.012606713870242548,-0.1331973362149497
0.011973457822895876,-0.20090154858362272
0.028737828843397976,-0.24840393461281463
0.03648648126182287,-0.27302650845011672
0.035303775381710374,-0.27051862806192001
0.025948223069226086,-0.24491533654722622
0.0091868110431175994,-0.19762290767304183
-0.013326494923374697,-0.13423986987507444
-0.039472903847540049,-0.061979484419822227
-0.06684743002372677,0.011230894601191269
-0.09296729757374135,0.077741157406687453
-0.11636610168388367,0.13247036929726769
-0.13414834062412645,0.16947118344564333
-0.14293783486661057,0.18433369144442385
-0.14346136079617194,0.17963506399196899
-0.13564828155461175,0.15835770665162469
-0.12007189166050398,0.12519068240961845
-0.097886726589844653,0.085736556898712568
-0.070739856690833089,0.045649794376246812
-0.039196404232668222,0.010654117197155985
-0.0073443565987513304,-0.017408126754654932
0.020652369082261115,-0.034673719333393881
0.044010800634279403,-0.042674674382034289
0.060752345434448428,-0.042933096692076844
0.069319439400658572,-0.037806153760749799
0.068714014817137306,-0.029892016202406346
0.058610545496343161,-0.021462580873099515
0.037959298596391584,-0.014292668061967276
0.0099209525956412085,-0.0081808077989742704
-0.022695317985317778,-0.0037486564363377463
-0.058370803252455465,0.001352100780603325
-0.094432406257255047,0.0090532456839212232
-0.12815436315037204,0.021197618624545056
-0.15697820626852363,0.03906952428583526
-0.17870519770547422,0.063026068874072444
-0.1913475650664796,0.093647902208067194
-0.19474705656212879,0.12755073079528828
-0.18635804398313779,0.15952854373862632
-0.16805196668676492,0.18825837450776875
-0.14069974809040037,0.21043088218001285
-0.10555425249268809,0.22309326118125622
-0.064205796347731936,0.22405178568099762
-0.018581017308027227,0.21216869156533211
0.028150970464693014,0.18561523546190115
0.07478533664467818,0.14796598996612834
0.11773090399902802,0.10375449653016502
0.15412320584311692,0.053919077467479669
0.18067055769730228,0.0015835949518094533
0.19426085848808877,-0.050161524882765762
0.19238221822369414,-0.098526296470089689
0.17359386766685458,-0.14119754974081117
0.13767099128819835,-0.17722481072640128
0.086665812541639284,-0.20384262128791242
0.02553711648066849,-0.22153485770262829
-0.041183263811988176,-0.2288654327674593
-0.10680714816407347,-0.22562157476107547
-0.16408632054996866,-0.21201552335878038
-0.20611395531523505,-0.18873513035547942
-0.22728547400400437,-0.15701969182166556
-0.22211365039080463,-0.11792143936077434
-0.19325587784208922,-0.07513888455532064
-0.1423640895164015,-0.032036675262293673
-0.075263025023411506,0.0080363292723495024
0.00044490269519380639,0.041341315132807401
0.076069059850940854,0.064402940771908737
0.14298599942506104,0.074446851396395619
0.19379418245431079,0.069830937486176151
0.22299948279580578,0.052294659267537694
0.22881168009228828,0.020333695413791472
0.21152437179584344,-0.022107538069859316
0.17513814886544077,-0.070799193348619047
0.12558942431263706,-0.12002181656704275
0.070128154806126525,-0.16345004635533728
0.016268324604468878,-0.19491861686629794
-0.029230108293360656,-0.20923894549271532
-0.059729898614309336,-0.20484205754456447
-0.074963301271706889,-0.17732584066248966
-0.071940078317123082,-0.12952100215388862
-0.053959281392446518,-0.064184299049185461
-0.0243786322171862,0.012818430300775429
0.012573050724017544,0.094012973618039924
0.052448412838924097,0.17126744165300059
0.091120646120616239,0.23686916627352619
0.12308335225087441,0.28375145510301986
0.14899762858363869,0.3096712336099573
0.16624620413679067,0.31146340794526522
0.1741350008346122,0.29249460182903703
0.17192543624358614,0.25714479373547849
0.15898538883331145,0.21138217732753456
0.13480793646672398,0.16176614370690184
0.099203501261120944,0.11439645030778663
0.052915490088002864,0.075876351967493233
-0.0027674240329323262,0.045457136963770045
-0.066258322641014777,0.025644480924204953
-0.13242280793889041,0.012785982420303245
-0.19581629725960226,0.0031320218489159692
-0.25030822383130946,-0.007669144734864128
-0.2898451593270126,-0.023641772862341578
-0.3093678395856177,-0.047635832477799928
-0.30778297324031267,-0.08097727641504128
-0.28189305299471584,-0.12248164667978745
-0.23263063885924687,-0.16803605396468202
-0.16714089155287126,-0.2139311277833528
-0.093698230418406359,-0.25472687899622964
-0.022142030818574684,-0.2848824999493989
0.037504782463063456,-0.29958949935557133
0.076563245810166145,-0.29548721791501992
0.087658485382036938,-0.26979831928031645
0.071503918914596329,-0.22525201696470315
0.028143999588586856,-0.16471649797063473
-0.034029862896877497,-0.092377257023746967
-0.10491157192622227,-0.013657524446298096
-0.17267423855930292,0.065709454587469684
-0.22554686337374277,0.14029396263930188
-0.25363049246153491,0.20545194076026491
-0.24958395216537255,0.25572663102270532
-0.21291206837433449,0.29124039487211761
-0.14596853902202664,0.31225052206406856
-0.056588194518998866,0.31700932991566527
0.044353282577836585,0.30574164161535322
0.14425918596655049,0.27913787020263131
0.23067840553595234,0.23830128192552993
0.2931310321596588,0.18480595781124748
0.32255475443881798,0.12219175424479303
0.31984850850379087,0.051943214223465733
0.28552592050489584,-0.024455014473360188
0.22711188020986867,-0.10020111511513349
0.1541845555067054,-0.16973049000198945
0.077741328574229773,-0.22729872941852677
0.0085722293218656424,-0.26763851631308938
-0.044219091083180069,-0.28670992882880769
-0.072861999540076411,-0.28431887606482381
-0.076644344395049094,-0.25766177722568706
-0.056267310236811099,-0.21137782443596412
-0.015079583761752299,-0.15018080105669165
0.041218021650469928,-0.081904130793624602
0.10588524775940068,-0.015774877056267438
0.17213726448979899,0.03883536232047298
0.23395179627393603,0.073818428259988536
0.28805161166266319,0.082858419675296988
0.32819760170075007,0.06508859581241587
0.35558102408782666,0.023790433110401028
0.36689547495392538,-0.035542593927649829
0.36190952601908327,-0.10335248294960107
0.34119149913212965,-0.16817391823207692
0.30595658728360581,-0.21836843319525071
0.25801676395988504,-0.24398035913551716
0.20187900348459709,-0.24030814436194184
0.13763098762917608,-0.20300412489690176
0.069222103262574386,-0.13287523845550941
0.0015643735058428212,-0.039879599458443354
-0.059997942666237737,0.06405617158914606
-0.10980010562534269,0.16485832054779334
-0.14247850228878084,0.24840862677066189
-0.15373268818522368,0.30270513672201926
-0.13904939900045815,0.32055098188193515
-0.10213716408184589,0.29858666151807095
-0.043485327889087676,0.23740832100935882
0.029330960654734513,0.14760874810336724
0.1081297527770804,0.042038058403040715
0.18358290380234515,-0.064199262306666838
0.24637302278068107,-0.15597685925520377
0.28841310893768346,-0.22036564121003147
0.30423635901945195,-0.24822689628427913
0.29143629104351648,-0.23613077132533231
0.24811425065935958,-0.18725764530955744
0.18089744741848615,-0.10803057065476854
0.097062963216372464,-0.0097037722912931678
0.0055549843602807816,0.094235263262176142
-0.084255879559322427,0.19013648976241218
-0.163826835580763,0.2662152324144163
-0.22622997031822109,0.3139532468211606
-0.26804578747318003,0.3294977144814798
-0.28783423328643115,0.31667739638049552
-0.2878450163396119,0.27903415656858033
-0.27233257751996703,0.22541242385382121
-0.24702063064155633,0.16651384183127829
-0.21813893831623771,0.11312198602927417
-0.19148640729641375,0.074390760787918814
-0.17254401976029837,0.057278261964785533
-0.1621660036461913,0.062907472447859394
-0.16436568784611014,0.089309791391010793
-0.17596550899690677,0.13140975361113716
-0.19467357353958342,0.18134529451751269
-0.21761244286746848,0.23009649983609834
-0.24188007073306234,0.26895269681381612
-0.26498666351512079,0.29084850943568785
-0.28481153846960411,0.29001002576044221
-0.30020670995765064,0.26684655243123656
-0.3126040851309978,0.22490089885605299
-0.32014274417553557,0.16732069167285477
-0.32258694645939506,0.10038929811096052
-0.31970044806894249,0.031145086210209449
-0.31118058805403348,-0.033655264087024683
-0.29670636767109226,-0.088415703086808531
-0.27520764819103016,-0.12902684168177475
-0.24849570125649606,-0.15345026994597444
-0.21589550008292582,-0.16433153330443184
-0.17987463012015448,-0.16112775150895561
-0.14256938858935453,-0.14629854060722114
-0.10648999173426266,-0.12288712333568395
-0.074234642393383538,-0.094039859218223498
-0.048133023940224437,-0.062648786972245504
-0.027825258095603905,-0.030887837607796231
-0.016571452623290708,-0.001595779250296812
-0.016432001755464928,0.025555025843472613
-0.023624186811033284,0.04762186995100736
-0.035332124144053234,0.063233024237929217
-0.04802971141790878,0.071227090195358361
-0.057993216228300074,0.070730139894258443
-0.061873587001299364,0.061312840079203151
-0.059292765531824138,0.045090748906682007
-0.046452733726591866,0.02081101516030379
-0.022193035973500277,-0.011748866579868832
0.0098870795653624253,-0.047523465666627802
0.046219092326229679,-0.082474593810938607
0.082294023114670781,-0.11209236062334368
0.1133271197462677,-0.13194821402860585
0.13499194794909714,-0.1383316624088653
0.14381525154777719,-0.12751686544939728
0.1382606991261279,-0.10080142955107771
0.1207347305363935,-0.060616097651442886
0.091910129087080725,-0.0097466893906266831
0.055548945950612459,0.046584838193490741
0.016457001460689381,0.10216446204870354
-0.020291127208060148,0.15060812478149463
-0.050199061525776398,0.18625180406310751
-0.06865680329251872,0.2036142519051751
-0.07740699714194732,0.20345232812483996
-0.074314946169708004,0.18338384938052513
-0.06490130642345654,0.14857588154546197
-0.053945534577490253,0.10401386544542449
-0.046696694842894265,0.055618049734448345
-0.047929886382096505,0.0093520558887182342
-0.061057497900944821,-0.029637169068272535
-0.0859751380155582,-0.057985808963156062
-0.12459198478703415,-0.073850819644124849
-0.17036320415649758,-0.076528624136070186
-0.22034388010730674,-0.06915945819147265
-0.26800916045412698,-0.055433335844048262
-0.30619808134779208,-0.039741012112419809
-0.32815200905667141,-0.026463432403032356
-0.32854406120876239,-0.019327909921309148
-0.3052196175156936,-0.020654336115070299
-0.25671909408966498,-0.032144678676551408
-0.18561741239529767,-0.053140080312140382
-0.097746289448939594,-0.082492719671671003
-0.00080016299526101725,-0.11782657790449094
0.09632208337437316,-0.15620598308651368
0.18463756699319578,-0.19454055757231009
0.25620457693813675,-0.22993161124333017
0.30714356255490316,-0.26018694313968266
0.33090897304521011,-0.28289294102962192
0.32798969609490924,-0.29714620254084412
0.30043296064249225,-0.3018036492276529
0.25312541682588907,-0.29646150970055135
0.19271312284163367,-0.28110981018866854
0.12659752930673507,-0.25608617348853108
0.061868895206219021,-0.22207135527531893
0.0028724554915254405,-0.18201822336822701
-0.044004261908265355,-0.1347319678039359
-0.07879333231084483,-0.08139043417409185
-0.10125101659614445,-0.025202503265579022
-0.11413774210947333,0.030909594014633095
-0.12164892005997446,0.083669116140576275
-0.12849178163748748,0.12972291119155899
-0.13888467481229338,0.16599666513336706
-0.15535761033360052,0.19034733698557527
-0.17924122120065897,0.20139542866561644
-0.20853161189485978,0.19717163156273551
-0.23987751695837459,0.18041643381059955
-0.26799511940812187,0.15371366424094735
-0.28686211540941803,0.12053249696055217
-0.29082030634113659,0.084783801655014895
-0.27569685666382632,0.05030823056473032
-0.2418044205845675,0.020644449941563021
-0.18753056466750145,-0.0024377567177223834
-0.11649084177867129,-0.017480256525946258
-0.036779671987884059,-0.025084163278375739
0.042325329585952066,-0.026683303169785851
0.1107313639602486,-0.024463427700650305
0.15899930360576631,-0.020891501404065517
0.17981105576783746,-0.018206353829844996
0.17125729594610908,-0.019313546906492979
0.12964517195968411,-0.022732774512299495
0.062706082294624127,-0.027722344452481437
-0.023667588152296734,-0.032808135320163946
-0.11834692251198549,-0.035587744963856832
-0.20847412189011438,-0.033454367783338566
-0.2812607447837514,-0.024107620836005445
-0.32586556368997732,-0.0060326278149852482
-0.3353537175750525,0.022491348993792674
-0.30615174653910421,0.05776212830571241
-0.24398360779580378,0.10035913102771436
-0.15426140073928704,0.14462468075535045
-0.048503391957097734,0.18637321365638088
0.059361589373859054,0.22156122241363124
0.15505520542660409,0.24680675224586973
0.22611289782650412,0.25978215123966675
0.26175093003664102,0.26024115251718688
0.261631259957324,0.24669941915760521
0.2270262939940256,0.22252643535819738
0.16585261849989202,0.18829067433657243
0.089711605753332355,0.1465787156558451
0.012323703867910421,0.10034661115586782
-0.052658548554644094,0.052644540550603372
-0.09381328055452863,0.0063949578498588523
-0.10168712873410464,-0.036571885562767172
-0.077723635107379049,-0.072262802953052568
-0.022768496619692255,-0.10080352906006393
0.053152622744250332,-0.11907828526378487
0.13816036865863143,-0.12590997742443685
0.21895280685655558,-0.12079127208528122
0.28285681127927198,-0.10395713302069974
0.31970270206857671,-0.076434295820051068
0.32176963272591336,-0.039239508005018915
0.28926789115061408,0.0038673902787137626
0.22704921176881171,0.049436503922862141
0.14063416543240267,0.094051793559810692
0.039753843650085684,0.13391938092947167
-0.064596785367561707,0.16546133356764817
-0.16167458410239147,0.18564809173473146
-0.24230104032073976,0.19230131295439226
-0.30184670356663923,0.18622419519484223
-0.33309071731062379,0.16450388966332902
-0.33681097642311841,0.12921274490242513
-0.31353698604406,0.082357651327623377
-0.26679985347496099,0.027305802768979662
-0.20155446043371561,-0.031785244854800027
-0.12348915201901392,-0.090366052494035953
-0.038453150211285023,-0.14394614128438815
0.047056350813626593,-0.18989543651942711
0.12854714670978076,-0.22292604897782201
0.20400071252918567,-0.24173428521691115
0.26689868307469855,-0.24528139876090535
0.31329511692832746,-0.23423374733742885
0.33989589322163388,-0.21054050616632219
0.34428860122025462,-0.17712910550787278
0.32525468906086186,-0.13749542417284483
0.28164279424174987,-0.096065254161352573
0.21835926121679353,-0.054250838242758892
0.13722162816883296,-0.017467419052635966
0.046031504299553376,0.014739127548634295
-0.047587054725078161,0.041624709711101146
-0.1353966927507968,0.062978500480649888
-0.20937335397900497,0.078894551976751603
-0.26257956132568361,0.089532058559604222
-0.29142997046277402,0.096811748320463992
-0.29117735396964289,0.097467253185050645
-0.26192652690342577,0.091723487253997427
-0.20692149774193719,0.078459709493861954
-0.1316410870334237,0.057055442208294622
-0.0434199703060743,0.027383323959862163
0.049452793302220611,-0.0099707903012945971
0.13873488902870473,-0.053579765169503885
0.21571995194270271,-0.10035837333163766
0.27791389532057315,-0.14867160002007124
0.31904716437272568,-0.19454422883811762
0.34088242795670426,-0.2347678394895226
0.3451197870778675,-0.26600625235157926
0.33492007436381882,-0.28540917185499332
0.31425677830504367,-0.29091300912510559
0.28726747545269893,-0.28146102491844111
0.25682697321325387,-0.25901309937140549
0.22661992417630303,-0.22135165171610832
0.20137721835040301,-0.17286530384849419
0.17993329090471638,-0.11480810116919649
0.16246401074758748,-0.05058454540000721
0.14873180059833235,0.015851468255072589
0.13837565264001661,0.080308900875224409
0.13112706229709487,0.13870714676391166
0.12603312773959913,0.18606713592804927
0.12466768962283428,0.2211785859873488
0.12664241636005905,0.24377068362896498
0.13244548748936077,0.25158310526881372
0.14190751993734446,0.24474770601439569
0.15437263445061541,0.22434633345186175
0.16869116198215864,0.19223442831838025
0.18333845135016233,0.15080579110308093
0.19752040265717624,0.10083889445616377
0.20901400526852473,0.047723447856151985
0.21404832896916162,-0.0052211087691377538
0.21449460401879455,-0.056545069637648118
0.21090834679959061,-0.10449023043575949
0.20450083807995267,-0.14778669547431519
0.19693031815788428,-0.18555732863258353
0.19000014534732296,-0.21717117887477866
0.18326261680852868,-0.24397957850899032
0.18031805981972343,-0.26217141547061928
0.18394745450061584,-0.27249323561978234
0.19138704447217908,-0.2730223434211369
0.20102990703888229,-0.26286678686358855
0.21062614226350351,-0.24155647559069551
0.21767249376981496,-0.209230738576072
0.21987530260183039,-0.16677063006007403
0.21414012284624981,-0.11611607907968177
0.20264279134867497,-0.059516779315352493
0.18374687191166192,0.0011201690759786126
0.16115479051884479,0.061565929820654584
0.13787069307376784,0.11839523843726303
0.11718478392236829,0.16851107736205573
0.10211555540832433,0.20944726475268441
0.094867684104322156,0.23959723841001027
0.09669045046293237,0.2564452948791906
0.10726832357469827,0.26268875950406079
0.12178250417565596,0.26186337178286045
0.13928548061148857,0.25388379017812074
0.15588412296690682,0.24092217438013744
0.16736408365354991,0.22526854293313942
0.16985942631117937,0.20910822335755475
0.16051637942493421,0.194347684505632
0.13833483848513844,0.18331747380566718
0.10375535632144528,0.17629143495277583
0.058187624690741999,0.17222883297959957
0.0069293433000658985,0.17295188487769406
-0.044396955966230292,0.17862662136053625
-0.089689426925022395,0.18912938865151849
-0.12318110934882164,0.2040352759934034
-0.14022222138405885,0.22258304243599542
-0.13703486520364502,0.24281665877636424
-0.11374937183560439,0.2647118156806692
-0.073714702192781451,0.28504314492694599
-0.0188204598344302,0.30253905873683984
0.046017106444905601,0.31483961802536509
0.11495157353683554,0.31954465156249862
0.18193006528000386,0.31455266049345532
0.24140286342239659,0.29845866871483323
0.29038555675877792,0.2695875934853792
0.3241358715814977,0.23047307811554305
0.3396355578598424,0.18603055195444171
0.33883334086937872,0.13810229621043374
0.32364177169619174,0.091428224141412245
0.29698275316119094,0.051204755244842401
0.26229870680066869,0.022378208946524935
0.22307598378825705,0.0088807928417975988
0.18098024124952478,0.011581512771470445
0.14128805895445906,0.032331269198990542
0.10347261545292186,0.069604372398487324
0.070373171680644803,0.11790704620926019
0.042512335391783999,0.17072514364447317
0.019703040993555004,0.22053648829508857
0.0012711091605946796,0.25983798185654872
-0.013684421930363577,0.28222269033592606
-0.024573350530589479,0.28144331226049468
-0.034038090368086638,0.25947126959113592
-0.043332966126287314,0.21479674655734535
-0.051496113238434477,0.15412463244001226
-0.058064670143667091,0.084308341598944958
-0.062365905350675432,0.013274011688070403
-0.063754366002562887,-0.051074746648063434
-0.061870541294553411,-0.10190662681959795
-0.056576809623115808,-0.13404086629204501
-0.04885769714343368,-0.14499055002522909
-0.041383698736176054,-0.1367104116065993
-0.035245091468388293,-0.11015960328126351
-0.032754109398077852,-0.069530309677858004
-0.036211639535315497,-0.020176124967609038
-0.047478263165638607,0.032199592195859689
-0.067537765749738896,0.082317268136052058
-0.094078221715252097,0.12512892451024168
-0.1288710787655776,0.15972696849085768
-0.16715505728524271,0.18212036751407867
-0.20571035859069242,0.19479005067092026
-0.23942653517384183,0.19927364781504164
-0.26280841462238125,0.1975952887361874
-0.27077265071896095,0.19183882031346958
-0.25950097836879976,0.1838385513369773
-0.22633068101031764,0.17367315969886779
-0.17274722156663377,0.16511508967136776
-0.1049946510386673,0.15607477169845874
-0.026901076491835891,0.1495274992220359
0.053682197172732392,0.146360690109167
0.12786994878514676,0.14728122320556067
0.18692139854544429,0.15277775066021887
0.22348801988532624,0.16303248514327814
0.23361349646427693,0.17753032845501557
0.21489652748082835,0.19599516685298912
0.16762449420890832,0.21660452770779598
0.099056346724834876,0.23769470381565586
0.017749749561629027,0.25681401310532392
-0.066148159867713441,0.27122310145230932
-0.14233053081206362,0.27822777889904726
-0.20179708271246591,0.27557006710133064
-0.23783768437230868,0.26316868411552025
-0.24806281295397628,0.23924768702051671
-0.23291070351211016,0.20246349998913474
-0.19726372456627297,0.1572518121581932
-0.1485298737827927,0.10730443262006412
-0.095749585867296025,0.057055351292731663
-0.048191154990186259,0.011148057331131575
-0.013950601940792694,-0.026144515511979837
0.00034646579085918571,-0.053358798912270654
-0.006643450562745316,-0.065795201191819239
-0.033889913040776598,-0.062243691561437449
-0.077736692288058254,-0.044674003891184019
-0.13189327511325047,-0.015798978978849708
-0.18879172006619191,0.02051112453648998
-0.24078805695216679,0.059787462636607454
-0.28130455501598678,0.097597443816259968
-0.30720341373118848,0.13097052674478948
-0.31440691311329838,0.15627600932422486
-0.30252064927939493,0.17135663756590852
-0.27535093139408234,0.17741612195424655
-0.23764270631945325,0.17619785073283589
-0.19511401911552811,0.17037016901840663
-0.15353512174875195,0.16294585558843486
-0.11788216414188164,0.15664653084396149
-0.090810159277881677,0.15196742703837546
-0.075906305474703117,0.15202086449420979
-0.070870715255681546,0.15378257801855746
-0.075742489705358143,0.15664849493003316
-0.087769464406013367,0.15746037056578979
-0.10341911315875811,0.15242567656781147
-0.1189899906662522,0.1378736687503021
-0.131190872690471,0.11107696225919579
-0.13613287792628787,0.070178945570907619
-0.13433425405409197,0.018048148253282655
-0.12747803778819575,-0.043793177461461406
-0.11497221288765512,-0.10802258537139978
-0.098393631771710247,-0.16730513162366589
-0.079645966520749414,-0.21393275309119628
-0.060565958049832537,-0.24096579928756903
-0.042581532634136936,-0.24334676861383914
-0.025011339831805854,-0.22016078093921956
-0.010678425718643397,-0.16973289991669235
0.0033165467175344542,-0.09937870137874967
0.01624554366567622,-0.014220876702919419
0.029275482863535925,0.076394645885724019
0.043732439784593367,0.16196689813057707
0.060791945356698462,0.23224809330417667
0.081180632623622767,0.27868137841674429
0.10406025011875711,0.29591850797886132
0.12992840892248481,0.2816242782480653
0.15743727274064667,0.23851614281585162
0.18404046666610854,0.17240346620044167
0.20698830539366386,0.092423744580345482
0.22338080266700253,0.0094994037072027079
0.23056814917101531,-0.06520148497988229
0.22654751566442263,-0.12183890828671093
0.2100026510081589,-0.15408234788622674
0.18087862485625505,-0.1569078517472067
0.14336480572838819,-0.13214249046494386
0.097641178569154524,-0.083183267769746772
0.046874983874565443,-0.01743529854450283
-0.0051944375274716997,0.05568656868890319
-0.054722684117737411,0.12621725693448241
-0.09826474670933405,0.18514256471676285
-0.13294410613841487,0.22760283403203432
-0.15813330160365449,0.24751772398106328
-0.17256764889001136,0.24335441183736406
-0.17862563605991905,0.21991184434859193
-0.17880595527253537,0.18342709006462415
-0.17615774796062744,0.14180293539600183
-0.1737475345615285,0.10325431336380675
-0.17412856309997959,0.07494882040986324
-0.18095252013713806,0.061587083680689485
-0.19167858775029367,0.065696247062639213
-0.20452194991108219,0.085657949252991278
-0.21823699177166095,0.11767416720741426
-0.23003243830495121,0.15544836087940583
-0.2369214769912501,0.19154735598678235
-0.2362199034949535,0.21866807230848856
-0.22598924013668109,0.23087328543717509
-0.20329939506332387,0.22378441961416379
-0.17177227895017164,0.19763380818358073
-0.13212408122018968,0.15666190809238359
-0.087299970705076529,0.10460771360048791
-0.040347444645500684,0.048461569159467359
0.0056992314624844213,-0.003992443167767706
0.048160942997319461,-0.045414440614105642
0.084933346865010584,-0.070083087389625542
0.11426786828606113,-0.076715617019922466
0.13605014659816889,-0.061623911216807194
0.14860150811010212,-0.030764261465055669
0.15283261546499144,0.012535237174490286
0.14884360704757935,0.06092644753702884
0.13674234414851866,0.10600687878707969
0.11672110915109318,0.1395746695109765
0.089259098968542255,0.15487708230472411
0.053930022429411917,0.14738836966402705
0.015370794440919032,0.11618738125160036
-0.025843745079773613,0.06466367089747016
-0.064065741158062975,-0.0026861281598266696
-0.094636076536026986,-0.078190803994164476
-0.1129601277210749,-0.15290088006442112
-0.11517166769583652,-0.21785893031255088
-0.098817663402088182,-0.26536198079294826
-0.063738082429185855,-0.28921131630093461
-0.011686117196800469,-0.2878537695324444
0.054144351172886129,-0.26389591612695495
0.12626304207611205,-0.21973031446240757
0.19658991329507491,-0.16142993173181502
0.25652614981084199,-0.096422240897207426
0.29805773300258681,-0.032356210379474531
0.31485407307530355,0.024010411898703489
0.30407665336980122,0.069627227154722596
0.26337217547037783,0.099273768632426471
0.19782979572250281,0.11223086680489147
0.11172030082876908,0.11172238706955721
0.0133807215339646,0.10209682058246908
-0.087253396374962891,0.088807192118105269
-0.17988583016753285,0.077449335213829767
-0.25515611844122088,0.072827596809333123
-0.30609802450025131,0.079547593292078125
-0.32844852581102152,0.097175481062829153
-0.31935913023952417,0.12316222207099262
-0.28300337628437577,0.15611331513479479
-0.22491209289167627,0.19192903905520697
-0.15254001929206831,0.22585635009959878
-0.074161820423769814,0.25325799914535968
0.0022604657503935738,0.27032567301426896
0.070949032654090985,0.27435462705232688
0.12618585604306504,0.26491639311185128
0.16464513245865181,0.24326922821887889
0.18733450908110377,0.21150578322508959
0.19636044142447548,0.17297973869991523
0.19515050084843255,0.13147097918918682
0.18766434927390507,0.0906038828185287
0.17761396346367164,0.053343306284220141
0.16987581252399542,0.023539538586514742
0.16287906563115487,-0.00069638605735900287
0.15670240688572634,-0.020461351293901375
0.15038253030594062,-0.036171340988823554
0.14199580574361892,-0.049459758879392045
0.12950192301082297,-0.061987573515192525
0.11129104630751389,-0.07512227126450223
0.086623466740898339,-0.089728737166676481
0.056177251455585657,-0.10420262397502636
0.020937130312831936,-0.12190445423549241
-0.01613861748103982,-0.13932060615316033
-0.052316323265345854,-0.15810793497373862
-0.084395251562407597,-0.17778963229210537
-0.10947579849115316,-0.1977199140974403
-0.12537803082626325,-0.21713744640288132
-0.13093753955287551,-0.23519674062959289
-0.12408362183820311,-0.25016798973689758
-0.10841616803757163,-0.26224103518505865
-0.088377962411232969,-0.27060451078004011
-0.064326882393836896,-0.27395955061305138
-0.038826341974978605,-0.27128135245310303
-0.014290197391331907,-0.26167069043077812
0.0072422464100773817,-0.24452036648106074
0.02422590741012149,-0.21970220032524931
0.035326506024843385,-0.1874689887483863
0.039700657634204141,-0.14926584794236053
0.039791073939907308,-0.10825118238647283
0.033058079221959059,-0.066298934687259212
0.019172341012276176,-0.026612292983637442
-0.0019951024612028558,0.0073867961384120016
-0.030271635356656619,0.032435298723150319
-0.065042365825259213,0.045834728158186379
-0.10657176817434079,0.045551745190585573
-0.15058533865967408,0.032088508188621308
-0.19514748831573206,0.0035901380212367789
-0.23659355051378178,-0.035601286397928811
-0.27136006098577053,-0.082071550758772094
-0.29608466450529086,-0.13184639153906832
-0.30804744036627124,-0.18085339202767264
-0.30559654946865633,-0.22537152947295783
-0.28702006823016701,-0.26430377354552004
-0.25545965630163997,-0.29260342614723356
-0.21558639857365719,-0.31007557010478065
-0.1700612332935682,-0.31640503671906561
-0.12383656927133274,-0.312646484439905
-0.082116050269653143,-0.3007138400438904
-0.049710397128826717,-0.28304475767917336
-0.030414683925618132,-0.26222156615894254
-0.025033028006329585,-0.2419604604937087
-0.036180846407401379,-0.22226980015495643
-0.062510051844489961,-0.20341949350554653
-0.10056879501747401,-0.18663230454852153
-0.14573045110854871,-0.1717267456137746
-0.19246463376795381,-0.15810535051261823
-0.23501071681390442,-0.1449860776108555
-0.2680649032161867,-0.13164240478583988
-0.28944072939622267,-0.11733503640770768
-0.29350757959470569,-0.10303442078178163
-0.27845214791058776,-0.08642940813305508
-0.2459284076669396,-0.070456840107154431
-0.19843375220220161,-0.056243522229721912
-0.1398157074138712,-0.044755856597593513
-0.074765524489177532,-0.036583214081463485
-0.0082555150899315654,-0.031791673812499269
0.056468673510575843,-0.027976798910833614
0.11321930821296225,-0.027505131323348975
0.1588743235895004,-0.026756804497273148
0.19183566232029409,-0.025864494997776606
0.21147674230591307,-0.02339218574646787
0.21827012466991932,-0.017861742091937267
0.21349482836982223,-0.0079521861229704029
0.19887493366431097,0.007299977098430205
0.17650936348997673,0.029140756505603486
0.14723390928098912,0.056182534930164806
0.11348567456698436,0.0872994075841204
0.074934783266265431,0.1212037292790379
0.031859474713185544,0.15590202346832419
-0.015478771037966193,0.18917650600017941
-0.066525400114592848,0.2188312057096948
-0.12013420534528402,0.24294024489372607
-0.17640208359616788,0.26087619598203804
-0.22996992770467325,0.26994216056987508
-0.27475277425113481,0.27278722774898057
-0.30885069704534535,0.26770029404030204
-0.32835968047904046,0.25559389027708751
-0.32995409659974456,0.23796390354488661
-0.31143782289995298,0.21664724613364758
-0.27222838132721372,0.19351975134020294
-0.21280559111873276,0.17099893052875254
-0.13804191974743779,0.14826217198211325
-0.052663936706109124,0.12843192521751154
0.036172206746331315,0.10886638035101358
0.12090436740184674,0.088373610556784082
0.19408148611629716,0.065601594716807224
0.24918913837873866,0.039357280022315345
0.28137798361688143,0.0089034418582763942
0.28770335490031929,-0.023921032116755822
0.26775273266913185,-0.061598698907518706
0.22654311706885971,-0.10115739408647122
0.16607381261408727,-0.14155303319908455
0.092066125732382501,-0.18032099014679454
0.011276356574327105,-0.21467997794432767
-0.069216191694235651,-0.241903936856847
-0.14270539260737722,-0.25971971293216611
-0.20433395496475154,-0.26748078527706798
-0.24829882786704333,-0.26363338101194256
-0.27246637829970216,-0.24877342825274681
-0.27541610705785374,-0.22512508931139544
-0.25769751902959054,-0.19563827952854773
-0.22132149611107549,-0.1638913166080434
-0.16946002526861156,-0.13361418666379565
-0.10611152944835826,-0.10817290087478072
-0.037240597261484619,-0.089823423911692984
0.035220670420517922,-0.080226302083691414
0.10433965153469518,-0.079655958254623779
0.16756116817628686,-0.086424479768828555
0.22110320276647719,-0.098006372661928867
0.26156924964201184,-0.11120335026140585
0.2861574037895947,-0.12269852826565907
0.29292574912082975,-0.12964185990422095
0.28019796615149251,-0.12989978037219302
0.24945326585906319,-0.12275270450152044
0.20468111066572098,-0.11173737371101587
0.14788712647595406,-0.097020962869718466
0.083827452158820107,-0.08175657913963788
0.018145115583901212,-0.069673629996757858
-0.043202258993720592,-0.064423135203478546
-0.094619425353876116,-0.068888860406204872
-0.13302339678791239,-0.082686641041100614
-0.15369545094195397,-0.10804282178625807
-0.15396745693300087,-0.14427750194258035
-0.13663005070337836,-0.18601177962164644
-0.10499388062882244,-0.22782623831172952
-0.063859520576798084,-0.26363729389188606
-0.018806755406969335,-0.28757832845770037
0.024620406295266933,-0.29489787994922073
0.061998547683082196,-0.2808373844668054
0.090308288874250242,-0.24798448123302944
0.10540350364467026,-0.19776360877225257
0.11023467313895406,-0.13517060005880743
0.10734014300401558,-0.066555402154316462
0.10034670471553796,0.00096956570101678491
0.093265486301136485,0.060499845630496547
0.089757772389895712,0.10626948529461308
0.093960231800143693,0.13629812703928568
0.10433467942228414,0.14548105745460033
0.12277249096676296,0.13769894828455193
0.14553990288449656,0.11373023762339649
0.16944606686455527,0.078188134713173055
0.19098079769517337,0.036908944981923701
0.20694977521369728,-0.0039339470145942027
0.21502960244045391,-0.038749361339318965
0.21385855459382802,-0.065235080390152494
0.20413847279876796,-0.078486528831419572
0.18788636379995427,-0.077740968132013186
0.16747094629352127,-0.06595298891535345
0.14610419442607342,-0.047134332402287246
0.12702523216224107,-0.026477773905585235
0.11299881486557463,-0.0094926082835835347
0.10591526642369911,-0.0011013679614500309
0.10860384932609042,-0.0029438494862559909
0.11816020140449779,-0.019817071089303171
0.13070506072754684,-0.049628995623519238
0.14627819669419831,-0.090739039030172761
0.16255076142164004,-0.13879943186658197
0.17721461396883786,-0.18824864580916739
0.18826233835420661,-0.23320708369416387
0.19416906509690965,-0.26844483554390169
0.1942514840010747,-0.28999129127557138
0.18729037148528813,-0.29701186788487427
0.17446825295251925,-0.28928095261540138
0.15490416226634818,-0.27105141306798886
0.12880760516349521,-0.24750707850776482
0.096571904406118361,-0.22469145344082317
0.058809274554230531,-0.20844643528967324
0.016440571622538515,-0.20334539219618231
-0.030655331231757951,-0.20990267390558279
-0.078227977030455267,-0.23137972121322742
-0.12451584778292138,-0.26165648198039809
-0.16614422164634227,-0.29741923446577978
-0.1999117775870648,-0.33145622702896316
-0.2228449259093094,-0.35562093623635255
-0.23259833689137863,-0.36214667374575482
-0.22784941036117287,-0.34500516050853025
-0.21067306740681124,-0.30081477050997568
-0.17912854050878313,-0.23032609994895159
-0.13786258975320248,-0.13916784050623271
-0.090052122139002447,-0.034576930834036929
-0.040886416589117049,0.072725719309362072
0.0038587278510837804,0.17074306589425386
0.038518774122883806,0.24787010163376547
0.058295288322533029,0.29458289797226089
0.061421148424158377,0.30461286973147184
0.044960846441355971,0.27678677708046573
0.008383601603070303,0.21474142598030513
-0.043189534269203682,0.12593284500361943
-0.10411430065203528,0.021470916774107607
-0.16745050553291521,-0.085696367316172598
-0.22585606631000757,-0.18260132091222098
-0.27255271488167171,-0.258070844095458
-0.3001661637780898,-0.30507216728123526
-0.30842215367188874,-0.31893477324961922
-0.29749659752174368,-0.3006455504252899
-0.26837902805888625,-0.25603158905522932
-0.22492902565875544,-0.19409692478632315
-0.17232684102536891,-0.12583929334946017
-0.11623709444260605,-0.062547581842478703
-0.061943686564955823,-0.01411847962100299
-0.015063869874324469,0.010996120717296344
0.02467859006492016,0.010896934598476951
0.054382908514812846,-0.011395267233171609
0.077017320571590803,-0.053599763022809291
0.095207974984314742,-0.10871031592217428
0.11203800334651816,-0.16810324426559023
0.13034602570764262,-0.22292629949934281
0.15211757050529323,-0.26543519147239525
0.17953869776012357,-0.29142400633778637
0.20952495948628469,-0.29670463981765843
0.2407264697705806,-0.27923225883361036
0.26969283192474869,-0.24415072277225627
0.29294967448568299,-0.19676964289178805
0.30727135030470804,-0.14347877433809383
0.31016235392549985,-0.090696256606951867
0.30017376223721642,-0.043920524401095236
0.27613434011184262,-0.0072974894189408298
0.23970339946981742,0.017082732290661016
0.19433945101532601,0.031899877123947179
0.14050650346754789,0.03678577067473307
0.080318254252402591,0.0345027220915421
0.015872080926796834,0.028437746617968464
-0.050827030900603407,0.021970455393224196
-0.11781333694327971,0.017925791770665767
-0.18154252153563716,0.019547867343448405
-0.24182516111561422,0.026147565561735222
-0.29598851832893919,0.035099469444160029
-0.34054465979881199,0.047417312467573587
-0.37188222868974047,0.061768953931928293
-0.38633200910718668,0.076714407846914356
-0.38071913820427633,0.091014096215222023
-0.35302707255961258,0.10384619909538291
-0.30217025568552802,0.11462890713357066
-0.23230767742471015,0.12331627937252802
-0.14509533189610141,0.13295531206700828
-0.05000172204528272,0.14196808416829598
0.043972220685941865,0.15065409753375034
0.12725106276468992,0.15916771253005443
0.19089654899543743,0.16744368302296592
0.22784491615029745,0.17519124705170316
0.23485690317034116,0.18222695508605616
0.2100117330023315,0.18753360648722936
0.15731926779958608,0.19110614266645987
0.083400782763365933,0.19237565717765823
-0.0019881103540518885,0.19134630310431369
-0.087514273670139503,0.18832792516224492
-0.16180666358809698,0.18385229171506581
-0.21504672503557823,0.17851641322069842
-0.23890023351804773,0.17305734573167125
-0.23223313213339272,0.16656831261415236
-0.19822098587856343,0.16138816760610106
-0.14082323805518115,0.15446758377364486
-0.068694218510303329,0.14435966013929863
0.007574246563814036,0.12956979909815547
0.077014545734384404,0.10885201686224158
0.12987149417495894,0.081507400369256841
0.1580900484875119,0.045735431038648487
0.16007000526425932,0.0054313724820303595
0.13308589573713056,-0.03738952279887358
0.083552932054355808,-0.08009846338762075
0.018573567795604377,-0.11944459794261798
-0.053214637585360595,-0.15222087331672948
-0.12298029006741086,-0.17567194649895698
-0.18295403049769873,-0.18785279923729922
-0.22594183286408709,-0.18598709032502694
-0.25160528751788402,-0.17322978721023477
-0.25729674574367456,-0.15103647218696861
-0.24691634637969007,-0.12160847504670236
-0.22448258783133976,-0.087884284600905915
-0.19474487566023579,-0.052904131646936671
-0.16236968955232697,-0.019482544018374903
-0.13130813673569175,0.010033331299268554
-0.10589806717483231,0.034164172276597037
-0.086254334853338971,0.05162393192530338
-0.070548574216479434,0.060758676965441988
-0.061122778669941459,0.062344574024994263
-0.057989277574228178,0.056656306717761812
-0.061122778669941452,0.04419785823763147
-0.070548574216479434,0.025698055349252544
-0.086254334853338943,0.002182527303821024
-0.10941997675223783,-0.023552209192881843
-0.13640162482802048,-0.051184955373699097
-0.16773539637024892,-0.079759756590227812
-0.19883267877011829,-0.10469841257627795
-0.22585941905493662,-0.12239407884732999
-0.244653635014314,-0.12925147299603854
-0.25128665358324864,-0.12220961748530126
-0.24272061765615371,-0.099319859843145814
-0.21656735321401754,-0.058383252545408028
-0.17519934120787214,-0.0036189280815002527
-0.11921411710740097,0.059590541048285851
-0.055314107556723162,0.12686133844630071
0.0097553342726320914,0.1911536492400436
0.068573444806714262,0.24492677480995756
0.11404643349521967,0.28111227619844648
0.14042770329388962,0.29411885341711863
0.14507566934492855,0.28206464725683494
0.12620810133923427,0.24265456266969901
0.085089453289551059,0.1786541525418035
0.027783613346918912,0.09610466950510585
-0.038326810227986154,0.0031750050268862149
-0.10462395417213377,-0.090573151883134612
-0.16239542623304573,-0.17542092343252119
-0.20398229620026515,-0.24277690742477992
-0.22464573227025636,-0.28767247190378714
-0.22060965540707728,-0.30522225475553999
-0.19014103774537999,-0.29406154373671856
-0.13789319421724128,-0.25928065227880737
-0.069434371452826327,-0.20745473637582906
0.0081210971417012712,-0.14700271459142636
0.087098403447334785,-0.086958763465078623
0.1602456592240519,-0.035699667659042998
0.22128051187357006,0.0020767818518777339
0.26622767651313889,0.019516237351245774
0.2942250288484804,0.015587397743253444
0.30431948860023822,-0.0076231438654351712
0.29819366197531244,-0.045705430150989261
0.2787761781615048,-0.092488646607614383
0.24963111359049409,-0.14110306613878842
0.21435538953048894,-0.18509641393699131
0.17754833234291634,-0.21807150349442278
0.13897905919359499,-0.23930369373088042
0.10155867614514635,-0.24770286556851573
0.064751452032234355,-0.2455662271763045
0.028499914136476224,-0.23661723699036016
-0.0073036260972462255,-0.22545574781329131
-0.042505594039527569,-0.21661189213487717
-0.076488767748996003,-0.21363990213265274
-0.10606407389427069,-0.21705212738254234
-0.13335978700535553,-0.22882573692966635
-0.15423943824373215,-0.24601827104397753
-0.16892733851953667,-0.26498155420543407
-0.17629540330073759,-0.28057941241123829
-0.17552248057367989,-0.28732802025908594
-0.16625733876437193,-0.28036367701710668
-0.14872531942308767,-0.25635250810126609
-0.12581685551451918,-0.21392252547817167
-0.09545116366446886,-0.15437362828850662
-0.061077314747286074,-0.084362223756895477
-0.023675977505384187,-0.0079732757715863731
0.014525591607096626,0.067324215126854742
0.051093539808815022,0.13352663594194772
0.083597920741485046,0.18316990862918234
0.10985331682462413,0.21036483212099302
0.12962690254605869,0.21028239390185663
0.13913935122132495,0.183852013491594
0.14048356634971979,0.1359199441731278
0.13249420545710502,0.069585119605538051
0.11645805362761298,-0.0081652795497670575
0.094481957010339665,-0.089277258250578653
0.06916779020676668,-0.16568656359399433
0.043172299751686558,-0.23034742249152912
0.020780582722061774,-0.27726899303150915
0.00066316366170995802,-0.30504405342751667
-0.018582025618865402,-0.31299122603382684
-0.036368793676603887,-0.3037331412393377
-0.05447563769635827,-0.28141143440187893
-0.075180856661777137,-0.25120179950662919
-0.10070551172029608,-0.21848679250646408
-0.13259424646147747,-0.18809110695226569
-0.17203304087937213,-0.16287830112284152
-0.21584329065807392,-0.14674594726025789
-0.26312960603675184,-0.13830441692952483
-0.30749185585380401,-0.13842102220744359
-0.34313167672381573,-0.1454102579252958
-0.36419715555994553,-0.15679226511370606
-0.36568694085250675,-0.16974276895682855
-0.34430308808195131,-0.18150994737903908
-0.29764452378801298,-0.19000817258222313
-0.23007018012454447,-0.1936820110539946
-0.14458863198850885,-0.18887273490299325
-0.0491228896830012,-0.17729057767527376
0.047915768065357002,-0.15919239792325682
0.13774020342346943,-0.13510836062668818
0.21221705009746691,-0.10572384206447273
0.26478486788116606,-0.071838785542811964
0.28908203074450367,-0.03413251967896723
0.28631993382686927,0.0053361195265202842
0.25827845334094446,0.046955373226582747
0.20736909956134222,0.087212522580481899
0.13851986215046846,0.12368384975300842
0.057627677378532985,0.15384337056196837
-0.029099519393555939,0.17529447206070858
-0.11569500738374537,0.18604247997797654
-0.19476547935093239,0.18341243159855664
-0.26470528068899968,0.1695390876566488
-0.32272512104034334,0.14292896859343154
-0.36517273392334665,0.1069282651379842
-0.38989855030395354,0.064247587172773873
-0.39537406922698232,0.018032350107301278
-0.38081148498360451,-0.028452929092329011
-0.34640099257776785,-0.072127195454498569
-0.29390746633618342,-0.11169809608959348
-0.22580769900277081,-0.1436521447419864
-0.14729025005493968,-0.16429263197199953
-0.064328023603127185,-0.17509581558969656
0.015561948944592254,-0.17632835509516007
0.084317401968038511,-0.16881209688364451
0.13430235946387398,-0.15378434848111491
0.15941673835667397,-0.13277197190208354
0.15763149536242757,-0.10667746475145977
0.12610954514425929,-0.079041211868418809
0.070889890292299751,-0.049731877148256713
-0.0024300618697894369,-0.022257085580174411
-0.083648182486723344,0.0014745547102596711
-0.16066994572776766,0.019938563483523273
-0.22118917958681367,0.032110564360860336
-0.25455908701592511,0.037548186260558364
-0.25384571498835956,0.036158491928504295
-0.21681243651161963,0.028697544923545752
-0.14366930620037577,0.018300087558481171
-0.04506074231671111,0.0051507872605606403
0.06620852910084607,-0.0089044417940709712
0.17489150133987802,-0.021865699385037105
0.26551541525955141,-0.031758294916956267
0.32470223987081481,-0.036818836703263122
0.34469305069229189,-0.034311592876274659
0.32027680379129425,-0.025567867837121793
0.25152594056767458,-0.0097043919397449534
0.14926473334627724,0.012498327930788668
0.026980361716332474,0.040089436499244818
-0.099118461953225989,0.071772078688168942
-0.21250654747113404,0.10599436214145011
-0.29878118692105066,0.14102280553973201
-0.34804868541833439,0.17634987795887491
-0.35579428527325152,0.20837166884333744
-0.32169580430380557,0.23348902334486396
-0.25485856222431214,0.25122814964324963
-0.16736388726208082,0.25997338788567559
-0.073762027230787064,0.25845581308563048
0.011219701410645143,0.24591859732413321
0.074921010932627707,0.22229173096247065
0.10712969874986367,0.18644584502543049
0.1057899101008318,0.14274739448032014
0.075230764493939686,0.094559522498228937
0.019854559681322759,0.044434405872097543
-0.050270899265298485,-0.0039183913805949915
-0.12320468596940287,-0.046814104283523825
-0.18709193282882569,-0.08099752184675707
-0.23202334681912581,-0.10402636013012467
-0.24944895115917701,-0.11430440741369358
-0.24004699043141783,-0.11249109904366585
-0.20684418742647037,-0.098702112938459083
-0.15501786832982578,-0.076356366978830456
-0.093185805434578328,-0.048869579289424037
-0.031038444954105869,-0.020055109983450774
0.022217765243079061,0.0063108329203876738
0.059229678456381871,0.026886385110649572
0.076939888333806633,0.039345142327167452
0.071338768700551516,0.041696365264993061
0.046660225666238134,0.03296382294974811
0.0056517475763049009,0.013752253480638355
-0.045531615743918272,-0.014753403207064249
-0.099808451406062496,-0.050690872860456128
-0.15020914067297217,-0.091703608539142334
-0.19077416265223568,-0.13510643763303762
-0.21807117626182926,-0.17937643715149337
-0.22769432476942589,-0.21954010678274039
-0.22221595882740788,-0.25253805727198392
-0.20042839396712753,-0.27578930300959209
-0.16459578132767327,-0.2868555502781639
-0.11794979042861174,-0.28390549950149391
-0.064222545225055605,-0.26591452821848055
-0.00723811866161817,-0.2328475588695168
0.04733404637838573,-0.18389677501808638
0.098772889268605765,-0.12382074333482751
0.14673625969461804,-0.057500042946205462
0.1866241219307479,0.012225242180611029
0.21618101248396526,0.080692139636426671
0.23345792806972041,0.14316978272146658
0.23688900432664098,0.19529571660314929
0.22543506445656031,0.23349279505919021
0.20024233968079033,0.25395674563424636
0.15972296597342792,0.25814318685306392
0.10540667093529606,0.24427036052267997
0.040309036312642058,0.21569819137845539
-0.031687523615458776,0.17536496194574563
-0.10579171513645305,0.12679675144630992
-0.17673162241765619,0.073773626556104838
-0.23931210673646974,0.020052663648292748
-0.29107653698129815,-0.032182770737448858
-0.32605392058005372,-0.077896146644777592
-0.34100324647370855,-0.11341750018865883
-0.337736636938961,-0.13723512034669222
-0.31850663986895078,-0.147626960708622
-0.28709948834113069,-0.14357425073955191
-0.24821629119337929,-0.12490017720070069
-0.20670388646089782,-0.092428818796267645
-0.1688165479791125,-0.050021695974678079
-0.13413905853709615,0.0021833372582424808
-0.10456417754757508,0.059137766823196783
-0.078837532789228101,0.11604041089284253
-0.054602976376204322,0.16708779410895166
-0.028708211754258684,0.20629796432956043
0.0020175739452508511,0.22822324493587273
0.039945902686432687,0.2287312307905528
0.08799624101408364,0.2065445679363683
0.14138636897110995,0.1604422706240709
0.19932361717328048,0.095742785559939286
0.25494441176954713,0.016782882456003963
0.30195598699104381,-0.068473878017621115
0.33411499615243156,-0.15066251959726068
0.34622335613666089,-0.22017954414849722
0.33501062426960354,-0.26847474960808493
0.30122542832297272,-0.2890025845831054
0.24478140503740173,-0.27958832257460325
0.1703179504675868,-0.23902298701452648
0.084997486714704182,-0.17333429013642299
-0.0028415458122593674,-0.090245002960777865
-0.084384355624763902,0.00056446853181409563
-0.15138892524300648,0.088838857716719372
-0.19714297470251627,0.16520816930442125
-0.21749377700290534,0.22330971486174925
-0.20974233051597685,0.25848472125338023
-0.17696668595721235,0.26785612197686498
-0.12094327695149767,0.25664415051434875
-0.04698901175821079,0.23098828237307251
0.038183697013996716,0.19871890607902631
0.12724665024000983,0.16800528063069262
0.21302792059063461,0.14599704975965347
0.2900589881709576,0.13848924347447855
0.35125123622051019,0.14618506648225676
0.39613357233005181,0.16847782293286614
0.420430840527317,0.20094899747128608
0.42363881484102417,0.23737432727799745
0.4067725621930765,0.27054134371646099
0.3720434589450165,0.2934661655478954
0.32247354839493281,0.30053736530325892
0.26121657975391754,0.28705084156447902
0.19177946064351037,0.25443576794778322
0.1195044632446747,0.20504257747900242
0.045776554186221209,0.14330489806066207
-0.026862637229195605,0.075476905195271296
-0.096130303824167873,0.0083906592738796255
-0.1599332919716531,-0.051545399735363172
-0.21631704917821667,-0.099216301405428989
-0.26492591609336053,-0.13168154601126741
-0.30154364459374094,-0.14703633970010579
-0.32628663023952947,-0.1482589730860677
-0.33707557985841957,-0.13654095118118795
-0.33347713417124125,-0.1156641545634218
-0.31598414255263235,-0.090001663259668324
-0.28607542333041674,-0.063869539867511274
-0.24615462021958748,-0.040976972803090969
-0.19966304830359086,-0.024860555448077526
-0.14907435398187044,-0.016454379855610934
-0.10099915205953446,-0.013743097264249896
-0.056522497300410528,-0.018378001636154544
-0.018372789237906469,-0.029432562743088985
0.0113247608872208,-0.045553836864836189
0.031185988587700258,-0.065190122772862819
0.040641191021740596,-0.086750435334667836
0.040821233664519639,-0.10949250779338913
0.030880984227478495,-0.13018469323887105
0.014651771472917076,-0.14931158910355793
-0.0075050739741499423,-0.16366006471176661
-0.033293826709655076,-0.1714836649324597
-0.06010687855158528,-0.1712660866819517
-0.085224940055689327,-0.16187728812512645
-0.10604707959288509,-0.14275179164881782
-0.12179467707748699,-0.11270474691117847
-0.12782685044981992,-0.074419404007694992
-0.12628589252154573,-0.031430759826518585
-0.1145327987117634,0.014999969865290905
-0.093055172592449484,0.061708042710624633
-0.063377383463516748,0.10527147779394941
-0.02786894252626736,0.1423761615987216
0.010576649887657068,0.17020386476366384
0.050408112852006436,0.18759663700104937
0.08729390874269996,0.1930582476350271
0.11658531048730351,0.18450290875655848
0.13934006184672962,0.1656509516567701
0.15553483977051388,0.1393161107538958
0.16597219272406311,0.10894142133222758
0.17198721080229765,0.078175965595898525
0.17506250201693399,0.050449678293119408
0.17671821029461324,0.027791118985662704
0.17644281798388492,0.013176780431606952
0.17692698625020437,0.0085565260620303583
0.17472690169431579,0.013014679886022439
0.16792651444441151,0.025505984755034006
0.1544922443434173,0.044253454689730048
0.1327615909211777,0.067011335284931334
0.10192678930449778,0.091338854637285485
0.062130532220346237,0.11403564994624854
0.015235242064707392,0.13413638524580396
-0.033464580395686401,0.15010535428002658
-0.081157437058268653,0.1603733981396763
-0.1228494004702398,0.16402964444688259
-0.15347111972855104,0.16052594659466393
-0.16861710711827407,0.149648770206364
-0.16527191921667772,0.13150276818553464
-0.14210973898384782,0.10569943458825279
-0.10079254270803316,0.073990180996967733
-0.045345391813438995,0.038449592731778365
0.018811366543353771,-0.00035355619171957103
0.084539523009332831,-0.040759693634492077
0.14413932292606205,-0.080889874885884269
0.19033384768496062,-0.11874531601966233
0.21723280517518931,-0.15234147878568283
0.21966499998043779,-0.17850732075607867
0.19861500951534716,-0.19812303969114448
0.15686734149842047,-0.20878188080760254
0.09795555450714942,-0.21103386940880328
0.028204455109464475,-0.20501411923516355
-0.044993872572763938,-0.19120722429057824
-0.11413903938016158,-0.17039648766213844
-0.17255293366875959,-0.14362073876251932
-0.21368071350243431,-0.11078768842943376
-0.23671251046969469,-0.075011742146023505
-0.24106772637640311,-0.039529005005252103
-0.22794142656192368,-0.0045996912841418224
-0.2004253503800624,0.028190549373464022
-0.1626267890409881,0.057373731179847703
-0.11903949633273035,0.081712572438403991
-0.073978910819663873,0.10032549530338168
-0.029693492778115463,0.11198990534969691
0.0091465118303258198,0.11820244991019012
0.038817265123065915,0.11916199887289419
0.059763893773864936,0.1164888127478523
0.071698518786945456,0.11182440972775687
0.074875112763776216,0.10688543950727085
0.06993843187444336,0.10322463308172355
0.057848326079907426,0.102004158307498
0.037827582191052193,0.10354527123669278
0.014813749175835259,0.10845860763987368
-0.0099012448131070834,0.11481785387061262
-0.033323677378646194,0.12224144166157289
-0.052649074483062955,0.12905055736500548
-0.065206197267353175,0.13329655194801282
-0.068750900327794684,0.13302340596612866
-0.06177855939975848,0.12653944976807888
-0.043509736592765892,0.11455467790265995
-0.015416854217747624,0.093887399507548888
0.021773385433032241,0.064036175790850886
0.063863367920384967,0.026838306541252098
0.10672637459369518,-0.015867705323420689
0.1458593588343759,-0.061610406259706658
0.17687745160640869,-0.10754165466085668
0.19600215595141146,-0.15073317538340331
0.2019442995119389,-0.19037014127184163
0.19146672371902035,-0.2217220702587345
0.16282593433076459,-0.24171458650769892
0.11904361877196867,-0.25099935935742623
0.062983968705104906,-0.2497735200761721
-0.0014933767855332138,-0.23902402567560624
-0.069916257222766745,-0.22032388109314402
-0.13759943828510407,-0.19556713642381121
-0.19972177512922032,-0.1680394988263974
-0.25316736404540391,-0.1376184767163646
-0.29250999767596342,-0.10474697375291421
-0.31698481893590941,-0.071100735602384391
-0.32519612867998088,-0.037193368240340342
-0.3165809158407058,-0.0033269891146933315
-0.29140360151768835,0.03020361522318921
-0.25075933483178181,0.062885088164706088
-0.1951126117626206,0.093519216093260318
-0.12959954491274794,0.12134217966567676
-0.05707730841156046,0.14321330334305399
0.017826486887959667,0.15775382261431656
0.090508877027519308,0.16260991942755831
0.1564138971339043,0.15562601476749963
0.21137545292916063,0.13527297789154863
0.25195222942216616,0.10107255687280559
0.2765959097058584,0.055834430044455902
0.28282381071955515,-0.00063021062034791515
0.27049339007574252,-0.065053986250079687
0.24126115153364497,-0.13131126896852721
0.19769419536241345,-0.19314382332146054
0.14331032315781536,-0.2440163527107877
0.082240796367130539,-0.2779035514002417
0.018850448267059776,-0.29008845864885879
-0.041759491825362698,-0.27758256871573511
-0.097312030616032066,-0.24029045410555799
-0.14423553852629262,-0.18167041616801763
-0.1808300193769021,-0.10564431413006196
-0.20596035492525119,-0.018901350099531308
-0.2193135754229073,0.070694149423063624
-0.22132060337657516,0.15506381297424646
-0.21305814166320375,0.22692171735831634
-0.19820067285839699,0.27878200120313845
-0.17512993808556249,0.3099129172481086
-0.14863828422973188,0.32128055993728105
-0.11948283992194765,0.31351464505870547
-0.090258641639279588,0.29064932610709587
-0.063807605025696143,0.25804200731927185
-0.042984907298062335,0.22148316915193167
-0.030332409250324925,0.18628888830088186
-0.028585943296977903,0.15516724305618967
-0.037683378473162395,0.13205094488738775
-0.055303213997965651,0.11883446309614155
-0.081255845748180691,0.11245783983239395
-0.11265649719494034,0.10972146660764216
-0.14570973271761475,0.10660634606943022
-0.17621687307991946,0.099050915618503987
-0.20020025295373536,0.083698300383975036
-0.21659534245832895,0.060390490310074374
-0.22097466447940403,0.026058844909478303
-0.21170919861665571,-0.018714686630736506
-0.1921555274255291,-0.070231814129303252
-0.1658726257136299,-0.12434790152982324
-0.13753723890620462,-0.17624932375225819
-0.11217030096392469,-0.22112332198607143
-0.094264033535128383,-0.25480374357350777
-0.08842378842592509,-0.27511100738494554
-0.09283667113731639,-0.27921098367639946
-0.10943395084978741,-0.26776395605458647
-0.13230230737279189,-0.24203035024654015
-0.15604841256351146,-0.20481526001246109
-0.17458901524526085,-0.15974749464966156
-0.18213160847464727,-0.1107412055236989
-0.17413377352004808,-0.061452639478382594
-0.14955311630618895,-0.013459274065578068
-0.10620760751942462,0.028615732536713425
-0.046570468862940889,0.066909238296152432
0.024218451834684428,0.099485479769927346
0.099540991124707587,0.1273712546213821
0.17192063736080881,0.1523040141769767
0.2340774769155492,0.17623249588753842
0.27996407606648549,0.20075844445740562
0.30650500808822484,0.22743304947494586
0.31053123131670429,0.25512611058929158
0.29570990683795267,0.27950411028060346
0.26430699365251092,0.29958704973389688
0.22215863922416518,0.31162769739565555
0.17635529167887931,0.31159476462012037
0.13421031025250235,0.29591216143834187
0.10220335426836839,0.26222862271853747
0.087114817560594388,0.21035055925426374
0.087983752313713082,0.14215465213034453
0.10525333004683377,0.060081657074867581
0.135565460219084,-0.027943574715894308
0.17407649472354694,-0.11393919936083674
0.21499714703710024,-0.18948803450682059
0.25252859771230785,-0.24684986518285423
0.28174827632431121,-0.28004483003469238
0.30077456875025643,-0.28655333252579818
0.3054706970437811,-0.26488594239800778
0.29880023063203254,-0.21873931556264464
0.28140628023113656,-0.15387816349398109
0.25688392620921574,-0.078634848975273633
0.22966375350291995,-0.0025693006102572458
0.20425660284769223,0.064784115953131147
0.18451656329149424,0.1151719994349549
0.1733324260740591,0.14188314739997157
0.17091467250106593,0.1427411375646066
0.17774645403122949,0.12076901797664603
0.19043609729032385,0.077567248115592
0.20540142434641206,0.019200691472130896
0.21858862378613805,-0.046629358499129206
0.22610986385642715,-0.1117175847380618
0.22481666338752695,-0.16851043383418449
0.21477867731292818,-0.21083793461304529
0.19191028133543186,-0.23566985319895559
0.15858133143269615,-0.24171146185799217
0.11557728593706305,-0.23098523273310403
0.065648391198380701,-0.20727293840001046
0.012225168440934013,-0.17561449618622432
-0.041061324876391025,-0.14141084569575757
-0.09086222519616198,-0.1095550927409663
-0.13658072103007265,-0.084000803668407925
-0.17267705647643231,-0.065731480113077292
-0.20179699646990992,-0.057662221542988334
-0.2218996361508204,-0.056226978812161883
-0.23416850663820721,-0.058715578627942383
-0.24068532344266097,-0.061999240042580089
-0.24400009781422718,-0.063144754404097239
-0.24661268820650709,-0.059913241422366585
-0.249574575385731,-0.052965177625022335
-0.25490223457713335,-0.038757235590958068
-0.26334673344543524,-0.020320144078052025
-0.27240195245580923,0.0025534748490807146
-0.27939506428056099,0.028115989154653288
-0.28109348721551219,0.054331158024598127
-0.27435438041742294,0.079187402161857226
-0.25683052925642852,0.10096234899874588
-0.22966214735675425,0.11650745878343011
-0.18993683114942977,0.12743780731596771
-0.1438430835250456,0.13583891196322745
-0.093648111125794728,0.13990324320863096
-0.04526888956005172,0.13991925130940697
-0.005438429457922939,0.1362541018642304
0.019338683272653711,0.12925996183156721
0.02393574561923207,0.11922711387056222
0.0041949439560849426,0.10828701142748219
-0.03660026335337619,0.093996743534123808
-0.096698238835133968,0.075906012716838264
-0.16696029340863561,0.055311490226556098
-0.23746746105944364,0.033083189791924858
-0.29738128679294085,0.010487048861891312
-0.33650968835056611,-0.010893835074082734
-0.3468732123671634,-0.029322640686599576
-0.32196776950925038,-0.043946020809566839
-0.2644244902708438,-0.052602629230825419
-0.18040270857444762,-0.052772722442456677
-0.076995418116484485,-0.045855316202847378
0.034334610900446649,-0.032630077451684815
0.1407779433410051,-0.014492632518876935
0.22996217365552712,0.006778021273291239
0.29169139524595084,0.02933082983669856
0.31849414486809957,0.050224363814003692
0.30935933284350198,0.070266982205016065
0.26798917343115286,0.090051746316664058
0.20036870304842419,0.10924932944984621
0.11656020193652281,0.1289070920371381
0.028359039870018744,0.1503495081169228
-0.052355894241965475,0.17478736931930078
-0.1152017330373116,0.20289291275968876
-0.15168865648704197,0.23523707125737917
-0.15983796224910662,0.26906669734643396
-0.13646839126360602,0.30229623951278201
-0.087381608393096707,0.33091659040516308
-0.018919959270923256,0.35066510510855398
0.061066148650360676,0.35734547542724415
0.14434282272053534,0.34748570879357799
0.22327350728745296,0.31895910257732757
0.29064597310052515,0.2728188145944313
0.34268748754913436,0.20900780070128597
0.37832932896536065,0.13049233412237249
0.39454275015794693,0.043697375779314339
0.3909747502792818,-0.044492186757927807
0.36818167762227588,-0.12667479100729331
0.32741278937164225,-0.19578050676933451
0.2705291525631226,-0.24589449480828801
0.2021114305820331,-0.27321243588167965
0.12219652208705847,-0.27525914520468314
0.035822244503076549,-0.25386684031484746
-0.052296084337664139,-0.21103625881958962
-0.13614243230066483,-0.15152940529491116
-0.20908351072099665,-0.081443443753642208
-0.26454073091795843,-0.0074609631682407479
-0.29686638739569821,0.06392801371102412
-0.30022817520457545,0.12793711331791563
-0.27741618669260859,0.17903267994346536
-0.22736374014638125,0.21527001028181839
-0.15804719600652437,0.23556345285059146
-0.07791870429610652,0.24075774024375254
0.0030530828139013013,0.23298871281894037
0.074698217675249728,0.21518100932044604
0.12806908677617759,0.19050030537741591
0.15645424090243629,0.16320454741343463
0.1580788681574096,0.13353814247480905
0.13113021962939275,0.10278570268121726
0.082938785163747933,0.071704655572645423
0.021768093407748188,0.04020287961468514
-0.042396629231160859,0.0079077616947255402
-0.099371579724008743,-0.025496452424149163
-0.14031553492861995,-0.059964807120535861
-0.15875389568445195,-0.092987270024089783
-0.15280509670509621,-0.12562576023020372
-0.12245893339888431,-0.15831456645087846
-0.073633320915844055,-0.18680244637411561
-0.014095684105551384,-0.20859018606518864
0.046887824631972372,-0.22141594089069563
0.099955917320509971,-0.22362645027515865
0.13700280566906475,-0.21447866613113517
0.15256404700266818,-0.19242855647476037
0.14413949118553065,-0.16127938202353723
0.10946488728746641,-0.12579107886340465
0.054366921697632242,-0.087159049766426827
-0.015193243701254789,-0.048789501744144766
-0.092051272756513897,-0.01402684027894298
-0.16888095006352347,0.014213209391179867
-0.23912385265922068,0.033750618885606619
-0.29855834543732551,0.043618736656829943
-0.34205597509875019,0.042552184650730351
-0.37039777104187604,0.033963095827064554
-0.38205678233220625,0.017182243234342181
-0.3783705365018637,-0.0058805384538337564
-0.36161904553146956,-0.032880677575178423
-0.33454843027148573,-0.061330462359911408
-0.29995711228920829,-0.088893254229678989
-0.25893506041364484,-0.11499445061180079
-0.21661437946266227,-0.13592219235896902
-0.17167445771144246,-0.15238942339035491
-0.12808108606663446,-0.16337469185449444
-0.087310520664814401,-0.16943611570718012
-0.050472152882646323,-0.17176548594628818
-0.018401043324659212,-0.17196926328903628
0.0082534740410209317,-0.17179892243802855
0.02749756515712783,-0.17368607781162684
0.041477167374388425,-0.17716055398478836
0.048404647046035518,-0.18492568563033263
0.049280334606047582,-0.19540746543996601
0.044279231479093427,-0.2079396594578167
0.033687227263804374,-0.22156533383740118
0.017998273242481974,-0.23521504339805666
-0.0019683306473121673,-0.24787359454073277
-0.027015431739244099,-0.25735316561288246
-0.052498572167598977,-0.26544910345234762
-0.075368680681854552,-0.27048082601663265
-0.093933097051519865,-0.2734018099204813
-0.10566227809094146,-0.27431059435532312
-0.10838582946081225,-0.27314056014484356
-0.10063151771348293,-0.26959540836034229
-0.081934993163767816,-0.26316016111086221
-0.051595809201372626,-0.25183199329681616
-0.013685194993967144,-0.23752624497947095
0.027547480287095819,-0.21766889734561762
0.068759557557831752,-0.1938021658956928
0.10532105883687935,-0.16633001578935053
0.13274352679476945,-0.13585624330390816
0.14725807759197176,-0.10314239507592103
0.14634051591733843,-0.069046737266284852
0.12822352205841903,-0.036351273594322657
0.09453881860470334,-0.0028667067145393965
0.05068711200329417,0.029925785110157321
-0.0013972544700486048,0.061834122362107218
-0.056647250914276734,0.092297890748040304
-0.10947129732943643,0.12061732407329272
-0.15437429130281938,0.14594905102718891
-0.18655883901385845,0.16734803692754582
-0.20154474134440872,0.18466632096985616
-0.19931886775663227,0.19551084801526208
-0.17651386380286493,0.20051219708412807
-0.13683565851733437,0.19835855315645085
-0.083145759018656812,0.18907185369293214
-0.01912746569976391,0.17322103380244913
0.051093763889895207,0.15184438316626037
0.1232652036962912,0.12627851481297697
0.19469604250400327,0.097655275996752444
0.25927143375162931,0.06716878089142668
0.31322463723105481,0.037468656083770188
0.35351282707978327,0.007338562829725925
0.37738108720058816,-0.023516484750359626
0.38281309531398583,-0.05563864170059267
0.36873057986058561,-0.08953454424612256
0.33521356681884917,-0.1253454506656568
0.28399100209194489,-0.16172343934582706
0.21741641040954371,-0.19913017254681753
0.14030277948982853,-0.23241904677338676
0.057885643675043265,-0.26063686916201989
-0.023420156728994806,-0.2802465127487706
-0.096886771468682853,-0.28747402751326379
-0.1561794970245346,-0.27892251335599599
-0.19610672705068219,-0.25225366296530344
-0.21418399883099262,-0.20491931871472702
-0.20810789939576937,-0.14198108399152717
-0.17917146876267195,-0.06427230643277701
-0.13166054718187759,0.019951943279386708
-0.071688904594236255,0.10305754445089205
-0.0067748869057623617,0.17704277993792381
0.055084273658763311,0.23455524368070491
0.10641710620089478,0.26986781214993338
0.14033478957298942,0.27939399287533134
0.15468489815093714,0.26303397051814809
0.14689751882063803,0.2236472523995108
0.11952729209295861,0.16611942317314943
0.076447401382878435,0.097553260321688831
0.023065216654319858,0.026057816490361763
-0.034509453054323805,-0.04031024235281809
-0.090327858271043782,-0.094568111983633088
-0.13907108717498193,-0.13354111566986418
-0.17813402083533697,-0.15121271424778129
-0.20365265432996807,-0.14980179407720545
-0.21730246949164933,-0.13003902115009705
-0.22063908680402147,-0.096213062598965532
-0.21605826129780401,-0.054136176359503893
-0.20623387375140864,-0.010293668004800662
-0.19360589017538024,0.02904626568171606
-0.17853487544001398,0.058360695765533654
-0.16383449281747509,0.074703751966033821
-0.15146072057773582,0.075214509889684686
-0.13937281267118296,0.061136668129364254
-0.12655232665412441,0.034552777424394325
-0.11187735051247881,-0.0012847093141546838
-0.094441716849641394,-0.04253363097208019
-0.073793340907357272,-0.085339041901206156
-0.049762132964884673,-0.12550405881901128
-0.022813651830304621,-0.16215525586645757
0.0031445445151545713,-0.1916345950671243
0.029097353345233695,-0.2148308899123805
0.053873972758612422,-0.23183326532925638
0.076367470280881422,-0.24297506750457021
0.095679713586592705,-0.24855053492164536
0.11122260554278239,-0.24862001646279014
0.12129467634978494,-0.24483577679164592
0.12779203322286539,-0.23421241904623005
0.13283021219918117,-0.21467367023674566
0.13533549461325967,-0.18724825686251997
0.13566870214549989,-0.15211710832359468
0.13407084096655461,-0.11012558678178902
0.13060924507918709,-0.062825906018923947
0.12516727883978535,-0.012386213991435371
0.11777276677237947,0.04051898609544461
0.10792094849014598,0.090898337049363884
0.094137329242484122,0.13404757744868911
0.077231260069023852,0.17011040078432504
0.05732162548007002,0.1981451324972785
0.034747508515408226,0.21805020170782796
0.010064362408616636,0.23043755290621643
-0.015994487097002852,0.23637270806588942
-0.042878019459724456,0.23730458227805332
-0.069549910861356784,0.23348283276243867
-0.094036931883668406,0.22649783111212857
-0.11664661779806818,0.21515211805483797
-0.13694184992796504,0.19852759218034147
-0.15459461685845427,0.17543721494388703
-0.16933087065980626,0.14482632833105091
-0.18085815922766629,0.1062384732344443
-0.1879126396909396,0.062147705092166369
-0.1918243836658301,0.011615671531380545
-0.1897377611597641,-0.042028901072560694
-0.18264237652054616,-0.094000082629893594
-0.16988558855880967,-0.13879886766268232
-0.1507539625286842,-0.17062547999990813
-0.12467059683012144,-0.18424695951525896
-0.091443805036390477,-0.1759181428082347
-0.050050270419018689,-0.14230339526848987
-0.0041423394264073123,-0.088046649880676481
0.044765058168604967,-0.016152186519084091
0.09318879584979832,0.065061247815262499
0.13749560828554735,0.14630083840401989
0.17400998941606169,0.21763385958703618
0.19947724603299982,0.26980330683437109
0.21151901011897561,0.29551917054766597
0.21106191555304182,0.28863072971997966
0.19555721449853461,0.25090964735809212
0.16604199628508076,0.18793761668349404
0.1266080018441097,0.1044539577562599
0.081614311905621115,0.0096032901413960741
0.03604881668754556,-0.08618312646995209
-0.0050999633079876839,-0.17258808428970634
-0.037492693470099661,-0.24077592013147495
-0.05772252210601498,-0.28533516555352406
-0.064481579056049468,-0.30202902520678548
-0.059284972200645117,-0.29206777590024247
-0.043249382262530327,-0.25905789787967504
-0.019831124281686013,-0.20954471853040049
0.0065606227196196073,-0.15171800080172898
0.031208049455627825,-0.094226127639521484
0.049768811277783404,-0.045013674186758661
0.058014212292929745,-0.01224820883395145
0.055318403742644219,0.0037013815491910526
0.041704132621151191,-0.0014689897485598907
0.018317183594245431,-0.02427465413849083
-0.012124506518578699,-0.061369130409431601
-0.046111662479154568,-0.10834486516024806
-0.079932494212070396,-0.16042812271265161
-0.11026348292164548,-0.21305136753882989
-0.13378493820801757,-0.26249866077081946
-0.15112243995377034,-0.30500930560217659
-0.16018563592916768,-0.33846449874417683
-0.16403814692867105,-0.36055717645220403
-0.16499532623702554,-0.36970372913274152
-0.16560626661851011,-0.36468657751696287
-0.16816799205157765,-0.34467634854125118
-0.17432350559658294,-0.30937630382763304
-0.18627381563693257,-0.26007117513763484
-0.20158306026471662,-0.19726955793304649
-0.21897685531384201,-0.12273348218097552
-0.23689887749855656,-0.041353436161801052
-0.25330604308683802,0.041649214597059649
-0.26630097265157227,0.12033202969060423
-0.27439403202948331,0.18866637805400471
-0.27664480729409202,0.24130323199596129
-0.2735506886952801,0.27353668809516463
-0.26332304853113092,0.28547240101796234
-0.24847887468801827,0.27506961299530752
-0.22766621963610925,0.24785782824800373
-0.2011166577129348,0.20948311927713295
-0.16917468625956064,0.16684619795350195
-0.13235560167374646,0.12713563809711517
-0.091452593918432287,0.096798244593375687
-0.04913014769991858,0.08142032856982595
-0.0049088343738529321,0.081523638741055879
0.039100408580063181,0.099589151407302789
0.079949806812541435,0.13046726663795927
0.11457726380372774,0.1689679373243051
0.13982576831313784,0.20881908284458225
0.15287079717769439,0.2436543624812334
0.15170167793389419,0.26797511856546419
0.13528133583538568,0.27929218084818647
0.10502266147061094,0.27371968006837305
0.063069353469903694,0.25248693692739976
0.014015053485780773,0.2178773286311512
-0.0366349042689069,0.17418175472033257
-0.082790613881529626,0.12673438483418775
-0.11854323988575655,0.081105522019343637
-0.13896639226755139,0.042310944231496478
-0.1387752561684798,0.014970040653707382
-0.12042940000355672,-0.00064257303146540116
-0.083734961220018611,-0.0014023365519722996
-0.033553554203844947,0.0091083389596225382
0.024565235581809418,0.028055270653056647
0.084274413091068312,0.052010550407078637
0.13929881493610691,0.077511119125970654
0.18426997476133511,0.1015283782171577
0.21334757571290178,0.11988689084791163
0.22745259123204922,0.13350381136410136
0.22854953436845904,0.14406621465553929
0.21731496007874651,0.14958044842558779
0.19721006125027829,0.15024819248088542
0.17240363694377098,0.14634484515259083
0.14712230355812023,0.13805900730990098
0.12506927079331584,0.12543318999078459
0.11105249973645734,0.10760079052437861
0.10277743264459056,0.086443091837791558
0.10383589882549052,0.059419391465281905
0.11104445312080942,0.029408358918957767
0.12283750577734788,-0.0023018023428171617
0.13757935252250414,-0.034181674075436728
0.15380141076167153,-0.064593851596709662
0.17026477604982895,-0.091980610082998585
0.1879093550900835,-0.11643044511965955
0.20223849761026752,-0.13478897290858102
0.21249904360713276,-0.14826358878176848
0.21618558752648348,-0.15630893878377458
0.21085795093956183,-0.15995767481835413
0.19411232653187141,-0.16084237123015069
0.16400445416527809,-0.16088957830468911
0.11956753879400195,-0.16192087408178985
0.062790238597699014,-0.16712909116623767
-0.0059230647122210812,-0.1733490274534705
-0.083106792133374588,-0.18284030539411039
-0.16160690629629493,-0.19142916867984464
-0.23375243140298452,-0.19620538523290651
-0.2913392431209742,-0.19408795997302822
-0.32672551146995721,-0.18235118131013042
-0.33400062399226416,-0.15912889940899233
-0.31150603606998667,-0.12408322400741158
-0.25766329862578013,-0.077573590121398889
-0.17577414769843258,-0.022375838131468206
-0.074583946614969102,0.038228408806235771
0.035146325661847472,0.099795018239651867
0.14102275506389828,0.15752785522494769
0.23059038138343554,0.20688158001876164
0.29298810315589319,0.24413743731795146
0.31955669401383857,0.26551205434428676
0.30854614520226031,0.27252623655806035
0.25886330679569741,0.26460359824298785
0.17791152306154334,0.24507272615170342
0.075202335692423586,0.21741865059532101
-0.037549255216360648,0.18559706263081877
-0.1480769963401446,0.1535297656370804
-0.24524192708611683,0.12467012364476655
-0.32136377348859557,0.10196513557480021
-0.36980871481655514,0.087007374403801213
-0.39099148278458651,0.079536703041442502
-0.38668616411027801,0.080465015949760521
-0.3627466399311029,0.089239190837292856
-0.32707068019825197,0.10483927827927905
-0.28819053656338434,0.12594413056447951
-0.25384383660244447,0.15104759732106934
-0.23180887458183363,0.17932883450185266
-0.2212932134771656,0.20750418286261424
-0.22443143333652538,0.23496313998669335
-0.2361867616187569,0.25870602452747821
-0.25107441981618156,0.27661946885302224
-0.26279308657987444,0.28682342228030155
-0.2653961607982005,0.28786757987472356
-0.25433355754531867,0.2789424351903545
-0.22866489423835704,0.25979913822454592
-0.18609142429845346,0.23139019873796998
-0.1297668229581794,0.19749227302242095
-0.063653674873137708,0.15939163769666617
0.0066392866125273772,0.12041332965401524
0.07501133687454159,0.084236319894114994
0.1357478444193139,0.054462705939985194
0.18427647839644248,0.034145301012145052
0.21622679000404169,0.023992229408414719
0.23219882417090321,0.026575307614841292
0.23558795396198601,0.042003137077122811
0.22647152608453339,0.067207972407030858
0.20796888587019124,0.098622474182983255
0.18365864274518803,0.13180236424919592
0.15707047955130568,0.16199900578750306
0.13127745488927051,0.18478643559881877
0.11010767237390193,0.19637844144029765
0.09352529790148166,0.19568293424189617
0.079807493274717214,0.17954093723121312
0.071507381280099133,0.15134930166322266
0.068809662497257465,0.11394186864182819
0.071732953272867633,0.071030133178419871
0.080213635205826125,0.026657529021896553
0.094103944650297325,-0.015349852911481863
0.11162220544301306,-0.049957600423666614
0.13375191559878474,-0.077718998707487566
0.16199299465726835,-0.098434975902308583
0.19248380521766179,-0.11144099927180631
0.22287360179575197,-0.11763392404022088
0.25045707194379402,-0.1183422344027335
0.272486272956591,-0.11499004484734862
0.28656890399316232,-0.10880719684008451
0.29196979480674273,-0.1014481016954968
0.28616112425487289,-0.091580595410810761
0.27300811483899751,-0.08118182181962183
0.25230397986902886,-0.068308265868403717
0.22724356885290339,-0.052451163445917749
0.2019663267177198,-0.0334166845541915
0.18091378917945133,-0.011469207651245681
0.16804367192075778,0.012647922524604149
0.16750429251292565,0.039169348575503832
0.17728287423778882,0.06532179786859911
0.19812829567713688,0.087516678107394094
0.22440922201560576,0.10692362991218522
0.25034905328762452,0.1232910983853937
0.26941241616286377,0.13683382380049192
0.27535692855440441,0.14809673933474082
0.26331581906256007,0.15771285821297046
0.22867533612773186,0.16637549526647877
0.17548046374124374,0.17367932632935373
0.10480991221579518,0.17853214090899516
0.02480246668931612,0.17971633028346592
-0.05611674535419995,0.17515314175749999
-0.12892947693372997,0.16249782919599073
-0.18529131217943126,0.13961098237632866
-0.21870867007645176,0.1050997829057571
-0.22750051004986563,0.060182006098637109
-0.20770774639778139,0.0046927164503933472
-0.16373749372635776,-0.059723075973309302
-0.10009739589002721,-0.12671509183862081
-0.024491184483066246,-0.19006452608638821
0.054079966580503548,-0.24307195929669068
0.12648058623567773,-0.27947255816070488
0.18457729869825101,-0.29438917066319736
0.22130796485403212,-0.28598287962474239
0.23474318250640441,-0.2532311656669789
0.22277380754681991,-0.1990661311113871
0.18847891869304892,-0.12967083250857248
0.13618106761487125,-0.053139720108691071
0.071597054012203121,0.021259671847347023
0.0010324092787223182,0.084321175362089384
-0.069372747375305521,0.1281797398751702
-0.13395121305938057,0.14771183152176023
-0.18825378020117392,0.14010157654566471
-0.23212801072476402,0.1079943682321084
-0.26153019160386098,0.055312778881370324
-0.27560847280522405,-0.010427318244283756
-0.27443663964291753,-0.080019500083583023
-0.25877690510566864,-0.143922300140852
-0.22987365528591938,-0.1936720003286036
-0.1901941590312124,-0.22123534960681959
-0.13974685975322157,-0.2265467730098224
-0.082844000486069533,-0.21030556318226917
-0.020133023951943926,-0.17643029665147064
0.045811289813020448,-0.13163730911452981
0.11196585723423885,-0.084036951790711523
0.17499855800114908,-0.041810037732427814
0.2315342278149172,-0.011910494228363707
0.27821857888750945,0.0018108088172924788
0.31363583358440611,-0.0031656086827101114
0.33439861276001775,-0.027123110669882253
0.34218034312520618,-0.064304300953792359
0.33837317993517357,-0.10824102308672129
0.32535159362890476,-0.1514746340885301
0.3061170634668352,-0.18673594928316845
0.2838442984706005,-0.20803991147370085
0.26169655292160099,-0.21234159946052725
0.24087328357707297,-0.1970335215147726
0.22456880670414256,-0.16404429793828276
0.21104952281042041,-0.11672809426425734
0.19913143907995703,-0.060476885229451126
0.18703803659898086,-0.0016173859224377157
0.17282772019299453,0.053490931283294671
0.15484717888414889,0.099287004894075936
0.13007560186857456,0.13083826584137095
0.10218751411682452,0.14647453677408492
0.069845649492156853,0.14824333696090941
0.036938690940222341,0.1352855528427909
0.0062994239473174824,0.10995245311986346
-0.01927533889484451,0.075424730666005704
-0.037455168983097725,0.035188152205864666
-0.046715003752972765,-0.0074419033425398009
-0.047997037356594635,-0.048864840120555635
-0.039815632113214837,-0.08801139128359696
-0.022632085151281615,-0.12454375123609913
0.00058446260962807242,-0.15691816085051832
0.0273059896740111,-0.18481182579373118
0.054893216940361513,-0.20809092267560939
0.080889090574283173,-0.22661996713369148
0.1032375283767871,-0.24014343803376503
0.11893989929787772,-0.24961627132071251
0.12881193679902711,-0.25290860947736798
0.13412940007558863,-0.24799652910652248
0.13323673588860502,-0.23617425114683213
0.12619626147163973,-0.21781778608585384
0.11327571760923812,-0.19379613882678834
0.094951897919218986,-0.16543279941155403
0.071961999874287919,-0.13436877951188134
0.043329735251171848,-0.10370233050348569
0.014428099160742206,-0.073013456301951191
-0.015985433986113375,-0.043390939673749351
-0.042984579798576977,-0.015715153713440705
-0.063732990472376239,0.0098807959090285828
-0.075729773745327661,0.03366057002862162
-0.077098409895842213,0.056109797308559514
-0.066825475163463571,0.077699600191745932
-0.045207823736251804,0.097825253376304447
-0.012169255171090671,0.11703860582708009
0.027373620376673097,0.13620697274402779
0.073014128159559905,0.15239956381100508
0.12165319550759192,0.16361896503593445
0.16984310354875626,0.16775574877484656
0.21413611442147229,0.16297308105744637
0.25144711339984216,0.1481036510391309
0.27967411699906636,0.12163397195010435
0.29719432759055853,0.087004243375218879
0.30246244686605112,0.04518239346726885
0.29716551132695718,0.00066653357970413959
0.28303966480915543,-0.042260170275838137
0.26250114774949529,-0.079226511644914399
0.23833893349821197,-0.10631211777176726
0.21339433510455169,-0.12053568749080193
0.19232452249293355,-0.12103386052852677
0.17397581940708881,-0.10645542656846625
0.16065479631969481,-0.077892962521228709
0.15272673120947652,-0.038216170208354577
0.15043203834520946,0.0089598356889060687
0.15369188940966025,0.059455175093194285
0.16218313381890584,0.10902223257038286
0.17536799200512812,0.1538187112038176
0.19276908099586224,0.19052416859938273
0.21316874157469493,0.21692822964635869
0.23402329002481076,0.23473259473876637
0.25459932087749243,0.2419889109728755
0.27296676652117552,0.23963792080092755
0.28699806032654529,0.22939359446313526
0.29458293030613686,0.21345563038638649
0.29391532747307209,0.19420174112119759
0.28351215327491719,0.1730928206243047
0.26363018038822239,0.15307049671679784
0.23458541021303966,0.13658659981571006
0.1986104200568109,0.12372371773731494
0.15854048151785174,0.1148504321003072
0.11776988906527433,0.10990671620207845
0.079792081041138663,0.10853401585091361
0.047685245484760733,0.11020829325704636
0.023334084644112522,0.11353917876971148
0.0080053996500652255,0.119504107510401
0.0015020324634440264,0.12633801607415407
0.0015461063052708722,0.1346017737473468
0.0050049014263208154,0.14393868904379875
0.0080776238195964817,0.15382186805276377
0.0069041819429333231,0.16353069895238967
-0.0017932364170634458,0.17218102636658292
-0.01925974858316306,0.17691123504217526
-0.046749719323885129,0.18001325886545622
-0.085763860613484857,0.17927412237100193
-0.13118126766869184,0.17533545905823142
-0.17868016684306764,0.16817815554324927
-0.2232881270622353,0.15793755321282776
-0.26008598978752862,0.14490703844962907
-0.28490406921220862,0.12954399430143013
-0.29461244118085933,0.11112157931003411
-0.28806053792581798,0.092273206880426104
-0.26793732317669433,0.074820738747015947
-0.23498822074946843,0.058989618120195202
-0.19280393304062926,0.04577589008845933
-0.14583132843994262,0.036049503064735561
-0.098742133257038581,0.03046368865646305
-0.05579147790892966,0.029369016598033457
-0.021732835505060524,0.033559034838659643
0.0042667405558408627,0.041799285062051911
0.01949682281960325,0.051569662306116981
0.026780830854491552,0.063260131754546936
0.028376808648399976,0.075711427784933588
0.02694407696742307,0.087695330672335745
0.025029876817219195,0.098066319631125776
0.024631124780481715,0.10591624738453102
0.028953371400609402,0.11151902289228605
0.035678354730379204,0.11397905428786073
0.041666630382416102,0.11198502341439151
0.047805287797498791,0.1078966014020174
0.052686025399821555,0.10306288301287493
0.05497025099640921,0.098993773053148368
0.053650077332922229,0.097158430123782336
0.048210124100380093,0.098793480722678531
0.040133806174780129,0.10610094797190037
0.027707927807812109,0.1176023623553651
0.011562201428878698,0.13225963771718949
-0.0072051843419511713,0.15025046112528648
-0.02772185612955121,0.17061721785550141
-0.049142232140291467,0.1921872426255333
-0.070673501790532375,0.21368053767898343
-0.091531718064197035,0.23380051057340379
-0.10938127748662695,0.25102721995880489
-0.12554346055227433,0.26506853170243594
-0.13803060798610031,0.272958255231941
-0.14572756843126713,0.27536461580335331
-0.14692067896752228,0.27165226821575073
-0.13979632387987273,0.26125092478965795
-0.12277358709190087,0.2437275450705256
-0.094913187695224416,0.21890909691079646
-0.057792227084868697,0.18784387555076387
-0.011288648819195573,0.15032098029216592
0.044163659753011758,0.10678827743453997
0.10187360918017417,0.060177783641215461
0.15610014989423604,0.013161621647794811
0.20062827314979828,-0.031280722359923518
0.22956028639654108,-0.070204051246844021
0.23815704258585238,-0.10108956262102024
0.22506585426165437,-0.12249623411126351
0.18755801874385414,-0.13330852059596679
0.12865992198511922,-0.13461002224792706
0.052836953290862861,-0.12796737317515036
-0.032946630351918749,-0.11627777952319175
-0.12035220210407577,-0.10310445142104058
-0.20074992375541331,-0.092145577282244082
-0.26639794940195699,-0.086645465385964821
-0.3100686334001726,-0.089656478471392825
-0.33099637483610655,-0.10046330063822052
-0.32960050228652199,-0.11952244516678338
-0.30910092432041375,-0.14344486402221152
-0.27548402584645204,-0.16852866670127908
-0.23622995714176395,-0.19051455860865626
-0.19909479360463125,-0.20526142608770251
-0.17084879964499611,-0.20942248474237699
-0.15646956876625001,-0.2023674642745231
-0.15724368868163524,-0.18146399188903956
-0.17233576671521084,-0.14964936624211347
-0.19718728309150585,-0.10909672035567494
-0.22539086112102846,-0.064186868671177219
-0.24948709432808977,-0.020098151382632868
-0.26223257645885412,0.017931802250817769
-0.2578382363436475,0.045371407908984841
-0.23444447473131116,0.060963975150381954
-0.18981516154014186,0.061092800462387999
-0.1259726805306027,0.044258486953050867
-0.049637649137674225,0.015242851901067028
0.031213182239402521,-0.021417641911585579
0.1075881027556387,-0.060194940728780594
0.17074503258576376,-0.095370672216833707
0.21340436075448141,-0.12185870014714913
0.22867447990900075,-0.13782156423378214
0.21786282205249288,-0.137989218059103
0.18241315242088452,-0.12477925749582024
0.12646012173277163,-0.098663795920015632
0.056455475328396711,-0.063319857390319256
-0.020087521266090862,-0.023680505965855241
-0.095623483716329616,0.014870614066899329
-0.16351095703712304,0.047389681394318983
-0.21842901869481687,0.072099283498296182
-0.25733132275455756,0.084007447773836674
-0.2812373292951556,0.085017659610378424
-0.28934358199477361,0.076630790752415648
-0.28372269942001443,0.063103262843990399
-0.26730522659596323,0.049899198759829705
-0.24330604029862121,0.042689822464699052
-0.21472735128311279,0.046248976128919012
-0.18547798390272849,0.064247851888685786
-0.15567736798154114,0.095351959372323519
-0.12378358891604448,0.13804587639642477
-0.092540745085928314,0.18575372962135378
-0.062349436777144267,0.23076083193829222
-0.033505088683973595,0.26456318346565627
-0.0063255847386976226,0.27925674737054346
0.018813042879871372,0.26893358098103354
0.043006451264207733,0.23166466470461575
0.063254432024717894,0.16689745575938689
0.081909131179647224,0.081860686730235166
0.097642406148373967,-0.016287658145863103
0.11128369038343072,-0.11637007506562884
0.12430694472717911,-0.20602463704280047
0.13858705977578153,-0.27346055007214093
0.15598907827046227,-0.30922303895403541
0.17992097670464186,-0.30579307272122053
0.20705903368864575,-0.2652190827847743
0.23880268576677044,-0.19182693539110526
0.27082684859328199,-0.094400416983099478
0.29927275367171474,0.014679159536024724
0.31980658721885991,0.12139363610427241
0.32830841530914223,0.21202036983882377
0.32161421124537692,0.27501382560700849
0.29847491396824083,0.30336583459442784
0.25946500876597428,0.29243266463990242
0.20541598186312829,0.24536741483123412
0.14287181862870132,0.16761530873800712
0.078384981729831923,0.069063686123396403
0.019133052235253453,-0.038255827116284072
-0.028072628645761943,-0.14188884405483534
-0.057768015132844096,-0.23064921604216615
-0.064599210190731782,-0.29521658453013877
-0.051635208628376575,-0.33187038086726434
-0.018705006499711449,-0.33990560666253244
0.027534209402223557,-0.32186248799875339
0.080239969961889618,-0.28345576409748879
0.13186776932238925,-0.23220247900292401
0.17517779659465949,-0.17618522902318329
0.20414549715404676,-0.12288630230646358
0.21552838436107802,-0.076912413803208041
0.20562655438534769,-0.043977452472277238
0.17709115843939005,-0.02658379256181825
0.13066744405906586,-0.023481936174534576
0.070281099557555127,-0.032587658477614252
0.000978095688950395,-0.050813454820196072
-0.071735614271205755,-0.074740606289791719
-0.14252032772859932,-0.10119743151925134
-0.20700544680191071,-0.12792826500655213
-0.26098962048361179,-0.15235816613096884
-0.30245535853003391,-0.17548194629926545
-0.32972994723789945,-0.19537814828655067
-0.34251886246113872,-0.21189551668991335
-0.3414320527967829,-0.22505284944389056
-0.32778406046852115,-0.23483020192857096
-0.30341647308271785,-0.24104398775779046
-0.27203287102531298,-0.24359862782810915
-0.23340838425323518,-0.24223623001324007
-0.19261689597272827,-0.23399113062223209
-0.15080909787899111,-0.22088557842984041
-0.11091728075843243,-0.20337724942083205
-0.076079897082723641,-0.182313573825094
-0.049407510835968733,-0.15893111798313206
-0.033640757416232472,-0.13478907491486006
-0.028697364010374017,-0.11299734652703369
-0.037909353027907593,-0.092602007665974734
-0.063110003822284766,-0.078073615084690892
-0.09990421287111384,-0.06837268041755519
-0.14442922123407331,-0.064106791125897955
-0.19168965866299356,-0.065596604403841269
-0.23615582961665801,-0.072830538360758201
-0.27249170230668573,-0.085414625518994342
-0.29835692405313241,-0.10442402629922272
-0.30784759348584456,-0.12627155019106598
-0.30014362945340672,-0.14700345012901822
-0.27678273197260717,-0.16664555088050623
-0.24113497145879154,-0.18321526987637851
-0.19817340269470282,-0.19478844551877889
-0.15366583183096227,-0.19970441127869168
-0.11320748157176815,-0.19677825293361467
-0.082724086669274943,-0.1873820889111085
-0.061977457099668218,-0.16909865829869511
-0.053383714218675556,-0.14223814134724308
-0.052806171203476172,-0.10943262993502981
-0.055758399671532552,-0.073220383827223137
-0.056781950661614143,-0.036584524737224157
-0.050500670279192986,-0.0025948251050190081
-0.032706428441830256,0.025986895493829307
0.0001806679624230591,0.047892873835852307
0.044807932340556869,0.060484216817269121
0.1000218192017575,0.065059325008696406
0.15804560732654069,0.061786033490387554
0.21107491689637803,0.052753174099508783
0.25099277181872581,0.040874467460599771
0.27065633279608553,0.029466792652107138
0.26508238367521497,0.02175332647818453
0.23439533357632533,0.018474089031600145
0.17629891855841076,0.023586066182763835
0.099022040854084628,0.039731210307853773
0.0079325035000238076,0.063911532694264972
-0.087326842211002301,0.093777784020282862
-0.17608925023011571,0.12611704288233905
-0.24803671290055665,0.15738282933234202
-0.29454821585355551,0.1842880452745152
-0.30953294987579122,0.20571827568062653
-0.29131323005464954,0.21807634079530214
-0.24102138680778176,0.22297292687788686
-0.16416948801802492,0.22104028562341002
-0.068759996887033048,0.21504868611183253
0.035507607727431972,0.20860908984841103
0.13849326486131205,0.20549694565544127
0.23085567485561218,0.20889391801837326
0.3030453780692296,0.21932533818179389
0.35264129484912576,0.23867890461128982
0.38002856674338742,0.26581411316417991
0.38366647195763165,0.29594070995728244
0.36626007102929031,0.32354520059673358
0.33201720610844115,0.34239466366335253
0.28585256795622754,0.34656669272324109
0.23262468149114268,0.33153271626504832
0.17681892098670982,0.29646744196218655
0.12083268387548236,0.23963642329414228
0.067909223088925122,0.16718289945893017
0.017930722758836545,0.084377802059027424
-0.029023101122182995,0.00017969289872685461
-0.07316118919108594,-0.075279867517511284
-0.11462384512297799,-0.13215493922614222
-0.15324105393317047,-0.162422914889197
-0.19050371652794551,-0.16206544286596741
-0.22224089324543947,-0.1290517910452128
-0.24823282770791585,-0.067751159651756737
-0.26711886620420311,0.014152763975392564
-0.27842408287858628,0.10538242067931848
-0.28242775372182272,0.1928619892066977
-0.28013538999396559,0.26359702778374627
-0.27305567531790631,0.30662480176410567
-0.26488118388988663,0.31608182145359442
-0.25325937233603163,0.28767448215331565
-0.24120111083256476,0.22441077614125404
-0.22649939584943754,0.13469717150721677
-0.20771730901125576,0.030715701869720842
-0.18300279440104519,-0.073065749258812748
-0.15052665657967412,-0.16204152007748773
-0.1090007543890615,-0.22367357294793011
-0.057295510958022766,-0.25130488042154187
0.0013754220278583418,-0.23829218529144114
0.067263029177627262,-0.18941901900235905
0.13371980393389962,-0.11097879496522881
0.19529828249515235,-0.015102799912516077
0.24638991045304887,0.083424009153438533
0.28200423521904711,0.16942385696771867
0.29851199876470014,0.22966395993671518
0.29393847204942625,0.25300435887409389
0.2700234621139776,0.23919314225931224
0.22679946532428641,0.18744117543681257
0.17160298475392788,0.10789425380121995
0.11100960609495052,0.012888890238245495
0.052064944964824909,-0.083138248520484265
0.0014278664813577476,-0.16592597692975658
-0.035396578312331221,-0.22358776975556169
-0.05609985292436389,-0.25028555899358979
-0.05618367295621584,-0.23994427581990821
-0.038284474233726933,-0.19849343437603006
-0.0027943588479138791,-0.13141074555531682
0.046754978887245835,-0.049862994651265508
0.10564739944098718,0.032989153550056549
0.16856015544161776,0.1040662968382155
0.23014909902540737,0.15239153095259408
0.28409913820448474,0.17047236050283807
0.32824532351794189,0.15602840348848715
0.36150246954721243,0.11275640106558744
0.3806423814606828,0.046908103140925111
0.38498174102238092,-0.031079173993293845
0.37478645022978463,-0.10904347029126649
0.35109816327293875,-0.17495602446521399
0.3155568817053831,-0.21869443087494816
0.2699557895381649,-0.23264851123993435
0.21648712129015615,-0.21483800820405891
0.16058627242639453,-0.16948114044941134
0.10272811180730058,-0.1000944560482185
0.045629322081375726,-0.014989164077368757
-0.0078620768625359792,0.075976210033111433
-0.054898614323479179,0.16289494684750608
-0.092839587433554194,0.23721817618004964
-0.11921345404304957,0.29095918775887913
-0.13312103902544198,0.32362706384178558
-0.13359496549463679,0.33696714678433831
-0.12155276550049633,0.33261201578091359
-0.09862618902490991,0.31548574175884653
-0.067290312997612414,0.29145134653882054
-0.030580712758632583,0.2662791791258195
0.0082690077110438992,0.24475676657104933
0.047681766876880416,0.22817754955694924
0.083556617857723961,0.22126373253200327
0.11164295532360803,0.22135027761137718
0.13346516056285096,0.22829146724244853
0.14944776126519058,0.23946287843221975
0.16076487770038905,0.25167715506525057
0.1690293129503524,0.26175001501107148
0.1759293425241106,0.26697578680168377
0.18492943010684709,0.26517592188018652
0.19358687490085824,0.2553466740498273
0.20279990052204344,0.23921788759825818
0.21143931093710286,0.21587413861133276
0.21826608380751375,0.18628904978498226
0.2219029946084411,0.15176424843707145
0.22112097311039863,0.11375477612925906
0.21509189839132745,0.073758033085740707
0.20326838935008099,0.031378787755189493
0.18717577474077401,-0.0086404244064508095
0.16491869074613588,-0.046165503341965772
0.14034071145969848,-0.078397656462386528
0.11531802796714205,-0.10348440435705315
0.091516934977153644,-0.11981458078276662
0.070162279456173329,-0.12613653489675225
0.051908815346571942,-0.12167363358119296
0.037709860407868466,-0.10649074696414504
0.026466627256255894,-0.081041037348577497
0.014793606231849743,-0.044579593500548645
0.0041876853392828709,-0.00033003065254051157
-0.0058516295310496015,0.04938197913091151
-0.015684858136626446,0.10194359079730428
-0.025512730508366166,0.15462953330573731
-0.035421020962980665,0.20476367352629687
-0.043420004053893527,0.24904253897401296
-0.05315211039842762,0.28716213101848842
-0.063376833745965366,0.31454981277696215
-0.075851109776447906,0.33210549569676223
-0.091389470666406472,0.33915543327294695
-0.11058766393351445,0.33535868874155883
-0.1336597032438854,0.32077482899446175
-0.16029836493714689,0.29597927028244281
-0.19046942621384652,0.26355042515215321
-0.22117631374008748,0.22399234991107045
-0.25091976056999515,0.17771659354505775
-0.2768687180009351,0.13030592657661724
-0.29648099249859294,0.085961034379518075
-0.30751641121453943,0.048994548305238937
-0.30832194479444758,0.023329129653101421
-0.29805408743768563,0.011960251458515717
-0.2788612741737751,0.017820558588270204
-0.24811089241847326,0.039241630542499795
-0.21010135993091691,0.071762589613285729
-0.16554367084751309,0.11360002346224762
-0.11732266864706438,0.15971441537255354
-0.068800047520882798,0.20429925422722711
-0.023516672812426632,0.2415372986792001
0.015138756438735601,0.26641099220138154
0.046308804015677114,0.2762527035428089
0.065132830350276755,0.26848819635132881
0.068775316797613326,0.24382255799653876
0.058655903065257177,0.20567370336120555
0.035903008930240905,0.15905444992185799
0.0026785919926150975,0.1101222587928241
-0.038073222206220628,0.065268975966650655
-0.0829531137364274,0.030161748847745327
-0.13052016037150327,0.0080736420985740368
-0.17423647858442118,0.0018840815712078257
-0.21216542843538883,0.011966486614660779
-0.241812097744624,0.034462410288155179
-0.26198517738414184,0.064379329815740266
-0.27246946502560199,0.095553401385527634
-0.27383226298270019,0.12159700613405608
-0.26710938421491548,0.13686860110210269
-0.25490217195531312,0.13758421185757486
-0.23591143045048135,0.12206866872856051
-0.21038971540386872,0.088296512935632787
-0.17837393952836447,0.041273108521040922
-0.13926828781500492,-0.01415503700963628
-0.092436483774157474,-0.072180284845311901
-0.037610677120503477,-0.12691659664307192
0.024669935965121442,-0.17324811733400408
0.093567242834325881,-0.20941128342933402
0.16411464289943797,-0.23004938947687315
0.23400643943912813,-0.23832688599362495
0.29590261871459062,-0.23389192593511623
0.34357368769793545,-0.21990776824042538
0.37123228310618339,-0.20057099584967458
0.37438257103490674,-0.18037603886241838
0.35059022840790344,-0.16334877649133731
0.30151356577710675,-0.15426950600239703
0.22725865107839002,-0.15137180485246401
0.13674457303860443,-0.15484137844355728
0.03555556234056554,-0.16200059804520409
-0.066973276311570393,-0.16937594745426179
-0.16080347550719032,-0.17308195796689846
-0.23635131168513424,-0.1695459479847724
-0.28565341435332464,-0.15618094559311718
-0.30307940025140395,-0.12999880796647809
-0.2869740007711985,-0.093980860393847565
-0.23927449728846192,-0.052772477362845661
-0.16466445280945863,-0.0081006460875052474
-0.070893913820232052,0.035640469577700493
0.032491901682375202,0.0739394163324434
0.13534182522957416,0.10284324719688863
0.22812748894075463,0.11954535215069978
0.30215626106337229,0.1208963261023564
0.35321507903253768,0.1104009382997248
0.3800043867466768,0.08943667835250238
0.38214900771302168,0.061866423331177568
0.36264006476889715,0.031892717691922812
0.32625749950720512,0.0037405956635976063
0.2787009168850213,-0.018865742572174521
0.22569760013733031,-0.033081892577293388
0.17428355450640204,-0.035779782831123076
0.12427344137557411,-0.028092948871397135
0.081007037997171294,-0.011107805608919276
0.042566887779397503,0.015121010241531738
0.0081913630961337643,0.049382722099296859
-0.023260763725453073,0.090295200769799563
-0.052822558036093946,0.1363545490502254
-0.081063967512346249,0.18585652459884933
-0.10998554163920633,0.23645523822965314
-0.13546924823427514,0.28548351515828663
-0.15810341189657659,0.33142449565582494
-0.17565402576078609,0.36872814070069415
-0.18728101684985854,0.39282070690837567
-0.19292047592050632,0.39924749788697256
-0.19333361255942591,0.38433574480145571
-0.18992276154147919,0.34592829558203364
-0.18288690706572255,0.28541242672368666
-0.17527316161035755,0.20292640296778891
-0.17039992591695971,0.10607207907651306
-0.16573999768240352,0.0011832335867400423
-0.15969496578369294,-0.10203324008017395
-0.14979454173930756,-0.19290471450022728
-0.13322270767004832,-0.26115385906293231
-0.10753240510898252,-0.29837556108233271
-0.069358493536338536,-0.30074963709682051
-0.023059691710532786,-0.26549954775339329
0.031895184090410846,-0.19550078705045459
0.08810559906226606,-0.099808497920498992
0.13880645235273187,0.0096805196411982233
0.17673631590491548,0.11891656184776143
0.19527055722424613,0.21359688693871196
0.18958510140745452,0.2811848181556475
0.15735735253044925,0.31083954028487243
0.10113296878429284,0.30176574178381177
0.023031352752195724,0.25404663269637151
-0.066347831194539714,0.17567844203006894
-0.1563401749870317,0.077953735951574954
-0.23554995256482925,-0.025435833517216386
-0.29340904180097982,-0.12045480365978281
-0.32167413248255267,-0.19480127680451215
-0.3141665497539215,-0.23778491058011586
-0.27222931352974555,-0.24835466576412712
-0.20155530277245853,-0.22685201807018163
-0.10840536966620974,-0.17958338936981291
-0.0033299282343207401,-0.11607483397436995
0.10168394646299737,-0.047703257219531982
0.19476843359266721,0.014149434431686196
0.26566983418461754,0.059844456695802718
0.30902223912678961,0.081508782155356174
0.3175335473568805,0.079289017028849773
0.29285022384311671,0.051823062775891778
0.23744549961217018,0.0065045890513925472
0.15780126760481572,-0.048823238798498467
0.062534843114228592,-0.10534196063356338
-0.038788763820853688,-0.154633075041259
-0.13685587112784647,-0.18983172689579361
-0.2239377409566489,-0.20449907084620866
-0.29408711059790199,-0.19903771373254389
-0.34179922615620056,-0.17627520381334366
-0.36767794408394389,-0.13670582159669448
-0.37296898188726479,-0.083933889758856309
-0.36046806892392746,-0.022093715496837977
-0.33387508314638531,0.044706820686902474
-0.29718012348265094,0.11272014180797656
-0.25505530840325158,0.17837281826916021
-0.20951469597916836,0.23847597244533944
-0.16297833478055904,0.29269555305888523
-0.11780756561392657,0.33582934827937749
-0.075719008986177824,0.36445313391717626
-0.038262987942980213,0.37522214148999489
-0.0069609557758636828,0.36528341787757873
0.016652469934747491,0.33285148015874388
0.029046388540337906,0.27919236289814958
0.032458561065611097,0.20497749370834809
0.024513591066696039,0.11252662563169437
0.0062912674718087229,0.011078885433158811
-0.021404575503823974,-0.09004950105103067
-0.057133211911062382,-0.18054488367816615
-0.098849893149231524,-0.25038829474333124
-0.14400733771359364,-0.29128314498677182
-0.19001087308876222,-0.29934554269298358
-0.23406380477366309,-0.27174930917667772
-0.27046879201865942,-0.21026135629307569
-0.29898988461884146,-0.12411695131558105
-0.31777610111913707,-0.024787405879833625
-0.32552670752707846,0.07413217237286214
-0.32158305338816273,0.15879028536995771
-0.30599568875805561,0.2170721918049722
-0.27867713201259381,0.24013791947599786
-0.24183436369031736,0.22480604842933605
-0.20030213558439841,0.17246460512730286
-0.15443646367157965,0.090562183251201883
-0.10697277923137385,-0.0094768860604125676
-0.060752918548410056,-0.11367346934696761
-0.018454045199014266,-0.20758720056372224
0.017703145408670427,-0.27848479203692605
0.045343680961178481,-0.31696991984027179
0.06477999878989521,-0.31972946541391606
0.078312293491398649,-0.28616733264813937
0.085707730407685812,-0.22439186016545265
0.08896856108973529,-0.14514125531289446
0.090585341955438839,-0.061374854404018006
0.093169811470233385,0.013792154453514515
0.099055810343403217,0.0691224627624549
0.10905169242987518,0.097208999080252351
0.12461028089714075,0.095036525525958523
0.14809476209551706,0.062701001439082735
0.17583060387848637,0.008153927986745288
0.2053443060147481,-0.058715578627942369
0.2336531611280869,-0.12638014684148727
0.25766735086778708,-0.18350797738616825
0.27458870810942082,-0.22068124706140241
0.28254288940083133,-0.23146581916029377
0.27986937975890092,-0.21351672333104946
0.26589181047122634,-0.17139567744430725
0.24155799993908122,-0.10854170300244681
0.20835915951358641,-0.032956592991234344
0.16840749958574489,0.045997238252811365
0.12418069980172342,0.11902012513629222
0.078267442759296604,0.17818759978160614
0.033441260251244651,0.21876960464814169
-0.0090340228506865499,0.23627930348592383
-0.045254955197003004,0.23390201403152411
-0.075535258792737661,0.21244050313868806
-0.099022037330770626,0.17668630989226458
-0.11509436599752665,0.13263517434170602
-0.12332319672153769,0.086508232560950638
-0.12347401402590472,0.043842620293706273
-0.11760563570228533,0.010682985361925959
-0.10352449498088966,-0.013117245599881767
-0.07949408501640727,-0.028595501436773644
-0.048912058611104557,-0.035485391234010941
-0.013670799560036979,-0.035940182434492755
0.023889406514664702,-0.032608696981660183
0.061161157573311635,-0.02807062879457365
0.095514620126460351,-0.024378652817447884
0.12428175862154013,-0.020881554811378301
0.14616619688280302,-0.021520994150667411
0.15960120954111473,-0.022948042536688029
0.16470300699079241,-0.026619287613316348
0.16211103094770304,-0.031626370405291607
0.15314509195872422,-0.036848837142227781
0.13956960198906029,-0.041213402355851816
0.12329500079348037,-0.043909091767863888
0.10753360662798327,-0.045879819699074301
0.091607723735275343,-0.044966341828580433
0.075277029217726069,-0.042230116464926616
0.059498672868706567,-0.037989959152792414
0.043880297790632523,-0.033133616608969754
0.027761625576703416,-0.028704614519431543
0.010484337433195051,-0.025743137930753338
-0.0083230008247950835,-0.025133386699741678
-0.02997092021094995,-0.027207500465455871
-0.050663957363740998,-0.033078364946927778
-0.071967441227176771,-0.040692764813161302
-0.089282368813032531,-0.051158018592837445
-0.10001108419083761,-0.063866379725574463
-0.10190726896409749,-0.077947588180065183
-0.093438620364552902,-0.092424952889693046
-0.074046940013258497,-0.1064054516110004
-0.046319514036976664,-0.11899903996762624
-0.0085504692715284436,-0.12998229959835611
0.036025416575196104,-0.1414710758766147
0.084863274123328641,-0.15268452084911185
0.1346496205018356,-0.16458025310825705
0.18190639289648028,-0.17829805797592629
0.22330273331446945,-0.19487193188392959
0.25593176137072116,-0.21490475534085221
0.27723203579041172,-0.23908132190076786
0.2858759109007587,-0.26498147930003446
0.2823623932877885,-0.29105916130568721
0.26585267825304959,-0.31399037936941837
0.23716238783972271,-0.33024354783980131
0.19779918549792297,-0.33627753829718182
0.14985225201695107,-0.32907671740175609
0.095865304506410801,-0.30666935529933043
0.038407997918907512,-0.26881447274499781
-0.018726992723393739,-0.216368477241806
-0.07371868057976072,-0.15190954911060328
-0.12253874487779906,-0.080119817656272185
-0.16237013516069107,-0.0064632744047270875
-0.19090029911923401,0.063155300420945526
-0.20646505656031172,0.12308039574292974
-0.20815227447063409,0.16857627329368707
-0.19380278467855877,0.19827900702067167
-0.16702036204577461,0.20772973801797318
-0.13009382565641453,0.19818829724233597
-0.084252362523376589,0.17156943433811309
-0.031942185856994453,0.13174330859089547
0.024220987988040465,0.083758470105237945
0.08159912810067653,0.033196028022218431
0.13764696069324939,-0.014523348049973052
0.19204597070944329,-0.053968549000963546
0.23935560763367339,-0.0831783792373854
0.27846315533668325,-0.099917128628292912
0.3072742407986907,-0.10450285963617835
0.32455965917858964,-0.098362332254784454
0.32975858106154993,-0.083916362500352379
0.32304151909549189,-0.064093113105207156
0.30532879322314693,-0.041824465098946717
0.27796171527854291,-0.02096160041440066
0.24355279911262592,-0.0014231264950651838
0.20516800336074176,0.01678364987639799
0.16545570612304114,0.032771806880933251
0.12734482814826328,0.047008478569982075
0.09348708808371313,0.060207532467760984
0.066002585336305306,0.073010104840575671
0.046264730248803475,0.085706983539586765
0.033285107334374682,0.098870411029774688
0.029554567507909753,0.10978316292300418
0.030605633813898848,0.11987321505191512
0.036811880915366628,0.12523849275712834
0.045713583475562959,0.12402704110002778
0.054311621251921294,0.11488578709775939
0.059410180604999384,0.09721441692396017
0.05802066064886803,0.071283528641601854
0.048650174532235177,0.040098738226926278
0.02861973977511487,0.0018632880878335486
-0.0025201750580074057,-0.038279286428365283
-0.043422427299596909,-0.080375275098842569
-0.091777255029936305,-0.1224308566668678
-0.14428142516800613,-0.162441510690471
-0.19704406691615042,-0.19850301893792055
-0.24607617284087954,-0.22889439313705526
-0.28749590057826313,-0.25023814916641263
-0.31949146159765296,-0.26382691718658702
-0.3383710602946941,-0.27027156805708569
-0.34550062867780573,-0.26756246986318921
-0.34185335672009382,-0.25529113665511116
-0.32919216054522576,-0.23336352632703983
-0.30969181897237691,-0.20209101399948906
-0.28553592332890243,-0.16228918476451121
-0.25885162894456015,-0.1161741107521896
-0.22992328092804118,-0.064605654573982763
-0.20132933200807057,-0.0099986581833447358
-0.17117176869634418,0.044258205972881173
-0.13864585935961876,0.094683113993870763
-0.10290807077710948,0.13771142087300767
-0.063425430731997523,0.17004437036206815
-0.020273883668264579,0.18902313589227449
0.027723691184776182,0.19324545756977884
0.076330138212531692,0.18177317894498468
0.12063346977082474,0.15597182478015856
0.15991981725841717,0.11777552451880346
0.19138362209016491,0.070535255004893466
0.21254612072086418,0.018373602623958669
0.22159638750969993,-0.034314783143950131
0.21765345432382566,-0.083418969584935304
0.20002719180636616,-0.12645297331105626
0.17144516732084145,-0.15981342013743438
0.13353856983703938,-0.18415667149445869
0.089597247473918715,-0.19933232034884593
0.042883186988234671,-0.20736721519147513
-0.0034184295498892675,-0.21124410495723192
-0.04647988154027153,-0.21431966945598638
-0.084013352742772385,-0.21966327656021412
-0.11581012246755895,-0.23024202863837162
-0.13840138366626015,-0.245460372694388
-0.15186329596203055,-0.26495603331524881
-0.1555318445856812,-0.28587546157291183
-0.14949949859591513,-0.30448387417112943
-0.13430875338947848,-0.31649910216393118
-0.11096735913704818,-0.31782793319296171
-0.080982525824866744,-0.30531211403791941
-0.0472717668199754,-0.27817000953094562
-0.011713549227316001,-0.23614172186770543
0.025326559771200588,-0.17921778772027336
0.058184988234301349,-0.11384826636422528
0.083216918396325903,-0.045901620092700282
0.097121421139991712,0.018221052706923421
0.097351040043294146,0.07245917057840584
0.082497528300999726,0.11192429340914474
0.051713530984556354,0.13491962135457491
0.007319914307190283,0.13825534128094072
-0.044810585455179325,0.12479590272488393
-0.1024450803516652,0.09705576102884847
-0.16034279338969787,0.060071723144971528
-0.21283362989718074,0.019881866904242321
-0.25444531728874786,-0.017319505558312347
-0.28055009711894308,-0.046038410179856368
-0.28647065821555456,-0.061951643980704234
-0.2730108083606862,-0.062936061330164272
-0.24094197900312567,-0.050883344560118615
-0.19261363342553683,-0.026380841778745535
-0.13215755154749531,0.0069298979591886703
-0.064667047090239682,0.044321605641221694
0.0044257610432038167,0.080744746562132985
0.069974497477112124,0.111618098569724
0.12618842443773795,0.13216613693718915
0.17271695634619155,0.14244701394487791
0.20554859071718851,0.14339655496221926
0.22615750172346591,0.13597324101804517
0.23551993871118523,0.12319949087492042
0.23523896261645547,0.10875534192680998
0.22721647885182966,0.096293087228343385
0.21340132036398779,0.088778794805031577
0.1953527324124246,0.086617001166015312
0.17495534089518636,0.091534361138026765
0.15499395900362567,0.10459349248778989
0.13606616297192417,0.12107051962914134
0.11967395397828837,0.13722612859932429
0.10731858380291473,0.14902932154868612
0.10036635262610043,0.15281178552670036
0.099815257644531891,0.14585278781115862
0.10571392501365103,0.1270778830960082
0.11783581805239715,0.0956766393821427
0.13484339030912668,0.056100425858874224
0.15362278434985524,0.0092182938298682841
0.17044223863746613,-0.041196294976526597
0.1810912497292177,-0.090840826140218267
0.18148891566277228,-0.13542553363568546
0.16838078329827408,-0.1711980056707138
0.13971351432932286,-0.19347977800673422
0.09628856938581172,-0.20341888751765844
0.040150978249186134,-0.20160621165777412
-0.023673193835187529,-0.18832159799201231
-0.088790826549860397,-0.16552304893334666
-0.14792625628243902,-0.13568053214395839
-0.19389886759302036,-0.10140188849221672
-0.22065419125663602,-0.065100576995996196
-0.22213092961381647,-0.029024988503555685
-0.20090567486525632,0.0057377073971040249
-0.15547480265195715,0.038653182910807486
-0.092929213750000836,0.069032215565185462
-0.020265473754683624,0.096745743217006644
0.054526138851539598,0.1217806233163979
0.12353711045459563,0.14409351960559219
0.17995923603460534,0.16352368953463059
0.22036340562340143,0.17788241097112681
0.2402718160586387,0.19001649019297825
0.23878775656066456,0.19811186281529805
0.21917069827994626,0.2030381886760059
0.18567028690236628,0.20483089025899567
0.1436757730621169,0.20350501638125207
0.09890625771135389,0.19905121381011573
0.056649315698798254,0.19142662235523464
0.021447982651782636,0.17864867747725274
-0.0038350826349857117,0.1638019838861573
-0.019876251938596563,0.14525471570290227
-0.025141645474946319,0.12392475171148436
-0.020772667002798204,0.099729332660265013
-0.0087697434349427207,0.072437710636134758
0.008397122551142085,0.041782564736829668
0.028147756522984207,0.0076261879134636133
0.047775320280458229,-0.031747067829703608
0.065950792403101838,-0.072450665324104033
0.079731513574239979,-0.11468189950933781
0.088864728249259797,-0.15547399749425764
0.092453910095912362,-0.19240043696775175
0.089750519696795317,-0.22300544339560227
0.080123116784691167,-0.24507086790173785
0.063102505388843017,-0.25686669354021729
0.040550375433397422,-0.25761834829171598
0.009804865472570699,-0.24710854283193129
-0.029145973860772254,-0.22409820657390744
-0.073929446218290701,-0.19145936420891879
-0.12221333341005727,-0.15124712516919542
-0.17095609013519533,-0.10581222430712318
-0.2166898634402438,-0.057559974107775871
-0.25592447092124737,-0.0087438005027678581
-0.2841441385398833,0.037329056251137652
-0.30195597958788362,0.081103097505333954
-0.30614534053132181,0.12153098290263914
-0.29900425415173426,0.15759656442371908
-0.28248301473049897,0.18874584742086076
-0.25934470989487574,0.21455757767489134
-0.23273209185092791,0.234728649862808
-0.20568427045877585,0.24911018685526332
-0.18156394157823624,0.25697142457624944
-0.16009296287352315,0.26043134378786431
-0.14393809785614542,0.25828601824133507
-0.13073677670059369,0.253403829726701
-0.11889395839793272,0.24750707850776482
-0.10651905592165882,0.24233903678211105
-0.091872010721394642,0.23944136966373961
-0.073771796789862135,0.23992591629319224
-0.053364189410518785,0.24508986957561588
-0.028951080504115424,0.25384882411252957
-0.002849312194314133,0.26343688923816755
0.022990360434662446,0.27362587374459896
0.045738773846499173,0.28235709222766697
0.06237765548673288,0.28737097307949799
0.070142270243674198,0.28654616821406514
0.066942432878610236,0.27825164494681931
0.050230271760612726,0.25975759945340876
0.022512584932835231,0.23409312933934576
-0.015509754670534424,0.20252695573811882
-0.060898792826861774,0.16711075592402419
-0.11033772080902257,0.13072930985995049
-0.16022917204440795,0.096467615629945491
-0.20708943655888518,0.067226714492927497
-0.24788761347832733,0.045377864611761146
-0.28116749815750297,0.030609736816203742
-0.30394273485798456,0.025901770866321276
-0.31607700959390062,0.033240848662464684
-0.31718697734966556,0.049459796099101276
-0.30785707335263524,0.072557570331050508
-0.28917898438807138,0.1000656887617509
-0.26257159878447756,0.1293169204091241
-0.22961617745655372,0.15768290677428862
-0.1928066559108173,0.18140295225039027
-0.15301771565558492,0.20061016010119884
-0.10905532731543303,0.21303384774149428
-0.064611206506586236,0.21788450028173939
-0.021200294004160698,0.2144098132977188
0.019828930270642919,0.20217204866866048
0.057334484045351679,0.18110637163021065
0.090420951161651761,0.15162603193793944
0.11701208157100547,0.11393637484557147
0.13861241986737941,0.071662786475498549
0.15701785269454477,0.024544704622390841
0.17100758397102203,-0.021949405512601342
0.18105161958919697,-0.063916985307105004
0.18779813108832813,-0.097492764501106929
0.19200391894276708,-0.11926008398442357
0.19444850950389034,-0.12665373290760684
0.19496388426619402,-0.11965178005520437
0.19538634649204523,-0.095548891781357365
0.19631860831996462,-0.058692219276003862
0.1976154266022048,-0.009608353689816114
0.19913143907995698,0.047981984639462585
0.20047213280719647,0.10942984295325804
0.20107791857717242,0.16967978121793562
0.20033411596917661,0.22387319331650757
0.19974319517181946,0.26713148719381652
0.19582787649380856,0.29857212126151383
0.18843021636449328,0.31427601629927254
0.17789865607236768,0.31704921761259508
0.16476834364629139,0.30915650779388454
0.15001182745485969,0.29378505645786884
0.13491718094868704,0.2745083372834578
0.12090451841261202,0.25473375942313181
0.10843014905428396,0.23586580333733476
0.099221462655811526,0.22186945358793028
0.096513981097718124,0.21275066389714781
0.097991000560647176,0.20845515597490158
0.10285170609176643,0.20763213147775708
0.10990585963674246,0.20824591287918923
0.11779127880042796,0.20801787574480557
0.12522628131796856,0.20489251348282855
0.13272238906227846,0.19934472737690825
0.13707383336814286,0.18837865431548359
0.14074514690596207,0.17102678262242144
0.14269220098238861,0.15024991137028476
0.14401488991075512,0.12851025434340405
0.14627054583626575,0.108728557563045
0.15111173835401734,0.093796096168166782
0.15983943934468506,0.086073675611568423
0.1720747566139145,0.086146118708604447
0.18882715805309583,0.095689339746426613
0.20675030979276607,0.11222868686211065
0.22371048366658991,0.13433138092418789
0.23564572714065299,0.15872100001071204
0.23799996996295081,0.18155778172230774
0.2264800928267785,0.19903534391063202
0.19789919482462376,0.2080152520631568
0.15183877646604893,0.2079497002023491
0.088575617872578991,0.19619792277032683
0.010096612366485368,0.17564915472374365
-0.075625395512065582,0.14843143460194763
-0.16022217718148693,0.11889312248479394
-0.23450064856117087,0.092152539530024918
-0.28971250441696716,0.07326635783351701
-0.31886796030388903,0.066331348402633244
-0.3187652712311464,0.074482143737163539
-0.28716148553681548,0.097050551264472804
-0.22981821232371838,0.12896014205703457
-0.15220706522274427,0.16734631235306829
-0.06422579974773357,0.20564406247343195
0.022559400748382027,0.23640095148735502
0.096523680953819233,0.25242371659658919
0.14767227643812803,0.24797613994241346
0.1706113160589873,0.2206420924194975
0.16069914180161796,0.16978654249421773
0.11901227774319284,0.096430525258938873
0.052915186210297047,0.0093965346015745244
-0.027496826230404111,-0.082013487582945563
-0.11000067007111325,-0.16737229415928084
-0.18207415519845016,-0.23659245842957266
-0.23278860461449746,-0.28138466749685376
-0.25652377602723087,-0.29729701366357203
-0.24653902325977065,-0.28117824658794044
-0.20606810463207445,-0.23767496947260991
-0.14020460739008025,-0.17151304243607102
-0.058810204087129447,-0.091767879410990655
0.02588908685882851,-0.009248588246274142
0.10120876025012374,0.065021115624534304
0.15599363559980006,0.12134896131453689
0.181489886888793,0.15406639783421583
0.17619771831996425,0.15791283337339648
0.1396211975291182,0.13257650259023188
0.07997053680597889,0.083230837713390279
0.0075266027230496768,0.017339590752688924
-0.065571057086980356,-0.055725085710514446
-0.12728272802601567,-0.12612259465274545
-0.16759064072536572,-0.18500298653146904
-0.17919765752722072,-0.22657362643057496
-0.16135105824096016,-0.24562147475160323
-0.11810194136915562,-0.24410797875893678
-0.055795945688865825,-0.22359237907682586
0.015285166596564134,-0.18968883596565736
0.083469339021744679,-0.14967584348098711
0.1375578545936276,-0.11122643477332907
0.16858793552975726,-0.081114214862494011
0.17209812801571173,-0.064918122739778455
0.14511262161926361,-0.063118183185847443
0.094202568005656864,-0.075971385381278081
0.024407858041309381,-0.098684529784326458
-0.054243274104684748,-0.12533809736199492
-0.13029318200176773,-0.1491507758029888
-0.19254805657801907,-0.16368510735140479
-0.23169575600235934,-0.1639808991157343
-0.23954949800602565,-0.14661931872504128
-0.21684817988778707,-0.11264174483464282
-0.16641719754278572,-0.066833483834670235
-0.093105571902838496,-0.013143500687562841
-0.0052720695816397423,0.041574282894056257
0.087369429195939874,0.089965094133070508
0.1751232888455467,0.12529954000586144
0.24956789930503787,0.14249733947069024
0.30421934792836475,0.13970314782289336
0.33562689976380961,0.11515698315821715
0.34518711169846017,0.074511548030833555
0.33316725152575122,0.020719694629117855
0.30323108746509592,-0.039620143663791803
0.26019905287146278,-0.09906602900199836
0.20924501463775624,-0.15033901145307493
0.15519807470370348,-0.18727918414332009
0.10175402613502917,-0.20371685428807185
0.052565611987494709,-0.20041686462525005
0.0081842275475387076,-0.17872236307934003
-0.029436523873436357,-0.14066918253249897
-0.059932164289508018,-0.090713552827845503
-0.083386319446837665,-0.034222060451619518
-0.1001189447714544,0.02327253063818658
-0.11057139530293883,0.076744914187293664
-0.11500798966356719,0.12245772727937829
-0.11493501763871779,0.15683788236812637
-0.11016923034599631,0.1804571059832813
-0.10325905798283952,0.1915982617996845
-0.096227995657466064,0.19094182905179796
-0.091321081517252406,0.179909068111265
-0.090763649827876505,0.16034484746999017
-0.096439751739431673,0.13424530170124607
-0.11159776893148249,0.10546536165768934
-0.13294910764814771,0.072615101335544732
-0.16108443549341869,0.038841958008653407
-0.19260979901039485,0.0046304337616477819
-0.2242213967796951,-0.028555947809643142
-0.25221987200029106,-0.05905359331165104
-0.27298283180792943,-0.085089347286671127
-0.28344411955498888,-0.10499593655031203
-0.28121249849290153,-0.11561936039675276
-0.26638516646524873,-0.11965425214321426
-0.23741067245840131,-0.11611310071140235
-0.19783421164837678,-0.10768401669232915
-0.1506822737334492,-0.097051840196717004
-0.099534348044980125,-0.087386301921312484
-0.048102210670005273,-0.081888498995153602
0.00015101787950100686,-0.083275636812492865
0.041422213216242898,-0.092478128241185689
0.075558087124335052,-0.11088293294044432
0.098154637101393299,-0.13831816369403141
0.11100858885145209,-0.17128108641550494
0.11433375088712312,-0.20587151290821229
0.10866047522950326,-0.23751232093128341
0.094760671236275726,-0.26162447380018172
0.073668651932628587,-0.27433998892611861
0.048247599895773575,-0.27449270432785711
0.018398143064847473,-0.25970880706205585
-0.014337676808050932,-0.22965498247459068
-0.045963841658165708,-0.18898251824691395
-0.07281086479661486,-0.14255395331469176
-0.090978915218496492,-0.096146819771662645
-0.096824891137822763,-0.055658739383333253
-0.087549331915195566,-0.026288041888492653
-0.061490853403012094,-0.012084838182262934
-0.019934366836964323,-0.014205997682537842
0.035697523581612357,-0.03350542727458352
0.099587572511902617,-0.066629997605875152
0.16520786534054582,-0.10942300598671346
0.22519854948488521,-0.15675259235940506
0.27233596554099326,-0.20326529833278342
0.30057066858286735,-0.24413402616575505
0.30626515557034545,-0.27541627760716786
0.28754722550819634,-0.29516590008589472
0.24766788236901402,-0.3040803237795342
0.19052452428738806,-0.30246885863690987
0.12332010475726113,-0.29271195533023181
0.054713546808068336,-0.27793100577676189
-0.0064135710252468409,-0.26138439564735483
-0.052266731223574107,-0.24587982107653866
-0.075849349943756236,-0.23519553248624209
-0.077716174064176705,-0.2273230770704513
-0.055877587947243734,-0.22089158148944682
-0.017300450750173928,-0.21500509031155823
0.030674419075468747,-0.20736721519147516
0.079427322566770958,-0.19557133499451965
0.12037975833710951,-0.17758475946099825
0.14627521516306871,-0.1521536196271972
0.15427671685511624,-0.11933214049247474
0.13941437522528508,-0.07986506699212087
0.10297843253868778,-0.034584447385430657
0.049354830099862815,0.012944717972351836
-0.015015509161379901,0.059610616916978491
-0.082345558913246381,0.10235284322847379
-0.14466027969694709,0.13852569711416141
-0.19492854943650101,0.16615947584727969
-0.2265321023945108,0.18544525808234916
-0.23899310580776079,0.19328814177449821
-0.2324839287421967,0.19287489388491511
-0.2093126574027705,0.18274625210387366
-0.17390393240492885,0.16391353205045084
-0.13171765072192554,0.13786325636312563
-0.088389105756228215,0.10644969240098963
-0.048938971354886937,0.071789710579110849
-0.018051220278004293,0.034267269672277736
0.0032979501862576126,-0.00091311109002309811
0.014711602205485173,-0.031413839369813477
0.01667579607889701,-0.055241405379011677
0.010900204345764124,-0.07057979301127712
-0.00046580097928120609,-0.07619998339137414
-0.015302645378437438,-0.071556647470328152
-0.031883491969241791,-0.056829973228011886
-0.049370000217797951,-0.033176503446274763
-0.066111804474241531,-0.002317026857912258
-0.084963323124145174,0.036293075437823376
-0.10374732114345189,0.078113815369385595
-0.12248588256631558,0.12041066037302382
-0.14118102415003436,0.16056631660246798
-0.15969602656696683,0.19623164537945978
-0.1777103160969217,0.22540962318196076
-0.1926993760170084,0.24566613884878327
-0.20743177683801828,0.25637037171601496
-0.22068305009267425,0.25903950194807601
-0.23270109776108472,0.25089562640290625
-0.24348472165779358,0.23141669710764709
-0.25305745309586813,0.20056252590940302
-0.26142334331838846,0.15892392580678599
-0.26850764940852789,0.10787125332529292
-0.27556549062401792,0.048310089765118788
-0.27963300062508795,-0.014745112300240559
-0.28161145034110024,-0.076416982541236952
-0.27963470517954103,-0.13294149485969733
-0.27283653612025544,-0.17960384227194343
-0.26060643739888606,-0.21202241134189945
-0.24268625740280145,-0.22666485017451726
-0.21920918332687767,-0.22133847127304715
-0.19214339680068374,-0.19584873695462715
-0.16048846267829892,-0.15079933556612168
-0.12347797143420906,-0.091501849945902811
-0.083775379438758776,-0.021424777447102087
-0.042650227293826261,0.053330392723933563
-0.0013886469125255758,0.12601518139769549
0.038714040101214493,0.18999265324503314
0.076318119043470814,0.23952070218523039
0.11027696369419646,0.26909311638595018
0.13845121611583872,0.27884781375831635
0.15956594475148561,0.26843599724408429
0.17145085230839066,0.24080317376631255
0.17235783302499669,0.20035867068735641
0.16091185531655619,0.1526211514515961
0.13639215754320472,0.1034828233547795
0.099004361580878469,0.058474584335476559
0.050383408208551216,0.021866439208840741
-0.0074518074573263898,-0.002900570276994537
-0.070298607510465447,-0.014032224819124478
-0.13383013798681029,-0.011959099321547786
-0.19282314630789124,0.0017762488160795139
-0.24195306340391687,0.024632120989906591
-0.27636946625752096,0.05351604201399314
-0.29226841229583012,0.085219104874621171
-0.28767234918707646,0.11487589817689318
-0.26220138137881976,0.14357466146524972
-0.21545611297764952,0.16646846005653435
-0.15253755444696077,0.18461542004001827
-0.078527091705487523,0.19741254709559966
0.00061518651257548248,0.20433778175350237
0.078708255699386401,0.2048932024699161
0.15000791970464583,0.19867000147409059
0.21183304264379077,0.18470840259035304
0.25699569214363305,0.16470750168106063
0.28701614727574654,0.13920275150361081
0.29929733069463682,0.11046396157386774
0.29504664050212337,0.081199765119830944
0.27693185822340183,0.054599617482375684
0.24861266395831544,0.033951284380067732
0.21416831760443847,0.022156100792222796
0.17956641887251024,0.019869087617681667
0.14436525759280666,0.029432818331331285
0.11316638000852626,0.05156122644061864
0.08513404066005216,0.082266763898877729
0.060075690368472399,0.11748494138588497
0.037284803896433759,0.15224113383796106
0.015909615506098856,0.18136454891176218
-0.0046959334213949851,0.20028790372747776
-0.023239675021803574,0.20661576522802724
-0.041282066561742894,0.19844865389883662
-0.058753563898309109,0.17430901603764343
-0.073310749837478331,0.13952590968711218
-0.083247892209410257,0.099310659361563913
-0.086960462131931954,0.059903044146476271
-0.083300072194413904,0.027636522752921337
-0.071877660819468683,0.0079624025431285703
-0.053554900773412364,0.0026907945644298295
-0.029359925944174858,0.01621075035750634
-0.0022459529524595174,0.046544500472249083
0.024984241488210504,0.090429174741373797
0.048874243553548399,0.14219370072078852
0.066018175127047135,0.19485216571249064
0.073489319004910514,0.2411562274536827
0.069226952210748469,0.27471482770871242
0.051445957354290271,0.29235721828421252
0.021232653697188436,0.29032136407329429
-0.017063832960494199,0.26874356886086515
-0.062978201375301718,0.23227454957467983
-0.11318660031380835,0.18706177031915425
-0.16393902616252398,0.14059756383293215
-0.21149895890474793,0.10051624069114916
-0.25258287288096148,0.073341668377687033
-0.28679092573358717,0.06420024923904509
-0.30907590903145155,0.073619704569290997
-0.32165378021886587,0.097965436830737621
-0.32361002207366818,0.13380914562097213
-0.31669472892255196,0.17409900789406188
-0.303567622328348,0.2106291553085278
-0.28736723051782015,0.23538335342503622
-0.2712029818676801,0.24189206550942638
-0.25970645563631839,0.22719247233702325
-0.25082688713501755,0.18977388392773265
-0.24738192599328665,0.13272264474906481
-0.24667642842803636,0.062877025287582586
-0.24668079752031577,-0.010762873232521512
-0.24496808880799475,-0.078076249406718423
-0.23917123486607672,-0.12934811926351469
-0.22741389445711327,-0.15677312916987818
-0.21011078712069892,-0.15705445019494901
-0.1850331462375929,-0.12692544888919677
-0.15301822523714761,-0.071923342402760423
-0.11612861977547036,0.0024859465879815542
-0.076832905246225505,0.086532914441959943
-0.037927789035943932,0.16884878005562545
-0.0021216694802758608,0.2380732349490004
0.028360572369701506,0.2844760667303049
0.051797230585565748,0.29944839258227224
0.068100147753474019,0.28327404085311558
0.078184968941997751,0.23679161465017715
0.083189725392044001,0.16604385600948182
0.085173712010541372,0.079749151091630097
0.086492698300241422,-0.011762911566606681
0.089436535657802671,-0.098070721760052049
0.095891988991855373,-0.17012439438225291
0.10678718418068961,-0.22332869685301199
0.1230813391876929,-0.25091238386298192
0.14388458730485709,-0.25613237840564512
0.16839181175426995,-0.24010074153711242
0.19492670064889725,-0.20849113491564072
0.22149622360483034,-0.16860742031263251
0.24608557058800454,-0.1281543073633141
0.26694147719205552,-0.094013920244847976
0.28368256894586752,-0.072574181073174246
0.29363070305468458,-0.063967191206129023
0.29981454559252696,-0.069299750538521193
0.3004244897241129,-0.084714572393098653
0.29635809579019917,-0.10540908557879024
0.28900679462224727,-0.12573790073981672
0.28001127304527251,-0.1401982350335966
0.27097143400045359,-0.1443199309972252
0.26286723817987995,-0.13505133940863365
0.25618700972377706,-0.11160586250723384
0.2537175174720126,-0.077041556470605788
0.25239467645572028,-0.032714835011414339
0.2506991413664349,0.017519283651415762
0.24688380985577649,0.069318521555806312
0.2393003198958901,0.11852342464088009
0.22671766032878096,0.16172921775410659
0.20828755277358582,0.19586244542313802
0.18425456256249617,0.22096111567466256
0.15770848748307292,0.23827591825747169
0.12882168464244081,0.24818657548319029
0.09977335471638113,0.25245635110170295
0.072981730930975083,0.25302460452167486
0.050740569336334619,0.2516587463667932
0.034849854401236523,0.24971218070393009
0.027769547738905848,0.2499149348150714
0.027299226559794377,0.25029395959974654
0.032226175591013088,0.24858315896380034
0.040757430367334126,0.2466782834652172
0.050262030440550151,0.24468488243570716
0.05795168994744971,0.2428997083390913
0.061297020123781465,0.24179343805847855
0.058406477814286061,0.24188764119887177
0.048014904666412964,0.24165598062723823
0.030962025899551833,0.24358211521104017
0.0071236388931927965,0.24858406474284875
-0.020430916417338369,0.25395113045436118
-0.048994859761759331,0.25758264731337649
-0.075724166373528745,0.25687847196914565
-0.098007015639089132,0.24915557868827132
-0.11376689254656816,0.23217782244396737
-0.12136739779757015,0.20606126237898237
-0.12004835090621278,0.1686507614696908
-0.11281163253726258,0.12325242043786225
-0.098155050204046232,0.072462091171188472
-0.077171232779213547,0.021236710732216516
-0.051357056346594057,-0.024527658427939338
-0.022473456372547586,-0.058875799225774864
0.0075773446752313792,-0.076812063941611136
0.036552901639820466,-0.076096771113474154
0.063665491273379532,-0.055391151144681475
0.084192761805711655,-0.016469283591609127
0.098845999942195714,0.034065825322791822
0.10636224546887967,0.08804493500372132
0.1056175495922318,0.13602887926581181
0.095762167120195391,0.16873128320137173
0.076415865576764025,0.17853778309136278
0.048177894916919844,0.16114265994240842
0.01225628877582891,0.11600842975989682
-0.031166519876046152,0.045158659038435911
-0.077330004396927887,-0.041905968316178523
-0.12226756002064719,-0.13394940314189874
-0.16173634360594186,-0.21820430420568368
-0.19171407602543913,-0.28224611884144302
-0.20892842906163153,-0.31589689778458757
-0.20987066647089489,-0.31312870113613495
-0.19626437525935814,-0.27156330811208312
-0.16951861658617398,-0.19786322208454185
-0.13232598290722247,-0.098700123269914369
-0.088864877648603555,0.013524350802982482
-0.043976896788103799,0.12429847858657607
-0.0025362189830684177,0.21908101197198063
0.03118862633028583,0.28541890441457141
0.052616642612569292,0.31287539870791681
0.062544764597596128,0.30164568776052619
0.060402270019972858,0.25102556108097923
0.048330285927171715,0.17087210755136639
0.029280655084792731,0.072947652417673842
0.0068090206371077379,-0.028996008879668734
-0.015468455588658902,-0.12126162230935703
-0.034372321905519192,-0.19215997012305552
-0.046656792646096464,-0.23168036725023466
-0.052643411411179515,-0.23873685207492093
-0.050682353220833455,-0.21601907908006829
-0.042524592387851619,-0.16753521228548449
-0.029607833292849682,-0.10170797677648795
-0.013628227248852608,-0.028563474634280689
0.003717193250422151,0.041837442942472922
0.020890692442418292,0.10082283287828604
0.03568106385697499,0.14136411944356014
0.048383332707158021,0.16145234536788058
0.057324473321453531,0.16121332762488699
0.061777064265167048,0.1429614338040652
0.060563461569642464,0.11112624941239563
0.052417368857471607,0.071068499113877276
0.03619384630685777,0.028202467854580401
0.011194512841553893,-0.012695422716035343
-0.021576414456265899,-0.049797261711229918
-0.062108291335911794,-0.077331595221729332
-0.10800523412628894,-0.095249295666955558
-0.15501907994039546,-0.10171225832208157
-0.19807600262226902,-0.096393993778334588
-0.23153661195591427,-0.079480595271983867
-0.24996813100468299,-0.051581730466745995
-0.24902400508158506,-0.013762055501017308
-0.22833805751861211,0.033142066415785119
-0.18535395369030705,0.084836059374263417
-0.12146110474538112,0.14079557309997964
-0.044006693986290597,0.19459726335649544
0.038809409207899416,0.24121884647174557
0.11746130026364832,0.27559496904530162
0.18238407944548096,0.29319059394012559
0.22536643414154048,0.29061944819254337
0.2422969958918261,0.26485445409956127
0.22899725672015392,0.21908192161852988
0.18737118803160813,0.15319216157409296
0.12357173822246686,0.074407100909810897
0.046716671381635058,-0.010450570894378723
-0.032085893981007002,-0.093801065577353474
-0.10136416896234839,-0.16814514914172438
-0.15102119993165669,-0.22688261391013068
-0.1724419758265438,-0.26364538294504264
-0.16495744968591231,-0.27803145445960004
-0.1294772796200617,-0.26723265771478094
-0.072467804406007238,-0.23441475762994168
-0.0034616937674627501,-0.18304853794319481
0.066151530360384139,-0.11773883876995601
0.12493655109353573,-0.043674900362146399
0.16324197387393574,0.033858573772500532
0.17680800207440805,0.11012402430620456
0.16058791580408566,0.18047355079814215
0.11729852916409499,0.23997120671733382
0.054149324224267291,0.2863423722936122
-0.018572017545226051,0.31716944737636044
-0.088805513777776068,0.33073542565585196
-0.14461040162117836,0.32612441205376569
-0.17604989368729057,0.30339109184701168
-0.17706486568337457,0.26565947494396447
-0.14555555533613729,0.21246431871086646
-0.084357847810575995,0.14850551461697656
-0.0014598831123946463,0.078598741876349687
0.092074994557130821,0.0089939442274524529
0.18345105827410529,-0.053440662393440502
0.26002274580529156,-0.10199357142218866
0.31113062774210559,-0.1310176476692049
0.32755605055250442,-0.13818328541700861
0.30929206331718528,-0.12030167913600993
0.25998772395616621,-0.080095063316994411
0.1843812744015095,-0.022315112982057624
0.091779535530119069,0.045300956098473538
-0.0068762432404015439,0.11323065102615358
-0.1006476059488106,0.17145425078427518
-0.18014520650922838,0.21091502008320009
-0.23669498835834105,0.22410763396550504
-0.26987461911130184,0.20970339715278144
-0.28182813281197167,0.16581037169053917
-0.27471323574506407,0.099638217236821522
-0.25435684391154739,0.019735669886970772
-0.22765065203689228,-0.063382453690717211
-0.20136062747179378,-0.13882797022492965
-0.18108332908963767,-0.19700428130792039
-0.17021335926503986,-0.2297217699973528
-0.17093548254147484,-0.23667961713906999
-0.18123524665987562,-0.216223975764885
-0.19963272455270817,-0.17586425258335811
-0.22255085044099099,-0.12409719844494797
-0.24589339617362777,-0.070883498326508337
-0.26570746849845839,-0.026030198352445761
-0.27869898418974054,0.002361217643379016
-0.28224075732454162,0.0094060988818965036
-0.27519716177011849,-0.0065149436377316674
-0.25834311811635541,-0.044108262662405646
-0.23098220968751992,-0.096717104599928078
-0.19375353970407236,-0.1561097433752292
-0.14758143640338425,-0.21298183771445206
-0.09361331364077892,-0.25837566408346779
-0.033279460230367583,-0.28497798459554874
0.033020550173040092,-0.29000013958693494
0.10022458378323015,-0.26834611020354976
0.16656541059602059,-0.22465706124997653
0.22690139474125551,-0.16105328423226647
0.27659503038542566,-0.083848666371301173
0.31105519755492461,-0.00071954385476929962
0.32628104313225009,0.08035291658225574
0.31945112647643759,0.15210030024714752
0.28857874541594547,0.21015474564919359
0.23670449292360041,0.24850883059521511
0.16407026027551935,0.2671888859027034
0.078442085914014151,0.26597047774526456
-0.013047566222233398,0.24737744094189021
-0.10261461574260415,0.2153028957445394
-0.18269435399518363,0.17432108817001643
-0.24679235337676494,0.12899110708439718
-0.29048928391980589,0.084612795340600733
-0.31136084589425744,0.04244511678741978
-0.30742747790922026,0.0025715338173427165
-0.28266998185457659,-0.033003323332220495
-0.24145676866590912,-0.064479811965637387
-0.18936926952718922,-0.092536964447746881
-0.13247751081501183,-0.11790664971941707
-0.076640107667300381,-0.14097961114502905
-0.026039866795370591,-0.15962323786537927
0.013603542949920501,-0.17624846539037628
0.042000140839933336,-0.18697402894306933
0.056304438881701765,-0.19140072873072253
0.056552779224645446,-0.18743479115889367
0.043987600216945137,-0.17304238763546032
0.020765196412270669,-0.14671674306557028
-0.010364764346704565,-0.10793242823324528
-0.044892821388462248,-0.058857957297822533
-0.082698260881579735,0.00017943724564485565
-0.11775177660629978,0.06546266592126708
-0.14989210710534753,0.13170580254461511
-0.17699632482631922,0.19302771092502877
-0.19703397473062836,0.24333198286735891
-0.20814075594803616,0.27706533352856849
-0.20877511142242669,0.28997793094583235
-0.19940564843077502,0.27895804246119421
-0.1774375669885882,0.24471681393100317
-0.14430866610236756,0.19228863099986732
-0.10141584402772133,0.12438554799106709
-0.051652902710152104,0.047375294051289082
0.001079302881124868,-0.031382985403336935
0.05226656075290443,-0.10448150358293061
0.097325076252598133,-0.16544515664041357
0.13015817711892819,-0.20770549359188631
0.15171633576215685,-0.23151033100333776
0.15742948509040031,-0.23881034047395822
0.15023759333682998,-0.2311547316478415
0.13240106446409994,-0.21335145532487579
0.10714959822367041,-0.19130055144258243
0.078142630289610132,-0.17102236356655948
0.048886079624494858,-0.15768309425430391
0.02073558238666328,-0.15558749092470803
-0.0029601756925642622,-0.16448434062851219
-0.01915903960366824,-0.18454000411504268
-0.030877622961181451,-0.21148025479206223
-0.040077384769107702,-0.24035791672125587
-0.049250559278874506,-0.26555970986172056
-0.060866958004457038,-0.28169456228905115
-0.076830826997943955,-0.28440486602488979
-0.096571872461017519,-0.27233143923564967
-0.1220917359519358,-0.24307867570860903
-0.15102050778505369,-0.19628878137365918
-0.18097034887520144,-0.13642775734113893
-0.20833012327393272,-0.067930905715028217
-0.22905885275434848,0.0040554704950657517
-0.23928438751788872,0.074300661976377316
-0.23590867594685286,0.13803482763156208
-0.21800502401575625,0.19215876114517147
-0.18413188494245594,0.23248398248582597
-0.13562988968571316,0.257820448880344
-0.075974036218727461,0.26711890961739698
-0.0096605196562486815,0.26057385916019526
0.058063885663238488,0.23918219957641912
0.1218868700701926,0.20457691308586778
0.17713585071645088,0.158893509152299
0.2224511971318491,0.10657461486217104
0.25243251363576541,0.048202021198232387
0.26962735879493971,-0.01527588601926674
0.27409662309932847,-0.078343818183960259
0.26904766414473574,-0.13716521737802062
0.25881473236105074,-0.18789575033861958
0.24809827488333869,-0.22696122810804448
0.24111391822753944,-0.25137986624626851
0.24284688292936543,-0.25881728576633534
0.25143645891738564,-0.24927887397182491
0.26490339700408333,-0.22136830591787143
0.28087307128602679,-0.17861929837710824
0.29462311254546114,-0.12440540050175009
0.30075480564828483,-0.062971635674205634
0.29415942515889443,0.000989195195124939
0.271000835322942,0.062808514382445599
0.23101283395662739,0.11694644113681918
0.17290918345150907,0.1617401050210798
0.10020558068768565,0.19660884530371756
0.019213904061329831,0.21910881740683882
-0.062219951744185029,0.22925358573461402
-0.13546606568232594,0.22798164676349139
-0.19233677102889096,0.21688196896011064
-0.22630793582852246,0.19787579272248637
-0.23442305468871208,0.1731819620450826
-0.21511734857940198,0.14347906898976295
-0.1703889612714497,0.11278138544689982
-0.10745302387663638,0.079803869473695388
-0.035094588331122889,0.044931457380953763
0.03662477513962685,0.0085004726059573175
0.097731114411564984,-0.029033570165887593
0.13969049315858137,-0.066979402956838283
0.15684308904866687,-0.10301610960038214
0.14563343397671258,-0.13760005560305452
0.10913310970881077,-0.17102221922547686
0.049978229117854212,-0.20051072299093667
-0.024969952712418444,-0.22476541936866892
-0.1071266402705294,-0.24275149441560556
-0.18743740971026182,-0.25379646575700193
-0.25765774664089774,-0.25762232808890112
-0.31058289688195501,-0.25404389297791607
-0.34346487396684378,-0.24358301882965117
-0.35755541289537796,-0.22786011106302623
-0.35348584510949449,-0.20658689612568798
-0.33564048978530275,-0.18032099014679459
-0.30981073851636498,-0.14964611501772421
-0.28214188030552589,-0.115201219880292
-0.25808398441437191,-0.077735393010033696
-0.24122506996644544,-0.03844158890126316
-0.23308856175163678,0.0013251618299030667
-0.23588564045837443,0.04272933081336365
-0.24460520093325164,0.081970214248745829
-0.2548632917917012,0.11707711002041395
-0.26170443438342766,0.14618200561556102
-0.26051402774197491,0.16768921690547769
-0.2478339613595083,0.18042307128322713
-0.22400744593550259,0.18183835981516777
-0.18567073766773548,0.17508397944726914
-0.13750366477297413,0.15920391138031259
-0.081534694213641221,0.1363136634770358
-0.022557107078078127,0.10789516245871045
0.03401051687328896,0.075449059233921506
0.082879028118777523,0.040387103739031184
0.11961104337382336,0.0039905452229661324
0.13915037782447937,-0.032840370982174433
0.1429982991381829,-0.068109982923532958
0.13348074348827277,-0.10257392894872053
0.11144054119212483,-0.13339395688015071
0.080360377390417959,-0.15910220745791148
0.044345030464138374,-0.17835021423872785
0.0075215615579674374,-0.1900484236222704
-0.026514332217711465,-0.19352268453027247
-0.054242596395076496,-0.18784690749001567
-0.075293579171009081,-0.17510401964808561
-0.090491183863359401,-0.15527096762548939
-0.099702442379074455,-0.13122525657491413
-0.10436298578989675,-0.10536380460402121
-0.10620543158177825,-0.08013230406381
-0.10686250062074744,-0.057716769106577775
-0.10753462955948184,-0.039753288047550073
-0.10848171859139477,-0.027912703359822155
-0.11068069305228768,-0.021515531896152386
-0.11045742180597841,-0.017155951644821189
-0.10898919879830606,-0.015263713533288561
-0.10507948349370541,-0.013831878783042064
-0.097435879209412185,-0.0106063722066496
-0.084900659961221564,-0.0034340276290535745
-0.066647861056124899,0.0093877541389018552
-0.040262237979263406,0.028002635136351792
-0.0097791281103161935,0.053599977498523146
0.027338949425790057,0.085418410614424789
0.067460792996507937,0.12130103039042527
0.10902398502076396,0.15859104589706624
0.15066389775293529,0.19417463247368011
0.19128735836669419,0.22485824811829214
0.23002560560654944,0.24775398170585589
0.26579473740727444,0.2608888665884051
0.29765438978126463,0.26293913327859209
0.32635606706467929,0.25175972897744758
0.34859861463620645,0.2295917378410964
0.36223057785823998,0.19816963738323698
0.36500890968759953,0.15982983015057559
0.35494654247310714,0.11723116432637157
0.33072954201217075,0.073084365582730723
0.29007298279311333,0.029653720583511275
0.23763117501246425,-0.010533094756729063
0.17452682243266665,-0.045387440317155803
0.10609519579413433,-0.073896053797130004
0.037633222394930922,-0.095222866766793854
-0.025328723955182559,-0.10892497600671718
-0.077723979175001068,-0.1148895376489754
-0.11563162505383022,-0.11327917017178399
-0.13536805190532655,-0.10530805488450445
-0.13914195590791043,-0.090787381432287845
-0.12822039155270634,-0.068852551834571299
-0.10686485671890984,-0.042095541608730712
-0.080237480682024326,-0.011983739029143285
-0.053966870068238935,0.019840058940250763
-0.033366026766890697,0.051632440959788903
-0.022713746889926115,0.081643874596167787
-0.025584866403067046,0.11012402430620456
-0.041707239345086952,0.13260574701835814
-0.068917321026324529,0.14870243381547343
-0.10537631478192749,0.15725878579877695
-0.14716788848761844,0.15805836527902514
-0.1897337714332227,0.15157923569334603
-0.22845542173477557,0.13892298448284995
-0.25917300996260551,0.12165326382035155
-0.27710688858678462,0.10021398467121184
-0.28239437248648513,0.078578937667949739
-0.2732533347562035,0.057649578319226777
-0.25008407967122132,0.038933130467200525
-0.2137349125363579,0.023001236863395041
-0.16560775522830185,0.0097765109452269405
-0.10754035360637489,-0.0013091929953686122
-0.041782790818687764,-0.011044597757871488
0.03099917904259002,-0.019300628793733891
0.10501536535176484,-0.026978291814141356
0.17393030817201063,-0.036162548112305098
0.23554351304380575,-0.043620602265986665
0.28536669879893017,-0.047436893304556603
0.31904279987346879,-0.045453832801641746
0.33285637037012406,-0.035733231751972912
0.32432024426625133,-0.01706541925865444
0.29302820313289452,0.012465541356752168
0.24070952448670635,0.048516306154767604
0.16846541750376132,0.087984068999643547
0.084741095966293811,0.12656335977514124
-0.0024662673625127645,0.15892748163697482
-0.084426602989218932,0.17971093497880788
-0.15272663551235782,0.18432030927631415
-0.20034899318189475,0.16971922006892862
-0.22349948352350787,0.13586878335301189
-0.21943617426700521,0.082924243415210888
-0.18872780801537914,0.016383790818555344
-0.13706300797571572,-0.058355069613655691
-0.071800651977698859,-0.13349574055298033
-0.0018840863142373747,-0.20059649082318581
0.063338574838116557,-0.25166665888922712
0.11533527303590153,-0.28025946411582503
0.14776745687403092,-0.28050021414056125
0.1561413594506019,-0.25416716825145791
0.14005783116221371,-0.20440596120664747
0.10132978711640558,-0.13580981210035661
0.044674677343745431,-0.055986049582514553
-0.023365571437438996,0.026240404296377098
-0.09541551175695713,0.1019549819781318
-0.16430174347840412,0.16325706910843832
-0.22250690748854712,0.20607617456884944
-0.26874431802214399,0.22431466308245074
-0.29782114518744213,0.21656627523719438
-0.31227976150414233,0.18563343546368488
-0.31415360557887861,0.13580783458034926
-0.30638940785846747,0.072961149052836682
-0.292168497376112,0.0036884517217875747
-0.27430729261134074,-0.065548241595331833
-0.25512829798296144,-0.12834141113442302
-0.23512851338537374,-0.18183759136383654
-0.2148828005394933,-0.22295730861875923
-0.19345430763675289,-0.25116519142196542
-0.16991905165175933,-0.26698118942140897
-0.14347708594505873,-0.27186822052851645
-0.11378796550397159,-0.26781102876570179
-0.081170009352208333,-0.25693916749609425
-0.045163679619584451,-0.24098243033050171
-0.0089313517795656158,-0.22200081654677814
0.023111173254020019,-0.20175626247810957
0.051403340936102888,-0.18117780346334106
0.074683590678169209,-0.16135482126432593
0.092218535747809902,-0.14337722315594925
0.10385677680961834,-0.12839243942022802
0.109951300210881,-0.11758295746671321
0.11087794324591972,-0.11395942663822983
0.10733911801626998,-0.11518819267830731
0.10184258512149094,-0.12320342518804793
0.092872102044096017,-0.13681555441613477
0.079991076044345633,-0.15522624900660842
0.06249296927782394,-0.17725547650955203
0.039638489454134306,-0.20142433382308858
0.010970668233583513,-0.2260709160139634
-0.023649943210633243,-0.25083826058799025
-0.062442132096752812,-0.27262562362607395
-0.10462263356277958,-0.28766080231252494
-0.14613245158884952,-0.29694746773368641
-0.18316262665164257,-0.30000688024140687
-0.21174059924638855,-0.29677468713549038
-0.22830242058968631,-0.287578610608753
-0.23028205343039859,-0.27309977715603129
-0.21632421609528213,-0.25242525048413822
-0.18814478167427298,-0.22927386751912346
-0.14636256275666909,-0.20653841381447927
-0.097112537198267346,-0.18422367809084991
-0.046189459983841094,-0.16352115216702875
0.00021819760833287461,-0.14535498400764474
0.036348802150883104,-0.13030027497876029
0.057655500597745754,-0.11852948108885536
0.061150290193036146,-0.11169227971748186
0.046152906434950076,-0.10647253776178277
0.017295311792191848,-0.10114145755342134
-0.023860678209699171,-0.095330166406996458
-0.072079580678840169,-0.08791994796786573
-0.12119997905608643,-0.077979096575803653
-0.16495965820429076,-0.06484315595407017
-0.1978294694049203,-0.048139828754530357
-0.21485139876071341,-0.027489176045660042
-0.21536392669194729,-0.0040303809529717936
-0.19883554876777176,0.024682203241024037
-0.16776830384790881,0.056145373330532239
-0.12594468461270428,0.089832218472737924
-0.078116171070695642,0.12529471271619891
-0.029315083125982938,0.16205781595660707
0.015806142353712929,0.19943016958831031
0.052043652305157388,0.2343839049139754
0.079494047418828873,0.26783237992484599
0.095584702736584523,0.2980576811216743
0.10165170613450954,0.3211165688259543
0.098993955238760381,0.33334468067984074
0.089373260481142414,0.33100505926524093
0.074666859227611099,0.31091560590586692
0.056618053195139954,0.27115022005092454
0.036424469835337196,0.21141827368760838
0.015692313979537794,0.13386011487947513
-0.0041265804873015918,0.045902468169772996
-0.022264961129974142,-0.047486352520183142
-0.03759337975709829,-0.13771936211683616
-0.048895702140564122,-0.21543640419370197
-0.054962253872044217,-0.27171579718277705
-0.054788383286430334,-0.29937301893588658
-0.049306864440656475,-0.29494982113980173
-0.036928495807878263,-0.25730396691165536
-0.017047027974857694,-0.18758580399544303
0.006603058545212195,-0.095428062759444279
0.030823862743650801,0.0084118963085230061
0.051843704098311502,0.1115316591725137
0.065846328286023034,0.20155644891556651
0.069597625920980413,0.26786225346520354
0.059598182208969945,0.30389857101935019
0.037893437464457655,0.30508837276384593
0.0054462710099671711,0.2744068707244447
-0.03372283902374474,0.2170431995796194
-0.074480665767358109,0.14268035739567531
-0.11096090166056255,0.063245683629499269
-0.13740286182534586,-0.0088662119091524154
-0.14902707441558188,-0.062636540194270257
-0.14251258175223408,-0.089773800221693012
-0.11806428450154194,-0.086916168019278608
-0.075370284954027048,-0.054417077471647611
-0.020250612048888606,0.0021847188516869592
0.041246849110441054,0.074133721643785344
0.10222350069785423,0.15061696394663468
0.15589735843486915,0.22047249089780627
0.19654398501419634,0.27390001096335659
0.22173551226587362,0.30525834221919024
0.22771200586197349,0.30983836656450214
0.21522245139662849,0.28614936391437612
0.1876256700907262,0.24095240589835493
0.14983554562872037,0.18204005653871844
0.10786944693015453,0.1187878375070458
0.067977521861639051,0.060624640325543142
0.035779912250051289,0.015566429151219465
0.015244995566574299,-0.012314105639607319
0.0093364491613677977,-0.018336535989878316
0.017955933470221449,-0.0059463677048029861
0.03987962801164549,0.022130660661469393
0.071970725016451645,0.05938850504418109
0.11002951347233184,0.098016408270846414
0.14945582119240686,0.13018935488319036
0.18590981781727875,0.1493205210374936
0.21440382378885323,0.15026775576335982
0.23480041337161606,0.13222345575810129
0.24627020075892919,0.099245607382489068
0.24890502097942974,0.053496622489553454
0.24398136168371198,0.0010138199664593195
0.2332701244169722,-0.051187618257201237
0.21861648938591133,-0.09625153725523497
0.20157526659644398,-0.12856956393459024
0.18286962784271082,-0.14437800802981146
0.16343506562298188,-0.142602176501268
0.14261906832331409,-0.12763834392058912
0.12019728547555814,-0.10148937231292972
0.095476082169120666,-0.069760429393629739
0.067858598046559707,-0.038840325061235539
0.037090198752717747,-0.014861512475862785
0.0034298011414570346,-0.0027102394736522361
-0.033162976599679032,-0.0044312689387590908
-0.070236016713111429,-0.021752310373044703
-0.10497365457497429,-0.051984342590516416
-0.1363900179412588,-0.091130460379420838
-0.16272022323950147,-0.13329210697219468
-0.18250587418880154,-0.17182432222592389
-0.1947426957014595,-0.20032502102831731
-0.19894922723312553,-0.2135763835329054
-0.19544601768407779,-0.20640042678233447
-0.18373997553560475,-0.1802211880636759
-0.16664497811631923,-0.13888291974260955
-0.14332755937472419,-0.084115619536926353
-0.11457209158247093,-0.021094483684991373
-0.081286692636945213,0.044200621293545586
-0.044500905284357274,0.1058008389123911
-0.0053826322373389029,0.15850695922710781
0.033857829509861943,0.19875067983383435
0.073181839583486202,0.22406798344520107
0.11036191913197164,0.23378162036771388
0.14404431556801189,0.22942516186880046
0.17248651317553851,0.21348195968719996
0.19399252576705928,0.18915174272231142
0.2071109625371283,0.15982557097157485
0.21086162632567668,0.12862701828832412
0.20465750708364036,0.097812582769937331
0.18999620829924327,0.069838182843601715
0.16627563282009197,0.044533460944589549
0.13755043827396748,0.023212163763660525
0.10695873818536872,0.0058462921320018438
0.077836614858716041,-0.007936282127246801
0.053317252986148214,-0.018682140858793401
0.035937041851092436,-0.026992305681341023
0.027012415270312611,-0.031570779065256009
0.027956820264956449,-0.036239230931317146
0.035969423892902821,-0.04018398352578878
0.050955152370279387,-0.04523733227984307
0.070404607486840118,-0.052292439355708452
0.091203197973851291,-0.062050695000147628
0.11007557729261011,-0.07495751704966519
0.12406705881714002,-0.091145229795508001
0.13069359251138501,-0.10849574314531142
0.12922101661817964,-0.12945535974668565
0.12017151350921806,-0.15236204944625945
0.1046358255285052,-0.17643460748011577
0.085001358471605823,-0.2002054639236156
0.064283372276251055,-0.22188897449007261
0.045651593572018763,-0.23954434345369069
0.031935330637414716,-0.251286137233241
0.027241557766892445,-0.25415941347357185
0.028857185306354186,-0.24961967222658579
0.038923249184804741,-0.23512765930466484
0.05416606226937086,-0.2126971679094809
0.072150740056509274,-0.18354320246105593
0.090237880153609534,-0.14930744810245386
0.10599859712881919,-0.11191060409699188
0.11754969267695864,-0.073408173242070204
0.12346563119539274,-0.03613672550438176
0.12397416399482641,-0.001202572528489554
0.11901326991122428,0.027669080280648444
0.1098731294542144,0.050481992372935318
0.097794858555038458,0.066053293997380746
0.084020367662429152,0.073386667725573895
0.069616893013273035,0.071733421830872821
0.055399305651018103,0.060693328763500511
0.040485079406055613,0.041149959758900172
0.028096328956728474,0.012767534677464646
0.016403604246609482,-0.024103701259665308
0.0077960369103963392,-0.066600068115537148
0.0031233662344747376,-0.11207047623783443
0.0030645393960007637,-0.15747752018931724
0.0079919300875298475,-0.19969984093546411
0.017820714492158021,-0.23588607657808661
0.032756849230436647,-0.26299567479671637
0.05018872668138713,-0.28107204065348562
0.067880750163257425,-0.28938345466897442
0.083585502707124545,-0.28922271331836014
0.094541261919643627,-0.28249912655518511
0.098091179477511253,-0.27169903885733515
0.092045365840054613,-0.25948445478775495
0.075025814419769563,-0.24826290141832119
0.047031646170171373,-0.24061082297376796
0.0088395557743810044,-0.23637241159170913
-0.038531739046594231,-0.23436506659374379
-0.090831171706647743,-0.23426121976622619
-0.14394083881201197,-0.234186361285568
-0.19342814553430698,-0.23188006925742097
-0.23501819998797693,-0.22511803587573004
-0.26504270142896086,-0.21213577898152333
-0.27934012299080274,-0.19171068297402699
-0.27861613962199988,-0.1649785453500725
-0.26283817329558179,-0.13046440828932168
-0.23286463119611153,-0.092557292236908867
-0.19079291281582392,-0.054326477366766469
-0.13939809202592351,-0.018991052375591195
-0.081852619752376149,0.010507489325325234
-0.021475183703976112,0.0318662443705994
0.03817143000188427,0.04393613463605954
0.094749504741491353,0.045770561435116368
0.14417554350447656,0.038299629434714474
0.18499990723765342,0.022481938938941196
0.21519445490376363,0.00014346532786736646
0.23309238171341312,-0.026542782896124512
0.23750818261894441,-0.055297485233938008
0.22791017421110013,-0.083932398991868606
0.20373324354495295,-0.10858845935470091
0.16776979990231308,-0.13045414597535529
0.12187140746007215,-0.14819347445580716
0.069894451082672338,-0.16056469553149316
0.016105750182713287,-0.1666927449445382
-0.03492376855208864,-0.1657950077034776
-0.078820753011585212,-0.15725138166547434
-0.1119472907142965,-0.14074301490174315
-0.13277369046746459,-0.11832852161014162
-0.13901469338554295,-0.088511590915969551
-0.13216975460785191,-0.050638004286011611
-0.11444163602702215,-0.0091790489068730736
-0.089782765131001446,0.032525508975668367
-0.063077971497975116,0.070680592318646679
-0.03945549073305455,0.10148127330159928
-0.023533601030595,0.12163795701107213
-0.017839357004436264,0.13079672707023388
-0.025304979040265477,0.12459802038098257
-0.045806943495490748,0.10692446049700288
-0.076702533355459054,0.078060900707620687
-0.11390060873775171,0.041910402086193663
-0.15216164629176818,0.0036153178643485522
-0.18587387387749346,-0.03120064299024191
-0.2098909997935956,-0.05735416892937787
-0.22176678611104111,-0.072387813312755789
-0.21779921888508763,-0.072975758392040679
-0.19543941441069593,-0.058429982249897899
-0.1590570953989317,-0.033771999963377312
-0.11273880589754053,-0.0049056013840040463
-0.061693952890859757,0.020929966228506989
-0.011452021222003535,0.036373715138288812
0.032967116358441476,0.035278822734510433
0.067486118034239678,0.012589964847699829
0.090621612148409192,-0.029848922629488916
0.10184476917268828,-0.089267374332589813
0.10330852790097177,-0.1583382944382086
0.098281884388247628,-0.22748267548051743
0.090797991305119605,-0.28597479930161801
0.084897188591986139,-0.32360013902661566
0.083884066503590593,-0.33233424736858375
0.087666387825407227,-0.30749583061941632
0.10017397444474162,-0.24990462183504619
0.11747864773689809,-0.16331775060399001
0.13836108225865634,-0.057939346315711578
0.15880764967317068,0.053764324784976648
0.1741316394454602,0.15796102588012351
0.17978653780814194,0.24140768024692461
0.17220956877798899,0.29335315352794439
0.14926169425119878,0.3073671445046095
0.11147216133311129,0.28108098215887772
0.062731929690192603,0.2192486860047464
0.006920883369503107,0.12923530596850363
-0.04961728821714545,0.022839472008001582
-0.099806549989438539,-0.08617800637887689
-0.13686093622039305,-0.18399861807391604
-0.1553213578691818,-0.2586071975115446
-0.15047323902528903,-0.3032313321075093
-0.12424473934080348,-0.31033974082882837
-0.078491486685028242,-0.28178524626498536
-0.018904300653004549,-0.22123949841157459
0.047259280414286342,-0.13687437916065223
0.11190551083700075,-0.039240357478734805
0.16725915875912881,0.060295644633193334
0.20697124064644012,0.15112033808863098
0.22554227469655694,0.22498966847367877
0.22358751264149795,0.27590999449557624
0.20463459649351096,0.30226608040396008
0.17148701530578314,0.30500114634143349
0.13025599820596986,0.28808119043286884
0.087947320751425584,0.25728344374731354
0.051419120120792063,0.21908143900721941
0.026407790027341355,0.17954830424643789
0.017648645641542685,0.14480808738790865
0.025403170855709117,0.11555239669316815
0.048564132745779039,0.093218504433848368
0.084418288075948797,0.076337882390757589
0.12845966343779799,0.062520526893097034
0.1753985084072906,0.048926024226997343
0.21989969867498343,0.033027190806402373
0.25722529517366877,0.013252892840417221
0.28398771749108875,-0.010329864983670918
0.29763480464902775,-0.0374927750511201
0.29593353295162128,-0.063004621487157297
0.2799706133144188,-0.085661255848125173
0.25084569331354295,-0.10197393862370521
0.21026761940349975,-0.10866858514312291
0.16033198801369777,-0.10326823384455237
0.10340014237283504,-0.084557793029987102
0.044135420787944371,-0.053670133012996654
-0.017455019383142339,-0.010609021353255841
-0.078937162323814744,0.038589452387444045
-0.13581214279037127,0.091915991026565252
-0.1840610920870959,0.14479626148133315
-0.21954491042926277,0.19250049307798123
-0.23845918852390843,0.23068011656982584
-0.23790934572702435,0.25585480283652107
-0.21621607998274212,0.26443142179818319
-0.17475304406269079,0.25710056627560801
-0.1151765291840309,0.23691583822076973
-0.04371718410275241,0.20379572218852662
0.03248479488964575,0.1605526287664053
0.10526392458062489,0.11063655439545023
0.16643187974460974,0.057729968966402527
0.20887688993235545,0.0053560615015645048
0.22612183420568116,-0.043176722364189075
0.21880775629094695,-0.085509928568954077
0.18579937254350373,-0.12193293947772434
0.13326444080007821,-0.15015512057761346
0.068309921970582443,-0.16996345776323835
-0.00056991845102449562,-0.18172704735729625
-0.064718482862774554,-0.18621647134581445
-0.11655874149122876,-0.18442032774157982
-0.15153992899061539,-0.17549367967621934
-0.16563691642135159,-0.16293950715569724
-0.16000425446090857,-0.14917364715519074
-0.1377660889304948,-0.13354754963849608
-0.10473921838728677,-0.1165529874940255
-0.068174786638156501,-0.098518627428908892
-0.035600211805683797,-0.079671549823371185
-0.013653867635851994,-0.060193431740642324
-0.0068013486569044714,-0.038364575237492621
-0.017027840228765499,-0.017414126515897389
-0.046509760000753991,0.0031692182415418561
-0.089659041819876384,0.022713895546553124
-0.14096906259883249,0.041037199402124608
-0.19385716788540794,0.058204120559923828
-0.24166069167135154,0.074495830287364562
-0.27857185066489848,0.090317840967790025
-0.30007944770814887,0.10525081356774844
-0.30435377633142646,0.1206950655365662
-0.29168775208029041,0.13679626296257499
-0.26361960683121977,0.15282737023671841
-0.22341236495968578,0.16785344248824169
-0.17514485213160344,0.18053096975891642
-0.12306169719886438,0.18927186926797743
-0.070997201375968197,0.1924779925830904
-0.023424085314909537,0.18799432808969332
0.019487437278210382,0.17687815291108072
0.058563235890362879,0.15623407588941651
0.092146480618564577,0.12897143013091639
0.12054950954298824,0.096655552751661267
0.14427893348006771,0.061186641567583563
0.1637671048373564,0.024538402230508054
0.17919764036899835,-0.011504885122347206
0.18839891392841068,-0.045299480624511251
0.19470178546599043,-0.076540500576837464
0.19529138297458826,-0.10459289357170053
0.19173621584769307,-0.13012132234977922
0.18415805305659252,-0.1538624681307976
0.1727676020102431,-0.17666241570204433
0.15791318169580712,-0.19922520013707226
0.14009840717794922,-0.22188712794889015
0.11967286338686502,-0.24364344604488994
0.097538400608782189,-0.26542081032292703
0.07562259296644494,-0.28387079671383592
0.05366349868643714,-0.29888734987430038
0.032217626734326828,-0.30867269916447493
0.011770829209404112,-0.31132773571686601
-0.0072549366967277823,-0.30514046903091102
-0.024482672088864982,-0.28888322347781054
-0.039848953321502255,-0.26288318624031243
-0.052635497327591166,-0.22639835946616965
-0.062117153188809678,-0.18061202703710316
-0.068222779682234114,-0.12808754296393673
-0.070602151396711832,-0.071886074915161038
-0.068943310303533054,-0.015531342510559801
-0.063003389145728658,0.037372977000536454
-0.052640295461957393,0.0835492559069414
-0.037546013938630433,0.12231333861895247
-0.018991774707745542,0.14938707566891798
0.0056062632368464385,0.16353314562438709
0.033375373832711226,0.16621935984089425
0.063476777980462251,0.15922383718081182
0.095108179084181871,0.14515082744020955
0.12751410135909491,0.1270158463435897
0.15995089323762787,0.10777420390813228
0.19308822416323901,0.089053335110563431
0.22362362675809086,0.074127711736495711
0.2511280016816842,0.061460921381986361
0.27386876454143638,0.052062139499952635
0.29045452014874251,0.044511917285803095
0.29968571405170136,0.036642712199228558
0.3007098101123275,0.026032716653506701
0.29316200549538873,0.010585064620793467
0.2787328423692918,-0.010641199084396896
0.25647989741454047,-0.038052044510940235
0.22610251764713915,-0.069593294561064056
0.19113615982861076,-0.1025118853384617
0.15403511183852339,-0.1326484597999977
0.11739715812856104,-0.1553165417171451
0.08369850225832276,-0.16608611833576392
0.055039430991860247,-0.16161621112469035
0.034400082235955656,-0.13849486702412658
0.020575954636466252,-0.10111115187714645
0.012627853805102505,-0.049811835743313305
0.010730402078826836,0.0075022375565015863
0.013659650235105909,0.063503086366487091
0.019850065350811786,0.1105399529714928
0.027591224984703823,0.14173577101656132
0.03521576413155722,0.15201135444738137
0.042721598410929831,0.13969022971013426
0.046564737999440033,0.10341307877225099
0.046606611710791813,0.049492683441656048
0.041941506801295263,-0.018190653233667291
0.032444206883852231,-0.091883991807422391
0.01843685863145883,-0.16286081371601877
0.00060420067795812968,-0.2225760754902176
-0.020120685152661834,-0.2638036651233841
-0.044149415410100042,-0.28023424110597606
-0.068240151363745491,-0.27164779168450554
-0.091296879411191939,-0.23997333034524704
-0.11275578168764712,-0.18832540613525289
-0.13209177317076565,-0.12283334947035592
-0.14911201002890356,-0.05095140628873733
-0.16389765674643919,0.019544313635667655
-0.17670024227922507,0.081530004541738046
-0.18869447680298806,0.13123570942362292
-0.19823551034081455,0.16230963761695835
-0.20753069553435366,0.17251352045740867
-0.21460764859353224,0.16328433395042066
-0.21892641732730192,0.13712918252686815
-0.22004254464965264,0.097890985221729593
-0.21774139547249138,0.050107466015263238
-0.21215173580404792,-0.0016171428515660857
-0.20410922141968366,-0.055033479001448345
-0.19343796520370532,-0.10395825142514577
-0.18433077622517086,-0.14603362005352435
-0.17590477574156152,-0.18008737355713297
-0.16949552369509707,-0.20569678708727562
-0.16642530585652326,-0.22323615742472597
-0.16777400074720977,-0.23359104314565549
-0.17413384202613286,-0.23786752921130794
-0.18744778549606769,-0.23850073531981286
-0.20347055319927623,-0.23454542364908762
-0.22115941555751706,-0.22576665595192499
-0.23744243929717099,-0.21341692006139448
-0.24926478936996543,-0.19791005965893788
-0.25368010671688984,-0.17977565562011991
-0.24824552768000491,-0.15979255495063177
-0.23136772542358028,-0.13907861169125793
-0.20460179672694237,-0.11829711651890377
-0.16535824511453964,-0.10020942912357601
-0.11627076337493862,-0.08769315958341109
-0.059658464763137388,-0.081696386868767443
0.00098655758020166698,-0.083610607704197884
0.061648225812539106,-0.094216582025319962
0.11821230127277664,-0.11348484927916691
0.16690651988711419,-0.14045315742809203
0.20557762980274044,-0.17239392911483403
0.23076663908061487,-0.20842964762991997
0.24225658992532006,-0.24239116426296345
0.2400925893976614,-0.27279544334191741
0.22583287209514821,-0.29610355490344686
0.20202767842895863,-0.30895025106735108
0.1718842168335212,-0.30850794562705136
0.13887377851198413,-0.29283684153946071
0.10663076313189497,-0.26306886616548331
0.077079198981129735,-0.21657738318169467
0.054434933784177693,-0.1568102718611292
0.038265609060332523,-0.085935935069931538
0.028876549175075015,-0.0081755712343188347
0.026005110965495112,0.07137408750168979
0.029032004652458875,0.14724625368338023
0.037198894107253633,0.21418829164046188
0.050672670013341026,0.26747393104281242
0.067047068696790724,0.30427296516733332
0.088147551564997539,0.3233752414124082
0.11199739583288582,0.32470036135919578
0.13829349078062564,0.31005706340938927
0.16682441681403562,0.28254143495223621
0.19729872200551135,0.24604048714846724
0.22915369540511371,0.20464991388254267
0.26168255829944531,0.16345481790240088
0.29240462797491706,0.122611574710663
0.32131653468752031,0.086726700654563796
0.3441969386168971,0.054024337990568549
0.35822278723431705,0.023798090799332802
0.360868336103422,-0.0050875977806828588
0.35028253879804205,-0.033743936909786276
0.32562004891792773,-0.062835895416399001
0.2881523223547599,-0.090915936708411998
0.23773784928163658,-0.11936353105121748
0.179510583337639,-0.14496300550786786
0.11564490649347021,-0.1662870096460583
0.05055500018769659,-0.18065921441602376
-0.011019894115547792,-0.18538633003320465
-0.064548979410835566,-0.17822612618627964
-0.10625851503737838,-0.15782660567374046
-0.13273525933377833,-0.12487507923266367
-0.14391013287670354,-0.079836056983582371
-0.14241001483503701,-0.023662714812667983
-0.12899293224096864,0.038287434927741948
-0.10718531833489414,0.10121207397798468
-0.081338158428627724,0.16004051083703796
-0.05602602709023595,0.21000604180662646
-0.035411441600493164,0.24718141764692461
-0.021791830462614709,0.26700911246390524
-0.018015037245091955,0.27067159725350876
-0.025289715373285539,0.2608784597584487
-0.04124634898514274,0.23746017947571776
-0.063064399348731093,0.20318638408588258
-0.087078076614824682,0.16146520034157874
-0.109378508804861,0.11588825291971065
-0.12643552186345228,0.069793771168237748
-0.13593474114295084,0.026181324803248331
-0.13601895032136646,-0.012848521239213307
-0.1273103853380616,-0.048870934452474785
-0.11100720224578887,-0.079552787745312659
-0.089754683038991187,-0.10517611781754138
-0.066907747104596071,-0.12651736198635327
-0.045988270048499799,-0.14457117108255374
-0.030133407832149066,-0.16027505925894897
-0.022503962595809425,-0.17292890712325634
-0.022151640095096167,-0.18441701925929874
-0.031859845692168522,-0.19611303422244944
-0.047750337176576084,-0.20588824898755398
-0.067257586013651088,-0.21262580429479341
-0.087541535323850131,-0.21506991688386048
-0.10595782428843191,-0.2120428540412104
-0.12045318269144401,-0.20263805305660404
-0.13070758713354069,-0.18825726918502675
-0.13441768292720255,-0.16621413806544794
-0.13518947491056632,-0.13622130505397426
-0.13184787387288596,-0.10000111491084605
-0.1258358289503157,-0.0589492344211551
-0.11888508526391021,-0.014819027169795993
-0.11270856523371779,0.030437960509637166
-0.10870980541970812,0.074843124943755251
-0.10628691532106292,0.11736668900533748
-0.10820739477594886,0.15490579487602982
-0.11249525377399289,0.18752375776352545
-0.11918719771279387,0.21342113333679147
-0.12682238653051736,0.23213669302797535
-0.13353552247340403,0.24369447819328988
-0.13734432426812926,0.2484860112702775
-0.13646836834353634,0.24709506605112391
-0.13109643527977127,0.24091148054523481
-0.11850077102266451,0.22969394798026252
-0.09886129060436849,0.21107901488271136
-0.073574829935191571,0.1869932648657788
-0.044582754448436061,0.15722814577292629
-0.014400343469777812,0.121501234097384
0.014258821647526808,0.079718155485176342
0.038913670865573798,0.032281276617684054
0.058611907243796883,-0.01826838925302272
0.070835371614539164,-0.071782115155207035
0.077247725572266487,-0.12520598033142422
0.078180218729016329,-0.17429492305724398
0.075888470804039279,-0.21446308816024076
0.073293416294914676,-0.24104601475288928
0.073440516178836596,-0.24996215884458209
0.078882831874711332,-0.2384041101841779
0.089628763998303107,-0.20354687690851991
0.1078189399442978,-0.1501425793086564
0.13182467515974816,-0.07973532997638802
0.15802890871158937,3.0703614139979635e-05
0.18176369043970975,0.081526459423866132
0.19769525375732136,0.15666992012704364
0.2007067006770849,0.21790680190517014
0.18684841138894098,0.25914501013063851
0.15331487840147379,0.27461046640701287
0.10188617258083417,0.26559573523776436
0.037167148179686006,0.23518020827124472
-0.035622523063788283,0.18599232528192144
-0.10848212135607353,0.12379996214944014
-0.1725493682198235,0.055353404127869626
-0.21936333224083859,-0.012500824783467481
-0.24215851793107299,-0.073655834655538016
-0.23610057800833001,-0.12530799770754911
-0.20245644791732414,-0.16136203713980507
-0.1432636899699293,-0.18235260510384957
-0.066500288218253781,-0.18806155496719934
0.018259834530817677,-0.18075580295950855
0.10027693350730793,-0.16390886076295197
0.16914853688075018,-0.14163802912080745
0.21627659201194255,-0.11813628533377986
0.23578116670902852,-0.095283285109607749
0.2260143725112651,-0.078393469744431343
0.19030152475788184,-0.071736486559568352
0.13341472870035656,-0.074219208829683511
0.06374394613578116,-0.08559333814654016
-0.0088187632014322098,-0.10475191384021615
-0.074293465871078782,-0.12996568700109329
-0.12398713663163535,-0.15911858581897617
-0.15367902190424915,-0.18909776492206332
-0.15695124809457334,-0.21892651332611535
-0.13484547565011873,-0.24582974846179051
-0.090264574336480566,-0.2680743790410885
-0.029091368778778038,-0.2837521196413258
0.041050967167541329,-0.29108648048774355
0.11192280003842413,-0.28850570091594435
0.17579237506844803,-0.27475592320096659
0.22434058372503504,-0.2493145758871019
0.25692104879064132,-0.21202790749834366
0.27024859822088515,-0.1616432490711209
0.26616020889176062,-0.10109890557210732
0.24730839819695874,-0.032760031565330645
0.21737621528734871,0.04033745706799273
0.18037551477986338,0.11466117586192973
0.14003429847764132,0.18640547549901249
0.097898710636166508,0.25147226619069762
0.058639730410252083,0.30732278086031378
0.021985967406618231,0.34819504932821599
-0.010406615507344695,0.37390601784120669
-0.038342401524369608,0.38310042361887692
-0.061918159320662747,0.3752028242198906
-0.081248968539921793,0.35045594359725663
-0.096265890285949757,0.30994125601554934
-0.1045668200481714,0.25638726320668281
-0.10922805766062689,0.190968459618481
-0.10711986660423606,0.1183546875052271
-0.099422505410592152,0.041480597275847908
-0.085816158615606847,-0.035466115240956525
-0.0660736927508591,-0.10811708421712513
-0.040199089053249239,-0.17225801339672811
-0.0085542974043761009,-0.22420524982252096
0.027755553116750171,-0.26090456913402404
0.068377043041152163,-0.28147114766336639
0.10949286514883168,-0.28456179940773307
0.15074615378945605,-0.27240029315838299
0.19003871882729587,-0.2476178523422137
0.22519113476109989,-0.21373675837991482
0.25419843876808745,-0.17473461040758148
0.27551395392892114,-0.1345616066432867
0.29036854566769071,-0.096950320608778132
0.29537018016262068,-0.064530902729885181
0.29319031147572494,-0.037004390958601946
0.28465010914597422,-0.016296646140905483
0.27238646120380483,-0.0019067531784036724
0.25962367549091364,0.0075020029718587599
0.24966016400243621,0.01374608646496225
0.24526346339002589,0.018710791656375018
0.24895658474292062,0.025854040650511452
0.25990869875680855,0.032529488935444696
0.27448806192896397,0.041819548124053557
0.29080455826105572,0.050692856454222016
0.30415186666856781,0.057653808405722616
0.30913861838633427,0.061181620055048916
0.30056392050279962,0.060052850710604379
0.27436863324267563,0.05358862284270309
0.22761935618370507,0.043680047774981565
0.16254744286999206,0.02867512215447195
0.081216760572532271,0.0075310213751294429
-0.0091901282908488594,-0.016125418462055299
-0.10051061593783006,-0.040371716624960564
-0.18377624844623502,-0.063353102214092225
-0.25045256522192283,-0.083490614378239528
-0.29367440601341088,-0.09960884801604214
-0.3107489036013934,-0.11124619562344536
-0.29890137441626374,-0.11702328736538273
-0.25996938125198948,-0.11957968398353284
-0.20088648647171425,-0.11687542228421591
-0.13024793426363901,-0.10901443165285708
-0.058026382050979639,-0.096348838941964943
0.005790433318650744,-0.079487010354177184
0.052556119579427373,-0.059303307987498458
0.078169300417715207,-0.03721050381623002
0.07664518432158153,-0.014810254771487268
0.048630033668762618,0.0088526619100897288
-0.0016688364377941143,0.029857652821448945
-0.067479396383128401,0.046237175080938026
-0.14019564296857592,0.056262063752776065
-0.210628611959847,0.058603497837484128
-0.27029332196495681,0.052456504689254529
-0.31224642557941723,0.035715687280111603
-0.33225743349501097,0.011459203884263519
-0.33211552373587905,-0.018576344733407319
-0.31140353122948827,-0.053751332195856837
-0.27425106362857177,-0.092406009256719074
-0.22647093371805876,-0.13280047414134194
-0.17453289051346435,-0.17321035864017406
-0.12449354966553421,-0.21198161638247129
-0.079591025238100049,-0.24727593303119766
-0.044119706176811949,-0.27793478898903623
-0.021038859310975086,-0.30285633579877103
-0.0063124049680844483,-0.3203938116220279
0.0037236897015248569,-0.32928015469038685
0.013579768481728949,-0.32846113639599656
0.02764195977128172,-0.31724654953434261
0.049233063551438409,-0.29548777946761551
0.077808918538722849,-0.2651019401556679
0.11631508119385656,-0.225287084397014
0.15933828824937793,-0.17891551924147031
0.20379690032060579,-0.12858511396502928
0.24363725070857586,-0.077848479443594659
0.27220225849556023,-0.030599489413221916
0.2833043150553094,0.0093956109186215438
0.27230254232130252,0.039030802597795511
0.23612856725264134,0.05718406756439668
0.17631092723713612,0.061953946319387429
0.099520768595979262,0.055997581696464148
0.010261230079956378,0.041392103856736598
-0.082864549817332767,0.022502664783900315
-0.17030961262771727,0.0045989707817779531
-0.24288987924091476,-0.0069257636613658012
-0.29309850581641855,-0.0074311683686683564
-0.31416681788584616,0.0047871737498739724
-0.3080017769027138,0.032587805468481175
-0.27719086249601138,0.074406495222127264
-0.22752122431192154,0.12589053831782629
-0.16744142618463287,0.18087780416660154
-0.10651340433620474,0.23197348663581879
-0.053994341143414497,0.27166130875200689
-0.017474959067632582,0.29350856880564558
0.00027019161029319481,0.29299807812117534
-0.006039349204200458,0.26939212874939383
-0.031052784326975481,0.22438703311969188
-0.072013008106528636,0.16364842968507512
-0.12149837083847047,0.095061666115300064
-0.17059393641689194,0.027882380505509761
-0.21022400245063616,-0.028640153816725036
-0.23249402223760174,-0.066680983727275128
-0.23095685546800457,-0.081883668957733802
-0.20481670119616241,-0.071945666615756534
-0.1536655171725072,-0.036555714278064325
-0.082782991965161826,0.016453875810113712
0.00099542640494997632,0.078462792435328457
0.089413758987859845,0.13947153754812283
0.17394502769043668,0.1896231977376675
0.24689270831295065,0.22070537177476671
0.30433733784347311,0.22875362600765314
0.3396961819131859,0.20940905156198633
0.35093818717878567,0.16782851881677618
0.34004850532777708,0.10756241452204368
0.31013237001168537,0.036951525839667626
0.26562655053886225,-0.034012618544678026
0.21153733255234583,-0.09518888822592568
0.15271172821496609,-0.13781216906815846
0.094716776181930404,-0.15607666753813398
0.038738890416191753,-0.1469782606031213
-0.015234537847637376,-0.11236998011189123
-0.065006514723321404,-0.057008808019904163
-0.11062699395267747,0.011191852170995727
-0.15255765935180052,0.082665250067512602
-0.19129041133078076,0.14765769850350893
-0.22703005227474551,0.1976967952298917
-0.26155385836303741,0.22764437280317137
-0.2915519025931495,0.23372020542706734
-0.31337023166746047,0.21672160196361873
-0.32786628775412469,0.18126316540374818
-0.33406475806298203,0.1342929659731108
-0.33147593228188693,0.084183086891820066
-0.3202918061627274,0.03935417488046361
-0.30147052317615741,0.0069257943350295986
-0.2781565674610238,-0.0092075008439665169
-0.25039183268841958,-0.0055581818811366156
-0.220553557365851,0.013414975463277573
-0.19136909494183851,0.045325272760407626
-0.16510190139923134,0.083562285964244767
-0.14362565569364591,0.12027736495929243
-0.12827678633116718,0.14767199606163559
-0.11979398511106522,0.15927861082172262
-0.11628707916631087,0.15075816306139325
-0.12111457152893916,0.12145900513352607
-0.1311999719344949,0.074001763029582598
-0.14748663299591416,0.013345829511883319
-0.16902253890789301,-0.053124089862156436
-0.1944327556000289,-0.11699163001205239
-0.22195630517488119,-0.17008880373175192
-0.24952299482605494,-0.20573094153190408
-0.27399196259735259,-0.22052657192384173
-0.29375218445919449,-0.21164492900259591
-0.30930428363303525,-0.18319054101505314
-0.3164714045651662,-0.13846612154292551
-0.31362154976842349,-0.084343881137840554
-0.29977411832688616,-0.028865847874444871
-0.27468584638199328,0.019968575763857792
-0.23885361521698742,0.055393210393957872
-0.19138599620016586,0.074756772260648655
-0.13687906551822909,0.073143979939113923
-0.07822743811242315,0.053356475473638136
-0.016817418863510528,0.018399277305936251
0.045191946740234509,-0.025606466904931121
0.10584038544902358,-0.071191887987973282
0.1633754458155236,-0.11069595997395734
0.21619021194527335,-0.13744142669230514
0.26066415327037357,-0.14647796200386728
0.29767444247839664,-0.13578982821522051
0.32789903765041983,-0.10816284086715568
0.34721030401606706,-0.065780330055912897
0.35344197667765631,-0.014371631555965157
0.3446050261788336,0.039058841358016412
0.31925060577244696,0.08734159580587314
0.27687180978047377,0.12426726684774862
0.21915127276250471,0.1474430740543152
0.14639906678296166,0.15228548092152858
0.065575286801067778,0.13983153139767079
-0.020373975095330104,0.11387800826206135
-0.10525796340154114,0.080051904713606445
-0.18230729163459111,0.04514113757577342
-0.24499811345957465,0.015961253318507718
-0.28797412052499338,-0.0017900244916860242
-0.30938422237936469,-0.0064023439755444295
-0.30661975649368967,0.0062151716317096596
-0.28112884314765146,0.032535221186819875
-0.23909426078600357,0.068919886007964032
-0.18819930677346511,0.10872948224614991
-0.13748686120800063,0.1441484355420993
-0.096041665628547268,0.16743159220436224
-0.071570025086202096,0.17218973213614502
-0.068223431833816489,0.1547784549628376
-0.089463131485992914,0.1136482692634216
-0.12967654037063517,0.053539771690902585
-0.18486775772181371,-0.021086148546699487
-0.24580060632263734,-0.10188500039422338
-0.30136826230915997,-0.17916264729565426
-0.34030130256500984,-0.24331910991616285
-0.3530050855970534,-0.28633289343893531
-0.33293305640899695,-0.30115115048046803
-0.27932887093481984,-0.2892139616093054
-0.19351166887616236,-0.25317614385037412
-0.085433177432887294,-0.19921908036088259
0.032742348852255486,-0.13642450030530331
0.14688875804278989,-0.075120132991169764
0.24298621183400232,-0.02528645818281422
0.30921678943887332,0.004994523540088152
0.33570084998674066,0.010531302138389124
0.3236814140078404,-0.0095106598308326469
0.27293693909866867,-0.050952855593944822
0.19416594392657172,-0.10798466460492118
0.099642185285973989,-0.17136612153567871
0.0033930859992558895,-0.23063739983023807
-0.08088903342902172,-0.27568919123797392
-0.1418194709843871,-0.29826083454833691
-0.1698229097452266,-0.29124086333908333
-0.16486250060786353,-0.25585651417347433
-0.13077337876300191,-0.19533848119260641
-0.072550707986501678,-0.11482993344109774
0.00030950007301689471,-0.022717842285101295
0.07683918107441047,0.071398650013696233
0.14626145372753444,0.15801505265876195
0.19948868433718614,0.2289113416493859
0.23229053097679056,0.27778444619930898
0.23790070472511479,0.30181091506753854
0.2200506851767299,0.30001679175209922
0.17967875211411788,0.27467047201008937
0.12222254516155771,0.22963337613668561
0.054620464206328448,0.16990089704788519
-0.015709420530645446,0.10088279345487991
-0.081802280878151307,0.027812340131590736
-0.1381572655256694,-0.042747378677915317
-0.18041782741276291,-0.10954547729476302
-0.20497253060068668,-0.17015054131641832
-0.21199252939652211,-0.22116750794647905
-0.20209145474731419,-0.26034356067993791
-0.17683698715474835,-0.28569910346501526
-0.13841606471494131,-0.29562119875782716
-0.089398545420255812,-0.28911137606423654
-0.032916286748162736,-0.26586795915540173
0.027706334658954196,-0.2282463850648912
0.091832797347286083,-0.17649885599830456
0.15334487374433525,-0.11742020157058367
0.20796599414911718,-0.057198040739712463
0.25142515066488119,-0.0027098594442773083
0.27977618984212238,0.039301088311241537
0.28979013235631412,0.063164988680535841
0.28142022094688229,0.067087252965133917
0.25154261735916633,0.047027846182675026
0.19882360025904539,0.0057599778431493571
0.12839400714229163,-0.05213697714393583
0.045038806468560948,-0.11916424412950832
-0.045170614242991625,-0.18611942025558459
-0.13548537274025485,-0.24338527884858047
-0.21919905650344826,-0.28237244865531758
-0.29126067914247955,-0.2982401117835054
-0.34607836670517689,-0.28677144362839913
-0.37995801698468912,-0.24688478620122595
-0.39328402400982959,-0.18592875147563398
-0.38758864274278393,-0.11266847095106976
-0.3660661715192699,-0.037912686823498694
-0.33299566581088463,0.027112072476632706
-0.2930470360243988,0.0724917176424731
-0.24911602226064672,0.090370089348266999
-0.20646206264866021,0.079600057809122937
-0.16901102346039323,0.038907878284850213
-0.13592370192197245,-0.023626659953103125
-0.10648575339816464,-0.098559086400395138
-0.079052658208569423,-0.17467010757721832
-0.051633362482842379,-0.24072128749454624
-0.022536946626831429,-0.28719958937462087
0.010506276044835486,-0.30750268485367177
0.044419903318063121,-0.29993111696532254
0.07871503787150845,-0.26625247214986492
0.10896820981355035,-0.21297465643494873
0.13095267142162531,-0.1492370417954175
0.14046071236220792,-0.085589458529805248
0.1340808884009487,-0.032308937833444205
0.10991815250757585,0.0022051040078810923
0.067249550117216436,0.012435690013766753
0.0098065852537730421,-0.0031653346719593398
-0.057498788135353855,-0.03934804803461709
-0.12850476276048994,-0.092073088611244788
-0.19580030352201008,-0.15281862595191123
-0.25195194252387648,-0.21180449981382321
-0.29048459109433244,-0.25947311140148815
-0.30676465754058446,-0.28788863723867247
-0.29659898573336119,-0.29048751494571651
-0.2631774033889594,-0.26745652373948736
-0.21238615020786886,-0.2205961186858377
-0.1477600244295158,-0.15447934905723454
-0.076396066493362558,-0.076117140118091522
-0.0060118170888839133,0.0064079126584499742
0.055993396718140603,0.085096052001433137
0.10339308630128667,0.15306046190261294
0.13384280881491592,0.20609897885511577
0.14127215925340225,0.23957442213143046
0.1289565419259972,0.25578690362815404
0.096478398059301251,0.25399014276756915
0.047411809465068615,0.23695689225993855
-0.013236579916091881,0.20848641144909563
-0.079652659958272004,0.17277294702234783
-0.14586746067915266,0.13384458804816568
-0.20723130469763434,0.093253490565067043
-0.2584371106418577,0.056678039384342099
-0.29342164028929218,0.025186181555144477
-0.31246944317952413,0.00026761797327327523
-0.31513378361419725,-0.017641601406279947
-0.30211873319665522,-0.028708920504541189
-0.27505793932735945,-0.033515177682566906
-0.23628962814782151,-0.032892756635516558
-0.18895134041195466,-0.029710961900267271
-0.13567813867669659,-0.02271215929020071
-0.080330821692961754,-0.010778542560255965
-0.026049153165967193,0.0027861173322899163
0.023710234755067179,0.016378866884265941
0.065606028602240476,0.028254490640937831
0.096596501115793515,0.036629715268535715
0.11416227314310746,0.039836643415481529
0.11448958536219757,0.037864034259559962
0.10008623060356134,0.027645577686463731
0.070522212646806109,0.0095900141188047759
0.027834770544814876,-0.016168547593363752
-0.025325213012485668,-0.048292732149191948
-0.085601352944527115,-0.084580619430579873
-0.14918444814169962,-0.1221671388510407
-0.21208675580705325,-0.15783590797312191
-0.27246343490608593,-0.18650030190932668
-0.32423251221129568,-0.2089586711550501
-0.36190410971660414,-0.22022214899540096
-0.38535599718170066,-0.22157176244559673
-0.39330044279836068,-0.21313696585563868
-0.38537505276781703,-0.19565491168059093
-0.3621400693277872,-0.17027943310653279
-0.32504123992615308,-0.13837510941027911
-0.27663132437061322,-0.10214699320496749
-0.21912217235907566,-0.06117096793757288
-0.15727891184417825,-0.018579552970724535
-0.093885410814926434,0.026302453115920825
-0.032754109398077852,0.072731057871344956
0.022428679811222672,0.11975933318215132
0.068416949942363595,0.16614233038850326
0.10272670946590309,0.21031357281301516
0.12421533824354251,0.25071588585807897
0.13175287581985776,0.28524586882726394
0.12854779263102065,0.31095188371569366
0.11525488727150783,0.32715389494400149
0.095120821869053476,0.33280901423303688
0.072182825003572912,0.32743825939290144
0.050803538951568791,0.31116994652465996
0.035135778405274494,0.28470556915301076
0.028301090443700015,0.25057149719765315
0.032503658342161006,0.2080658564690212
0.050473988387419719,0.1594609084918808
0.079738134274663114,0.10600614790381732
0.11791378036261409,0.049293219665915378
0.16159869133401991,-0.0090331042509187182
0.20684618313702283,-0.067267900886887499
0.24968597316502972,-0.12362766000351308
0.28514467625913664,-0.1754263046795641
0.3131396566552716,-0.22188838283779419
0.33062127339062169,-0.26126826110267248
0.33829916785720437,-0.29142447761376555
0.33684247819009872,-0.31064724299935731
0.32748902968816845,-0.31756475623940117
0.31174686517386374,-0.31133980999853511
0.29112764473897385,-0.291854905503101
0.26901123030753415,-0.26174809681031252
0.24257047428608197,-0.22018697298641834
0.21578080419282733,-0.16821357124528252
0.18667979877218296,-0.11056931900914171
0.15560889086925705,-0.051265658423705902
0.12333588537630945,0.0054078305036320412
0.091098663322182069,0.055293797699088078
0.060496063531799968,0.09479299005046847
0.031190746624214769,0.12206306812998616
0.0072038519834570361,0.13415144846743693
-0.0080457558426062815,0.13229094637414701
-0.016615319354323619,0.11681111081516334
-0.019495882131298197,0.09016225613450711
-0.018538459581647546,0.055785298253606612
-0.016125052682349407,0.017649514232690497
-0.014686295653035818,-0.020290149418407087
-0.016445830319365012,-0.055988704878388966
-0.021579218533790193,-0.084318273608347108
-0.03091974852547099,-0.10703055587688277
-0.041538367828544941,-0.1220689373875955
-0.050220503405269644,-0.13070213569300057
-0.053114230419142844,-0.13530064304792758
-0.046466270454780009,-0.138787093260127
-0.027446103972925684,-0.1439573631706238
0.0065579434062443282,-0.15144154484770858
0.052270774714742681,-0.16332888100474913
0.10602170239961639,-0.18090077264039678
0.16227099879087492,-0.19928605392517593
0.21371642951890041,-0.21413782485655478
0.25257625768535075,-0.22043208989123525
0.27176551144926986,-0.21336722268678568
0.2660746115308581,-0.1893222054167269
0.23520817640161659,-0.14643642323273021
0.17778315183700952,-0.086607539209495862
0.096088118763059199,-0.011764320379762496
0.00029755044705972094,0.070101220145102894
-0.099079155662434581,0.15060577579379719
-0.19046813130721252,0.22072424537886018
-0.26276047560595228,0.2720722781320718
-0.30682353559563219,0.29817290802264496
-0.31765002819764082,0.29415190203604596
-0.29138006232323727,0.26157855114671691
-0.23353806241184347,0.20665968026491841
-0.14822241581111459,0.13447997235747378
-0.044921081981424076,0.054408343441366316
0.064791544666919179,-0.023064344182055323
0.16879039926261508,-0.087789269547486809
0.25599452980305654,-0.1314001415062023
0.31807757560948224,-0.14769588146974938
0.34955396961503088,-0.13602351084693518
0.34894160453113732,-0.099660974475859782
0.31933172402912885,-0.043622526599850747
0.26679023928225176,0.023599231576630322
0.19955614999864549,0.092096018006556507
0.12669002201739432,0.15197053132918178
0.056685853191519336,0.19471903484231742
-0.0016809975183762487,0.21625904147268285
-0.047596048422907281,0.2108196331266198
-0.079153799627250956,0.17985355371347053
-0.098552600206893687,0.12681969058372336
-0.1096870014819436,0.058126087069938256
-0.11747104941673633,-0.018129309446065545
-0.12676267612136632,-0.093318431746554839
-0.14137455198526669,-0.15943257100113828
-0.16245713984510957,-0.20869922630071225
-0.19115956250160293,-0.23951278309290888
-0.22548731956068702,-0.24815258188068037
-0.26123213256572458,-0.23714818940241086
-0.29341668216921274,-0.20950972924018327
-0.31686188111308239,-0.16940250570800311
-0.32706147770218974,-0.12142847157591538
-0.32092547979743391,-0.069993784334214437
-0.29522386262195749,-0.018040923050322739
-0.25358567830693413,0.030025533416230973
-0.20053294557727189,0.073498366457565453
-0.13893058887581516,0.11014097098478844
-0.073906889260096365,0.13915204810170359
-0.010712410559056992,0.16011882762374952
0.045902677693404115,0.17281046270923209
0.092166530389974591,0.17704837350040095
0.12468046057033912,0.17132214488009373
0.14292219258393205,0.15830007511497085
0.14951838826595001,0.13528372463658553
0.1430146190783331,0.10511390908386739
0.12462556782350628,0.068989125904585696
0.095936185360475879,0.028356165515828639
0.058723542091635127,-0.015121463209533429
0.014872642932304454,-0.059625266266804935
-0.031562315547433537,-0.10191649506301569
-0.080908772778389051,-0.14252930112005843
-0.13316637939677423,-0.17841803989777311
-0.18335525556992879,-0.2092230503817252
-0.22823087180106594,-0.23395891085078771
-0.2644673785429264,-0.25187209513555686
-0.28902759179302168,-0.2625062837311114
-0.29962061054096112,-0.26578265879349738
-0.29487673021026922,-0.26343490465649744
-0.27567550103255029,-0.25380214949788471
-0.24468332242568552,-0.2404102416996852
-0.20563203360337123,-0.22345278564866758
-0.16390951206898807,-0.20499495291118791
-0.12563118286391475,-0.18742299378905014
-0.09679629134840409,-0.17312288011138807
-0.082356032956955025,-0.16407498206184276
-0.087399670413872324,-0.16116287261827858
-0.10969451488303424,-0.16523711812113051
-0.14522346377716197,-0.17299981310010212
-0.19046468966035468,-0.18332585484392638
-0.23845691036071939,-0.19258081789844247
-0.28122679601112843,-0.19646312041210032
-0.31097544763025942,-0.19070140310392369
-0.32130704765498524,-0.17185649902919303
-0.3080055465351802,-0.13998586126524135
-0.27149150034659519,-0.092580601685417208
-0.21163802940932472,-0.032429265622695228
-0.13681424452173413,0.035134214756581052
-0.055635502963138864,0.10305524665409325
0.022179967525758262,0.16318027590307038
0.08716953163809936,0.20743247507799142
0.13143587892773165,0.22909386609505383
0.14883000601976998,0.22588055129321594
0.13903718354561637,0.19452233015862172
0.10218369458549345,0.13653374979634209
0.044020735881756971,0.05999751100987441
-0.028287375032955933,-0.025386460109225465
-0.10632685336713846,-0.1082253328327908
-0.18155691554925196,-0.17704501116157742
-0.24633711879466555,-0.22199282117398525
-0.29266379149819444,-0.23555020661274956
-0.32003555763595243,-0.2167887215327603
-0.32615614293131406,-0.16670392022099872
-0.31208723548497741,-0.093048597669650734
-0.28003670600320907,-0.0061789990747624663
-0.23310244021672838,0.081668567392270575
-0.17477921805010185,0.15822190058087324
-0.10860974000507247,0.21303843053074176
-0.039484541686802245,0.24099436526504542
0.030892208051883942,0.23597997843864366
0.10178861799247894,0.2032688180135051
0.16753661129687786,0.14728932099317921
0.22435390768079794,0.078031708419762466
0.26845047703292368,0.0075931710271955333
0.296363037929113,-0.051733617846329231
0.30543332798924616,-0.089423030733974229
0.29581741675323742,-0.096519746237896956
0.26546649960856938,-0.073991755002933576
0.2185259252676211,-0.022268393530351194
0.15868252800892729,0.049586905792083635
0.092510283059615478,0.13053329868272512
0.027911109530311506,0.20791657123466284
-0.026907619257846682,0.26941569992131897
-0.064657167305738131,0.30490700127460751
-0.082247189211445429,0.3087684544755866
-0.075171449819822558,0.2776163959923269
-0.042718286581704665,0.21562645927708815
0.0073992545917580732,0.1289156200045746
0.066306235438303524,0.027598071986697292
0.12314083554641587,-0.076569250208262662
0.16670313873706177,-0.17191496217690014
0.18727339308393554,-0.24849651587475743
0.17977064783463265,-0.29914088077654988
0.14010150703773047,-0.32075285187316355
0.070277962084412421,-0.31609813871626552
-0.020955978695315701,-0.28817662889048801
-0.12175149794778425,-0.24407603183402043
-0.21796104932282989,-0.19240568178680267
-0.29527914817571327,-0.14195166928980366
-0.34150502769796892,-0.10041444694250239
-0.350028340814242,-0.074229088815337393
-0.31673268964280893,-0.065535817213628791
-0.24270818402226776,-0.072774778748420005
-0.13968535075649605,-0.095116593372690947
-0.021888709615959095,-0.12853140191640722
0.093990528648299501,-0.16796341561657954
0.19130953342343845,-0.20820311628579655
0.25603151603357654,-0.24466331315236925
0.2809754535529515,-0.27367222844422695
0.25989656018706397,-0.29327118588072898
0.19742133761853417,-0.30480846265561445
0.10316836728913871,-0.30748153156492808
-0.0079715054182434662,-0.30270000295148958
-0.11837388183566656,-0.29229812719928261
-0.21038171703029615,-0.27812454604596787
-0.26904194239388407,-0.2617319871387207
-0.28415351531952482,-0.24285819754750129
-0.25220029948070027,-0.22431958293707677
-0.17982676878501497,-0.20576150656966272
-0.075135498133734352,-0.18770032262284142
0.046631470957960844,-0.17025926305839695
0.16747572813069328,-0.1535696161209254
0.26941299297557725,-0.13784540268714993
0.33724807312454375,-0.12338548285613191
0.36003480572927765,-0.11132042485435607
0.33564393239038381,-0.099982281717576116
0.26807430227985735,-0.092134722199873176
0.16734008736687403,-0.085206541903328159
0.048576504026353891,-0.078367084643514565
-0.07062499344572401,-0.070727924376940629
-0.17293159224796412,-0.061461435666755021
-0.24389554546401379,-0.04992198325291769
-0.27261523811236632,-0.037646454230367256
-0.25796661956382411,-0.022316114341197252
-0.20440477183647116,-0.0020600127491872521
-0.12043854379914844,0.020296754788405737
-0.019674764480342687,0.043428311458616267
0.082238683657933409,0.065743214684713003
0.17000614387167637,0.085543568868462053
0.23091244994355456,0.10119273062118743
0.25625593426504006,0.11046040427669689
0.2426934278670142,0.11327248558409732
0.19530239489784249,0.10997204542134977
0.1187677728067594,0.099539490640462067
0.023334956305320585,0.082225307771191219
-0.078912259257620715,0.058717052262552971
-0.17584647224183397,0.030090751542744987
-0.25693139437052948,-0.0022576193152153662
-0.31240586309714341,-0.038589009500940789
-0.34078922095905068,-0.07479955022461153
-0.34315377143995052,-0.10678776293938239
-0.32056161537839667,-0.13481519332309372
-0.27777700064054228,-0.15746588789225835
-0.22080340019719927,-0.17359515806963535
-0.15591170637852095,-0.18236558502597711
-0.088859043883027358,-0.18326558757430936
-0.02234754154701481,-0.1742142015857937
0.03635203147112525,-0.15891788212334976
0.087099868609676043,-0.13484439389342123
0.12628104166987431,-0.10503077490941165
0.15250379887255727,-0.070559759890851961
0.16494957135155938,-0.032379317732869499
0.16328004334273291,0.0086815893082992143
0.14766507797180101,0.051811219017230965
0.11803619958305826,0.096328195256686011
0.078084296576461279,0.14028244429934361
0.027452079377671013,0.18315548352024599
-0.027743261857807039,0.2218506885003797
-0.082746825330195894,0.25382775438107408
-0.13251259893484926,0.2765696676826222
-0.17223062565304439,0.28795598701814196
-0.19791384682020638,0.2866731113610233
-0.20783530071828915,0.27069023996199743
-0.20031777161089548,0.24416265657389502
-0.17474442687943129,0.20990851203643227
-0.13598901986420781,0.17187209677679002
-0.089137426804861877,0.13500267020888732
-0.040356668771118667,0.10436190581334913
0.003866078920092966,0.084416207329708559
0.037539507559336542,0.078348896532750179
0.056214558238616132,0.088316727124959332
0.057010790522335104,0.11250593093841915
0.037215339210672646,0.14693705290220188
-3.7519401151627667e-05,0.18758692176296676
-0.051189189188905089,0.22834558648003478
-0.11131922719964034,0.26261466551915097
-0.17480999186575497,0.28419183067797571
-0.2360419990447665,0.28812369351806782
-0.28913886545185746,0.27221263929435008
-0.33225475676695698,0.23447088008861922
-0.35988557950961086,0.17727048602150838
-0.37341051992117985,0.1043484033412288
-0.37326195163441123,0.021557887709783161
-0.36065138514983014,-0.064113105807923801
-0.33722713800498388,-0.1453735299608174
-0.30478610718377358,-0.21546066525735608
-0.26420393015759736,-0.26966988067190151
-0.21858637166419109,-0.30343072062793408
-0.16891686224225241,-0.31329583942850869
-0.11714637998405057,-0.30106809906722781
-0.06492227930186284,-0.26899127279518681
-0.013935297897079743,-0.22067278643454208
0.034069754862641015,-0.16056926865432644
0.077342705618201502,-0.093472368609254369
0.11452828462780847,-0.025418090236374209
0.14406304767767111,0.041729321574277063
0.16379922479083028,0.10300967637795665
0.17429112922664905,0.15660187582786356
0.17581435457120265,0.20040642822340984
0.16922652932991109,0.23277065835489397
0.15587428367330497,0.25243996282870851
0.13743777004392502,0.25857579877424719
0.1136811514884182,0.251113081933939
0.089060722100645973,0.23056006051202246
0.066712635481770116,0.19543329560302228
0.046186471039170653,0.14985672297789285
0.027912692685944224,0.096837350727479884
0.011768749753898619,0.039984986671512471
-0.0027964630878607264,-0.016762817835050261
-0.016569365294953779,-0.069489816248627864
-0.032399006797448886,-0.11603578597026745
-0.047579193226716381,-0.15126870998372396
-0.063094982782630857,-0.17483078765440391
-0.078191904838684156,-0.1851343741500707
-0.092186741940593439,-0.18276445533293723
-0.10431093052533974,-0.16952926444015035
-0.11387195328543856,-0.14813932507234759
-0.12040598721548099,-0.12175225343632887
-0.12467087489969537,-0.094272811993019137
-0.12624992662292697,-0.06635273138699016
-0.12312196115060395,-0.042378596948959082
-0.1185322510212312,-0.020618954885510452
-0.11377482030828399,-0.00037091576264767297
-0.11001793933637674,0.019633655336328701
-0.10809352317185388,0.040817673907593305
-0.10833797604339379,0.064318338284065787
-0.11197590705641354,0.090329533755345318
-0.1165926991731813,0.11817528337938281
-0.11834003671498497,0.14893167196516136
-0.11789680141073769,0.17803862302742229
-0.1138290469188739,0.20232844016415549
-0.10483420059625394,0.21862632142416979
-0.089920206207942069,0.2242836564297806
-0.068547738330265409,0.21765999775878539
-0.04276988334718447,0.19711911922729738
-0.0096557458288220564,0.16591240134342061
0.028147307452082354,0.12685503038623769
0.070355508540247594,0.083599895425935253
0.11528550390367942,0.040666655123669619
0.16085523038600091,0.0026004141926284719
0.2047638932593622,-0.026600374546205761
0.24471059072528453,-0.043973640317155401
0.27774301467133794,-0.049828914308859731
0.30388842385356468,-0.040521625468032903
0.32074114682897165,-0.020394646204950864
0.32904664320042371,0.010303204943007628
0.32922623307192245,0.048302473585065342
0.32215421104545833,0.089607549285839555
0.30902454781719413,0.12998205443532396
0.2912097078731673,0.16545469442530963
0.26925108282541349,0.19088007341049756
0.24578812598986216,0.20675518599495585
0.22230918625075777,0.21292855211852821
0.19962898158796719,0.20895193189949829
0.17862245240866881,0.19616984569401086
0.15994899187824888,0.17663187146408685
0.14409375102892924,0.15276296924379917
0.13141979313763111,0.12703566503040697
0.12192423323262605,0.1008812235830527
0.116023164180211,0.077117721390454044
0.1150962769566141,0.058027617279462249
0.11831675651855503,0.043533159873512792
0.1256663671324543,0.033900819816673158
0.13701312115121692,0.029058960263034551
0.15205281199298962,0.0287356817442148
0.17024834672187009,0.032573021407766058
0.18872962333581822,0.041552015991907609
0.20928733316254655,0.053470139225834115
0.23137733101833427,0.067079386316825806
0.25255887374050612,0.082790658001725179
0.27104383844111846,0.10019540596604827
0.28498744016116145,0.1188399292547458
0.29271046712941917,0.13820302749850163
0.29294413856600821,0.15769692199454838
0.28652722479098369,0.17479533101610856
0.27126605124894348,0.19226653405898247
0.24890837615893061,0.2073270457591454
0.22092432097095011,0.22122857311137453
0.18991138014744979,0.23374975994353345
0.15901687337450016,0.24453361467952639
0.13152386149482578,0.25312667222140112
0.11036287267023394,0.25907158801439395
0.095572190960495268,0.26393216618878623
0.091887156106233187,0.26459869657295532
0.095512767936752688,0.26208452004873961
0.10694949280438323,0.25663204821031138
0.12312524378878088,0.24931775241016194
0.13987190982598241,0.2416469213283112
0.1526049528397192,0.23527931640450833
0.15715707453020089,0.23165379471579806
0.15032838421652511,0.23022607858636074
0.13230715325212597,0.23338104278807992
0.10162463923842918,0.23765198954619637
0.064464520356082633,0.24218373671534146
0.02673819027042363,0.24363943049198594
-0.0047467205027367674,0.23801947272920307
-0.02340543045073026,0.22136843397094549
-0.024051825723410167,0.19061618752772999
-0.0018782780829820916,0.14467339207852656
0.039830711351891604,0.084380188197704611
0.09648945559668537,0.012319668781546157
0.16215982516845642,-0.064405466451766299
0.22796081192467299,-0.13760324972040439
0.2841902519418627,-0.1982274539947779
0.32176737497836572,-0.23770345959406436
0.33365074257280564,-0.24933179117638662
0.31453510220820879,-0.23143337620691215
0.26727233193052991,-0.18138894482745985
0.19373040842571917,-0.10464252192778008
0.10349315735259065,-0.0094273722916726962
0.0070565096569196626,0.092561692581744265
-0.084144226215228879,0.18793321834724938
-0.15929099246173806,0.26346222276802583
-0.20961968316587001,0.30804516618654676
-0.23099443038295969,0.31579304413274289
-0.21863526283157833,0.28290213968918348
-0.17767821925604735,0.21122013965269892
-0.11107293214630413,0.11097362630412896
-0.026616232591516943,-0.0047456390131524915
0.066185837973586265,-0.12044516196868529
0.15735473427304067,-0.2204539119200512
0.23764359084485509,-0.2912116491920555
0.30101001231662389,-0.32300023393924232
0.34037928325185091,-0.31167474416407615
0.35245497812171195,-0.26193458077685294
0.33846016312803551,-0.17945917549471699
0.30111887307902413,-0.076400163212192534
0.24492937457146816,0.032376974172175027
0.17544758721169101,0.13156808765492603
0.098579524230498192,0.20775895461850891
0.019099774801587671,0.25116734599537155
-0.056357786601738867,0.25861718168984865
-0.12511111648103621,0.22904767060203202
-0.18299596376615232,0.17171938199823031
-0.22777501344246717,0.098067091163525535
-0.25813902356415391,0.021674191538981698
-0.27353672979525284,-0.043934708571942337
-0.27400343222848128,-0.087429711479840688
-0.25914606746848168,-0.10221695981201895
-0.23109785548340048,-0.084339925391538451
-0.19131981131172654,-0.037868613039263838
-0.14113948489444217,0.030753367997997889
-0.082537371609275795,0.11078056754887047
-0.017895384580893903,0.18971473463036972
0.049982046205888385,0.25525831072121408
0.11789055318080237,0.29717287699413075
0.18025384636224973,0.31011202811702382
0.23725882510577698,0.28924122002542385
0.28206989212912148,0.23899075705653325
0.31392245683833586,0.16408243729957636
0.33030471354743346,0.073781972205113289
0.32925720073094511,-0.020900739788772695
0.30967719086329726,-0.10885102001307274
0.27164009720863658,-0.18042512329033378
0.21755718091197149,-0.23062253899039731
0.14872046206586537,-0.25251289534777077
0.072051504156090129,-0.24946162748985534
-0.008133574918702615,-0.22294231360788611
-0.085022121989246108,-0.17919583214198676
-0.15143138000285605,-0.12622538606414974
-0.20065696178421688,-0.072476392686105492
-0.22739901012322411,-0.025516695086455866
-0.22774036256774496,0.0093488575651405094
-0.20222774298652288,0.028226821036270885
-0.15655302461124745,0.033926503857721869
-0.094413110810627823,0.027131067534279164
-0.023932984154031518,0.01262664323295493
0.045395481446433079,-0.003551880182628744
0.10401379831521708,-0.015273245897051204
0.14369970481879882,-0.01746381547956416
0.15679480411241226,-0.0089673640348994343
0.14454707334993669,0.014033174035157005
0.10812748752178489,0.046959814514642692
0.053800834525163523,0.086701327534093195
-0.0096464786102435449,0.12682331524099899
-0.071908655993346365,0.15995275794104055
-0.1227072121601329,0.1790232945400175
-0.15334513944463049,0.17853600487715887
-0.15831590638323559,0.15589759434082656
-0.13581451461907124,0.11105673563088422
-0.085106151676930683,0.048400826949383753
-0.014343318857477612,-0.025310882108808819
0.067583810074064554,-0.10077280335495872
0.15031706470966461,-0.16769013680429737
0.22351414218096616,-0.21628451130929197
0.27825913932550916,-0.23878912436830399
0.30965836521134299,-0.23042672538532713
0.31280879768913522,-0.19053975617551466
0.28629844349835337,-0.12549898332523593
0.23520946459616368,-0.040762038147887626
0.16567198130300159,0.053426100515747463
0.085346344429469478,0.14534338917644876
0.0023455728671652998,0.22346111221734125
-0.075765987412601835,0.27811656298313969
-0.14422853620553833,0.30211601502452395
-0.19587317786676067,0.2941085510436211
-0.2305745149419543,0.25816410129917627
-0.24596382543926759,0.19927172570987986
-0.24288533722023051,0.12692169231380435
-0.22351107739892434,0.052321132462149214
-0.19084447526489207,-0.013279408506418122
-0.14823454303468792,-0.060241028516722278
-0.096918736740781011,-0.083271813309559878
-0.043539153082602221,-0.077601760113915119
0.011792252931934187,-0.044535252344179314
0.065159565362168173,0.0104459978336266
0.11475499834360266,0.079074119598299644
0.15930963200900919,0.15132839312228549
0.19791316844362117,0.21695009458774306
0.22980218390511753,0.26692867500289053
0.25211295833497033,0.29663056510748309
0.26734857191542155,0.29995318837355239
0.27274163462009893,0.27718788721278376
0.26818466334286895,0.23212200873701691
0.25253470755154811,0.17101704137799809
0.2247582053840107,0.10182789602955188
0.18430652654897869,0.032968741381559773
0.13153702712562623,-0.02790653677730431
0.067798960131828928,-0.07411233763507416
-0.0035734439326822682,-0.103227822144192
-0.076705123200733624,-0.11551784123284839
-0.1465873067408186,-0.11192153008595904
-0.20656067839230136,-0.096120574336821404
-0.24996307526623815,-0.072918667682899452
-0.27105858482830147,-0.047323668660050965
-0.26599304227229342,-0.023677033530102597
-0.23156111962058401,-0.0030745296781708731
-0.17235218677593647,0.009836755689845874
-0.096223200031655798,0.017811877272828024
-0.009288217344508902,0.021198959492010779
0.078309723307462567,0.022950810046350148
0.15568022770894163,0.026614647336640158
0.21263332853595454,0.035567431298105759
0.24113614252153634,0.052271958539434477
0.23684371585476763,0.077950717222422847
0.19857478350420024,0.11190710122458773
0.131603148245164,0.14879264403371009
0.042937061790057074,0.18641369496725541
-0.056403737997672128,0.21959757097937435
-0.15369910254481814,0.2428296707753313
-0.23623443012460069,0.2511078332907743
-0.29302869941027776,0.24077597986279387
-0.31544451490600944,0.20830481465771214
-0.30164033179916427,0.15734634967742697
-0.25141832888159527,0.091203338139171003
-0.17147770405708188,0.015149192902879999
-0.071081262552816132,-0.063929396023969867
0.038407958234499183,-0.13870077574041939
0.14508293931130903,-0.2023592591444639
0.23801958799088768,-0.24952293820622037
0.30825853745648402,-0.27882050803502384
0.35138881989423559,-0.28590292906696829
0.36245539462855936,-0.27546827396932999
0.34511485923671487,-0.24909458733202658
0.30356941499808393,-0.21211285420462758
0.24370714289972517,-0.17095337363860771
0.17212192590004372,-0.1322418392484673
0.095234586936367507,-0.10188327713355214
0.017171957074715409,-0.084539851478225833
-0.055285398313463248,-0.082202368497966416
-0.11967884864476898,-0.094558421966958781
-0.17355085611637835,-0.11969814756986562
-0.21575110498242001,-0.15364587358446874
-0.24585912786453071,-0.1912712781083325
-0.26392882546066532,-0.22705851038797056
-0.27032269328757885,-0.25588214726573283
-0.26654115985456817,-0.2723187686292825
-0.25263253151097453,-0.2760147389417224
-0.22809223199182491,-0.26552656630871246
-0.19644307091554533,-0.24211194441656397
-0.16031913815098353,-0.20797178674733549
-0.12282973779599329,-0.16604370366459581
-0.087331873881329042,-0.11948706628034991
-0.057095638454108505,-0.071222642445099293
-0.035789468101439625,-0.025495103900144759
-0.023473822030482747,0.019304223764817888
-0.023060166200089129,0.060838974178089887
-0.032159534344201351,0.099917658819911367
-0.048697120234564843,0.13665815609851603
-0.069708225752558181,0.17101547775804113
-0.091722554525249494,0.20259999645235002
-0.11121240527632999,0.23064150589064816
-0.12298264155877783,0.25329054458454925
-0.12853029254643455,0.27118780687951283
-0.12329487353859067,0.28150009843395307
-0.10958036667118554,0.28555213449191114
-0.088374960094320276,0.28382599182817259
-0.061149346514187998,0.27728653223429728
-0.029598720866591439,0.26723117173296623
0.0045665646684228721,0.25504051951608259
0.038282850715280363,0.24106575537916786
0.073075002433132891,0.22660092065045695
0.10454868262709813,0.21405537559314156
0.13398488165455866,0.2004620868354795
0.16038338139549138,0.18411297744640603
0.18246220363940574,0.16299107752881686
0.19875175828865799,0.13521701774133643
0.20783497340150642,0.099541473220005228
0.20780784773782704,0.057149383027515051
0.1998695131873745,0.0068920515135017183
0.1842354982725064,-0.047135057978122064
0.16326680550738387,-0.10188982979992206
0.13999654606463593,-0.15237438825109503
0.11806197223580485,-0.19303277359688545
0.10115671047893364,-0.21851647288617823
0.092379871065026126,-0.2245166843233749
0.093890794953214632,-0.21042375062303068
0.10468185346571689,-0.1737778996929201
0.12577267212219742,-0.1147926414314895
0.15097800094811567,-0.040493023072957449
0.17482181988732673,0.041929389645683615
0.19126903500625136,0.12409402724956134
0.19467077214789152,0.19752512069066408
0.18072276918399649,0.2548068938450791
0.14639949105114608,0.28926934797344239
0.093514992203962991,0.30047148812121099
0.025684995392752579,0.28928920235229849
-0.051446763099422942,0.25934059599739695
-0.13015540014743832,0.21687479754105726
-0.20191809742227376,0.1695157135170211
-0.25855052258699102,0.12506534539895922
-0.29331834292297904,0.090283495614538314
-0.30332280550206409,0.071192643449211696
-0.28516610932434466,0.068185282479744896
-0.23962982624820653,0.07772179706913937
-0.17222689098067598,0.09792518135331188
-0.089924144856852614,0.12295764847424771
-0.0010911398367332104,0.14592547285183127
0.08558221966696479,0.16006411718254879
0.16215777372599952,0.15990402021233394
0.22382632024325277,0.14141251244895267
0.26441796193570838,0.10610221008539567
0.2823787323016832,0.053811586673822895
0.2790005208778078,-0.0079622040688151399
0.25748497992607028,-0.071922288530799197
0.22259537384151462,-0.13016145941314008
0.17986781012477038,-0.17530334927128288
0.13480203918414346,-0.20151816812064999
0.090097759012762277,-0.20553434232617171
0.05293102464394716,-0.18595629987842968
0.022889256439028401,-0.14495188575783552
0.0023120434033701942,-0.086175470236477841
-0.0094712333502339832,-0.015188023300071215
-0.014296494563518976,0.061593975418190845
-0.01462113723492962,0.1376924852644747
-0.012913489204000558,0.2072563125555387
-0.013139068616383693,0.26582945232351651
-0.012741477191502116,0.30920365895590529
-0.013048269989390538,0.33738170103842874
-0.011486750610357756,0.34814874664577072
-0.0057941087581769041,0.34179545988499321
0.0063204263659436752,0.31952908148488018
0.026586425185758756,0.2832452016152523
0.055644656683880474,0.23534698547550603
0.091799718843910874,0.1783568682171493
0.13430987818219395,0.11644666638794242
0.17795346784169083,0.050372246480400486
0.21892625791957585,-0.013990374513140186
0.25197456964908277,-0.072669775165848605
0.27198830616213399,-0.12194354606841591
0.27476859082451616,-0.15861632965850894
0.25773397363892864,-0.18031052768493849
0.21898472977921701,-0.18654462511332365
0.16209946151660912,-0.17577010249972744
0.093963433280707026,-0.15059851534242083
0.018583902028937532,-0.11266903068156323
-0.05673400158832928,-0.06564758166422284
-0.12428017298840988,-0.014083655445044103
-0.17686514067156608,0.037060097978061382
-0.20870176195377368,0.082959875655007981
-0.21817103073519456,0.11759087576239365
-0.20047194513222438,0.14121562915489619
-0.15953509488493703,0.15091517057802545
-0.097457275643246036,0.1479459581490935
-0.019978481111211463,0.13403549332590345
0.065689231255132027,0.11185700524570631
0.15174728460337616,0.084598963280054063
0.23075121587244293,0.055514375155939384
0.29794008666259048,0.028874535964626268
0.34697839274434755,0.0044087755126006462
0.37484131822185862,-0.014280909180577582
0.38268101316183506,-0.028190397450201153
0.37293128560254546,-0.037452945964639467
0.34965676922142286,-0.042466319577034187
0.31783789923278144,-0.04369413175040978
0.28258886035822428,-0.041541627585236392
0.24931087444312755,-0.035514057302929801
0.21990100184363892,-0.026532419870318895
0.19680463111084118,-0.017419666032403705
0.17996384425895384,-0.0065865643316453488
0.1684052826737637,0.0053755822514209278
0.16038628362193075,0.017564270137243435
0.15393133857131194,0.028858928483638809
0.14736247040939865,0.038124842126413337
0.14119402521625965,0.044215816139155713
0.1334601797360157,0.04766696710658281
0.12425151631260711,0.046985104973951308
0.11633760180175436,0.045020642396989038
0.11215985716902195,0.043907345729942704
0.11421138212459213,0.046104986527110349
0.12448827403150031,0.053971241422924449
0.14398719796936818,0.069285124561533143
0.17263073583023925,0.09091012033630036
0.20854737787386021,0.12076428183852325
0.24641821685713755,0.1583129301217916
0.2834405771377248,0.19870734048049338
0.31468370869774664,0.23731341605669384
0.33518024129691526,0.26892272805200612
0.34061413049377348,0.28846289447179096
0.32797082051649984,0.29174884604584328
0.29810307691309729,0.27751240928622006
0.24822951539565785,0.24334653219958291
0.18375181591245557,0.19007844328438372
0.10764371403656434,0.1224134229456751
0.025921094508083411,0.046080748787527444
-0.054512593765595967,-0.032050396956395472
-0.12672519382791436,-0.10485208463959171
-0.18466648519468701,-0.16587503069242765
-0.22546212782832831,-0.2088466469003899
-0.24412632648833626,-0.23303091240045923
-0.24433735722683014,-0.23828458014695697
-0.22670272260198646,-0.22655735950795161
-0.19621099775629341,-0.20196074393117761
-0.15946239650062316,-0.16977823273168402
-0.12367499458442728,-0.13558719861048749
-0.095563404004190292,-0.10436382293153029
-0.078215902126696393,-0.078361078917433893
-0.076875403872052009,-0.061495925454015686
-0.09384767678267722,-0.05279801848946946
-0.12388513065569261,-0.050434324689287928
-0.16131820164496843,-0.050743640974409233
-0.19894115597575382,-0.049226824428709029
-0.22923591520579861,-0.041418443731705154
-0.24568489762586948,-0.023766231334859469
-0.24307581653494298,0.0058994588936075064
-0.22119188560689365,0.047016918089862011
-0.18319298681837201,0.09677516012247693
-0.13343350594375677,0.15096863250998765
-0.079554446071165283,0.20370573225418784
-0.030416071329107723,0.24850926107589405
0.0053485577282888263,0.27926460573557943
0.020806194151617236,0.29113737305289267
0.012270306543392119,0.28158715807156065
-0.020435318607478797,0.25012749496137604
-0.075472076513281,0.19792603367832573
-0.14374935272251105,0.13043616268876818
-0.21509615246357125,0.05396907281834034
-0.278283139918726,-0.02434746136502345
-0.32272019831698456,-0.097515265594944459
-0.34009869791362568,-0.15956205724678393
-0.32718835431694837,-0.20761252987610493
-0.28074408644899768,-0.23688173813258895
-0.2081406041657925,-0.2504593870757485
-0.11519101787389666,-0.24833214660777253
-0.012924669513839719,-0.23418369200457659
0.085972332914421079,-0.21286131679694698
0.16893239717277142,-0.18959345724860238
0.2252844901184681,-0.16918354901457697
0.24805870907496197,-0.15394907608391564
0.23346974893559336,-0.14848565875708294
0.18553173865479972,-0.15087122836463701
0.10890879033955111,-0.16120201083955604
0.013320711481226577,-0.17660145798890206
-0.089342986376138453,-0.19311455069560982
-0.18673142434806539,-0.20642531012160861
-0.26776585083337329,-0.21263394273167913
-0.32266617515221402,-0.20869340992860058
-0.34949155769165713,-0.194161391294808
-0.3464750554896035,-0.16862293263268852
-0.31846505354557403,-0.13560066773372914
-0.27241528866377596,-0.099141822351288489
-0.21697595574263112,-0.063962182691082711
-0.16103253921641178,-0.034652263411834229
-0.11231433449475679,-0.014889274639860218
-0.078344333931179649,-0.0065152728608040113
-0.058967563952958858,-0.010006273293833355
-0.052044274631961721,-0.023776308998662003
-0.055955469474770619,-0.043821578816197464
-0.065854207830265868,-0.065155036178674838
-0.076145265323336875,-0.082319791599002864
-0.081536537496486247,-0.090274545927345837
-0.077946615711407638,-0.085240948324716861
-0.061070999543538666,-0.066190306267093102
-0.034034341540906447,-0.031714319956920596
0.002146922260798486,0.012585272004411646
0.04365586127344203,0.064096514191295875
0.086308565449755445,0.1167362164701933
0.12598375533542597,0.16366755151823262
0.15921964633609817,0.19827521681847737
0.1835833033848038,0.21514792475871111
0.19865180056303791,0.21281248191793811
0.2020546553844656,0.18710295009311248
0.19712495117823281,0.14224788474803843
0.1820515404375822,0.081117134551889847
0.15727405620702178,0.010175362923544968
0.12333729763729123,-0.062717522355561245
0.080943250380556456,-0.12938449462879767
0.031136245132598439,-0.18248121071591961
-0.024726486978527969,-0.21518526316083453
-0.083186929165939186,-0.22723389593722482
-0.1427844231096343,-0.21672841637786386
-0.19728216824804345,-0.188506435576065
-0.24133615245769816,-0.1482539181181278
-0.26960441695811288,-0.10291727326891113
-0.27748055492115242,-0.059594534842584597
-0.26187618401517598,-0.024437768627216406
-0.22221107648204508,-0.00038514081179658695
-0.16052732216578372,0.0081626843216743017
-0.078701790663954094,0.0040926093964160993
0.013681544082499162,-0.01112740695017889
0.10728013295127756,-0.032722937198021627
0.19199873328159933,-0.054823134573556455
0.25822712936152509,-0.071491793107179596
0.2980812245029929,-0.077765516284868802
0.30734471580717165,-0.070800823416607761
0.28276539894142022,-0.049573655362288964
0.22788788281001227,-0.015666415015737047
0.14731320666313341,0.026369890781937924
0.049458975724215065,0.070522294039350258
-0.055388436843420916,0.10996170181869545
-0.15639397882120279,0.1380957997499401
-0.24355402376377353,0.14959127875497411
-0.30746684654186729,0.14147606515060429
-0.34556213672477043,0.1125985275255741
-0.35567303624368696,0.065458696186915466
-0.34017473764035983,0.0042253485141028517
-0.30388697901343165,-0.06484273384053206
-0.25345720511850384,-0.13456145947770987
-0.19626712793041287,-0.19783706416610478
-0.13933750166715844,-0.24864719619357964
-0.088107661727479733,-0.28202693078070146
-0.046362016054424721,-0.29700626913370931
-0.017701101196524779,-0.29601387924108713
-1.271482542537904e-05,-0.28050447522736016
0.0089270891853608109,-0.25496587335142518
0.012243187826237735,-0.22479872696914682
0.013226982227896478,-0.19544855896666372
0.01467992472629147,-0.17157469389947994
0.019908744939216315,-0.15448787638734154
0.027186727888070465,-0.14893670212728008
0.036681143498716429,-0.15211842518120111
0.046529868928210809,-0.1634353852067352
0.054819942333020559,-0.17942595185775845
0.059756340702187639,-0.1957262835905933
0.060040114329040002,-0.20780863198047195
0.055090707574095392,-0.21173202239268976
0.043614000017643234,-0.20343214676861585
0.028190542178359469,-0.18406414301748186
0.011703874799489641,-0.15380449776083358
-0.0062726056790811478,-0.11557972956414485
-0.025005696305550849,-0.07321486650075458
-0.044212038699680239,-0.031101245213224778
-0.064046458887717844,0.0064686325050713755
-0.084935612620098411,0.035919691258131374
-0.10817630191424894,0.054599770170811079
-0.13179495370888059,0.061918808617665216
-0.15822395092944694,0.058764509934179497
-0.18365866857903823,0.046690010562053894
-0.20578033988519359,0.028405589091379475
-0.22199012528176815,0.0070207600161859302
-0.22982209932242526,-0.014462705303698409
-0.2274146075656889,-0.033594466897315385
-0.21307343288092342,-0.046893077248522756
-0.18941036691604965,-0.056459130046185413
-0.15551102599082331,-0.063456609306393019
-0.1173036463168259,-0.068254924614549684
-0.079497327739501314,-0.07236758574777194
-0.047004974886149985,-0.077302916781585226
-0.024239198174907491,-0.08427580077552542
-0.014442977657195386,-0.094018356648181478
-0.018867615836076351,-0.10644393467025617
-0.037808295414818366,-0.12229688595153292
-0.067532442179111071,-0.13827488390206732
-0.10487748379777881,-0.15581320616744648
-0.14451152993667352,-0.17435238025992855
-0.18050185756032455,-0.19330630735267604
-0.207104739814646,-0.21208799899830663
-0.21954123101952341,-0.23008428672158951
-0.21493811483065431,-0.246320707154257
-0.19161202843211997,-0.26079908989987566
-0.15106980302594042,-0.27052380783470725
-0.096022438035496996,-0.27580072761210839
-0.031124493991919376,-0.27536150868909143
0.037928208277360764,-0.26786155366594805
0.10512040037033414,-0.25212938616794955
0.16484444693390882,-0.22748366652298185
0.2145838251304473,-0.19595237719966771
0.24815818911931789,-0.15623922923865327
0.26416219341184927,-0.10922214779397894
0.26309064684137323,-0.059850201284034038
0.24678676146163026,-0.012677262769706821
0.21834524175596132,0.027280450200337147
0.18159411287310162,0.055198124703011713
0.14053307641923118,0.067160602322094975
0.099107238941325254,0.060017845091196773
0.059466418556665693,0.034863705508906336
0.024779139352412494,-0.0067722358888197753
-0.0051432280839032347,-0.060252004279898075
-0.030450119426126084,-0.11953745768895477
-0.051840784889285896,-0.17766992522646319
-0.070214029656443286,-0.22769371595060883
-0.086327559070888876,-0.26361616483324279
-0.10199689512183999,-0.28315213403719408
-0.11521950495468547,-0.28167489019765429
-0.12348012357884855,-0.26005637469467541
-0.12719346465718728,-0.22189181480895243
-0.12521568099511238,-0.17268746948219763
-0.11661008934404553,-0.11931098428183542
-0.10094816281432929,-0.068951931650933274
-0.078554077245363244,-0.028022677459788609
-0.05152308775358741,-0.0030687133060592312
-0.020689037740922806,0.0064149226432086886
0.011343252859295995,0.0018243427165735254
0.040989444438511699,-0.014341754705287365
0.064798771372577849,-0.036795649794935409
0.079579422846504225,-0.059159472405430506
0.082814397502986831,-0.075021287463387473
0.073015051361564332,-0.078988000597103786
0.04908073841300814,-0.065667456015678055
0.013030381542354707,-0.037602951087194428
-0.030861674750526109,0.0065657754236610848
-0.080770775627073521,0.060523367885022474
-0.13272307045090007,0.11840342504472301
-0.18246860589184177,0.17383764481149977
-0.2259164638115006,0.22092901774662485
-0.25954283741859302,0.25509362465343405
-0.28101436170956456,0.27554089392057918
-0.28786996098036849,0.27833488643692772
-0.28184578236631452,0.26719965436042453
-0.26199899895301154,0.24359317667440866
-0.22991182209674033,0.21166329189704985
-0.18800680363429001,0.17625814852135074
-0.13925606034627575,0.14225341746644007
-0.08686002652616362,0.1139446652963725
-0.031885011447591177,0.094315388626300012
0.019986472808265269,0.085823854467066238
0.065663374310596087,0.088628098550865286
0.10438380736177183,0.10239778878303264
0.1353070623005497,0.12549508785930516
0.15833360293517312,0.15555632959876645
0.17396654662958924,0.18981841401446289
0.18312348009869886,0.22540941160147809
0.18546398928057276,0.25767359553136393
0.18412198049831247,0.28641986164157363
0.18105246910713046,0.311710561013679
0.17613260773832595,0.32960773455350345
0.16977673289642117,0.3383007088808897
0.16211221552909616,0.33625196185633838
0.15310329713328447,0.32228006987839569
0.14271591221258437,0.2956852996725251
0.13138155626497383,0.25450543211117949
0.11899349149311454,0.20231248228956514
0.10683166421355988,0.14072684178823799
0.095703082335059891,0.07206750610024848
0.086969301410752362,-0.00045366258891837616
0.082034314454489971,-0.073226218185269226
0.082049196306271971,-0.14253143352057338
0.087589169520531293,-0.20486572961364169
0.097485425978405343,-0.25752538457593455
0.11186541781983687,-0.29799396808938855
0.12774754944190109,-0.3247224099784054
0.14220889576878734,-0.33779318644980605
0.1513758615665044,-0.33797829362268073
0.15123353291083272,-0.32683207024227057
0.13826846337233459,-0.30643492011622236
0.11014337566830767,-0.27910046192624999
0.064822051617523996,-0.2479041222617934
0.0054955701908306967,-0.21292878778001326
-0.061429686148590887,-0.17845918975399605
-0.13237253693706869,-0.14324379430760287
-0.20031360299659978,-0.10762814109533668
-0.2576840184635299,-0.07180858144595241
-0.29737549848718869,-0.035969587258579815
-0.31377688344396021,-0.00037699844739584788
-0.30572645557703249,0.035402111595885653
-0.26991507799313891,0.069909116590282733
-0.20930912701352899,0.10169860201268888
-0.13004487469432885,0.1312563395430015
-0.040424581126844043,0.15844491128820742
0.049819988741750615,0.18333234165935955
0.13079996259292559,0.20614565437412863
0.193797910595327,0.22716377674478203
0.23098457658039134,0.24683998261706042
0.24198032652842019,0.26531444315245295
0.22496651059961223,0.27959341126335724
0.18572137856650306,0.29101394331168318
0.13119309895562967,0.29858008306720069
0.069893337521692675,0.30097494261899371
0.010646233120608379,0.29679813305311858
-0.038644274454106439,0.28488670549224404
-0.072316998476975841,0.2638452663515084
-0.086297373296968072,0.23585744797203864
-0.08139742318058131,0.1995069261352736
-0.058794941640735225,0.15945154817587234
-0.022723677174865523,0.11912200391992341
0.021227827253863671,0.082192820153683482
0.067073281655587569,0.052084657458856036
0.10936151360313175,0.031471743291387848
0.14599363181382835,0.020519833628151764
0.17169984160923685,0.020814944039078163
0.18521770239629917,0.033355463754764579
0.18875920625597795,0.053357488902887627
0.18514556478443764,0.076929624300563923
0.17806601237202388,0.099706406454411561
0.17136942518759657,0.1174448963976877
0.16838910016406383,0.12660194657541279
0.1699389483011369,0.1239968670194936
0.17930464782578501,0.10937515857762867
0.19527654648548187,0.085878240559711494
0.21649730424175809,0.053487752603076373
0.24025249976093033,0.015226355948022465
0.26324915452698949,-0.025161775876700737
0.28218172084197091,-0.063722984619079728
0.29428743898055099,-0.096816357223324226
0.29692280598417459,-0.1212970491302522
0.29029568097862285,-0.13571018994231637
0.27794139326004391,-0.13982663663368675
0.25959910462980984,-0.13399348833677849
0.23791719304914211,-0.11980255273972246
0.21593715951964174,-0.099493613374624743
0.19654631146641985,-0.075568098803504222
0.18193524908716255,-0.050409043948512672
0.17285987832681907,-0.025696981383718544
0.16990737241148929,-0.0025390680551330182
0.16921639502694727,0.015902658688246814
0.16951490312199463,0.031867130671312659
0.16719153372314532,0.046118214639029168
0.1583424604455754,0.059574395359614715
0.13946131034764958,0.073057119807464155
0.1081301124393995,0.087099609275722037
0.065648889064970961,0.10374083733537096
0.0099916162529917647,0.12041156383882094
-0.054717473245352907,0.13429158498074692
-0.12381192127778369,0.14671680869193157
-0.19085351897129685,0.15720631016795925
-0.24870236762946729,0.16546455039063987
-0.29046967924781475,0.17143008058335021
-0.31050862103247368,0.1752541104391227
-0.30734498393909626,0.17748496738887487
-0.27670191577538572,0.1780664177592641
-0.22236408544102976,0.17681189089755592
-0.14817202627518505,0.17390886404873035
-0.061345946429863435,0.16900273389481535
0.02927842706249591,0.16150815985653133
0.11440919098518143,0.15073478469677629
0.1855636456225071,0.13607847583462315
0.23536459745041119,0.11805290990844104
0.26205801357272279,0.095869374834361809
0.26321917200670381,0.069396843679854714
0.24370291820046744,0.041007694574650623
0.20949958761526608,0.012833689063117396
0.16817098983799203,-0.012681252906008314
0.12758679916895543,-0.033143019486105596
0.094631096148212107,-0.046615999507191599
0.074968135381269257,-0.051195292236563231
0.069842450570131123,-0.048453325463834671
0.075403670675330228,-0.038423845339218707
0.089933279475659988,-0.024602356020290005
0.10752653758895622,-0.010453240175370176
0.12121365335366732,0.0002605657338197834
0.12422701176621261,0.0040405996264642734
0.11125736831506107,-0.0017902702538326962
0.081542482498694141,-0.019439201082048049
0.032692156334602027,-0.047556964629723815
-0.033349452204223376,-0.084112400119251696
-0.10856844762807678,-0.12610318014056784
-0.18428094976498618,-0.16928023966244785
-0.25088921509897372,-0.20898842879356694
-0.29927099919281513,-0.24080360071610288
-0.32212061310117657,-0.26114034562734095
-0.31415610786454662,-0.26800969940698666
-0.27582092377879347,-0.26008012309930201
-0.21025753809376019,-0.23955715300122105
-0.12344042179559042,-0.20801805954823741
-0.024068386776208449,-0.169055458508659
0.077905230691775101,-0.12697523149845993
0.17258447685360279,-0.086230327138667184
0.2513807647281705,-0.050863859924152648
0.30655329302447937,-0.023228994841540604
0.33637044802649724,-0.0061097474866164733
0.34317561360644389,-0.0018581636082910039
0.32732258097412409,-0.0083162129491101255
0.29338321907626314,-0.023601900857621788
0.24723637817210165,-0.045105104076523274
0.19511077560285353,-0.069881651390153968
0.14268426023717806,-0.095028679934832341
0.092907536456973069,-0.11880322636255608
0.051283722601581164,-0.13766743022412148
0.016479624501720368,-0.15152379292782853
-0.010314734684736043,-0.15863143772355148
-0.030755192645847022,-0.15873129169526379
-0.047358994739056907,-0.15212743384614533
-0.062907796686711731,-0.13953763660179661
-0.079877123429174385,-0.1219308441267596
-0.099690939270036694,-0.09902443835731578
-0.12320140882308095,-0.074075051538673012
-0.15115961228464661,-0.0474455461023248
-0.18119470218399505,-0.02043823742401283
-0.21115534754000417,0.0061456335046014242
-0.23861786057480347,0.031701843969891022
-0.2612770867833451,0.055741696232933964
-0.27727218086731892,0.077782895684114187
-0.28393227526631526,0.098594551821682169
-0.28297290520065543,0.11521246342434753
-0.27474540321984198,0.12727987339296781
-0.25976807317385159,0.13324338886544165
-0.23904513035519498,0.13194216781359797
-0.21355637531741367,0.12254776438108933
-0.18410620064479513,0.10477765876304211
-0.15126634081991167,0.079074081842534324
-0.11336174018911672,0.046440633933014772
-0.074573996686245411,0.0087802082670993802
-0.032099047230505551,-0.028518191783301713
0.010875247681384424,-0.064323680997428551
0.053185557146813993,-0.095378742811526057
0.093677030072477435,-0.11854591767306645
0.1312454980035048,-0.13120147202686608
0.16487854128342397,-0.13161627773554518
0.19339692544124099,-0.11845010598430103
0.21720706725985359,-0.093907990579430431
0.23287348493604956,-0.059709200677298756
0.2424371393564938,-0.019684089964749411
0.24593237185577929,0.021838613007085467
0.24339373151689056,0.060249919864152748
0.23485821734633011,0.091192855382880453
0.22041714629004125,0.1110644693706168
0.19942319578571147,0.11606440662864546
0.17401088310360641,0.10698973172856613
0.14360322728090244,0.085146650973697946
0.11043772640911861,0.051490652484128485
0.076046783296969622,0.0087931037557224308
0.041996805415035414,-0.039532047598676137
0.0097201170115916811,-0.089817684255326241
-0.01965485825593211,-0.13850336953079592
-0.043392014809582172,-0.18052419718786036
-0.064830391192974901,-0.21650723949943318
-0.0827867356138169,-0.24306316884666507
-0.09932219500732295,-0.26002691930223537
-0.11568732931321436,-0.26681235241113349
-0.13295595176387245,-0.26314038923947003
-0.15181546505910726,-0.24903482579175393
-0.17242837956498902,-0.22490912885320069
-0.19467903141291615,-0.19090894157526755
-0.21786304879828255,-0.14970195568318073
-0.2378941128927658,-0.10476424274103148
-0.25562817517969977,-0.058548178241350245
-0.26979070880833284,-0.01493520118288286
-0.27916643028535726,0.021925920910627138
-0.28271716126326207,0.048126457503589855
-0.2796655533345192,0.060594906840474951
-0.27100461219367289,0.055786037039063339
-0.25457953434366831,0.036967742633509763
-0.22957223369869484,0.005749935179113104
-0.19728582730860225,-0.03307512447993774
-0.1584954666587623,-0.073622876630711279
-0.11432735013105959,-0.10940205682699289
-0.066265926300082698,-0.13422961297466876
-0.016162175090475711,-0.14316618753192134
0.032891850236632172,-0.13305070837183075
0.080220308333662393,-0.10427235481292922
0.12088829377211939,-0.058125960960061764
0.15384664632727083,-0.00057034436691515936
0.17656257145605653,0.06140603205703362
0.186715585347977,0.11990624149776338
0.18249617752684638,0.16719627454232874
0.16293291544452826,0.19675194515965105
0.12848393840016634,0.20602171768495325
0.080688692535450343,0.19051953502368665
0.020498706129840498,0.15049418856963409
-0.046199638741817234,0.090394089479861814
-0.11406658273180423,0.016088028666897545
-0.17735701275710689,-0.065113194138904387
-0.23052632017664779,-0.14539052835687347
-0.2688473142426665,-0.21735349320624464
-0.28689793749547138,-0.27295331708134973
-0.28634874631120261,-0.31125451301759338
-0.26672356559688504,-0.32783127998134537
-0.23068008656539707,-0.32430173393118555
-0.18191756096118775,-0.30251620977142213
-0.12496272336774526,-0.26541791398136316
-0.064599733244819449,-0.21652621814604645
-0.0053226174521989527,-0.15948855874005469
0.047646620344050303,-0.099659234315775017
0.093381239099977614,-0.037647636830188839
0.13205782972544455,0.025323213858975825
0.16159829541237661,0.085374618415943709
0.18222263418090864,0.14004975567173114
0.19473423097136958,0.18690434815760548
0.20025875099722046,0.22355014723458982
0.20002238497679403,0.24781413449260231
0.19491145851035208,0.25718215037118669
0.1857704979632816,0.25207968252204221
0.17633676520241517,0.2321069318271459
0.16515024130482911,0.19898121430818855
0.15287524657174281,0.15527275430679829
0.14029844999474783,0.104464303548158
0.12828329427098287,0.05057093850176627
0.11762429182402294,-0.0023600368124477456
0.1085374289480928,-0.052144454235000227
0.10156995790591511,-0.094404264635659291
0.095566122296467743,-0.12706592736834962
0.089441822318310382,-0.15123029264351648
0.081132458293668733,-0.16860731324620917
0.068163297237906942,-0.18194046621304444
0.04808943819752929,-0.19441406223570321
0.019032589903462186,-0.20895378210923407
-0.019488891079742901,-0.22727295826890115
-0.066883591299834302,-0.24984582377863318
-0.12180533247281006,-0.27721682030645661
-0.17906704446632171,-0.30482275248335494
-0.23307288461593445,-0.32813086328381325
-0.27760756505199047,-0.34197351162504264
-0.30668713642186524,-0.3414075216628773
-0.31546342063356536,-0.32260490920378798
-0.30191640854549301,-0.28497950824880114
-0.26498882432945681,-0.22752188148630126
-0.20442106058008166,-0.15091677098593081
-0.12756141623302517,-0.062663998763419632
-0.04175235796110776,0.029852790870203538
0.044530927071314251,0.11840692746953255
0.1227757177453703,0.19502465682872494
0.1855451377510749,0.25307633623327241
0.22949803275559152,0.28738394208932755
0.24885848199914015,0.29744522947161456
0.24391699433524561,0.28579583269836906
0.21802784802979108,0.25592913351595287
0.17674030599593143,0.21426212386044652
0.12722800589095482,0.16836285208161111
0.077201692581517961,0.12582906017092221
0.033764929041524602,0.093177372499172739
0.00033380441036154026,0.075726146934955774
-0.016323573659600108,0.074731084998353278
-0.018253814826216519,0.086817613920947903
-0.0059059977447804115,0.11065620347430727
0.016361769013101136,0.14107672932344067
0.042546908190594139,0.17184383102199285
0.066078314912275837,0.19668716257924937
0.080996044110958343,0.21031588613398913
0.081570471743005482,0.20735947495427876
0.068617830935521776,0.18954762900749894
0.041792595382595728,0.15826977256936131
0.0061382511697960209,0.11696056047215211
-0.032214735013252761,0.070801052042846327
-0.066212434645132351,0.025619339191543467
-0.089110805328429674,-0.012990355304110109
-0.095693747410533575,-0.040455403714228635
-0.084737823488279351,-0.055154273019855947
-0.054499078966412352,-0.054522217557250847
-0.0085151102086535538,-0.036987450208092118
0.046507366611866857,-0.0070379134647915436
0.10212498297435721,0.031578612869238132
0.14910975136165605,0.074557829255486721
0.17887390063942049,0.11761807649283051
0.18485304454419893,0.15696958122105079
0.16509602459544312,0.18880570815556796
0.11704499360669876,0.21168367902372245
0.048136980998223056,0.22686398211063333
-0.036319457395147754,0.2317381408341134
-0.12623476263877662,0.22616877117307321
-0.21012076516609041,0.21047557289732899
-0.27667657478010355,0.18536782744038766
-0.31639659577020551,0.15194269261792573
-0.3232490192621944,0.11092576570496392
-0.29409073640910999,0.066265370469644522
-0.23327224052448706,0.017830796887857235
-0.14552660976350096,-0.028939280008779825
-0.040443794394105968,-0.070281882639026752
0.070338071609606673,-0.10252863454335973
0.17477445876963008,-0.12247374587946555
0.26210536509288929,-0.12775017723528884
0.32228061160683952,-0.11580449747256383
0.35440011557459888,-0.088666900577462363
0.35774423819912476,-0.048869309781375027
0.33690801768157896,0.0014032746378238681
0.29918311127658814,0.058157347563007528
0.25353755455007071,0.11681782682194666
0.20910288846157088,0.17272026184254746
0.17371103728650888,0.22161294148980537
0.15476760893510147,0.26145325561095722
0.15132705665875087,0.28836620796334822
0.16214720074843963,0.29986197199153136
0.1832273578938842,0.29787509638315141
0.20834954532087727,0.28421552366611752
0.23053456918094078,0.26160606243560502
0.24325680763090954,0.23328835261667599
0.24150572114408808,0.20261221455842887
0.2216487961959327,0.172393929114834
0.18479040637730598,0.14550173818260978
0.13348366633206429,0.12406675817513367
0.071758588915813368,0.1088092914713123
0.0051210907812358009,0.099952008736962125
-0.060580949252641514,0.097065785354355047
-0.11993223431581349,0.0992290035448051
-0.16853432617981409,0.10519629278090538
-0.20127388311328653,0.1143629340989854
-0.21938274314133943,0.12444621180544214
-0.2232431798761822,0.13229756439773155
-0.21244696154154818,0.13808527772459636
-0.18789652917208338,0.14075357109684647
-0.15068911539404348,0.13937766618737096
-0.10205830950520146,0.13317710766890145
-0.043505087379682811,0.12154908847870721
0.024983618719419141,0.10601683256748241
0.096631685355704655,0.083822661295344034
0.17063547797574363,0.054471694890319902
0.23929897782555656,0.019441553687512381
0.29639807257510148,-0.020043569351223024
0.33574171583892209,-0.062236640718161623
0.35196130854319935,-0.10497681609485664
0.34136085641960678,-0.14586339827226436
0.30473662787907874,-0.18220415079978983
0.24128821668641234,-0.2124846527843704
0.15341602928638556,-0.23377078235070367
0.05106717702504919,-0.24587449599928565
-0.055637783463321627,-0.24843921116410997
-0.15550263271452999,-0.24175061983598947
-0.2376604030908088,-0.22667376883444385
-0.29303426184746811,-0.20454189465253783
-0.317688459331327,-0.17891161857258622
-0.30596267225715884,-0.14804120617804845
-0.26266964830055151,-0.11675052952525299
-0.19254049262639145,-0.084467143349917201
-0.10540915098162763,-0.05263973098406844
-0.013468350391215571,-0.022851346952656799
0.070393849218903209,0.0032236919198123941
0.13439925614422835,0.023922060534257775
0.16984347356909457,0.039639983526522697
0.17181465227044529,0.046723418877750701
0.13813707654486609,0.043022111360062211
0.074978028670173558,0.029989642493289285
-0.009067529881724979,0.0085567786815182543
-0.10288378577491139,-0.019572786452664657
-0.19456515589462212,-0.052099771384065026
-0.27322799354387678,-0.086406251692295821
-0.3320826386687506,-0.12016275005600414
-0.36485235594668275,-0.15043437588223585
-0.3695952222435685,-0.17677984149363829
-0.35181583042531561,-0.19742702209386678
-0.31886923386154448,-0.21230761314598942
-0.2800408598583094,-0.22212211136980164
-0.2448748767773645,-0.22805592827421187
-0.22149528460674198,-0.23138539276030995
-0.21372704707949081,-0.23440646169384977
-0.22529791708196764,-0.23498342407362582
-0.25386321706459392,-0.23379637177627582
-0.29309429934353332,-0.22817412416760055
-0.33422307055591238,-0.21572371760516304
-0.36720881749270123,-0.1939818047911836
-0.38243392330698506,-0.16097955140361361
-0.37236233004576313,-0.1158095663219369
-0.33494785833773472,-0.059900083012040979
-0.26647857400772734,0.0051635572320206449
-0.1747456457838128,0.076920687661459777
-0.065691466739713281,0.14821274777720406
0.04961728821714545,0.21233974043550824
0.15857713335964874,0.26251923449025688
0.24887465231401323,0.29278798566706338
0.3103277705437979,0.29885944427182576
0.33733337297096017,0.27961842713877955
0.3260953299726872,0.23417829904039947
0.28292744112317858,0.16816866139835604
0.21334407973687325,0.086028360474693075
0.12861508420965434,-0.0045037966124797562
0.042073469126084194,-0.094621967399537391
-0.032877953484908309,-0.17549870572683385
-0.084808854629790958,-0.23935130248544079
-0.10749798307222629,-0.27956397025488339
-0.095635479985412039,-0.2941550411362065
-0.053364669875249696,-0.28314804998554299
0.012778172251912995,-0.2489487902432958
0.091358496853322146,-0.19655105314121032
0.16869579886293212,-0.13249002159267215
0.23102517058687216,-0.063901793175032556
0.26671020701345866,0.0024361144666216351
0.26962158663889896,0.061753045942774233
0.23453663313166756,0.10872062417911879
0.16809044699433512,0.14287591437410324
0.076676619173291688,0.16349394585032093
-0.026945348373004517,0.17244705808187416
-0.12760573111827522,0.17284517519197309
-0.21005369882466013,0.1683459562289108
-0.2613479190831941,0.16244412685128329
-0.27321950226494579,0.15758762694872694
-0.24312522004342538,0.1550890973369119
-0.17184533557736512,0.15765475895711262
-0.071161545669303328,0.16196285447645195
0.044798185273030394,0.16570007255108204
0.1596385719443843,0.16618938458210733
0.25717711199995025,0.16095104328054319
0.32388248844097123,0.14820097215562147
0.35235900130950049,0.12639190969929665
0.33673237335222694,0.097168911666971503
0.28349173266330441,0.062377585023542896
0.19922690574913687,0.024288432987597156
0.097065854937446544,-0.014109384550674587
-0.0074143295498650666,-0.049833103756408405
-0.098583915239384076,-0.080336889538440107
-0.16314310584456815,-0.10384910608739958
-0.191826204992505,-0.1192966655998413
-0.18106614516101605,-0.12666841788963051
-0.13633624459854404,-0.12959001759745473
-0.063488582168043664,-0.12756369267689066
0.025336362337416728,-0.12236517108748096
0.11569734923455717,-0.11585929142885852
0.19311232874672685,-0.10972382632126959
0.24528482645091376,-0.10522701176265953
0.26306732632241508,-0.10390117604780766
0.24467241965428391,-0.10524349207697142
0.19283697470323471,-0.10639406595505323
0.11481048961463443,-0.10869433072324143
0.021808681413541697,-0.11133738156867747
-0.073099958636928919,-0.11340478571535911
-0.15703379662602182,-0.11400210475771286
-0.21922929340260777,-0.11236742196006277
-0.25344642495275399,-0.10604266879300057
-0.25524912390166671,-0.097546609588655284
-0.2289329215546243,-0.086773396538388864
-0.17897104011053538,-0.073590100992878382
-0.11444032604932897,-0.058088992702629239
-0.046048361058723328,-0.040289373164400163
0.015540897500682486,-0.020178835930099073
0.061282512595571575,0.0021791474993104322
0.084108854692244731,0.026764695817063176
0.08230134880103164,0.052933729219799629
0.058842695305885227,0.077710337108428326
0.016514418375161134,0.10097671562918432
-0.038037537084331226,0.12080341174063858
-0.096918549996523856,0.13500185577244236
-0.1522229103003814,0.14145081155401124
-0.19715941034900072,0.13850281052717625
-0.22660509197422063,0.12349985299359673
-0.2379267629458405,0.10011455516924607
-0.23394877304664732,0.068723456756419124
-0.2144783719628465,0.033587454310460452
-0.18296567884450574,-0.0010509143337683324
-0.14373740442557756,-0.030707365523191942
-0.10125344815376719,-0.051300416382100873
-0.059459031400427964,-0.059788047028893822
-0.022208399721231994,-0.053878617224433892
0.0097867787425493201,-0.035508419203885491
0.036945601962722986,-0.0057495508196057062
0.058613204753093152,0.030353599254620348
0.07556492968501724,0.067495721418121601
0.088769628095622916,0.10001368994344521
0.099091269846675087,0.12265783658305755
0.10710727288606729,0.13130291696973539
0.11218777032998152,0.12268191403643446
0.11620231191259242,0.097310310980543643
0.11692776444313754,0.057683389911805022
0.11623583775509864,0.0062100018327369633
0.11466018372721923,-0.052612928301311195
0.11288417292157658,-0.11358729407813285
0.11168836016011968,-0.17142473677570036
0.11182839104991049,-0.22130353912949521
0.11239990173547421,-0.25902904942341631
0.11539109335089233,-0.28253180748498513
0.12223725640379307,-0.28914173892860073
0.13046141124399163,-0.27952493646212523
0.13847101654081795,-0.25451097248186461
0.14428495040446884,-0.21568597872165171
0.14583273704236049,-0.16520314159797148
0.14131569602784472,-0.10565669422885079
0.12810251567437916,-0.04137821631735198
0.10834005177897364,0.026482157026707469
0.08222866810196354,0.093605537190523919
0.052197950332918797,0.15642544246104098
0.021139687848687805,0.21083107718670219
-0.007667239782191442,0.2527059873050016
-0.031004184277091926,0.27834177577976188
-0.046168968738546368,0.28495048367868919
-0.050487403501503901,0.27146232284023508
-0.045194886358967949,0.23826852915974223
-0.028761971683692898,0.18696566731916198
-0.0047896754471206159,0.12322035953786876
0.023844295906548359,0.05357632145072562
0.053951080951487096,-0.014430097643897214
0.082478248580168487,-0.073191327080937021
0.10690130681056365,-0.11604703486807745
0.12520930676108366,-0.14013909823703063
0.13698370297497484,-0.14050067491293253
0.14271849110167573,-0.11802776367793349
0.14301076650089847,-0.076791346046630196
0.13927117953607895,-0.023238607498534413
0.13315980122212842,0.03443344526590502
0.12633134774657973,0.087481731109094837
0.12023760355529052,0.12794586147917694
0.11689107518696559,0.15178737066285261
0.11599571227420151,0.15337238021299582
0.11696679946159882,0.1324527494215712
0.12098396611819053,0.093782043319413755
0.12821615052119342,0.044272372681929135
0.13872631932032498,-0.0072748878022855226
0.1524411345390751,-0.051583111532320924
0.16906664925209877,-0.0804226461647677
0.18591597320394476,-0.088264071495707558
0.20538842578502928,-0.072957911903055908
0.22429052817300554,-0.033500627169596536
0.24169437384109499,0.022622350006476249
0.25517104795281365,0.086943593852908091
0.26189604910273395,0.14945640878561936
0.25904137249003428,0.20022459040075297
0.24428200769874969,0.23100542630929169
0.21603607864114804,0.2358103632752232
0.17525505388324575,0.21460127188928713
0.12264012874087693,0.17062478436929507
0.062968664013628661,0.1104753243699555
0.0015195524201437524,0.04374595235874193
-0.055667109471691761,-0.018734444207388273
-0.10260643973179871,-0.066608225012955824
-0.1342603793088904,-0.09164029580661924
-0.14530507997343303,-0.090405564240900446
-0.13813676254556312,-0.059646085336344808
-0.11372929938659386,-0.0060913172080991488
-0.076849252204527957,0.064833984776081766
-0.033723734211200319,0.1428394529700773
0.0085652336592335239,0.21615941463690999
0.043138540887996957,0.2732920352712962
0.064370805056032668,0.30471556974259895
0.070233347788115463,0.30350415937635
0.057930219917991729,0.26886723361045406
0.028552707467069696,0.20459181609214133
-0.012395142592864863,0.11680546308096995
-0.058308183060271669,0.015584310745126949
-0.10157338704096895,-0.08731172134754131
-0.13469593701600843,-0.18010329401214922
-0.15140495608370938,-0.25261062512058952
-0.14903885282440651,-0.29839662820093843
-0.12363166010176969,-0.31245968309335082
-0.078193338677099086,-0.29664185175401636
-0.015808442100060285,-0.25422166955152176
0.057281439915485247,-0.19227613796386006
0.1334087281224148,-0.1196839295571852
0.20451356670490314,-0.045754018114950432
0.26320355478909807,0.021113839778340901
0.30162827109135892,0.074263333023363437
0.3199353851355638,0.11037078905362797
0.31478155326237556,0.12907850928485476
0.28960120514832033,0.13215377581577237
0.24818320839369776,0.12373105704038354
0.19541331987787758,0.10914220457322914
0.13648205956285714,0.09391503935149273
0.076158128869064243,0.082839588834921027
0.018530069095031899,0.080602389612663722
-0.033856169849020804,0.08701586138731382
-0.081769132100100506,0.1000185138379988
-0.12345183131516325,0.11899898463215168
-0.15942490590729999,0.14094355568012507
-0.19061015110401172,0.16243160274453292
-0.21791636087216257,0.18028151721830446
-0.2419014674756664,0.19208662984307856
-0.26227611243072513,0.19791122195894142
-0.2791984623664433,0.19549242355277419
-0.29033424589969359,0.18648313875568492
-0.2954104900079001,0.17229591144292689
-0.29323377540808104,0.1551578941462301
-0.28282857831139901,0.1374334921802679
-0.26365501338830433,0.12124590066276703
-0.23574615688302189,0.1081881063164984
-0.20003790182766573,0.097264686648755927
-0.15716537753927579,0.092237931945916604
-0.10918002463179562,0.089722305912046899
-0.057535558310443671,0.091201339674671394
-0.0040649089555869307,0.095747553497081944
0.04945235263706825,0.10206785513561617
0.10138228365521912,0.10868824152422711
0.15027377575665382,0.11414906255573769
0.19514060100693198,0.11528929181115605
0.23408360769791736,0.11349796538624944
0.26729668771455056,0.1105236943860987
0.29271590845311724,0.10422533779782171
0.30930257467403577,0.094655761062435131
0.31624817824885698,0.082094969272591412
0.31307866344749768,0.066949411792334185
0.29975985213272827,0.049642654566524037
0.27472794315527149,0.03187525893172654
0.2429180256333919,0.011841639633147822
0.20274863430625811,-0.010517441774680137
0.15886672915414501,-0.035022720526862186
0.11388656769174658,-0.061650543738697779
0.070195121405776065,-0.090138930962625707
0.029768888089553549,-0.11988685789158432
-0.005920014930842047,-0.14990063946376689
-0.036785328737256422,-0.17961682146695246
-0.060824275594572957,-0.20582203261996912
-0.078374131770480263,-0.22793569005552189
-0.088984410334004199,-0.24311690549273898
-0.092697423012516961,-0.24967036864528355
-0.089737348656774851,-0.24643417781508131
-0.080536396008539402,-0.23290089624684052
-0.065795126700449513,-0.20924245895221139
-0.045086817352211955,-0.17597116886149369
-0.022808940262269099,-0.1343122733784711
0.0022977462941314534,-0.087624482750905147
0.025572013909660133,-0.036018422406803856
0.044505215525883969,0.01899972717233667
0.056989120302282224,0.075907359810697517
0.061595621916444764,0.13313266968277426
0.057792578789637221,0.18897935374029565
0.046941645499374379,0.24126738535634967
0.028677203957265744,0.28850374754420671
0.0075432519923208279,0.32706723296459678
-0.015240863987925153,0.35529910690731903
-0.036523156885444295,0.37069304421324245
-0.053023036205510507,0.37099268579468109
-0.061715100334819813,0.35456192149917154
-0.06021082671797709,0.32078329996304455
-0.046204808722724415,0.26959668930313468
-0.020338837299532814,0.20488312611568915
0.014504178066093181,0.12935162325609187
0.057745632377354771,0.049405894990545193
0.10637400601470204,-0.028515812677150001
0.15671906755087392,-0.097802728879973086
0.20483816980378855,-0.15243533453806765
0.2469277385387954,-0.18773201819095622
0.27999681289922401,-0.20123819121663483
0.30180758118249101,-0.19206477405355954
0.30813747977968015,-0.16269911384048999
0.30097715882257214,-0.11708962707123566
0.28119293418095476,-0.061194211868787957
0.25037443263951858,-0.001965486714303881
0.21059886603640732,0.053529664051683926
0.16420613066157955,0.099001924973083605
0.11390700938414192,0.12944381010464931
0.061510516107474954,0.14218949352956534
0.0097009754842163134,0.13875573891879833
-0.039836636037782786,0.11954444728750091
-0.085282567672929882,0.088219289340465315
-0.12499730343631088,0.049752540604763668
-0.15757507183348735,0.0096737046335062075
-0.18193294884412803,-0.026715160030071725
-0.19771768322178213,-0.053683051125755714
-0.20447397205561771,-0.070846549674679737
-0.20238937679661634,-0.074857982828942335
-0.19297669472446385,-0.067850001314941066
-0.17806291060893836,-0.051824577520604632
-0.15992343929140485,-0.029528204410190731
-0.14104016617717405,-0.0039383031633275717
-0.1238057223785195,0.022191136234572108
-0.10992353021272067,0.045299480624511251
-0.10108563452013104,0.066623101781585869
-0.098129285815269515,0.082513697254840701
-0.100316298556475,0.095059556652706545
-0.10635996496869693,0.10457812310430609
-0.11434607228444754,0.11124674308468109
-0.12204976707743971,0.11495923675072398
-0.1273052985878203,0.11533929463127238
-0.12631383977328972,0.11054730411397469
-0.1213361914828507,0.10298591092628581
-0.11145183108852895,0.089906276531007287
-0.097928487971798997,0.074381183365042722
-0.082296750413745276,0.058080118063205392
-0.066360014879318127,0.043002685453773171
-0.051879482921103927,0.031198108035695497
-0.040284818361575235,0.024408586810420341
-0.03216657970001293,0.024514289304077945
-0.027529362239903068,0.029891405867526741
-0.028728380055444275,0.041493293165807674
-0.032449734124160794,0.055499703429679678
-0.03718194015485414,0.068708400607283393
-0.041439948851429417,0.077639838803918032
-0.044000952448821337,0.079082269616353743
-0.044058736490129445,0.070637139020715889
-0.041572065063325246,0.050903482976459823
-0.035888649217657109,0.020997231572366951
-0.028687496506771239,-0.018203886208394693
-0.019510783174250028,-0.062247290998616159
-0.0088974568429722335,-0.10652338769514666
0.0025670732635363867,-0.14603866247293595
0.014281938642380958,-0.17605979264433469
0.025620673691768417,-0.19272005728353098
0.03501064745832265,-0.19431317200312348
0.042525072624213886,-0.17878582059136261
0.049061351103541144,-0.14674208964024765
0.051877321626610365,-0.10082048854433542
0.04961728821714545,-0.04467808501508707
0.041008344993325098,0.017197359055305277
0.025067655426659317,0.080008367003835554
0.0013241239118566245,0.13915555715284297
-0.030277193106826927,0.1920212267190011
-0.068492015036625178,0.23354957703872808
-0.11021128294757275,0.26166668635896018
-0.15370660894610952,0.27574350740718928
-0.19579264202088797,0.27600726093838024
-0.23301852128678299,0.26363083282999433
-0.26206040214968157,0.24048649778096182
-0.28014123573525496,0.20887708572416483
-0.28453298668611388,0.17155343337779744
-0.2762610200371145,0.13081281131080758
-0.25466271241460758,0.087858239393469359
-0.22283339089799326,0.045625931450645002
-0.18391454013998795,0.0059364825973471959
-0.14156391591521902,-0.029695282631147887
-0.099485954835699275,-0.060032694911198142
-0.060973068103747453,-0.084078805005545779
-0.026470430676143551,-0.10240004812679365
-0.00072498395264057223,-0.11221255849242451
0.016718628089747251,-0.11376687184799153
0.02609594656795788,-0.10654176998143017
0.028996554162394619,-0.090771794768157721
0.027768473906479241,-0.067261920039008341
0.025114750749649261,-0.037420866335217955
0.023651529118753414,-0.0032257924206146433
0.024028349467488917,0.031532272233370739
0.029725663936857907,0.0663283917325624
0.041173620441846838,0.097762025016892504
0.057417322583933082,0.123655622934781
0.076789827960566714,0.14183040736170116
0.096900459244898762,0.15056230127417528
0.11503536432839677,0.14874492047943308
0.12861253118031327,0.13601357234596309
0.13414934984271756,0.11091891147070845
0.13291757429929812,0.077220150649176991
0.12423701607535109,0.038436402255081263
0.10965178628123895,-0.0042613155650920824
0.091157107074732957,-0.048067579511210393
0.071122661050800728,-0.090121940510145562
0.051857472147700444,-0.12773447593935955
0.035184952619604561,-0.15858771402492808
0.024156781271972193,-0.18116505702482322
0.01545886252316437,-0.19343604550524354
0.0088146364442887384,-0.19681258838953677
0.0018176581866846716,-0.18983086717954073
-0.0079313198536587175,-0.17304275499831062
-0.022644690171135018,-0.14759187129937246
-0.043893552232754041,-0.11509872595030929
-0.072249678024169706,-0.077516425861693022
-0.10502951399284301,-0.036703603616825869
-0.14426679714015425,0.0052160725832690741
-0.18388801056012541,0.04439554806954054
-0.22287122547510041,0.080592292500304544
-0.25756251884862236,0.11249144733333434
-0.28413870843724903,0.13909903687623962
-0.29906763261259361,0.15977946356738776
-0.29955666560942013,0.17429304842377819
-0.28422014458852468,0.18255702367165288
-0.25238135727439626,0.18535246291057675
-0.20482194234254972,0.18479944262986053
-0.14436013393109956,0.18138406111738692
-0.074663572528489805,0.17666714356828891
-0.00017855211271568364,0.17232630210134331
0.07430581355229221,0.16996555730394658
0.14410729727370031,0.17090281397511689
0.2065257417661519,0.17461268303018948
0.2560455364336548,0.18347327200354432
0.29023872421956326,0.19632002894598258
0.30815717212688948,0.21231669494611721
0.30975862669416065,0.2296168790937014
0.29605513406941519,0.24583718546912117
0.26887238550443371,0.25836456774745198
0.23055438409561826,0.26472623972771514
0.18395274081231777,0.26431972359753098
0.13140784644875944,0.25418888291629044
0.074018100919023791,0.23339112553577768
0.014689959406161503,0.20380451152045259
-0.044923973702498142,0.16758797595328134
-0.1034809749708618,0.12772106320887178
-0.15981521039213537,0.087597692744521158
-0.21277319101384562,0.050547960959576643
-0.26252969143883553,0.019092934938048454
-0.30517948379934279,-0.0049359324615148156
-0.33962762766848309,-0.019045167772462238
-0.36351584055122382,-0.025343018705556993
-0.37500808420408038,-0.025616758589482883
-0.372791656598636,-0.022319300899681198
-0.35636193497422275,-0.018091715484739399
-0.32624437905260417,-0.015255196832974074
-0.28616222506947725,-0.016171467218218716
-0.23600227458630021,-0.020127552530447311
-0.17866487858236341,-0.026150384518197501
-0.11939389562932828,-0.032637268833180279
-0.062941502640337391,-0.03699183973664643
-0.01397668510152468,-0.036379381461789893
0.023412541130860068,-0.028289508974948994
0.04617997960039092,-0.01108277729626294
0.054151471373623694,0.015303141178555912
0.044339330980806058,0.050523634944942081
0.02145492000897865,0.08990571761355344
-0.013906766763734885,0.13099725006029447
-0.057698260518668797,0.16908615479782863
-0.10489489591153668,0.19916463909897716
-0.15007046799109711,0.21663737389072818
-0.18805359401773361,0.2180198915090234
-0.21486539338286906,0.2023287099362458
-0.22672259226246089,0.1690048172941111
-0.22462494737813546,0.11872483396516241
-0.20762377268683813,0.057312792279660706
-0.17801345377839647,-0.0093280821705623036
-0.13946698031061583,-0.074589271094754536
-0.096422084803734529,-0.13198476891055938
-0.053349576804576172,-0.1759595916063203
-0.014320463895962273,-0.20066773831557902
0.019120822329641948,-0.20652676453567179
0.044066511044375138,-0.19609918799459136
0.06311692219169153,-0.1696796786609156
0.07873735030882506,-0.13101214023434457
0.09414597549879547,-0.084814928668541623
0.11258533134255044,-0.036111220296605219
0.13657257179788954,0.01042603855492575
0.16696887712046887,0.052371920437700219
0.20293084245577656,0.085184501151864225
0.24473530347473832,0.10760445772069088
0.28587807063611559,0.12002108932485364
0.32089657563253771,0.12372361340130887
0.3441389533956965,0.12079353641690348
0.35066262994233988,0.11365853521015112
0.33706588247992325,0.10465660181483585
0.30417434759296624,0.094324236937663494
0.24938643376407052,0.085889712674585353
0.17964795205352682,0.079928417672465918
0.098243478506067725,0.075974772229065832
0.012228189959710435,0.073180620178922698
-0.070458806953360154,0.070283649843881288
-0.14199232107021803,0.065891401136245545
-0.19568129438084317,0.058759546668077201
-0.22715337763817742,0.048290564924496224
-0.23384008918777704,0.033805598738501384
-0.21709614129018795,0.015199973569545656
-0.18022069790714265,-0.0065021706516045887
-0.12907920017211005,-0.030162988131254547
-0.070966537984660114,-0.054460314096712412
-0.013563873590995448,-0.078110306943898741
0.036147105314250375,-0.10007513836630136
0.072553566393999111,-0.11945094043377438
0.092658533182325947,-0.13606366406285517
0.098125711336058255,-0.15205902411543568
0.089526767512096733,-0.16659402980761495
0.071000488982437882,-0.18043232818514315
0.047996120703290027,-0.19439528857482138
0.026283676439102347,-0.20913154746798596
0.010927850897249463,-0.22488967735877685
0.0045154203651198268,-0.23944025865113455
0.0095765255714354361,-0.25516977446673816
0.025176080509723753,-0.26819942253863233
0.047616932633859972,-0.27806332359686825
0.071757574692040041,-0.28241781072926364
0.091591534673510736,-0.27869926673420636
0.10128224272035888,-0.26454211042340708
0.096189996908948111,-0.23825000281470629
0.075189643566403438,-0.19842721797610102
0.036477542322839222,-0.14710808699309216
-0.018989379900461296,-0.086963145670946734
-0.084488304430513042,-0.021674816326675332
-0.15295602014212104,0.043727652831215859
-0.21650724447625985,0.10370251070925852
-0.26755668136806232,0.15289153183503459
-0.29990669183884505,0.18684667025626284
-0.30934250664482227,0.20348581329676022
-0.2945475031040683,0.20092710998113494
-0.26016822906101389,0.17950238281018016
-0.20838273714040789,0.14345459200228422
-0.14549808751687518,0.097873749267291615
-0.078986365267097208,0.048811912626632266
-0.016410490830581239,0.0024344735249539526
0.035649701897151984,-0.035852484024493411
0.073973957972725907,-0.061894155157556259
0.093603857410440403,-0.074193960819553512
0.097342333452245577,-0.07352386354764813
0.086386048355527614,-0.062187287796250205
0.065536643814918111,-0.044438911895405817
0.040904745820156255,-0.025505738571995527
0.01887563503070569,-0.010736389295012494
0.0050340906926004255,-0.004742699987201989
0.0011672110595207594,-0.01039803033607801
0.012006270818285354,-0.029581108503679083
0.035547963131543604,-0.060183575516716631
0.068575415368698281,-0.10026423862124408
0.10545322681123009,-0.1454977791096497
0.13931241230935454,-0.19065599026406138
0.16317452864279089,-0.23040757662098885
0.1711302728890062,-0.26012001185255251
0.1585003166763416,-0.27572378941289027
0.12579178071209943,-0.27768065423459681
0.074611629414349664,-0.26378979419734067
0.010460931809461683,-0.23871221769861015
-0.059323776880127035,-0.20644128789356242
-0.12635552038797351,-0.17152973800053986
-0.18246401183113378,-0.1383869732296937
-0.22095120226980056,-0.1106568160337722
-0.23616699838632757,-0.090496726702037483
-0.22928852681778336,-0.079770476447194594
-0.20279022983990019,-0.076148861724903302
-0.16177360715881761,-0.079640265643230748
-0.11367113686715224,-0.088018325040671072
-0.066786390530991904,-0.098607770036464731
-0.028997985090168026,-0.10873733552068622
-0.0065393156443112645,-0.11614023368370141
-0.00099049431878285186,-0.11843137149943032
-0.016722063548866895,-0.11569047451529567
-0.047841929399638619,-0.10972740390245846
-0.091455381823542709,-0.099816450833542569
-0.14038950264942263,-0.087046745283796662
-0.18629979779129657,-0.072734609683765258
-0.2209033066931895,-0.058198440627178508
-0.2372035142208215,-0.044581755001305394
-0.23022744411179807,-0.034645731263266991
-0.19865365737116808,-0.026095199061677721
-0.14438780915869009,-0.019209091870586222
-0.071668053950282903,-0.014290918954545564
0.012644056415250543,-0.011469357938628249
0.10032246243524348,-0.011040108121935972
0.18289773508065107,-0.013447951762053947
0.25276069074720814,-0.019175752228270226
0.30379206864844793,-0.030458493921522469
0.33311896687264331,-0.044424030095251553
0.33949324149706767,-0.060500382291876521
0.32497007216600665,-0.077687864382839283
0.29325743064679533,-0.094301906546671324
0.24927489769059977,-0.10842675399066669
0.19832781466170335,-0.11818700808859867
0.14532766522349175,-0.12206537557881808
0.092709399673636061,-0.12002139333483014
0.045569663055523235,-0.11146636590897888
0.0034834511313452123,-0.094994246024067766
-0.032659301389033862,-0.074755684893827737
-0.063973418006380622,-0.05370949509404125
-0.09224084606730823,-0.035104024119759408
-0.11938411246106427,-0.021984839658051217
-0.14696503530691943,-0.016699608284635927
-0.17667320995921473,-0.021833996255459089
-0.20746364855582142,-0.035397171385240671
-0.2363255553356591,-0.054908085568972698
-0.26293012102850399,-0.078291004452805402
-0.28500471602722782,-0.10179480992887804
-0.30019459261223713,-0.12130302420646497
-0.30648413214331571,-0.13289702825981251
-0.30257151585243486,-0.13339932364727192
-0.28607879360039246,-0.12054345323049336
-0.26106162032170582,-0.094480654208459164
-0.22853387834933195,-0.055030686787569782
-0.19159393950523351,-0.0055341827206565981
-0.15328957789506101,0.050484063250110095
-0.11648587650979646,0.10896633952849594
-0.083495129303029519,0.16581546660748203
-0.05582095208736422,0.21734334747635703
-0.032583417090554859,0.25980217016379781
-0.016268762376629404,0.29238591342736331
-0.0036188792107100525,0.31434795503235669
0.0049478597903237264,0.32539548283124042
0.010848467015039545,0.32620085745531457
0.015651575597372423,0.31791889464278067
0.020869449212639578,0.30199302678444967
0.027785271484352937,0.28001443997288578
0.038800398797918877,0.25229377993647156
0.052841559674433013,0.22256993041027007
0.067468557704571608,0.19276417487992475
0.084705564896517802,0.16454281023880857
0.10424606618517732,0.1397710116234564
0.12552932574801182,0.12014184976291925
0.14775776634910032,0.10703225715371094
0.16990630523273123,0.10133045683722973
0.18984729475144874,0.10245251093358182
0.20778537818484691,0.11083040275645274
0.22072091155695692,0.12602891077805209
0.22801954089619697,0.14497561282135901
0.2280539421436085,0.16477092572349958
0.21922900940994175,0.1821862092930471
0.20020204795416849,0.19405994453232478
0.17015150238423979,0.19772659301005543
0.12934204969278079,0.19060118226315331
0.077810647747189307,0.17327822244154162
0.019720968956987158,0.14674481418263977
-0.04350332402164768,0.11281769979565705
-0.10802606933594866,0.074601900026660353
-0.16942034776763354,0.035837811320905626
-0.22318139445619084,0.00042577203437390887
-0.26532653239880077,-0.028072022006986129
-0.29269178074250579,-0.047690453502918638
-0.30513402594431849,-0.055772496639770984
-0.30035460967648148,-0.050968712917975341
-0.28320431940526902,-0.035052396120837367
-0.25789856588142768,-0.010107008063166657
-0.22946013355280151,0.020994411227000791
-0.20297035165542637,0.055004042391419129
-0.18279744542615381,0.088729336085576357
-0.17397840596118089,0.11968501336433782
-0.17455152319756972,0.14604201248929177
-0.18359977707305447,0.16407684612741413
-0.19854196683839534,0.17569282120735816
-0.21526333378125001,0.1815863939498
-0.22909242857636106,0.18288871011302188
-0.23556557291869371,0.18089256638016982
-0.23114804702617223,0.17680953590235324
-0.21291701183212886,0.17240659972120118
-0.18191303162820394,0.16765992468170238
-0.13999281961499871,0.16038171412798791
-0.090093805891680132,0.15272755993217862
-0.036497966514508096,0.14479893076232461
0.016074419452351874,0.13663674979129542
0.063098114902961591,0.12831811297440496
0.10079553308520965,0.12002876022762943
0.12741067923312774,0.1112819180224708
0.14076027727122181,0.10406142231845826
0.13901262829169739,0.097619380539956252
0.12498207068673374,0.093460856966589539
0.10088435925535479,0.092032795697272643
0.069447055720684742,0.093425417263768462
0.033587586364827761,0.097326671999627676
-0.0038253245289240714,0.10305313332805566
-0.0409883647346138,0.10775506535831166
-0.07378656904343199,0.1137580775917903
-0.10135463900917134,0.11783467952859919
-0.12056241906070292,0.12089335160311673
-0.12951523404255555,0.12253400809775639
-0.12678984568533291,0.12239573591140901
-0.11158931316058002,0.12014950713616712
-0.083916987098102636,0.1154977425677967
-0.043266599474030394,0.10791515656435642
0.0053817738965629908,0.097547062237789153
0.062049940963931106,0.08463523368779613
0.12024856171606575,0.068949517925001688
0.17516901624506304,0.050700657796438973
0.22209517795082354,0.030296951256463152
0.25687667011863596,0.0083507074859595683
0.2763490134604541,-0.014341256207862944
0.27659262510500221,-0.035488468583803605
0.25991360413464287,-0.055916246312373706
0.22901928472786251,-0.075483604724268114
0.18473393888407325,-0.092410101462816779
0.1302531064848958,-0.10577181473397793
0.069340252752630532,-0.11474366570546837
0.0059849855625572776,-0.11864794454759256
-0.055898113510708954,-0.1169950545223231
-0.11240620280526183,-0.1076197725156413
-0.16133013568142798,-0.092993967310659731
-0.19798974970296254,-0.074859477450023859
-0.22209567824159898,-0.052261243883956629
-0.23241061352271566,-0.025719910020371436
-0.22824253887923132,0.0041266225535062876
-0.20954308050908887,0.036520712894341716
-0.17706906571117598,0.070578122905805507
-0.13168670481019498,0.10717775822300048
-0.077351789086163719,0.1424931101412566
-0.019154591203052677,0.17449247164603135
0.038808207936322052,0.20264477880236259
0.090944910897964776,0.22574587376496719
0.13159720493977498,0.24281001910502995
0.15573667300922081,0.25313441395418518
0.15971504586358989,0.25634071851763274
0.13989023107006077,0.25374244505069743
0.10030975762251923,0.24378444379449837
0.044657309655956233,0.22615860930442833
-0.021111384897412114,0.20249117388406085
-0.089063375706118705,0.17383998041844104
-0.15053087416021466,0.14142625645357909
-0.19722871138988632,0.10654561380882839
-0.22237789461583016,0.070478806633920935
-0.22019627455330729,0.033596998821185067
-0.19185281735673668,-0.0015473203310754997
-0.13879174725323309,-0.035412410900739939
-0.066667032727671369,-0.066419867677903505
0.016905913177974297,-0.094168732903355687
0.10306192133282151,-0.11862530357598693
0.18282224710382189,-0.14007023403584121
0.24818984369628153,-0.15899760544104408
0.2933407770985591,-0.17679571454651949
0.31485086637932314,-0.19280986788886378
0.30898944365031661,-0.20715969017882738
0.27971584418010159,-0.22019228900105667
0.23096511220131508,-0.23178550779320298
0.16802424797649149,-0.24166545945104512
0.096816643778064745,-0.24949462120214086
0.023263787497173526,-0.25498268218565262
-0.045142259576985373,-0.25772502047600826
-0.10722641335554232,-0.25851906840652783
-0.15763879555048557,-0.25658248193699068
-0.19468908526199316,-0.25352202256121315
-0.2163875744838113,-0.25023252122707335
-0.22125381163529034,-0.24755572579469523
-0.20837780331642539,-0.24612109368643348
-0.17762397626586524,-0.24620919245222753
-0.13140158382499242,-0.24576620430521209
-0.070056614191976355,-0.24684871341269823
0.0034094780786304573,-0.2491865789032334
0.082524426147941476,-0.25062951756997848
0.16026276518728041,-0.24955140820337465
0.22876999297041342,-0.24424337519454412
0.28025095214368023,-0.23315362614726612
0.30802874964617299,-0.21513006946230398
0.30966164981219918,-0.19098595523903814
0.28080906477416784,-0.15820118504155156
0.22276176125944869,-0.12065356829069324
0.14208615360273474,-0.077811672388270206
0.047648599910038093,-0.031877954241837717
-0.049581252444297744,0.014304031688110534
-0.13802103744135233,0.057578111961141785
-0.20716249436729375,0.094891854394571137
-0.25124091166112261,0.12183888137292993
-0.26369197802509348,0.13987350800156528
-0.24367501751610854,0.14787737656894437
-0.19817925960339194,0.14716877944751625
-0.13671486733723084,0.13971294844762988
-0.07132804503317676,0.1280439621749207
-0.014686554359801148,0.11481773462888931
0.021997458580003154,0.10234198296423397
0.029400737481467282,0.092977631356974511
0.0073900147555608781,0.085520851201911094
-0.04480633380704159,0.081356780522163857
-0.11717271154254133,0.077199897288634606
-0.19791251790808181,0.070562057687650712
-0.27326076043953551,0.058890427911305651
-0.32970660642545818,0.040085751855589845
-0.35621425402753631,0.012959275652977269
-0.34578772990192952,-0.022718815196492648
-0.29780224587491272,-0.065759068397190604
-0.21647117498750723,-0.11093678727583807
-0.11207689918582819,-0.15678623804060307
0.0016255163614582351,-0.19931804803813979
0.10916982508906846,-0.23438788488777523
0.19570800942217292,-0.25820247245422639
0.24924740439568635,-0.26778352037825226
0.26097953481396752,-0.25942649300566833
0.23128315124807922,-0.23627147776545021
0.16542704796633115,-0.19632741419005884
0.072077595945694517,-0.14416974320551645
-0.035512944066528308,-0.083173442158263652
-0.14234583355242111,-0.017002002246286341
-0.23382556154021894,0.050739008546271593
-0.29776648638954623,0.11673839506998887
-0.32390544103869101,0.17890173239907889
-0.31143341109664868,0.23301144332671808
-0.26452377754697443,0.27890622497764178
-0.18714253706027814,0.31303103879059868
-0.088538444808507477,0.33356946183362951
0.020290603960671769,0.33918890718803396
0.12816975824332028,0.32919558274536581
0.2251616260731156,0.30372448388266254
0.30274324599293995,0.26256882020033456
0.35702985658223152,0.21038857608430786
0.38807073820258431,0.14925057127386798
0.39503160595303888,0.084634321727906831
0.38051406762777207,0.021701036489879321
0.34835846519712871,-0.034403874915167325
0.30294851511679605,-0.079121429220071482
0.24867623215249207,-0.10903350901355702
0.19168839640838017,-0.12042162134994193
0.1324058353703178,-0.11601607541779646
0.075021691538351171,-0.098562064042106684
0.022301705845195176,-0.070950825422717773
-0.022525924485311242,-0.038021289949640394
-0.056092007346471122,-0.0051401892656610061
-0.075159796172166324,0.022470185374577744
-0.077125619371060578,0.040372364374144404
-0.060361883879275442,0.044619076093519311
-0.026569809498455672,0.034878713099974014
0.024218823653303832,0.011599282054502042
0.084222077605257906,-0.023644528499959076
0.14572313253417871,-0.067781785277406789
0.19985245012236,-0.11694894430206003
0.2377577055976354,-0.1669547827530905
0.25194182366118573,-0.21370528167788025
0.23725726864445337,-0.25380654060170882
0.1934418354779821,-0.2844478658263967
0.12138714435068437,-0.30080553833286067
0.029850429076632552,-0.30357658268530235
-0.070685816688164163,-0.29224409349512803
-0.16792352109010059,-0.26691346017351053
-0.24948313480423151,-0.22831396651084432
-0.30473180004113726,-0.17786880804931915
-0.32846960406989228,-0.11699483414221169
-0.315479370267714,-0.049642011088795936
-0.26566385448129337,0.018411895473310715
-0.18841479908938299,0.083807640287965904
-0.094980992393580613,0.14132545115928835
0.0010934051912277673,0.18568955538575221
0.085941150926402934,0.21216694594140306
0.14739676034143334,0.21723532784446728
0.1747062159438047,0.19948122394093482
0.1677436623170728,0.15973500008919531
0.12452264038797145,0.098571728438090991
0.053742335763960869,0.023687479186606433
-0.034346371446269008,-0.057307397529033445
-0.1275260113822827,-0.1358376216462146
-0.21346952441302561,-0.2033889671802967
-0.28151811168129892,-0.25257117251048816
-0.32557666328852136,-0.27941654965520579
-0.33928623396971874,-0.27951938043448954
-0.32553155192732658,-0.2525117634520504
-0.28685370947211841,-0.20271422424473609
-0.23028556541426495,-0.13620412202540497
-0.16461484278551772,-0.060792607186927104
-0.098934700792398231,0.015027914906437163
-0.041251743135692319,0.083196337780397006
0.0029276888252966335,0.13790464177605627
0.030147462700178946,0.17356115793938087
0.04104129060133048,0.18813923860630866
0.038182774844492624,0.18272405481219142
0.026515440871459271,0.16047361073728258
0.012074271080931728,0.12622929248482384
0.00090437131316980644,0.085659919878805404
-0.0019360388727763433,0.044353768796198775
0.0083328928171027324,0.0061910206473189452
0.031069000249004136,-0.024997710907340868
0.063483890860968589,-0.045358559853514342
0.10427027690681615,-0.057419650304640239
0.14945663008993887,-0.063241210845389223
0.19460076732972012,-0.065713315355537441
0.23552635003308334,-0.067853965225839627
0.268944692477044,-0.072129564393147258
0.29433501374802484,-0.078017844712686121
0.30819950877500901,-0.088705255221443111
0.31444080105446082,-0.10125607392568745
0.31239161101541735,-0.11408945186907818
0.30427248287677872,-0.12385268676328381
0.29270423180758198,-0.12683254468214866
0.28025119207074817,-0.11966411410764591
0.26901566360491785,-0.10003373479035066
0.26181125823585316,-0.065359944209955723
0.2570954967715644,-0.019429175780161231
0.25348908339784992,0.032941408433140182
0.25074390726237106,0.088159231776713809
0.24736921313211416,0.14026387365677559
0.24181315584591331,0.1830807506998032
0.23274188479026148,0.21111254424651812
0.21924969393586563,0.22038587845759014
0.20185128237221037,0.2099303113857455
0.17867408910414054,0.17863209006279873
0.1533326126211195,0.13259473333252103
0.12429459243119198,0.075096137200803603
0.092402172765187765,0.012992784637519402
0.058710095802943486,-0.046065179328288228
0.024363630912693432,-0.094680849890867114
-0.0095187404214879846,-0.12676106289895001
-0.041061354314323652,-0.13759688246394194
-0.070923517888223042,-0.12707651309690024
-0.097953447757283471,-0.098051464974453467
-0.12219028628367544,-0.054273592580551727
-0.14346785402480791,-0.0023878925268218639
-0.16165833795513759,0.04980758655113518
-0.1766479914142832,0.094450330787953327
-0.18834538689151278,0.12469745856554841
-0.19642599157946317,0.13753885079143413
-0.2013335268502805,0.12776383515026102
-0.20367382646860482,0.095781978644306126
-0.2035899295349835,0.044819739313266882
-0.2017102587083498,-0.019900104023355659
-0.19881433553843758,-0.091675670301099452
-0.19574916044960983,-0.16328495564806639
-0.19331419685456949,-0.22796640968393359
-0.19301550271545381,-0.27892032598506067
-0.19313970482877232,-0.31500453802863343
-0.1966410546852202,-0.3335554839568407
-0.20064066652440141,-0.33648905705627002
-0.20417135384960575,-0.32652879003999197
-0.20628778245793494,-0.30739594003040077
-0.20621782788450987,-0.28311589985391239
-0.20347725178416848,-0.25737385771559107
-0.19587743778358183,-0.23274931236818663
-0.18614608346132763,-0.21148952125206663
-0.177241218902289,-0.19375225601758805
-0.16763176273646671,-0.17946901281674282
-0.15782398381404306,-0.16760360619981596
-0.14823134233875296,-0.15682192207363796
-0.13913187506879623,-0.14589447730983915
-0.13066899703373389,-0.13402681201723118
-0.12318820376255826,-0.11970781765060419
-0.11577799889300563,-0.10512133903993466
-0.11059659052916368,-0.092988638452859554
-0.10611201236783742,-0.083297543350986353
-0.10249200382024683,-0.077393399809548388
-0.10012442724652382,-0.076354244357505596
-0.099507554339020393,-0.080777127282556552
-0.10105972361320674,-0.090660977246548285
-0.10694333709755957,-0.10513280398220066
-0.1136477403434821,-0.12378559831132135
-0.12007425959352687,-0.1440439482036108
-0.1246790444812606,-0.16537526732228913
-0.12531338733256983,-0.18647903436826088
-0.11983384063497923,-0.20623076319083233
-0.1064927698958323,-0.22375407451357671
-0.084337981761484465,-0.23842629977048971
-0.054426738556257834,-0.25009758280099054
-0.017381325519337732,-0.25777105701279635
0.02581462675686096,-0.26233035741520522
0.069550142542635876,-0.26248492400578288
0.10895510614327762,-0.25777740625473838
0.1390324417431176,-0.24784585091075811
0.1553300571672962,-0.23253494256596771
0.1545879117444206,-0.21202244308423651
0.13614246359693158,-0.18828668019915651
0.09862647899471301,-0.16099285840714181
0.046792362375868167,-0.12944475267507888
-0.016698403289331781,-0.097850130843291819
-0.08616026959074298,-0.068822407926623377
-0.15497378145235532,-0.044993544248257654
-0.21635540487350657,-0.028690308892308919
-0.26416689051261694,-0.021613519489114476
-0.29511572650941759,-0.024838541517563002
-0.30457982227679475,-0.038308466189784993
-0.29020975276753896,-0.058089736274324504
-0.25522764662390141,-0.083987652746920258
-0.20338751240053268,-0.11307685256521911
-0.13988010406467954,-0.14191758514304195
-0.070608455410459584,-0.1669773203425535
-0.001411009058121147,-0.18509469261249906
0.060598719928223327,-0.19256002702242703
0.11459079689565747,-0.19053513279028883
0.15930606769712391,-0.17776146313479269
0.19345479860887371,-0.15669875464346003
0.21791599572870338,-0.12990528175706278
0.23443065880364297,-0.1004437269946048
0.24508219279895679,-0.071413807581297742
0.25178199964431908,-0.045499164604496302
0.25731981665243714,-0.023786529629837287
0.25960558287849589,-0.0086965405382080623
0.2597146757310782,0.0012176138482983693
0.25537641151362495,0.0060837285641554785
0.2449844495897841,0.0076658406738227868
0.22716107595694879,0.0082238614405313135
0.20116321906412377,0.010118002687456331
0.16717092572128356,0.015410613260804265
0.12728638824823174,0.023632502302296188
0.082238483545596652,0.037665496274318568
0.035522801794231854,0.059380288643441866
-0.0099563253005418642,0.085429197053585995
-0.050918518091620804,0.11356939805076709
-0.084368898570714015,0.14108735654778326
-0.10790674354388384,0.16517433041178775
-0.11993237437066195,0.18330066775413467
-0.11885232700920569,0.19326522991679329
-0.10588458231261887,0.19393102426785633
-0.082950995039317466,0.18692089715232649
-0.050522068637324023,0.1713737135875365
-0.010282948111634813,0.14856144609818739
0.035881334252766683,0.12032172568071604
0.085962345639492801,0.088774243454557936
0.1378442181975596,0.056012821751347183
0.1895695991866897,0.024635873678237379
0.2375737677681389,-0.0054431665761372075
0.28211653366099304,-0.033061555500375893
0.31802436278160878,-0.058563385769798013
0.34231747268254958,-0.082400033592127858
0.3524381134702681,-0.1051630334981464
0.34655687284899106,-0.12731921575875207
0.32386012568904682,-0.14896884092285398
0.28565124618855098,-0.16777655773106392
0.23242810898587599,-0.18609342531115428
0.1670276718676999,-0.20011236749030667
0.093917697069481568,-0.20957706122635386
0.018107901582770307,-0.21250150529090167
-0.055031194544818134,-0.20680726286390774
-0.12032632665352962,-0.19068662323124433
-0.17337263963330138,-0.16299013145543725
-0.21250674364329919,-0.12492650417730804
-0.23327267359519588,-0.075576156234041125
-0.23906934130596152,-0.017229443128372331
-0.22943169662121435,0.046281621358776816
-0.20764419694199959,0.11037876277734621
-0.1782552110735463,0.16993805445956486
-0.14644411844358382,0.21989291802719127
-0.11727791491612735,0.25588517562414459
-0.095266186196542937,0.27567842834674955
-0.082411549146625601,0.27681221306986403
-0.080877979343774845,0.25976218549450003
-0.088579773783468721,0.22741493481232361
-0.10268284037663986,0.18404870891214709
-0.11926447014171911,0.13501853145314691
-0.13403103755666493,0.085991297247513726
-0.14309373990889399,0.042115223592325376
-0.14279113353572437,0.0064412911362852791
-0.13362166005201953,-0.017312070967683557
-0.11490079516865979,-0.031288184749817864
-0.090163379174639999,-0.036051159125412395
-0.063279830173325433,-0.035328167239557701
-0.038662899295439,-0.033982351667932502
-0.020496736475230235,-0.03711009813740665
-0.011999067296979865,-0.049053867838623907
-0.015720559782745776,-0.072769747171852431
-0.029598962732453507,-0.10811720181821084
-0.053703965317877668,-0.15329002269141542
-0.082533756236034012,-0.20328460073220464
-0.11114903312921466,-0.2515689352162272
-0.13446059937660343,-0.29077712023085039
-0.1479889199669332,-0.31387750876296383
-0.1485087390509727,-0.31535718635589799
-0.1341907974453353,-0.29412328137766797
-0.10513128845418648,-0.24786745026360615
-0.066171464805295996,-0.17862945151722287
-0.018414641496181355,-0.094432584096080713
0.034010324413463751,-0.0042872020661508777
0.086543798068782138,0.081653289544861896
0.13474903067116134,0.15350056854258853
0.17479772919751474,0.20303755958059311
0.20353182216075977,0.22572021258077923
0.21920878960707008,0.21830565530885107
0.22325365272633965,0.18425594001402881
0.21449430952550363,0.12835406194322088
0.1941147771078138,0.059078307783130057
0.16396836936522904,-0.013426549053109161
0.12634924082044532,-0.078815400367200389
0.083791965232030932,-0.12803675514206464
0.040387653314815197,-0.15381334291238966
-0.0038243316459259736,-0.15379340403489383
-0.04482833360639428,-0.13128216599523787
-0.081351613591997426,-0.088579123690407352
-0.11124135846573274,-0.032720267917030178
-0.13242167677767808,0.027576407785599645
-0.14306747667536371,0.083313240429597354
-0.14186111226967901,0.12663347549776588
-0.12682040970270406,0.15013628521569311
-0.10107590599900135,0.1545173806010903
-0.064948854325832167,0.14016385948675364
-0.02262389557577394,0.11181266873898593
0.021740011315737922,0.076112365760008294
0.063561393333748703,0.040725238631481864
0.098380904276871101,0.013035909637268443
0.12244330296516855,-0.0010476902599982584
0.13234641118754778,0.0028027402714739841
0.12845999454474691,0.023680269517184847
0.11191741894168267,0.06056846503668134
0.085043550559588413,0.10770741728337019
0.051754096871418527,0.15860630465940817
0.016712931317342444,0.20626601268052303
-0.015334415975180923,0.24421557839067271
-0.040242029332364405,0.26738373940332794
-0.055933846204925516,0.272411484838672
-0.059974440316709413,0.2582165992730408
-0.051717952120501245,0.2285794599199058
-0.03418884184585344,0.18423469700709921
-0.010891544300698381,0.12901644882645905
0.013850779475574832,0.067384222004417002
0.035536472171391824,0.0038791267712017219
0.050123552458265712,-0.057301928271398496
0.054276886709175479,-0.11283924939809702
0.047268095916146183,-0.1589726656963921
0.026880764231789433,-0.19538913464447374
-0.0038403187857863935,-0.2188290727639691
-0.042228234469385902,-0.2279540733930622
-0.084961007798571048,-0.22199379663132388
-0.1285240532533885,-0.20081092490945504
-0.16962583541427759,-0.16502670908890371
-0.20462978597125361,-0.11752981215063397
-0.23276448552065943,-0.059062235826420506
-0.25298558853443731,0.0075797593587279234
-0.26441751731625579,0.076897719678789236
-0.26695144349625621,0.14340104134796744
-0.26079139793224648,0.20126022257275222
-0.24633058687936862,0.24492772929566753
-0.22409297068921991,0.26983605416289896
-0.19269195059656508,0.27387967479352049
-0.15649317715564173,0.2553212737387488
-0.1150940576999117,0.21489907308962422
-0.071232201949797985,0.15760818121581238
-0.02689361104227992,0.089677897256419142
0.015913649716734087,0.018660917655362482
0.055289192694704996,-0.047518815579515442
0.089579840313407516,-0.10161276544430635
0.11545583276735197,-0.13884391760098599
0.13560657424305592,-0.15469279367952962
0.14818456460696017,-0.14935686830910158
0.1546409908737765,-0.12497800148378439
0.15576182236124805,-0.08647981834392364
0.15240519371696995,-0.04051286495711845
0.14539418735020601,0.0055983106609089782
0.13546338716051076,0.045010704945285931
0.12472986985724957,0.072705211291985386
0.11142842148361799,0.085966875284654812
0.096874869819561171,0.082103656950630516
0.081345876160560035,0.065913047988406331
0.065671301069134144,0.04246169877953207
0.050899913278039478,0.018058004498911474
0.038146404334007983,-0.00087046760955357633
0.028345335131176794,-0.0089123724441235019
0.023427369915765658,-0.0029043594761552888
0.020934306372277351,0.018132784138156197
0.019552184698302926,0.053293190542157198
0.017428075502319191,0.097148081895714791
0.011847128067815705,0.14326309334656862
-6.5054677756117021e-05,0.18440688420789428
-0.020805203129583782,0.21370925510796179
-0.051910892048786975,0.22577018280058975
-0.093734373904420035,0.21727254652852332
-0.14453987362322515,0.18819372880337526
-0.19869025685354313,0.14237303192692441
-0.25252613200363716,0.084222730923192102
-0.29975091068017568,0.020782181346848581
-0.33367931992465633,-0.040112992131404603
-0.34819466644245517,-0.090963438043524372
-0.33873784797273915,-0.1256780529173519
-0.30463263258612594,-0.14177751307782299
-0.24493284750270547,-0.13545038693093095
-0.16190771010526492,-0.11131476636363392
-0.064067435788428925,-0.071330618941892923
0.039296435041108614,-0.021414972630594144
0.13773506415523445,0.031326355733106971
0.22094247964554195,0.079632839244974066
0.28007753696009424,0.1171273906722364
0.30979336621753856,0.14109814640897492
0.30620616878080398,0.14609010905842015
0.26922214860884625,0.1339332854820508
0.20434765849499953,0.10634683157977835
0.11918631692418785,0.068022513225501471
0.023265100463391537,0.02505432603411676
-0.073247202109982715,-0.016021390833196612
-0.16085716754995416,-0.049237413649713103
-0.23337450016512865,-0.07037093688097415
-0.28324385525691237,-0.076546423118303702
-0.31004680257585088,-0.068255578132216693
-0.31377631929473393,-0.047575785526921613
-0.29803534948238208,-0.018772276737556368
-0.26835845066678615,0.012732991629392988
-0.23117423732173248,0.041306170040936827
-0.19270138942829174,0.062075573416155799
-0.15766383431732844,0.071502994371722223
-0.12951340658049795,0.06900654250875593
-0.10942189255726015,0.055446718926694977
-0.095694678369571073,0.034611563048914967
-0.085187753056546467,0.011562767933643402
-0.073790074410020487,-0.0079698214521247875
-0.057362907019712785,-0.018598077493711465
-0.032676698296142635,-0.016253614779061145
0.0038727250788541893,-0.00032666881043317474
0.048200295995972767,0.031140524578371489
0.099058075196608517,0.072830249951115436
0.15051743466785719,0.12097705435331907
0.19654932528928137,0.1687582222131512
0.23110338217397849,0.20861421519330295
0.24909947080703557,0.23338243955921931
0.24728786685964377,0.23742495953161863
0.22513227463965202,0.21567567045886799
0.18330841256832145,0.17071493396420637
0.12897519660029558,0.10644836552266031
0.065925000810063819,0.028123234988779014
0.0012514452353378257,-0.056190426131685567
-0.057624005872135807,-0.13749207149082276
-0.10392184044479372,-0.20706965283913151
-0.13238244418819162,-0.25767249945162291
-0.13963309932916959,-0.2852741019417645
-0.12490059866846093,-0.28650108766988758
-0.092940857186557563,-0.26392247826617382
-0.045570700852105982,-0.22067138124330135
0.011657498835048881,-0.16296309986657961
0.072235348287664841,-0.098342692117251024
0.12950924521068047,-0.034596771547406591
0.17745935727192635,0.021314915491627399
0.20928696614218342,0.06550408536398955
0.22465440977270493,0.092837575536070319
0.22402929065508839,0.10351809577640189
0.20647529497450556,0.099064927369708317
0.17390104068385476,0.083278891385951029
0.12919486872968552,0.061259352364965776
0.075794297519453255,0.038551918958497584
0.017297855345037468,0.020293686018525908
-0.043708141508027522,0.012382463814477999
-0.10318429174480613,0.014330126320178145
-0.15649693880845295,0.026643126069006252
-0.20288988465704044,0.048282152416694077
-0.24050273514917009,0.076725990719778245
-0.26780651318592724,0.10878496510910836
-0.28363628150880571,0.14118372963160802
-0.28729813223506068,0.17108023749964868
-0.27785029456514676,0.19779266952403382
-0.25730559223913135,0.21825308165262364
-0.22757108715060706,0.23224426599160555
-0.19097080025337054,0.24064939508227143
-0.15084501307967549,0.24465399342683058
-0.11095741287751434,0.24566546946119278
-0.075071691602762433,0.24496703128890779
-0.046460301120992767,0.24343898003643022
-0.027130405185420994,0.24112021226306402
-0.017994728808957458,0.23858521509377736
-0.020390154955323446,0.23311174172048829
-0.030446877196746668,0.22516134717564923
-0.04451159507076697,0.21365898330493535
-0.058185011051027954,0.1975656663380512
-0.066954814099993279,0.17609315170646531
-0.066862056334790615,0.14888039161862657
-0.057152816399459197,0.11637598823576341
-0.03370534730078667,0.078275288726258344
0.0037389427284491659,0.03849296573904519
0.05198899684931,-0.0035565795855850043
0.10713109172430421,-0.046226883396386267
0.16416128217090267,-0.087693428065438853
0.21765234059635455,-0.1261517267297366
0.2624743869408574,-0.16002785610272793
0.296515822396201,-0.19006566140537112
0.31438514654398136,-0.21263692731844955
0.31353070551303469,-0.22849686330510577
0.29640305788323545,-0.23782436029241441
0.2656948260396616,-0.24176201149404547
0.2253435393133289,-0.24196975155283609
0.17990679138818835,-0.24034763130364764
0.13387610549867057,-0.23869720683437801
0.088982784111181296,-0.24027390015391578
0.050907933489175265,-0.24267040956608649
0.020791328100837326,-0.24633656563550668
-0.0019234639047778141,-0.24963150625396208
-0.018919213902962379,-0.25064053135703007
-0.032829429361253305,-0.24724244863150735
-0.04658636737039884,-0.237510822527711
-0.062696076079683929,-0.22011184443172999
-0.080514432558056265,-0.19544244506101174
-0.10374469668225889,-0.16248371783006432
-0.12723350039186396,-0.1250674037081296
-0.14993687457275659,-0.084335625398886505
-0.16728983616333767,-0.043566452179722083
-0.17398028530464293,-0.0064018493704344577
-0.16493565627588827,0.023669116207206152
-0.1364184506001169,0.043846254473288007
-0.087328900325285175,0.051672781421837566
-0.018983171889646107,0.04887316960897365
0.063953650000524956,0.034113383035574874
0.15308971919239575,0.012552115658837473
0.2381039305608349,-0.011612823266495608
0.30778477392555514,-0.033822298778135675
0.35166320194665174,-0.049772570868991506
0.36169894563055105,-0.055982283342169335
0.33579827607798118,-0.048873688431919096
0.2713955654642532,-0.029562456649093342
0.17516896044712765,0.00027100614384099333
0.057217333848679719,0.039308479927728859
-0.068376654494955585,0.084507943790032777
-0.18565638471762325,0.13235606387010132
-0.2790125569458099,0.1793210042930139
-0.33548097186136139,0.22224819426924586
-0.34705143229993712,0.26054284795079746
-0.31034272994315104,0.28912889421813559
-0.23258726491608428,0.30936078722341065
-0.12188336650892714,0.3193916552913097
0.0066983576357783989,0.31956075215255902
0.13525398197874694,0.31090262517306611
0.24561929906273977,0.29496302751542935
0.32203935412359885,0.27359864593416949
0.35204944381276743,0.24689140756170477
0.33363637707597799,0.21909684963436446
0.26783630721912555,0.19424379231232991
0.16501091084637426,0.17177842352195313
0.03974133773630243,0.15263949725708406
-0.090537247652039382,0.13736335257113713
-0.20817962777018911,0.12610962562085085
-0.2979533830063677,0.11870304922767272
-0.35069875721289434,0.11333069455827427
-0.35983614468368835,0.11096220264635499
-0.32633567617296949,0.11235265213954362
-0.25898421923944143,0.11504865401090264
-0.17031645020799838,0.11781839129703094
-0.075415825550012097,0.11936604323347012
0.010468703251596972,0.11840062640328397
0.074227619500557465,0.11370387280194474
0.10646972424058623,0.10338468501786412
0.10363694545688001,0.087925180854080839
0.06766235862926849,0.066209209198810751
0.004775291090200395,0.03836384694874035
-0.0748070986074542,0.004561295584406635
-0.15890997837022755,-0.034660443854143588
-0.23531976571023541,-0.078338062764394381
-0.29357454631354352,-0.12502671648368965
-0.32841087724426277,-0.17195415640569311
-0.33258588614811369,-0.21801228958347216
-0.31002106493570092,-0.25979727286373289
-0.26248941507152157,-0.29454241643667411
-0.19674822578800533,-0.31909467884677584
-0.12126067361565546,-0.33048373911884982
-0.044816121781163065,-0.32628140849951159
0.024780108911186826,-0.30497636114807131
0.083803706147023566,-0.26820169071705319
0.12525937805038784,-0.21358918319496664
0.15203935957625281,-0.1468352940647806
0.16379463710465983,-0.069733100195039269
0.16437517828182219,0.012664109084456638
0.15892037130695791,0.094390787588337452
0.15284451465338622,0.16922197187637025
0.15083266135310341,0.23144122846510706
0.15747640755529096,0.27741944557043863
0.17221377107603233,0.30399381278903076
0.19129744579902719,0.30848450882385414
0.21384422515400686,0.29518861457590984
0.23558592586759755,0.26856142706026309
0.25173420122909934,0.23444292451570761
0.25789980131443491,0.19916128191539692
0.25096458486039191,0.1685457329890937
0.2300509955029848,0.14510978282151937
0.19515750415209268,0.13436088939628171
0.15258321786693799,0.13464801327946091
0.10521202575873442,0.14445153230559446
0.059264378048280324,0.15925101134776173
0.021340428056383854,0.17312744609395597
-0.0026009164077040957,0.17983699978255246
-0.0082208532186151054,0.17399574735290455
0.0049536777982608377,0.15244497090757816
0.038395953682292476,0.11436730136032353
0.087648698936657068,0.061161335075569645
0.14689348615488146,-0.00080875730247020742
0.20814372868899206,-0.063725569723477191
0.26257016049983306,-0.11865151855530252
0.30169450387054925,-0.15693406325165229
0.31857070059544995,-0.17164736741539904
0.30848439535220784,-0.15693589776004138
0.26996648371169712,-0.11602953039489881
0.20793186822328222,-0.050602014734883932
0.12528070702068758,0.030069044136313634
0.029477602891929557,0.1156234691822503
-0.070484126009594056,0.19473912292566961
-0.16527522083991689,0.25677973443367563
-0.24645564983873725,0.29335995588791619
-0.3066679983387316,0.29768839336732039
-0.34343268638566732,0.27139820809228193
-0.3563120353523454,0.22036486967342336
-0.34730702285226578,0.14989475791749879
-0.32105488812546806,0.069767873032704403
-0.28367089797976941,-0.0090837058960891691
-0.24172100060612381,-0.076134457571465974
-0.20120185990845621,-0.12271651719551278
-0.16815684160175967,-0.14287688010879745
-0.14241509723603402,-0.13435858585480154
-0.12668605619382306,-0.10139852966715006
-0.11757919563482901,-0.046781403919148347
-0.11190094661756005,0.022306474842189266
-0.10593941595578253,0.097257055373410548
-0.096230442188828771,0.16922739895591588
-0.080202507161102721,0.23024411193270533
-0.055131713400933778,0.27488329367585357
-0.023016260818135372,0.29836364613140431
0.012857960689583437,0.29743869549471447
0.051565148316512335,0.27435589150266287
0.090269790964210644,0.23186217308910551
0.12616748129793273,0.17397696738085519
0.1568790794915001,0.10540196465085996
0.18069676424042855,0.031021011762398337
0.195772586271898,-0.045264005731877791
0.20325201672105109,-0.11756523481929501
0.20269399489606338,-0.18321415628151833
0.19483632913049342,-0.23768182757418216
0.1800315989160457,-0.27778704583190073
0.15844457034687368,-0.30096548843196769
0.1301238307898312,-0.30541017666481152
0.095230303842282538,-0.29026712004173028
0.05231149406734812,-0.25558224236227961
0.0066245593373464098,-0.20371970252852178
-0.042622845472043223,-0.1366323805308278
-0.089397153537878929,-0.059789164026361648
-0.12915997374248833,0.02109448368499137
-0.1573369399611198,0.09970416226974238
-0.16996317120426574,0.16971446136104626
-0.1643519029395743,0.22543393136508991
-0.14172417543847338,0.26431565379613531
-0.10096063112759439,0.28134274723476649
-0.043311544858533259,0.27360456403862171
0.023239137406449409,0.24462243436136266
0.09120535658164855,0.19802083349338676
0.15243526002218258,0.13896432634963737
0.19916226538584572,0.073523668774174988
0.22506777258431479,0.0079567823311754889
0.22472916373934101,-0.050098709638448632
0.198970619831179,-0.099228990787594798
0.15178064630269925,-0.13485691330781491
0.086791969226366297,-0.15665466067930134
0.011386634076238454,-0.16488169955794843
-0.065719417232125099,-0.16090134646459045
-0.13561260283244847,-0.14680096391280192
-0.19033747513457708,-0.12500349920450984
-0.22184607676053852,-0.097664914663867744
-0.23010249487033546,-0.066775376089228164
-0.21397771302089433,-0.036746618651673592
-0.17647724673934131,-0.006896369274482562
-0.1224370218385086,0.021759966462155424
-0.057992182730552642,0.048250862948192738
0.010348165924728687,0.071534155007688408
0.07657437713970322,0.090459593516118708
0.13557361410910698,0.1057184165795155
0.18508225833093198,0.11314609567079037
0.22155701076026957,0.1125932311528875
0.2468340180541867,0.103173232972628
0.26238546766145493,0.085055318966516177
0.27027634034418613,0.059264597087434021
0.27268633385961027,0.027597185683134628
0.27155341895885904,-0.0076147953251853254
0.26750740725972255,-0.045745317212155759
0.26308326179041702,-0.082157239959981171
0.25846252756654087,-0.11283874458228604
0.25465601444467767,-0.138924659439563
0.25229334098805667,-0.16065330363600944
0.2519779211812781,-0.17912662239896843
0.25424865323282231,-0.19598837413561596
0.25943973242131352,-0.21297119518054378
0.2654165992823434,-0.23004318309404961
0.2743642938242804,-0.24914668900437661
0.28560458692536894,-0.2719546070245249
0.29592685248575695,-0.29445530330393299
0.30215777921084169,-0.31347850643054576
0.30062197170206806,-0.32528893974047002
0.28767147342167554,-0.32626179123863575
0.26033012584264875,-0.31363521865064936
0.21488982989439964,-0.28431002775346037
0.15523307492429217,-0.24218274667266615
0.081325652004727522,-0.18965038931614303
-0.0004717352614656925,-0.13236354498949462
-0.083785925123539592,-0.07700386797160344
-0.16150398473129352,-0.030645750626449465
-0.22666732694218436,0.00030367802201503198
-0.27338653356211473,0.011150526512364745
-0.29968974334318715,-0.0021233736026258767
-0.30125755275135802,-0.035872165651924998
-0.27746626914939687,-0.085195973015831386
-0.23336562002771991,-0.14401648152799035
-0.17464489022986932,-0.20368955175897485
-0.10830733211993049,-0.25498793017853727
-0.041706163442021514,-0.28939876253635127
0.018445432851908146,-0.30035169222671976
0.066062173722732112,-0.28608548200763911
0.099728660731396079,-0.24320151260150949
0.11741238162880747,-0.17653091359494905
0.12187732159312904,-0.091473781539982604
0.11677925473199566,0.0032513537750175126
0.10683149239394897,0.097536402829987892
0.096981794170568084,0.18118053326116662
0.091615346218991506,0.24517796546195492
0.094200084318023097,0.28200030419943145
0.10652036557208999,0.28914828554428867
0.12563500823318746,0.26653550771033241
0.15218579394449239,0.21682478873673611
0.18352964749753212,0.14556700076647752
0.21630657853158405,0.060089195932741118
0.24703540035669558,-0.03148856251352615
0.27268757688348716,-0.12122433229061984
0.29319947502257598,-0.20244750987754537
0.30512859967452954,-0.27000299527846988
0.3063451002458818,-0.31783520113519498
0.30050515231353314,-0.34649904297816692
0.29008811052374417,-0.35621007461892867
0.27798897036576636,-0.34831495378691246
0.26702092740139816,-0.32484346762718747
0.25946266395323747,-0.28812656127936231
0.25583741364722468,-0.24189229514130167
0.25834804862873467,-0.18696722811521505
0.26410389744261792,-0.12323772059695388
0.27327096562148306,-0.055088427909079418
0.28377753725149557,0.014819776818414999
0.29311762034563726,0.083632448797112305
0.29875780104231353,0.14836645619407188
0.29855254854877489,0.20607572576124822
0.29257077435846607,0.25329029707815731
0.27744210790802981,0.28911035312568134
0.25692872426627944,0.31254927207978089
0.23018817842855899,0.3232039191064402
0.19943207032822557,0.32200048854155372
0.16754684809545473,0.31082650555586716
0.1376179049752986,0.292286304453581
0.11237680593830114,0.26934258542743233
0.092199277011441011,0.24463111487521225
0.080001825171102159,0.22039311302691594
0.074134863529820655,0.20086082173196446
0.072608918698318717,0.18457284559191825
0.0718412399834924,0.17109128504903764
0.067506550636752843,0.15932245943329548
0.055298907819270778,0.14784215800405484
0.031778869082888031,0.13526886811514263
-0.0045466942102872976,0.12088747779099299
-0.053397459728842543,0.10458597697015598
-0.1130089777094174,0.084291801850420137
-0.17714348499667684,0.063462991564431276
-0.23873005561971256,0.044196395417990537
-0.28994127480962884,0.028780653345931433
-0.32336615428507393,0.019311975834386218
-0.33322014045823267,0.017334399139842801
-0.31844941266462562,0.022751258149874297
-0.2754520181698128,0.03611472759343283
-0.21130412677077301,0.057897416632985574
-0.13061357671979312,0.084509560853454305
-0.042790861651716562,0.11314253814460598
0.041213693552801765,0.14078947872007228
0.11044836347095228,0.16463810143145394
0.1555979457239226,0.18242410660578293
0.16899278769692352,0.19350918902086411
0.15157491077030683,0.19550454167882569
0.10288162155330419,0.19162684567762189
0.032461082538429206,0.18089653512655313
-0.048966777669749072,0.16500866784283161
-0.12901150715468401,0.1461811394174192
-0.19543840834485546,0.12681818723022675
-0.23798384115470064,0.10914236728865682
-0.2513449069540753,0.093497449669137755
-0.23027254038394537,0.083532418084298385
-0.18036220281369419,0.07639103481294339
-0.10598176672987887,0.073486487852267163
-0.017104411235489447,0.073373962075156618
0.074247498762428185,0.073899003128975529
0.15581513679841769,0.072604889690723637
0.21694312598016199,0.0672296855117306
0.25221346013606472,0.054850583509137261
0.25551218895182226,0.037735312396943659
0.22746298549761099,0.013895647807935643
0.17475626443410203,-0.012161332753363037
0.10675541083334891,-0.03699183973664643
0.034902760215935115,-0.056855317541607144
-0.029044533488162664,-0.068335541301082145
-0.074790476598749517,-0.068945642223653916
-0.096480538548562436,-0.058969903004866681
-0.08860539111694922,-0.036662928715758339
-0.052084546102409444,-0.0057438477015298427
0.007714125951738357,0.031005589314823175
0.082417366621956187,0.068824513003715143
0.16172704307498822,0.10242378918611546
0.23505587080548762,0.12674894868417719
0.2931642413418179,0.13775277468173047
0.3280744548538741,0.1327847353372455
0.33851635891246068,0.11208329082543995
0.32812406031082125,0.077202353330934601
0.29930986788324848,0.032512494286905204
0.25921230166968623,-0.016371423245191297
0.21635785919664857,-0.063071747612888529
0.17917378445802201,-0.10132297033370886
0.15454366350727036,-0.12583850002887184
0.14458744374825946,-0.13439373916390804
0.15355650219084191,-0.12304248645453193
0.17709891744018011,-0.094852966843037498
0.21056315848549281,-0.051277787932175523
0.24606871350744325,0.0029732977587066489
0.27467342114948973,0.061957702475010083
0.28785925834904119,0.11934614600948731
0.27898042108642984,0.16931557878112061
0.24238785278135427,0.20816424829228997
0.18096212415780999,0.23228279721874417
0.10042729399930375,0.24027487035423378
0.0067575955388866097,0.23473286784615621
-0.090285382260594113,0.21922932449771809
-0.17997465915612421,0.19847302396617642
-0.25212136237019617,0.17749494207400782
-0.29849459259477007,0.16080879419177954
-0.31540963650510401,0.15195172449275654
-0.29868196985466938,0.15210646632797911
-0.253021118857371,0.16051075307394227
-0.1824285797017407,0.17519796146121155
-0.095093335879778057,0.19255898229347546
-0.00075493959355010527,0.20827787391422375
0.090643669032152679,0.21811495832629296
0.17027572936559046,0.21867760050234142
0.23006116926043504,0.20994705179350814
0.2685079141819478,0.18883431990521343
0.28527233086874265,0.15794815685265576
0.28262640240261727,0.12041503048313484
0.26535569362425609,0.081005006178469133
0.23954495861593961,0.045147376080074464
0.21155676790096661,0.018080222480969941
0.18707722098540344,0.0039957201260446299
0.16831713533821693,0.0072144118766666572
0.16155870965077268,0.025246145110007171
0.16405821816396132,0.055139462031547237
0.17709218367972696,0.093380933931126536
0.19830164374230738,0.13422957819052272
0.22428440656500911,0.17135174923853641
0.25123814016409246,0.1987475811576053
0.27559730251294279,0.21163764300392768
0.29485643451832599,0.20635888801119742
0.30736370894497966,0.18340321663352077
0.31072065764635715,0.14565272791804038
0.30733846399817605,0.096258190090548215
0.29899960841272155,0.04066398584267817
0.2879016976791432,-0.015005706090912094
0.27621422284248565,-0.06482833022313142
0.26569349833998729,-0.10390735903332209
0.25947047580610161,-0.12982858308053413
0.25512465683244789,-0.139693001477702
0.25055971009896594,-0.13642094005027072
0.24632056120336246,-0.12112908176102354
0.24133925295845479,-0.097791883192691748
0.23469524166725791,-0.071270139304974542
0.22586520999785717,-0.046602424531428252
0.21488243037921412,-0.028315515817897954
0.20091059582924237,-0.017958093014440547
0.18669409149555999,-0.020013692748077926
0.17625847800090169,-0.036375881058488942
0.16886259914896137,-0.064465963436788454
0.16558295012876628,-0.10169699705997233
0.16706431202317948,-0.14455141473512498
0.17339513424008524,-0.18908786776206171
0.18407601501077187,-0.23144389402620238
0.19779152902022309,-0.26907766134672317
0.21408808270255467,-0.29773321802604635
0.22932137101142125,-0.31784097930053873
0.24367705458939642,-0.32714581746960253
0.25596159675536545,-0.32573975122732157
0.26513400197899778,-0.31452849327215343
0.27032187316011991,-0.29496485507842679
0.27079282321739401,-0.26874461312827719
0.26736471270115902,-0.23887259018293863
0.25761885214964392,-0.20453374169207503
0.23917687688170924,-0.16733354891399152
0.21302443729311865,-0.12743690514403452
0.17885420477945102,-0.085135217747309783
0.13665889682402013,-0.040785983175909764
0.086894538874091584,0.0049663064383767726
0.030647627091807933,0.051007994744766597
-0.030530184028130816,0.094301432651397135
-0.09284890961580361,0.1351615172623569
-0.15579261821451329,0.1688184192003748
-0.21300956240114324,0.19412205883161368
-0.26012440570993606,0.20852183120481038
-0.29315460366741491,0.20975470113070557
-0.30897674367822753,0.1962238779329778
-0.30572403420118227,0.16736433027598382
-0.28159063661783262,0.12528544092767468
-0.23946831124313148,0.069837469964176252
-0.18475246673047591,0.0060502597429990986
-0.11928984783402501,-0.062252227719869976
-0.04783345936275684,-0.12946601113403683
0.024458003917552811,-0.18956332706652115
0.092495397176332136,-0.23676588782503932
0.15170209458625838,-0.26625879543303882
0.19631758733499852,-0.2734852631505203
0.22742492896144795,-0.25953070959261249
0.24124880763160855,-0.22498144628367878
0.23946614301402067,-0.17369509568779021
0.22307631792688051,-0.11094443748135568
0.19364379690308142,-0.043011052172767197
0.15313132348835728,0.023631391793441307
0.10381804012504879,0.083153734657559347
0.048591447706605645,0.13083220196286732
-0.0095625308614844078,0.16389705601592675
-0.069252187288592379,0.18445717054529936
-0.12506740819113121,0.19189038311221165
-0.17290044205764799,0.18916204415827748
-0.20881066537635198,0.18034397102977173
-0.22946656801093873,0.16987363410156411
-0.23264349135237222,0.16178043595531338
-0.21681377493360926,0.15981929897684144
-0.18393718075610033,0.16347595856280611
-0.13999075440541958,0.17511928737073573
-0.087837183535704036,0.19043051934323932
-0.033811826355948607,0.20588999120022405
0.015047406325403771,0.21751660244056215
0.051929754704241951,0.2215481082219827
0.071263128077010615,0.21505086031663628
0.069350799983970479,0.19663477580776761
0.045999718461276637,0.16597960253802091
0.0041565345507709487,0.12331907416277341
-0.05092187570004942,0.072112338652600749
-0.11136197467394368,0.015826153145799653
-0.16800408084523558,-0.041740668179460073
-0.21169235552597429,-0.09692682414390684
-0.23462300275732437,-0.14658648799032564
-0.2324189627812738,-0.18643292691267144
-0.20253177842229761,-0.21759544676490333
-0.14419645471732534,-0.2400876044407689
-0.065207557336406374,-0.25299802710528846
0.025863976176419438,-0.2565467990222432
0.11879772153748609,-0.25111490205700487
0.20312887187751416,-0.23717277568193434
0.2695624617412371,-0.21531105306753656
0.31323926974630267,-0.18554507603238607
0.3277571597173044,-0.1509952956327632
0.3113470922112182,-0.11068125063785987
0.26883430614121134,-0.069261574884574392
0.20646586377591797,-0.029863646758654962
0.13236688917134326,0.0042868150457218788
0.055327319045518797,0.030215747308319829
-0.016423001372341133,0.045587722988143696
-0.076561750208875609,0.049880339253504095
-0.12026947664237206,0.042035221824003391
-0.1464151246816538,0.022407775474542795
-0.15562245307143549,-0.0054783621853578051
-0.15094499991731575,-0.03783627244415199
-0.13681626986796136,-0.070273067214890392
-0.11814227320109492,-0.098384281090156053
-0.099398980364862194,-0.11838810909624853
-0.085936438749947316,-0.12580525923983799
-0.076683860946209451,-0.12217044067289176
-0.069832501719670731,-0.10984418955722151
-0.065166836837032727,-0.089964519866064421
-0.060026233537930587,-0.06628019418348273
-0.05144262670103851,-0.043242162020512245
-0.036860983003033969,-0.025329976136143802
-0.014777937858102106,-0.01636560235111665
0.015695855139290556,-0.019195784827337185
0.051634431865046279,-0.033881576610799352
0.089609271948620964,-0.061476315818760632
0.12558769649305732,-0.09786199476953418
0.15481100837417877,-0.13908989859975771
0.17280496027437359,-0.18061780964080787
0.1760662261974843,-0.21795674564195033
0.1626080125434996,-0.24726933265294726
0.13140158382499245,-0.26447678286432386
0.085072577914342001,-0.27078931385232241
0.028902099040310641,-0.26418147644528345
-0.034075574787024714,-0.2476936243164832
-0.098686199077647946,-0.22377058696169955
-0.15966860420147755,-0.19518437446234155
-0.21222142854181564,-0.16465180016235489
-0.25243676815567689,-0.13456432071667634
-0.27551936593796367,-0.10767198781603748
-0.28250359695680094,-0.084650963328787174
-0.27556314627725015,-0.064932856395384486
-0.25321737073167777,-0.050969700752383898
-0.21675170360862683,-0.043763880402075357
-0.16798470338593913,-0.044216772128898796
-0.10914936070319466,-0.053021345800714818
-0.042850737548126981,-0.070462965896081045
0.02938065068052623,-0.095899099076804245
0.10173181336705599,-0.12839799972167779
0.17099253143452281,-0.16598449706978105
0.23246189970596931,-0.20504523356543
0.28174669253853707,-0.24142037497543953
0.31484724236545908,-0.27055807325847459
0.32861831603969482,-0.28810513500690266
0.3212504990805598,-0.29058056657007725
0.29474415758619876,-0.27520754588933871
0.24758353089370855,-0.24356668153886812
0.18538650669501136,-0.19668817182893283
0.11282630620931779,-0.14002899294469534
0.037007902218470737,-0.079812731593925185
-0.034150562619939276,-0.023060049772354946
-0.092878739545533107,0.023368856906505787
-0.13260812286903409,0.053764827740789681
-0.14925071609797461,0.064166575601056
-0.14080740289852961,0.053835015807249351
-0.10959601055054817,0.024872322307821507
-0.060321991624697133,-0.018577825036370978
-0.00065589154833577449,-0.070045378800336913
0.060056353263047542,-0.12190781201391175
0.11208797271266478,-0.16647205965080134
0.14673273897411385,-0.19706912336719604
0.15671465724418362,-0.20709628635255334
0.14058102093309446,-0.19802781098489286
0.097619753572622647,-0.16766123728835958
0.033275813682027783,-0.12178066858034307
-0.044973430533039968,-0.066103170565747313
-0.12787621026514279,-0.0072759043836450503
-0.20579937383765456,0.048084773682659218
-0.27015389086528074,0.09426237293976325
-0.31609490374464305,0.12573734139382289
-0.33883930908222498,0.142086632115457
-0.33612075345736359,0.14386462669587383
-0.31377789009105189,0.13161331877856774
-0.27819307587576492,0.10785361028108943
-0.23722593566075614,0.075748974687075699
-0.19890951504191315,0.038613159572330739
-0.17017501173830729,-0.00046476877338087974
-0.15785895463173397,-0.039643805821526351
-0.16064091602180497,-0.075758423755662024
-0.17826844799213606,-0.10607269570324167
-0.20650407280932231,-0.1299758150244055
-0.23962717958447019,-0.14624259646370771
-0.271151657709852,-0.15380684534157321
-0.29489474322712939,-0.15184051886998934
-0.30592702885057138,-0.1399476964362448
-0.30155226504271765,-0.11815854423058961
-0.27991202352831374,-0.088784851384018829
-0.24538031138343411,-0.051566039029260553
-0.19886428066809098,-0.012263345521645961
-0.14465580138359876,0.024473122292663272
-0.087673628402929152,0.053706639218494681
-0.032728678174541496,0.07085485342059937
0.016122643866859444,0.07238326226017007
0.056923673902879376,0.05833485954001548
0.086623804395150286,0.026138124252056399
0.10663385481054689,-0.021620181442991319
0.11710216835599299,-0.079973796957680129
0.1200218957039856,-0.14235012701419908
0.11794184860807312,-0.20106423408112978
0.11354015290516647,-0.24831034758572235
0.10924927122301673,-0.27723845072888709
0.10610277315988159,-0.2843059579520647
0.10701298793961067,-0.26567221823330595
0.11118238483436967,-0.22064426233517415
0.11968783362589105,-0.15467647883004595
0.13215527104731259,-0.074496079314780347
0.14779166819638051,0.011441095057623031
0.16555795709235441,0.094105815561763881
0.18433289920177126,0.1651336363351823
0.20333809432893479,0.21985326913349723
0.22049649123182566,0.25166934635465288
0.23791140930207491,0.25898821306957992
0.25254806549911252,0.24485110336646806
0.26368152531467348,0.21419606679686704
0.27084052703657086,0.17377948748626307
0.27376154818017534,0.13101768799965857
0.27231364455986251,0.092748140541905819
0.26670829092466236,0.066007851103637591
0.25589837521844,0.050389536884729122
0.24179115720986041,0.046357882432827506
0.22244428742177239,0.050443541980847391
0.19751069249854686,0.057511774078204451
0.1669217767153576,0.061506029176825065
0.13103078306115981,0.056629664397333669
0.090721938192034057,0.038494101880960703
0.04540681673831997,0.0047672085803958297
-0.0003839081599778944,-0.043601669268316608
-0.041745443032318731,-0.10183716228691637
-0.078217111014687937,-0.1646918502258678
-0.10739785743841444,-0.22449498575591842
-0.12725568810451512,-0.27310954373777729
-0.13637046003481451,-0.3031922228075542
-0.13412802251276854,-0.30936813300501337
-0.1211275452796908,-0.2888620182176832
-0.098053352788814316,-0.24285733499817524
-0.067437412732637869,-0.17587962445964084
-0.031635285797346029,-0.094690955314553044
0.0062780492087859052,-0.0082586895447822068
0.043093914998921463,0.073688102149203807
0.075771972404121674,0.14192140723843097
0.10171427404818841,0.1888799495584933
0.11986002201697783,0.20821766731404232
0.12798343881382265,0.19950800906319607
0.12472645873280726,0.1663764013374652
0.11154694974789897,0.11081096751837907
0.089773896306253098,0.03880499020032796
0.061331651803801977,-0.042404917722940749
0.02856081398800769,-0.12527948952839457
-0.0059628767418983082,-0.20284954028177615
-0.038716699196909461,-0.27021553520958291
-0.068020676901902125,-0.32163431995624109
-0.093375976031611796,-0.35690820331825057
-0.11110319672991864,-0.37389705327472372
-0.11940174774878219,-0.37337550375458056
-0.11701141509858405,-0.35731494133784059
-0.10332827793299526,-0.32846661781644848
-0.078498492569402861,-0.28996737756975999
-0.04377015293451321,-0.24475269924937168
0.00022665218073543591,-0.19603798338185116
0.048096358269173356,-0.14770179512177581
0.099125032967537219,-0.10134036083741006
0.15000789916765592,-0.059089163671581478
0.19713330994087258,-0.022818983185441271
0.23690201250765772,0.0059036379882014762
0.26610105542102436,0.025915965317416398
0.28022595539580381,0.037418197671915447
0.28119876481475758,0.039153256837690435
0.26815709224594497,0.032569552670784478
0.24284670524656021,0.019087561987390384
0.2076988259937983,0.0012838820950171893
0.165810906580625,-0.017585327373409496
0.12056420065260183,-0.033936713008013465
0.07522958485076324,-0.044316223272850772
0.034087240138366427,-0.046703327521956217
-0.0033348869700618711,-0.038697435532352317
-0.034298623763727089,-0.017459309548029319
-0.059520101624332099,0.013733842050314337
-0.079359778764211186,0.052110641379889806
-0.094473379895223225,0.093870547278770991
-0.10559884840750254,0.13470281047543584
-0.11340283704652382,0.17038491978451628
-0.11870359951277912,0.19926389141813405
-0.12114655074723485,0.21644681389060078
-0.12232774707458645,0.21948014404446897
-0.12156040148526892,0.21038961526030797
-0.11921211851601538,0.19133067285777905
-0.11585583695422959,0.16554860691853882
-0.11219791334542442,0.13682037528992833
-0.10890796300404522,0.10882371642389635
-0.10667904806814964,0.084266776702993165
-0.10504446500147463,0.064751682628683999
-0.1028667044134145,0.053216435038831979
-0.098953945752973699,0.046420968476426495
-0.091237880645111208,0.041921946006608972
-0.077367359186261947,0.036698681052932995
-0.055153785604762577,0.02778548851483716
-0.02309242164612928,0.012908036601625948
0.017668941333485975,-0.0076305899437893515
0.068071405988156475,-0.036063113482878321
0.12528679952577218,-0.067414517248358632
0.1845225703454289,-0.10047817538497623
0.2399681900588497,-0.13099917926880136
0.28517992908951723,-0.15419889740235221
0.31396053646761002,-0.16556823414083255
0.3213106213065739,-0.16170102653050353
0.30400393192201597,-0.13912966298258575
0.26294794589536208,-0.10147028701528764
0.19801591451308251,-0.051990070350798299
0.11720333061534013,0.0039989516221390874
0.028554543188274859,0.059473356947543542
-0.058784800547927431,0.10690723325540491
-0.13575499925846229,0.13934676563541479
-0.19457989329656541,0.1514565943537709
-0.22891433242688011,0.13901692691978984
-0.23757761252067897,0.10416380333817003
-0.22164120072249005,0.050217275457661997
-0.18473535205086408,-0.01712681518814611
-0.133144109127697,-0.090075615701824083
-0.074535089514314132,-0.16006878128938859
-0.016816555135269758,-0.21894394675068182
0.032993026864530345,-0.26003262223037582
0.069417220361968054,-0.277669468553013
0.089894582912943707,-0.27206472883762783
0.095530063850548783,-0.24634007471838509
0.087740091248382279,-0.20315646986430633
0.070742935019828132,-0.14842685540974385
0.049873956834974406,-0.089095418699592185
0.030660131527350771,-0.032200769589508044
0.017927728532242858,0.015986080909033366
0.016550681831048866,0.049815996196100637
0.02549943022045548,0.067817000100826558
0.045816162948895532,0.067654962262828383
0.074151234471858882,0.051049653460233511
0.10691815017957523,0.020215942438939431
0.14006744361570628,-0.021788508920200268
0.16973218468551571,-0.07149216670071043
0.1927540269069937,-0.12532871511610361
0.20730757887820034,-0.17791788586376026
0.21206140835460816,-0.22894377493681997
0.20674012327451882,-0.27443461268039326
0.19253627770459586,-0.31166345220075214
0.17084406404700109,-0.33752798834671777
0.1432451642194239,-0.34896251784988203
0.1112831826588597,-0.3432688723871844
0.076359118857564523,-0.31860306106186542
0.037695865785712795,-0.27371655164822389
0.00043353356193647603,-0.21161039533950324
-0.037227505368006668,-0.13469044313007242
-0.071090929597366986,-0.049824621262080156
-0.099065114616429487,0.035268687018603272
-0.11927732217547972,0.11201211009139569
-0.13028155649771389,0.17203785432639762
-0.1312759491892479,0.20837071967545129
-0.1225830833912477,0.2168069375938643
-0.10520972904680004,0.19605846643608688
-0.079125351442275851,0.14765939038785089
-0.048789126991329895,0.078734033374865411
-0.01773860023669797,-0.001527650808296008
0.010323124801009696,-0.082259371480918442
0.031945236698720486,-0.15242941249850189
0.044328440364843402,-0.2024339699350908
0.043596452662706793,-0.22579419430529798
0.032403305091754209,-0.21985299553649512
0.010582019145341799,-0.18353489030116163
-0.019594907448202394,-0.12466572943165861
-0.055426049242218792,-0.052432685153906013
-0.093818378230453248,0.022094493446076467
-0.131609735747032,0.087608618928799481
-0.16583667856947082,0.134224219663168
-0.19245209807868566,0.15299868340087119
-0.21153913263987695,0.14372416558239104
-0.22163372834257306,0.10660527255314062
-0.22138760366186458,0.046928256504516187
-0.21007182899030591,-0.027432771053862839
-0.1872884334092301,-0.10702233037742004
-0.1530532190049084,-0.18223912064876158
-0.10795035474417543,-0.24469633293670978
-0.051856225543119937,-0.28694495973593842
0.011164361612819368,-0.308386573913769
0.076089892597876338,-0.3068521317437084
0.14032186253882348,-0.28673167354190637
0.19920932092926125,-0.25291478804870454
0.24795241005726881,-0.21117174757629639
0.28218318977050305,-0.16718742217327434
0.29861064853219826,-0.12576634128468261
0.29591484284447772,-0.09167638684242628
0.27424071160294305,-0.065285142268300261
0.23603495839128646,-0.044637825293173845
0.18655086847016317,-0.031159552855948205
0.13239878396391719,-0.023789216159908946
0.081035144396832251,-0.021281582015474872
0.039761280955526106,-0.02249709054981849
0.01467128004151645,-0.026517572673325007
0.0076594599495189101,-0.032311456852255747
0.022760361802255071,-0.039048140883850904
0.058844873832337156,-0.047446874881745135
0.11015085890602784,-0.054369911868981387
0.16931778915522219,-0.057541053322246169
0.22748560044655877,-0.054374153816526896
0.27552568752224577,-0.042346732457712116
0.30534125816510899,-0.019514323123690801
0.30957164914140212,0.015742371038336943
0.28776681549475969,0.060895522471323113
0.23990756228854984,0.11523669975227899
0.17048491616744321,0.1725246870158868
0.086326243584795501,0.22651928233110302
-0.0041202595740592353,0.27037543707536416
-0.091997723117088384,0.2975978202325969
-0.16926376110350069,0.30305938138403637
-0.22944259053081809,0.2841874055171571
-0.26987067795352404,0.24091920397371969
-0.28773637111710015,0.17546065816712816
-0.28673575917200661,0.094980139164040009
-0.27113407693898001,0.0081051112968487538
-0.24634888350497566,-0.07534562230767948
-0.21796810964284444,-0.14566539899732325
-0.19083640837451465,-0.19459215932520094
-0.16982037029922198,-0.21727836290063496
-0.15429806182466169,-0.21083542298546762
-0.14381514445877416,-0.17428018774010545
-0.13668464511101058,-0.1147542905668527
-0.12999191543325114,-0.040290400799039054
-0.12055799549645334,0.039434931735325945
-0.10558995783699224,0.11444697123168526
-0.083197231748832978,0.1758168619142598
-0.050640539949442398,0.21707673292345317
-0.011007704801715921,0.23376905927844593
0.031590006982012676,0.22658526018448011
0.076981911031933831,0.1972071334909665
0.12271688956913694,0.15072188819022897
0.16648922843577021,0.093908168300337491
0.20640729191170398,0.034152235768315116
0.24111207311569272,-0.021642389387567278
0.26768412400046054,-0.067713200612229671
0.28888005843560671,-0.10112700464927528
0.30349565826766578,-0.12032896331138054
0.31151089050142639,-0.12671191026213174
0.3121920421846151,-0.12308815283657187
0.30441083391222218,-0.1132603654436993
0.28688783170203386,-0.10123143823907868
0.25861838505620643,-0.090463874518687065
0.22144764294366426,-0.08520605252792289
0.17394466900412137,-0.083345937298807932
0.11636489317750748,-0.085073373635948454
0.055325428256664665,-0.088186828830115319
-0.0031352609273666687,-0.090197245424724404
-0.0521907557065679,-0.088634783809644721
-0.085204805438445261,-0.081579937054057236
-0.096856180910558642,-0.068051493716642722
-0.082163757742360677,-0.046293213333337142
-0.045102463891166338,-0.019842207394151302
0.01281494222823709,0.006986121233630291
0.08238182537379847,0.033740958041854618
0.15348169640769316,0.058130173396057597
0.21496661596769973,0.078271352299469327
0.2562790307440716,0.092928809733505605
0.26910427774809503,0.10159289113435835
0.25084135349359254,0.10250289801608231
0.19774962991664768,0.098729776422726276
0.11703374365494366,0.092526484418059093
0.016055438257723178,0.083104518708777109
-0.092809170395979537,0.070649950356197325
-0.1952888574508154,0.054960341116587444
-0.27724630950731716,0.035610544563538037
-0.32677914024789928,0.012265015826393675
-0.33753124162237252,-0.014661490985841234
-0.30486361118302785,-0.044146031800001775
-0.23207064485490245,-0.0759092561047464
-0.12834331974092136,-0.10517662410435294
-0.0070561072157109368,-0.12769243159894875
0.11578428108660044,-0.13891373463260695
0.2237943034394535,-0.13475281292754809
0.30253618873543975,-0.11239966249730068
0.34360579690309762,-0.069181390567078088
0.33944843405826342,-0.0099267207648207623
0.28861057975158438,0.061544321309769418
0.20008167982008626,0.13774229856987039
0.085523188868460401,0.20986998183408656
-0.040501373721773606,0.2686563941052556
-0.16273003230610794,0.30564972607881841
-0.26743970886343821,0.31450455907627378
-0.34642714058733898,0.29124389527833516
-0.39054537723107807,0.23755421494310325
-0.40204651578184092,0.15910114117373989
-0.38393686490421036,0.06326904741283694
-0.34489918403201647,-0.039180873040765826
-0.29620246143219126,-0.13628845493404376
-0.24970279707310389,-0.21646896196193099
-0.21579558951464117,-0.27006344400228366
-0.20018467796489414,-0.2925291897408725
-0.20800119903748759,-0.27863536592341476
-0.23647412920394748,-0.23032534457477666
-0.27949897204978774,-0.15375594834423995
-0.32721004062586034,-0.058139048035481436
-0.36798373311470839,0.045248032664453375
-0.39047757969936242,0.14456256570585557
-0.38566600439337517,0.22891171783056904
-0.35000476052144264,0.28939396428685366
-0.28080088873934184,0.32126410129140626
-0.18576221907418997,0.32155571008215938
-0.073230386616824961,0.29299263253241853
0.043415570607285459,0.24042162105161516
0.14916203230638961,0.17070490801065183
0.22963948819151267,0.091637548184535234
0.2733897148164785,0.010880627213917781
0.27405290891410505,-0.064661052700485042
0.22984950709571447,-0.13049890332661637
0.14933762197127964,-0.18311366327835846
0.04145033677518891,-0.22158427994686203
-0.078556127945141233,-0.24618926663868693
-0.19330900260485046,-0.25817780600692875
-0.28585309421955002,-0.25923479672456534
-0.34217937938929732,-0.2510194409766725
-0.35540836313966601,-0.23621103161919055
-0.3191968110613933,-0.21366675799547105
-0.24116834644147667,-0.18374963299446878
-0.12948017548161317,-0.1469813300815512
0.00061725623412930508,-0.10383026498506398
0.13104943619667164,-0.055247119494967023
0.24358865386869974,-0.0028204500779561627
0.32257090516334996,0.051221704521651611
0.35518250524394229,0.10281726405606016
0.33967650886531703,0.15180719064638937
0.28134474863836401,0.1926238917789426
0.18741169184048531,0.22540838318871581
0.072188436341228707,0.24899192490257627
-0.047199518792891478,0.26288567014664632
-0.15342781047679441,0.26727958209561808
-0.23156964990402315,0.26295072636810446
-0.27155925816833959,0.24920590962570152
-0.26924523177606635,0.22979333124321796
-0.22392003855895395,0.20843071471724603
-0.1459106864439666,0.18437925391010229
-0.0478711556474763,0.15848237713970911
0.055270611902880851,0.13128792733390657
0.14866787715686455,0.10314696152049055
0.21977903414121219,0.074368601805280488
0.26041396992699894,0.043497942638422334
0.26604134209390373,0.014838531687208823
0.2414275362395166,-0.013459599525225198
0.19070441633702251,-0.037564695935391704
0.12356725476290067,-0.055565257251500327
0.051562876700367521,-0.065831499453927161
-0.013737351878268465,-0.067256495167745622
-0.062438618890153542,-0.05943955591718527
-0.08911015080593121,-0.042509483452348215
-0.087844847761362796,-0.018165824939357741
-0.061679624214313597,0.012152606036817283
-0.012973885950668384,0.045781633097433716
0.051719292307773147,0.080164797580368416
0.1242822816234906,0.11287140167051672
0.1963169816567529,0.14185234347597886
0.26034264404066959,0.16562873515018406
0.3104371858544599,0.18257958045152728
0.34314900714258378,0.19320554646106702
0.36054435435806259,0.20042479727340087
0.36178912493238563,0.20300133910298726
0.34983292608066813,0.20189450810311238
0.32863064637168865,0.1982323297347863
0.30235367300173455,0.19319140477773683
0.27467380782279466,0.18790256960331161
0.24793876780065541,0.18311862826134523
0.22462403893953045,0.18041713414627106
0.20189155917183133,0.17937240111871872
0.18115069420027366,0.18154243992449637
0.16100157665910769,0.18743535536279327
0.13975379883072678,0.19726279865122487
0.11592182773386249,0.21087858961978426
0.088660619841543456,0.22772319483370121
0.058945901252060576,0.24705835300200499
0.0260710225780094,0.26763543639083265
-0.0056730925101045378,0.28504929501815818
-0.035258085426193346,0.29936869632879753
-0.059736751614593082,0.30860379405541827
-0.076146095664066604,0.31079664024157927
-0.081984138521448494,0.30427613587515895
-0.075652526083617777,0.28793907471622759
-0.057673649082953825,0.26286420424904972
-0.027246487499201791,0.22777456654551606
0.011009689188614464,0.18436696304970537
0.055269483527496457,0.13567827878533528
0.10131367065416513,0.085362668182090082
0.14448124370465878,0.037590753040974048
0.18025540718676128,-0.0034409417335013273
0.20486777983905421,-0.03405258893853088
0.2149488248519538,-0.051864772731904075
0.21093131573360743,-0.055325561399269134
0.19401686097336657,-0.044538035185852302
0.16657688106690263,-0.021859387625770194
0.13252974461464173,0.009222082694196632
0.096484444203722028,0.044275210439695144
0.063070033781053497,0.078529245781391768
0.036258987865490026,0.10753121298166424
0.020256733569635678,0.12911070957980075
0.014582446699342196,0.13948447178885304
0.016048538073650805,0.13656335302968553
0.024697272453093982,0.12299789627652291
0.037340252647784511,0.10154000656266213
0.050153307322719207,0.075900669100906648
0.059315896972005865,0.050110375958219801
0.061643473389114092,0.027838931218464719
0.057163526420758733,0.012055179661741121
0.042826221226553524,0.0040728180948111864
0.017224939284484372,0.0017551646124216308
-0.014939778510594007,0.0048052795672199715
-0.049877733900829245,0.010341902137021618
-0.083214872661876424,0.014780203480226097
-0.11062258453582914,0.01449884046022938
-0.12841930244191829,0.0065358480409090456
-0.13611145788368878,-0.0089100680342150511
-0.12930124234246401,-0.034180940760922693
-0.10919551414872658,-0.069748537604962121
-0.077141424163722314,-0.11011637915332302
-0.036121331475909318,-0.15040958585208616
0.0099449318152335323,-0.18519366318638772
0.056714665767707194,-0.20931647140101461
0.09997154544325404,-0.21874717617941131
0.13583731505171046,-0.2110079119925973
0.16210786268855451,-0.18595516885117783
0.17781544849093592,-0.14859540324727538
0.18259944887381177,-0.10132479379297701
0.17749739170553358,-0.050060422873618761
0.16434198413891807,-0.0015457963242449446
0.14535217388074967,0.037612351014285006
0.12269568675291838,0.061925958115771756
0.097804569145782186,0.067600464549433678
0.072629610346733223,0.053978869428077204
0.045277895710666656,0.023129584300622015
0.016900020171504937,-0.020978006751223445
-0.013444219410511563,-0.072201046534295266
-0.046978634731031955,-0.12339396379379394
-0.084767667034729516,-0.16747137942913012
-0.12725116087430152,-0.19846942936391665
-0.17531509793889821,-0.21216859014172337
-0.22473537438884034,-0.20737166801256857
-0.27304726634292653,-0.18658194216778634
-0.31559038440206533,-0.15285011910478505
-0.34754378203713893,-0.11196732480694588
-0.36427853639758195,-0.070755167474857189
-0.36205018833538666,-0.036019718728862581
-0.33862877084111059,-0.013522158777688083
-0.29405646196453467,-0.0084809718543332729
-0.2297243127105405,-0.020121383926536479
-0.15015592145238646,-0.047877845707500123
-0.060810567089327791,-0.087774971664738174
0.031368006908523968,-0.13446998959084622
0.11901130789218792,-0.18182138955341859
0.1951612215280813,-0.22379563322424714
0.25405799871182932,-0.25529522081443923
0.2938270513360301,-0.27305616697063845
0.30927729275942017,-0.27512003547370983
0.30261779636066521,-0.26148062583530973
0.27543480663746794,-0.23444703131600783
0.23215748641340186,-0.19730939566471115
0.17859332698863725,-0.15403386875230066
0.12119063453769703,-0.10867915539266022
0.066251759414747549,-0.064899912355265155
0.01832563124190727,-0.026957477482881523
-0.016939841543322672,0.0048056722002915555
-0.038711104751372717,0.030901167338304385
-0.045550980751775404,0.049505738765491164
-0.038719364371564063,0.06063331152286168
-0.02092586946204918,0.06459643200614934
0.0042151790150221939,0.061882000419465587
0.032814679482075809,0.05311559283101705
0.06337420705833513,0.041009393393478012
0.090272745239509775,0.023821317069591969
0.11109539228003268,0.0030575650855176511
0.12634542690853914,-0.01909812575315762
0.13685913878415612,-0.040116046462295087
0.14432044544094635,-0.057018949774708207
0.15073798716009551,-0.066723337651395889
0.15786162743269311,-0.066512176587987526
0.16635390294658989,-0.054830811162122732
0.17596144508548892,-0.031248591818981503
0.18709265710083806,0.0048227353249448357
0.19529540728953151,0.048852075602924497
0.19681938516567432,0.096193029478540346
0.1877979665548403,0.1412918257785718
0.16500202951755091,0.17846504450204162
0.12657464716478053,0.20277861917313059
0.072324423897419263,0.21278082932030826
0.0044100359582282143,0.20431765847041278
-0.069750886508026827,0.17955039295529707
-0.14600521127605784,0.1419482559596994
-0.21691250538142251,0.097455075968590488
-0.27472801157924609,0.053384740155186398
-0.31248309478916014,0.017294721730669888
-0.32505677754941353,-0.004260147871426998
-0.30977307052559522,-0.0049913953374520151
-0.26731535959157982,0.012882082186093984
-0.20475901197619431,0.050220812364801762
-0.12704879417386267,0.099264936329727327
-0.043430222874181884,0.15182664159041898
0.035755853669991886,0.19861678774357988
0.10044487759101373,0.23068178174783999
0.1422391770804188,0.24082754822102975
0.15648524661567914,0.22615641050130847
0.14005679074638785,0.18391073666506191
0.094835756795247084,0.11802725105229127
0.026933324317829549,0.034877826207538244
-0.054849381013882981,-0.056210830736303417
-0.13994572432654517,-0.14454555189895518
-0.21748770414154309,-0.21960675097627333
-0.27779586314503441,-0.27257416304169158
-0.31455238143122066,-0.29624882407085001
-0.32247987894732438,-0.29060903594091536
-0.30211041538352129,-0.25781146109363223
-0.2566176879296076,-0.2034038023886855
-0.19251096329348286,-0.13592928553876391
-0.11828596919666486,-0.065376269633032252
-0.043130632838202655,-0.0017333203560815455
0.024401492982754503,0.046395506523933885
0.079600670149666181,0.073720710424933833
0.11560331427526689,0.075982871575043839
0.12958970631605626,0.054182308969928483
0.12480691902255929,0.011494803879851452
0.1054934123758149,-0.046194756106867442
0.077459391217571019,-0.11156196272708276
0.047014249081574887,-0.17696816639994684
0.019887796137839427,-0.23553220609021283
-0.0011497229455067293,-0.28117758673230137
-0.01158217074380925,-0.31160575816588398
-0.012261112585512364,-0.32772643769495058
-0.0050397512224645688,-0.32932499368581514
0.0061988258887859379,-0.31914455541514236
0.016633627732330455,-0.30088907473518772
0.021463403674506956,-0.27852620516247306
0.016862729157837722,-0.25565757437577813
0.0010695760772781004,-0.23478213885197918
-0.026844917954323044,-0.21792320985212213
-0.061422860156879241,-0.20600143538420945
-0.10043373131929084,-0.19840469798929936
-0.1380662994102089,-0.19417346625416146
-0.16788507806371783,-0.19209181723169413
-0.18390668700391152,-0.19101777581786664
-0.18167813351800718,-0.19011883631308005
-0.15770862576172473,-0.18979059255303046
-0.11495167268651901,-0.18829129397817668
-0.058408152178250433,-0.18785764156991561
0.0060713769323349114,-0.18714290917760629
0.069996998635156987,-0.18618856763508512
0.12429927672583901,-0.18497100176451342
0.16066326075451728,-0.18334339900424407
0.17281200181730322,-0.18103160147309261
0.15782963214576456,-0.17957885748442703
0.11504139110244636,-0.17632403956314346
0.051535362878586545,-0.16878125740688316
-0.027622204007122897,-0.159000786843395
-0.11286459432700822,-0.1474943512692061
-0.19344283357228789,-0.13510125933277209
-0.25889213156181234,-0.1228918932684458
-0.30048156979663271,-0.11201588133230239
-0.31389569152279934,-0.10541472706879682
-0.29471769362540035,-0.10080833217482814
-0.24558671166334209,-0.099237322128266442
-0.17171712904083736,-0.1000452612300929
-0.081662561412536749,-0.10253609120549505
0.014160360412589789,-0.1058112448092433
0.10488844638198802,-0.10890252252450502
0.18064855805914765,-0.11090600519285403
0.23527045596002699,-0.11299049229277827
0.26204790086352475,-0.1123620925686406
0.25983809893405596,-0.10656724327983311
0.23126401406677971,-0.097741062498888587
0.1816024862257053,-0.086416802045528221
0.11813910718140308,-0.073303827877377478
0.049008728037502794,-0.059153111065920978
-0.017998182933615194,-0.044627224194738017
-0.077947851473503443,-0.029922725557348331
-0.12439140224981049,-0.016295849166052739
-0.15541656909863077,-0.0010173959463989904
-0.17189413661631697,0.014003206068892502
-0.17649679307932684,0.029053460372981326
-0.17325520625970503,0.044659327369104503
-0.16664622039804425,0.061462333600523
-0.16066590428777663,0.080056056781825299
-0.16009849010553967,0.10216676555198199
-0.16299379200646774,0.12523904838990196
-0.16753126743967239,0.15091621372822625
-0.17187588372508092,0.17657527326338254
-0.17230609569427213,0.20076457574022133
-0.16487626418794626,0.22205955507469785
-0.14626844802989972,0.23927637999517146
-0.11456383658095713,0.25165387477323609
-0.067743249775130854,0.2581609708901455
-0.010933729211962385,0.25997241065407356
0.050742059691569905,0.25968782311581495
0.11228363660839331,0.2570679104055793
0.16714805399627775,0.25341496989303419
0.20904520749355338,0.2500227102195447
0.23284166118731484,0.24797953732239708
0.23531160899505929,0.24800278037144985
0.21767490269515521,0.24951749123281944
0.17775911444804171,0.25323891008083471
0.12279793012460979,0.25937933098892857
0.056095858073369816,0.2659234343503255
-0.015583308564967388,0.27140565145699475
-0.084846466583397145,0.27428064847465683
-0.14451757391817174,0.27310244381428106
-0.18843985739411415,0.26667584097878461
-0.21359701390142496,0.25606076940969785
-0.21483647616782284,0.23762039481533945
-0.19431422318779565,0.2128274153597573
-0.15222280536550209,0.18100431053684884
-0.092246140772440158,0.14287921661837777
-0.019622164761915358,0.099747821475449749
0.059477206162175958,0.053386450346990459
0.13862852510140189,0.0059115930531179117
0.21034321421813482,-0.039585774149018503
0.27172936199781184,-0.082213704979949939
0.31916624191576781,-0.11942635496555654
0.35016165474069993,-0.14995186990435355
0.36385609421969828,-0.17263207558736257
0.36053879548634638,-0.18672683642607107
0.34137320205668426,-0.19191088868937312
0.30809972831639715,-0.188241869821859
0.26247726568299362,-0.17583969831382701
0.20664389678431902,-0.15552358821682469
0.1447402695870188,-0.12925466754951465
0.077241995370085234,-0.097189103451063047
0.0061663018253232914,-0.060482402555919662
-0.06629502637082299,-0.020492556630516356
-0.13770774798888888,0.021204199698026623
-0.20539308356117403,0.062809760550612742
-0.26621459126674785,0.10313769397454156
-0.3178790315289457,0.13941205922825611
-0.35729831397459272,0.16699181878680797
-0.38266617085836541,0.18594272339434428
-0.39252836189511009,0.19468995242176831
-0.38624533119119814,0.19206395082803676
-0.36409260962204165,0.17746049907266984
-0.32727613971959735,0.15098601055283409
-0.27580448692316623,0.11491361465302663
-0.21514803487330655,0.069531552951305323
-0.15019407210596597,0.015037527921386162
-0.082861903762850256,-0.043263606297055432
-0.016375810059106276,-0.10152704559711891
0.0464186642297304,-0.15581742453824532
0.10320627704273416,-0.20248360000728607
0.15227759629063711,-0.23851836999125883
0.1945846217906072,-0.26158775809787571
0.22589179509324284,-0.27056417777317254
0.24848508606980968,-0.2683005937484198
0.26073297722164829,-0.25405423260974386
0.26300425902780611,-0.23000782797677422
0.25618525410858317,-0.19911624348278092
0.24162391273698189,-0.16475260824140009
0.22103208766955193,-0.13030614827292741
0.19781866204580334,-0.099060160756341206
0.17220370167759022,-0.072992788644934553
0.14436136153388909,-0.05317490645546006
0.1175674033303447,-0.040309132477697143
0.093326439792468657,-0.033930842029100211
0.072724766769294028,-0.03288013305325356
0.056356892616328376,-0.035591256713630511
0.04429733910850786,-0.040417718944870305
0.037584713204241324,-0.047290768337166687
0.033748435469470914,-0.053588360055424111
0.029017738748830315,-0.057315087607462845
0.024241887318709091,-0.060153365172519985
0.018180611210817713,-0.062968672155546898
0.0096700052786355198,-0.066933073635371348
-0.0022651604204986797,-0.073238098168623339
-0.018308654220198131,-0.082802865756722563
-0.040825642616031568,-0.097383239083663545
-0.067196425420236947,-0.11433120211532617
-0.094443301160157811,-0.13402496325632504
-0.12389411166206089,-0.1538015692950076
-0.15461984400919007,-0.1715649807583812
-0.18556155949956574,-0.18528374394333152
-0.21560825668166256,-0.19329029046704918
-0.24366725189723679,-0.1945204475627251
-0.2695982152371017,-0.19055303676415269
-0.29180208335572133,-0.17862769740356704
-0.30683622601244842,-0.16135299882103324
-0.316398376411127,-0.13928942841822067
-0.32028665309093479,-0.11430801004639266
-0.31845178066212287,-0.088541776944286776
-0.31103402583780954,-0.064106092913059701
-0.29843416845118831,-0.042813405533989296
-0.28169247166058486,-0.024568746187974107
-0.26102676723489182,-0.012638194424599127
-0.24009978176362701,-0.0038984367220525002
-0.21914124229789231,0.00036451903344853181
-0.20016994277056585,0.0015988537141514154
-0.18531571111678941,0.0018908006510532211
-0.1765071655986194,0.0036340214767649429
-0.17510408109383832,0.0091166843660500114
-0.18124808301171549,0.018198229823507623
-0.19414878836918939,0.034414270301625728
-0.21370023306979602,0.05826170238700256
-0.23492597397286696,0.087486389789946523
-0.25345548675502005,0.11948473307511111
-0.26459376700418863,0.15085927257497908
-0.2639677841948288,0.17796344490686999
-0.24818916820382941,0.19753909959314336
-0.2157232365435589,0.20815157768592282
-0.16614011534868497,0.20770376856370448
-0.10210741699234135,0.19773840174050308
-0.027401561730413641,0.18063038160790393
0.052371353105547844,0.16050009687226865
0.13072730432240293,0.14232015698290726
0.20111072738606617,0.13107628927848522
0.25773217466302406,0.13084376546295429
0.29543185320786286,0.1458345105565082
0.31324864842063699,0.1727705174822681
0.31148809758793455,0.21042464464218216
0.29215681083760131,0.25256992790862975
0.2593130933897439,0.29220929692461778
0.21814096448958925,0.321789440527463
0.17418757024941503,0.33439169849572675
0.1325916221584148,0.3249000201060806
0.096540866747774637,0.28959966406543114
0.069260626352397922,0.23111435313932016
0.054225169600711061,0.15543675540600121
0.048272826722286825,0.068443535864413749
0.048997751482833404,-0.020630708176006901
0.05324240048908524,-0.10177064175660173
0.057707653469068539,-0.1655534306532559
0.059524052339523834,-0.20446315630389619
0.058164064140012121,-0.21313266433002745
0.049801443384854274,-0.19195761686558721
0.037840551131915048,-0.14318111816522416
0.021111897043987249,-0.073269734742468839
0.0014745375610542989,0.0091975778082381415
-0.018577474184473749,0.09442459205687477
-0.036346193378237641,0.17266656581185011
-0.049380485249338003,0.23541081470191286
-0.054405586645583384,0.27549225340879463
-0.053307545262453328,0.29063631676543095
-0.043968822235105329,0.27957498581509482
-0.029376084709667693,0.2445916725260544
-0.011605552724641734,0.1897284068942508
0.0070910702299875616,0.12034075348279542
0.024669316778253795,0.042362886983349536
0.039610897753921646,-0.038328119368184185
0.051422377061490845,-0.1144746322996376
0.059167262148414224,-0.18398193296457366
0.065633520053319364,-0.24461077409246088
0.070313369357312736,-0.29196236948729759
0.07449759853443734,-0.32357732788625243
0.07953284483480566,-0.33755585293712992
0.086535812063115128,-0.33264293535563316
0.096144154978926658,-0.30843292077306511
0.10687718485148663,-0.26375811900783863
0.12096830578879719,-0.20326321113354257
0.13393282421883468,-0.13220823214910563
0.14637973124154485,-0.054482826522799399
0.15634655453191471,0.023496768177705664
0.16158880655365643,0.094695616028943663
0.15989646567468996,0.1522363962641094
0.14944600452584261,0.19029676989961641
0.13001246609143313,0.20362995445079407
0.1003879695801085,0.19370429542891376
0.060497688497014472,0.15939794243623626
0.013357635526137952,0.10770375195026179
-0.037957508881913814,0.045924872742795247
-0.089777476017009583,-0.017389294827630037
-0.1382824309698942,-0.073614269635480886
-0.17998798377052136,-0.11525659846169121
-0.21248973255221204,-0.13565398775667906
-0.23366857523239895,-0.13497863756289907
-0.24373165338592462,-0.11197218319815934
-0.24336786614724304,-0.072232003899480257
-0.23469612047720992,-0.022243775091565061
-0.2205984905808045,0.030258321746472649
-0.20422177391021853,0.077411559004161093
-0.18843317147958219,0.11229257325210033
-0.17678791527346696,0.13167165983776014
-0.16804325765043562,0.13044045605869858
-0.16169017540713509,0.10605427781109072
-0.15633906752762089,0.062611260843549746
-0.14949432637465832,0.004247754965621622
-0.13834020733352895,-0.063646692128255605
-0.12031515733486256,-0.13516858427233605
-0.093670416053593636,-0.20457975863412883
-0.057622079545843044,-0.26656709817126434
-0.013548647813583397,-0.31781066915821377
0.035661418655392504,-0.3543020537562121
0.08651296149884323,-0.37530914408695581
0.1344172569101621,-0.38022742924558184
0.17459237914304301,-0.3692037308805623
0.20272468246747383,-0.34299079824991413
0.2155819914961043,-0.30288058288197722
0.21353828707579545,-0.24936296889249437
0.19382236062355818,-0.18763429986889596
0.15755072442207599,-0.11798308502616292
0.1091314584348167,-0.046546964792520039
0.053400987971408333,0.022098190731384609
-0.0040773278108432445,0.083341787002081003
-0.05767496618333328,0.13289842213300701
-0.10234764778592445,0.16719024218105966
-0.13389194996990172,0.18180566935539405
-0.15007678370078406,0.17896519259457305
-0.15134737666928164,0.15677356898202244
-0.13762135043725379,0.1187522856469527
-0.11109708701880749,0.0681262149050684
-0.074993372219504917,0.0088292954104521957
-0.033076626048257798,-0.054872677775942472
0.01083119301229165,-0.11873683820482148
0.054173159548147436,-0.17856535242858657
0.092369522610676283,-0.23164876087421674
0.12576724860610541,-0.27407415056366724
0.15167477440431412,-0.30477583161356581
0.16983095950701108,-0.32253615498835747
0.18075086051249167,-0.32678406680303379
0.18543327623477876,-0.31761288275688215
0.18502090493734655,-0.29583533967439285
0.17959742458575309,-0.2611616938572458
0.17058298469896563,-0.21872478800576195
0.15982049367144757,-0.17258417861307296
0.14512215531316214,-0.12593300497885093
0.12538803453404784,-0.083066754649934155
0.099444624575599744,-0.048166484647132315
0.066406190240293803,-0.024815014120694593
0.026026386990818072,-0.015496422078828429
-0.019558327926671976,-0.019804992066670205
-0.070997493871086795,-0.039602216486526516
-0.12485556339392849,-0.069272004373295476
-0.17799175240347612,-0.10666890565648979
-0.22634644488814579,-0.14627118767578554
-0.26570758347040402,-0.18169664941267408
-0.29227828139974626,-0.20652678214906933
-0.30325695761924265,-0.21521997906617524
-0.29704381236821437,-0.20586823320677203
-0.27412621753947031,-0.17475285984536126
-0.23889902223398651,-0.12097126623890794
-0.19383342258774133,-0.050668553319555061
-0.14418724344969058,0.029530747096187332
-0.095892550118442194,0.11144463536917122
-0.054756260544556463,0.18639638163674649
-0.025622844663092548,0.2463660229711693
-0.01192450737336195,0.28641222331101618
-0.014407637278050601,0.30113024494105423
-0.030393105358536142,0.28815790420584514
-0.057091325417914764,0.25123876585567301
-0.089066267427192758,0.19542112077831925
-0.11991107806021693,0.1276012054806018
-0.14322774269927721,0.055468330626990477
-0.15364031176016571,-0.013626511172709944
-0.14621206428910863,-0.075597267997685291
-0.12217263118906785,-0.12410358718340141
-0.083446615849382899,-0.15632465823218561
-0.034138975836551684,-0.17488989599869129
0.019536470137091706,-0.18324119180746487
0.070461129817641258,-0.18617916948485133
0.11166196254616749,-0.1888385169795351
0.13733486788153312,-0.19561938787600763
0.14456167399507083,-0.20844333226209785
0.13119300860443114,-0.22964018167324907
0.09677751975761055,-0.25437860191073902
0.046782708775044465,-0.2805842129867035
-0.012952751605849985,-0.30251143541333886
-0.075606051909132346,-0.3136019058975284
-0.1343123167049767,-0.30767859865627029
-0.18304854119758315,-0.28017651858861664
-0.2158656629701978,-0.2305523795608822
-0.23262892465557897,-0.15824681785747069
-0.2322397642183989,-0.068122321784893677
-0.21663336751296311,0.031486696883717968
-0.18878478431209267,0.13020195384867089
-0.15243267416220085,0.21669568404488374
-0.11151181176766746,0.28031216440067425
-0.069681518206530763,0.31270017880936979
-0.031478884078348784,0.30730001701434623
0.0023482840276696768,0.2665333987047141
0.032702661738052315,0.19667461195200192
0.056207370246589054,0.10541487701903522
0.0718849133718861,0.0049033035872052821
0.078997191265887376,-0.091253075841824016
0.07701472775519308,-0.16989807263302453
0.065680311503609784,-0.22020992679595344
0.046621646113266364,-0.23608215268192009
0.018222584830567892,-0.21361156367391895
-0.017320188807041351,-0.15873653942893898
-0.058101326653765488,-0.077083712533135382
-0.10099899835989144,0.020096293965066698
-0.14219960437647108,0.11945506670522026
-0.17763151024672083,0.20748246517903182
-0.20354745765400012,0.2724513900804067
-0.21804017054858632,0.30526112665205002
-0.21877301687444192,0.30335403117875975
-0.20534139217204087,0.26819912059299889
-0.18133993098654666,0.20543783850044642
-0.15125739171140667,0.12456537682782298
-0.12074740946126396,0.03716374072766105
-0.095753526999123539,-0.044829773684813043
-0.081501435907020345,-0.11081327419259134
-0.079473303454916308,-0.1521009463470786
-0.093658110625798693,-0.16634375960804246
-0.12313456609818342,-0.15048321911653703
-0.16250217490486588,-0.11013085690886176
-0.20486245240279574,-0.051660514868412402
-0.24192989112626942,0.017085225564189739
-0.2653410743820247,0.088056978309926648
-0.26807890516170518,0.15412236517944944
-0.24430851321970773,0.20799123897348615
-0.1960335355642176,0.24893002456928376
-0.12422807609023229,0.27739658359965524
-0.037778927698268377,0.29273868197845981
0.05316862437973479,0.29681394717118725
0.13716873194431917,0.29200636255003032
0.20316178556217579,0.28067195737258027
0.24216029998517957,0.26476476782570207
0.24837155117255116,0.24379747337243102
0.22105817195743502,0.22229006733198353
0.16413588987454103,0.19800299953963785
0.085065461126080585,0.17406637761126315
-0.0052914916285842564,0.15172472844017262
-0.094534329278254309,0.1322766196645413
-0.17052891164818687,0.11701067922336668
-0.22317081844423448,0.10703406196005165
-0.24730216469317526,0.10384065528540787
-0.23831463199330871,0.10571563464294972
-0.19929529095416076,0.11378822380499568
-0.13641011194355904,0.12459393429096803
-0.059435524263589612,0.13534654958787057
0.020003863162734031,0.14292005483625936
0.090140870464022749,0.14429477080989142
0.14074510239937846,0.13704676040486152
0.16540472587344507,0.11790220986311961
0.15883110095569039,0.090438345040603274
0.12394924642621535,0.053225076552922919
0.063610595858447166,0.01158087817052383
-0.014663140582386748,-0.030229223959319748
-0.10134329784529854,-0.067645286320702852
-0.18632260441491541,-0.096390986633582809
-0.260348874672505,-0.1129945039360141
-0.31419152252930138,-0.1159904249041267
-0.34706941255343232,-0.10351210017628715
-0.35638095525030772,-0.075142685889478894
-0.34536850014780712,-0.033590242712020921
-0.31858781588053781,0.018220801279732298
-0.28180437522252139,0.076697674037171829
-0.2409276587604379,0.13794613724018881
-0.20104798053329229,0.19809079429612619
-0.16719473501619256,0.25432939085312395
-0.13925005682917307,0.30265072380029318
-0.11527630350317543,0.33864922240000711
-0.095173842459056718,0.36170035143382145
-0.076530321306369886,0.37042527988148316
-0.056763101839217775,0.36407844344420909
-0.033756681108638519,0.34262089032087589
-0.0063448424531819328,0.30682664571439894
0.025146608969926033,0.25812221655186823
0.060440937754734338,0.20025152252377215
0.095304127098717148,0.13423525714578949
0.12876585743328367,0.066823191774683155
0.15821041158872073,0.0032964559853008659
0.18124079419587188,-0.051106186647515754
0.1959925722924806,-0.091711973545775302
0.2013143997966591,-0.11492675934899055
0.19885322194723101,-0.11731119425929751
0.18516409093805075,-0.10040739267277665
0.16333128725718513,-0.066666909142365505
0.13243016603025584,-0.01857010740995951
0.093371797578310267,0.039281919394562624
0.047401809745470251,0.10147611324698927
-0.0039062471265899515,0.16236657181377756
-0.058638247659040375,0.21665786877260648
-0.11658151769023255,0.26127036011864613
-0.17164425782852288,0.29117317967856293
-0.22253124863084747,0.30374823998005812
-0.26503843910201397,0.29956474907767761
-0.29615898651179279,0.27981220920353495
-0.31349450015504565,0.24684727892251895
-0.31550443355157887,0.20384366345302904
-0.30167610285966345,0.15441405108247161
-0.27405725862469449,0.10360936678770424
-0.23267665936602863,0.052538995423099213
-0.1775080902127355,0.0056243158260034344
-0.11404045041318889,-0.035689406676043908
-0.046158486170756775,-0.069590477930776315
0.022110913418371628,-0.094703943361508724
0.086870365885177783,-0.1101064954878046
0.14456312659702922,-0.11538064166369265
0.19299709914178623,-0.10988970386924909
0.22781217079362559,-0.095130904555836934
0.24929446020163354,-0.075174260716149965
0.25442191261039854,-0.050224111421727981
0.24249755285670069,-0.023029456591280202
0.21378791147015266,0.0031991683673838764
0.16959682502090581,0.025098833795649256
0.11228959237763272,0.039549928962260707
0.043193878026245171,0.043827220868267208
-0.030131452347541984,0.03756887578446922
-0.10353658029561066,0.018008128337589052
-0.17125225449833223,-0.011350610584279063
-0.22807564469073577,-0.047762720812142258
-0.26953019994658656,-0.087708740686609776
-0.29226136832511929,-0.12736427078055437
-0.29432821786778718,-0.16310716113152463
-0.27741203713200585,-0.19388104388398983
-0.23902831412709666,-0.21508304270830084
-0.18418756967339076,-0.22524334163288873
-0.11479687730458317,-0.22570230019901991
-0.035321168480648299,-0.21820254356571553
0.0490245910306608,-0.20537705283883176
0.13268656669447329,-0.19030474376609341
0.21021313437941502,-0.17601807091134758
0.27697490404952058,-0.16693709985617108
0.32819861032414005,-0.16113790269054448
0.36229939865094912,-0.16214828833541722
0.37672379841876275,-0.16708746463875859
0.37126746173547637,-0.17431901468976749
0.34715386170964141,-0.18191562514986198
0.30687432223039429,-0.18802872505544041
0.25393411497696383,-0.19120082312600062
0.19400506228148306,-0.19138364632768209
0.12868585195586757,-0.18685176575162193
0.065649948927451893,-0.17928640184384148
0.0066913158178307413,-0.16853542752068235
-0.044617559012081441,-0.15559449548826462
-0.085114575426908715,-0.14157307733525859
-0.11219806340835604,-0.1274720220635378
-0.1239931210460339,-0.11399883261750665
-0.12040115039241577,-0.10172092896433753
-0.099627756737880338,-0.090338475285212147
-0.065038301663525339,-0.07824036045757321
-0.017167114272543742,-0.065532813187615335
0.040809280107773689,-0.051379101539146224
0.1047363618504762,-0.034970685966307674
0.16983609109611075,-0.0156786931439842
0.2311827736114796,0.0068260946975992731
0.28394271715569014,0.032231411249233385
0.32502422158882305,0.060622821916706704
0.35162220619393925,0.09081096392767965
0.36327525723465365,0.1221089373660012
0.3607119644675833,0.15337543997171818
0.34591885956919316,0.18339966486929973
0.32173935289748351,0.2110166685392415
0.29136562447473507,0.23520911242836695
0.25927890822447697,0.25382934488797521
0.22489581151306051,0.26800718691906417
0.19274674291844254,0.27910535096097078
0.16072184492348315,0.28565007778401968
0.12809553431298248,0.28766840594482895
0.093835774339422834,0.28530477674684945
0.057021180388786015,0.27879805835003268
0.017228709632797025,0.26847074718810643
-0.025476462158602425,0.25283561217914929
-0.068688413846019619,0.23489723674771543
-0.11315886538009728,0.21678463667094508
-0.15371240256834873,0.19778582092087554
-0.18708924126397847,0.17851528332218769
-0.21036614778013935,0.15953914536931288
-0.22138064848093489,0.14135023166195443
-0.21903544053594934,0.12434231105910871
-0.20314625861538543,0.10851829992518582
-0.17496269555202124,0.09399184708215122
-0.13870701248224729,0.082587195465385316
-0.095626323748952122,0.072647145754816164
-0.04880597589695336,0.063836357513147382
-0.0013929521296156318,0.055861315623683114
0.043671700007438037,0.04852765809205549
0.08384617225388484,0.041772204684192217
0.11562598030637766,0.035937879960059788
0.1394900916064338,0.030519125377542422
0.15536060130746546,0.026940615283589153
0.16173000083645894,0.024518481954284715
0.15824213076976593,0.023434618675759786
0.14480401986451874,0.023914313353663653
0.12164266363546977,0.026211781125328047
0.089417306623632509,0.030591435735646107
0.050237697181056154,0.036492630315496641
0.0053372014188192152,0.04548224960500287
-0.045282955547374069,0.057185521935718332
-0.095950320610240364,0.07202653749512293
-0.14259015210699477,0.089929852577157951
-0.18106005836097924,0.11054967038193603
-0.20762953747582522,0.13325927736389337
-0.21948812741730417,0.1571749430951857
-0.21549737864783519,0.18094141311712689
-0.19479007816733901,0.2044081916928806
-0.16233509669961571,0.22370258752004454
-0.11949741339228882,0.23992413003088925
-0.071135146236653929,0.25232317745838734
-0.022980470086013532,0.26021760285436041
0.019122403253837197,0.26302733166032627
0.050067885576009635,0.26032062478376206
0.064825336218380117,0.2515946409206089
0.064173861032212828,0.23791742829703555
0.049314146339896663,0.21693875790202721
0.023484144075777591,0.191499553523308
-0.00797150541824348,0.16271096578135513
-0.038689658622305466,0.13176688217433119
-0.062274525751658635,0.099879365215796392
-0.073319243239032925,0.0682385552820962
-0.069177367844088691,0.039349212128563092
-0.047934498387243035,0.012482639137695536
-0.0094282075547210669,-0.01216804146209899
0.040472899563951191,-0.032754638318674943
0.095418963837456711,-0.048244410409238818
0.14804202788827805,-0.057684197530881338
0.19104326970640045,-0.060318045932472066
0.21826701826965053,-0.05573081181327174
0.22412845231954245,-0.042637922060763132
0.20970358264390784,-0.023722418037704227
0.1748239016326279,-0.00042247113533620134
0.12451596910749708,0.025555779076393604
0.064716462669977687,0.051892932380982915
0.0022674283535227841,0.076164053951230215
-0.056037599825159386,0.096117476720290571
-0.10432604012301479,0.10995641030081003
-0.13625716891118383,0.11685044548178593
-0.1526019425701714,0.11622159449688788
-0.15308239053099662,0.1084016091503031
-0.138994179317282,0.095161599240892222
-0.11307464415066316,0.078634848975273675
-0.07864231477427143,0.061285864863346161
-0.039067867518738454,0.045553590459210383
0.0026259934082688797,0.033492348466165008
0.046038802003286063,0.027819739644040716
0.085637587443920207,0.027347282169275757
0.1224520212730118,0.029963370485917663
0.15355640831582151,0.035756732439998384
0.17790017126271201,0.04284557550772293
0.19478407226251915,0.049017154138629927
0.20384762607581561,0.052058398798530449
0.20511036221584064,0.050078199741544149
0.2011078763938482,0.041499800691511421
0.18977707879906416,0.026821201635692044
0.17272825916713153,0.0036408662823122304
0.1523642136797323,-0.024812012714542211
0.13142626742972072,-0.056745809151143287
0.1130343672251676,-0.090173586906516279
0.10028973725901558,-0.12315133443331959
0.095784606204132053,-0.15395304012676059
0.10139316723310991,-0.18035118786905657
0.11671223379294113,-0.20242907969622007
0.14067689533948141,-0.21960063263460758
0.16973411144711878,-0.23101402843125002
0.19928685985181332,-0.23617796636733415
0.22395420034200053,-0.23468101970667196
0.23830528777516347,-0.226254482434735
0.23766623798179912,-0.21090154424139054
0.21799102939360052,-0.18933486979187863
0.18004798758325483,-0.16226232466914844
0.12293602059667305,-0.13109533138890925
0.052011988371363116,-0.09854761581540912
-0.027109041866874264,-0.0676097287374616
-0.10783239347453862,-0.041523806240608134
-0.1834701930676233,-0.023372453159768981
-0.24813149266594423,-0.015610006104715123
-0.29542528400615059,-0.017717708698981489
-0.32656603046539623,-0.03232942415415941
-0.3399556160241633,-0.058584441464563874
-0.3388761725854933,-0.092528618591530137
-0.32713888124819124,-0.1296675396377307
-0.30926324742180805,-0.16469801061696851
-0.28973859297762161,-0.19223465165405484
-0.2723708579521239,-0.20761496003965141
-0.25834505901514571,-0.2057595669453717
-0.25111283173205406,-0.18840060874001402
-0.25071099068296993,-0.15678617513964632
-0.2556753596019018,-0.11425141889678674
-0.26394197099835726,-0.066081334960780252
-0.27298221748631657,-0.018492014186609996
-0.28023060552042472,0.022285216337736523
-0.28344118873892837,0.050944721014887291
-0.27887198419507458,0.064192411826574161
-0.26820255058163656,0.060428551990845222
-0.25268806917066189,0.040561758863150436
-0.23092475450015609,0.0084331347509180674
-0.20324459754245958,-0.030607033112363721
-0.17014596067921292,-0.070256075379225624
-0.13226243100731266,-0.10423203243193629
-0.090414128200024979,-0.12723743504035021
-0.045431253249850541,-0.13765819358209358
0.00095493036799794895,-0.1317922300993648
0.045470670213662578,-0.10938694655055299
0.086435848633675955,-0.075386823706888623
0.12082265480198146,-0.035193576551114193
0.14538283959977899,0.0047968636178977505
0.1570358911011267,0.038142959962319742
0.15334618492826643,0.059291489383666282
0.13271410742310391,0.066253858968744722
0.096304095934928613,0.053929857836906514
0.044014454749927025,0.025186537621023398
-0.018732781572129778,-0.018845115875780114
-0.086670354559931634,-0.073697120301750796
-0.15380786160149004,-0.13357746568979539
-0.2141683807615416,-0.19221256655825475
-0.26256520677908851,-0.24374363228112855
-0.29383119215561737,-0.28326790203924185
-0.30922199906331843,-0.30849496557901462
-0.30616023077611765,-0.31833535622827774
-0.28979327918728087,-0.31455056444134311
-0.26467614683720597,-0.30030801014332709
-0.23610654193231906,-0.2798010119833052
-0.20932903328493499,-0.25744896794540173
-0.18878645933294722,-0.237082560052227
-0.17782359952555046,-0.22314678453891629
-0.17797862151354585,-0.21395758167378551
-0.18598971975362383,-0.20694591640796292
-0.202137181915021,-0.20083420487075332
-0.22339160144204548,-0.19197357706159068
-0.24598151993099973,-0.17642772199126397
-0.26597737897864093,-0.15078775001232267
-0.27985015539208435,-0.1129324473612982
-0.28580109803563336,-0.062872185320763233
-0.28159866153263652,-0.001979030392918735
-0.26426571712002078,0.065360871219115532
-0.23696058875998505,0.13384420889678325
-0.20168734883759637,0.19687154208681309
-0.16100034125283358,0.24768386790458996
-0.11765600220092981,0.28028881822990143
-0.074323361696688614,0.29030672448463007
-0.034268097698691609,0.27371272935322027
0.0017742356114378659,0.23364266943884754
0.03242755307147565,0.17389729326592346
0.056145496517118539,0.098922743734983262
0.071898954417891223,0.015415473734851521
0.078861394082664057,-0.069295105410331195
0.076453131398942276,-0.14807911393197332
0.064452328051152821,-0.21474645145627991
0.042856599417125371,-0.26649590087960551
0.013376866149485944,-0.29739457076351533
-0.023505607482197217,-0.30712451847258587
-0.064200567837471134,-0.29588255138967984
-0.10539262065575718,-0.26571311633741201
-0.1434356941553657,-0.21985451476490669
-0.17472052484692752,-0.16230547920248656
-0.19608772840327154,-0.097406148118388686
-0.20493164991561869,-0.030836412663151885
-0.20124416621760985,0.034834059244975235
-0.18235169958238606,0.098368773938725382
-0.15223224677089464,0.15461267924021843
-0.1138511519072099,0.20086983224820168
-0.070822551857917901,0.23508015423246334
-0.026946606998677753,0.25589574049841235
0.014255712750848899,0.26276704709824411
0.051411667040191296,0.25413357724805374
0.079876611030468656,0.23359648058691601
0.10115171851070957,0.20564956352306285
0.11369316226947832,0.17133032133373602
0.11853580637679147,0.1341624616107866
0.11758435468523218,0.097994309461144347
0.11325100824950485,0.066651726022248517
0.10803212404870453,0.043547942699297397
0.10556078856571252,0.033200345594684932
0.10436847836748646,0.034090375659391048
0.10815689006457076,0.047166114735780328
0.1140954081696374,0.070876394878193028
0.12084496857000004,0.10296240086297782
0.12681614992959758,0.1404895034706882
0.1304982306505085,0.18020571564903601
0.13074481487773368,0.21890034766684943
0.12550099694799846,0.25181604324480528
0.11699668254301128,0.28024204499492966
0.10599851603407716,0.29963381931567712
0.09333925282700091,0.31147565994734522
0.080223439636019203,0.31573732559539264
0.067690144872841709,0.31262721831700457
0.056424607308347349,0.30252651803149239
0.046661052123514034,0.28602103014635444
0.03907125702904108,0.2642880709999012
0.031837038282149323,0.23765699233325421
0.024001256310967028,0.21076007956263504
0.015149294490282105,0.1839651855560894
0.0048385249910595698,0.16015777232169878
-0.0070079287001525185,0.14258294818872516
-0.020104913126944991,0.13437926036412137
-0.033912744239574341,0.13797222395127512
-0.04635492870173142,0.15254194974082683
-0.059737883875495647,0.18014405153356913
-0.071653718121835575,0.21783633259983951
-0.084247602553170708,0.26037422231372187
-0.098402500596458581,0.30095978898656262
-0.11501158282853011,0.33179666413255965
-0.13472825033628422,0.34522898656151346
-0.15770563515694688,0.33502593717089785
-0.18543298356732993,0.29841008916305745
-0.21321305614192534,0.23472251606638467
-0.23958879989564608,0.14548533812045411
-0.26116382546810174,0.040660062130418922
-0.27471000736977064,-0.068683028924875336
-0.27731900339428084,-0.16987265699805676
-0.26684481923952935,-0.25039270235734995
-0.24227419976215259,-0.29972883289057806
-0.20601890370481304,-0.3129103307511904
-0.15638626904035913,-0.28485096167879376
-0.098068588533611015,-0.21952781956817824
-0.034013089814087773,-0.12474656046856164
0.03109545775226567,-0.012727868351237383
0.092171021676947698,0.10184024614405912
0.14425037621920997,0.2039061348180326
0.18301743991916139,0.2802652048880554
0.20496594022971765,0.32017609507955752
0.20906526834402367,0.32221976609451225
0.19387181766171221,0.28524691324517232
0.16183690727548486,0.21885639333027718
0.11585041158619283,0.13494883114246561
0.059773566926902506,0.047731098190590258
-0.0019722666388481743,-0.028510332413196292
-0.064823666757610102,-0.08161768164446441
-0.12415661141791302,-0.10259184661439655
-0.17652748222680423,-0.089041285440554063
-0.21920884615271374,-0.045918320494750739
-0.24962801420392625,0.021421343384936627
-0.26633129554105278,0.1019792771856881
-0.26865149590901272,0.18280414884416663
-0.25663757550998589,0.25105169211670636
-0.23097606783621316,0.29597766037379436
-0.19262553021856746,0.3091953090719684
-0.14389593856700192,0.29092849879168842
-0.086534965397442848,0.24166941416754689
-0.023495886680970472,0.1700983899074478
0.042309008039764201,0.086544458362375259
0.10784407087252389,0.0026797676935494258
0.17010425621416753,-0.070241415574398752
0.2262880377938345,-0.12296201317187511
0.27485637495975479,-0.14857409368291949
0.31207999357512756,-0.14537834436857033
0.33893637385930542,-0.11725362974017563
0.35319598396353841,-0.06667470306311013
0.35501864742946404,-0.00028141332926619921
0.3454618568431877,0.074132570872361123
0.32634116349699199,0.14874644253512267
0.29999328014012955,0.21666933052759013
0.27103260143798419,0.27178657505372006
0.23825031124809945,0.31132032003870358
0.20614629290548572,0.33616731019868562
0.17440423288821105,0.34417122383728571
0.14381794210361826,0.33620664040019882
0.11490123948362921,0.31387401155771988
0.087987759402442273,0.27916991535520197
0.063324570283845472,0.23430044268170841
0.04084292183904336,0.18029673098516041
0.021711933350532366,0.12255027745069429
0.0040708067223646652,0.061272160359682658
-0.010203637771809422,0.0023367664579297107
-0.020935406349024532,-0.050063958951059757
-0.028267404575607582,-0.091807310675759105
-0.03267983173478213,-0.11924254420421228
-0.034931004236910278,-0.12966664568660599
-0.033875108732873749,-0.12369159679727126
-0.03388671738503575,-0.098966212382123261
-0.03407680752617321,-0.057943835170340331
-0.035996342814518807,-0.0051691233571371075
-0.039673070079707405,0.053380819540978466
-0.044494179643126228,0.11065556189150705
-0.049371818345121492,0.15939571522239504
-0.053045773716137362,0.19311320468202975
-0.052995905088156131,0.20676597026056465
-0.05152015848041247,0.19910618735226193
-0.046727752195790132,0.16808360576688858
-0.041808064986415809,0.11945392874612581
-0.039121801001990378,0.059446004016107945
-0.04129515879935565,-0.0041970636440575859
-0.050732743792725417,-0.063299516482562629
-0.069098317745049043,-0.11039674137929684
-0.094804348470602456,-0.13786916688342279
-0.12932835451957017,-0.14571094697128309
-0.17250356341324874,-0.13210767164989484
-0.21808017720244643,-0.10060592363728658
-0.26080973593913426,-0.056026363479493371
-0.29507581760607859,-0.0044303384842974422
-0.31570452583591507,0.04785642951908315
-0.31878089015831212,0.095187400495381186
-0.30204898116956352,0.13200276628550067
-0.26572404457624965,0.15874580831354018
-0.21554171292307617,0.17231339244549998
-0.15437659118776492,0.17660133025657401
-0.088924887701341576,0.17471920969645688
-0.026827388997954862,0.17018155360906415
0.024343226105598092,0.16623060449601954
0.058136136720240518,0.16530613584778114
0.07103489250530072,0.16846963286842298
0.060086781492696008,0.17676439541562367
0.026362889811246685,0.18746532729038798
-0.025708335266938196,0.20069821898983159
-0.089653891318933504,0.21486278785467325
-0.15757656583615323,0.22830544222093829
-0.22128372212930164,0.23955899525349003
-0.27345889148689084,0.24746229406653428
-0.30664086531315143,0.24979916681302361
-0.32135775310369807,0.24773785444658289
-0.31703476504359623,0.24152492302696713
-0.29720329219935465,0.22961179248193442
-0.26713724197846189,0.21104556665593932
-0.23322071282916046,0.18474824624834449
-0.2018903946689718,0.14975351188190264
-0.17861993820065841,0.10555443095112615
-0.16857426707910814,0.051679635656093008
-0.17100252817573897,-0.0086295190934076518
-0.18483570292583482,-0.074474613795711714
-0.2072846751039194,-0.1399593442407957
-0.23390940242521915,-0.19964741162316643
-0.25970933944204538,-0.24779964899145041
-0.27994846574840482,-0.27911234012457925
-0.29086914698945587,-0.28949480145680045
-0.29224065303786489,-0.27648926556326436
-0.28056506384884439,-0.24098530460295009
-0.25603142339546764,-0.18457609741602837
-0.22184707198869116,-0.11336511317022979
-0.18135071570524364,-0.034407757268113529
-0.13836749796847139,0.04432989208892843
-0.096695103826596435,0.11498028685571461
-0.059680205536487126,0.17079128118040682
-0.027880968452301952,0.20618563118600158
-0.0069254996910440752,0.22051556000050851
0.0054764366792569514,0.21314857507405793
0.0065978705581739494,0.18837079425125153
-0.0033416887801431369,0.15163522600679116
-0.023320444155187556,0.10952903566612016
-0.05165072480302297,0.068811367852633809
-0.086141524043203022,0.035483190029582425
-0.12397661007631899,0.013754905620685138
-0.16282784187441959,0.0069702308118044683
-0.20034893194610612,0.013520853233784805
-0.2336529362715162,0.033299879022370985
-0.26037887428994555,0.063169319907569924
-0.27849935279678556,0.098891505234707286
-0.2864005423715707,0.13580562064134546
-0.28294106632255234,0.16949130816517988
-0.26778456656063243,0.1949647083693454
-0.24106272874679116,0.21249017677478077
-0.20046084420236659,0.21805425515634141
-0.14935777131537742,0.21406264681952586
-0.08954442443565365,0.20181319227719088
-0.023216648278905766,0.18301186017362697
0.04706617392446763,0.15943557040010639
0.11841030304663326,0.13270277449923554
0.18556798457352544,0.10553631144295623
0.2478135351809525,0.077077450866014502
0.3032278030941169,0.048274402919680326
0.34674499610329085,0.020482594092394914
0.37493403310533724,-0.0049095089456376931
0.38485907146886927,-0.026192174989141125
0.37445481332318076,-0.041468531995319934
0.34290020061274645,-0.048930983701347373
0.29180923293836086,-0.048043326374781717
0.22159987774878812,-0.037666196900959799
0.13945370285167166,-0.015986090560685836
0.048611228330991352,0.012916974777018298
-0.044376937816550915,0.045681613296994619
-0.13228812131585033,0.078145450021162924
-0.20799536623637049,0.10591648456746952
-0.26532085438078229,0.12505666962169276
-0.29838050434593183,0.13086767685550077
-0.3075328107607368,0.12563683473276779
-0.2928243866927181,0.10805422257291719
-0.25813286423287557,0.082744338318853777
-0.20915836836120397,0.054365360263396091
-0.15292520164585302,0.028256609920032594
-0.096786943966671229,0.0095856670970954766
-0.047378054552202613,0.0024852241487979187
-0.0082077456134756008,0.0090514247553890419
0.015511202434652174,0.029923956335780332
0.025264010165430766,0.062442762733390458
0.022456615441860412,0.10258558955111319
0.011594000958501919,0.14448873350127361
-0.0014036781120224248,0.18155916413015688
-0.010241427910400776,0.20745461683744348
-0.0093579373295980574,0.21704964369272262
0.0041995617985990975,0.20913214477559774
0.032505026585623868,0.18062361826105802
0.076840749174388323,0.1320999280189524
0.13086386919467924,0.069511555803569824
0.18823700305818458,-0.00059569691643654161
0.24152548342393856,-0.070595173240189019
0.28332485144975611,-0.13278937175578448
0.3073847359722488,-0.18041133859759251
0.30925907517573753,-0.20657646804039009
0.28845594150590081,-0.21132884622551615
0.24439125591538158,-0.19538959221197572
0.18296747808223557,-0.1603581936839466
0.11056181167868263,-0.11049220589278654
0.034534272388482966,-0.051203492782808335
-0.037835280342280175,0.011726837257793842
-0.10034717436138137,0.072901429183749727
-0.15013681663490039,0.12764555156420415
-0.18224032061106213,0.17326754397602781
-0.20016330909497143,0.20857809505086883
-0.20394345830137317,0.23316368510516089
-0.197467615212888,0.24794988520823175
-0.18568397885317434,0.25450606235593232
-0.17372772122886893,0.25459626709979521
-0.16604561404869186,0.24978984553145706
-0.16653831323969587,0.24309172762870493
-0.17562923620935383,0.23236351211986825
-0.18970060146372708,0.21685336605808478
-0.20824998932864325,0.1970327408720422
-0.22732783024709061,0.17259727901685226
-0.2422777844806287,0.14351529103566221
-0.24854945887070459,0.1101807158910489
-0.24250325426645253,0.073445926394573535
-0.22119379580362913,0.033173719013414926
-0.18601021811596249,-0.0070523194008137134
-0.13839463755658668,-0.046536345988787996
-0.082606788569484516,-0.083844641050042495
-0.023819701638347041,-0.11841638601026622
0.03233943162440301,-0.15033390618860848
0.080602796093598855,-0.18018610408350341
0.11680639935551473,-0.20877494013279002
0.14050520524393972,-0.23482974150161989
0.14806582252269068,-0.26090060832720474
0.14088353248175267,-0.28767593172313249
0.12224152107371296,-0.31189473959916958
0.096481122766779823,-0.33065192945395072
0.06864870192110413,-0.34043697765826014
0.043773747005809292,-0.33775428987659556
0.026179096073895052,-0.31987365908851834
0.01980173317733213,-0.28692925719031953
0.025392593070102165,-0.23814346230440445
0.040002926444022001,-0.17517369522722778
0.064091800558405673,-0.10506133041570608
0.094815018399528092,-0.035326062162465949
0.12853712148805271,0.025613523031750345
0.1613729804370454,0.069645451755262835
0.18972737398282347,0.090260991567812782
0.20869696474368429,0.082374076255767203
0.21938796919657502,0.048245647295729291
0.22201713531797229,-0.0096513156645391014
0.21620874338307106,-0.082747632960906273
0.20319345631446989,-0.16066217827543328
0.18460187727920069,-0.23179925421608771
0.16212768623185805,-0.28502365095514798
0.13724428300236338,-0.31134704678889297
0.10955497775843336,-0.30725544630395729
0.081460368748637602,-0.26827799011283238
0.054905971576119726,-0.20127155103883634
0.028222834253944902,-0.11214588789528519
0.0010577169578707502,-0.012250953112224065
-0.026889788047348415,0.085085529121133305
-0.055706933776756749,0.16647951367991395
-0.085181778962720459,0.22047574915483245
-0.11509497386543276,0.24118307712946813
-0.14473778889961797,0.22284078088409726
-0.17130421393811046,0.16790139782764565
-0.19567080221742217,0.08408670056388505
-0.21734013238278502,-0.016977233081693913
-0.23593330796393602,-0.1211587515926596
-0.2511714812417033,-0.21387227241788054
-0.26281839107349908,-0.28219588877197915
-0.26971948975306614,-0.31862403722668314
-0.27255845788337246,-0.31626873060843186
-0.27181870393602792,-0.27370268132138592
-0.265798143373355,-0.19897173503895413
-0.25351609291049293,-0.10243504485169823
-0.23397316328891657,0.0030018273154409727
-0.20634567277380669,0.10389467855183544
-0.17020518014315225,0.1882956402813992
-0.12367033718044196,0.2488528439313748
-0.070762009243157467,0.27855327743279307
-0.013243228671561745,0.28085421073056333
0.046583811211973095,0.25859325859966986
0.10573981701349357,0.22023570082510271
0.16114915449338607,0.17644028279777052
0.20995252781316465,0.1381791161194269
0.24979903620424679,0.11482293087939284
0.28112906702381679,0.11169247253994544
0.30049443080537958,0.13194886719111229
0.30640964453146141,0.17219339993002455
0.30139810211276058,0.22567012499493397
0.2872829044073521,0.2821555637239731
0.26639585007738781,0.32991564740705548
0.24127640062414998,0.35768619248562955
0.21436954346139578,0.35662854314328835
0.18981628903820597,0.32112853652363832
0.16625182551711526,0.2520535605410405
0.14372755134252263,0.15734110947333763
0.12334589962462109,0.044948036044869112
0.10492044075097059,-0.071996848749609904
0.087999207804855636,-0.17896110654885133
0.072013285062724794,-0.26214918142014426
0.056402480374036966,-0.31057815832586522
0.042752872256097307,-0.31803381197861286
0.02723578107515787,-0.28268544608946011
0.011207625008686604,-0.21121587450311149
-0.0066674400646419291,-0.11188319500770338
-0.026560455730548726,0.0019138253332856411
-0.048356737543205824,0.114891599762726
-0.071692618178587686,0.21205420434976538
-0.09602092134139957,0.28080539240752228
-0.11863803535351267,0.31349424461436509
-0.14275281683524571,0.30499413097074213
-0.16455857912215779,0.26036508521465107
-0.18610992097168758,0.18467768780302621
-0.20722873292766825,0.088905176722247195
-0.22749714227386086,-0.013642315291059071
-0.2462636602372677,-0.10927197352903936
-0.26272110400033655,-0.18584394799171289
-0.27574963278519926,-0.23412658736829003
-0.28542032012784074,-0.24939239338559568
-0.29010453846738588,-0.2334165491256871
-0.29091804836230306,-0.18896004911527081
-0.28849833775541839,-0.12361227536296032
-0.28381938163984233,-0.047098269387462109
-0.27806293883200556,0.030282796834948486
-0.27244654275670638,0.099186220000842804
-0.2665700053176106,0.15275248271330052
-0.26277983088964607,0.18690871623091143
-0.26393759625915225,0.19904638397886479
-0.26757962220677523,0.19296704368498438
-0.27281134574931926,0.17339519246894658
-0.27841700661754448,0.14628727990609752
-0.2830829678542876,0.11770109530384176
-0.28564622884460256,0.092774251226070081
-0.2844471268349042,0.075783388251711784
-0.2801465071649013,0.06750150201031499
-0.27501969818185806,0.06483610385123989
-0.26845205887248008,0.067628819792934836
-0.26174744790968535,0.072759277599230121
-0.2564432816940318,0.076748268147053975
-0.25402098846390886,0.076461715163181385
-0.25559287522116858,0.069687738548625339
-0.26191584161561238,0.056309134796870393
-0.27205956149866761,0.034882461405930092
-0.2852047881904034,0.0098328060151797094
-0.29890708187797516,-0.018579054482665849
-0.31050396697609689,-0.047626877887835206
-0.31719815354868991,-0.07446302404967986
-0.31648870013825231,-0.096553944869128064
-0.30658881881843858,-0.11203336342496886
-0.28646822983342951,-0.1196525704109562
-0.25738547619079216,-0.11917824780517709
-0.21985500041637288,-0.11400783876114901
-0.17780571925246255,-0.10345249604256708
-0.13497969043096664,-0.089175610334997754
-0.095337605260276084,-0.073043699912297269
-0.062553941336273275,-0.056874572812471019
-0.039555904229990252,-0.042224516592477696
-0.027877683851445831,-0.032138447533451943
-0.029190545389384842,-0.024795210713566579
-0.039839713875671277,-0.018901938164953534
-0.060305658699354066,-0.015741131193642229
-0.088007000218943698,-0.015105469193507505
-0.11968159365669473,-0.016761480237075691
-0.15178836317014274,-0.020523482014809812
-0.18092481697955878,-0.026275918067225939
-0.20214657711486314,-0.034754645031059329
-0.21723370827838706,-0.044315190650003153
-0.22184610608128794,-0.055986167519285771
-0.21836939664588445,-0.068319083290417082
-0.20769284889012402,-0.080565735555443177
-0.19100735362850935,-0.091916396421118512
-0.16958666052105059,-0.10158256918028966
-0.14464672108782561,-0.10890187745533235
-0.11524455758059048,-0.11534374869505226
-0.086300151083648566,-0.11759020081637618
-0.055682567362266011,-0.11737978691268308
-0.027126024523574658,-0.11426165115874437
-0.0021589136426090785,-0.10911832605213101
0.017931412644758345,-0.1032375626592162
0.032190507267827927,-0.098085592359624857
0.04008336644402237,-0.095002049196603169
0.040095375041093874,-0.094600096145755999
0.034297804137484303,-0.097352703286090664
0.026217497685813225,-0.10280363961918555
0.014964761221772703,-0.10893955570061806
0.0019510101720673098,-0.11323327885862969
-0.011309035744790195,-0.11272237277428956
-0.023372485548273977,-0.10449321810047431
-0.03304927055564947,-0.086225203926805355
-0.039852826009164878,-0.056972551413707599
-0.043747508040814349,-0.016853473755508851
-0.042262395741912352,0.033271542892114682
-0.038593050964542311,0.088979661160288687
-0.034219778134383844,0.14546918789757185
-0.030757096925378685,0.1973576730218316
-0.029755951293488212,0.23943403729645699
-0.032541180643660864,0.26743851875094549
-0.040395078735258605,0.28064181836812724
-0.05355886651683809,0.27548503190847368
-0.07188979308169953,0.25444093425618852
-0.09554755619094038,0.22090858977413577
-0.12408008218793737,0.18036894040255502
-0.15673623841700485,0.13936715948239525
-0.19246290004087299,0.10456090367230332
-0.22988157821349756,0.081706097864996205
-0.26696542266555345,0.072843976402763133
-0.30255929247611763,0.082283103940238467
-0.33216661125217911,0.10871047526169456
-0.35487231849012463,0.14795211522831578
-0.36815336676695876,0.19381464466060747
-0.36957566378821965,0.2387106531191838
-0.35711262246364861,0.27481303420466913
-0.32950934803738519,0.29529136077142382
-0.2845747024206563,0.2935368784246013
-0.22703258981075389,0.27045152503871572
-0.15801253827879047,0.228337606201655
-0.082787819200483573,0.17108204774108909
-0.0065569779099272103,0.10573150083699909
0.065215627023075706,0.040604865109591479
0.12740286537247025,-0.016006319832090304
0.17579600681251328,-0.057153671536901346
0.20669917390603371,-0.07916183713797785
0.2204553100093129,-0.079744201521953662
0.21715011255960395,-0.060062537842617898
0.19946851074144573,-0.026234574588994149
0.17097582958014307,0.014116828189749233
0.1359077820249848,0.052260600005049819
0.098627052720509242,0.079752398063020577
0.063121213669708257,0.089793670864230679
0.034663783178559109,0.079152493813830452
0.012173399478863658,0.045867840101722068
-0.0024485195180343217,-0.0065583942170172214
-0.0095939910175183267,-0.072333131072637391
-0.0099788290395572965,-0.14299110490540465
-0.0046886666370991453,-0.20888342989698294
0.0050121269835079274,-0.2605718273885792
0.017778022362660659,-0.29018570142280575
0.032475280978014873,-0.29280832839460885
0.046970778302060784,-0.26559255503781914
0.059902210811039559,-0.21299179084914571
0.068806266129918303,-0.13785111836401392
0.071343258486878253,-0.047545562061913696
0.065214569160685756,0.048968201676288993
0.048495550693027301,0.14239702848988725
0.020047847068865716,0.22435681780914277
-0.021531414120867402,0.2903274237396718
-0.073052066081757683,0.3339033940101872
-0.12870476461049907,0.35356647797145646
-0.18597509217236274,0.3521878019802947
-0.23919706330324239,0.33422055264490119
-0.28223949908329321,0.3056398541953203
-0.30933034095078854,0.27289583617906227
-0.31595185468085329,0.24186224639136203
-0.29877677791260582,0.21721549803423082
-0.26006893901644235,0.20150414869361102
-0.19995663886296977,0.19222670930988214
-0.12672832257570149,0.18951797417071539
-0.048524766695629301,0.18995926957840789
0.025623788366471108,0.18921107182999469
0.086972315656194787,0.182897004110392
0.12821850119936462,0.16748412233911181
0.1430018724586366,0.13911396043696689
0.13223924984242955,0.10070390870523994
0.095044822756649924,0.054459464672517298
0.037649359164473317,0.0042378668894867853
-0.033040699600341283,-0.044756731560017117
-0.10895122819548345,-0.087072332604210073
-0.18189359202573302,-0.11788930565849631
-0.24453519598939991,-0.13380643350805543
-0.29320906069321973,-0.13475953014853018
-0.32097024456318751,-0.11937075497931682
-0.32714129966556071,-0.091221475598736404
-0.31180321505700631,-0.054581324701716213
-0.27720879879574606,-0.015198879188522649
-0.22701202833890505,0.020767998750689642
-0.16572330696907578,0.047604457618629734
-0.098186225226962326,0.060817649758777473
-0.031197315825927024,0.058001511508774993
0.0342030097593847,0.037571118498942534
0.093497383607285947,0.0038125147575186541
0.14411591321694686,-0.041980272017562152
0.18365926667756097,-0.09510464929327031
0.21017373215774021,-0.14996521810955488
0.22220796727895767,-0.20078991510790437
0.21895742948928054,-0.24233861428001019
0.20135402998151519,-0.26860902047281232
0.16905973475001237,-0.27936234698224582
0.1250033618185718,-0.27603069481208042
0.07240526691429057,-0.25739043418359053
0.015990514975441752,-0.22542271553837298
-0.038656854201347422,-0.18302727313946915
-0.085656899964296054,-0.13356608635457176
-0.11954066816969942,-0.080419810828450455
-0.13687515955399426,-0.027437998607407661
-0.13447362030122081,0.024816549220792381
-0.10943445615471746,0.071810700640706354
-0.066245253474245272,0.11467906632842659
-0.0094993154422442511,0.15298659616573707
0.054656144139484171,0.18639864363897707
0.11937598540447117,0.21451836594508891
0.17809521947854498,0.2368280388791566
0.22752935551290807,0.25138918864842347
0.26142526918687509,0.26007314292276057
0.27802994278616605,0.26128206702488999
0.27978059449949477,0.25627680907838279
0.27052220170579006,0.24586808966112025
0.25566518382039793,0.23118441208535223
0.24119004864578977,0.21354605812943026
0.23254212081194603,0.19427368407734497
0.23272242809922147,0.1736536348582452
0.24395987700154023,0.15335010899555304
0.26773884585896313,0.13443106257241957
0.29792762081449248,0.11550215255512199
0.32841202903065625,0.095424395270487725
0.35204669826951696,0.072729951670832724
0.36188370840792822,0.045949380430290149
0.35242576944235221,0.013985214657908253
0.31981495010538558,-0.022180014893066702
0.2655644965006142,-0.063942819147021462
0.19357890466271799,-0.10969811731591289
0.11031431313104005,-0.15645497726075117
0.024650838446692368,-0.20057371040527189
-0.053657947516274909,-0.23790607863969138
-0.1154311815194,-0.26433894048028006
-0.15347041228111027,-0.27639016750976309
-0.16517558337686522,-0.27257485549036059
-0.14754129055946302,-0.25156612886708946
-0.10657548020070412,-0.21202885406110447
-0.047672722690919524,-0.15900381153125312
0.019587611365081414,-0.097079193128152594
0.08425497118910634,-0.031715826857864213
0.13559650552563285,0.03145464835425802
0.16468795383465143,0.087359378545864147
0.16429362365952674,0.13186140956432668
0.13468139262635201,0.16309993826408908
0.079413381644447431,0.18109395168543807
0.0041842866769217267,0.18706007139884687
-0.081488523476153374,0.18394004015478996
-0.16652711591895764,0.17556491324652715
-0.2398900815710141,0.1659605485615952
-0.29213783748724659,0.15863547224221983
-0.31467365594718505,0.15515432494343059
-0.30739125137055734,0.15824332385374809
-0.27310586421466071,0.16429535285832109
-0.21508824338180824,0.17319611634109594
-0.14074631319986813,0.18164233809331345
-0.058967212395554552,0.18561762945794491
0.021208959415753827,0.18113223759868724
0.091835464178206608,0.16500116126421008
0.14498238407327541,0.1347149594381413
0.18130072228874888,0.092246742283436836
0.19714733605287421,0.037968619891607047
0.19710902332272179,-0.022155411372220872
0.18525193116696084,-0.082238268736734413
0.16629745914962427,-0.13591866607292288
0.14480601150514116,-0.17725907375770722
0.12456392974804173,-0.20159819451968294
0.10913512389895992,-0.20432909346665667
0.09938152564404143,-0.18812188683291864
0.093262654416909188,-0.15428531938545062
0.093141628292154929,-0.1074092157615868
0.099067260969542686,-0.053121792065357692
0.11102420142449183,0.0024436478190768404
0.12896532449918546,0.053478006475913019
0.15266438965703041,0.095223414183310193
0.18054967736875177,0.12639166219290465
0.21220524240328975,0.14204803407822145
0.24611839633735089,0.14558588129500635
0.27761552396689021,0.13661427126821601
0.30189733352715797,0.11800162027319877
0.31366431566839981,0.093498314618280259
0.30788902528854933,0.067182689092148334
0.28074529258434511,0.042918707275529294
0.22906418427396247,0.02254580587768884
0.15657279548269734,0.010648749856695797
0.066165726074373862,0.0069414207035651907
-0.033557864918373204,0.012438850056808729
-0.13265419157341371,0.026204833102359101
-0.22013941013685223,0.046385203680775117
-0.28546224076807342,0.070517765678709113
-0.32004536008778528,0.095879320659096462
-0.31659404825361398,0.11900510384612989
-0.27803325602918327,0.13930168450105154
-0.2048703110588016,0.15298540057298707
-0.10770761190548811,0.16054043011393912
0.0018438389071266206,0.1615460441282468
0.11066253509934487,0.15590196151301686
0.20588589928309395,0.14369626413392839
0.27662839483531748,0.12510297421041885
0.31509738249432123,0.10060154207995653
0.31882558984326792,0.070291562378421921
0.28788335066234771,0.033459368101312094
0.22882121365995522,-0.0084182500373628528
0.15045797408410649,-0.054395382475823123
0.063404487189993822,-0.10317984359592686
-0.021437747619776092,-0.15310212191673828
-0.094289341842189012,-0.20213338605157236
-0.1484968682302375,-0.24823115890813829
-0.17780791914270122,-0.28895759910866414
-0.18215941750563719,-0.32005930521924991
-0.16194620388395609,-0.34088232977773208
-0.12091398159455594,-0.34981038071649656
-0.064511061428673605,-0.34577524802619597
0.0009657139394070401,-0.32838863220776088
0.06916781055789889,-0.29803196082826489
0.13579231471631192,-0.25453430027594948
0.19425849295151582,-0.20168067588908459
0.2391894659826814,-0.14294727026741039
0.26969793948113946,-0.080581323550181813
0.28450592964819632,-0.017811552869133381
0.28321260167635265,0.042203673682301261
0.26612100771214159,0.096600597405337219
0.23413691806146616,0.14299518890358331
0.19021859554274292,0.18096621148050124
0.13469414298010546,0.20739550427861983
0.068631202855991114,0.22173268765325599
-0.002840745553276501,0.22439545853152607
-0.075349498860422914,0.21620330212516781
-0.14404023442532796,0.19855425159653634
-0.20393876719964571,0.17330314106297959
-0.25041802636826693,0.1426239053757479
-0.27823887457945284,0.10751110625424097
-0.2879200584900331,0.072721496964507207
-0.27560816461595961,0.039167588169965004
-0.24489556826590975,0.0099429020987231043
-0.19884961865774164,-0.01320349037318704
-0.14171828374715414,-0.029184399388711101
-0.078463802722457829,-0.03763500141647115
-0.014244930187416764,-0.038898886167571964
0.04754919425280988,-0.034757429463919166
0.10118494264125728,-0.025131965002678058
0.14099035888420822,-0.013053321418263927
0.16729664305488465,0.00059633514915783498
0.17958629377964316,0.014043698971287729
0.17838832911191224,0.02555453393608902
0.16504248234449459,0.033544164485599617
0.14143384699278305,0.036676484026174488
0.11120779643459609,0.034218629160493209
0.074053103489425884,0.024512178888975389
0.033644763234028069,0.010041859814510019
-0.0091107579364661951,-0.011137254235914735
-0.052422494333537552,-0.038490582785093409
-0.094475079172620366,-0.070877832698541143
-0.13345375225589706,-0.10659624526150273
-0.16762958938648814,-0.1434886266501347
-0.19696770804170766,-0.18046010163684892
-0.21779184284905997,-0.21349399718794854
-0.2310437790311973,-0.23781731001315093
-0.23573778605596796,-0.25345680020409872
-0.23269048125334393,-0.25908864128119119
-0.22360214106267248,-0.25402552910189874
-0.21085680297840509,-0.23825343563108348
-0.19718360912688854,-0.21241339783944224
-0.18728807984641696,-0.17746216310260843
-0.17963055800638977,-0.1350751261988169
-0.17787451325755141,-0.089105934685240834
-0.18034476425848164,-0.040226998211194194
-0.18602326670225078,0.0094441945669940606
-0.19331869963711368,0.05779331329362896
-0.20040156047471164,0.10279540783112372
-0.2055763625481617,0.1425912015887556
-0.20791598385036703,0.17419825153378279
-0.20714902421474765,0.19865210108508932
-0.20084220129027355,0.21358783993749833
-0.19248503685698404,0.21944235095397832
-0.18400707425618859,0.21609463336781068
-0.17746027795722533,0.20369887755398761
-0.17461988669913356,0.1827490062837569
-0.17662696804393457,0.15417528241339773
