i,q
-0.21117390358385649,0.0074901614197579666
-0.22219237752092233,0.011623454648985763
-0.21185633508108237,0.024348878717028583
-0.20389854668808341,0.023152841609846559
-0.19278248416914273,0.036365108056728684
-0.1691275842830319,0.04710107258613426
-0.14614018146796598,0.051030949716346058
-0.11259265919836026,0.062849743228213378
-0.076834555472399438,0.072474301273284608
-0.033920665228122822,0.080253080218120193
0.010799172759132895,0.086757695859413897
0.047623395908821545,0.092648704359655845
0.08854339363338562,0.087986045215385333
0.13528438749015032,0.086753904873294402
0.16599668165586282,0.080820327572284703
0.19677738795766975,0.068757592997161651
0.22166482282222771,0.062724721701351349
0.22944031985757998,0.049904779225288666
0.22647842456599659,0.038417010231376253
0.22101468882726094,0.027706475002581294
0.2133528089675894,0.021488412710049417
0.19616867341394614,0.0068657414678419517
0.17475895013577883,-0.00022622621182641269
0.15848123246181545,-0.014657074618497069
0.13336541510065195,-0.020514135099128226
0.11005517033640159,-0.03735245117262001
0.097938873892893061,-0.05490152996529158
0.078404488734838393,-0.065883946356630946
0.072123652620019713,-0.074578088963437206
0.058766372232336966,-0.083811614378030849
0.044645114000959753,-0.084913596693967683
0.029124643106519056,-0.076845573272760662
0.0080905098000439955,-0.059733506698556864
-0.015397763810851667,-0.033728101774703124
-0.038982262624254416,-0.0065808305353951399
-0.062421542116442137,0.031989220459712302
-0.087220181951066719,0.073374473792170186
-0.10440553220557867,0.1109595135372054
-0.1284264731645261,0.14394160890731664
-0.14420787143748381,0.16694462606953847
-0.15745594368863794,0.18045222796112301
-0.1617855803222375,0.1758647595590157
-0.15801233728738348,0.17784593022486361
-0.14821595404708743,0.15157894036322769
-0.12691363033581282,0.12298327971858061
-0.10455160977372671,0.10329164705824891
-0.087464550004061323,0.087006559828037289
-0.050196074260907095,0.079221227471624162
-0.013812647409960731,0.082565876717931072
0.015492504143095494,0.093577679758156909
0.048685368932161112,0.11863438219093682
0.085820083250896198,0.15091853387057508
0.10882134092430178,0.18413048436695359
0.12745225605594332,0.22480110875260828
0.14008800809263955,0.2616560884041409
0.14161396214956612,0.2813718549998529
0.13260530728409453,0.29345374300259913
0.11738487983009784,0.28853058397466147
0.088104297997847927,0.27154422746829826
0.050740762425636292,0.23177766153826707
0.0078417088738366586,0.18372988714295554
-0.038257891618662741,0.12652472347007843
-0.088710359453928481,0.060535703388596193
-0.13782908641862723,-0.0077062205944019623
-0.16824494719468575,-0.078850621022117651
-0.19079271189796534,-0.14585336360965126
-0.21285578237635241,-0.19911413697840444
-0.21323445656924811,-0.24726309335358349
-0.20316727534720577,-0.27989579128688169
-0.19085888302820236,-0.30424164774179074
-0.15915586936037279,-0.30855765495556264
-0.13516762194883916,-0.30255943808402663
-0.10368688155456107,-0.28371054813452007
-0.066680299245644045,-0.25378356930611218
-0.036414016172723315,-0.21615053645832399
-0.013021238170441206,-0.17044805512521011
0.01604672642102014,-0.12532237488754183
0.037810719437953354,-0.072973755011405739
0.07217986693808244,-0.032664423023459933
0.09601762852628544,0.003914192873543056
0.12862156275376027,0.027789374778205169
0.15811749896058902,0.047828209394253328
0.19338832772690009,0.050532305301184292
0.22605709780116848,0.043756717472272132
0.25518094241845835,0.031214393954174573
0.27563382808187975,0.01634672025514498
0.27489539871420432,-0.013246413990311286
0.26471380033539271,-0.039683426005126442
0.24679952190998689,-0.06064432011755904
0.20101611663549437,-0.081399333402283891
0.14988489157395452,-0.096028143869219817
0.08514354250342121,-0.10723208317791869
0.014878458353434484,-0.10710373816945713
-0.056022257100756583,-0.097942810238401859
-0.1220073730246586,-0.083028279121202128
-0.17494352066573643,-0.049926996975569619
-0.21690009784698847,-0.023877996972384401
-0.24625229411468802,0.021831082331032956
-0.25379313617446564,0.055520289125226149
-0.25417049899913202,0.093265064549466523
-0.23853204241275902,0.12024548309001838
-0.21639740947622182,0.15016038203355797
-0.18809777262056093,0.15776896524576808
-0.15827139840436433,0.15610802466421728
-0.13368094028137673,0.13303091374454951
-0.11050297186427263,0.099659111616368534
-0.091804684569616254,0.05855217508284237
-0.0911824722041467,-0.005022440458933671
-0.087288434157204484,-0.072881363515815589
-0.087881611181589797,-0.13704626166545045
-0.088940429186942588,-0.19889585015953309
-0.098978393511460344,-0.24359523929497015
-0.09879587498639758,-0.27494033267937013
-0.10437510099952331,-0.29438785963165792
-0.10092717274401278,-0.2908103091416433
-0.10241696361367388,-0.2610710905867285
-0.092216325027853679,-0.22119391939567645
-0.078148130111725195,-0.17281940998263476
-0.061405618981460151,-0.12783161651520644
-0.049533359556402021,-0.075076901711937219
-0.020645287616061492,-0.030236991072559231
0.0067428829326068689,-0.00070000068540293069
0.033983838150841418,0.013844589728131507
0.057834535931940191,0.022757170569026347
0.081871487303222565,0.016959600918009063
0.10551046167912505,0.0072918274115219284
0.12174716727552903,-0.014972668927914021
0.13055190042769793,-0.030662318383860968
0.1369182568513195,-0.05011388674825782
0.13312756762199796,-0.065163374626720824
0.11730688111193219,-0.077208634047842353
0.1008323681438392,-0.076722599033681838
0.079681369518954659,-0.082703940417464941
0.049235616035962056,-0.079979473378765292
0.036569036760540137,-0.074356823023055407
0.01950626098706475,-0.06579238753779211
0.013548974008993683,-0.07320215228275942
0.015163103556848748,-0.080057528390781202
0.015103990180944094,-0.089891820463354921
0.041577776312413842,-0.10165889253731623
0.062129323950661196,-0.11763176869400303
0.095582204826431941,-0.12758235791792943
0.12061735750428908,-0.13804925351986683
0.14916399698917795,-0.15180325757685148
0.17318295192696642,-0.15710139623862859
0.19300024650002046,-0.15795535436466387
0.2010731997883646,-0.1637775557675647
0.20489515081974763,-0.15624581546109584
0.19707529862837636,-0.15706814033131333
0.18068396539650755,-0.1461777150304836
0.16049973855000133,-0.14305193799245458
0.13694432969156939,-0.13256928941369669
0.11047918898794599,-0.12683065064772683
0.082062566686670169,-0.11167345275956947
0.047358513560494905,-0.098672606068416241
0.022648605158675228,-0.086222798839269407
0.0016436548994712245,-0.07070836279373767
-0.0072619631021441453,-0.053758898928952442
-0.028206286868118005,-0.027494013290096288
-0.026810427486650114,-0.012582003215026491
-0.022508913934735815,0.012419385630725133
-0.017234200103437562,0.030038789489581434
-0.010409906718265452,0.054375308490805692
0.011329688302901313,0.073116929379381551
0.026987896803016699,0.096443903790869173
0.053493655381192287,0.12140734226550622
0.08821300772378346,0.13924726253508257
0.12030546409462922,0.15823228044794055
0.1460689374056876,0.16812492400706017
0.18069771256666162,0.17741903828126046
0.20072595857890177,0.18631379390230893
0.22106520412773553,0.1906378473667055
0.22843578740141884,0.19265067388453078
0.23204952969932502,0.18546479741893929
0.22160950441909721,0.17906711491249613
0.20991418742021453,0.1735848967758622
0.18688443683500836,0.16867281404669096
0.15152151048959261,0.16267541412828801
0.1215091006939904,0.16291084774358727
0.081571216678429995,0.15242005941702738
0.040219267802564851,0.13721064584500425
0.0051654831031676986,0.13538157517713018
-0.022336875515828788,0.12226845842904469
-0.045919893525552889,0.10762043615806978
-0.057282095586969485,0.096795667513383407
-0.059279887016597636,0.074399964560586951
-0.053100852265591393,0.050918811826764741
-0.033444317602928215,0.033765036115344697
-0.012858013566578492,0.013627559188157362
0.02165694132492409,-0.0066661562686562955
0.053113857748086669,-0.030837903728722169
0.088450610144732739,-0.042490666890136593
0.12037804469215801,-0.055028133351849508
0.14552354578453816,-0.053353128984043659
0.16212088156323382,-0.051945147009695346
0.18006825663009549,-0.03525098878106319
0.18763582821859709,-0.016121404360104081
0.18495829513452469,8.768305789576443e-05
0.18556693917792022,0.024604056444091721
0.17698544843522807,0.042853594800031557
0.16344113890478709,0.051432747422246794
0.1469458220461729,0.057578184076488965
0.13594319675980379,0.05726825457151348
0.12369727261171935,0.049262408124839049
0.10908668880303421,0.039726473099108942
0.10344491155414737,0.029161956458707998
0.093731288885924316,0.020610390825616633
0.085899410405277418,0.032145759728159848
0.081195625329892857,0.035434610808421689
0.08264064019238504,0.055762056336543867
0.085302473780538082,0.089104546876393506
0.086298718776853786,0.11843347612675606
0.096335271825064503,0.14797768748981233
0.098613564607453644,0.17315202140301963
0.11044529425838885,0.19385966206853564
0.11728758513486864,0.19849776260588159
0.11580673611216635,0.18562527741787666
0.11634847956753364,0.14886560785816286
0.11469981653841604,0.10902255889180754
0.10228102986185851,0.046887502378888897
0.088122406786523236,-0.023126754471256717
0.066392362590473736,-0.10050318433869095
0.044134240076625149,-0.15603452134743387
0.025767376289200977,-0.20960305879725327
0.011478040927146332,-0.24162593041847519
-0.0055909792495569891,-0.24955171357590239
-0.026962720921486431,-0.24358897683874695
-0.032316269209162113,-0.21233763018063559
-0.040227005255394202,-0.16652344027535795
-0.043832402945966686,-0.11860978225571599
-0.060360336359974974,-0.055063785943506312
-0.071936577949572242,-0.0050704227265575474
-0.086078886435073429,0.048051351351758788
-0.1037142124096896,0.087738081874637788
-0.13165897470462054,0.11966719533167605
-0.15276910682217237,0.13879451556698638
-0.18354671641951315,0.1388033565341715
-0.20551034110656391,0.14076186995727605
-0.22491613856015769,0.14188734306184755
-0.23610935140778391,0.13099860166142308
-0.22616592345797915,0.12794705689950847
-0.21810469028331461,0.13101025074949862
-0.19558769214646038,0.12894017927269416
-0.17279461926290465,0.13179498500674425
-0.13830970399732481,0.13822928057582987
-0.10509982658019953,0.1448366322128686
-0.072184038480997789,0.14770403579207128
-0.042356389923147171,0.15225364525788812
-0.020183911158816382,0.15307498431117045
-0.0045910483066377641,0.15582481262454839
0.0011289989963391908,0.14711302909010915
0.00013894883719730612,0.14309559140213571
-0.0081269604482477869,0.13529731613636539
-0.019155777042469908,0.12020003963865245
-0.028113741862772761,0.10814493222727715
-0.033832143763413695,0.083396014495712351
-0.042355447086342209,0.050066430187925642
-0.035516041268315146,0.01534949772629636
-0.030132750050296878,-0.022096748782933634
-0.023930427597447949,-0.062298030883537615
-0.011740390583977885,-0.10290969674192857
0.0089550203541070451,-0.14278030521393842
0.020699765957616665,-0.16781378631072963
0.035106945518046065,-0.17889288326851205
0.050694668436848396,-0.17741022866020462
0.05407473317405441,-0.1550956757896656
0.04755622033122945,-0.12375031520461846
0.042517709122146717,-0.070631337331633542
0.046193934617166831,-0.016676349937675201
0.033627876888301766,0.038675493555131342
0.025604932777788934,0.084865966554597286
0.01733845770317655,0.11730013410794954
7.3625026259238613e-05,0.13153825853001178
-0.0029660232525363338,0.12485957988242272
-0.0092827556027808792,0.090291321003912864
-0.012490532214078713,0.045373973620994122
-0.020010734713038818,-0.021233831597323418
-0.02289412765657621,-0.088098518016532013
-0.020545749224139855,-0.15758510169326814
-0.013891922542467074,-0.20291574673947282
-0.00068047390907780524,-0.24089057333662842
0.010458877974147067,-0.26712746065780602
0.026847108128988585,-0.25568535129602138
0.051175224482731221,-0.23320292570965526
0.077556102764630083,-0.19869008256356907
0.10535178334038632,-0.15211799197156886
0.12345260598054264,-0.10303813945582456
0.14074969634052856,-0.056760076229511978
0.14217252604272299,-0.029625402620400487
0.14112627971623953,-0.0091425954504530983
0.13127186005171854,0.0029934196664800541
0.11915313525842562,-0.0065996142965226079
0.093446517637837942,-0.021381641487774345
0.076914634707272264,-0.045911178337080229
0.059460970334430624,-0.070127250426047297
0.055418529384248703,-0.085364647557237938
0.048839896781842432,-0.087338893865672992
0.061909388643741972,-0.090778622465802886
0.084534732566645926,-0.06816153306477124
0.11069137163240425,-0.045055444927244497
0.13510481151429507,-0.0070449448379258763
0.15471141982785108,0.022667860885883337
0.16784579294174612,0.054699323600359846
0.17924651169573214,0.081120872621799123
0.16891026491874772,0.096975338485508461
0.13942604413860665,0.10276581810937067
0.096674867439279652,0.11168013940160783
0.044583925985668071,0.10616169035554274
-0.013236273585441003,0.087320311308037968
-0.073232040707139692,0.072932757590250016
-0.13065061422370047,0.048522956129775328
-0.18191087581048523,0.019938855613017673
-0.21398753042578281,0.0025264244267624225
-0.22736846281197504,-0.016369006062209996
-0.23962596455704857,-0.027170364242665838
-0.22693715963138705,-0.045661399278683568
-0.20620614959430181,-0.046401642264768145
-0.17031139198078613,-0.051216691300781672
-0.13295083574922761,-0.045531844177709162
-0.084761568998568376,-0.040244400576734056
-0.029649935562554859,-0.039417953506412619
0.020200392842047644,-0.027567554793766883
0.061839737629737046,-0.014163400195792489
0.10055031111057627,-0.0024235537565540184
0.12564366169968283,0.0174655419535538
0.1375460389883145,0.03251719153146071
0.14773246759562172,0.044791408439938875
0.13052114726745254,0.055015794834661791
0.10534709581968203,0.067727748276548219
0.068375188449525018,0.068317737700920408
0.017385905586269013,0.076811993252937
-0.037920304460348879,0.074697512233548286
-0.10757625163367325,0.074030161819521059
-0.15208603481432242,0.067294134621587121
-0.19825026337768037,0.072088086923021544
-0.23134036473351982,0.062208544410943915
-0.24539549147193046,0.056572184359398703
-0.24738927709214986,0.053488866539235909
-0.23402223342084361,0.052108090771294788
-0.20240411171704326,0.055415885124131863
-0.15812981068878829,0.059953347343394928
-0.10809437161637879,0.070290365168164934
-0.05463739224198557,0.082414989402261926
-0.0022178290257321119,0.10120202311628783
0.04336149903807112,0.12279986017793149
0.079663446091014278,0.13769955940231671
0.1042952412255698,0.15657613249008415
0.10707043173502308,0.17502349986913088
0.097806315395258345,0.18375987837264898
0.082086137241840829,0.18933393451827593
0.055082859441048869,0.2011929955421545
0.015592502925812256,0.20228493007026993
-0.028804971387882308,0.20216693109586298
-0.072603476567787067,0.19491410713441767
-0.11000978391369297,0.19913741687366682
-0.14739838820811019,0.18724857280438226
-0.1835869245583151,0.18007455023545607
-0.20622503794768779,0.1733141553280956
-0.21818794279148224,0.1552667674269522
-0.21922847939021267,0.13528665447596319
-0.20826721164248993,0.11391058450941931
-0.18395677505988844,0.085224084791326718
-0.14673140512591884,0.059256725675033955
-0.095810225110527225,0.030840789032855292
-0.040075679272394991,0.00073959316197712462
0.023399377723064399,-0.010785145850575495
0.07070204417606385,-0.023312477999867146
0.13175594790275919,-0.017859686716093996
0.1648472951932049,0.00052918698245560652
0.19116717403948022,0.032068852241229642
0.1996840642730465,0.07421515700158382
0.19580632533070502,0.12686219460374412
0.17556258473264133,0.17419318967057548
0.14505271714373372,0.21674219074448473
0.10974235329021588,0.24202675837832988
0.085990722128780644,0.2579282369298424
0.059548811312352568,0.24368307807654618
0.05054951600031251,0.20847682655606825
0.043856754753143483,0.14925366100987938
0.056571201612581737,0.078363108074049101
0.068901250900031408,0.0026365840138272683
0.084841907689992349,-0.076133764231556322
0.094283492672366132,-0.15105114432379285
0.094660377680484131,-0.21179191563378955
0.068239473041332516,-0.24024268502637
0.040354606154987156,-0.24941114304646206
-0.023150382617345464,-0.23387080910466548
-0.089457564304487092,-0.19979300136423148
-0.1581537542127234,-0.13993328144594111
-0.22197277640406715,-0.079929859859339855
-0.2813623741112814,-0.0088927088239352386
-0.31438018461960188,0.053948933713417538
-0.31618757880975623,0.10937586216825973
-0.30036415937979705,0.14735533187328079
-0.25440716594405582,0.16414417021196692
-0.17461847376783962,0.16456330932701485
-0.088140124145753368,0.13465308961855613
-0.0086173136775568471,0.10021930178025884
0.074750777388200129,0.042325357458748485
0.1424006888308772,-0.012705068406451678
0.18865119755247828,-0.076852030836488852
0.2038199001447317,-0.13074558580240694
0.19301542204952532,-0.19177054356483739
0.15894844100914268,-0.23416754950058066
0.10617187149550586,-0.27282079770560042
0.047483700065016246,-0.28772448304170206
-0.0048782092566252867,-0.30582406793125227
-0.050335904698272926,-0.2939025154133581
-0.079314303994555246,-0.26239394600502791
-0.085404020276382289,-0.22896800346754129
-0.06797219833180379,-0.1752925221133175
-0.035195554075192141,-0.10900719602617917
0.020549984583355354,-0.033993339907517281
0.07363692752243238,0.029680633051590268
0.12728133567961414,0.1070902873158818
0.16194115304171605,0.17001439591732689
0.19066208230534315,0.21700484874146023
0.18698151430856919,0.25166247152111615
0.15673667048986781,0.26583910547833173
0.10428738110298935,0.26095199425920573
0.038260047092716923,0.24512578655830924
-0.033140890928984271,0.20038846656861783
-0.11232415403731852,0.15214743731903652
-0.16980707681870968,0.093980877036452665
-0.19938591718815624,0.041765212983419828
-0.22733154236739184,-0.013940472907934234
-0.20854171689026338,-0.060131317888240603
-0.16797828975004317,-0.10628411416719327
-0.13043333067631754,-0.13414064802908332
-0.063373023563278008,-0.16758394544118671
-0.017060169591200207,-0.18279754291324105
0.028547449469252473,-0.19579150974055956
0.057661971763180379,-0.20925076351622005
0.063455964409006069,-0.21714637028253564
0.057560304918364683,-0.2178715865521591
0.026771284117089081,-0.22167223865027025
0.0024524404146423848,-0.21450270406239483
-0.042330668747592698,-0.2017416585864652
-0.074495509701051746,-0.18986690058982725
-0.093151901736140422,-0.16787715110890808
-0.094845939809412361,-0.14054577760699871
-0.075357180809587823,-0.10743111085291784
-0.027224704168837419,-0.0680328147300759
0.025541940415050025,-0.026554384655789225
0.091655150461603385,0.009416611326421253
0.1564408249125471,0.039893555897577988
0.21197633978461719,0.078327812723357093
0.24199821528992077,0.10466546448624775
0.24849204784047313,0.11645552327458775
0.22457849828825088,0.13221974683310453
0.17389509492995567,0.13360603226191844
0.094543174059845414,0.13351199295752458
0.012165032382354968,0.12356047091143571
-0.085451628764517576,0.1140915251531284
-0.16845057309734299,0.090100472811207838
-0.23759212344670788,0.075300055883779513
-0.2809110740050651,0.057733575732800642
-0.29162362799989944,0.036662722320591402
-0.27756427293823616,0.020645668483856499
-0.23464724297748471,0.0012217036900913462
-0.17810645475581022,-0.015548284246856135
-0.11404877154347083,-0.027119036577325093
-0.044222123991085931,-0.040810857038098773
0.0085719938941499433,-0.05511552656600599
0.056468530646482031,-0.071364050430715115
0.065107355415239654,-0.089720850397287152
0.064164689980470008,-0.1090912003527135
0.033831318753048456,-0.13001798831059852
-0.00201967408571266,-0.1453606677146265
-0.040994602911832774,-0.1632368682133031
-0.085489745660749988,-0.17219617608444268
-0.11218108545074003,-0.16796483574076718
-0.12503171030298865,-0.16142409577919822
-0.11711835449392789,-0.13967938470101188
-0.090795425448267145,-0.10815397032404883
-0.052678505794290169,-0.079176484999000707
0.0049864270047110977,-0.041221666578960127
0.066413542536107012,-0.00072091592749682059
0.12690004092796858,0.024738385257767174
0.17553964474900211,0.054449041651822301
0.22246704518999583,0.066051953080188061
0.24242691103188069,0.073610712072005188
0.26145232920570294,0.075079757038809813
0.25211511695468986,0.062494541884646593
0.23642914995572784,0.051414079542721224
0.21975258450909541,0.035430716428759501
0.1829404214339001,0.01926722821180028
0.1511121105830405,0.0091138672335159404
0.11728263123135814,0.00707324341169381
0.078944255466371543,0.020857342072898497
0.045422529413432639,0.030896381610688056
0.022837262508353617,0.045281759498113243
-7.1451326432258114e-05,0.072993027029479088
-0.013292615049981681,0.099607718782442248
-0.016731124772187224,0.13661216673016746
-0.013111893615341529,0.17889003723141006
-0.011448043036175809,0.21100390534391875
0.013142798883747225,0.242986220500057
0.037164580555953286,0.27136826130160507
0.059108306308770842,0.30089381912270824
0.096107554146681679,0.31560434190822639
0.12432657542215619,0.32381199814984857
0.14658397820788119,0.31682575213471131
0.15939640049061485,0.2946926179692248
0.155869331263775,0.27064399726153043
0.14894636775451675,0.21787931927639934
0.11305131782127614,0.16317243267607723
0.08470504186376189,0.099751640154484497
0.045770590197703777,0.026774232665431556
-0.0072522587486705831,-0.032195881935194258
-0.046659539186066253,-0.091309699784279691
-0.073945601286524193,-0.12695666800591868
-0.10086575460842619,-0.1551834360441032
-0.10526726940868134,-0.15755318493030979
-0.09784198816694506,-0.15201789851780717
-0.074809416821271457,-0.12037510610916996
-0.036820018653974482,-0.078989713750468843
0.010049357255208547,-0.034819416450668016
0.066092294640442667,0.0082841273825402066
0.10759699728288387,0.044912165813828266
0.15867299628669917,0.063396585836019717
0.19268028165782614,0.069241387302161145
0.22329616325952481,0.048234430860266339
0.24136693399092277,0.024453938050060717
0.24668568938219215,-0.015571275853123689
0.24488708981640459,-0.060396080395974848
0.23283634305898498,-0.095716774470023164
0.2238914689912774,-0.1329907816235035
0.21886294993921537,-0.15054801160893294
0.21038928474774635,-0.15444791733277499
0.20804020968998937,-0.13066159743478886
0.2064841043807692,-0.098891052465301804
0.21253719630162954,-0.050444223304202361
0.21500618157076362,0.004967144856530898
0.2200006551959138,0.048569277042971544
0.22542672558745894,0.092779065493057311
0.22099027011208339,0.13029464203944438
0.20321682169517932,0.14423839682356354
0.18907342335320687,0.1583122264008994
0.17863700616325565,0.14341514362275359
0.15502831392226871,0.12018897902790537
0.14066696010604982,0.091857209790700819
0.13848656451034261,0.056714066323997531
0.1354678361761483,0.013381701381282727
0.14476747644842819,-0.0095042549834443851
0.17090369326547253,-0.039144306883213992
0.19545314691613325,-0.064785634868883016
0.23237000138637479,-0.084874982715313227
0.26851960266760666,-0.099399468746062425
0.2977052586645722,-0.11101588286114764
0.30894447353929261,-0.11394591209504942
0.30960216796793971,-0.11550273742950208
0.28458586986520124,-0.11281893380525432
0.24014361386056671,-0.11574129883650774
0.18583703699517348,-0.11775674424340124
0.10752580933766107,-0.11503253883644768
0.017075900630355766,-0.11579068829720364
-0.059348595315801785,-0.11630527304476158
-0.12922659650644874,-0.10552823860822097
-0.18585936812926268,-0.10980487106199653
-0.20299168368952758,-0.11376847222704525
-0.20592282593274783,-0.11093779835969682
-0.17623018228848483,-0.11189391613620824
-0.11347074159674413,-0.11540830069919732
-0.033063220302609803,-0.11992746603301732
0.052054362139920811,-0.12124419962858188
0.13810410257894806,-0.12023131489016006
0.20268049259026047,-0.12637933058526302
0.26498348737301031,-0.13071049689146202
0.28938744177810721,-0.12416050823823113
0.29329506818042034,-0.11957687899535237
0.26873895200268133,-0.11357438659483386
0.23927732115252548,-0.099151286335400601
0.19548620735537722,-0.088813178329359824
0.14554878629076859,-0.070662044003215643
0.10541652353481393,-0.059309481196347331
0.086914718362000765,-0.04366244403323543
0.082830826111903455,-0.031540088231304136
0.10093553465899992,-0.02258689746471634
0.13457689937998921,-0.012611763524150311
0.17796476183820126,-0.0084965269130782388
0.2205669252914533,0.0051520461114199778
0.25853015448486827,0.0044869668005580766
0.28978520824999038,0.0081011185628267531
0.28201116162351952,0.013032384581854763
0.26646001916157691,0.0097203158993323865
0.22662378746448097,0.0068088756936039432
0.16750103057022273,0.0071789725701893892
0.086474332417044664,-0.00074134992341893646
0.015431001509637356,-0.0050395657612702554
-0.056404728712172135,-0.016472790801983227
-0.11569861616006254,-0.030976735435697279
-0.158230408053532,-0.037186562212206321
-0.17801011239870329,-0.040398971558123116
-0.17891835204863393,-0.05087503703057291
-0.16105579705374862,-0.046330208324527881
-0.13095565141359666,-0.051034327735852127
-0.089800984497161312,-0.050488382478596695
-0.048442408254679881,-0.052208763114564377
-0.004728355931053245,-0.059704630444213459
0.02786145666374451,-0.065587027254140853
0.049097928767461996,-0.075455683582492078
0.062485787976355948,-0.097186880104334114
0.065762985058819265,-0.11318768906131174
0.060743824405738708,-0.13350286613219925
0.038370260418754104,-0.14738884297096166
0.015347480722117541,-0.16564003562980312
-0.011738376995047867,-0.16516767172232419
-0.037486656671141663,-0.15571969679007794
-0.061565291655651506,-0.13680946004305916
-0.078739016525998073,-0.096239880097254663
-0.094241315010382298,-0.052164480696081234
-0.10673065313026187,6.9795263828611835e-05
-0.11447812445528752,0.048965776333603432
-0.11305646143678703,0.08174066003523893
-0.1036812293495234,0.098217851061662725
-0.10298275290100602,0.099390352288324282
-0.090691091586978148,0.082903583436215803
-0.081717920680954723,0.033915045024590654
-0.066638076144681951,-0.027550383423622104
-0.05490244219759461,-0.095586010868348309
-0.034957310919740144,-0.16296423134163901
-0.017250408934711116,-0.22031506331183415
0.0086169760851934792,-0.25725418958770957
0.040555764037489526,-0.26541478941936897
0.070331135255891866,-0.23740792729995266
0.10612236069530209,-0.17699195018883038
0.13447600239062307,-0.096544846968720538
0.16457746852397029,-0.0054837537705500665
0.17804958462091769,0.088028203263537858
0.1839846928677947,0.17786687234601883
0.17551787265614216,0.24643093359131676
0.16237166866231503,0.28177011479201514
0.13281186182894625,0.27652288496349892
0.096182465621529337,0.24781347343507809
0.059111071810269929,0.18041797945502347
0.021288310846026497,0.097761003093371129
-0.019141515667308123,0.012232373748558515
-0.052528558295370585,-0.07377152717808097
-0.079445716100170788,-0.1395218691155595
-0.095715578399266421,-0.18174501527914905
-0.094289138447568699,-0.18826238914500246
-0.082332540671709947,-0.16518827097772434
-0.063354063645209957,-0.10595703623793526
-0.031350322227749639,-0.031160952940517034
0.0067206103527400231,0.049219797279315948
0.048589895365441005,0.13456275438385312
0.090709570550666571,0.20164475254125763
0.13165089949864828,0.25004247451825473
0.15501440061307573,0.2716556060048686
0.18326644221472849,0.26961473655785539
0.1929061927484001,0.23948018630499152
0.2001635540149605,0.18870985829273865
0.18867801549636054,0.11092320458673618
0.17290171446397287,0.0429528380713484
0.14830035111683443,-0.034447399749943805
0.11810102483248654,-0.10739277240844293
0.082503557818884132,-0.16469165344130537
0.045473527261166199,-0.22156004901711884
0.0020102346452039455,-0.25630560870911806
-0.032875578921163731,-0.27722080626970264
-0.065240584075037661,-0.28629395318637191
-0.09886109515093329,-0.27545762884684888
-0.11751374615110972,-0.26276837928095775
-0.12651064957171818,-0.23267484313799419
-0.12731331378996047,-0.19492035000578187
-0.12223262201183015,-0.15109749377804554
-0.10208495748751714,-0.099836461070411026
-0.078348830914339848,-0.048897447770003911
-0.049055008317957706,-0.0068665132208297628
-0.022002029289293734,0.040318247161185185
0.0014346162122912537,0.080873164512785908
0.010727967973826828,0.10465132529033716
0.016116371583900686,0.11471744646119029
0.013707137987895473,0.11303126260364703
-0.016115531409870154,0.095941532961329762
-0.035237064589133442,0.077409475084901994
-0.063114137118680275,0.046229216680957565
-0.086674058294991529,0.015834930330820545
-0.1063373294330186,-0.0056792728375280087
-0.11067898982107253,-0.020669596151665488
-0.097669568222030601,-0.022235777640096609
-0.080145525363497061,-0.013528483681338011
-0.051872270674703076,0.011458654653293304
-0.01187571237861529,0.043801252344342942
0.033134587802375749,0.080624444115611774
0.071683338050615622,0.11409809823499398
0.10236354870460672,0.14816264675477181
0.12311515279019901,0.1626513264627466
0.13565805621773933,0.16890492590821532
0.13360775166575978,0.16849598635812335
0.12191195633313452,0.14695789831818121
0.098116548505065501,0.11936691076046764
0.083177698600628097,0.082469314654476739
0.06014605037324814,0.04335294686948156
0.039207584774995127,0.009874157100731612
0.031565385161495069,-0.014895924871471594
0.031228278837320461,-0.035157603189761563
0.044013660726971333,-0.047826742668174743
0.060595476058068205,-0.051796964230939296
0.09675667588475427,-0.044123888635237397
0.12297833421617137,-0.034343938362724161
0.15202455604393064,-0.024097161821059428
0.17364660083526995,-0.016904713164964523
0.19708038672588496,-0.0091820103770552594
0.20220802123629833,-0.0078836972479139206
0.19995054780998522,0.0037593893068805298
0.19283572230546214,0.0046156663975460838
0.16911053550660796,0.00011029651209028529
0.14191672202325614,-0.0028551074132604883
0.11453259215331497,-0.0071084831220884709
0.079876261945372826,-0.010527114376259351
0.047392530337134135,-0.0085725003725050826
0.022639475200423892,-0.0088970054895970221
-0.00071876330704045456,-0.015827570552161916
-0.01652812250429278,-0.01307517544658476
-0.035304962063036176,-0.014733839167800283
-0.039041245514781726,-0.02289893888046526
-0.054289923821980189,-0.02496503717961682
-0.06245405645548003,-0.021964439847005784
-0.066338137827789592,-0.020423600748007472
-0.074332507822205851,-0.016872339044832735
-0.082111189529065806,-0.0023777075437147873
-0.092630214088706364,0.0071172575110477381
-0.086466557395422916,0.023310276556154818
-0.085737639533828638,0.038970767126356609
-0.08739089536504073,0.044834774371606455
-0.07524832450251509,0.049295536071067139
-0.057449015622774775,0.041868328272943046
-0.030079472008259715,0.034042056278240751
-0.00080948707464100801,0.010866309462405615
0.031860306148605098,-0.012816549667560798
0.063827617592449412,-0.040453456337451267
0.098920276945135333,-0.062079879425283459
0.1193769885540843,-0.082018338416898137
0.14264169767981658,-0.088379027593708678
0.14987593481972825,-0.075632599062210162
0.14851270550341253,-0.054903713863088663
0.13013902484278148,-0.0095485379333889661
0.11077790323101074,0.032591146607626929
0.075281229961928042,0.081710572295111528
0.047828316188093224,0.13902388125938522
0.021249829878732904,0.18403850784323433
-0.00066747155074728219,0.2100576039799873
-0.00046377982901004561,0.21630563334033012
0.0089972591905408735,0.20293701883962423
0.023297287419753128,0.16198175719196459
0.054605857283536431,0.10735994694945326
0.09441210253150209,0.043127902837876514
0.12806188011403769,-0.039179457768839
0.15411116906792291,-0.10303676090475658
0.17392361275755511,-0.1631689020941908
0.16665174742854996,-0.19582708391125861
0.14225811429037055,-0.21586208393338235
0.10435628327439378,-0.20511840323174621
0.050775219809049067,-0.1782846911311414
-0.017858737280148008,-0.13400898848141671
-0.082930515516046022,-0.08570796051525878
-0.13928471157651334,-0.033758873866384993
-0.18239261231392653,0.012271964633149789
-0.20289869269287936,0.041714479128381825
-0.19743250823464642,0.062457206605528594
-0.16415302751638899,0.061223789317386826
-0.11416322762417098,0.05635227070090109
-0.050080588598873196,0.033597491465835197
0.023181105327038355,0.0044003956834982889
0.098518957387850561,-0.02045101970603036
0.15723994325375598,-0.030860773545256074
0.20811685649119976,-0.041134796273904407
0.23205902475861975,-0.030714481897882537
0.23562525195095332,-0.01674579506137485
0.21932521414803272,0.019769995046560036
0.19359077830405244,0.059597932611014683
0.15771717943586633,0.099649105596335733
0.11519654789269174,0.14145100852575693
0.080574614367705466,0.17594397873723283
0.055080482675596114,0.20648099470108466
0.047030862890254842,0.22373543965565765
0.05143501855394484,0.24103011304939417
0.07417947287090372,0.23766063722440781
0.10132028524329667,0.22579094726768445
0.13646069149812459,0.20527395212277794
0.16277300259855129,0.18023968250715114
0.1879554711601536,0.16012453121921677
0.2077851677071329,0.12846967929506009
0.20983534141263649,0.10327405489241842
0.20514599726684415,0.074815778986955295
0.18940738924979489,0.056064723963303698
0.16875130412471467,0.038981579097299469
0.14853363940704295,0.022889641297823657
0.12593851360472427,0.004624033005498243
0.10529912650057183,0.0083848075628324241
0.10067955235566535,0.0047583125606137176
0.098154890056921559,0.025081575706720441
0.097801214275563542,0.034409402805573468
0.10106067658628527,0.063253971962571584
0.10728674282972622,0.082323004387226908
0.12984175250060215,0.11220431486115813
0.13452795938697429,0.13518320049353105
0.14339687447186583,0.15927302825539322
0.15020020475070373,0.17306412108711075
0.16015750536482135,0.17678826973906456
0.1601291567021991,0.18512050715296574
0.15756800772084617,0.17306234649828617
0.16056869066646304,0.1743817995066507
0.138679072236809,0.16401160850163832
0.11306688995341764,0.14686521151614543
0.088290921132524944,0.13529287017263167
0.040218571741214147,0.11605253408914604
-0.010548029241701196,0.093501765070164722
-0.069561378558914505,0.073329777511948982
-0.12930201492184554,0.05774539336112855
-0.18368289783322483,0.037915149753326098
-0.2271501113372264,0.020625397684111129
-0.25746765402685562,0.0044092736493330075
-0.26638842643996063,-0.0079877944232322369
-0.25840574656636484,-0.018688538837147221
-0.22524068798810526,-0.01783417042702783
-0.1635327339319021,-0.016773457815813776
-0.096588909813283719,-0.022501532156087512
-0.017018972877290865,-0.019047917838719581
0.061532666190242939,-0.024139104478292376
0.13976925407449628,-0.034203662112437083
0.20393143831355309,-0.055051256954612646
0.24401153325042421,-0.081194432645049885
0.27050274283742248,-0.11362488241316417
0.26411798930848629,-0.1554405598978488
0.23628332045932759,-0.20750714430422892
0.18791630682083882,-0.25916881604770831
0.12963458800059507,-0.30082186894432972
0.073570161589915542,-0.32650735655993657
0.013917544973352784,-0.32839949990059231
-0.04040844554307077,-0.31504866983380497
-0.081762547067637623,-0.2616527130010618
-0.09981350075253001,-0.19537416846469421
-0.10765604044992923,-0.10403348201070224
-0.09182429162333676,-0.005089477402246822
-0.068529055038883499,0.101549748290356
-0.029218100753949719,0.18796034446351126
0.012972763444539378,0.26128671892102612
0.058098044483744581,0.30257011184492311
0.10446659726447755,0.31198698773428091
0.14367859049249584,0.28452071876128177
0.17030988616382703,0.22869854560059455
0.19700876109030915,0.14864349534217169
0.2226817885736645,0.053628122417142925
0.23432038418580473,-0.028706591895481647
0.2496856516826983,-0.098581012408024929
0.26315855051069442,-0.13928572996891178
0.27207687501196681,-0.15899584044011444
0.27650721404878209,-0.14289276054611255
0.28000511893261881,-0.097372463219659033
0.28511400327314168,-0.037354000908885091
0.27721374548429351,0.026435979340331803
0.25507947192818275,0.092406854515541731
0.22405306765025973,0.13020857368682792
0.17881485237114522,0.15006190329818928
0.13094348235290093,0.14691221136775412
0.076287465756555886,0.10628517729682499
0.010495165196493846,0.04533449286382675
-0.044487381130692186,-0.031346769623995879
-0.094343825686790395,-0.11020100321692163
-0.13799299254689737,-0.18463979481087422
-0.14763916263516538,-0.24525004046152765
-0.15009748156149655,-0.26347935617778823
-0.12842034374625036,-0.26787444833417789
-0.091731174448876254,-0.22779174827842424
-0.047640023470813982,-0.16717736394854146
0.013260288793909296,-0.079872714175010406
0.072576776313963684,0.0087599652146506096
0.11335182731492935,0.10875742272301926
0.15217664105366749,0.19197188148827768
0.16663241517471786,0.25226685079999944
0.15929604383050416,0.29079454584041481
0.13296596010717393,0.2935024748719835
0.087458375068270366,0.28249729930930378
0.028668119413092455,0.24880407423224993
-0.03634467375399289,0.2032012398733628
-0.094390543145569092,0.1408168823229651
-0.15390710020066831,0.083154523889731477
-0.1805639293166289,0.02479055399355937
-0.19755186393145502,-0.026288639969632144
-0.19356836980502928,-0.065580830928379866
-0.17482348445909421,-0.10267489590805949
-0.12414062191407112,-0.13637851227000419
-0.086482064060816474,-0.15887726032766381
-0.035589616034334436,-0.17953208294602072
0.0042314883631675709,-0.19234147716955288
0.029688256032680709,-0.20656137579969619
0.047914105572147057,-0.22024582419754063
0.049381813552432263,-0.23868924284777085
0.029199650993245896,-0.24089623040153305
0.0083593449479009378,-0.24826414796309737
-0.030146376524260714,-0.23598491505736041
-0.065772659464439137,-0.23762187136935861
-0.099491155319392219,-0.2277802260603842
-0.12841438520777165,-0.21676287019021698
-0.13398919188795663,-0.20857295282599123
-0.14308173785979375,-0.19663018014937778
-0.14317580925723525,-0.17885654134148032
-0.13108599354087511,-0.16045317223222014
-0.11269934607583396,-0.1368864699759389
-0.096923487741203643,-0.10529504655021242
-0.073813611711061294,-0.068746178115432571
-0.04328754011093186,-0.033352260681541235
-0.01674116185299012,0.023343010435762482
0.012526127645252488,0.084629922463531862
0.038678076617501084,0.14996346143262673
0.070776781453520121,0.21124669146310998
0.096132961096464964,0.27530660931567524
0.11773408975173701,0.31232887782733476
0.12258230451253725,0.33655438163355778
0.12751200948667299,0.32839931517465892
0.12415381804612063,0.30281286585453082
0.10562397107132186,0.24571106185890129
0.084016555913863256,0.1768525227915537
0.061774030090987732,0.090577269030512289
0.030122576477583256,0.0050526144215788703
0.01877419388070704,-0.070437646212677438
0.0126342484148468,-0.13356233668533909
0.0074847259532447794,-0.1722281261199517
0.026018412837338994,-0.17836210356456395
0.059650430698432594,-0.16108291844690564
0.096752325446754647,-0.11918507922725202
0.14585829459043448,-0.06514393020944359
0.18346105612952338,0.0060195733100773044
0.21038476340628018,0.074991854271771741
0.22677749091713034,0.14227423215584808
0.21347860680905917,0.19438278744928231
0.17887550820653855,0.22169666346099404
0.12095838163448031,0.23130811329860446
0.04289868504904458,0.22655538786834536
-0.043052874631987259,0.2048814818251444
-0.13151679840915426,0.17895302683461475
-0.20740359620904075,0.13965510081636129
-0.26631298339691212,0.11028939390604577
-0.3030769409768192,0.086943500856678388
-0.30971775104811533,0.084685496879200212
-0.28094505823950278,0.086627198436706951
-0.22958468732868159,0.097032244085635988
-0.15578589625811509,0.11879468869504832
-0.072933839509845388,0.14407854990048916
0.0091112287064172102,0.18134827476635251
0.08756788708400047,0.21300252506218387
0.15385792788921554,0.23554177311261457
0.19067127553061133,0.25062410199865015
0.21347657349349847,0.26132612679243389
0.20745572051641267,0.26362044931694639
0.18743146287312482,0.26840528418296455
0.15142934128814259,0.26066686320039251
0.12066895981045539,0.2529377506013496
0.087914140134220012,0.24089595576855874
0.061011690854048888,0.21931852933182375
0.043158032409551385,0.2050320628912467
0.043674298189339759,0.18288044582601534
0.055240315274103793,0.15776961138256104
0.072721411855594484,0.12902427485834456
0.099651292878324443,0.10403553883595501
0.11748246114449561,0.081725746284942127
0.14183755495373443,0.069800098832061716
0.15583775423845972,0.066651438387264561
0.15226022518855709,0.078540306610146382
0.14897417914223124,0.098231751561689798
0.13158841489722617,0.12103889648919815
0.11637707060022259,0.15291244243403179
0.098647890821292786,0.18230371729130115
0.079904525621986883,0.20008223264247857
0.058081631295583906,0.19845870478063848
0.04756464192782791,0.17618791146619214
0.038321573784175396,0.14639410477144701
0.036954826211328437,0.085867641399007003
0.033311838956825351,0.0081944845474572793
0.030604360557621633,-0.076132373971445205
0.034229958523194326,-0.15026500633074519
0.026057413683294353,-0.21881583906075913
0.028150606630348719,-0.26772238231512374
0.02169573796595041,-0.27820933329565606
0.011519350445571007,-0.26386896892573242
0.0073702678460656635,-0.21709595232484646
-0.012270651136715998,-0.14024037332053008
-0.015579243785189932,-0.052114651045924089
-0.029403008191267434,0.043089941191346195
-0.048040716609797862,0.13448144903989528
-0.066130793394141532,0.19922488237037422
-0.088726241706073364,0.23545305647926398
-0.10995852774610299,0.2438664286025595
-0.13933227288139741,0.20484770991377305
-0.15779038481772031,0.14104881052430154
-0.17716945626404368,0.058557884771994292
-0.18880751603749171,-0.033706241123200885
-0.19637115953247516,-0.11820204599162931
-0.18480568100146508,-0.18444305562644797
-0.17395084466787647,-0.22434150016410079
-0.13609443104594807,-0.23043132489666571
-0.093359761614591669,-0.19599505893433877
-0.049451482734172054,-0.14052386488008722
-0.0020984645476996976,-0.050444376619003299
0.057084508334170961,0.041539942849633534
0.097561017161995861,0.12431985669812899
0.13902407098325331,0.18683395374377659
0.16292227853515262,0.2329936032477106
0.17442043707634355,0.23967920273003943
0.18027745585833224,0.20377870510414178
0.16672519858529686,0.14947748267414421
0.14791106047409647,0.066592413052620383
0.12995063587266123,-0.021906734706594093
0.10945855029483414,-0.11319390764141322
0.085520070601469114,-0.18979188817475584
0.077246205984551813,-0.23982159649989154
0.066614413736786227,-0.25686433751407306
0.070622962869845318,-0.25163729617944758
0.078883838033917783,-0.22625516678630558
0.097231994447806988,-0.16904157634986333
0.12202133604568974,-0.11178329380784202
0.14930912427176338,-0.044006295675317809
0.18168776971166001,0.012617507768041467
0.21533124514935931,0.048773300843874219
0.24786806197743882,0.066239438152840766
0.2769399968097801,0.069178136139670915
0.31011696979627024,0.053974381684593759
0.32963103081814832,0.020577982875623107
0.33804431512362004,-0.014249158763111166
0.33595028610965927,-0.044400353379536427
0.3231015588723033,-0.072999278093538469
0.29843946458971832,-0.075541220628118397
0.25803525383908021,-0.075154013453121185
0.2046487205621659,-0.047532999426897364
0.15355128924473227,-0.0081067832863497662
0.090589608421980883,0.044694725243805682
0.031103582696582352,0.10010674728460039
-0.017129299236439861,0.15672382953557737
-0.051085555614801617,0.19840809779237931
-0.072946786579411033,0.2284790953701773
-0.072149936019293481,0.24640465202183384
-0.052696472558765702,0.24780834940279653
-0.017184992827693757,0.2341422692811532
0.039090751133872392,0.20608140122044472
0.085479673118607755,0.18187770252662319
0.14061724162406902,0.15048386975174546
0.18121443354216407,0.12401660356544708
0.2088201103185281,0.096963015661188826
0.22381283124272031,0.0863310124396173
0.21478879440477314,0.093006204524894304
0.18203272421349465,0.090561533949515341
0.12777121846580386,0.097840121786400003
0.077863878724935637,0.11501986716982372
0.019293837350654632,0.11943473732911376
-0.030160913967528853,0.11899616769389242
-0.070660114195929477,0.11475533143532241
-0.10436207797286787,0.094595432678192953
-0.11676062259032007,0.062653356337037128
-0.11612134963290784,0.021022900005084243
-0.10989896040286698,-0.023995048165120374
-0.089578457584468557,-0.062957935684570282
-0.076405186639783976,-0.097545239557795343
-0.073627919319622412,-0.12158510377776871
-0.069822047040696833,-0.12052124949809159
-0.084125308881953728,-0.1080934124400024
-0.11364397228796795,-0.083647048381057826
-0.15362670225604605,-0.035881205972791035
-0.1890759750491417,0.020588132399806492
-0.23444536830035512,0.07437623523138448
-0.25948200566719548,0.12011752080806141
-0.26743451525607087,0.15255337104452624
-0.26245049198284925,0.16131605315685091
-0.23283864216615888,0.15756936456338502
-0.18322746770155268,0.14266542156464815
-0.12043938906962783,0.098011576743283313
-0.043679593515598386,0.047851789738109655
0.0330668212052279,0.0032922810595552316
0.10609720901122685,-0.054895141647717506
0.17588346186880402,-0.084877208662040612
0.22216211416694442,-0.10278134792288469
0.24971162846206466,-0.099158551740243614
0.26060216886040977,-0.07419150545549659
0.25967351345269041,-0.031134864734761059
0.23759578560450423,0.021010133624373487
0.21205606719635839,0.086345269160972987
0.1886976078865655,0.14596133530644062
0.16857814358065354,0.18732002334980519
0.146915099841292,0.21053909647870236
0.14018860635491359,0.21608519859383973
0.14125113354358984,0.195753469717002
0.14505837905472732,0.15723506567307272
0.16342270423117436,0.10252177896531453
0.17772631164966551,0.045106849866111964
0.19187112890915356,-0.0054320689641832254
0.21075307645131244,-0.053346813064037386
0.21989817926932789,-0.091140251050693011
0.22363544692647155,-0.10188797179557145
0.21773062364800519,-0.10928410848864292
0.19911750806286913,-0.091560160210207256
0.17744507077715738,-0.070627763626994494
0.14970740807277641,-0.037470728448692994
0.1229616132129388,-0.011261594424144976
0.095213074913626738,0.013185096052381579
0.063052244736296059,0.021184767127477081
0.031703133158949605,0.0089958088239220184
0.011558802437554198,-0.008568755930795556
-0.0059519087649968754,-0.04508189061305809
-0.027154576787109037,-0.085572303458574153
-0.028331805578864867,-0.13359754448799507
-0.026029031096467987,-0.17666219417998852
-0.013014471304152906,-0.21246193006260994
0.0013361887155088747,-0.23505716418653308
0.022727008577292249,-0.25009977513440995
0.061383126350974537,-0.24612453632601478
0.10404259692460015,-0.23473653546716811
0.14642669523903323,-0.20037610170766465
0.18958033480364889,-0.16819247656214711
0.22994483622353312,-0.12625102444828373
0.25311718587832871,-0.084830387265658197
0.26831257800030145,-0.044077137729811249
0.27885706625882561,-0.0098326102339534108
0.27267159565484889,0.026870989706931765
0.24707140904251079,0.048332136233304478
0.21220715282462499,0.069649175455361798
0.17585192684733975,0.083414895199054373
0.13046060526062975,0.092207552440932747
0.084586525305360732,0.10070196546975188
0.054415803841001156,0.10518971689811762
0.01635026249142699,0.11792672363052002
0.0013618455737169893,0.12500097163331808
-0.0086091866617253824,0.13488490067496103
-0.0090416235592378612,0.14813733034071835
-0.0053233500839204237,0.14910254563686121
-0.0050820292931224118,0.15830280978130917
0.0019390634684152089,0.16025631486400846
0.0010649083431696748,0.16359650915322446
-0.0067993872127512043,0.16395206409607535
-0.02672874930578685,0.15935664662417856
-0.048474501471958836,0.16448225919478576
-0.065414525570083856,0.1593230058546112
-0.091571617724793858,0.16039063654046645
-0.096986316566244873,0.16638593924212855
-0.10006591841531151,0.17517801235021965
-0.08558004985734935,0.19010532609784755
-0.058721441423058969,0.20676210892590752
-0.024558786062445201,0.22724626367979364
0.013904194487053219,0.24865441741662231
0.058284468366020699,0.25761745051182633
0.10408148971532238,0.27265377265424062
0.13779217314484637,0.27792810600932999
0.15593795204022323,0.27123058677410639
0.16002666426993478,0.25633199983053329
0.14361289655070864,0.22635040951656676
0.11513953178790901,0.19164102423904023
0.072052393690859723,0.13951005949865738
0.025057792052774579,0.085920702688899245
-0.032771828227739545,0.032894701718517681
-0.085227018055691828,-0.023389469910520513
-0.12790286563968645,-0.070121279409759346
-0.16514847620575129,-0.10981011125821444
-0.18592176237194247,-0.1415520666639547
-0.19232532151214518,-0.15581047334744735
-0.18571366558389144,-0.16264752160324769
-0.16360702052801382,-0.15487185619758748
-0.13403619589189325,-0.14217496926934123
-0.092276787705818042,-0.12008071371040735
-0.04821551267251268,-0.10357780905514934
0.0043900475845359858,-0.082264992530495018
0.052897585372239632,-0.065687256790404269
0.090479947577364495,-0.051899959461250832
0.13418479937703062,-0.049668517667777023
0.161407535034194,-0.044669578043399077
0.18605667030841544,-0.044995684645757664
0.1974571701605139,-0.042347217019661793
0.19879277070956566,-0.041122173870358263
0.19218180069497912,-0.02677561733559097
0.17163535536786007,-0.019923467111201219
0.14838638552652511,-0.0057041885073330729
0.11180231948046711,0.0083759444067423462
0.081207731051929327,0.02008290417847855
0.03699286227596537,0.030398188484764641
-0.0027421757880959942,0.027514159240636101
-0.040320002417270837,0.027089849543010327
-0.07170409825952026,0.010009971324852238
-0.093236462721525748,-0.0062539077355517518
-0.1160115964433192,-0.035700669585299369
-0.12650132367333994,-0.06684028151615691
-0.1366316007755228,-0.10224731806612282
-0.13679503207777161,-0.13074211059790325
-0.1375700832653545,-0.15233444556653319
-0.1418659261293207,-0.1682926687619071
-0.13997699635576888,-0.17357483296002302
-0.1426366723668544,-0.16152522194131044
-0.14505189234326157,-0.14724698748492612
-0.15339905447825644,-0.11925567114883392
-0.15883640168996346,-0.085942596318575246
-0.17114128537881904,-0.046971312480559115
-0.18427076746020701,-0.00038712085281124211
-0.19973022051702061,0.05101178050900336
-0.20935656861888471,0.10050959803932938
-0.21905636431629052,0.14992986738001643
-0.22828271130710964,0.19283471316050402
-0.22483346206363092,0.22802156947389243
-0.2237962968986161,0.25357872900797684
-0.20704931607695953,0.26194568807825314
-0.1904007303135366,0.26346484270350728
-0.16087499965091645,0.24547219420142138
-0.12800593824412673,0.2113894388385068
-0.091803236144215775,0.1671451374975027
-0.053758660549681585,0.10552050796748967
-0.015394720276062099,0.050475821965172092
0.020050981987428516,-0.010930758291245572
0.050080403981003656,-0.083131209462557809
0.071228055088373154,-0.13479434605096105
0.079556252312184911,-0.18516749122526888
0.079636168927603113,-0.20445094716427259
0.069861310875634894,-0.21006846801681622
0.044416029936651662,-0.19818388377514864
0.0036154640618890604,-0.17011010747200903
-0.037323542584305529,-0.12522005750509374
-0.09074509937457044,-0.072544425454896755
-0.14566236317472778,-0.015451284042948883
-0.19717204735196669,0.043378917737617387
-0.24434857123736897,0.091987486218394629
-0.29187453611976782,0.13374155359800119
-0.3201315134316654,0.16745403162976594
-0.3398002692199823,0.18707185633177767
-0.35555904011958284,0.19104027932975295
-0.34951281159416064,0.19173371048125368
-0.3260829302834054,0.17284177669585171
-0.29488868442533356,0.15501509478098222
-0.24876111053545674,0.13636924729155117
-0.20000600693586545,0.11095509338748201
-0.13588282847706609,0.086972276032260515
-0.073036028361861682,0.06540376326718314
-0.005760717987123359,0.036315993533753928
0.049623273436168756,0.019080903882133991
0.096524915877225115,-0.0013240033356808909
0.12734965765096617,-0.014835763541142816
0.14243021540527193,-0.033679537330115875
0.13848943993876359,-0.041489191883798952
0.11803235162451894,-0.051809727450737982
0.083646236349138439,-0.068175463269121564
0.031653526251905879,-0.069762569524668278
-0.017429076936001119,-0.077633067451390148
-0.075138279468352567,-0.075210522230725885
-0.12637301469627624,-0.086392008221841607
-0.16556064456573458,-0.094042467828113374
-0.19765611438028594,-0.10817765159411442
-0.20194003669240121,-0.1295613466196906
-0.20457009306952828,-0.14780896737004376
-0.18592312629197771,-0.18651316747063504
-0.15923637038515109,-0.19908745226411978
-0.12864945757631954,-0.21992323218530432
-0.09398327434583674,-0.21747998216503509
-0.060659611294512771,-0.2188165849453064
-0.029400361542849814,-0.20907332835357087
-0.0071499924033950942,-0.18007639126196648
0.0079994257288065525,-0.13835376739097283
0.012822449741589467,-0.093291024905656952
0.021296950070162822,-0.044421255301725152
0.022892528814038277,-0.0033494978532043777
0.024500716501776633,0.036875509870340169
0.012219453470860515,0.064943996818259214
0.0082597008560446918,0.07968945431945855
0.0077973654125948868,0.078283494278874571
0.009560301592352426,0.059896631772112859
0.003229188066072467,0.041217540158043756
0.00052855704619506755,0.020406304370467782
-0.0052302834965279755,-0.0076294588573269989
-0.0077020976913649581,-0.013574065612643179
-0.024261095062769529,-0.016906656527003003
-0.030196328541814255,-0.0039761949260688481
-0.040617725667195334,0.021171493055374947
-0.050698226259504729,0.058858910336469096
-0.063015032491877773,0.10647981225361311
-0.068625904080699823,0.15223548371061482
-0.07933759162106109,0.1871163224496559
-0.085781297544580706,0.21088932588025078
-0.097563306345507667,0.22098228175514217
-0.11096879578129697,0.21034296160357466
-0.12711859883948848,0.17714541925665425
-0.13812798625953424,0.12616474790444962
-0.16205194315803179,0.075574553787341209
-0.17586777070809045,0.016753320785853943
-0.18876204340607972,-0.035581802662456988
-0.20324589432980139,-0.07210651270041013
-0.20298731663774308,-0.092775265662289344
-0.19996634317827389,-0.089677895304489469
-0.20000086300669145,-0.074197047113979772
-0.17916263495799606,-0.035354391432823533
-0.15277187256183741,0.014890124403303284
-0.13085371457011996,0.065285805835669258
-0.113807100720531,0.10769439757087451
-0.090006546558718953,0.1419098119651247
-0.071821325159030891,0.15862999892098975
-0.064361213101569087,0.15527627205774361
-0.058159982359334068,0.12627119579160559
-0.049976937360098964,0.082327921050666192
-0.056101453473337941,0.026916527964432634
-0.061439088158679066,-0.030591037913843638
-0.065345968316953204,-0.08783277571043796
-0.052473729645774507,-0.13483200837732057
-0.034714830227173539,-0.17578922470944858
-0.021494867241116905,-0.19852954794966218
0.017739481318104905,-0.20786876366804702
0.05345686917623306,-0.19362633878892047
0.092925126147136841,-0.16139714939135619
0.13386614877563482,-0.12892266253939177
0.16476485893910947,-0.078199770426851278
0.18547074822275592,-0.021449481699294268
0.1934726418016488,0.028658989977626191
0.17878836667566911,0.082146939790677664
0.15163830175065801,0.12569652776981893
0.11107934231148885,0.16337101063070614
0.079539495577565997,0.19306788467012986
0.034592220975294102,0.21101987306844955
-0.0036982614368374044,0.2240768343712535
-0.025168082012778377,0.22875984747651601
-0.033184502533995304,0.22979077175445806
-0.020338082831817997,0.22005554363039589
-0.0004811012128978602,0.20876661993322349
0.042120035483913951,0.1872563021593146
0.097660157507106868,0.16647737519749475
0.15296111494160275,0.14599837546231956
0.19532660981089794,0.12638142572972899
0.22444023247862743,0.10042092399523711
0.24061300847657022,0.080753226694289804
0.23400582843587617,0.067403722636546856
0.21000925216168492,0.052080979981580906
0.17256244572824744,0.056244454075272676
0.11873179992865501,0.059943392910717722
0.0541278331293839,0.062352517721247773
-0.0025798119907802647,0.079197868381258849
-0.059067941210415677,0.098780573506023248
-0.10033004870633215,0.11476669021216404
-0.12008566026858837,0.1375756322170785
-0.12513909362427986,0.1512925533963228
-0.11151048602636375,0.16716760090090294
-0.08467734674167382,0.18073442483219887
-0.046104786616459559,0.17656648708376321
-0.013396241169786558,0.17667554837658611
0.027263723681286718,0.1606977453422809
0.061517760402066149,0.14239348964154683
0.090418900377318229,0.11499704072397564
0.098921973684571979,0.084952358590938346
0.10555365537919595,0.052338572394200672
0.1066005928646665,0.018405277022842191
0.10003667045657404,-0.016321675116672697
0.090540472878948314,-0.035460666743022749
0.07567026712324447,-0.055116834878319663
0.066478705859833856,-0.062293459286555782
0.058322073565661138,-0.067623959201817699
0.061610710959117888,-0.060641246698806807
0.05794159306649023,-0.041423940648969135
0.05765184700637685,-0.0093396538815993073
0.057201362666114218,0.019630021761368514
0.057314864715695309,0.058712223922885255
0.057976037354783364,0.092821053860740327
0.056189902404701557,0.11969956993141677
0.055012789676368329,0.14071384481447874
0.054722257594383206,0.15485579184311823
0.046632990573557694,0.16202555099547644
0.042102434453042625,0.15411946603837282
0.03824722544500693,0.14341337504438667
0.035868466910687687,0.12113142216018971
0.030905135672332572,0.097949084627386593
0.025463270096663125,0.0592106005931392
0.020396932209544923,0.029132384185478696
0.020598544067068021,-0.010260712814250408
0.0083808617366146407,-0.044335968602162899
-0.003515782255381102,-0.083812581562888941
-0.018218206227070662,-0.11848728388322843
-0.028971768490769621,-0.15537325787591269
-0.045347273843088211,-0.16888630977928171
-0.057496126655209277,-0.19727754271348469
-0.075592459798520653,-0.20693981578500048
-0.081564039176833136,-0.20735221111161514
-0.090154950182474769,-0.20853518397079307
-0.1058294825359898,-0.19527797474648703
-0.11802381253042567,-0.17345307844865357
-0.12786229794291398,-0.16074065562786682
-0.14222738881114375,-0.13536383626964194
-0.15177405947442935,-0.11071896878917251
-0.17037857362147255,-0.09273709955993463
-0.18103835619457781,-0.075618444997115258
-0.19532585676142006,-0.057494817312825804
-0.20204207400984145,-0.05145361596394097
-0.21491141385594636,-0.037732174812958062
-0.21686101050584911,-0.013382020214502587
-0.22005380174544376,0.0091836760271143611
-0.20887636125392253,0.035552120437294173
-0.19213830239242549,0.072747266204043856
-0.17146229286894601,0.10978198487393723
-0.14105912305236273,0.16348067909116992
-0.11499629309142627,0.20151894322202754
-0.072863681845202283,0.23772524544167803
-0.042000451679465999,0.2625044256004217
-0.013833296811489286,0.27366441099689215
0.0064475577217290121,0.26779504357005102
0.020477733516054,0.24529867956140625
0.028404301109041047,0.20419881557400016
0.030208737333524249,0.14105185087010935
0.020761640796171939,0.074964533902226918
0.013150449821894243,0.0031354148323369481
0.010583973599739935,-0.060322568267967731
0.012599086569954062,-0.11397350852434766
0.019708991903296804,-0.15379892715711549
0.030873655789666415,-0.18025298276927498
0.055019600830457357,-0.1791335042567393
0.085687640319459704,-0.16954157643945794
0.12309066371582486,-0.14501616914467297
0.15796435133935077,-0.11472928441325482
0.1777581782350329,-0.080351431671428983
0.19055271776788468,-0.046328471331435195
0.17950242992341425,-0.025691938400181375
0.15442016038060291,-0.010243386744474291
0.10356052085404326,-0.0073411006961109351
0.048364114892832835,-0.010903322340205003
-0.024456463185565443,-0.018427714997361927
-0.10257447336452864,-0.034744282920087341
-0.16594538451458693,-0.053802661370349357
-0.21278318618175487,-0.067057244502189223
-0.23683000370213333,-0.077075933830919152
-0.23548143157484622,-0.076766613604032183
-0.20787372460859255,-0.069651746941896117
-0.16989281276783116,-0.058058627818443141
-0.10037675873204041,-0.041973784315097344
-0.034731421370932797,-0.018960298750964791
0.021365453351153915,0.004058585651346115
0.066346013518549088,0.020736125882118945
0.076485893900716737,0.04201438817473948
0.067875793860427538,0.060482597679002166
0.028252047572362347,0.067092910243891163
-0.031703725891419489,0.078719730849892977
-0.10117158938212105,0.082612967409852994
-0.17839356349203836,0.079930474852109593
-0.24480655632145054,0.080343630209744415
-0.29073536429959607,0.071916492120020145
-0.30686891487747092,0.060104166616488118
-0.29576004025243774,0.047632250794390506
-0.24074824532345779,0.029298011839089883
-0.17011376077464316,0.0058399839427709628
-0.081772296205334244,-0.014251348664754249
0.02797196046604189,-0.028486731305561151
0.11322386677919209,-0.034528858558226419
0.18521912157521689,-0.038146350358964624
0.23441453548160446,-0.029571842887166053
0.24586575021162768,-0.01329020467376343
0.21787968274567104,0.015277676864896967
0.17046039213181644,0.055002011455110494
0.098220353132107779,0.08881441242242262
0.016088381301405941,0.1297399072238361
-0.056658367146391934,0.16316053022634525
-0.12002116888205806,0.18779345533474792
-0.16213229044655877,0.19937607288230133
-0.16519879680347335,0.19491533068425862
-0.141153769154584,0.17713665092518291
-0.093900281035383892,0.14622001266556381
-0.023627160972782182,0.10156056177920952
0.058588759141927842,0.053843866011132731
0.13786095840441698,0.0086083575812215402
0.20374474278100449,-0.039232892594213933
0.24921756922640026,-0.076090958393605704
0.26708137325653575,-0.09665831099043333
0.26246876035908284,-0.1107789203233199
0.23567979064482436,-0.10378639890630771
0.18784384597433273,-0.090341239189277625
0.12983783277120889,-0.067463736725295195
0.071250827797134694,-0.040371946160282134
0.014112804664777023,-0.025365919463808582
-0.031414466600144075,-0.014792937566582683
-0.056000806205804381,-0.0021055241766049209
-0.068981706022668454,-0.01571032345904479
-0.068317379493543287,-0.02016682990086845
-0.048782623517188484,-0.038388937294987206
-0.021226171483424157,-0.052152068876596326
-0.0033188050908786113,-0.070336418627094624
0.018122292375994737,-0.076847259018494402
0.034315876095508839,-0.072949903581274525
0.027566866832226755,-0.051962556790005762
0.02146418495731954,-0.024932571262878161
0.006818112113063231,0.012007152783717494
-0.015955543028944086,0.052120471976923571
-0.03647341469880188,0.087972580842462095
-0.044482587550310093,0.11276272198574533
-0.053598974383929403,0.12797450069999283
-0.043918698386807016,0.1311889684980263
-0.019374456203118222,0.11485773127649301
0.017745966629023509,0.083720251562953818
0.063873118772658125,0.039897209854748233
0.11458604301359854,-0.0041714316604054688
0.16779178984323009,-0.050713223286731161
0.21560597293110123,-0.092411995303050012
0.25235730978954218,-0.11714823387375123
0.2679972858897296,-0.13786625230425115
0.27070914621092701,-0.12974004942709955
0.25252642675461495,-0.11143419214276744
0.21837641048386416,-0.068920003632639379
0.17828098851787511,-0.020272582944043216
0.13234539281443819,0.039056913758212491
0.094064827445950974,0.095827008476300421
0.063101916375812112,0.15300243619468026
0.050609491051427542,0.20032113666577711
0.049096522950089712,0.23283713577386991
0.06873292991536574,0.26223485645536065
0.092515670969917557,0.2666489316371764
0.12957582680861482,0.26748482954427499
0.16312416691321355,0.25109533320168281
0.19641233791856816,0.21850028443317709
0.21489754551000126,0.18600391689531398
0.22184430876014583,0.14337259206556432
0.20308160240857465,0.1013722662951128
0.17947646889750737,0.057859701305051192
0.12419725226572773,0.014333173477785149
0.077017370199993301,-0.03175304657791473
0.018988862796972931,-0.066986040839563901
-0.035570999851721324,-0.098422756526593463
-0.079413528970476807,-0.12886572296878746
-0.10073502372241834,-0.14559029610816959
-0.11076929214461192,-0.1505979260805142
-0.10016264516710219,-0.15295548449680701
-0.074533388983225785,-0.14777374483668962
-0.041749607934157315,-0.13021273120441645
0.0019440298624080338,-0.1180083866851636
0.047188104275069302,-0.10407350133668487
0.079680495242943086,-0.089139321196531326
0.10930878885042546,-0.096871984918084866
0.12617788655455869,-0.10236293420040228
0.12373389183590656,-0.12355353024160823
0.12016512598577123,-0.14781534820944423
0.10566484402472824,-0.17585289739688897
0.068480352721601551,-0.2049056436078914
0.035656397843117936,-0.22453525522478221
-0.0022256197567572349,-0.2373237773811317
-0.043437305574621034,-0.22576122740049537
-0.082923819114351122,-0.20986765316275832
-0.11685843158992422,-0.17120928302602778
-0.15074027102523319,-0.12400787691652224
-0.16620167502092029,-0.064977836293011168
-0.18369735323964134,-0.0084921625313925907
-0.18149572433511962,0.046796215868779835
-0.16770366709150553,0.089019922464450313
-0.14777937112789363,0.11747281920324425
-0.12248006145913624,0.12851260715975382
-0.081190670604821741,0.12219046066281693
-0.037132541392474419,0.093007978618799447
0.001829725044231666,0.05363250163442778
0.056798764874834401,0.01146006941065243
0.095027580954184093,-0.040789085139224385
0.12592552814280872,-0.067127327658753386
0.15348929065662156,-0.10924712198875816
0.16101767229360264,-0.11559353396621871
0.16162403999232633,-0.11604057990277845
0.15020504062531947,-0.10102258827058475
0.12543352814429681,-0.073499398819791825
0.086430494644181011,-0.042546423767493249
0.049533150246543249,0.0029780317500182818
0.004253168578520791,0.040151031207097468
-0.0386880797943632,0.075058717416978532
-0.079083407859071045,0.10333283879893623
-0.11367523308635387,0.13070254133471312
-0.14070909389764918,0.14117347233439059
-0.15410521156529913,0.15258482753112756
-0.16360090133269325,0.15189000016180551
-0.16282601462163332,0.15557452076318545
-0.15058913259019985,0.15630378067327247
-0.12790849245461336,0.15798212327293332
-0.097633994112437575,0.16558323382005141
-0.066748800250071003,0.17535075819587814
-0.024842044182479324,0.18299096778525673
0.0020942310750482109,0.1940806929321641
0.039837888951013561,0.20189556205091627
0.070691898068780165,0.19833462045217595
0.099156812511487336,0.19530795643369195
0.1046685292337439,0.17651001454713156
0.11469696870187593,0.15496138499056611
0.10323321431438005,0.12761197147650843
0.093854837111907702,0.093651006612070958
0.070920563116156438,0.056509345739486044
0.047138563988105654,0.020073348334390083
0.022788109801391433,-0.013108858672832603
-0.0027517349154178895,-0.032724245677546303
-0.013475141064232843,-0.049086999260671456
-0.02303589805976243,-0.053289672558727651
-0.018115835292260497,-0.043554531464740927
0.0036925118569686591,-0.032175699605202245
0.020391678523161975,-0.011296717910483742
0.050349387739402153,0.008852647379372908
0.080500719821186284,0.023488943631875345
0.099878184427691211,0.040357671952556011
0.12150681217171962,0.038100995772414652
0.13366780977026338,0.02890357494832875
0.13001354011460761,0.0080417958184312594
0.11873549665308301,-0.01313800386749556
0.094529427651302955,-0.041127900534582297
0.068870839272964168,-0.079932659622755795
0.040494765553426779,-0.11083345521465249
0.029611701882529061,-0.13445878018839091
0.014528568634648874,-0.15000099057582833
0.025543646675385029,-0.15506897602482478
0.041168295338391642,-0.1561150166059678
0.065582249517507324,-0.14036152342307326
0.10065361038487484,-0.12225822700202491
0.12874943922280818,-0.10028412784534171
0.14971018446442555,-0.074339799428873685
0.16506605579265851,-0.044521386203046187
0.17229435772468193,-0.031585118717173288
0.15547504562256861,-0.013987159017982049
0.13184324784352086,-0.0091840557811525211
0.088202370646320694,-0.0098418717600219363
0.052254082436359851,-0.013956196571064096
0.0055887475105043305,-0.023771876918541719
-0.029894197819338823,-0.036405306003193104
-0.046961536323128279,-0.044404635096769229
-0.045670731490112478,-0.044877787425770276
-0.028703504804176494,-0.051538057823074086
0.012217913252234869,-0.040990883765804537
0.061468403556726572,-0.0349919341062477
0.12123811861373839,-0.0069242744475016835
0.17585419852180109,0.017011081878715945
0.22136265469003627,0.02875076330719286
0.25595705764391935,0.050517833801784498
0.25586290370193188,0.076849090056374164
0.23817854167529692,0.095412047009207274
0.18840396283849181,0.10257357639820565
0.11384442229569153,0.11447276208983349
0.041620693775617272,0.12416130945281266
-0.047266547385068601,0.12555924585604786
-0.12461155098703809,0.11545446291341332
-0.18713538202309485,0.11496726080938349
-0.23373170483423752,0.11317667138935671
-0.25661874996749356,0.10549033731946113
-0.25352150714627708,0.10651928471020707
-0.23550089700233948,0.095909709282235814
-0.19369070964922402,0.091571313169256582
-0.14840562969883875,0.084042208641824837
-0.095874096934393208,0.062459700488984547
-0.046470315254363424,0.030832509077055328
-0.0066427625912246716,0.0027982683071916311
0.022843245696590086,-0.04351710979105923
0.044418763132519225,-0.086263506076642738
0.048740509798220519,-0.12633400915926596
0.043809950916674563,-0.17269663593850396
0.032130558746278001,-0.20345404286097557
0.0082339065795252828,-0.22630986352576865
-0.02079758922038339,-0.23245219138789153
-0.046953756150223916,-0.22651091146104688
-0.071560759378370115,-0.20311121255646825
-0.098129385164815758,-0.15681983681676925
-0.10929177530897656,-0.10444954765734918
-0.12973472566137703,-0.043069756934291534
-0.12966616520293997,0.017423149972341147
-0.11579411408069186,0.074843422893344946
-0.09742789855861933,0.12534834278308585
-0.065351884113703587,0.15646162310389714
-0.020677894678117446,0.17765754123266039
0.036292956986192365,0.17611801581422531
0.098328113560743016,0.16618109467374514
0.15776967971841865,0.13074941184717151
0.22067199321796868,0.094750154896959524
0.26065383921024654,0.050634254321088847
0.28535709709625917,0.0052601932099498325
0.29506550745277771,-0.034004862957382781
0.27982774879196143,-0.059552927702275028
0.24324164626843159,-0.081702587837815838
0.17543021661658897,-0.094590619613517932
0.102587021103049,-0.097005541458319661
0.029076745866019812,-0.087109154333905064
-0.04450093092930562,-0.072552879806263085
-0.10803720542361032,-0.056800496580627705
-0.15398244162253927,-0.036483778065475286
-0.17633315419563939,-0.011763837542124695
-0.1718235390441856,0.0090269316121461274
-0.13921770698297581,0.02662355191395881
-0.096559211600116199,0.039510180334130333
-0.03418768095690243,0.054535000037249148
0.027780095113956141,0.065640748843086003
0.082646505491109218,0.077752116595035822
0.14187231796272221,0.087214159795416385
0.18166629669611126,0.098148112511937488
0.19904352270127779,0.10462159278630363
0.20784184496077659,0.10965263310553292
0.20129881161534346,0.11473372076948772
0.17965973551601397,0.10658250638758605
0.16161281248204079,0.11019057732240949
0.13314952279327297,0.10378244310850851
0.1146173937983842,0.10043342426256768
0.097614879844011571,0.098985907753112279
0.083442677060731704,0.096320243390110485
0.083091055001573474,0.089391444479717752
0.086657731383524478,0.084899695613052939
0.080686449148079722,0.081183285727560867
0.086898548687340121,0.078194506746323167
0.080678017701762667,0.068021936049733653
0.062800280363994904,0.052774105715572089
0.031938011191876031,0.043050414259320234
3.2219578511823513e-05,0.020536119317712719
-0.03779153070169905,0.0060111460548923626
-0.072130381504446214,-0.024920348368263488
-0.11195036522333605,-0.049344416089571345
-0.1502844790455892,-0.071899429073972829
-0.17538332276483173,-0.088005195181871693
-0.18711280356132562,-0.10956531449832548
-0.18792450761854448,-0.12355563750484916
-0.1833813995977619,-0.1362471253279734
-0.16490666382658969,-0.1453773427266099
-0.1349099549769866,-0.1441017668704121
-0.10975366945993963,-0.13960201256852053
-0.088718166312479002,-0.12975800653769606
-0.077586165198293269,-0.11881411828171594
-0.078208727946771639,-0.10513536920477194
-0.093320211023608393,-0.082294153858340852
-0.11908968658405826,-0.055372558791713718
-0.15218568754643189,-0.034672539881251879
-0.1925681149860376,-0.014280189312602973
-0.22725883856810641,0.0048648578587323632
-0.25849698944170513,0.018925221391324569
-0.27266439418217037,0.036924771320320619
-0.27803505507702481,0.047237957743429614
-0.26231629679814539,0.049103318890418489
-0.2280467863896323,0.046738252564593914
-0.18822393487670033,0.03624465386911585
-0.12999919020486211,0.030196030921713489
-0.068978897629844271,0.019676786524266569
-0.012272243439713037,0.0010074151897259765
0.035333514759667214,-0.0053291840415391869
0.071409410152215191,-0.010807861100640668
0.088666840703084643,-0.016619191575334438
0.082414368904113244,-0.0078657680523681259
0.060301670396920547,-0.0081595942899373546
0.03496736374834751,0.0099979263794818061
-7.8101978518905352e-05,0.025797429993690016
-0.033356639146418982,0.039208023275176584
-0.062223580987018433,0.054056736873625721
-0.081901231893731608,0.069193471895720435
-0.089538191847545773,0.080140609340081534
-0.073765109572199575,0.093822389273562026
-0.055918129681007338,0.0946350103144879
-0.025644298459952905,0.092945907550913753
0.012841149208009038,0.09728820939894342
0.04383935519819368,0.087630168677744202
0.080216496276884902,0.078456647242926933
0.098902943598823248,0.064692757035130249
0.10280267030643989,0.060376348403836912
0.1031489442538675,0.048979430147238906
0.087666251335863421,0.039406466586169628
0.065612161839736935,0.033855872324945586
0.038146086521141466,0.020993932653724724
0.006784097630015193,0.015621370753454586
-0.017396327444825208,-0.0016057969733545476
-0.02650454975488313,-0.014841456340612402
-0.03211460680269488,-0.036707235641154447
-0.023706513055479911,-0.056635859624169761
-0.002865304632845957,-0.079818589606295523
0.02324657059924478,-0.097680617173398473
0.042787470915146592,-0.11634754269586274
0.067111346383162837,-0.13721275998479901
0.078605353471380354,-0.14481268311650058
0.08330513300428756,-0.15320379959247687
0.066005494921507202,-0.15339026320418023
0.045073021963328581,-0.14221761621541201
0.020500453302346511,-0.13565645489434927
-0.021313658918250732,-0.13291543536579625
-0.054697037874914041,-0.12611018992155626
-0.087259272581404118,-0.12565301988638167
-0.097809529027636913,-0.12478742315218344
-0.10833952577668121,-0.13152330275375976
-0.095674338604845546,-0.14364185864791118
-0.081081140865594037,-0.16797733184061678
-0.048068015579943051,-0.18390323036751616
-0.018753839401089538,-0.20173338297059032
0.0044124496884374543,-0.21315439672410513
0.03176890138161987,-0.22921553941232437
0.041062751465758413,-0.23323845127111298
0.043189834167701925,-0.22761768671149046
0.037718591943301988,-0.21464223200883886
0.0046115824830757646,-0.19376027737354165
-0.038227386309504494,-0.16047118809711944
-0.081827545485914255,-0.12455971819613845
-0.13299045011617455,-0.08306468061299048
-0.18354391294944039,-0.034452493789914961
-0.22876277816302357,0.011498546233590883
-0.26743250406372671,0.062591646670731804
-0.29516756957053675,0.11674728529269085
-0.31224682993285724,0.1567205919420612
-0.31112801111506283,0.19621779276655471
-0.29608819855113189,0.22985511199265513
-0.27084234235542737,0.25371351837169609
-0.23294003168236016,0.25759916570535424
-0.18256135946184446,0.24348477666024357
-0.1272606831034363,0.21292071365484436
-0.073762842664568257,0.16953808414648305
-0.02576017018081201,0.11585916896513766
0.021156741834761267,0.048694589066346536
0.058499648382839387,-0.018116610455283743
0.088139021219079794,-0.077652552129323094
0.10833527096770085,-0.13455562427528778
0.12915920688325191,-0.17502404464677218
0.12701413042410203,-0.19018881938848373
0.11972465123687703,-0.18396867384659377
0.1022898108114251,-0.16112086218496124
0.072003330291558837,-0.11445523448058181
0.041463641384674635,-0.059106577642339821
0.00044716001602358897,0.00035017640342666252
-0.04173640779982752,0.063173736135501257
-0.089015082866209808,0.11572138835675397
-0.13416245437546964,0.14997391873072541
-0.17574603397684638,0.17990594220788161
-0.21948470220063621,0.17882189542632693
-0.23775242334924546,0.1737924937414326
-0.25920174347293135,0.14961938496849012
-0.26326429883237806,0.1134378599265819
-0.25056697343959911,0.066582772882102306
-0.22612178796923077,0.021947604717396114
-0.1771093478607452,-0.026652869361817409
-0.11672050503133956,-0.066019314678071664
-0.051931297300424922,-0.097820385059887702
0.030745944246607121,-0.11532083864873474
0.099703486625775509,-0.11998673367915791
0.16482198452302219,-0.11660887180188197
0.21967440628433502,-0.10179355272536895
0.25988659364501054,-0.082789630227983121
0.27660148423039121,-0.048700603689513081
0.27174068247242517,-0.0070989863699943102
0.25621782296212159,0.025877390610416991
0.22512082749727158,0.069751387895896522
0.17166354920221788,0.11742678126423675
0.1085528468836516,0.14989721810978687
0.050050977988918777,0.18092654449908857
-0.0089292649621044561,0.20598327194839874
-0.053364718919535349,0.21057946561081256
-0.096881822217826055,0.21079835422640542
-0.11598652415725576,0.18808706906845141
-0.1166323887420878,0.16181250604620875
-0.10783842186782605,0.12989217033420294
-0.087879968990818513,0.086800155550291372
-0.054867090787849605,0.049944131493990289
-0.02557365384534787,0.0052140871591217783
0.0037678181874751301,-0.032328249524999603
0.030301873882650127,-0.050598618018921952
0.042578636105421695,-0.070609841967443895
0.045694872116051694,-0.074565233878098935
0.039544112319224153,-0.069122959540285564
0.028047766625030189,-0.054941244304811697
0.0090383345602807266,-0.039067505247574297
-0.010607768586981233,-0.011250269341529343
-0.035783578213747544,0.0076491080956527183
-0.063704400490579988,0.032686388901669881
-0.084285822010483444,0.051503434867812788
-0.10323388485508608,0.070132815319802852
-0.12761172075214938,0.081658120960365954
-0.15549663802328861,0.082924747536690185
-0.16978184150642206,0.07738720265563323
-0.18889844951470366,0.067887636931723921
-0.20958058785708408,0.055731572814675216
-0.23781364683036285,0.042929382488078045
-0.26229217548049777,0.011852808233264046
-0.28065189896919596,-0.014148667449909839
-0.28938641812124882,-0.040764049387805243
-0.29810450257132665,-0.058088680635858016
-0.29459335978750006,-0.078028514304994412
-0.27221887848758364,-0.078717017601537501
-0.23105888043942857,-0.071781580142844317
-0.18646590320174111,-0.06144867408008798
-0.12997242518892438,-0.040228067107406722
-0.060628979574032467,-0.0032682322057482815
0.0055313468068938698,0.034229024841266366
0.064704983685842141,0.070399707100142789
0.11907365612609602,0.11240452875414489
0.15270469622695013,0.15086384877622949
0.17694147524435161,0.17872282191351607
0.17780171300716516,0.19576032105266852
0.16418000588125015,0.20036043408679599
0.13070917544924715,0.2070553212044226
0.088071052426901358,0.18456908593191512
0.046672532842946361,0.1531765945048493
0.0036495773967168063,0.11595538365381498
-0.033836033092667819,0.07276732455723825
-0.057300608631525453,0.03566486757229536
-0.060224016543287552,-0.0077471380672959602
-0.045826091531784283,-0.050740608922155449
-0.015616121539485774,-0.089886131562957938
0.030317782666062554,-0.1155820087253539
0.075961127303269607,-0.14171745146098333
0.11541705147763219,-0.15729504806825642
0.14620763613467003,-0.16775948967199361
0.1684774544490627,-0.16632908890157141
0.1618432666374236,-0.1605239526338629
0.14109860575393784,-0.152811736136507
0.10072131082085665,-0.13221364759570439
0.059586474335264754,-0.10458712501939119
0.003668023601837103,-0.067330516843982779
-0.057340153983151516,-0.040277977054194614
-0.092057680470173417,0.0028201517497796124
-0.12810354388095505,0.034791691516765276
-0.15532792473736703,0.058695218981698362
-0.15209335802513124,0.085678459697774781
-0.13583806239045032,0.097905405775736754
-0.10478856861122426,0.10962295790386671
-0.070000528494401304,0.11525413850929875
-0.033781946444833809,0.11597135414507249
-0.0057626662267310936,0.11150127973488927
0.018833894935657965,0.093317757837593912
0.027933163029675585,0.090955909369149726
0.025005266179044007,0.075400074082820998
0.014732760878230545,0.066304001794909223
-0.0024099465541525394,0.048338074943645275
-0.012942171914608334,0.036073911292425799
-0.029175027296915179,0.021276453081511749
-0.032797075067149767,-0.00015008446444309941
-0.029487265066413013,-0.01178211069800256
-0.012647991864727951,-0.032565278004022237
0.011253468953253569,-0.05647626769151777
0.040500256743429948,-0.076998618124740167
0.08268279345575931,-0.089614040144911325
0.12000370334627722,-0.10425741337710277
0.15507676150028837,-0.10633734425355858
0.19328498256264931,-0.097050861164187416
0.21537178404336493,-0.079352015062824952
0.22967014873222688,-0.058292839625161082
0.23754152272655313,-0.027202703483770619
0.23138310826320169,0.013695217340709918
0.22400983701590968,0.053472153661952848
0.2084683174009232,0.097218041358302656
0.19147087034775401,0.13774184811911622
0.17244953273037936,0.16583239298237773
0.15479522915188898,0.18687284007141874
0.14439897625446016,0.19271194829165636
0.13190725906607761,0.1998021317065922
0.12558527628945126,0.17586481106175778
0.12049759102253668,0.16461007786219761
0.12788519672928025,0.13076622997325632
0.13097465576354159,0.10673428991206077
0.13617901108309025,0.070392501518213219
0.15230180825411055,0.042452840696191672
0.16496989792053257,0.023772798847755652
0.17545683724024713,0.0068622815537048246
0.18744323705199062,0.0016213966356030448
0.19596056587284305,0.0055108390526948884
0.20193212611895817,0.015688002933713099
0.19643662649019067,0.025420937036791321
0.18525812444271886,0.04534433825803847
0.17030201780848439,0.06160104472596737
0.14393708604252528,0.074453148266992994
0.11587608108322979,0.08393655305258535
0.088735380291477484,0.093260456343707263
0.055099068978914555,0.10158700198880317
0.01853890557948934,0.10644841261720135
-0.010241614098922559,0.12615330023205407
-0.038264336790566823,0.14182343068955822
-0.059006457223768759,0.16612258532593388
-0.06442809248051988,0.19833123278902634
-0.070455799884458589,0.23525487851969418
-0.058715624205454904,0.27845068007569218
-0.03998864654416541,0.31270364403706652
-0.0082050089704111696,0.33570032387866022
0.017704591036400597,0.35779279170350536
0.048461153206913847,0.35359372148112689
0.093480917032260968,0.33635954618161379
0.12184686345276965,0.28959533026691575
0.1528267569441103,0.23858100705102428
0.17405724101610653,0.16586672045570999
0.18534141474704527,0.086814361497030174
0.19653470585187136,0.0060624008278119196
0.19554967910521651,-0.071595565187736812
0.19873969068363798,-0.1250011056155686
0.18451856947029421,-0.16477812321397195
0.17383249666896747,-0.18017336549576193
0.15997793996220669,-0.16795351285900106
0.13151355825528499,-0.13503516761518905
0.11204120061152761,-0.089249957981910114
0.086023274643721573,-0.027546372177387441
0.068911393369941662,0.033388171023731532
0.045297276241300401,0.07558082976148818
0.021675111533600661,0.12232658490994208
-0.010345095479721273,0.14373534599286139
-0.026381552459003511,0.14748130459445222
-0.052279403728706132,0.13343091129245288
-0.071730472321305694,0.1062397622201418
-0.084843348542792019,0.081251943285826703
-0.095210604095503332,0.053282009603189115
-0.089782394304481358,0.035370206585437491
-0.077344256219247384,0.029669989559244152
-0.061396294425103921,0.040608387866457513
-0.035565393390713698,0.06789994153852609
-0.010608193949360094,0.11210901909707302
0.021066690168525967,0.15035945475554982
0.050014552225461154,0.1972926966938027
0.067641409035854583,0.22821862292436171
0.089943615367999274,0.25188433994733861
0.090610562201158359,0.24996285978965233
0.082337203208505599,0.22593836020779468
0.067618280149901441,0.18329674330481494
0.048521444755240381,0.11924580301942178
0.023448872037392203,0.04446325404918762
0.005906709479019257,-0.031324979428189986
-0.0065006618774424898,-0.11459756845368625
-0.0070002080650677801,-0.17858235302970127
-0.0025090080296403684,-0.22692036891236983
0.029611199617927124,-0.26172913853090718
0.064173627990166751,-0.27430902132826102
0.10468094409215045,-0.27141317601496812
0.15133977492574496,-0.2538298863321819
0.20191999595797699,-0.21879454253331632
0.24702191975758431,-0.18043413710881354
0.27524142060174722,-0.13470376376493434
0.30062221501328545,-0.093680212976121086
0.30162915013802538,-0.049073131642493904
0.28458915261819567,-0.01377408168563304
0.25627638810884396,0.011957570183353607
0.2116622910049179,0.041477160212836151
0.15598939030703216,0.059619374506130453
0.093814071814805014,0.06288030225275193
0.037375569838652152,0.066723457503692574
-0.024214416631726146,0.064242328053185582
-0.083983519107422966,0.05605407024215827
-0.13627330734284082,0.04865216960244028
-0.18141526712003331,0.034967409367079101
-0.20262370290354223,0.028345166183708023
-0.22033214092586073,0.010300443148476664
-0.22197055191476392,-0.0040625131646475137
-0.20775964369937858,-0.016794196168434899
-0.17429190731194116,-0.025245572828348106
-0.12067047449046199,-0.032513640152985843
-0.065906856013648416,-0.045507478575910996
0.0043128965922386419,-0.046754294837807596
0.082384226513117303,-0.054727706687102404
0.15064710982102969,-0.056022017236445884
0.21334922598059189,-0.056835857855256758
0.25174830700030382,-0.0471408539952081
0.28298401357881942,-0.040999716717185004
0.29610345034362973,-0.028469028805183632
0.2728302736790536,-0.022003249577458292
0.24550605576857282,-0.013925483116874759
0.20061950845347903,-0.014944540375623573
0.16055715031260989,-0.012320824115356024
0.11781916602091265,-0.017680161741603622
0.078180372447931912,-0.034312616829469046
0.054794003622460882,-0.050584710218479038
0.051664156933963978,-0.068569408655003453
0.06847510266642462,-0.084995819377378809
0.095432224927395809,-0.10493704816055568
0.13864129628835792,-0.12161618925144393
0.18420478404108931,-0.13238487031315313
0.22394063470931946,-0.13476096887029695
0.25456283104402028,-0.13296957973369497
0.27068518195260921,-0.11920602821217977
0.26343966230489096,-0.098557920520306042
0.23414433971192533,-0.071335053515347052
0.19040313599201872,-0.037990926539320936
0.12329136582265508,0.0025707023224710744
0.05067483030036813,0.031911851313892708
-0.033699985372674747,0.068455351612667747
-0.10260054952980831,0.10442077516010005
-0.17033182936555458,0.12836526297948625
-0.21589622632978447,0.14857800014739456
-0.24946520194395994,0.16800133299210748
-0.26268963458280103,0.17496480745380688
-0.27139536422072463,0.16446936450629035
-0.26574231819215088,0.15389194786931915
-0.25238395009607767,0.12698462685339193
-0.2384606993070931,0.09249789812164981
-0.21745111363154981,0.032634712907246947
-0.19659284454887002,-0.027250798110236351
-0.17731831679498772,-0.092499802725702726
-0.15437341356548698,-0.16045627427420633
-0.14023920962271794,-0.22119923168776282
-0.12391548153452926,-0.27814939729861754
-0.10744296485509403,-0.3101667421622778
-0.095847419280437898,-0.32657928320151097
-0.087455992676160249,-0.31631073731334658
-0.080597879206575365,-0.28612714379860515
-0.077448556011244479,-0.22889954815197583
-0.080491216760426934,-0.16130332369483749
-0.076886540494257749,-0.080959115578993379
-0.082881033984536556,-0.00048777130165522046
-0.085470019468858516,0.0643823120764873
-0.085196274317628662,0.11953141778068392
-0.087657142565832832,0.14532435207378366
-0.087214854804350095,0.14281732889831214
-0.090069433523197545,0.11955787699586895
-0.087401224424670243,0.066216904996726153
-0.080654615537566393,0.0059929299106919439
-0.073936975823361908,-0.064933154353945088
-0.072332501828285309,-0.14366870037005344
-0.071016433759076375,-0.21545946722915379
-0.072080052927815053,-0.27320848974385292
-0.075638184355054566,-0.30571702064692291
-0.091527175539264483,-0.32763892911584674
-0.10119371742058524,-0.33038802458037103
-0.1256544735344727,-0.31204400313944586
-0.14725406118032836,-0.27538090920814146
-0.16433364827022531,-0.22415900644834794
-0.18420056893040268,-0.1647422927503045
-0.19127646647666072,-0.10531268987406033
-0.20232098299391754,-0.039543519433929017
-0.20728479288466825,0.017201386070869438
-0.19811000629730147,0.079248754735723917
-0.19079064888198077,0.12555671630762175
-0.18309952883199992,0.15539053573499123
-0.16802291107747719,0.17756805153675922
-0.15648211120505076,0.17136841856797091
-0.14525029818689786,0.14175909985124882
-0.13882809619601125,0.091546672640632251
-0.12329997624999102,0.0284546031924107
-0.10494084781486494,-0.043449054776192812
-0.092523063258702798,-0.13098924432481074
-0.072627453048538279,-0.20077516823919384
-0.056069873390647389,-0.2659160332449968
-0.038062492038670591,-0.29504878129610829
-0.021857706361238072,-0.30168812040778631
-0.0084626384636037801,-0.27116026481536415
0.0020076994081790651,-0.21316156756881224
0.011782501119591801,-0.11957093340214181
0.021309049348532436,-0.012322494331234318
0.038162574414083904,0.091365734030957352
0.046874505347781786,0.1901361595433238
0.055536634827057375,0.26785143495682451
0.069241033538379848,0.31789715796284895
0.08651223716749909,0.33846654044864083
0.11028363257781727,0.3076939607789092
0.12724103633200914,0.2578397409646051
0.1484026117450267,0.17937094898032266
0.15601630544119768,0.085258465294409946
0.15572936374491364,-0.011242102980969403
0.1320114013487555,-0.090035043553534352
0.11159048536368132,-0.15775407556596868
0.060388758734852888,-0.19332276670468795
-0.0044923791728742092,-0.20601585349989246
-0.077957714900314709,-0.18669942371370896
-0.15183368893186716,-0.14800084693532362
-0.2248029136289135,-0.092359100237685454
-0.27744296276251579,-0.027654863013321592
-0.31193570608766086,0.033251828681687065
-0.32231981843024909,0.088391092692882409
-0.30162258534614145,0.1401313731649555
-0.24516701471697722,0.16908479545859256
-0.18178078042776263,0.18580877790209296
-0.090142121797941968,0.18400137866180352
0.001009873305177501,0.17493182142297464
0.083163975825009173,0.14909767965455448
0.14812446140316021,0.10850746526932226
0.18940112590867117,0.063465382213572882
0.20204818930391771,0.019904811933325574
0.18671610559889174,-0.030424649366820839
0.13958595390043044,-0.071208676931123843
0.081359034690735063,-0.11997081512513509
0.0071831565982517168,-0.15852212140152463
-0.06268957934575678,-0.18737284166221826
-0.11909858290036295,-0.19754030587607624
-0.15829657534612326,-0.1979194780567084
-0.17843774846971394,-0.16949321028042633
-0.1750351815710682,-0.13430488589519587
-0.1458562037455238,-0.072684832670622826
-0.098907561661600488,-0.012174307471361577
-0.046006640999253431,0.057046779733073351
0.004079163837238442,0.1213332458079408
0.055026962412047159,0.17444652245042611
0.091745785989535075,0.21667647845287447
0.1088444466661062,0.22839459723355027
0.1113977345439142,0.23742707719434014
0.093484217853183255,0.21155110595605209
0.062811155212857073,0.17758126669874541
0.02308385829182405,0.13054257543418923
-0.012585874865468664,0.0831164987754371
-0.059889786529305218,0.032158537387142437
-0.085301088380872692,-0.011722132511897056
-0.11680811305487819,-0.047127235085514689
-0.13094858266640969,-0.060568742202551214
-0.13973370457425946,-0.068340447105377108
-0.13389913871129944,-0.062687355522385038
-0.11678251844440989,-0.048808284141568133
-0.092169864773093954,-0.023532477903149732
-0.066229242904403324,-0.0067842675475357711
-0.035170606315134946,0.022059747641258662
-0.0041371385166686214,0.041003313483414031
0.027165263757786412,0.054415254620883556
0.054476777035656419,0.065587281578382325
0.088082278131873998,0.067743881278080481
0.10851508816604503,0.069261853147162988
0.13196349368975258,0.063423546042750509
0.14648678933430165,0.05692690246306599
0.14837965221531466,0.051737245377756168
0.15449341787253545,0.03977457216245317
0.151100837801563,0.026461951348838723
0.13608479469384907,0.0069404201733985517
0.11589332897513169,-0.010191918581615559
0.10035422228768084,-0.037790709795096605
0.080891316428752913,-0.055037752661650431
0.060682841290928699,-0.075180666665304527
0.031438119514792424,-0.088282976430145085
0.022206568213343221,-0.098254350408346
0.0039339785336946539,-0.10954893315645925
0.0082443418888188298,-0.10424241650938341
0.0092098930127881076,-0.10254123344317501
0.022078583637244985,-0.10276403919809035
0.036590093561062527,-0.095265150488688791
0.069866094370592602,-0.10093125751013925
0.094673246172231981,-0.10178717773686297
0.12589704350735512,-0.11095434285098993
0.15915759875943802,-0.11188166390942013
0.18071952132518557,-0.12751468063865268
0.20586531569703548,-0.13886461214069126
0.22918258264505612,-0.14409843036254694
0.2352615423035759,-0.14671261317866352
0.24232612258354178,-0.14102313819875448
0.2391243648284441,-0.13243832911913486
0.23582017472297059,-0.10278300326716265
0.21400663730712916,-0.073933144029950479
0.20251219173705765,-0.045203567141023332
0.16841768071066165,0.0041866750963434531
0.13027749208955106,0.044121541106880956
0.083485696044550486,0.082860453047403901
0.04024458211052262,0.11213581929391961
-0.010132775555122221,0.14601119178084968
-0.053864296656288176,0.15941017038368072
-0.10441688159693771,0.16727199121822175
-0.14476819999917545,0.17522649432093507
-0.17900552885258461,0.16564482414087447
-0.20651583957607708,0.14945840117686207
-0.22958994104877925,0.1216448556870646
-0.24624137998668943,0.097500857418302653
-0.24842918631743649,0.057737717313799113
-0.24301549469926764,0.027170853929089734
-0.23289860439132315,-0.015305106095394552
-0.22020131808255733,-0.050200536416014012
-0.20085874983189375,-0.080987857338557179
-0.17994690085462756,-0.10162715166453884
-0.15779081822642804,-0.11959813154183534
-0.14073097629265569,-0.11869711050888551
-0.11582307162144133,-0.10907263531069072
-0.10166155586278057,-0.0942898912038998
-0.084179295529610718,-0.062877115019422461
-0.076224663510448099,-0.02459973987796962
-0.069834113573518514,0.01765141389589436
-0.067769778049003693,0.05903488852370288
-0.07038650391970637,0.099703152285270616
-0.071600176862805912,0.12833417507084577
-0.083460042099684578,0.1408901242195435
-0.086767489178991616,0.13321796365618249
-0.091587319834174827,0.11747005688872506
-0.10230201017991286,0.083929963676079647
-0.10464006878664009,0.058649648930017499
-0.10293603234242318,0.019074046305803446
-0.095123057122609531,-0.017473880349827241
-0.087122896162216606,-0.045182007191515855
-0.073205966629149896,-0.071304783734028238
-0.04851618779021008,-0.071646920663588132
-0.026864677098246234,-0.077279383897791404
-0.0017906709633464159,-0.059346667778610245
0.030396821504639085,-0.038007511761026395
0.053773186075979099,-0.014105161855293969
0.071128489766127054,0.019334832986790847
0.086185768036981428,0.043909044716016997
0.089350370054600239,0.074181429285161526
0.08314056959860526,0.091070161020517057
0.06345717335167457,0.098035688495604914
0.04194772807182312,0.10297445890074544
0.0016979708805789657,0.088452677837223798
-0.037289712941631574,0.066841639450594806
-0.077535577632415129,0.044584345733913226
-0.10963298092996888,0.0091788713338899243
-0.14074126359231351,-0.018252990971949219
-0.15859779758760711,-0.054120377166622963
-0.17154075519482109,-0.093026707427333211
-0.17933268393887197,-0.11542325201691117
-0.16771918453627324,-0.137977612750357
-0.14603328201830945,-0.14712106778239897
-0.12887961012277563,-0.15243751989088944
-0.11287748566538405,-0.14252923312311525
-0.090582282571419204,-0.11237807329768693
-0.083268520912394423,-0.079162317107813102
-0.074979317521714314,-0.022915547278834648
-0.067787376191430229,0.02756424274595546
-0.058969720373269384,0.092862487583277711
-0.059404628790371915,0.14630548269228402
-0.042237775501969506,0.19935653419388641
-0.023203645376022368,0.23946688738195784
0.0020067320041671499,0.25946365821463158
0.040477458352876465,0.26654470913416367
0.077264944374309558,0.2562254602379852
0.13129076867440009,0.22482535271793286
0.18073638221221955,0.18255113847547152
0.22751783073593534,0.13086719317670215
0.2641419230997194,0.059858778801613687
0.27402080485952424,-0.0085592733737763008
0.27611097318038991,-0.074180652130472674
0.25251599418172499,-0.14267865607064945
0.21933860970720148,-0.20600215457094909
0.16565058726335294,-0.25725857181164957
0.10597164155838368,-0.29255239069027039
0.044789139262940932,-0.31203033125474489
-0.014939873828595534,-0.32280601450958313
-0.060564351233340662,-0.31281442845543539
-0.09494367674450177,-0.29438366812362199
-0.10940362932318659,-0.25993271911842636
-0.097352397795704135,-0.22341912095188032
-0.077097820714360429,-0.17784158462770119
-0.04215027813897438,-0.12950561266147612
0.0014443584961089922,-0.089382576159761029
0.04808978593808852,-0.043446309232534286
0.090186094255893551,-0.010685505940036089
0.12123929041085664,0.01967444159385395
0.13894759946947013,0.035963561942153652
0.13305911263673825,0.031637821775926916
0.12680037101110164,0.025945536306402207
0.11048444154122791,0.0053002302768542717
0.079688357775009197,-0.020725504738367945
0.054402680624274759,-0.042882829601238126
0.027457300822937451,-0.075093272836927114
0.011129644066532971,-0.0891827695970457
-0.0026512766604367653,-0.10270782154934829
-0.0012465751346516125,-0.10471618467308241
0.010372806315297467,-0.093819943338008624
0.024194798777258927,-0.080908673610817064
0.049199608190707948,-0.046263687231855699
0.065173997427130162,-0.013791750272313229
0.083223585237674508,0.031168511238511328
0.09575625149489024,0.060707148989432823
0.097686519915112985,0.096566670525420908
0.091650614034139558,0.1392650231795467
0.06963236777237472,0.1652970830000072
0.051535759148721383,0.18849541799364589
0.027827534728468092,0.20091199536336243
0.0045805277124437984,0.21638729034775075
-0.0095958006781072819,0.22292640392790292
-0.023604943715770037,0.22516185442327843
-0.02659131585159355,0.22863100011336815
-0.027753157969426782,0.22093392039620097
-0.025863815743569885,0.21021885184982067
-0.008387667632029824,0.20156567633750655
0.00029670680886682496,0.17929737426289696
0.01146923054704662,0.15806764599400819
0.012569586775731546,0.12808919418017556
0.011059914373204494,0.10755883002929528
0.0072214555867647365,0.089349172214638201
-0.0052122903330738875,0.068269181034483206
-0.02063300264732592,0.046727750273682547
-0.038640302944103685,0.038646238081541669
-0.049964612739489295,0.035868026570654174
-0.059271415919645597,0.027830504633681551
-0.061581189467315091,0.024540429196115422
-0.053296967460009913,0.027025614941452072
-0.037336574228822715,0.02484269201326348
-0.006720067209498708,0.021837869834857884
0.021501575853639793,0.023289738746749729
0.059320847736718772,0.019878550616509182
0.092221324885199518,0.020053769551349562
0.12296811632278939,0.024262598293501567
0.15428364002363945,0.025273010663197915
0.16470197320878363,0.042783159894500142
0.17087039123869238,0.048354682777512654
0.15814489160356029,0.057960225254147617
0.14261044369440684,0.06678485535934206
0.11007100982922381,0.076303800895048887
0.073751931930291767,0.06740837148170245
0.040447144683656587,0.070861928936006999
0.0019079632199703513,0.057063174381448242
-0.036237516728887254,0.033635234944296821
-0.056927983098022779,-0.0017791539423557589
-0.0826021789491444,-0.031839537014011113
-0.081509933532841472,-0.064856998665170432
-0.093695146462655976,-0.11279146968223228
-0.08498149098333195,-0.15448349350656654
-0.073920170661753964,-0.19521392531599746
-0.063927948993421774,-0.23514970633294005
-0.058892442936481736,-0.27083419878882159
-0.057264611324115276,-0.29034203910681272
-0.05073407141559181,-0.30847520574968734
-0.058847610658470072,-0.32001528057154438
-0.062068957772087839,-0.31574864507591821
-0.069422516021339448,-0.31381496326503583
-0.07257415368920847,-0.2942749587541833
-0.075823087579270948,-0.26425145018340201
-0.076622441525576165,-0.23034840762778028
-0.061599021940806901,-0.18812369789898231
-0.052938552706624405,-0.13580229136450161
-0.034153847318398323,-0.088965930570420348
-0.023655652367898718,-0.034682291341902809
-0.011501556459787341,0.016602814507957094
-0.014833998762092017,0.045893309217829782
-0.016618958492324816,0.077181949899580299
-0.033251239304000361,0.08618081575742062
-0.05822398978869784,0.082949819781369061
-0.082212542895612695,0.062215918496481747
-0.11796316988728915,0.033050222992258911
-0.15251723013701993,-0.0041475302018307821
-0.17015928048989634,-0.045103249382075591
-0.19772167314948833,-0.090157424418129517
-0.20057659964704258,-0.12034903111599385
-0.18915207907601153,-0.14000034409542578
-0.16438067543906973,-0.14560422546526069
-0.12104380368985883,-0.13542961447973234
-0.061057927397863247,-0.11035979941984643
0.00063113646315432134,-0.081503154388881213
0.0682025582300501,-0.048219987344935496
0.13514918439278276,-0.0047518173156574075
0.18713233363582707,0.015273413973181847
0.23870992008404482,0.043809025253662204
0.26093459957512466,0.053113044141606364
0.27693154660609265,0.055081106120499705
0.28152673544053375,0.031477820240098521
0.25789117764040298,0.013193095163352618
0.23410708900125612,-0.020279107547799449
0.19679284288669421,-0.045288283412418022
0.14418864412927992,-0.073926305197280384
0.091054371938374457,-0.085499606255555707
0.043581926619043754,-0.091784752551765145
-0.0070902756848689585,-0.078329914886814414
-0.047800707450000778,-0.051901767115515078
-0.091263284280545032,-0.020108917942263039
-0.11708480994469007,0.017084639261097524
-0.1481719095632526,0.051688037296926642
-0.17212295226387436,0.08121313482236886
-0.18794259614125977,0.10058483410524069
-0.19840673542871487,0.09611537098108909
-0.19537895913803033,0.084917385612816157
-0.19859215509396738,0.059556702806565602
-0.19269486583231368,0.032558066870284168
-0.18318435764633909,-0.0022600991784777896
-0.17165073433134492,-0.037702106919063366
-0.15873824748998006,-0.060022877326359518
-0.14669701943542995,-0.078973363830560431
-0.1362127063309663,-0.068326017216109036
-0.1158887962310229,-0.053208483587695081
-0.10856756983883775,-0.03573213533513718
-0.10629938472562836,-0.011548480665283325
-0.096056556348125141,0.014328067730764751
-0.097166440118526057,0.038920109714235755
-0.087476820215489637,0.043431017856174411
-0.086175755998380565,0.035830165678167061
-0.075598463067235805,0.0065139744854450761
-0.072682677351776692,-0.038953837422401723
-0.06236199185193559,-0.088713595932160272
-0.047223210197911855,-0.14618824757100554
-0.038910422466316624,-0.20455662881496897
-0.020543360974389115,-0.24360002187171603
-0.0088342066598249575,-0.27380977329775841
0.015473991956954539,-0.26404170888562573
0.034168669854096806,-0.23417100928937973
0.055733861259027552,-0.18660386418381988
0.073966599359834698,-0.119081984060962
0.10293723166668359,-0.038380483843872791
0.11677763311382368,0.04384441797454651
0.13099513074084951,0.12483571740366971
0.13788720096151738,0.1945858625048966
0.13900112523264294,0.24800791236115866
0.13287350059331832,0.27264071819206748
0.10871931162559434,0.28023152278480212
0.088492604319303989,0.26072988891225318
0.065301303230977756,0.21903822212900653
0.041154865747356294,0.17161480490268849
0.013309686710391892,0.11058768603601887
-0.002234732266212262,0.047800534852589095
-0.01180549198442263,-0.024733984033629634
-0.018731142041608514,-0.07592124732448241
-0.021745484338779014,-0.12796312362198325
-0.0018866645740219998,-0.16048831675325279
0.01372288424555684,-0.19121787934547241
0.024757084683368506,-0.20662453828268532
0.038015430173342635,-0.20436189095511909
0.045231432115832013,-0.19759144557993219
0.028503535745162824,-0.18182601724910355
0.010331176160429337,-0.1520649960679927
-0.028034487115326821,-0.12494293526545441
-0.061640241429211047,-0.085466062162980541
-0.11423481152332142,-0.051370279157571808
-0.16262599390095139,-0.01708803439072891
-0.19977616937832954,0.010697834521218308
-0.23513309411636843,0.032277799314194527
-0.26182301410451791,0.037616464318038126
-0.2600702029193156,0.042903700683996515
-0.26244499341366356,0.027847667844341801
-0.24036417662495146,0.0035611760679547778
-0.21101476964337701,-0.033989493261398704
-0.16517506432911233,-0.071439243431596494
-0.12342454632020673,-0.11353414310374869
-0.081585623400876911,-0.15607542746481737
-0.044262407368898436,-0.19429616589812665
-0.016677282106981432,-0.22630976979820855
0.00064719641887438228,-0.24778309856585518
0.0063386053143964132,-0.25272536863812506
0.010203295395617956,-0.25371742889945526
0.015496523912457282,-0.2480925807603207
0.013553622989195607,-0.2298704037370973
0.011462562827800978,-0.22140640364263317
0.01075411618635559,-0.2059951385041929
0.022545042322293037,-0.2003890523986834
0.02810381293790442,-0.19816378554462677
0.045903542794428147,-0.20727332889307834
0.06593481644345818,-0.21137346541868446
0.075913987139774569,-0.22401541600687844
0.092618268287737976,-0.22486828959734667
0.099231241169993087,-0.22466809218197195
0.099960493917851889,-0.21546241556359808
0.09434955905367827,-0.21093175375185513
0.079148240483158119,-0.19220751615744036
0.060336169152045961,-0.16263622591963159
0.036416943846280379,-0.13588898595655555
0.016376083155571642,-0.11826565563951952
-0.0026078223487047865,-0.098255791332891668
-0.026720628192181912,-0.094794417120404734
-0.028230500419493737,-0.094869847121392403
-0.036519175923736852,-0.10176772176732844
-0.036695222438392371,-0.12171638987215319
-0.024228218946638382,-0.15572834248603606
-0.015247875309862468,-0.19297814508789651
0.00083294775897865131,-0.22013669841454964
0.007425650305919922,-0.24245525011124583
0.022949572491137389,-0.25128830489375914
0.031010720292706018,-0.24974719254725603
0.038191379202055072,-0.23298792060178039
0.04358823152549661,-0.20227388650278827
0.041818549805236631,-0.16075323143814971
0.036788871050867658,-0.10937752186968913
0.035114001035994137,-0.048045224159973213
0.027661004615306968,0.0072683097825896352
0.018050692126348175,0.060871563080429805
0.0051103474758837312,0.10478113561505993
-0.010834827940698647,0.13838985505747298
-0.025443023781284956,0.15122770706185917
-0.038669144095258991,0.16535334252610259
-0.048822142965922959,0.15977721788301683
-0.0555786331505553,0.14754449547746742
-0.06008955975003976,0.13484093256000107
-0.054660463011163972,0.12712177223901588
-0.048324805610890774,0.12491742032932182
-0.03379690438512422,0.12873223947960213
-0.019489353824925927,0.14637184210271784
0.0047364500094171091,0.17364180145665722
0.020944864623067182,0.20095659378408984
0.041461602116305979,0.2343844900935724
0.04249986774709312,0.25775526871802146
0.057845104067943416,0.27970548686059582
0.056239715599748684,0.28367318646137829
0.042421966370132465,0.28087437494978812
0.020295608552343018,0.26932745999479152
0.0019366715120978217,0.2422371085592509
-0.029782072414977934,0.22054248396031656
-0.055149857064636536,0.19102661381845693
-0.086743965988063276,0.17148350608823357
-0.10657403392754344,0.15815045846560855
-0.12708078573418644,0.14948896446298346
-0.12985318739812618,0.15626332030644385
-0.11645758750970085,0.18247937483639923
-0.10241623976643316,0.20848807023927163
-0.07465582472627573,0.23931926950703025
-0.037717126038654625,0.27650025356142682
-0.0029133401530608248,0.30098063333882952
0.042560386968699057,0.31723560681780338
0.085386308418448936,0.31103571311908129
0.1167660900151424,0.29866306573834134
0.15260098958330315,0.27035860166573289
0.17770039189447839,0.23351586832670959
0.19364145203255403,0.17966451187663918
0.20913063756239192,0.12982863800948877
0.21517530690441664,0.064831474191608784
0.21544782083860115,0.012980755272528736
0.20915451134100788,-0.041702280707775735
0.20441119025244872,-0.083166946061099728
0.189081991708131,-0.12142480035135841
0.1719887464299415,-0.13873253343523631
0.15192527232235065,-0.14424724174232942
0.12521576812014798,-0.1387266970090589
0.10078857214717732,-0.13606281678213325
0.074014512516601058,-0.11411784746855975
0.043513091779026326,-0.089066410362899001
0.017744128344607896,-0.065636205166368325
-0.0091239948836472472,-0.040216274338185802
-0.032916492009656961,-0.019602543991383375
-0.043046911140037884,0.0058473421896250008
-0.063396064832630994,0.022336922095050293
-0.062666643791118484,0.042697022758766238
-0.068413332767540136,0.053974785181551931
-0.063768308335195756,0.063250603368111141
-0.054424610367557864,0.070531256147550875
-0.041992191315523092,0.068554004818825579
-0.025884441606950505,0.054297974204248325
-0.014142869026950533,0.04099039601074133
0.0055611077214985268,0.024886039566600879
0.026087044936256854,-0.0030686866318098685
0.049897148347037158,-0.030536339178667323
0.069617883256525015,-0.055192310336740831
0.088232939556933121,-0.077099107757708826
0.11115088829609832,-0.093954460467071371
0.12852284962174879,-0.1059515154995293
0.14460698910505551,-0.11721232850212038
0.15075761669185067,-0.1119192459855903
0.1614504597925811,-0.11123586805583555
0.16218743579395978,-0.094084315430016704
0.16269000644266998,-0.078859977382557581
0.16416966650962189,-0.064748282333942864
0.14864586034952296,-0.048455311399154842
0.13873549327532189,-0.029768202142560349
0.12364010207096028,-0.0077390714035331697
0.10742716674583266,0.010879743690385957
0.093234124225898912,0.035407751613854462
0.077210687023332863,0.068286170178505703
0.058837593025320475,0.096588617256259529
0.037665145249045844,0.13246999057877781
0.019086538632370122,0.16800230458577112
0.012831151513220843,0.19757263680063786
-0.0036416294678911897,0.22183386228880911
-0.0064606253898901126,0.23751071580729796
-0.0098460587331192801,0.24076295830411992
-0.0056916325246324662,0.23102389234591633
0.0070406954301543249,0.20553334476261115
0.023651806143724835,0.1658664007191657
0.038677280921126218,0.12181601330343106
0.057836757362798863,0.066486695966899836
0.081757232303198257,0.0050407276840706639
0.10131045922917127,-0.042038175895431913
0.11736885880701475,-0.097087515187119486
0.12587540773446618,-0.13341607820035492
0.13762170745174152,-0.15936626273320265
0.14331493029373638,-0.17732206600348957
0.13418955635492857,-0.16912897715326408
0.12251923886981549,-0.149447849764093
0.10633193908022055,-0.12538647886168705
0.08672738448443601,-0.089096002343414457
0.058154094636789985,-0.037756738631082407
0.035493000136979903,0.0090839739793692025
0.0076234915332769352,0.067523650756592279
-0.017597196543867238,0.12103937215528057
-0.045637657464516999,0.17207496614968576
-0.059842901383650442,0.21795935931881386
-0.078689013154684073,0.24708555903250209
-0.090944648993815991,0.26868909227046683
-0.095035438792441737,0.27028445507043575
-0.089159472997901057,0.26253566298669173
-0.082685410002234297,0.23457920216761785
-0.058967427800137619,0.19119311374904047
-0.034004982776177847,0.13072609046883735
-0.0042259700210100243,0.07720476125367598
0.033227155250564987,0.013524708954948186
0.06197621900714962,-0.04639711438809712
0.083534901431674233,-0.099437604400734195
0.11445542831328905,-0.13776484044852241
0.13265350368754664,-0.16553145562782284
0.1481621589457203,-0.17727494835927426
0.15266557883981352,-0.17035853921365426
0.14882717265466572,-0.15128267172140999
0.14531247806619843,-0.11251126713508561
0.13365979898785982,-0.079344494082382588
0.12214979868033017,-0.04177655995409553
0.11184810653274342,-0.010771359197412532
0.10288482162054635,0.024307216572013606
0.098378163385414302,0.038223161853162761
0.08695533299314874,0.042907510560705776
0.090023909942382629,0.031697099619929177
0.090077972373715814,0.0017253994825664983
0.090176226196283835,-0.033372437498513458
0.084555990134784417,-0.072949712033336625
0.094064185783004239,-0.12442283522995212
0.091624138569658078,-0.17289171562531505
0.082105802103220035,-0.22266735603394724
0.070022049761883906,-0.26337258273277686
0.056240074946089687,-0.30166838343012353
0.043230860056802614,-0.3270922427249196
0.026366205087230456,-0.3358057631709731
0.0037404419807098551,-0.34181832309598442
-0.020347804466914823,-0.32498130402791042
-0.048267788982745231,-0.30026453314200185
-0.077674002935214953,-0.27036803345534155
-0.10661688686483391,-0.2196073227075066
-0.13945823572046237,-0.16457837018110646
-0.15741984677385543,-0.10017716995332507
-0.18030866434693699,-0.050010482305601088
-0.18525448297549807,0.01342333163522003
-0.18094744955401704,0.05309602551732432
-0.16411990283700695,0.090530149493920686
-0.13039029437682761,0.10964930978189559
-0.094275510958715086,0.11488619482125154
-0.047156369829178535,0.10632910164065157
0.0074085858454348502,0.085462308463485306
0.067079703061296375,0.053629998682911302
0.11564160277290765,0.02217889629488198
0.17060464018323046,-0.015326702203419335
0.20866272631298896,-0.047075809461628107
0.24217724212671501,-0.081204368305911517
0.24795726108088209,-0.096434021053199259
0.2553531667539542,-0.10679033780296868
0.25220541918079176,-0.11649549945230084
0.22245621818271216,-0.10740627180436181
0.20861754465102308,-0.10552738609810365
0.18627794149401375,-0.091382882583873976
0.16090542342889058,-0.077802416575734654
0.1454149406357986,-0.07322198060205562
0.13299434791588405,-0.068273122607313386
0.12055814422158494,-0.053383708622059406
0.11285747420561339,-0.043173965995468071
0.11843815460924348,-0.038117769454001256
0.1258742371132181,-0.039411221335333119
0.13351702808777549,-0.031459482158108738
0.14449732819230007,-0.029040248756087603
0.14874902342275734,-0.027621930408061133
0.15486286039660713,-0.030810265154916066
0.15556158740179316,-0.025934895151504909
0.16172131043199026,-0.038887226420194036
0.16069024806564794,-0.034525368384949295
0.16488141959656652,-0.032947158187387068
0.16542310219434953,-0.024400427428117957
0.16214754174258686,-0.013646643595124387
0.17727020224774415,-0.00065229684362984926
0.17998731574889124,0.013796185690300108
0.18677927318553153,0.043204238469740759
0.18985280683845593,0.064836071579670945
0.19052109411432738,0.09264162460107879
0.19235004999602198,0.11827959540728128
0.17279756037660804,0.12422896378295691
0.1596770102782947,0.12436064191220055
0.13579363998905933,0.10847308742895879
0.098496143167422279,0.087497593901360041
0.058891753283083319,0.061875127873214378
0.021665421959536982,0.029274640670618957
-0.017903654262600183,-0.005865371741192415
-0.045359154497197081,-0.038686842337954393
-0.072446806201762318,-0.061375561538369323
-0.081441903616780859,-0.073383580818488642
-0.078233319983468552,-0.073557497374093964
-0.058972011730835543,-0.067220631382619439
-0.034804434398131343,-0.046194272798450273
-0.00335833212929996,-0.017857122738380891
0.036399368434389304,0.015181083996794603
0.065613142792216542,0.053749744601261716
0.082063983383099684,0.084811923169526141
0.093245382990239406,0.12236108183248852
0.074289507041462283,0.14832902871814757
0.047521111914751418,0.16435289460859381
0.0015178189022993522,0.17104595115514207
-0.050331666413992476,0.18008087827895952
-0.095711316959358667,0.17096681141666892
-0.13983123361568606,0.15570644062909081
-0.15791477924738401,0.15001041381758556
-0.15072620879519755,0.13133155207268718
-0.1217854084613232,0.11230172049328245
-0.06807092977196573,0.087621935438494197
0.0019483130881036599,0.070283406059099759
0.085500866603295256,0.053341757819976139
0.17463427887362676,0.044516555195545628
0.24981026473383899,0.032303715689220254
0.28559783163460817,0.028478344481681905
0.30506612180767856,0.027209729563423393
0.28261558386609154,0.031150765047248771
0.2251933965434415,0.03736094276074
0.13629892005362279,0.048542435193798777
0.024712459132126361,0.059908433152551253
-0.088374978253346184,0.065145267485038058
-0.19455152911605728,0.076056366385056223
-0.28440283416913792,0.081928874119206727
-0.33151037557948698,0.084362336855565878
-0.33855002224453434,0.080395946196809884
-0.31376184152453512,0.075734141726344767
-0.25289875682485552,0.057668717968826673
-0.17380891043492672,0.050575871825915698
-0.085638066736044974,0.02991664293148515
0.010982439104543495,0.0034925185526202378
0.081747641934515072,-0.019603476080741162
0.12970061089883247,-0.039611357072304461
0.15286625219242689,-0.06654313495248157
0.1274324490581446,-0.093775849402241554
0.086680999154169699,-0.10976922952422861
0.01633626186805141,-0.12782716783852993
-0.061525829896946001,-0.14019635716872583
-0.12825992339335635,-0.14647797795987338
-0.18306070535372712,-0.13952548271836709
-0.21186778407118798,-0.12994543329118996
-0.20589887273285151,-0.12090373132026572
-0.18057924111680787,-0.10659381980255202
-0.11956835707408807,-0.08874389927025586
-0.043888116230155566,-0.073658736911704978
0.044462223369054282,-0.064506010971466271
0.12863880809037595,-0.051042273054640645
0.19582445949676724,-0.045043036001476917
0.23971937841633528,-0.036544911714952971
0.26792157697172986,-0.047259013116663869
0.2580679867348758,-0.062109534128210624
0.23057337207062956,-0.08524250064567826
0.18674913317968433,-0.11433000724886255
0.14215275966143812,-0.13665719555942182
0.079127960151326462,-0.15583185982151135
0.033751955581638605,-0.17531212287733988
-0.0063339348286630803,-0.17842083933926442
-0.037429844508340145,-0.18239059122775098
-0.052091425615498968,-0.16800528343904431
-0.048855911518276278,-0.14150907791182799
-0.037322265258511074,-0.11119575021542061
-0.021850554379155618,-0.075239975005142609
-0.0027408113790452684,-0.041086604153860326
0.012217626812088322,0.00042541991656460786
0.031191936990406816,0.034225994327271685
0.034733222154381856,0.069764597341407469
0.041074976483625326,0.09700068831021133
0.033361069962315769,0.11776782962765985
0.014430323416283582,0.13918671852971276
-0.0077994383221525136,0.14548516823298535
-0.032498850741418624,0.15398454681637624
-0.065164601952715173,0.16223027303108595
-0.10452194257028931,0.17254633484623924
-0.13302460914118988,0.16770310096198832
-0.17392808735321449,0.17240362537194046
-0.20657267568542642,0.17167680999542156
-0.23583549722563751,0.16734761562898026
-0.25415795182294243,0.16181368458130482
-0.27103713194302337,0.15324741367404818
-0.26497435802453745,0.14743853033716367
-0.25107999842996492,0.12798855871989862
-0.2181546560837849,0.10788604585104979
-0.17039072097428873,0.081494875377970774
-0.11052507102030029,0.05528022039027667
-0.03077661253118983,0.028026189255705033
0.044687061406381484,-0.003773011450306279
0.11407651434395517,-0.025235024438899637
0.18878115150653613,-0.059988060902284111
0.24015845426272867,-0.08760096344025399
0.27989813244482731,-0.11168897668541804
0.30781819269369154,-0.14195430462141753
0.31328442429254699,-0.15859815182807374
0.29507745305146793,-0.17220611204468605
0.27128753090039875,-0.18206416948715543
0.24574885156506351,-0.18598217979803591
0.20602323867141126,-0.1755246003442745
0.17388617729740971,-0.15519120722968441
0.14548946349696074,-0.12832963100583097
0.13368094479130016,-0.091041083576404641
0.11676469317252391,-0.044962536858876877
0.11295627042427453,0.0089904576033618035
0.10952365282741168,0.05738087895833436
0.096445978555944514,0.10770418996085272
0.084886482676419697,0.14535550210471671
0.066874690361821573,0.17219519853763224
0.030391772001667497,0.20168215541043302
-0.010267830049884559,0.2036339853603534
-0.061454983472664461,0.2158375290581605
-0.10990950254716617,0.20081767836309292
-0.15566185184241912,0.18920252588329464
-0.19743260610937927,0.17687275813881062
-0.21819835403111923,0.16816695512326668
-0.21225749190108051,0.15203452317732188
-0.19481870154255798,0.13535101570024369
-0.15118993051722496,0.12881124936145497
-0.098119657513339661,0.12184920737410526
-0.048101963831384487,0.11653915470033349
0.0065730809048154988,0.12279325642190901
0.053894261324224008,0.11500764378620085
0.076554059754796983,0.11641218621369315
0.083649859232640622,0.12216962260835015
0.067349412234373962,0.12914822897844894
0.028396668648239323,0.13399207897279819
-0.026794335599064946,0.12946939948414823
-0.089241776695143146,0.12698146269335203
-0.15320877971679589,0.11068887390712835
-0.21566230058137131,0.097407912463388813
-0.2595022242040389,0.071881150917285738
-0.27626435639483399,0.043417696407773064
-0.26814916263229371,0.015231029634897635
-0.24167293575007098,-0.0160828779664531
-0.19289670278762858,-0.045601497199575153
-0.12317674587331635,-0.066529828097470073
-0.047633682353248871,-0.083202945676978737
0.035291414067612319,-0.096528035420764366
0.10628953470681526,-0.0952080064338819
0.16638537327729852,-0.083173572877997939
0.20349979283315536,-0.067842775165537189
0.22735042509388906,-0.033923652498764341
0.21853757105969535,0.0024824442071789644
0.19928385221713787,0.037507440523822023
0.1577999467975523,0.080488856920748156
0.10761711133658859,0.12175777670261693
0.051563833840175974,0.16144237772406142
-0.0081649066286051102,0.20277308577846004
-0.066847490938614543,0.22956598469901673
-0.10646334630947897,0.25821657495292422
-0.15402123400841489,0.27320369303287628
-0.19036638124775668,0.27843105044935668
-0.21498209039460356,0.26577394613655758
-0.23876194279443924,0.24294546527076638
-0.25758989044669656,0.20315468028608177
-0.26253081830287128,0.14347605788783518
-0.2660206469269295,0.078456319387357851
-0.26876901070604137,-0.0024486877105295932
-0.26086577581697562,-0.087410366986148846
-0.23721461805449004,-0.16970012121914374
-0.2173252684048422,-0.24041291670460646
-0.18844842782382576,-0.28589786601237283
-0.15724029554880367,-0.30340477928837029
-0.11755567346943545,-0.28949687695474807
-0.080790220344733696,-0.2455428848458952
-0.04102284837057775,-0.17134029369365414
-0.014354828975264728,-0.07042367627327395
0.019192519918701079,0.030794228790596994
0.038124935202144682,0.14739288315165
0.059181109319235516,0.23959111017389856
0.069410478308695789,0.30568473554041464
0.082923757201039061,0.34321065569298792
0.089253128438240889,0.33992203388236292
0.083370678614884869,0.29140054587370101
0.08482479620133522,0.21058883421431374
0.082709414262776615,0.10593302070965242
0.072096368685245577,-0.011918164267275266
0.061971078091051235,-0.1279275870461353
0.03293122421378894,-0.22153676883092163
0.0079781016382071135,-0.28974120103879147
-0.026409838967092425,-0.327303105604694
-0.061097416821635255,-0.31171200722356296
-0.099165936665605942,-0.27370294704486858
-0.13738240388008,-0.20360858578898722
-0.1675702916627263,-0.11864492036284267
-0.19507164642834421,-0.029611175215361576
-0.20774486763097119,0.045710815258500979
-0.2089213996568933,0.09878246135838524
-0.20170627312536119,0.13003497358639626
-0.17995329165779475,0.12630677223396022
-0.15107579792204309,0.10101440952313956
-0.12081839755959421,0.055662611686054117
-0.087501150624088392,-0.0097742015061952313
-0.057384271180535053,-0.067953249774332522
-0.038246760014186816,-0.11802823539571834
-0.020253380496269381,-0.15226790183717648
-0.013483032827378472,-0.17016715587083486
-0.016632524623977449,-0.16398017950958221
-0.028877202460188961,-0.15033899923694063
-0.047201297289373695,-0.10967208757991878
-0.07425625362148279,-0.064568790681308302
-0.1021526060017862,-0.016355667421488192
-0.13366228922228293,0.016429493156355605
-0.15854795425825424,0.035630437330362662
-0.18256329838185753,0.051595742892549638
-0.19266187183352038,0.035754301035016353
-0.19303509025252888,0.022917177313279892
-0.19130531471253565,-0.0038815094643549009
-0.17424392708302336,-0.028863800949007482
-0.14847597507358276,-0.050406399380100074
-0.10924676161316808,-0.071443008627644494
-0.070418455359622073,-0.088920754987194844
-0.026558376805501029,-0.084240649231982268
0.022219831140580987,-0.072271268162005728
0.068930462836074124,-0.060424475793195022
0.10809309115172763,-0.043383616779908117
0.15017018205054763,-0.021931035454259028
0.18462583524216572,0.0035010753861750184
0.20918270831770203,0.013488271427462881
0.22427709511178151,0.032806858887606177
0.2303631625717838,0.044090020789387903
0.23308092523331622,0.042588734092956701
0.21781959410405372,0.054531155498223183
0.19818734246470956,0.050489021133258163
0.16304174439497587,0.040784944862780538
0.11364572285911594,0.037747945718097156
0.069197503044665182,0.026601140194910177
-0.0030149991791548775,0.021167778510794551
-0.057001885722212146,0.011535259269519461
-0.11581912647258118,0.012858926397613522
-0.17354353715376494,0.0074434854774718655
-0.22004424257779745,0.0098249868506610737
-0.26256756316612101,0.0085785909501958878
-0.28430682676431807,0.024649757462273714
-0.29494287077943837,0.040360054936994336
-0.29149789458206993,0.063045305826836956
-0.26911735135746934,0.090630930393918091
-0.22787606144567199,0.12261256448936476
-0.18645432430019504,0.15945104222102077
-0.13517580366442375,0.19106926614644876
-0.074730394783496051,0.21686671042180528
-0.017024743532296688,0.24815851480725279
0.0412994261704141,0.26018045044216703
0.09093325291291661,0.25954646924843716
0.13496070936753055,0.24442157486114588
0.17412169937935479,0.2180048619073052
0.19321086953353736,0.17621796426041542
0.21752341548247389,0.12740423218900748
0.22363011548156519,0.071281290611959217
0.21677289613624828,0.0080155955717070345
0.20819996161257889,-0.036875340553222759
0.18528982678634295,-0.085157532707900954
0.15787137585024405,-0.11579701631648608
0.12833422684386375,-0.14424135729326767
0.097177557415881285,-0.14558815949098833
0.060828082597706265,-0.14589074946750433
0.040907257376085367,-0.14016636831194126
0.0314001466804473,-0.12647894806088897
0.021904191295586663,-0.11742910122339165
0.029913952186431059,-0.11731113535156527
0.05063537977727782,-0.11635927039348998
0.082827430847176545,-0.12653294268130796
0.11293812596519989,-0.14265034257408035
0.15106485246167875,-0.16122980691262251
0.19573307491139369,-0.17635159360671035
0.21486009414446836,-0.1908731283328757
0.23489681428100007,-0.19266677726443357
0.2245111432396158,-0.17180597144997134
0.20584346942208093,-0.14822522477670588
0.16745942817009804,-0.10464838514673105
0.11238341218432471,-0.052077020473436188
0.048844638141438856,0.0045378697481029467
-0.012727683903298892,0.060722597066185803
-0.069161937831450152,0.10716968780158782
-0.10644461692464298,0.13441399699617909
-0.12626455103882728,0.14188122182702412
-0.11945566217551672,0.14687416013544291
-0.078656731437247426,0.12787854534328275
-0.02640787498990764,0.081125083052170449
0.043675218142135132,0.042989420954820903
0.12085155202071352,-0.0064341180087024103
0.19527930817441716,-0.053898530209760133
0.26231478173211947,-0.083422232103026114
0.31274531325212596,-0.096251045211221811
0.33657015093552634,-0.097199396937521332
0.34742586296326883,-0.074908126103502171
0.33869663940162648,-0.040863464800556845
0.29941113748832993,0.0051234555383426229
0.26029472824317906,0.056657792629145651
0.210455920516149,0.11258445862795169
0.17007876595288482,0.16635651775504132
0.12983130530670864,0.19553337702302026
0.10979306406954842,0.21687732183662012
0.10259217176029847,0.22096358565069693
0.10443187283008272,0.2087114475598135
0.11420828930299598,0.17938822060989557
0.13629426806215553,0.14040991977638048
0.15846105176792027,0.092878518586732323
0.17823385109278209,0.051192680531742481
0.1959523863010896,0.00067988048772829775
0.20761396363957971,-0.043794377485457225
0.21518650852005222,-0.073136553199553783
0.20889441909998957,-0.10215272367475674
0.19318421445713066,-0.11741006507892177
0.17316143189315153,-0.14010722292591651
0.1418351856940917,-0.14693668689082562
0.11898205569330216,-0.15939472679236077
0.088794418039628092,-0.17707164748496007
0.066486890879880148,-0.18486376502230284
0.033610049745493455,-0.19081990738638588
0.010782802091829016,-0.20093212612605099
-0.017995084268512512,-0.20659593820173289
-0.04795656676628559,-0.20387657360891603
-0.079112473166194852,-0.19297791688981167
-0.11084884382105875,-0.17881114797030828
-0.1373662998465017,-0.15076692147632761
-0.17189537843877267,-0.11286660077331277
-0.19063701698117153,-0.078877645615998734
-0.20668842807175061,-0.037995397525654527
-0.22255532015325027,0.0036831675934467577
-0.21784098604509008,0.047317779456842894
-0.21657627191000359,0.081260261722547605
-0.20637157160501049,0.10794474321701722
-0.1823135398057053,0.13231092880809106
-0.15256191313977796,0.14498291218158962
-0.12867735962451354,0.15481180725187157
-0.088140285357952902,0.16633771852803197
-0.056572142069597202,0.16621450076373331
-0.014376738394692898,0.16160967981161045
0.022121089137580215,0.15653354180617043
0.067576310406201906,0.14425382341460202
0.10419952356188403,0.1316936881997961
0.13668682376161226,0.10622831301166397
0.1631659949408211,0.088172427266437578
0.19208521323196207,0.061543194349889987
0.20248251547672766,0.041038441972727088
0.21161121997824792,0.022864597652626408
0.21280057675340522,0.014229292324707665
0.20382993806477182,0.016340332802149034
0.17952991424831741,0.026437361240618313
0.14960626981919234,0.045338681632122652
0.10710577627946152,0.07657836833397702
0.067916901726207971,0.10674863358678006
0.022671927125878899,0.1363929705179458
-0.024376967922488606,0.16656988930655117
-0.050598173227043387,0.17186496891981856
-0.082860785370562684,0.1729103305825572
-0.093630728635681545,0.15250510507876563
-0.1004306172619121,0.12184431091833917
-0.10499281972660168,0.071512432406048793
-0.081591174541364747,0.010018033421178497
-0.059965596291283001,-0.051456965938029765
-0.03836673909715891,-0.11894478020030254
-0.0087521849620891042,-0.18034249013668405
0.013534183969810192,-0.22329648506928651
0.039501563706710749,-0.24623719200902933
0.052436666809141649,-0.23940434172278549
0.059565423503485364,-0.21631957763342671
0.058342154912598303,-0.169061227394258
0.056145094631639358,-0.10994156910154725
0.037779786274723566,-0.030380472747168628
0.028288867536144645,0.040880066276524248
0.018283489599234273,0.11421640145448651
0.0094513475060269657,0.17690321782401022
0.0024011567111251785,0.22267703738413258
0.010150618600901471,0.25415733255695994
0.0096969385539913931,0.26592028046465188
0.026526973912408942,0.26857921095775478
0.036259157511300141,0.2511822485211439
0.058651730097013494,0.22496868780199758
0.082956887872341845,0.19533735311592926
0.098359630240775903,0.1639027159906723
0.11851124990044863,0.13439478743416389
0.13075000451455218,0.10020184295495692
0.13599156166685922,0.064217599173270606
0.14907738333746137,0.038161905233314267
0.16083950318376114,0.0062944218614522512
0.17359754177670303,-0.015270076588323935
0.18621087357407037,-0.030886285015459727
0.19699476769990473,-0.044772429435788672
0.21860342460736862,-0.054264675919814952
0.22868840540997312,-0.064481060230426657
0.25126139228215094,-0.066366410136567439
0.26284352547214784,-0.070945860043289163
0.26958158826527384,-0.069231811924426484
0.2743619592277326,-0.075390145847916909
0.26451879466215278,-0.077024822996740308
0.25255511086714266,-0.087650863114698954
0.24045032083363324,-0.10865965378004257
0.21750166488823353,-0.11779633520816758
0.19338764637483752,-0.13799100553096086
0.16669233570098216,-0.154615730765337
0.13750455458323424,-0.17378674462688365
0.10691886845392737,-0.18210218581241408
0.085786299415776368,-0.17702929599687284
0.059038817456817091,-0.1632050530407082
0.052214514317014307,-0.13346555563224655
0.044349182383730604,-0.091612099288793242
0.032992515101576872,-0.041981656134017234
0.042304411948969042,0.017707037341153722
0.05110877428831339,0.077179003239660676
0.068419717795380933,0.1409918850967358
0.090465887778042584,0.18539095158614899
0.11357529011805177,0.23080086175154979
0.13762650160473247,0.2580773315553917
0.15046672488074611,0.28338404020006369
0.16860501129028224,0.28697219429532789
0.18292683049736855,0.27965530315848675
0.1913478978133494,0.25898280333456297
0.18849295518269449,0.22621731725948102
0.17975228222527109,0.19346013402108772
0.1760726172773108,0.15357847329925867
0.16023128945886589,0.11629364843136658
0.14688583472279265,0.071684579509029844
0.11824641214724392,0.036946039472154142
0.086957272119786558,0.0082521582471414851
0.059345765224041579,-0.012571059519325845
0.018521277155185503,-0.026737392111424587
-0.017629083837366055,-0.032898020630680432
-0.06130585367455204,-0.02550821022310722
-0.10261278329281893,-0.010046488621322111
-0.13423936264951186,0.016664807915616
-0.16719914065048092,0.048873517593485932
-0.17925422539432537,0.080943856106239817
-0.19319732278182375,0.1151926084801364
-0.18599096048448344,0.14674543388026634
-0.17267236744781311,0.16107035403301584
-0.14598388070890927,0.17621356919621484
-0.096996065651398775,0.18338899796214209
-0.053516966417178215,0.16480534891857898
0.0017570218006928654,0.13387225681504641
0.054064779225996347,0.10134178370080002
0.11014618591817034,0.053047042632647291
0.15611262897609163,0.0044810854132000351
0.19502649074095912,-0.038709719042195639
0.23028102855945093,-0.09189507951767216
0.24878548561255984,-0.12742743689177566
0.25779319120227928,-0.16306803038983633
0.2501296214738612,-0.18400745600612606
0.23962768090715308,-0.194827519128006
0.2055624384882494,-0.20193637689129609
0.16734961170803292,-0.1992380126637126
0.1098057091935959,-0.18647749420411297
0.049904283890955477,-0.176240743027191
-0.0095351495062095688,-0.15880271000759882
-0.077806328512087242,-0.14285486064680689
-0.14165513212347799,-0.11803179766839325
-0.19298305484522882,-0.095190718908480715
-0.24476138494968391,-0.067575922045682774
-0.26987822933058658,-0.05296150569502512
-0.27044632999319951,-0.0327659605555818
-0.25591326422408628,-0.016649624425755488
-0.21860643582653236,-0.017156231779061917
-0.15936461030800106,-0.0069665353654735146
-0.083441633407647417,-0.011396693956495705
0.003539772292970516,-0.015393613737366141
0.087584300381501154,-0.02391629905599851
0.17294470676909021,-0.030668565852334111
0.23954583789772821,-0.033400716991641641
0.28939272136689298,-0.040571187778632861
0.30458847274519002,-0.023408392393244867
0.30184560294041374,-0.0165530659609275
0.28264056088383877,0.0035174966500193987
0.23620453904264116,0.0090642524424908548
0.17668933339442316,0.023983421127609154
0.11814822492169069,0.025740397918504857
0.07025755798587692,0.029833236902057931
0.026493219053417533,0.017285862850950573
0.0045942271648672702,-0.0079315933819737276
-0.00480584464551914,-0.038497009868190914
0.0046188706676743348,-0.075293155764684996
0.031007557267217142,-0.11763535387274886
0.054183493430463386,-0.15577575017183554
0.077216167212750764,-0.19302107551637793
0.088898021705242303,-0.21922412207515088
0.088395228953411745,-0.23045237668670954
0.063913156257800377,-0.23035268304860093
0.025780907976258136,-0.21579584932411255
-0.027233797897576809,-0.18859773108228281
-0.089104041729017758,-0.15284181259408031
-0.1477351584575777,-0.098422003107956138
-0.19587332151453721,-0.04758686155390799
-0.23086036866592177,-0.0020610633192414129
-0.23998288863226885,0.049170798111949958
-0.21845954722593203,0.09206970166808405
-0.17859024456989492,0.12412190518770083
-0.11977044051643106,0.14743680492564246
-0.038255012628160508,0.15536463408679441
0.035010236210499625,0.15008232162806032
0.11362571932728151,0.13594615374445726
0.17322613763478384,0.11549962642697674
0.22349767277574592,0.090770957024348273
0.24489841026545198,0.061555539811715236
0.25219738139314374,0.020415781726620428
0.23278426734962249,-0.015585234541956493
0.19924291765990867,-0.056440449045657252
0.16586611827977843,-0.093926322776077723
0.11845603906133405,-0.13182381627506587
0.071411918890583057,-0.16799811461480546
0.035648831450993193,-0.19950994258289881
0.0042630846665640239,-0.22572099290451325
-0.012794066815899957,-0.24574037148674827
-0.015910014457528494,-0.25671968827908209
-0.0079140122247384741,-0.25980525370335261
-0.0030292821733370976,-0.24922202724083042
0.020414285663884073,-0.23125847452819479
0.043143551994201106,-0.20789820961519617
0.063378689803770552,-0.17131979660360314
0.076192307471766849,-0.12739093611359775
0.098509960045034275,-0.080438116813664293
0.10534896166339394,-0.027125727182439812
0.10955803638272323,0.02217460940146216
0.1100887743969081,0.071020602143103045
0.10767463821883537,0.10932690864060045
0.1043558401578034,0.14016194623127262
0.094022446067048918,0.16155646545393978
0.081112374399191056,0.16825475363786577
0.07291188791792183,0.16593377716033322
0.055307552407257252,0.15181841084246947
0.033623595246353354,0.12886731463861975
0.020652589028469164,0.10110312093186073
0.0005010583436261748,0.069995197400159373
-0.015144500116423544,0.045794456251867094
-0.030331199098506102,0.016251786871341486
-0.036627012347437794,-0.0057543074882010154
-0.039189307239410914,-0.017447515131205956
-0.037075003905894154,-0.022530389807741812
-0.030638980385469493,-0.029924519903653083
-0.023063941231369352,-0.032484556113113301
-0.013385056738276177,-0.019869145336318353
-0.0040027987931695597,-0.023053876812617738
0.0028699581619129368,-0.029104674984207487
0.0091437278190890856,-0.031114616032189023
0.0077278563588899819,-0.03277257243238299
0.0034511252719030125,-0.042572649134147419
-0.00625263739664411,-0.050858687562147599
-0.0083066641455884337,-0.054207255051626956
-0.01091592852636889,-0.056660207493454302
-0.017718281570834007,-0.059480376689079344
-0.014295921687186975,-0.045164935474505688
-0.00096103956142213134,-0.037567933738241556
0.0052517092886320508,-0.01376318657683126
0.018389019214056675,0.020703106201541192
0.034443535858178116,0.051779288896286683
0.047358261061446451,0.087649979190495581
0.058151810425401886,0.12169566626138421
0.066029096549635999,0.16065142557177198
0.068277986129259102,0.19434752603810776
0.06678829756266666,0.22665763091596955
0.05304584918863528,0.25731920973501832
0.037975439090987141,0.27050685481988285
0.021746642520988714,0.27977146730505353
0.0058471575084056322,0.278257992540067
-0.017167016585080012,0.27305366630116562
-0.039312097143998352,0.25227857895714184
-0.061689348279209237,0.21707187929815869
-0.076532794534276249,0.18267303390371703
-0.094724581805540276,0.14091216631732217
-0.10505317829259543,0.08184931383860139
-0.10935804612778703,0.035035067045235783
-0.118815526237857,-0.018103562892356252
-0.11917050199261649,-0.063963405931530035
-0.10856714080537658,-0.10261595787908098
-0.093197103780591622,-0.13403025748437788
-0.068966448627072144,-0.1532694225381305
-0.049843367077036974,-0.16378051167518506
-0.020345588436488003,-0.16464673467083696
0.011690558228289806,-0.15678192862748092
0.04374636486069839,-0.13364570873395654
0.05630389307065034,-0.1138455301246158
0.070000104133102356,-0.075778662564049623
0.068819496401571728,-0.038757227084659215
0.066113056143891014,0.0082080090715727812
0.039212416537180217,0.055226065664363326
0.011786442372235879,0.095265766450658804
-0.02182659046659844,0.12670928897873038
-0.056556771382991596,0.15758044163263374
-0.082731664551247752,0.1715449683233646
-0.10086664041342656,0.16805302301825886
-0.11563240452618058,0.1481210784981567
-0.11520739112704141,0.11923403775215102
-0.10009397821730584,0.069510419320026801
-0.07118933075152184,0.011186928145324123
-0.033616017912324457,-0.052749568331719114
0.0022743521897133339,-0.11340666406226189
0.035305278075835812,-0.1648312359465007
0.063312362015829501,-0.21016602580750676
0.069926140487469424,-0.23313946538515859
0.062017753388068773,-0.2455901330272186
0.03669498385009292,-0.2303192553835256
-0.0027715703797320124,-0.20720281003190752
-0.055861316989773986,-0.16635882344491981
-0.1133722133137039,-0.12487585502241891
-0.16559780898513862,-0.080040848461548908
-0.21368869411941133,-0.039327891336645368
-0.25114003140669622,-0.014492317416338097
-0.26025759930259518,0.0030472374746860144
-0.25499051132857781,0.00074516063771745949
-0.23058329900316946,-0.016748094925148862
-0.19885408011928135,-0.049559886320970054
-0.16043440836454623,-0.085267127303547921
-0.1233811902042322,-0.12187633882008803
-0.097312671198922299,-0.15646117028564299
-0.092252928586821992,-0.18705483345730758
-0.08586184801385445,-0.19739681110667823
-0.10956436484500356,-0.21204615424762016
-0.13606603705761522,-0.20046077115207023
-0.17293909459556667,-0.18559553358767927
-0.21107384460361767,-0.16301315250049581
-0.2361278684068642,-0.146432765742882
-0.25358536434727297,-0.11410753650583677
-0.24541321207288191,-0.089462713120934984
-0.21312112561432997,-0.050455212777205043
-0.16548637525415941,-0.033580867340708864
-0.09186390269309673,-0.01115459073686163
-0.014782421876178698,0.013959666189510691
0.066360400630791669,0.031784202651227493
0.13497845395279906,0.046626143905946819
0.18018378977399829,0.050384476189314555
0.20011046827953599,0.059809736322939157
0.18826793919265833,0.063523807533359011
0.1592051800871962,0.056811236655973346
0.095028076141505394,0.045798569090158274
0.020240338056714172,0.041854948682665288
-0.05859480388913315,0.03280363394997865
-0.12979745107762089,0.029131893581114468
-0.19196097702844311,0.030744328805609168
-0.23079028224320469,0.038492904852754833
-0.24216270370346427,0.053918094427926402
-0.22798080436731794,0.072977361798522905
-0.17788752765438545,0.10289691082509825
-0.12119434982473785,0.13339523514136298
-0.054486586626339671,0.16736906324651923
0.015186583520616448,0.18684264287434924
0.07263215942504074,0.19940512545450981
0.11935917461682283,0.19506460280955218
0.13578603813288326,0.16845801074796471
0.14601740945869168,0.12813296386086909
0.13073902842763002,0.082674256572675173
0.11328567415453634,0.017607018003941714
0.069118351000780343,-0.042168837709952285
0.030966331336175844,-0.10284100119914732
0.0040163426946363909,-0.15062425657753914
-0.018970532572855643,-0.18801693781101969
-0.02431180934231511,-0.20046288069532497
-0.011117985109690422,-0.20371588253403072
0.014714344633423403,-0.17763175796497926
0.041690758742810377,-0.14567150977315546
0.090268724922096866,-0.10210093758691872
0.12965951481434654,-0.055228171063231454
0.16281127023855363,-0.016759863693995954
0.19684354685725178,0.012322779697043606
0.21356466313213496,0.037467111671355184
0.22293170171895893,0.051808342503027273
0.22448039464132799,0.059241913768176724
0.21431623373052011,0.048935763785718345
0.20345341085528226,0.04230812461991456
0.18955465492736739,0.028232821775326534
0.17423838322471843,0.02902531194359026
0.15730069786443265,0.027162342099555932
0.13601199919615822,0.040180428557201282
0.12041736524554068,0.062514105995079811
0.10504699565682911,0.089632917617458063
0.08371839988363404,0.11699083568564861
0.072172036285362479,0.14965371314401971
0.048123626358530257,0.17103993343931698
0.027307902816029322,0.18873306006680318
0.01861375491730689,0.19515920002791168
-0.001506912279642305,0.19175916675931595
-0.0078599141272963653,0.18137683423301579
-0.018882510148568663,0.15133144425044753
-0.030096659631204829,0.12290888819976326
-0.041057358790974226,0.089004634158980994
-0.04294832783440921,0.053283069378627826
-0.054710288285975954,0.021865043981430674
-0.072281324456536941,-0.011406926457033388
-0.080651010424445085,-0.037412594708212475
-0.096313000681004984,-0.059019952470544985
-0.10538557920406093,-0.07292113724809525
-0.11985818689805057,-0.07337641252042082
-0.11401469488052969,-0.074298238533098623
-0.11458488243694388,-0.072989053922466601
-0.096580822076386116,-0.076935154174120376
-0.070710370341451903,-0.06907467750934719
-0.042476178901523519,-0.062508382830523485
-0.0019203203576826349,-0.05463012635866335
0.035844095977314562,-0.041715565033054146
0.075531099262957105,-0.025690131908451607
0.11167068567246177,-0.02343038786829214
0.1509767593523188,-0.0047717873526292786
0.1742370803392137,0.0089850433157897362
0.18521904248878598,0.0077284940534198907
0.19033198055661113,0.013390249038342846
0.17751022195149363,0.015262499275221005
0.15506471339233119,0.013431598994661578
0.12766826474013285,0.012154978116513514
0.088300527703610993,0.011961077140261695
0.050287628919476295,0.016070123483253908
0.010217016619304107,0.029380892609359721
-0.034344289595210332,0.040575647887006801
-0.076623695420646523,0.063377031169536385
-0.10977658908243335,0.089899645465043185
-0.13718386508825553,0.11949552748857538
-0.15757349685219402,0.15814536851916616
-0.16501748240990435,0.19210456621670943
-0.16386068373496335,0.21479066625118032
-0.14197346161288879,0.22450035308934149
-0.10608672009313193,0.22847596028548303
-0.056459817143030784,0.21585193264052893
-0.00014193355650773433,0.18924464269025026
0.056927557656192444,0.1471951647665132
0.12852928333456093,0.098976254538279018
0.18207539594149716,0.046938263124472301
0.2364176492905429,0.0092632912036014411
0.26338564680301846,-0.020045589746028887
0.28408829270963248,-0.040425415855240433
0.27755224465265788,-0.04363638166574952
0.25586419252130316,-0.014743908136709439
0.22278677327953361,0.0024614659355730231
0.17217251651343315,0.044404602452375007
0.1234321285623462,0.087208781632580112
0.075350236646498467,0.13198250688816338
0.038446892159115925,0.16195729120362107
0.0089951906788033574,0.19492159910938001
-0.0052113756818761153,0.20720209747536028
-0.0029045459341064065,0.20624580567043985
0.011274147775459596,0.20009306740898147
0.038267434554846012,0.17859095227729249
0.078822066973235155,0.14434241167934059
0.11962319443846681,0.11457730408508576
0.16102685400548697,0.089108451031074704
0.19010897035368035,0.072202154175232736
0.2276771160922656,0.053819026978919292
0.24584140304203653,0.062705658828944993
0.25900375297973072,0.069628731960505744
0.24836113214954139,0.086985602002113985
0.23234663787283796,0.11499537042473625
0.21171370147394972,0.14109902165517868
0.17093722178496382,0.16428978825336477
0.12378669231402586,0.17834144837198523
0.077042988178148628,0.18976548354162254
0.018229803016910563,0.17849251736104213
-0.034677896591660949,0.16784439948064073
-0.089573638043231207,0.14322177081663448
-0.12820553871433812,0.12746114242640325
-0.16308261725011555,0.10037070848470579
-0.17595121341479319,0.079225927323188242
-0.17615300832807393,0.071048207083265952
-0.14260247557060418,0.05914086460483782
-0.10775861106958021,0.062673633493895792
-0.046707101386489702,0.055522184425401605
0.020423330104952134,0.062534031761020056
0.094055097417357042,0.060009236251543162
0.14385655750627591,0.051285370962290126
0.19760036097751588,0.0260504383700772
0.22231908428799532,-0.0086551736602523341
0.23954320078776006,-0.044343926345100662
0.23491126147086577,-0.099607202731212777
0.19798008036985892,-0.15788517063791008
0.15222997702334437,-0.20893872194584137
0.088163727915665471,-0.25941446288359543
0.03146912771610795,-0.2987254064738894
-0.020918299999549327,-0.31945169332926404
-0.064750141272726006,-0.31422410680822305
-0.088379247239125602,-0.28904726441023249
-0.10926910204030736,-0.24290995813021593
-0.1187107160869116,-0.17679417382246818
-0.10555277017738501,-0.094233316647912707
-0.090454513354710511,-0.013402362571728731
-0.070949552816657671,0.075408064196305219
-0.043373138910451046,0.15591132134247582
-0.019674762195354974,0.21440589820853923
-0.0027980017319777072,0.26941638466334766
0.0076056553205758014,0.30717419214667119
0.016190380290699136,0.31280003617633229
0.01653028269936227,0.30501290057244629
0.014910817252307305,0.28222127681206871
0.00064769092129647599,0.24926665929290742
-0.0048978635297220029,0.20242486604198029
-0.022248530158794938,0.15900895286379593
-0.044635062256532868,0.11412233006172855
-0.067058702560049505,0.064155505335358201
-0.089552945499623365,0.024940633294334234
-0.11334963838584253,-0.017819295002415109
-0.12388184056910605,-0.05077973029489212
-0.13579954437214942,-0.074344119995027297
-0.12536142926069446,-0.10503557487614774
-0.11025654734847234,-0.13199620039708296
-0.075546177484828392,-0.14342318565338605
-0.03192231466704374,-0.16808740958510932
0.02154176691125681,-0.17686492161228209
0.080334393963779005,-0.17858749427496298
0.13964899459854391,-0.1791199028347164
0.1874120238125665,-0.17798821664981435
0.22077128118312078,-0.16529749406067915
0.23020775268803395,-0.14470489629667976
0.21771658978944808,-0.11917791751402664
0.18229894633200491,-0.092728655330157964
0.12973897496336723,-0.071251565252108351
0.058333303604055323,-0.044836057010081733
-0.0030898333685953211,-0.021922105579539664
-0.063066019950659455,-0.0021491991313636926
-0.11492913531249535,0.017491984124094667
-0.14577552808299449,0.028737407321280498
-0.14416387753552262,0.03515887288437404
-0.12325628939078635,0.048605491363593933
-0.081526478370709324,0.04958183937964241
-0.025887051143922118,0.04753108032626388
0.040389872126376417,0.046750694525465722
0.097040545200042516,0.04430561758585326
0.15643869595504598,0.033048392408352133
0.19208589934132028,0.014561721307522965
0.22012328885348556,0.0064930096542973343
0.22335162001503558,-0.017462625329358078
0.20904666290762872,-0.036459388223270078
0.18038055045180235,-0.056355389237346641
0.14874036725389764,-0.076397007827842214
0.1107763064838326,-0.093531349635800815
0.068988020525160565,-0.10327740079075486
0.036388066933521375,-0.099015663036619572
0.0016803541284811426,-0.097000549066707867
-0.01143738943255017,-0.083494518563604611
-0.022522907051240874,-0.067278387380803939
-0.0047703428256544722,-0.041703723751842545
0.0020722080436067093,-0.019744179137794735
0.024572499295188743,0.0044715628256958425
0.047305068228697802,0.029969118729695172
0.083977059977614121,0.036893645404328879
0.11401770265359397,0.037987536905333602
0.1545876057694007,0.039103345209137233
0.18635662445896892,0.032432735407352795
0.22074205009650988,0.026342384879225848
0.23966584072843439,0.0094332675929583998
0.24808238778424199,-0.0046907758103337865
0.23950805688950833,-0.018676516845654852
0.22311510246261471,-0.01705736853879555
0.18208536059113145,-0.010334344057065799
0.12298106843798852,0.005313553978093361
0.052561704888266197,0.023642205529770987
-0.013774604331642676,0.048270043085948962
-0.088120411293455048,0.068002046158075563
-0.14567097185132183,0.084616280021726151
-0.19654007158184492,0.08900259544791804
-0.22407391987122804,0.089074386260821689
-0.22276641340445927,0.067135528379251838
-0.19406857242844558,0.043649315848414777
-0.1520017961176634,0.0048957070178419137
-0.080706632675179427,-0.040806740061497059
-0.0028438242360114292,-0.077864324118056688
0.076600638103232255,-0.11570536310150237
0.14991251368019648,-0.13668418684217531
0.20650256498982342,-0.14969970687204623
0.25159763684141478,-0.14276712477703443
0.27064131177641437,-0.12092412002877165
0.26054658969345568,-0.085181421607329555
0.23979609188137443,-0.047451017760573116
0.209081969099844,-0.0068430460202892627
0.1641996849971761,0.03901258113203597
0.12547422189758606,0.079785682213085338
0.095905725850591858,0.10559786905365229
0.07923928885469092,0.12577164048321968
0.066705871709815595,0.13349144229753857
0.074091372771385167,0.13282203285590363
0.085804410356412328,0.12436378629414728
0.098603710426597074,0.1180272523819523
0.1012622915337705,0.094878986485133168
0.091173394149358114,0.076950041181047105
0.074114536692926669,0.057533321204725388
0.036631589276284224,0.043550090828576651
-0.0061581442024436685,0.034161693571283507
-0.067760123786823043,0.017944526737942619
-0.13257755556683137,0.013487127298636541
-0.19021083144510065,0.011202099528389624
-0.23944267098078686,0.025787171302394114
-0.26587312690466097,0.04077801606277591
-0.27143619592446555,0.067723486419916032
-0.25120980013985189,0.10390762425771237
-0.21009646999434439,0.14811975922741963
-0.15678579465672671,0.19280690671007494
-0.074356869489204433,0.23126168978864647
0.0022502407769466604,0.26606929762905107
0.065401980937653398,0.28882405975926717
0.1234402510889052,0.2771979691401335
0.16615674487381465,0.24998616820716013
0.18485924976467416,0.19758357427061563
0.16749961555131598,0.11482945239007906
0.14674413075700807,0.023594761450472495
0.10969261597382043,-0.072505406322530289
0.059019917063112264,-0.16872451257437185
0.015515434594222794,-0.24752237404734706
-0.038561063690349347,-0.30152970594217726
-0.071010695814668789,-0.32128141202542199
-0.09745697259601005,-0.31649642447767584
-0.10455497134480224,-0.2644231400315204
-0.10697502132867656,-0.1970948324148783
-0.085264723550998053,-0.098759664636018957
-0.069399015256024932,0.0082021354221180152
-0.045898539658436786,0.099034244548028172
-0.025463581389111464,0.184397973623146
-0.012229204207027304,0.2513662491946575
-0.0015010347906243525,0.27185017475976797
-0.0068173036527019362,0.26992151821331278
-0.012818068624672897,0.23638269459351294
-0.026496346046577558,0.17609356597729384
-0.057076159800884228,0.089086573790639043
-0.078875579332513865,0.0029771523533851877
-0.098043870803813465,-0.089792160088717904
-0.11702280875660516,-0.1711101637598684
-0.13972648869741455,-0.24397997792209211
-0.14923464699498501,-0.2926564163633682
-0.16350646815913042,-0.32808830536078443
-0.16777634373613351,-0.34021189272873281
-0.16732244862375301,-0.33540221625452143
-0.15427031341322134,-0.31030886027191684
-0.13422578181855785,-0.27661515221629024
-0.11178293085065653,-0.22978036084744255
-0.086945686649985032,-0.18859395508791982
-0.048951702065136486,-0.13953003081088011
0.0003930691704383607,-0.09226619879852227
0.04825399504219495,-0.046143886526720745
0.091424797687431378,0.0017853214575335717
0.13437401558962206,0.040893669596174721
0.15990674414969105,0.076742460840535889
0.182159826743412,0.11090033965469114
0.19087081407077061,0.13758625549473708
0.188116281269502,0.16086983734789403
0.16957612149421322,0.16517027162411013
0.14792156819368141,0.17700429934349787
0.11878298892348507,0.16870655490350875
0.091126749485292841,0.15337946710228509
0.067263674208939778,0.13019056566052603
0.052859590303869698,0.10180016987168139
0.047015744826705952,0.065098206817953488
0.055979111130898318,0.04190584819183913
0.073224637897250311,0.0076948966312031459
0.1049322457791681,-0.011810917695688802
0.14115591783052375,-0.02642247469369961
0.16651813093394194,-0.025517184424553023
0.19887749747645511,-0.022219260520082586
0.21161270497800502,-0.017741960869984651
0.20910842205387267,0.0098181601911175587
0.20588792288368143,0.050115478486919988
0.18134684823209613,0.076504717480674583
0.14979271093481103,0.11014222521292268
0.11834349560889379,0.13872142958472441
0.094085748039126851,0.15811837351997815
0.073300326554548309,0.17281657131524761
0.063888279820509916,0.17599890431382983
0.062473443085140024,0.15157888256991667
0.077001419110029778,0.13389582028875119
0.10254249436203244,0.095538646509756533
0.13339030316248249,0.04598889062870349
0.16681342978720187,-0.0023554972390154106
0.18609859234657036,-0.051536043437931812
0.19372140303793775,-0.10295611274957014
0.1840954188476597,-0.14667550917481181
0.16534528414609673,-0.17301032169820871
0.12230779327035743,-0.19795722868030965
0.068440148378125884,-0.19820735732949471
0.0036918916033055653,-0.19902686638413672
-0.052065206929707751,-0.18202079168857913
-0.10803156777981213,-0.15346758095142191
-0.14897030337195541,-0.11965487444981976
-0.16797729790382585,-0.08432464426646287
-0.15676696498959344,-0.031860977508057421
-0.14070604755550761,0.013344392278797624
-0.098752310562729859,0.058783173410113514
-0.02917386572208585,0.11031490194024879
0.034130042816799731,0.14208117836038234
0.093622631258206787,0.16451138865872383
0.14795550756559214,0.17756041895172678
0.19996038878545694,0.1722417270404539
0.21439068626197366,0.15277629995322689
0.21779696093939407,0.11123783503431257
0.2050374663406791,0.057861621038478805
0.17551204689599142,-0.0029577656298411794
0.13290356991664518,-0.057554456739367786
0.094813170162989097,-0.11086726615443179
0.0622142708721143,-0.15841697991717696
0.037210454996193798,-0.17318740693928536
0.020612724301441926,-0.16739728275146093
0.022302150109136172,-0.14247689478903847
0.039730281412481222,-0.10732955052038765
0.059541239640078347,-0.047293092413377785
0.078424320057583374,0.012785975714507656
0.10536255609746201,0.067957930819072004
0.10701961273805406,0.10407769723127824
0.11019688546473551,0.11820358139193805
0.09339726331889886,0.12119774497261908
0.061594774266949585,0.086459131890704408
0.02231364590711174,0.043571253313136001
-0.030945803873425222,-0.016966516359846927
-0.086869929907194901,-0.080637430098086424
-0.12938057611467096,-0.13910814801132509
-0.17199802523833191,-0.1732554593599662
-0.18761979544475937,-0.18732594053185311
-0.19026020286110504,-0.16287324213829282
-0.16382597691820511,-0.12009428097337502
-0.13716093538344462,-0.053698360641011064
-0.094862963482937601,0.036632259526312369
-0.043542057584944761,0.12440185331084687
-0.0030940535074245722,0.20747674098952243
0.037184177622519118,0.27099707071425488
0.057702316495796595,0.30809426391000477
0.063704524702302257,0.30840586456073732
0.060175949154479436,0.27763277179284673
0.030357444040050696,0.22141046471429074
0.0013531477465808343,0.13569858317789468
-0.027837798956355714,0.040737307139143961
-0.056089888029976089,-0.054770762545590698
-0.070835991699207609,-0.14662650165482075
-0.074372789422509078,-0.21589214962322475
-0.065666584353713961,-0.26156857827150098
-0.031176442675553542,-0.28843743139462069
0.0063524137320761977,-0.28703257425204454
0.05199413300491168,-0.27371306298864917
0.096457068369304649,-0.24290447879242871
0.14101168343751747,-0.20966355969214023
0.17259884411380136,-0.1709748284798745
0.17983417777690847,-0.13896963050437239
0.17851014438653787,-0.11622324460957602
0.14270973003958046,-0.09882042564195484
0.095846925457781243,-0.093545318094690702
0.040653898095996829,-0.095795210223180285
-0.014017577765249438,-0.10027771797411737
-0.070005027504170314,-0.10463203039626837
-0.11937551166693218,-0.093386497293121068
-0.14995152496684477,-0.083819034233756057
-0.15949941147765562,-0.059392459434933466
-0.15586272044593849,-0.030499095882913187
-0.13947807251278843,0.0068114621292007516
-0.098424749686853094,0.049409887241138914
-0.059507273675054116,0.093494421409576187
-0.0033280026440963908,0.12521836387445745
0.049239828397557979,0.15619058872777183
0.087738942901079323,0.17594302411067189
0.12542487113076339,0.18426505912638011
0.15713452766052391,0.17682807192454225
0.17099629924767662,0.16526310534277883
0.18632765963317396,0.14133084176515828
0.1885099936950741,0.10469075057506434
0.18348648045652405,0.073928927505493791
0.1821305118198131,0.032677342515098587
0.17655231498081164,0.0034890180391141368
0.17574508615898743,-0.018780880370701539
0.17530742448707981,-0.044212876693923112
0.17014743949954531,-0.06761200767449152
0.16317550749768323,-0.075505449288887708
0.16228400187897749,-0.095805580086313818
0.15667084816811172,-0.10479539043119215
0.15366398261145506,-0.12462928830047473
0.15068573933591245,-0.13116530540683499
0.14304008983127822,-0.15212296294746594
0.13968408733066293,-0.17022557025831209
0.13686655884265292,-0.18261245365369211
0.1370902702251319,-0.19231073177140942
0.12961213504560007,-0.19450750224129598
0.13591150484173933,-0.18998705224278778
0.12970109360726173,-0.16931505882581205
0.12772490566182165,-0.13964252736628943
0.11783995248464842,-0.10024210321199588
0.10340063854174611,-0.042784356703708372
0.095153622244839572,0.011455470624483096
0.083040049437814872,0.07110690197297348
0.067906102955718681,0.12123265911143444
0.052702214486715408,0.17063382116032974
0.04644521953467081,0.20276558675182058
0.041813136718503653,0.21588841930301517
0.046696134070770612,0.22017748627444167
0.059415170839550127,0.19829450590222217
0.068621820939057637,0.17310335912216901
0.073253477011832935,0.13169831714927924
0.092040877721114453,0.082119312704826891
0.095879956280002884,0.033438479156164061
0.079790351586770641,-0.017456437308225138
0.063253742775070981,-0.065293539189710287
0.027200138187181068,-0.10261803339135739
-0.0094412394588433823,-0.13430616496691761
-0.05449183315008347,-0.15936269071155929
-0.11049198050144275,-0.17015250735973653
-0.14859274431765063,-0.16217385262994286
-0.18998518998366057,-0.14474170216161372
-0.21194408898666742,-0.1122835490851682
-0.23376592875173785,-0.063491360934116697
-0.22504523704492227,-0.01278958990222747
-0.2058874348232925,0.05881763607454045
-0.18197640263848808,0.121631397791617
-0.14454720305234656,0.18287559659452648
-0.10233204894316078,0.22775329350741758
-0.057188998335591344,0.26846251338296173
-0.018730524977602088,0.28454709606977824
0.020854181500718126,0.28461476192440233
0.044607857047726941,0.26540480893092366
0.06233287659426158,0.22296734508705573
0.060452864082023737,0.16771299843013912
0.061852143413039705,0.093107554521521724
0.04575578435025459,0.021310201006025986
0.019931216754659774,-0.051958972488861249
-0.0092331680920549868,-0.10986690194589016
-0.041548577298386256,-0.15637373584968611
-0.084662389493788154,-0.17421441728923592
-0.12152245968056934,-0.18473405898256234
-0.16037792532119485,-0.1648428708857996
-0.19426528599263146,-0.12932493419767571
-0.20587557932698322,-0.076196066520318614
-0.21919939693804791,-0.026955447186894407
-0.19869923305621442,0.036961855021651162
-0.18034837355841912,0.082578981375697039
-0.14065791787359419,0.12298159911680005
-0.083775679589390847,0.14725450305072063
-0.01960948027275998,0.16021647699675093
0.04946249924022534,0.15646557085924179
0.12092981949469613,0.13909512005150346
0.18370602982719281,0.11680105432754215
0.2282045083627334,0.079458339431504849
0.25403539332059283,0.041043980131521461
0.2590366783180611,-0.00041770378517763662
0.23947220280483317,-0.037817828159932433
0.20505881043980798,-0.073522800240598776
0.15462493329166085,-0.096893071259491162
0.10086229164408297,-0.12498873960484733
0.03617010807685779,-0.15329379641335089
-0.019253878233852537,-0.17360617361095079
-0.051314961912925595,-0.17881104083799454
-0.074478937897927769,-0.1967988075233825
-0.077560563271615257,-0.19355882947529118
-0.054754103820295448,-0.19092862080817419
-0.019441221106474033,-0.18019485883500924
0.022530032965493517,-0.16635010144810811
0.067771452544556798,-0.13865834567126539
0.10688824636540149,-0.10354336478064236
0.14043748563007663,-0.062869147640415471
0.16410808017110676,-0.0098829425853980031
0.17835930714104628,0.039818258408096822
0.16848984656133048,0.089000570864401787
0.1667442173092038,0.13667091976994311
0.15285775083217712,0.17887612337295161
0.13719866830847902,0.21181770369085073
0.12204689525964046,0.23833068232726295
0.10857096422365591,0.24984261121380608
0.098163234002510799,0.25822591212597706
0.091617675919000705,0.24927625804029876
0.090328634738487221,0.24536153300914956
0.097880105080947022,0.2222969405973505
0.097628982623018098,0.20932418649127618
0.10522436421278254,0.18918910920681267
0.12243489894125567,0.18127694847561068
0.13523051056286473,0.17807813845659884
0.14405405465047305,0.18177244377524571
0.15138369912298077,0.19716513817260461
0.16801188637670225,0.21462192505401151
0.17190638974550618,0.2369503418216011
0.17242172779896273,0.263489658793231
0.17115165310726177,0.28466047195708855
0.15269930285945463,0.29921879723732742
0.11800420318486647,0.31665206927848227
0.076638082818811765,0.30520283283301158
0.019506422421286966,0.28886531801176363
-0.041416859759601118,0.2604369294385499
-0.098266753284778754,0.22458406655749241
-0.16132019432945907,0.18076919361207672
-0.20841875172060642,0.13406519432305564
-0.22290435779333587,0.096541173531076621
-0.23263589302152618,0.05128070879098625
-0.20777510311705244,0.023335503588087111
-0.16245573237505481,-0.0038773234126757714
-0.10134773172090861,-0.013308215775419227
-0.022011395460037539,-0.032649113393887874
0.056211435264179155,-0.036381658204092705
0.13514016602066717,-0.041355113887990486
0.20495265541711277,-0.054068787331845801
0.25078890934208753,-0.074200559473777974
0.28365440170799627,-0.091803633845797511
0.2931469278119343,-0.11179422344947748
0.28090520894910498,-0.1376927856517243
0.25402247326452382,-0.16211473722914929
0.21469297654912051,-0.18641827057895843
0.17189871283121522,-0.20509541516053714
0.13305315778897439,-0.20653821823137358
0.091910209533213008,-0.21355296700424045
0.067501283501051335,-0.19276022120965902
0.053383640888404603,-0.17180994442842085
0.045534246269036655,-0.14382224698001284
0.051584502156090249,-0.1066999693635844
0.075684672734088423,-0.068549159480622901
0.097765995991656404,-0.026480870022076632
0.12191509280039542,0.0190143404800358
0.14881066403864315,0.049048315666371134
0.17405287596979904,0.080534841858964853
0.19105454582431028,0.10472234973921175
0.2043970073541693,0.11605251179911685
0.21391872241314588,0.12767630254969531
0.2096005256872864,0.12249467811489539
0.19014671785879539,0.12849179100598013
0.171901179014294,0.11807557862411479
0.13368688266640705,0.11056985490600917
0.092986292193777464,0.099730770980791583
0.053684154291150941,0.087919666512236982
-0.0057817353892980292,0.073268146664105804
-0.054199619954168381,0.058372182601206558
-0.11135780056315665,0.049361902401891401
-0.1574313238821316,0.043493018966917062
-0.19534721825323045,0.027358741741022072
-0.23147692230060485,0.026219346699642695
-0.25552657575716037,0.018986027229592473
-0.26827601658356448,0.023706211873482218
-0.26720071849872706,0.017895474871721891
-0.25581705014942224,0.022890200781758706
-0.24294396856147737,0.025547565895203909
-0.20850574528820451,0.026794709033584774
-0.17686491196846504,0.029795400505641761
-0.14267379479725936,0.034963739141403209
-0.10151798132279237,0.033218690971148157
-0.066404690405807612,0.031740624363338396
-0.037810372840959158,0.037979510567428848
-0.012541875803892358,0.033369925792225905
0.0091163331762922177,0.034534672537953462
0.012823881484460987,0.028795191334370512
0.0090554055359055585,0.025379083664886209
-0.0064088398189305427,0.022281552688482406
-0.027652322421666327,0.016549853195031543
-0.067461039135389922,0.013686386390452956
-0.10236740808820664,0.0051360621707521193
-0.14795599009123095,0.0017987384429509253
-0.18395441957226308,-0.0013566357432724541
-0.20937988396284016,-0.011109951321526531
-0.21834286401841549,-0.013183262086622891
-0.20761217684389188,-0.0028137712833097113
-0.16478700593564238,-0.0045480226240233639
-0.11967659059802012,0.0047267599066583158
-0.051698498469107887,0.015217329645662952
0.018790251682210456,0.029384701489867323
0.097180980050226767,0.041423042443825386
0.16671379588605745,0.048378620697294025
0.22127495365653338,0.050512996635831295
0.25469858013152996,0.056149684949223164
0.26743824082304862,0.051548156683693114
0.25217522234674233,0.043996721216812314
0.22310591156001938,0.025316625443003043
0.16917239688138044,0.010925480696803257
0.10611981357426944,-0.0051821624750201809
0.047922108029660591,-0.018131596066855795
-0.0094876057392364686,-0.018258557000630438
-0.047353764786731034,-0.0098518756849927773
-0.070500504772915695,0.00734020300504551
-0.069538519515118399,0.028098509727224136
-0.047097018890750776,0.062464637672662339
-0.010046361847864746,0.095136291601713857
0.028243231206997857,0.12473437604628973
0.08682002417017283,0.15138369994689749
0.13810211175865669,0.17312890684439519
0.18317500692977329,0.16737930773716242
0.21635356609082651,0.15359715364182061
0.24138318296154118,0.12346555028596265
0.24472981549707115,0.083840293580027259
0.24393886935400272,0.034541000263871982
0.23461249894951383,-0.015828386622960215
0.21878684620494684,-0.06393506923880464
0.19465900585876925,-0.1060690709352498
0.18096912163961321,-0.13776137575343103
0.1671922690278913,-0.15416789984805987
0.15337884215026215,-0.15172834082011649
0.14744503176341905,-0.13827841025006934
0.14987447639619642,-0.12209190595333017
0.14572360668899126,-0.099499499195628394
0.14777917108036237,-0.068235444132019471
0.13208250127945109,-0.048093206176992982
0.1242500528846661,-0.039934537364889736
0.10211826071183662,-0.044408600781583894
0.072830971816215118,-0.048121582990153261
0.046353953518911736,-0.075316656036993029
0.020391078347767645,-0.10502159010275956
-0.004404758844117387,-0.13088971916109923
-0.017527823249480358,-0.17159877147085853
-0.010792401382409724,-0.20068410231793865
-0.0017279057786495997,-0.22516536438892665
0.027359908806141919,-0.24166763565652721
0.072540779120409349,-0.24368370162879577
0.12140277360092731,-0.23931380630799987
0.16868048545604458,-0.23277440429429819
0.20698990064224085,-0.21608551439721885
0.24503123397943399,-0.1911191183023461
0.25488247819524262,-0.16504758307762224
0.24228041385634114,-0.13085818607900235
0.21107401217393054,-0.10564921378404361
0.15307042612802441,-0.074927686027417215
0.083770203791646861,-0.049512844440311392
-0.0070560706406989897,-0.026726808928938587
-0.090917774643298893,-0.0062372677797581698
-0.17541620892285267,0.0051574368509188159
-0.24267003369852613,0.012253103722220401
-0.27575260411622587,0.014014917368376328
-0.28860933868760219,0.013972628415811802
-0.27864765427980048,0.0075603025587226754
-0.23305707314248111,0.002025762381577507
-0.1737763652021056,-0.019164333463775662
-0.10510093978740301,-0.027940899726148574
-0.032939840078977087,-0.046156696407579252
0.020917416168188062,-0.057219139046630965
0.068034622274855058,-0.076554930475820529
0.083314353013879613,-0.085605923391682617
0.080126250680794445,-0.095196544476187361
0.056267351503336713,-0.10674319629736652
0.024703350659242854,-0.11285947262654809
-0.019356745307842323,-0.11439487900059885
-0.068352484931029842,-0.11605255542755244
-0.092076798720436073,-0.10623638695185178
-0.099617121821349533,-0.086411466438444343
-0.083958807287176945,-0.072190971405920748
-0.0464287220679463,-0.055025517598410678
0.0070576125114081654,-0.026975647064282866
0.070364942118875909,0.0056410002616027102
0.13502160050512846,0.026649053837217562
0.20133237191077777,0.032143594109103127
0.2555577887090541,0.03461280843667431
0.29862618194299667,0.031406073405716779
0.31130923672600924,-0.00055620278256558221
0.29990054659340315,-0.028867295727387287
0.28069737497056052,-0.081759904668609773
0.23338530591623577,-0.11479458567549174
0.18677397400526682,-0.15532878406539985
0.1327152692106785,-0.1828865629026985
0.084256785393377262,-0.19789727108300401
0.0456603407034692,-0.18664035474575461
0.023834701595111273,-0.15446301643233704
0.013858041674904308,-0.096333492107552043
0.015416237849698849,-0.031366403641822825
0.031771707771354199,0.047521118744022046
0.061567956603425504,0.13048679597845148
0.085204047489452039,0.20009752127147534
0.11370994921648729,0.25349672994761352
0.13452213194282178,0.28160784898165292
0.14122323946061935,0.28183390227956284
0.13771061540494559,0.25057561969878506
0.13820614724119076,0.20152009681154903
0.12663862928624861,0.12798945352669983
0.10612609287308891,0.059162788112764882
0.09989526852168687,-0.023591093897382572
0.086413822979606494,-0.089890369042799609
0.086777495818301104,-0.1321085107330543
0.093729848526731135,-0.15602499564435846
0.1030669509751278,-0.15244507187750186
0.11891739231710496,-0.12822319314210609
0.13526600125339078,-0.078939328898817718
0.14825761122123157,-0.027103769083558594
0.15468406795253056,0.02454613155671265
0.13892448739575905,0.077577890775001906
0.10952975354492701,0.10726270467436573
0.07448592690691816,0.1248026009676145
0.020075591003964333,0.12194337234637569
-0.035514073221564038,0.10337332695691902
-0.095284081402100054,0.064471038882220694
-0.14690971697201613,0.024282253078089094
-0.19689892664339978,-0.012744562049130052
-0.22524287740584228,-0.044825492284424645
-0.23809200375566938,-0.06528358855356492
-0.22767143100060466,-0.064061754009352878
-0.19883885711001906,-0.054759009793992876
-0.15390708774311282,-0.029354118362661715
-0.08968892823080539,0.0071173674301140584
-0.016706475127566241,0.047757133519344332
0.052042107747392485,0.08501228374640403
0.12883218838143226,0.10942192844895285
0.19144355292706902,0.13094617297448588
0.24030609586940296,0.12481919281227907
0.27858570705144259,0.10669500436131565
0.30584899130054399,0.076640700177022597
0.30615575316574167,0.03514820728759583
0.30207382287751244,0.00015272751514317645
0.28369484403741807,-0.04301391704769706
0.25560134606233914,-0.061360714520994876
0.22245119741376457,-0.067217764087547177
0.19098066673447364,-0.062866498756136591
0.15215599503800178,-0.051165188723000084
0.11271907316320402,-0.01890264656827409
0.083952028372340712,0.011853352461842107
0.060852009201286229,0.053616234788655973
0.028198491238767283,0.083589785069181535
0.012755223406227695,0.11169463834535519
0.0060057078621427685,0.11722756241592584
-0.0096426963527235562,0.11871576911691575
-0.011260233231769881,0.10604878079175119
-0.011357084440608229,0.075004732619037257
0.0039181631865587698,0.039641793070597203
0.0054935973888711768,0.0012294386530025238
0.02571054828666669,-0.033955591450283866
0.036633190224877897,-0.060459907273955969
0.06440563043602153,-0.079540995945915363
0.083704244448490811,-0.0723981998860347
0.10609434102565427,-0.058038018268362503
0.13179112240739063,-0.026406829962440686
0.14117951951168528,0.014676834487454191
0.16190856597065809,0.061904683777032829
0.17074134224296073,0.11492145104173007
0.16588392618821637,0.15757756701847545
0.15887906081118017,0.19578566689853336
0.14183318793115554,0.22845338943240187
0.1256197243698671,0.24998349590861518
0.10464293886941267,0.25721067873161113
0.075558129986125461,0.25213080697761714
0.055827866478909603,0.24163069158160333
0.04262893769044656,0.23315779703508446
0.02118219758803162,0.21030282036761186
0.024614129725004541,0.19683348836609585
0.039649441743531182,0.19906779552878121
0.068614856296207533,0.18897000194780397
0.091308663054501776,0.18286194670497649
0.12660945167319326,0.18742418320723608
0.15294500952152121,0.176279399956664
0.17173385001855282,0.16593613153413669
0.1825353245374306,0.15483096606652655
0.17012262472917722,0.13286088194558832
0.13943276352365011,0.10963437467107198
0.090936881028847935,0.080678013318424793
0.02600093286151909,0.047846833521460873
-0.047388578669552421,0.006871266668229209
-0.11353812055308286,-0.022173823569160235
-0.17608486986827576,-0.05223467778906582
-0.21633102113291955,-0.07042201269216565
-0.23291736240501978,-0.09138808965423946
-0.21390309235137525,-0.092115905335145604
-0.17660069189448235,-0.0915403766852836
-0.11133500617461088,-0.081664030430195919
-0.036332373458364577,-0.063716646310700994
0.051361087630429438,-0.044045641928331637
0.13240156559484345,-0.027803720136799135
0.18577551298125833,-0.012055722367620036
0.22571260490277384,0.011831627103617117
0.22904037668669025,0.019452215188925977
0.20392195001709904,0.02500132086748234
0.14704390213444266,0.019481156467466912
0.078249899138317508,0.018744684326803138
-0.0037318967878528873,0.0044062073246239602
-0.084024115686590017,-0.015149655954298357
-0.15315214226069421,-0.038581553062516177
-0.20351767189800557,-0.076171273762146413
-0.23502042365825945,-0.099823265957669979
-0.24155899114410062,-0.13278066883292441
-0.2205463263965475,-0.16651104643800177
-0.18988291140992894,-0.19226609331492278
-0.14195727607139949,-0.22586238978610321
-0.1047460253773429,-0.24883434283436029
-0.061894616268999648,-0.26338092714367595
-0.029642228471872478,-0.27809650152851084
-0.019784564788600918,-0.28574385295863292
-0.017558561320138118,-0.28877641739144999
-0.034542564128678628,-0.28018331453429868
-0.058114126235285217,-0.27062127314420775
-0.090474808422297937,-0.24927675538429933
-0.12311911429004614,-0.22009346561917159
-0.15328567512400754,-0.1899560807798048
-0.1729475767819551,-0.15712912545313165
-0.17258672231129743,-0.11890756939953064
-0.17027309512154443,-0.080119964571611246
-0.1589443000383079,-0.03570300810431843
-0.13784823238768495,-0.0025693119860844636
-0.10783726871627572,0.024249018130570451
-0.074272408395306799,0.062138707279782129
-0.041131084211764514,0.081560913163413629
-0.015127896346363358,0.097580736147513197
0.0063275342799487561,0.10582639309654419
0.028396048173295954,0.10933852287309458
0.042670502487708241,0.10579819769253676
0.051997472253698079,0.098559694116998622
0.056383521862591442,0.086632158091519904
0.051585826967554455,0.07364215380245083
0.046346254105807082,0.062981505679474137
0.025844826224995135,0.044822463885470627
0.0078624811306144925,0.037410166695925132
-0.021793493753123241,0.029267166486888124
-0.04480864892765881,0.023221890718641378
-0.070651876883484843,0.019392741775891505
-0.10237485057268486,0.015432418912529378
-0.1319255063213283,0.0088623843847886637
-0.1497477207161165,0.010804018749683415
-0.16686551825965176,0.0098973188229090105
-0.17602979413859771,0.0081930721650106571
-0.17319462824694287,0.003207916888446293
-0.15702525766525233,-0.00024893234473301589
-0.13597550813576145,-0.0073582950728510116
-0.12284997545821892,-0.0094322606667476966
-0.090923272186448495,-0.010719442166512477
-0.070069780972658868,-0.006883615442308603
-0.035792192857775476,0.0030001731758936296
-0.009981648093272075,0.01651724118840537
0.0083481488901534073,0.035965082941840622
0.017836437739633206,0.061837245488485723
0.03547613043550954,0.083250742516340639
0.047766951294000888,0.10724909928764619
0.052194736969442067,0.13040032055619261
0.060465895604407155,0.14648269130723429
0.078984752813121881,0.16616707798448788
0.08332608442416202,0.17241243905376327
0.09438765826144789,0.16811098249017187
0.11414944605109043,0.16773908297766704
0.13815832802007294,0.16285422388647117
0.15341700514101883,0.14685345732108748
0.17766499452234749,0.13183036518967298
0.19328691452388727,0.11169350419951619
0.20735659266647194,0.10112160432464651
0.21375249235095248,0.082933324056861962
0.21446790968339896,0.062877042095313279
0.21377637806677938,0.044476638862926909
0.21693935985407375,0.026270731750072867
0.20120460943627982,0.003049610557588379
0.19578085868787901,-0.01127437045932117
0.17823279643162199,-0.03283463588684872
0.17109003700910522,-0.055713955234995602
0.15851908980627524,-0.079191951661249704
0.13734518615307437,-0.10974083732211934
0.1261078291609741,-0.14060521256968511
0.10697460560016257,-0.16371345547763022
0.081860175932831264,-0.18864928212191751
0.062368496885274592,-0.20582154896350266
0.03388288897308718,-0.2286495025495161
0.0094157432922024158,-0.24229709239472755
-0.013729448868296299,-0.25475544632128833
-0.033903381619579814,-0.26329983953872477
-0.050715632157323151,-0.27117630918387264
-0.064798262927913186,-0.27136779922074522
-0.069052906667516359,-0.26670598022564934
-0.073263114794827319,-0.25210589075479928
-0.066522627363665113,-0.23950253823933182
-0.043007045341424695,-0.22064516241377155
-0.018149975275864115,-0.20386425869413796
0.013322407463118498,-0.16128908783125512
0.04187400423996198,-0.137812033590858
0.079878603652082936,-0.10772342618431847
0.1256153775990661,-0.068983113144172561
0.16044526059659281,-0.03976988639814992
0.20097243880516227,-0.012105126984535239
0.24203841159173556,-0.0029195294015892928
0.27904057536133142,0.01056864464440941
0.30656928174827147,0.0070574466324830349
0.33347152005593161,-0.0033945982528015431
0.34646178160137903,-0.01191830913835094
0.34972203314062661,-0.027218343954889274
0.34792159742987361,-0.032727880720850838
0.33121158096842607,-0.040162165903523887
0.29817799494313424,-0.0359422995632903
0.25776741694121524,-0.023803119546175613
0.20524504266062504,0.00080007451812343262
0.15349108896250993,0.030791218922408652
0.094843163363517224,0.060600164621965019
0.048916661659305777,0.090468593858355595
0.011743266535883151,0.11051594170207868
-0.01738541381390625,0.12297831789281174
-0.029813356511651075,0.12379928121039201
-0.01883316904267282,0.11207528598502126
0.0023906068486591308,0.081205940039873997
0.031389683902199622,0.044827359037324176
0.072238334767049842,-0.0011493328610298241
0.11492711475325328,-0.052054844549973299
0.15325985639883852,-0.091240962795929692
0.17824564143665203,-0.12283677569404441
0.20149183990245256,-0.14566100761083284
0.20301197953587308,-0.14987415028311582
0.19945311748442085,-0.12936744862734226
0.17963457416005008,-0.097931679871229818
0.13714659377293978,-0.055186505196621896
0.095867589035924156,-0.0069293727465882639
0.040265537889931854,0.039352134742657974
-0.014370043742765669,0.084960456997124192
-0.06875506972489423,0.12158823603209
-0.12513220565570443,0.14664511330446817
-0.16739226671463253,0.1629858340023575
-0.21223887697601967,0.16277592250230249
-0.23489847664845806,0.16475014000762714
-0.24462548748423713,0.15465359982268309
-0.24739713570194388,0.14408152951965814
-0.23045873136858652,0.13568805647624366
-0.20362123739412372,0.12170613934887656
-0.16482899350301833,0.11542617455902252
-0.11820234841635137,0.1148392730136457
-0.074449045460825883,0.12090502140780765
-0.019624234500112893,0.13784003426484698
0.024707491394558804,0.14694516448422817
0.061833257218818903,0.16629748293497768
0.086268350421561085,0.17073692465193444
0.095432565342022713,0.17914987871058968
0.10130570192635634,0.18060885108560429
0.072129715418789014,0.16382856142766516
0.040459425861607411,0.14883315951518256
-0.005212588226622945,0.12522335273647339
-0.052162806659825561,0.090328040997606537
-0.10474466576668696,0.059039386521772902
-0.13735733546030249,0.024027503507465249
-0.17008244486885579,-0.0087704498353403451
-0.18480188989320484,-0.036117554298328504
-0.18341409109320608,-0.051637381588793857
-0.16440210993431534,-0.078201947310327091
-0.13036679485236105,-0.094129488371192976
-0.08445120356186625,-0.1120827749269246
-0.031867522967191919,-0.12560140279931675
0.028617668989492424,-0.14158908490017993
0.083999644847851801,-0.15600022516903733
0.13706256595471036,-0.17549173696638359
0.18255132951762962,-0.19519531526752687
0.20661891817731598,-0.21012094488586655
0.23935356238986857,-0.2301454619792726
0.2508718020306332,-0.22871544841601057
0.25675270682777829,-0.21249337899602316
0.25410827389855978,-0.19184589845514816
0.2485990003932555,-0.14601104155304701
0.23948164890313745,-0.085290692443509633
0.22251712354233222,-0.01057615933234974
0.2056027282913527,0.067609543820460472
0.18309957914678773,0.14555025540150857
0.15988871486753012,0.21834433855486762
0.13905138195400035,0.28595034457367441
0.11001699937819467,0.31713022537751023
0.085728758772358471,0.32823281823701489
0.063890061843500587,0.3143212185721323
0.044668270465296644,0.27397277028888722
0.033734028594415558,0.20692129358690028
0.024861889835482459,0.12697404274381843
0.015666217936701615,0.032664589285397921
0.022183212942948335,-0.052855217733449311
0.022711975890771473,-0.13279078617969778
0.020518349796525115,-0.18355032557897746
0.023052699831112345,-0.21454436288163331
0.027353808600123708,-0.2199618565948924
0.024814792077966531,-0.2029348921086721
0.021688948808803614,-0.16790063375917461
0.012914071113488596,-0.11375279727175458
0.0069848725638327561,-0.05617179406465457
0.0034266238505386761,0.0030662186925898816
0.00018891730392681105,0.056832793949697889
0.00086622915926272588,0.09333338716198572
0.0058647352887209207,0.12010476762305974
0.013956325453845187,0.13170277253605356
0.027555208907453312,0.12938140788704486
0.035678642271401308,0.11636074935827849
0.038653519073214369,0.1009679211521637
0.031441965967235468,0.089161936042924841
0.022286687083296723,0.076928597154101386
0.0042533222157651535,0.065798565239721676
-0.029578533099744578,0.065803569124666547
-0.066825767952318982,0.066692472936267108
-0.098671193068198576,0.077437168026335823
-0.13433577786185849,0.091749640514617523
-0.161910343119299,0.093769013576256138
-0.16594148125486982,0.086803652467462689
-0.15519955337042601,0.073241754925378932
-0.13459690169562427,0.046533512089139063
-0.096632006644806756,0.010742165187750619
-0.044826097530352188,-0.033294479165947036
0.017255171481875498,-0.080224634665006636
0.063906704947580301,-0.1277452018075601
0.11320587537919755,-0.16378664522494502
0.14076812574705869,-0.20104071320901873
0.1467748069554414,-0.21844302266179266
0.12064227692105908,-0.21796749426739723
0.080765290943084489,-0.20365766970148758
0.024224898203794785,-0.18179173540413712
-0.042783418287324702,-0.15137320815709057
-0.11636961535342009,-0.12211466048522546
-0.17563053499212555,-0.092342940757878508
-0.21659781322035276,-0.059394088513252181
-0.23040081831467651,-0.055380165803717019
-0.21427651422842536,-0.053872923388429507
-0.16408492289121576,-0.068988351083367233
-0.098193971143275466,-0.085460454704158445
-0.0046459158367949619,-0.1020841290338992
0.08516008812212475,-0.12648955964602471
0.17525043794372588,-0.13444135638441623
0.25689144497583444,-0.1327583438873251
0.31543693968283604,-0.10881849424475548
0.35054195997151161,-0.076279719230193527
0.34874489335017672,-0.0092925359447801129
0.33060385382370189,0.060208604162511892
0.29543294722529562,0.13967091515032118
0.23370565428444789,0.21159277411095659
0.17196108029865806,0.27282898445346854
0.11572230938182847,0.31769536003451171
0.060366691660175026,0.32878231337051955
0.023076938718508619,0.32067671738377751
0.0067007136485504829,0.28407229451620353
-0.0016899924113881627,0.22473722132021004
0.0010136669185825207,0.14617582021888803
0.011280646169772191,0.054776705022989036
0.031349817612988981,-0.028897815033053841
0.050984223930898062,-0.09608772766943785
0.071355285608437194,-0.15368199442352401
0.088598155729239819,-0.1802202895044559
0.10496667566814069,-0.19039487680016387
0.11532918536902065,-0.17521447848365576
0.1184151911629982,-0.14705727299914415
0.12110321268341874,-0.097843419555918007
0.12149456315367264,-0.053812431323602
0.11422031506060951,-0.008981810393488724
0.099058320956930845,0.02924389957956133
0.094759034993297242,0.058884117395750842
0.075033288058051859,0.08182107741569726
0.060688640259786777,0.081524003856324995
0.048936934744251127,0.074498337056125769
0.030898724618953828,0.053343225015336414
0.019463245828316683,0.03196374768725567
0.00042352749566939261,0.0037678972820003971
-0.00057141423266297495,-0.032254831451734085
-0.0028656818185921161,-0.059256812407690838
-0.00038565939110504592,-0.086883154374649219
0.0065457783296356247,-0.10629787320953318
0.015652213100935633,-0.12327511051452311
0.02609991984800826,-0.12293755538875067
0.036685710353995891,-0.12441537066545541
0.039071691717969349,-0.10908026489657778
0.036298629255513741,-0.10055157499879801
0.036444376108061852,-0.075492556661208743
0.019001124722780531,-0.041655816611082357
-0.0048731933864962877,-0.0043155605054969069
-0.021635503519903725,0.034324960772996758
-0.047651756653888884,0.079021295840944597
-0.078043200497092083,0.11925705590769631
-0.098668019859213571,0.14723371065651988
-0.12070722667849844,0.16932142637436645
-0.13491913327218266,0.1756850128552338
-0.1379084562116733,0.16826488621590371
-0.15240021639888146,0.14574206891973657
-0.15003334502887797,0.11311818342997373
-0.14098413047196676,0.071374241413322742
-0.12042556245094459,0.026231981558479969
-0.10195064257777653,-0.016193469830698175
-0.069805924797096172,-0.06506666365080091
-0.040099484584683841,-0.099825937458580524
-0.0072102328228307016,-0.12917487765766875
0.031902555033835316,-0.15263201789232902
0.060439755588098373,-0.16075275453211266
0.090651938240610588,-0.17404165431107646
0.11217348185796551,-0.17802999305414505
0.11757315498346316,-0.18076634722410359
0.12028119247333535,-0.17777530504856617
0.10616748825746181,-0.17717351020763594
0.074048197106556482,-0.17684308572515076
0.039937039756532337,-0.17321329797104956
0.0023148484300157058,-0.17200310837613186
-0.037907425677624181,-0.1708515461575687
-0.079092382576473358,-0.15765263763716814
-0.10191625464780812,-0.14317714256013822
-0.11984099545124023,-0.12061877592890527
-0.11939374453594177,-0.095520348259873725
-0.098130328715683696,-0.06558459413253892
-0.071444108831855993,-0.030513484916379539
-0.03260715536878394,0.012528850501202095
-0.0015957573646314758,0.046387092465849038
0.04520983026020179,0.082483668686876011
0.070063032968446071,0.1153605000516298
0.095755518257707825,0.15175029673239956
0.10453964055543263,0.17176545530037363
0.10892267717900235,0.20121733686414536
0.091681262585251583,0.21879022936870393
0.071552343474744831,0.23266770178824209
0.039468174436455186,0.24891399244979812
0.01812163865101378,0.2487810947931301
-0.0053589333089502315,0.24830557449537427
-0.030613166922212366,0.23618445918391684
-0.04381886328784787,0.22742856339683101
-0.049576859159681311,0.20928060383803737
-0.045996833546619459,0.18703406506838108
-0.029868187406409417,0.17169200169307891
-0.019528770807325541,0.13868332998227398
0.0051525909083055908,0.11431042654289759
0.032120685854214896,0.10326602847544696
0.054448365750769473,0.079278443898740128
0.078969875336563827,0.062708566093813964
0.10384637172196678,0.058135911735437834
0.12767757455111992,0.05137883734449631
0.13619272767203713,0.061031307552283094
0.14225729746201465,0.060685010291481559
0.13589294577463049,0.070745547537908043
0.12323200137440621,0.077163067460254781
0.095180963637435792,0.082109466344522292
0.056264529003895149,0.092996128358241462
0.011793801868730382,0.088968688586700553
-0.046696233141557596,0.088543053551432452
-0.10130808283220905,0.094615072814047879
-0.14671428291311339,0.088322530810421518
-0.19158358454438129,0.088811082098128158
-0.22401620620010387,0.08738089556486707
-0.231256657613576,0.084214773095168324
-0.23543381511105979,0.091621764874334502
-0.21347677443831636,0.0957854621000368
-0.17711884602484268,0.10452807451398068
-0.13483118647127315,0.11481053943836667
-0.077315636881769803,0.12671036548217782
-0.01596301110247645,0.13425385845269716
0.037812085438583269,0.13394224931856502
0.097943568305136536,0.13257987341494165
0.14165887755676665,0.12344803518072865
0.18239932462821193,0.10640617575723606
0.21042968059640665,0.084996527050195211
0.22708784744849519,0.060985574697438226
0.22583778410364569,0.046001202444495945
0.22474980975548625,0.03438289820409391
0.20730280584641086,0.032014478220920982
0.1848755219637174,0.039544721336562658
0.13902673248474084,0.056316506598494846
0.1028449042344583,0.082830659798762446
0.05752699053976891,0.1162514141504073
0.023597440938017335,0.14863988314099211
-0.014890525778040399,0.18036444424511586
-0.045230585746855102,0.21089393858469604
-0.0586130451793122,0.23419456339599204
-0.058744407643822043,0.24374585775082958
-0.043637710309555669,0.24456839970213276
-0.018174883284530291,0.23149396159674898
0.028689114475876715,0.20809719719560374
0.071911891937632255,0.17956766132105464
0.12244739980760778,0.14202529151029064
0.16166963326597444,0.10837354110444686
0.18342249884954617,0.07432367510967923
0.19009303894542109,0.055583805174811179
0.17594175289131558,0.046142833260442391
0.14232043282604037,0.040986995450590626
0.083972418304565699,0.050930724560340923
0.01645090243968287,0.068431172120260106
-0.04885191811570766,0.0916102359697272
-0.10222013730413412,0.12610816703745639
-0.14995352617047264,0.14987889610140179
-0.17504426299134798,0.17224905770167243
-0.15966886699740521,0.19279218804298084
-0.13356948514367514,0.19517394963377888
-0.083992498110670458,0.19596411489118967
-0.008892594065956284,0.18596042306706231
0.0605563644554706,0.18033129521179583
0.12899910791815183,0.16338711056894922
0.17595594600242845,0.14890030234071119
0.20797423355544017,0.13441541309518021
0.20961523869395671,0.1259674633495842
0.17532674656858485,0.11501350493620031
0.12755664417862503,0.10910402343675585
0.065319509834192546,0.09768190605534624
-0.0032245220640379126,0.089172063790959002
-0.071398168388604105,0.074477217243737626
-0.13382373612006437,0.053531612665748171
-0.1794991030038352,0.026990924573269296
-0.20391708212275991,0.0022715081118173429
-0.20183440397617913,-0.037328192340248249
-0.18199705563750307,-0.076045970209210806
-0.14837181842176592,-0.12058206283168704
-0.091857041460025282,-0.15854589918699111
-0.036364864324527547,-0.18408954331697758
0.024491717288938623,-0.20140644016597789
0.085379903353402245,-0.21498278215147523
0.13649931911779459,-0.20324025309291927
0.18072024464477277,-0.18104800860816334
0.21807341730203966,-0.15575172568820389
0.23450322401822654,-0.11287527183317002
0.24173101893497478,-0.067505196745574383
0.23934959886646556,-0.029708337192765197
0.22837275421199038,0.0089716929693193833
0.2021474631417251,0.035405707437700391
0.17563561173637307,0.041486280918535914
0.1336260462640918,0.037422446951023418
0.079249327924789711,0.03010292133520669
0.035600370823731645,0.0044821362415462026
-0.012555493339200792,-0.017829868513751138
-0.0553472569235351,-0.035765345012977255
-0.084751325795129395,-0.056079405923997142
-0.095538628572166523,-0.052839554946854515
-0.094294791282109214,-0.050080434164735864
-0.074880239336301752,-0.02684071791384
-0.04703052405851621,0.0071130442673195977
0.0039722390030014366,0.040770188728968614
0.050656325502947838,0.075210565859589518
0.10019798780454924,0.10249098061875037
0.14252195270347473,0.11275958081404616
0.17077771736070047,0.11424383186578771
0.18262213337954075,0.086140395928009636
0.17902731947597667,0.040889490685954974
0.16429045586832347,-0.019541294106551074
0.12967114506700639,-0.093845425335503885
0.093832799899876279,-0.15098732200512296
0.060718261746145245,-0.21562907162727779
0.033425869418410213,-0.25091808793263953
0.020233438236514363,-0.26624296839574935
0.021536418209890683,-0.24596163536028948
0.041059125370823735,-0.20572919187356348
0.064840566020140808,-0.1437633699857872
0.095020414264886596,-0.068856946957325443
0.12732176852544319,0.016587927571978113
0.15839667018027781,0.098829837319600322
0.16788362348494926,0.16824433403273775
0.16324476564760809,0.21982220061262886
0.1487718910793053,0.2393992084149982
0.1112576541129313,0.24891082500020734
0.065398348042160825,0.23035515677740134
0.011178258825961587,0.19334123675601075
-0.05050023902443302,0.14284989687039368
-0.10822143006156251,0.096779247573718183
-0.15291969256104723,0.057938597550966767
-0.19058713579444975,0.024044548634668709
-0.22031203142180314,0.018164764483783988
-0.225613748386398,0.0088747671320147381
-0.22343027015593836,0.027782227595057139
-0.20050223764626812,0.049350599524966766
-0.17190917955288793,0.084226265516333831
-0.12427139573782768,0.10812840412151183
-0.067619102103884429,0.13445488014782292
-0.005527852318127361,0.15158172938312972
0.063825422430914727,0.15357119289792182
0.14067068362508972,0.14866314106856993
0.20543599584894265,0.12863100084037418
0.25894527906862175,0.095706837393673291
0.30745259630814087,0.058001584797090965
0.33294106443572957,0.019887277685550646
0.34635199178649528,-0.023106825202816463
0.33177753884437428,-0.055446931716031336
0.29323474338923394,-0.08742584767993028
0.2417618731958161,-0.10702645405431363
0.17230827239930091,-0.11696789572703858
0.09336396572603381,-0.13299943771960088
0.012644191326146338,-0.13428507707300222
-0.058809499035582975,-0.13989330474514572
-0.11560839647363295,-0.13999904862491064
-0.15682971257749126,-0.12682766817789543
-0.17378682429125539,-0.12171608881481072
-0.16545370115413921,-0.12104280925045907
-0.13561289317083366,-0.10728893199822764
-0.076164725970195246,-0.094345248094091338
-0.012447488545516973,-0.086036482131461242
0.064679078310261234,-0.078268297754541749
0.14507771761874383,-0.063033883121554404
0.20755280694397646,-0.055152714645009038
0.26942073302063307,-0.038784494144731771
0.31325340714612909,-0.026753392309226336
0.33687862446365963,-0.024044463413578087
0.34685741874418868,-0.015734986316339246
0.35032774686801404,-0.012708361636058249
0.33553129217294825,-0.015860849940001944
0.31356658148297417,-0.024140004618437592
0.29353653030902083,-0.036543080945298512
0.26459004176061024,-0.058626140971969769
0.25027069679233538,-0.079512734267412219
0.22809185255040459,-0.10787299958624312
0.21757569600994417,-0.12831150561439897
0.19842703296710426,-0.15710853607363304
0.17805713831773054,-0.17482524212669878
0.15349709854965482,-0.19122967440940741
0.12994020780551357,-0.1977619348495982
0.09888918787037855,-0.19739496032924242
0.067589294094488661,-0.19027910182387173
0.036955615013540721,-0.17696659225153119
-0.0056723863480227631,-0.15281263525124916
-0.037032943300711343,-0.13951456369003354
-0.061917686278855182,-0.1191544305036023
-0.080873909704639355,-0.10361514433295244
-0.10790547375871043,-0.092711349232284468
-0.11856444081609728,-0.08951385539840151
-0.11867183178454925,-0.095696140893291204
-0.12223317442540148,-0.10829044338509719
-0.12393727892257185,-0.12003574931349292
-0.12243009907414983,-0.13720417461895645
-0.1222093989096905,-0.13969626855911388
-0.12993490567485869,-0.14761063665631458
-0.13404347732267516,-0.14357180999940111
-0.14069409858551915,-0.13952153965327929
-0.15903884890577227,-0.12629036622736636
-0.16818790482472662,-0.10625419321309411
-0.17497022847476412,-0.077107825720246784
-0.18309753991138855,-0.045981953083123292
-0.17954412040674247,-0.017879219840257598
-0.16864409993687252,0.011805039095992682
-0.13990052665952721,0.034462043989234463
-0.10574331901565082,0.047716013976537762
-0.058673937734316069,0.060221681450578664
-0.016751802824689209,0.061649623115924035
0.031886638919327699,0.068270303402267432
0.088451313998665265,0.072673459202898846
0.1363963029587911,0.072109598231653166
0.17800176525687228,0.078973543801162532
0.20412797548286107,0.086041425931668608
0.22144560185330295,0.098998525331171733
0.2246487943053333,0.11461429516152928
0.21482977533800163,0.14248020342073886
0.19091298638476789,0.16742379221241124
0.15664335789710138,0.1918500875873427
0.12146204623845054,0.22517880693480635
0.085871135544626484,0.25452537089433558
0.063483428952016877,0.28147228903303895
0.042012823404892007,0.31403321657754563
0.026838604542619708,0.32633363162191742
0.023833949492163296,0.3490019904142691
0.027156966864733366,0.35524967499346699
0.044181702150563502,0.36218592246799303
0.055001242692355026,0.35776617624467177
0.072657397482432828,0.34608975036240885
0.088379030834714795,0.32184374934873822
0.093897265687548873,0.28512711232502091
0.099398677831249449,0.23606650350554459
0.093568591642603394,0.19110423905913498
0.079562984061203171,0.14234135494473962
0.070429013507828458,0.095108722571550591
0.064886278740433082,0.038708758187904847
0.057026614503097449,-0.0085471973231238015
0.058952345856339142,-0.040371434316839559
0.060521652154018106,-0.073611490321498399
0.074779594040758721,-0.091513005088794563
0.090592547731694298,-0.09982097235452303
0.097453559764895989,-0.09287998804384498
0.10571196642649382,-0.083893787530155264
0.10128476809335338,-0.066756579161902169
0.08824695347855932,-0.053728191235371696
0.050404519472117507,-0.039629370398463613
0.0050691639476691764,-0.020830096881882112
-0.053472416297921189,-0.0087748678961657341
-0.11406143397337794,0.0039450858465743359
-0.17472584374321432,0.0060534318193872878
-0.23763269732356793,0.0058957663369379777
-0.27740820790158593,0.0076526956863910301
-0.29922399449656256,0.0055635287069170109
-0.2974564570378328,0.006539176281479259
-0.2598551099571359,0.0036260281200309881
-0.19824202274910294,0.0019185548716059795
-0.11981180943415158,-0.0006738785139489287
-0.03220342363472449,-0.0013147064826292175
0.073947196681735272,-0.0026681560765447728
0.16482582197025714,-0.0077438076882870828
0.24483042150127599,-0.019957767535020488
0.30831445103660088,-0.036033456414366671
0.35027917659397484,-0.053550782768236674
0.36678239213642261,-0.07776833296406982
0.34670305647373217,-0.10614509445257463
0.3100038552166961,-0.12920771482882445
0.25981626951960046,-0.151923746752685
0.20033857070171729,-0.16757576453212947
0.14363977512118012,-0.18489592527242213
0.089448320217481656,-0.18810850243506974
0.044335487093718484,-0.1883021556474242
0.027428368400519709,-0.18346724411444268
0.014411938825877593,-0.17597326751393999
0.017853347664164881,-0.16925460494696659
0.028376425076731659,-0.14892350245696048
0.043614975815453934,-0.14003187506045689
0.05678425490240116,-0.11695715920924882
0.065199145170500988,-0.10196346897742616
0.063872334531219252,-0.079383507246171908
0.059771611104328257,-0.063349693586594646
0.044279733957426355,-0.040056161898636963
0.024628650809004997,-0.027126081147966611
0.008461785965274771,-0.008289765936607324
-0.0027699257364889422,0.0013455794364263434
0.0047389420927935423,0.0079831567168560102
0.015921786868932107,0.0014883066183655675
0.042717153786090083,0.0025830796507709643
0.072677590098778097,-0.0085192925904953413
0.10961022276424091,-0.011318390357937604
0.15610138347299274,-0.014077692972393221
0.19203148196707243,-0.025359112208308013
0.21263994148924292,-0.018146935484325551
0.22177138538341032,-0.016374726305175336
0.21786455102643892,-0.0031012510523377368
0.18780008360395103,0.013784034000204729
0.15222693475667065,0.035251654859346372
0.095235885119473895,0.067879111641913945
0.031275617004113576,0.091875139080637436
-0.028713252682814064,0.11404356199200202
-0.090644203533149489,0.13523781877406044
-0.14520424323872719,0.15048571664207749
-0.1833244849232756,0.14333330408409409
-0.20457759040542511,0.12191044669824028
-0.21519401930514326,0.10890333916236718
-0.20170572471954273,0.065914551713436992
-0.18053288612111762,0.025294818283981488
-0.14686187268084097,-0.02210955479036137
-0.092759785839524975,-0.066114264611917287
-0.044576120895300372,-0.11590551020296111
0.0015687821761945758,-0.16018716528041368
0.050972497879643738,-0.19342976111877588
0.093201977174978953,-0.21929578601942798
0.12528496933153013,-0.2273248545932719
0.15118793976375799,-0.2414540956659175
0.16354435076847082,-0.23260985913716178
0.17057452672782006,-0.20993194760954706
0.16109760165233383,-0.19454997574558494
0.15358227702020075,-0.16195336181765455
0.13409605501385827,-0.13442370801278866
0.11253095136502261,-0.099824866024206454
0.075818204769762851,-0.062301236193079139
0.040958495080779311,-0.023393420425531764
-0.0045879857621163988,0.0045270264148879226
-0.039407639357648412,0.032699072731205876
-0.089799551233587668,0.057314547294273162
-0.12576537447505423,0.073607414229643814
-0.1660704496554665,0.087195140539356578
-0.19523612329307952,0.091677587027122462
-0.22364331895981909,0.09533449757498913
-0.24334348702920705,0.091161482482017608
-0.25392239802432304,0.092802383212331294
-0.25692066751552234,0.089199352146155264
-0.25685814102071219,0.08677843795964077
-0.24305234827612288,0.090232669380907696
-0.2306167855438255,0.096523556170509062
-0.20239496817102989,0.10980594035587639
-0.18157364795883602,0.12478760820835737
-0.14945959991441288,0.14222906114239606
-0.11576722271833544,0.16343877595802436
-0.094881619127865954,0.18504078251085937
-0.063927895055180498,0.20659562536241458
-0.033248967606142585,0.22969656824324242
-0.019317763651916196,0.24258433257659143
0.005368707366573129,0.24928067458920972
0.017797405043673081,0.25325082303673546
0.028952255442436285,0.24385405435218263
0.040723017376207912,0.23596412966473826
0.043613807205640509,0.21432800757239731
0.059919474654395691,0.19310037349650427
0.067869157155149379,0.16145395209808344
0.091103704954503859,0.13626640417074612
0.099777637544448544,0.11602992068050053
0.11779082828352132,0.091427206497484911
0.1317919039765803,0.074494261093332168
0.14570346516597121,0.054292475075616728
0.15337830467793698,0.032725512182384092
0.15439736727101724,0.021799053865032208
0.15291447888935708,0.0006341752191944541
0.1444160720220036,-0.0132210358424933
0.11628736730152886,-0.031078165414938668
0.086437209445398941,-0.039952976607476043
0.055723426942651602,-0.049237571009568229
0.027893050537261016,-0.048063087675614326
0.0012172251616533718,-0.04690889827901449
-0.022857799367464821,-0.028555100259135355
-0.040753579423232378,-0.015782936856040829
-0.041614391983529953,0.020122262781922536
-0.038659306152988522,0.044760818963902133
-0.028056287043836808,0.074965073322569215
-0.0047014882907520338,0.097995842104676531
0.015873182704137345,0.11216476749749703
0.037769697985107223,0.12060821103465123
0.05722632380489389,0.122033309277871
0.07306183637868055,0.10241674018442243
0.083395070902512011,0.074752674609334283
0.086710422016604158,0.027425510416356609
0.07770785313760728,-0.016951498446474873
0.062903728325979957,-0.066497263286337191
0.051308290625166952,-0.11132169269993032
0.026424840458414464,-0.15172537327182734
0.0039564545001974493,-0.18096664406969515
-0.022433858806948662,-0.20264019368507294
-0.046064226899600061,-0.19976618673762842
-0.076418399438459239,-0.18524966555404127
-0.094016951887286718,-0.16422392782528478
-0.10760670757658727,-0.12747211668149455
-0.12100551060917171,-0.076714404931168378
-0.12993199421947796,-0.013211045865023172
-0.13437393307334869,0.04911435876118115
-0.12865571469333609,0.11803641983000009
-0.12398751595567191,0.18001232844760748
-0.11262787988600524,0.2493574556461256
-0.09939021240513489,0.29687484708094475
-0.087966177115343144,0.34552090067347463
-0.070824600126302248,0.37111814551716238
-0.04138503362542776,0.37860088335590825
-0.020209176124610942,0.36295454387903264
0.0048558456308904806,0.32494684896510312
0.023555796301499756,0.26561614135835115
0.044465288901315653,0.18182283207892685
0.060764935058182895,0.083372869448492176
0.071794551006079205,-0.017924379173986923
0.072346237723034529,-0.11010483565204504
0.082815751953308578,-0.19553663469209581
0.073145469873623456,-0.25538060854380373
0.063001965566788193,-0.27051818516110171
0.048300428316518845,-0.25901462230277095
0.030261187649790439,-0.21293365112649901
0.0051340825937939826,-0.13032714571560017
-0.010339739933996993,-0.037526689584341917
-0.032602760688192171,0.065597454991106904
-0.055595269477154867,0.15258384871936143
-0.072187453565746323,0.21940357494912696
-0.084732485383076553,0.25043196493917813
-0.088677106602647299,0.25357979975639844
-0.095324605286266795,0.20909335356058883
-0.089151292380229855,0.1308780181445621
-0.078533757247932198,0.036118646660906924
-0.059816350900166869,-0.080962631564296839
-0.04030259664484976,-0.17677227378211569
-0.014589345874746194,-0.26647193545838394
0.0037904205313996527,-0.30779035072401367
0.021768800706367011,-0.32507930948794006
0.041820024973266465,-0.29010758642385909
0.054316055150427929,-0.22342690597327805
0.064613154403392381,-0.12588978519546859
0.072232471644520652,-0.016601003379521407
0.084780589132491188,0.08664187089443745
0.094691601022305352,0.17782890772574661
0.11641873307756259,0.24406841870913695
0.12792307424350227,0.26708061556315432
0.14749458223865897,0.26378249923203745
0.16589498781561943,0.22272940863127688
0.18083470415072497,0.16278475587572735
0.18866409536767564,0.075354019811888009
0.18702758743979764,-0.0066682362503734114
0.17911121895469589,-0.081111018545207442
0.15723592745964787,-0.13258838320904912
0.11768552333166153,-0.17088241060124995
0.074023453124524338,-0.18830048834487303
0.014408481521120342,-0.17989149279056224
-0.038195844756864182,-0.14945728666217956
-0.0964825287179846,-0.11497440930219732
-0.15060460906540002,-0.083433230882834136
-0.18367233195641391,-0.054374912193694357
-0.20066680910062204,-0.043101187993918724
-0.20746608725053362,-0.051779791884753852
-0.18715965964539077,-0.070445175722847544
-0.14878687326380416,-0.10045866874758748
-0.091983392936427433,-0.13683334112711137
-0.036170420300173013,-0.17562143486635726
0.022172521883382763,-0.21086669750334266
0.077187365654385165,-0.22890946996339437
0.11549568373735236,-0.23056289919622383
0.14239662317400009,-0.21444713740244473
0.1583896488572363,-0.1801125646761782
0.15383969354801691,-0.12129344727265279
0.1367633799765863,-0.065422618743575439
0.12065376129604838,-0.0044395065032091638
0.10482254224927112,0.055480728726962143
0.09399470127036981,0.10825452323651769
0.089310602177186157,0.13469860047409127
0.090636597042769759,0.14463815501775712
0.11010140323621173,0.14538386962684807
0.13513053941749578,0.13286164854789403
0.16566372827304141,0.10842890040624259
0.19497802595129834,0.070873016717898321
0.21791740787987621,0.040836289929760107
0.23227901985615662,0.018348543647452337
0.22332033975915191,-0.0024947067352037383
0.20150810389393539,-0.0043369692388440144
0.16221860161383975,-0.0052975957304142703
0.10799707831379515,0.0093473439756196694
0.048900973092583046,0.045055752041858931
-0.014042285166468134,0.073160046824407368
-0.070865758702880879,0.11069556465712739
-0.11977566505040481,0.1480451191158357
-0.1485073952555318,0.17366086231823433
-0.15740480493340453,0.19230440590176553
-0.15625805855915317,0.20200943983026731
-0.13802174197631684,0.21409137838110751
-0.098914222135491225,0.19651270359691356
-0.050331211243524791,0.18547876213812509
-0.0027659358275935082,0.17512950677777425
0.043545040713484875,0.15554609243281928
0.079552409890617085,0.14279659236068792
0.11792823644508547,0.14144578873169916
0.14517967280067537,0.13426177194680794
0.15358852670355339,0.13456719952372942
0.16188171298860013,0.140780249284155
0.16183090115586227,0.14781251199519849
0.1552251155444479,0.13774265720428233
0.14750563437529235,0.12518629337806042
0.13977561226003521,0.10490329966844678
0.13738987573427311,0.072642391751676166
0.13203793360149896,0.035507550564201663
0.1265123803520006,-0.0060713733622276339
0.12793736309375095,-0.044464517576106789
0.12331641328932991,-0.073183847179869171
0.12165894884696744,-0.098476768579823529
0.12079300801812071,-0.10728408673848895
0.10709428460998727,-0.092281775736222205
0.09255368791954402,-0.057761896261697081
0.075890221679708117,-0.010860225681254627
0.053730255984636051,0.04496233874125833
0.036264531687621532,0.10924441916630212
0.020037968314136585,0.17927342947832925
0.013062051135859426,0.22812484748685904
-0.00059302483700777835,0.26886569823228951
0.0063004407809880911,0.2896132594934816
0.01578091446519508,0.29021330166272369
0.024947280253484097,0.25639075066763839
0.040051351897001555,0.20748945334480323
0.06501695309171962,0.15456059197202893
0.087738625467423795,0.083391680160388684
0.10295594697534734,0.012176100588848984
0.11487802417728168,-0.052696105891734901
0.12023652296110296,-0.10832407863464524
0.12713524378288024,-0.14387346203462989
0.12643546949877316,-0.16431883319726492
0.11207071736820594,-0.17502608974266248
0.099183354720605771,-0.16459386966241527
0.083984219794681611,-0.14223012052917819
0.07048140640813344,-0.11539925870593136
0.047069523269978902,-0.094501936885060742
0.036054016431610041,-0.074603046880785548
0.029237640204511112,-0.061918812476116754
0.016648178369048097,-0.056637349501778185
0.010273889374578103,-0.059372610325064794
0.0082843385668952829,-0.070728989259698075
-0.0006099311980733383,-0.090006982024965737
0.0056989031012662419,-0.10117533671014221
-0.0012934025120086897,-0.11507593431371528
-0.0089136411645013239,-0.13261932141190419
-0.01821668770357112,-0.1416416188906498
-0.026903224037877961,-0.13726851454568723
-0.037875150073066459,-0.13146416572949007
-0.051273894994688332,-0.12550298367019239
-0.074818407411789398,-0.10843204191734589
-0.08910761524915245,-0.092733198339218739
-0.10447322299679138,-0.077102997698242498
-0.12470000719970341,-0.055096987455012771
-0.13889531782017672,-0.032103072354575587
-0.15126920805647132,-0.012100260437989778
-0.16088053821607465,0.0046627725791828769
-0.16851539070285462,0.02544785005379049
-0.16632956156581111,0.049393285351892614
-0.15679055791923061,0.05890187508474809
-0.13887761039958499,0.079330221160061637
-0.11476430710396547,0.095635510028680495
-0.08592623258001103,0.11121104497562356
-0.048131082142975457,0.12714621565557468
-0.0068589568329457725,0.13964248980366667
0.03630888067267006,0.14263334931941568
0.077530569665194005,0.14518168652453348
0.11895949190406807,0.14332732765406131
0.15489486560322924,0.12966845758303924
0.18073250001481528,0.11405692243676833
0.21951898337210696,0.092136476364574407
0.23346012211455974,0.072226598089160876
0.23909109666659703,0.046897210676140014
0.24323434045410861,0.030176777765526127
0.2363800305394366,0.014187985514069947
0.23219750558443758,0.00028140972204333814
0.21473924418340823,-0.0038164033292006879
0.19807114955670826,0.0015831308276976425
0.18165389127418011,0.017249495812152078
0.15686089681114021,0.039266500721780027
0.13681425569117631,0.066383356090383525
0.11345015765479741,0.094869667308961042
0.094632236886346935,0.11908386759731991
0.086119585944226792,0.14646785379740351
0.074444431724283874,0.16124658513520881
0.077370285806485056,0.16829320135443163
0.07747975265577596,0.16997638999348055
0.084903325092899676,0.15618280248193125
0.093018985088621067,0.13167673454475368
0.10733043327819358,0.10791721523979313
0.11021253383640313,0.067404008449047897
0.118657915215047,0.029162087561235502
0.11843073412775959,-0.0020284018947141456
0.10371504646657559,-0.038759054237450859
0.081775270104321576,-0.064838334248002685
0.054966952183233629,-0.086992381821299036
0.029525428992437722,-0.10742377377652805
-0.0047028889536187609,-0.11484165022025644
-0.032968682190816896,-0.11328111692316367
-0.062440683265125689,-0.10414665839205176
-0.076669350772239547,-0.07577852583263199
-0.091910664177996648,-0.047295520527901834
-0.087152775783282566,-0.0030843550178294857
-0.074755952361510072,0.04004740238288531
-0.051439107349125691,0.078958470209116269
-0.020300132756245516,0.12690977238298232
0.01121762964616675,0.16492420477550873
0.055915638322275814,0.19739599014811357
0.089073091113008873,0.21201174042812257
0.12655473850972432,0.21606759376873691
0.15083807249961298,0.20981611535622727
0.1795098110779664,0.17290193316008351
0.18759544413645893,0.13327174714506748
0.18829306845536073,0.086081064597418919
0.17501151327285608,0.028368205663496928
0.16108728451844007,-0.028036599866999707
0.14017943313222864,-0.070148025761933672
0.12206974675651253,-0.1055795507769817
0.096948663986961017,-0.12914304450083791
0.079998942889433128,-0.13448726111111281
0.06147312205928343,-0.12998214628462812
0.053498214616497286,-0.10934799716325976
0.045062664014875908,-0.076433235230458113
0.039786985958012902,-0.05384142877746341
0.045688727037873141,-0.021356977080874546
0.059010011805192088,0.01277960362832738
0.070846804305791655,0.026922325960639048
0.088433886883811028,0.039405289256087238
0.10631090548288277,0.033038114017778397
0.13673472313823698,0.026783461336379689
0.15443820313114545,0.01347984478833722
0.17956348356830326,-0.0045507662383126269
0.20814891454715265,-0.014642804664983217
0.23592422870356336,-0.0235918454817718
0.26758235616751935,-0.024030870984484698
0.28772912235139525,-0.0066244650972217397
0.30434610218002811,0.0022722504337890068
0.31585678718613075,0.029454279627414946
0.31545092174232997,0.050331693624992985
0.28945961477350901,0.071260754656299538
0.25693677744897214,0.089242371143029631
0.20993847571742902,0.093825957149496791
0.13553063201196919,0.094512203586176749
0.063232556852509655,0.080834891476922216
-0.021722486283950175,0.065109745892202767
-0.1064193029741969,0.028912064644398279
-0.18356104759866929,0.011769239052564388
-0.23766244336183731,-0.013081886582720633
-0.28021949391298495,-0.0294771603675856
-0.28428516541955468,-0.025522965145942732
-0.26784504202840304,-0.020705002600261455
-0.22325181768876703,0.0041336516469411789
-0.15012146664818529,0.03017649248430183
-0.059843469808747517,0.069337304363944877
0.028470718774976651,0.097353705235986715
0.11721364869249182,0.11819154982229134
0.19202704416793387,0.1225931646033297
0.2476414682559871,0.1020185769331908
0.28313448404487268,0.06860605828608117
0.2854439317303632,0.011708355206279499
0.26376330599142561,-0.059123911571201442
0.21912383219988166,-0.12875797771738265
0.16365192357650865,-0.20416223319748364
0.10215120675819596,-0.25904875682007161
0.041259330737521249,-0.2959818283504444
-0.01141359178251468,-0.3035040755303457
-0.0417150438453191,-0.28266532122031218
-0.057506943387708474,-0.23207904156483805
-0.060353738815031956,-0.15503433629354238
-0.054945242006077359,-0.071416779604305328
-0.032920873103959344,0.023031394595541013
-0.013189587996900778,0.11582372333772371
0.0073670135231131695,0.1730021923055326
0.019684378234417658,0.22313515137220111
0.023696048747754987,0.22777889604441678
0.021572546732034806,0.20331119309807658
0.0028636853309890672,0.14779433970759459
-0.0075487442323864621,0.069736165665934269
-0.026203620231037755,-0.008274750508946372
-0.040552982581340463,-0.098828831522991295
-0.044345548384018385,-0.17541772928024321
-0.040199439082134858,-0.2315968754424341
-0.037635626789725173,-0.26187860634731663
-0.016378066994660267,-0.26597621667167437
0.0059806844576868537,-0.24790960410484769
0.021499894254449557,-0.20143294447155205
0.046325478518683662,-0.1497994103192708
0.072498119349329843,-0.088126687842982415
0.099382750260399277,-0.034233527920303465
0.1238383670887187,0.0067901519108076961
0.14105717192943096,0.03692190507313254
0.15720267679336022,0.037132130544287767
0.16941205732689482,0.029045746296138437
0.17385530200098609,0.010382776413494452
0.17041828686077046,-0.013332872416921219
0.16592087315549289,-0.04595260693790907
0.14401421509310766,-0.068350355265641607
0.11766784216666282,-0.079376253236624436
0.073693113296142157,-0.088803716069485103
0.036645874257507448,-0.080215523699071728
-0.0062371645171826629,-0.052034189557248922
-0.058495094322849349,-0.032103167334135457
-0.10102077918311271,0.0037017649404950401
-0.12801464794522008,0.024662656579136164
-0.14437721852551899,0.040801264177485003
-0.14477415733359042,0.053008261918123231
-0.12871851936115203,0.046127979871109982
-0.082959938052014293,0.041263206040933191
-0.034474869478039606,0.017265672632624626
0.025176430837097113,0.0014259462165322969
0.095055052286640893,-0.027338610582507149
0.15086104945621806,-0.033637795111462518
0.19620360915953802,-0.051133561380416269
0.22845747934041885,-0.050559868912241152
0.24709476625070981,-0.035886960490611082
0.24139872113214483,-0.01472140777717082
0.22220333482804908,0.010787378207521337
0.18856422603848333,0.036260297892690668
0.13531301736024787,0.067697294577888853
0.082609685380012329,0.10257258428482616
0.037535133218840097,0.13341378639498161
-0.010966595538710338,0.16409802306260865
-0.036598365499684288,0.18832219478681231
-0.053176963228005115,0.212335857623595
-0.072540045598602512,0.22952529689504078
-0.067750265283802305,0.23981016458130666
-0.06633467816110046,0.24540403670711267
-0.063570826510193995,0.23495213239843926
-0.061348214398346264,0.22652297591327625
-0.062635762042951446,0.21560416092847043
-0.077307684256348763,0.19076823197102341
-0.089202301232013906,0.1699277869665386
-0.11765970176002817,0.13579828182212647
-0.13858019889953196,0.11010354477446303
-0.17123065830070183,0.094744195859987751
-0.20117372338717809,0.079834667135769879
-0.2192643630694357,0.070583760303532292
-0.24010509549057429,0.076156523336884593
-0.24241241344624065,0.089229540225669007
-0.24630935440061008,0.10692401232321998
-0.24189335478074048,0.12996025359235586
-0.22959419463242731,0.1658508137866582
-0.2174491863125855,0.18650271087948606
-0.19769047358514696,0.19916886283754687
-0.17045575059134269,0.20537014285532867
-0.15038026127530044,0.18692297020263449
-0.12007561417023328,0.16407988983893745
-0.096943310467571889,0.11541150157677919
-0.069222823368457101,0.053498120244898459
-0.04637271061948299,-0.012473069241291414
-0.022573629634901754,-0.079127038297707494
-0.0066270471303720557,-0.14302210717095179
1.0770142593050439e-05,-0.20183906581484312
0.012331581195957911,-0.24753850223120422
0.0071280821508305486,-0.27854660115791791
0.0091679577618019349,-0.28574922853781431
-0.0081708860885557639,-0.28877086881151232
-0.017162582976054185,-0.25850810392805973
-0.031882261889079944,-0.22916811441475027
-0.046785919566623549,-0.18981358231001133
-0.053579213699722426,-0.14122986045268612
-0.058010977441995119,-0.091063391196998009
-0.04840565450661273,-0.05145188066403833
-0.042881628799489015,-0.005355603559386986
-0.022941424726177148,0.041204507117578323
-0.0059136002930445259,0.065776443700228435
0.017870656690090716,0.090940486295218656
0.04278880496342595,0.10897070339513565
0.06125928997955056,0.11035400703802976
0.06816717405809096,0.10347235111574733
0.079357946805796276,0.078518271130777584
0.076009867419245938,0.049311700451762433
0.0696984389983374,0.017059544301263101
0.051988234692497574,-0.020640815977022067
0.031165710622911992,-0.062792448371469148
0.0075480283597708833,-0.082813629812428013
-0.015058363378873714,-0.09591305039823253
-0.046494099932381218,-0.10224835755029847
-0.067733250210298065,-0.084209355543269804
-0.083483374022238294,-0.05086709763015286
-0.095348376585640271,-0.0099238718893159029
-0.11077069143789189,0.03973664853459459
-0.11567630748731493,0.090410280314988628
-0.11701302781515095,0.13364571504278849
-0.12659149295262268,0.1755699147560642
-0.12529117604568946,0.19127109774541728
-0.12225237812962998,0.19025810792547168
-0.11950812162315518,0.1664324570825739
-0.12420668450479523,0.12212519825952163
-0.11662492474218579,0.068644747115139293
-0.11134271140064211,0.0069565001647237945
-0.10564665621046336,-0.044649734636835803
-0.088912316490209781,-0.084616627568111294
-0.067620653536566058,-0.10991583871510159
-0.043251599945210974,-0.10614072543009441
-0.024069275988618861,-0.080607772610147108
0.0074710072476091693,-0.031764204082719454
0.044254547242087106,0.033181011587509683
0.071674063549638997,0.11039683838046817
0.08881889757240588,0.17703362280289148
0.10582405977901323,0.23767372548608293
0.11748625199790781,0.2749812135402695
0.11093612017308717,0.29385493368716364
0.09757747439734174,0.30163966965935274
0.078374369108453898,0.28530705123191152
0.049819250997617089,0.25184121292873557
0.019212909311955184,0.21872180933932905
0.0028423991386684862,0.18079144587328733
-0.01547333348264387,0.15881190204141934
-0.015368215532778685,0.14237142761799676
-0.014225344306702531,0.14520521749558193
-0.0012989673051155767,0.16462593264449008
0.02279835686371863,0.2047496337226507
0.044422776666692809,0.2426200700002008
0.063052899214838976,0.28175948620494656
0.080068676511525882,0.31461316113041371
0.088188156698977671,0.32904578753658814
0.083282983315099174,0.33961188693120359
0.065092964163152772,0.31814181588963464
0.041369412501510709,0.27522755143814637
0.010959438740369854,0.21731137716181828
-0.026696349685010792,0.14149299498878229
-0.068740128210138862,0.068256090630649913
-0.10103810178175114,-0.015704691106013625
-0.12842929436686401,-0.084584747713831829
-0.15461560820267811,-0.14004310038691892
-0.15204231513242294,-0.19124698013695329
-0.14884192514001165,-0.21368494495510112
-0.12782428577157562,-0.22820599266017072
-0.09901537229920862,-0.2259487431216215
-0.067855086836750178,-0.22255058460618221
-0.016078534293040035,-0.19875877610035877
0.030674378327107864,-0.1724240657462156
0.076099896827538413,-0.16767548539689028
0.12633445511205299,-0.15548017900210451
0.1742846744438869,-0.15226544061672745
0.20976772012469161,-0.16013024929729916
0.23143160753367481,-0.17069840744566933
0.24501416068548826,-0.1722701575328496
0.23884425651982322,-0.17901256774984767
0.23103629347803384,-0.18717613704364067
0.19600145343590983,-0.17351749311595258
0.14582187015698,-0.16094750329802868
0.075547337278366711,-0.13840992539662536
0.004775572732464514,-0.11740564387983211
-0.074560101661392514,-0.084470121632142764
-0.14135528051133978,-0.05256242395975267
-0.20331124415630203,-0.027892517754285719
-0.24757218418053151,-0.00059384953882311766
-0.27222650623553535,0.013055861614628156
-0.26546272086468387,0.026029225393578347
-0.24164873766840733,0.02154279161927846
-0.18995677680556416,0.026947752343998366
-0.12254962468822735,0.030870520533597942
-0.044525595039642485,0.034911342469501824
0.027637660480424611,0.038483925488551902
0.095100727689684958,0.043718848286472371
0.15366366009680521,0.057134904819706789
0.18793019096956307,0.07086567395727314
0.20278763133512914,0.095281751895786623
0.20520643252226961,0.11499169574844477
0.18434569635445963,0.13418434253125264
0.15833527087741453,0.15410871566619591
0.12086558186188445,0.17304142917732132
0.085018209573987882,0.1839794473294997
0.047809447986021915,0.20259404355439897
0.013332794743267932,0.20409352825479377
-0.0067256802238330766,0.21046087172601297
-0.023117333524624015,0.21653666323238283
-0.020112265180288295,0.2066896487536995
-0.020473552029555531,0.19775659890843317
-0.002532105321272779,0.17698812653323928
0.0036468266781452142,0.14329485500559086
0.023815944344550866,0.095655874378107214
0.035617857155175472,0.043850365765749341
0.047635673700681926,-0.018938962140662329
0.061039492763538122,-0.080958312745239638
0.070538054916930243,-0.14153334501912082
0.080947864935293767,-0.19450489001617996
0.085159240439784387,-0.22907760211154085
0.09717229775464635,-0.2490554494750235
0.10342757361650047,-0.23856559511449837
0.10039728287674796,-0.20382059642157963
0.10604040421529858,-0.13980462412668809
0.1059675473738685,-0.051508095399060504
0.099048682069271018,0.042087587965573284
0.10004961390620221,0.13225173227837664
0.097594712293727875,0.20345701252004869
0.091435368403023909,0.26517271634448186
0.092165056233174739,0.2940535755841977
0.093588507873561017,0.2932777657293022
0.096114032300976565,0.25732454783535069
0.11245030766462853,0.18877160949671334
0.12519723703019286,0.10290638076074851
0.14032651709314475,0.015902047487574136
0.15106924645672323,-0.077345798915219047
0.15584822836291412,-0.14681349393863802
0.16676568008818662,-0.18652082895683708
0.16056074944421092,-0.20651065445487049
0.15243224349988554,-0.18829123531899328
0.14275758384696982,-0.14356340328967096
0.12081916314621924,-0.074582850503475615
0.090383533445559675,0.0020465166256296817
0.07326991162969046,0.075142827918526195
0.050028317657551669,0.1354245035332606
0.030827843223061716,0.17273336854467361
0.012758396720202016,0.18385622255632747
0.0017085991582340889,0.1653109908200307
-0.00010817375578127744,0.12493028627801454
0.0023203248603952849,0.049157867862002526
0.0076803102944943448,-0.019103910004050963
0.018521917448966037,-0.099071613160674851
0.0273808297961411,-0.15804470279309291
0.040773682191491759,-0.20625732817525722
0.045175110467251957,-0.22461817636710857
0.05141832570007869,-0.22043655845019056
0.045239014060000068,-0.197719082827467
0.045004608700012091,-0.15462358656559741
0.051386912164652979,-0.10705977254674184
0.059102959725019756,-0.051627499558697623
0.075652370201185926,-0.015618293703795905
0.10062230893451869,0.012487164549724074
0.12313128352014117,0.02291697248557607
0.16135644406080935,0.019901276735848104
0.19927796612392246,0.0027773529189350772
0.23669437992150349,-0.031623037026530208
0.26643285673972783,-0.064332021711063295
0.2790127840334109,-0.10087251416207403
0.27886754411683606,-0.13001931274642456
0.25524368669859243,-0.13870170436585547
0.21790285924617411,-0.14343870310997614
0.15777172195409161,-0.13074519274633195
0.078592940168464492,-0.1135146826226521
-0.0052693059944784182,-0.07366167651729745
-0.084988342090263444,-0.038969755315706803
-0.16299368012946258,-0.00086279582157152476
-0.21103899883822691,0.034060809119307284
-0.23701199396152153,0.055040918363367733
-0.23049214197836318,0.07387467671220764
-0.20737896717659871,0.082759437394851157
-0.15294574185734444,0.072960824805852947
-0.08178721605526465,0.066053237667361278
-0.0033514091975085248,0.053119948025325769
0.077759248893187916,0.046767811888191319
0.13139505223677664,0.042722310503355954
0.17590079094494065,0.044339425852552378
0.19484528051593386,0.051203405404302495
0.19787643433859498,0.070055103411188202
0.16623442803153624,0.093663503249816829
0.12573027517359386,0.11688177900547719
0.0745270893646581,0.15123428180587711
0.031983109887783058,0.17298843954306695
-0.013315339022649588,0.19415017691269917
-0.034806084008712317,0.20426955636879587
-0.03660596670522244,0.19824818606964542
-0.025476007288395539,0.18618759612713789
0.0017819244339871091,0.16411566828492696
0.043568276666090942,0.13921695282335825
0.087907734262084147,0.11025655589599484
0.12892264549924468,0.081084266493417406
0.16303604074112704,0.054326139326323929
0.17968729420701549,0.044204330417342723
0.17242513395305334,0.042172281202442437
0.15520979059372922,0.049184658807101315
0.11507080516866429,0.065463631166066502
0.059338718460816807,0.084773068552942754
0.0031188584461674914,0.098140387031173476
-0.047823802401989135,0.1161417282163015
-0.10454960740178246,0.11823577651270907
-0.14737131315966973,0.11385166885785233
-0.18379027402092932,0.096176273260690559
-0.20286748114978373,0.056664827567699895
-0.21133968012198628,0.010692814367624082
-0.20617733973304128,-0.031043818786015937
-0.1872565865831487,-0.069471097160450537
-0.16815723427510923,-0.10927350863747542
-0.13472068095317252,-0.1307108124279559
-0.10631670098367167,-0.13960041025995734
-0.06833123643723471,-0.122778679558113
-0.036292835374478472,-0.097047413870352511
-0.0083039222920293972,-0.053243086890395058
0.021449567654700859,0.0108684624735355
0.044390431043641418,0.074424125642568451
0.054065932691782455,0.13549995984077973
0.062665316820528769,0.18653148991382168
0.056396454373221834,0.22863065348138964
0.036390136588867042,0.24750765735872418
0.014362923917481528,0.2529700878482658
-0.020910416966614949,0.24629277600516231
-0.055960526217084271,0.22566404388753095
-0.094500922088426642,0.19679838790899079
-0.12929902759700063,0.1628279438935305
-0.16250469503149556,0.13850072931530621
-0.18437154156125649,0.10801042376332569
-0.19297632028328993,0.099062269763296948
-0.19703537465921683,0.095727462082505668
-0.18395025835332435,0.096472689216644592
-0.16084467173777825,0.10878718362205463
-0.1162569703518256,0.11614044597151996
-0.075198069807343032,0.13385122086239296
-0.030070474762905607,0.14386148214439165
0.016715503106208271,0.15010274329182127
0.062701099245621131,0.14820269718680609
0.10739431014695508,0.13843309289423233
0.14524416502140844,0.12201266857374843
0.17070499625851149,0.095793811645074653
0.19315637549548303,0.064551849245754439
0.21524951414750004,0.043230637992935396
0.23020478049216436,0.018460825627893168
0.25036358626680028,-6.3365863097198001e-05
0.2651232868259768,-0.01123366502809385
0.27727951953239582,-0.02373731270822391
0.29079253778101061,-0.029769634594024843
0.29805027040042542,-0.021053171825668592
0.3040107323424685,-0.01335972116098472
0.30357446121730614,-0.0047351976964074239
0.29858667439754594,0.00024834677444513908
0.28799324456037179,0.013633805831351306
0.26416320143776317,0.019975125703998575
0.24953119599752838,0.024489799466404234
0.2232410987667548,0.030178386790418701
0.19953326108786956,0.028404743464018511
0.17985884442032299,0.039794971806042377
0.16128868338915903,0.042389424609159537
0.15170348001684189,0.042300969932531324
0.14377789406847294,0.052704828575248899
0.14857692498153499,0.055903082891584445
0.14875409900660796,0.07319805288275015
0.15539254395709459,0.075330826505605561
0.16361520580222835,0.080450436175839066
0.17365746441253133,0.083718932462112136
0.1806555009113332,0.07814176749930174
0.18610892224664308,0.072093450040690066
0.19045314948958564,0.048157072502632445
0.17501206763908864,0.021022075952929944
0.17248427123126539,-0.023806507153153838
0.15995095527200043,-0.066556636552151743
0.14985641010430656,-0.10496874871841161
0.13520115976391925,-0.15392939241425035
0.10948058344892414,-0.19133317443456443
0.091673817809592995,-0.22530316427218597
0.074969908115382969,-0.23863535780796022
0.054416671623833984,-0.23474973344377009
0.036531268954815642,-0.22930935206482744
0.01739215724596652,-0.20162580610399711
0.010354263001680438,-0.17131953288904289
0.0096314848143679126,-0.1305612357467745
0.016703812731945301,-0.092048087211007032
0.032157930610589129,-0.065642680855596658
0.059217342704373802,-0.03989057637108586
0.098105236998560219,-0.023150057266626372
0.14282179324028799,-0.021108231359097149
0.18027150826416768,-0.027846313851438879
0.21899641838623451,-0.039504795158308716
0.25457076791271233,-0.056665793174685598
0.28846178547522022,-0.067580067301838118
0.31022645625994733,-0.076414753648122155
0.31819729550040238,-0.076512797652264083
0.31261275432878227,-0.061211135088317013
0.28377483590571412,-0.034980252677913722
0.25363660926309006,-0.010865187644623762
0.21748271186190971,0.028857180184102882
0.16878771319152872,0.054651011615259044
0.12675589744307492,0.079696775496897215
0.095866432902880244,0.098003497343685006
0.067814759814723527,0.10305805130646269
0.049355945426895233,0.093205068082489156
0.046165996590752365,0.073334467511767434
0.053853584529657085,0.038836898380314219
0.07391733082354425,0.0026007355916614142
0.098875247829417021,-0.031168528983050673
0.12774861861436951,-0.072533668557461503
0.16388263478672513,-0.098645336102285833
0.19952019188601569,-0.12268698689925739
0.22628925303957806,-0.12752599305523135
0.24991224454322195,-0.12348515941396659
0.25704235873798037,-0.11167304053038563
0.26028774667584226,-0.087256711856075406
0.24443405128905074,-0.052704735137317188
0.22658402379187745,-0.025535660479895379
0.19517514814524495,0.012112039642826953
0.16075074837132813,0.045743572736486764
0.11688151999279271,0.087205497042196559
0.08647826591509368,0.11414262800590433
0.03511776648815141,0.13363378824735861
-0.010053643677050786,0.14628786556965789
-0.046179132048303553,0.15397385877340089
-0.081384589096049162,0.14585755199854442
-0.11527820507944021,0.12462303155934584
-0.13947987288723177,0.102149471988673
-0.15222735282171507,0.06147500423293998
-0.15230039697240613,0.02055418967947677
-0.15300490874121409,-0.027360080086958612
-0.13902348142330681,-0.072864028444927995
-0.10738935968165365,-0.11754014082554792
-0.084882040048299814,-0.15328010316241861
-0.04572829730918887,-0.17562826741443588
-0.0039021458080079393,-0.18323725173630506
0.039643399424280884,-0.18290153268576925
0.082977288843531408,-0.15239405851794127
0.1158343166956812,-0.12327461877580856
0.15194389735623723,-0.079517551227120703
0.16960643939389666,-0.033333755812731326
0.18081002667331397,0.013372108922397926
0.18416683592380576,0.050283013070603143
0.1710869153303089,0.079161127725066324
0.1502910620584689,0.095556596830319404
0.11426226838775827,0.089842555528743387
0.072772003218185846,0.066925300842139018
0.014578952444121903,0.038580372928523732
-0.044634197574920015,-0.0040427163070573613
-0.098423834689468429,-0.034480948077470798
-0.14667618130699506,-0.076200817714061189
-0.18443516031742649,-0.10243382835749815
-0.20924370429333494,-0.12287163544724053
-0.22975631984866191,-0.12900412240608031
-0.23511982594737524,-0.1167897855486459
-0.23820284350791437,-0.093494051176685938
-0.22701459757020612,-0.068735848280700451
-0.21465496942402032,-0.03776127998736644
-0.21366932294366689,-0.0091402732120576813
-0.21586929224799803,0.018916550445314692
-0.22868854586031878,0.03586559809903745
-0.25143854210458833,0.047844142198832644
-0.27387270132521868,0.046527146353588268
-0.3004683884634648,0.041927575533614592
-0.33277674588766454,0.041279734298997658
-0.34881871287366795,0.033675523125030811
-0.34933532304705595,0.028535355958243629
-0.33551385157738212,0.033767245904751518
-0.30621248825223607,0.040552712723422979
-0.24607658600106669,0.055179864449444366
-0.17515516556836444,0.064828961212362951
-0.101437670368082,0.079044581469469369
-0.027207489422546506,0.094261385880792151
0.037122468580640007,0.10234343672814732
0.088557439623724268,0.10439363780860224
0.10146728343126038,0.098495584667248101
0.097263252304951447,0.090622069822610257
0.070317504820171947,0.073201296322111711
0.018086170252973162,0.049071871967820091
-0.057207135857092549,0.026468581005759845
-0.1214353265607581,0.013328632011945778
-0.19417362127950685,-0.0098500271897290458
-0.25052798105356544,-0.015733599213646737
-0.28250753344102125,-0.019041109739653221
-0.29458223471051814,-0.0021370970905275552
-0.27373362479980612,0.025406989071963086
-0.23941575819197697,0.056152953772425587
-0.18272370730786933,0.10100658316921626
-0.12380283656044323,0.14812344437665526
-0.058476798057119299,0.18796915880285398
-0.0050027573693321344,0.22969571483476298
0.033222250101680652,0.25852385075934059
0.056239873735403415,0.28750791302845558
0.054025206831496073,0.30140498003679644
0.036921873345874226,0.30082879625464803
0.00340944657359964,0.29288710866619955
-0.030119701934915213,0.27845777642908637
-0.070975894520367955,0.25388861795713552
-0.10024346298653145,0.22505220937498585
-0.1247029586899273,0.19352895299538966
-0.12178600815561687,0.15990787139972321
-0.10439875224492404,0.13176837391913959
-0.074030830484076007,0.105794108706959
-0.02095511809486586,0.075776590441095096
0.021874872785953396,0.047449774762922697
0.069115088610271172,0.01610068001339849
0.11055648481220659,-0.022655614845562652
0.13703577216681592,-0.062525873411046096
0.15486633174811615,-0.099496638419869887
0.15684495668630402,-0.13834942223280672
0.1525658034869414,-0.18592297617422635
0.13095673285785028,-0.21932725517961718
0.10746664050091656,-0.2477958914285685
0.08455775536818573,-0.26865339051042286
0.065974116817006309,-0.26793333632845001
0.040629058786664958,-0.25182185342966951
0.033254871131134817,-0.22020723045096754
0.040459579528641515,-0.17533472896507132
0.040755782477967496,-0.12011371301168033
0.045871471890485217,-0.051527188002937908
0.044709905439297204,0.0074377305434723158
0.053702272166972202,0.062679438838947096
0.050539936729858161,0.10707305168965647
0.049012850360373665,0.13866093553533715
0.031579220016600795,0.15693371313229496
0.0080214970557566326,0.15174596288850753
-0.0099354138393088608,0.14548771035437724
-0.031274040349816838,0.12148380602981448
-0.048075760320577032,0.087327291511628435
-0.067327456345928266,0.05866835625722043
-0.084778836442254368,0.036263253613440571
-0.10306117085756229,0.015882538135578838
-0.1181420745069021,0.0037018163755746449
-0.12151901772838401,0.0020560279465917826
-0.12560172952281898,0.011489996784345676
-0.12960531245822698,0.025986222027489403
-0.12186071063013813,0.049933201304903481
-0.10071302110895614,0.07541619825872542
-0.086466838521931003,0.098687817548384363
-0.054539607466714567,0.10680414705635138
-0.018349524138835144,0.11488652212315235
0.030800178061774076,0.10695096561178725
0.076115255715183738,0.084814871582483659
0.12560845594929396,0.060302856175464686
0.17051334796522505,0.036177419591736842
0.19540833807145755,0.0021716176697626865
0.21375917186918192,-0.034012976745222682
0.20527809601536756,-0.063587305446256251
0.18882183954058018,-0.089131537452156087
0.15089452868417089,-0.11125888057434517
0.098846510726284989,-0.13191113894586481
0.039745009587765626,-0.1383812909082735
-0.016339192711525202,-0.14639911760092014
-0.063060980596130398,-0.14426258480000204
-0.089060977751983045,-0.1484672435902514
-0.098717650124054646,-0.14865875703122883
-0.080317369071709915,-0.14753659797755014
-0.042028401875717492,-0.1445069560585584
0.019831972589101958,-0.14472927919222456
0.087221261961087232,-0.13359687479757953
0.16949406780692411,-0.12063901464901478
0.24058658918756415,-0.098066218084127216
0.296063402710323,-0.082309182944059409
0.33030591940377463,-0.061961347882183639
0.34017727665824488,-0.026537431278640455
0.32257303763102391,-0.0060877122728591549
0.27892643197692951,0.015441766256371284
0.21853182541712904,0.048821652348646535
0.14696913388065835,0.079376471177900657
0.073271109746099988,0.10082758158985564
-0.0018468062732516118,0.12203007433959086
-0.063651038793646697,0.13919868814023897
-0.10719923198340499,0.14557928563116074
-0.13845759889011747,0.1571334104561404
-0.13926328809239807,0.16318483038526482
-0.13258080328944072,0.15490109481314582
-0.12041224537699484,0.15322334701489237
-0.10179091913719139,0.14294464934391463
-0.088350341397028548,0.13179024424269556
-0.079628465659193765,0.11496622168137675
-0.077599219591663687,0.10138354710548964
-0.088010691896613744,0.084130477403967646
-0.10091635830567487,0.069082470363554707
-0.1303752458206428,0.059901917109531931
-0.15245778269903559,0.050001170355217277
-0.17845314612593011,0.036038761828748468
-0.20251736690652061,0.035014582892124432
-0.21184269491037128,0.036928651907733159
-0.21996228100635654,0.04395797141751813
-0.2161567438331253,0.044205335236795304
-0.20285691944479889,0.052083112539886824
-0.17820235870608722,0.073180184552454688
-0.15269013652564392,0.088887147220476651
-0.112366725062646,0.10052965740422623
-0.09052311258624135,0.11676819077043861
-0.052755806528308781,0.14025248560906731
-0.02015120351621566,0.15240556316724374
0.0013838469547759556,0.16614444453667446
0.029813683795783731,0.18083034039804269
0.042906874093713757,0.18812289614089781
0.061108162425282601,0.19520153933283974
0.075636596006744647,0.20211653132223029
0.091902231137699519,0.20536450454530789
0.10766877660421825,0.19788725272707444
0.11728465088632017,0.20127966552503582
0.13247991283431718,0.19831574227360327
0.14549120492485587,0.19717101248845512
0.14870104058686281,0.19197506936271005
0.14379637898729034,0.18422535724407765
0.14054628532037597,0.18530269363269297
0.12927694661419639,0.17267391014888522
0.11044069336205921,0.16873021827308549
0.079399572543743052,0.15772899814846864
0.045434977181539882,0.1624028868971617
0.0077565907613762744,0.15088467392360641
-0.019709426437244597,0.14989331149293644
-0.053178224794681615,0.14712595345247673
-0.075553231763053452,0.14866652618321183
-0.085423378594316632,0.15121308266892888
-0.077815547352070219,0.15227881805045199
-0.055312778981391204,0.14450835127539097
-0.030486234846670367,0.14802101983320609
0.011137920975146119,0.14340590608592169
0.05941818086764717,0.14182941812871558
0.10010780680383648,0.14393395803399164
0.13990339368881069,0.14307673214111047
0.16665893150540145,0.14199397230757821
0.1796417267851915,0.1441040569690368
0.17408414695321628,0.14489223542419824
0.15134964247748495,0.14416787682931448
0.1211877634615143,0.14368759389275637
0.082711446111789488,0.13745075678324567
0.031988181034481866,0.13388596036797096
-0.018393962197024528,0.11554388769212778
-0.067085052025247865,0.089207989163456777
-0.10643951484565779,0.056623667495141285
-0.13610273362711683,0.015664183933430408
-0.159702231760283,-0.036241173786335179
-0.17093194493838901,-0.092685102183547308
-0.15536018930787021,-0.14213549058716388
-0.14844725505936354,-0.19625232600103251
-0.12414692073631452,-0.24173842810233115
-0.089022783963690816,-0.28063461840955001
-0.0529855117137066,-0.29681627268880267
-0.01565914493058574,-0.30473727427088637
0.023958160818269101,-0.29557229932712326
0.059872958672940506,-0.26789387300446371
0.093761018560963152,-0.23034494866868896
0.11530321583424044,-0.1759945523015366
0.13456076996088265,-0.12665029441928724
0.14017740113763899,-0.077204602812081011
0.14073865649748155,-0.023255031949650205
0.13845661704820897,0.0304015021601945
0.11264800777980236,0.065777578733068415
0.086481079980105971,0.097937099004435632
0.056313464050676894,0.12255440158525277
0.026698161158481608,0.13602127324356228
-0.0042834513888530719,0.15972465420788728
-0.027213601411729953,0.17576391943602898
-0.048318468522558965,0.19537918474218774
-0.048497712443746802,0.22077553886676951
-0.047013909901749272,0.24410038495841271
-0.038849003544518985,0.27907836152146165
-0.023772341761031247,0.30258875466944912
-0.00046257569758063714,0.32553250219576707
0.022254223769292487,0.34103838276846948
0.036651528186214914,0.33980424884159516
0.052508066217305027,0.33640244330942298
0.064535959890390251,0.30978047147049825
0.069184781539172652,0.2740242113706694
0.062290333512278154,0.22425065985815962
0.047197750147208187,0.16411078467876941
0.023340853163509,0.11236120192695456
-0.005076496153361686,0.04776969238128189
-0.032626761061768081,0.0036871639940501441
-0.067003668838333905,-0.034974850455779256
-0.10257310624436002,-0.057053684813628179
-0.12898243496899084,-0.066484385393357728
-0.15277649031081642,-0.067820930128644485
-0.17786621297012539,-0.063907186878904246
-0.19333446152296133,-0.055931333469012995
-0.19200031557221542,-0.048360066243072312
-0.1956680991138878,-0.054423912693765376
-0.18702151529347252,-0.070685580185918639
-0.16815860420256706,-0.086313906673215465
-0.1490255971875678,-0.11727897676574056
-0.1156487416058216,-0.14609257423602939
-0.08427658635141351,-0.19252908971321961
-0.05492943077388706,-0.22633940758880644
-0.027548194049824046,-0.25043775640955551
-0.0040504758845999068,-0.26827522016095345
0.0055281161784749835,-0.27117365256641612
0.0094219169396217231,-0.25895401900646453
0.011162442605572013,-0.23137539681773078
-0.0017414460285646097,-0.18602942509984227
-0.023904439034499729,-0.13203527159132405
-0.053453355758530406,-0.070918420401618942
-0.088018826143051995,-0.010324584102008347
-0.12882210579546496,0.049088107983883716
-0.16532837973125231,0.10190630047476643
-0.20127407666350927,0.14968140053586612
-0.23448806006591891,0.18137371317829132
-0.26907223779171113,0.19736607673354806
-0.28225742135196075,0.20721743449138971
-0.2927886986874858,0.19669927117055261
-0.29519443924787919,0.1769681323616861
-0.28561134294625873,0.15483666624160708
-0.2600095935898325,0.10916064117837794
-0.22411017818839546,0.064058992025035594
-0.17856162995184552,0.01347802477973414
-0.13305451883265695,-0.042820702826602053
-0.08173450705784864,-0.09911032288949187
-0.030643297225272502,-0.14687247060497627
0.010368655242157219,-0.18005724963052455
0.043549390407605686,-0.21625822190132701
0.066197468773359788,-0.23075572981967002
0.078504441024791261,-0.22751207072385476
0.067922408434162321,-0.2118759180285707
0.052202940562397514,-0.18312831638149704
0.021446741983509123,-0.14125064366938817
-0.017261109044315014,-0.096124045769284891
-0.051027992173649082,-0.047117618675921055
-0.091052008961606215,-0.0069697436973231745
-0.12186702080161572,0.033527795521767906
-0.13837032928221443,0.049409336425341836
-0.15361336906823952,0.06417114566109898
-0.14847413543435423,0.073782619582377404
-0.13884235833962416,0.064803806337938433
-0.1214181686723607,0.058276701411288732
-0.098512269157138135,0.043180918581857783
-0.078754941233650719,0.034852982962349149
-0.059379997292661073,0.035900605430951575
-0.047199725873654036,0.045773634007464238
-0.039782451940745783,0.058362920466216862
-0.040322578714207809,0.089515257914976026
-0.039497823970732558,0.12161754085394272
-0.059200408622212368,0.15240445155855292
-0.075501587763580083,0.18103429026997586
-0.08256379240670482,0.20262215807440265
-0.097152311958513038,0.21320173135685708
-0.11359146567698922,0.21026287381470901
-0.11616673056227624,0.19741487338437397
-0.12454342001382417,0.1664860052539657
-0.12353697300635925,0.12813591671749128
-0.1339139404965459,0.084502068261220267
-0.13337221139309827,0.050881124367216653
-0.13480380234639799,0.008674360642496097
-0.14603308149843183,-0.01819185694858421
-0.14990999869664559,-0.03188190876723343
-0.16505648987342256,-0.042280207784168113
-0.17543112214513701,-0.043126292939184616
-0.18974874662050234,-0.032546917978956154
-0.19362573655037352,-0.014957442424864319
-0.1882881852309832,-0.0032965441758976916
-0.1806285862651997,0.018299949275335292
-0.15696146173967368,0.03108070202691211
-0.11846595127992519,0.040961155942620696
-0.072636646886210895,0.044552380330145511
-0.021439311401186704,0.049919726770604328
0.034265102643084473,0.043460208394335231
0.09776965431146184,0.036361703536814373
0.14143270791275564,0.028617115924825763
0.18906982312466647,0.023651884622546946
0.20858121498530144,0.0074714318160710213
0.21777682695730408,0.0096870763726353351
0.21470791457229216,0.00090068147740044249
0.18908740691360404,0.00042905996442298318
0.16980264602298781,0.00022129268246802794
0.13611049476690329,1.4691569678957489e-06
0.10979933268007241,0.0066094294451391972
0.090313978366151015,0.0044947981729125406
0.092801582541470029,0.00061480374507119195
0.10453279881644999,-0.0058266176806626895
0.14100871527072645,-0.01348819986350713
0.18479636686490006,-0.023661637426105067
0.23629882065762967,-0.027416750094218584
0.28266077125388639,-0.029949523961464535
0.31841845354678749,-0.030942889188622601
0.33738698643255727,-0.022576053944542349
0.32700461722307228,-0.011805659373930289
0.29220506071374908,0.005913293370340262
0.23464866223493727,0.025877950352049196
0.1473875085527096,0.050387656304712973
0.055120173135330179,0.073831535727969841
-0.048078916348946475,0.090169853444449763
-0.14218943415261492,0.10150833377195126
-0.21619872748189731,0.11070119001448313
-0.26751331703938019,0.10750191972098022
-0.28657363961228577,0.095067252664249771
-0.2750087572378685,0.063574811880091051
-0.23083115948229099,0.036327465573805125
-0.17302661430367508,0.0038944500741234563
-0.11331516124533969,-0.038150391746839596
-0.034155849502881953,-0.071875172741051097
0.02597340671104309,-0.09717191097014774
0.065106383199486154,-0.1027956896357109
0.091505233333903133,-0.10299268819816455
0.091163250085050232,-0.087938893699584617
0.069024405163080074,-0.050027288110186953
0.03157944153859691,-0.0057156833679837147
-0.0072254056053426396,0.043968051869158316
-0.053019462586586401,0.10556475677163414
-0.09347375234666247,0.14973061069780619
-0.12247878315957382,0.1981522344453488
-0.13061652837583429,0.22982935874729843
-0.13253139470240125,0.25699794490090355
-0.099391048370168517,0.2669500815181981
-0.059844448634794732,0.27076951619878908
-0.018604438875417989,0.27102408172078402
0.022815986736696183,0.26718493283595252
0.056436845943123315,0.27031987647334604
0.077574966653076796,0.27367245904940013
0.097689055684185774,0.28305752161337855
0.089656473228994032,0.29302505905559156
0.072162221811885682,0.30822162973029738
0.039334273057617275,0.32180222727681401
0.0033463701843726634,0.32611691756428263
-0.026929205070610251,0.32440072209852233
-0.055278080514627549,0.30640617127838304
-0.07671266156164637,0.27394644697308623
-0.078360511606459599,0.22611977992936019
-0.073820653890922697,0.1624785962269695
-0.063889071157411964,0.091176770096911178
-0.045990050450378725,0.003578772202144284
-0.028894761628283069,-0.069900925730865537
-0.012940767732786048,-0.1538605159545528
-0.0073259433979017703,-0.20488778358447432
-0.021209690024591221,-0.25627494066161471
-0.045232952237820437,-0.26958909680502291
-0.090383840664273865,-0.27486515145330986
-0.14218745073959985,-0.25148555963837299
-0.18889215367414494,-0.21649041964636226
-0.23874130420257131,-0.16452335930772202
-0.27254533327073799,-0.11248601140292014
-0.28975329780204434,-0.055624225461578927
-0.29119358892882241,0.0031600532533351995
-0.27084195655197596,0.045330040944702048
-0.22844542358387096,0.080852942226969107
-0.16496826113457994,0.11098850284184887
-0.083114431216146714,0.12639595244477955
-0.0056441635588232366,0.1394556167513244
0.066875602584225327,0.15012794998126719
0.1169670711781202,0.15558537824630375
0.15248337685663199,0.17174652496662887
0.16065881941548824,0.18837940973345127
0.15818600304982747,0.20910244454590105
0.11766308388919543,0.22818326581863965
0.065768483309572717,0.24427227955405734
0.012462231590229892,0.25303163400252898
-0.048308152251979847,0.2574271901632999
-0.097685068719050819,0.25069081977361496
-0.12066047739345991,0.22329348656384318
-0.12769843065781084,0.19486725684563405
-0.11461908944201772,0.14285114681518377
-0.084570247134268903,0.083997034026018255
-0.04331836542453172,0.031550137359373509
-0.00038260018730718222,-0.033947133847191814
0.042678217621629135,-0.083685057425567991
0.075765269918940628,-0.11908743853752866
0.10099532596438011,-0.14156189728469817
0.10448483194372125,-0.13835527800971667
0.093975862259476489,-0.13546554976816022
0.066293245701731132,-0.11617361250053877
0.029106308022243552,-0.084299957481970056
-0.01097031675508991,-0.046689544951862408
-0.055048240683026696,-0.0046838663702943916
-0.086504958532857709,0.041049636944780907
-0.11919075550630724,0.086056558758423551
-0.12024723595990865,0.12579806368782698
-0.12095030027560806,0.15687996113729993
-0.10883647589551874,0.17927659725142692
-0.086670646653062206,0.19369322078963919
-0.05820251708647458,0.19194122136732961
-0.02061899734951788,0.18632445133544695
0.012927516604685163,0.15293149315319771
0.049841028872688257,0.11945458594196551
0.084748072653481277,0.063187077180561074
0.11504438754495842,0.0048074863678368501
0.13670230586866927,-0.053229101193430078
0.15373282575626171,-0.10773979546802201
0.15587046293921764,-0.15492844316672683
0.14656309764274822,-0.198517844017644
0.12208671086964418,-0.21863698061626483
0.089632014016411604,-0.23513984453062436
0.0487242709293138,-0.22154896970952057
-0.0096076819939770308,-0.20265003962999364
-0.067155391785696281,-0.15937724930347602
-0.12438335227145948,-0.11219502507092759
-0.17886570968483628,-0.061001583243464629
-0.22814870041015989,-0.02368805627033959
-0.26592019747530338,0.030951356637477813
-0.29268674359665342,0.049929976692174617
-0.29882681301027414,0.068993585384017508
-0.28145623945480108,0.057208406242447725
-0.25331390823316841,0.036637779699921262
-0.2162150587830752,0.00018369183138930434
-0.1721640927813293,-0.040588660718296067
-0.11819330872181345,-0.093067564503453257
-0.075215654411098357,-0.14594658440919397
-0.029182906878609763,-0.19516752439233986
5.3428396401791062e-05,-0.23919961962473849
0.017649527423450655,-0.26369896828924899
0.027178729743181598,-0.2870511783310315
0.015213192861895082,-0.29376508818718972
0.00096812859257876076,-0.28637007714162488
-0.018286072263450866,-0.26994590041563737
-0.048902590679103124,-0.24373438971364106
-0.089224467183240203,-0.20037086124397563
-0.11933733985138877,-0.16356153881885649
-0.16160649804858715,-0.12367937721236069
-0.1925981979654017,-0.082541471900438812
-0.22102863178988008,-0.04258388564652945
-0.24374275223083608,-0.0073036446829064525
-0.25753214289253334,0.026610389471378327
-0.26641473252262193,0.053896692498865403
-0.25656660297678452,0.072649011750334738
-0.23502443660297126,0.081857624542425816
-0.21402700975064495,0.085350493917925277
-0.17193274493677527,0.078151658405635607
-0.14002289206342164,0.068648367012857869
-0.10218364668649682,0.05006793525399364
-0.068048974273085094,0.029746730775099744
-0.054967230584634132,0.0079132366073183611
-0.048313680053935104,-0.0069987803513289334
-0.062745551329491056,-0.027394088352508342
-0.094054736154349963,-0.039158178399416987
-0.13443516160153235,-0.046547025415953354
-0.1852086280671168,-0.04769195364031871
-0.23529813091399507,-0.040999980211149513
-0.28844889206839242,-0.027567824966924791
-0.31251748516075051,-0.0074617065611729165
-0.31978485941496565,0.018632300763361302
-0.30710667986734858,0.0498265005983064
-0.27736888497472167,0.088210872638122342
-0.21543887568125647,0.12237263913297244
-0.14231752707611775,0.15937004283356987
-0.072137205489856263,0.18811179181689458
-0.0028251020981461521,0.20833157745601383
0.058281260244350194,0.21557321262156054
0.098457401985670726,0.20088095987120941
0.1132167735449419,0.17802755808028081
0.11472698443050094,0.14283609095850924
0.085507598412892488,0.086125414631984268
0.043944961639021854,0.036439506082190168
-0.0019084927563172479,-0.02024563789292394
-0.058035493370731016,-0.064512668858848737
-0.10658547124889271,-0.093478267726494327
-0.14281287241580545,-0.10300632669990911
-0.16800885286374292,-0.085810317117905099
-0.17631817707659211,-0.051090516899677745
-0.15994851579957214,0.0020342619370459659
-0.15133199865896038,0.076953857091043021
-0.11763199349354121,0.14640521992013245
-0.085773208337757811,0.21142657778112853
-0.05876811965885035,0.25339055589300846
-0.031002455888891903,0.28183931828916226
-0.012012171425243046,0.26725257150143128
0.0022878315817901609,0.23227052781826507
0.0090142942204994962,0.16855638000660081
-0.0016721417982704413,0.096102776149133984
-0.0072493030331155523,0.0068311978015337957
-0.018973409838943592,-0.077559628331244024
-0.026684922044439383,-0.13212158718816325
-0.032631334550821331,-0.16488746253547046
-0.028326926873198169,-0.17677945188644631
-0.025103695418871384,-0.15261148114322753
-0.0083846024374058577,-0.10408786186180627
0.0067456231094838049,-0.033236595186597669
0.025918722929613523,0.038215147039888014
0.036986688430134314,0.10497166655100876
0.046046883814723168,0.15148436408668622
0.051335112811991136,0.17855006704160253
0.046171895519052202,0.17780937991162521
0.042919144162209856,0.1405638450775121
0.033315450725011901,0.082275843644179031
0.01876700788906217,0.014558205849064688
0.0068480391249283162,-0.068459389935015866
0.007336736209121307,-0.14273073618007523
0.010349271506972268,-0.2069740696504041
0.032637946331511389,-0.24462297195011234
0.05373959501153739,-0.25965017758620096
0.085797510156313581,-0.2486814038382007
0.12400006624032793,-0.21231530732288706
0.15787880018523825,-0.16315480876350094
0.18358284776337999,-0.10763804065415668
0.19861515908211316,-0.046427657792672605
0.20335643676331433,0.017618544137210174
0.18091827046730705,0.073541313223839805
0.14830587234848519,0.1080464747323767
0.091791315215483407,0.13024983927479247
0.023585548152263679,0.1469880465711009
-0.045548466872715035,0.14213160115763054
-0.12305813597695552,0.13129122342573513
-0.18295451462382512,0.11032172416768259
-0.24699299539054181,0.08519290503175489
-0.28721028055909775,0.058903967857160136
-0.31085563942716732,0.033584657418784788
-0.30763510129661586,0.004005237835651613
-0.29191711206240623,-0.023468686361538468
-0.25946797535047234,-0.041631947237667243
-0.20429632732724531,-0.049279817134517866
-0.15716833529403873,-0.050849968112520863
-0.10425190071929231,-0.041064561111509142
-0.052197685917537359,-0.016851063843650819
7.8664508554038282e-06,0.023126400591120647
0.037079508458867649,0.06826204272731734
0.071054551971449179,0.11901618406966702
0.096150545204833154,0.17383011577655316
0.10994389526258523,0.21683768451032165
0.11721627517601257,0.25438190958593132
0.11080991651343278,0.26970008375038379
0.1010492464928186,0.26921678386760817
0.080622071557075625,0.25335093245618656
0.061835542328950575,0.2101880443181082
0.039659300283526509,0.16251164259091358
0.012984387473597987,0.092873296289215673
-0.0050932931793352103,0.017294877246850679
-0.0057613027505281997,-0.058491647939349987
-0.0057243101194121727,-0.11508998069807685
0.0021696804965600121,-0.16223639856225244
0.029415295409190079,-0.1944791463996611
0.060834423455802145,-0.2076538485130176
0.10031043868365075,-0.19849755760776591
0.1460224409887482,-0.16280709411488825
0.18951336895438609,-0.12374693783020058
0.22628041937082025,-0.070359864258757843
0.25167191961934854,-0.024992201649280732
0.25415617632867615,0.035074649096231821
0.2439850556885077,0.095414476052417319
0.21484598776982947,0.1324091454527361
0.16388642760611569,0.17310867798541171
0.10938534956285485,0.18775934250336937
0.043919392495917906,0.19367557496195895
-0.0086866522676349086,0.18575220937730391
-0.069453410145067507,0.16720516574718863
-0.10759583933037022,0.13235999855059177
-0.12898432856045333,0.083146694250891509
-0.13630571088739915,0.034113298784847805
-0.12035006289010421,-0.027535382177169183
-0.094817908390352298,-0.086894804965296418
-0.062446775679972179,-0.1393830996197549
-0.025927585399980961,-0.1892154070370114
0.010187581715244521,-0.21266564161109858
0.04741990706787557,-0.22867208199383696
0.083295076552371644,-0.2242272865113466
0.10659022116556877,-0.19829785380329282
0.12865212935374665,-0.15220723544904585
0.1421179189663575,-0.089742941605914353
0.1453172794025395,-0.030886247356434766
0.14177151499622812,0.042556966305328944
0.13114890594828055,0.10554057389354037
0.10473266521635388,0.16214497068034975
0.076844565554707978,0.20487034862158474
0.045057461783768869,0.22589222031168446
0.0042168626565284098,0.23352674394214729
-0.033701350080731746,0.22490880215546905
-0.071010805512306915,0.20129697601317761
-0.089502351627351207,0.16657091225567872
-0.09360565518136485,0.13037082412448214
-0.07097184014101944,0.09030873233290633
-0.03714330975068305,0.055615408820121538
0.021211488596533434,0.031259719605141401
0.09801749379273636,0.018197934041078282
0.18080794772951708,0.00092022540290855916
0.25013424726798045,-0.00099433059798161982
0.31456129221872159,-0.0098878523264290044
0.35289130908049277,-0.0065243989913835619
0.3626055000504172,-0.014325125429709911
0.33580740852060109,-0.017110512106876842
0.27887438461374298,-0.02344999146764655
0.19668268554362342,-0.030539274953712097
0.094445616948805544,-0.047543287636701383
-0.011334796936083866,-0.056417618105245065
-0.10183937286095815,-0.059851020735695627
-0.17612401251174437,-0.05680786426762597
-0.21271969867402535,-0.046918504839251605
-0.21563274296188081,-0.030511677505207991
-0.1797191638694807,-0.0098482428895482858
-0.11230735142850541,0.024565448579709465
-0.021374015395603553,0.044839475930962401
0.083602286328956971,0.063503511763229492
0.17910253714306859,0.07306647910991676
0.25557604504562054,0.068725911812462862
0.30939645454271997,0.053762742446631609
0.32897686798181269,0.026476437125727233
0.30830024616268148,-0.022741402885065355
0.26171872970365617,-0.068968024333648237
0.18527650003124907,-0.12580689026838443
0.093869526432940123,-0.18003274549305612
0.0083733484291613498,-0.21783242652519405
-0.06968163417248488,-0.23283481812043427
-0.1307864753439516,-0.23592085924410339
-0.1613815122282814,-0.21131497916610642
-0.17227958399540089,-0.16722611570903217
-0.1522368957471949,-0.11289549488061366
-0.11767182396110439,-0.031356001432709217
-0.066760450110833994,0.042785236151152505
-0.008340195689850333,0.11227247360152545
0.040552091627459916,0.16262186527852529
0.083401511934266093,0.19614631387086498
0.12034898532180363,0.20182447017789343
0.14217323127664985,0.18633805263385642
0.14999640503489334,0.14690035286846531
0.14685543674668425,0.091701193856399438
0.14051692242858205,0.024349839016652785
0.13146884638733444,-0.04288728996723333
0.12229034817756033,-0.091554182014379398
0.11127327621481013,-0.12929839392294667
0.11213891841543677,-0.13882360199667387
0.10842860777372992,-0.12955806407504092
0.10960053976758376,-0.094581331816694925
0.10123866668424066,-0.046396949347193212
0.10631126358155547,0.0096873561309890055
0.10960755486381599,0.060036387086768665
0.11337182531867096,0.11112721671367705
0.1101886503938582,0.14585961154840579
0.10853751920007972,0.15948426344068553
0.10756959620142247,0.15981952320681986
0.10173266943619796,0.1413618916687179
0.098014068782516034,0.109193296511226
0.083663793019185195,0.08065750251348637
0.063664873521452531,0.038488354253031515
0.036490829193337508,0.013730618614872122
-0.0071017289445855138,-0.015567619677027807
-0.036306547870537699,-0.021021131144177634
-0.084822094954573338,-0.01318818738239462
-0.1404628408845012,-0.0047829546589082369
-0.18449636839359265,0.018815858157608282
-0.22786540237801697,0.052638349279889765
-0.2572760970123173,0.074159678420025424
-0.27396910978791755,0.094662869331275087
-0.26379826994573774,0.1019080777302996
-0.23938546839987634,0.093763386586372163
-0.1917833813139648,0.090412724017932974
-0.12319606534856285,0.072647627873885554
-0.051758240283970296,0.039482097768755713
0.029544509699480782,0.01032471002704366
0.11557731024693768,-0.019889539692971497
0.1888245746096987,-0.05453600957994225
0.25258687269484786,-0.076725845632605899
0.29757844530171801,-0.095568241084159664
0.32191750515324657,-0.10778129768219857
0.3271832196725088,-0.11639093966800905
0.31160481085404507,-0.11594355276152843
0.28139100033427888,-0.10737557388637924
0.23588648316527019,-0.1044635297063153
0.19047502669291053,-0.093370275576701689
0.13138974500068051,-0.082474523338564851
0.077634269014659016,-0.081321869847530009
0.029303437508116682,-0.080699299114119077
-0.014910694972353549,-0.078202694922747534
-0.055528579578540259,-0.079455745066008859
-0.094121889569818665,-0.0800829166699151
-0.12009901455057022,-0.078492473264810347
-0.15546502741777279,-0.074340720191430426
-0.18306581826436019,-0.065929431406448219
-0.21472275862359733,-0.055283996052660336
-0.22606632439645089,-0.043774328537380731
-0.25640658784323661,-0.030043487810460085
-0.2661574130767379,-0.015403592445036685
-0.26850545517580648,-0.0039283771074904309
-0.25261488448156078,-0.0027398611409309949
-0.24029600993217753,0.0062045150323119785
-0.19762391213631042,-0.003115168381085367
-0.15565453086533163,-0.01376262089306356
-0.10305704568939687,-0.02679233809676641
-0.037407829825506611,-0.043403720099018842
0.017577227969509491,-0.056513294408805849
0.073595261098018214,-0.066457897849774059
0.11857757147158261,-0.079992263586690468
0.15351920050321888,-0.079758461682520473
0.17479765938449238,-0.070978030970015552
0.17529967224658846,-0.058393247624292439
0.16937634919719063,-0.032296411382637107
0.15477773334629691,-0.00073421766540345858
0.11507917945654593,0.037466942057139276
0.093925984459447526,0.082347521892612158
0.054034863786972254,0.12198056930872847
0.009231694336594402,0.17279876063880717
-0.022296922844668277,0.21488603350388688
-0.054174404204977329,0.25015923458145584
-0.080189281831346132,0.27801313476492179
-0.10060734402770133,0.29759629145606742
-0.11018547317816646,0.31520965767238918
-0.10747485108293796,0.31863070411465988
-0.094673761387376168,0.30631196037166192
-0.074352814684167365,0.29965477985080108
-0.034389477384882787,0.27652249725133476
0.0093957977035626535,0.25021489523430912
0.071486428054190906,0.21705743349509926
0.12680362582698557,0.16800126599823054
0.18495050678987421,0.13168747313947954
0.24255108342336035,0.090334501936216519
0.28800640811895473,0.046544804453227312
0.31868741299864317,0.0109005122974161
0.328509977532981,-0.022255533421049706
0.32517219586409735,-0.052278608449047199
0.3039076090988474,-0.07885383394900583
0.26321504518950223,-0.086167455385884398
0.21641696977439775,-0.098622619056516411
0.169521026699816,-0.097118004244408029
0.1262276827012683,-0.098766151380926939
0.097665509651720925,-0.094049532733221378
0.08945768817477355,-0.090241509020600019
0.10139762437067715,-0.087959656308528228
0.1266370527131781,-0.088386831867064891
0.17465904859527037,-0.080009788665004453
0.2243364767279446,-0.081247433761675689
0.27815417382903385,-0.078381599947274574
0.32441852810925242,-0.070609984687373201
0.34671737273244346,-0.065196412525829847
0.34441404405582049,-0.05286015988088593
0.31943628553634112,-0.033817795476865163
0.27310247837032453,-0.0097190724691225382
0.19645717600806875,0.016961527021876397
0.10678865233345386,0.035283448783825513
0.01180751468614244,0.064662238248738915
-0.072011016635520828,0.084423852262952515
-0.14540986324782401,0.099866762580802737
-0.19925133769853359,0.12036348558003357
-0.23143600774504955,0.12722986236633263
-0.22159289341611491,0.12749036971372843
-0.19255845178319009,0.12435151210341754
-0.14141894441516237,0.1108255070900783
-0.072223467449415352,0.095567080999894971
0.0018877111809016845,0.075144342937304986
0.090196953582896394,0.053459729090160085
0.1683592240625304,0.031109649523556025
0.23243437189945343,0.010783500335865344
0.28623431760144386,-0.014171920856826902
0.32761509278596934,-0.036330769697072919
0.35516145792720089,-0.048096736257842575
0.35571482453498815,-0.065400657112603455
0.34386802810645867,-0.067548119410374877
0.32673602694942855,-0.066141648494620273
0.28664343888010041,-0.068263504609021766
0.23033269338381526,-0.058875024008360193
0.16251994334783515,-0.049892851057800364
0.097783648134521298,-0.034589530753550174
0.018356286822565279,-0.017446412904332551
-0.059842924577921154,0.0048092919347658865
-0.13017733712390817,0.026385809283296799
-0.19094446202746457,0.038869506364372267
-0.23459964316350215,0.055771202533646223
-0.25025335193276466,0.077188094597255189
-0.26431030066046818,0.095504212998668278
-0.26063511358710029,0.11802356146165008
-0.25129238150302813,0.12363793128501946
-0.20936205119167625,0.11923480784338798
-0.17678963512487378,0.11295938841162305
-0.14216136801723964,0.093766915911510679
-0.11951449634099599,0.064698696113908091
-0.091468708684481426,0.017285226921076476
-0.078949565794113052,-0.029133350379144111
-0.070520408330846732,-0.091254761772081097
-0.073023865012605479,-0.14568743404074486
-0.0838094152737585,-0.19905017709549427
-0.091374739579214923,-0.24594160419769101
-0.093892690620319144,-0.26674849666383277
-0.095557210892349961,-0.27815259842348417
-0.07832789598298999,-0.25912235007637896
-0.053769692576466015,-0.22486869809722643
-0.025212901694383928,-0.17318809571270938
0.014935267215654122,-0.10860589148600008
0.055202804373576241,-0.043594761798675552
0.095548376595910811,0.016506241212404186
0.13485155621393591,0.07071352989695219
0.15562206346741037,0.098772097030698114
0.17072289474300609,0.11354025970421182
0.17811549968961649,0.10285732394821978
0.1739761142064907,0.066924681668578567
0.15955050105127572,0.020272231667940885
0.1428276252261716,-0.033617619768770826
0.12307658902734667,-0.095140447358395275
0.096818242795317491,-0.13019518361475854
0.070633942525098942,-0.16935899524317224
0.055440413455288669,-0.18312969018585559
0.038072548296263345,-0.17385261746745312
0.014912444393636714,-0.14563552854946171
0.0032103455323096945,-0.10561867532319441
-0.014495680170934904,-0.063287997377121069
-0.031159306099354717,-0.018160857272142106
-0.046893037615999916,0.009825844053382448
-0.056479634781666906,0.024884495434069318
-0.081315672399067479,0.018545206633916341
-0.091247072898069687,-0.0042133349696508683
-0.11112340332880802,-0.04684723391329558
-0.1301367035119361,-0.098243435867427967
-0.14503645967404241,-0.1540565377517433
-0.15149893117376484,-0.18930117462084398
-0.1552893296224801,-0.21584104733440215
-0.1533005849161809,-0.21409419718422179
-0.14464072012474188,-0.18106139502336879
-0.13471052771795772,-0.12249486611736182
-0.11358155384725785,-0.045056514007646882
-0.092229394569539394,0.0433967452179655
-0.072290094320456813,0.12467416136918691
-0.047792196007215161,0.2048901209126317
-0.037175959380861115,0.25642414324027679
-0.036100985051677859,0.27946142166828197
-0.029893897785101056,0.26925901423384752
-0.040640185296280988,0.23864808392673428
-0.054646987009630173,0.16720471131992184
-0.065505190603138835,0.085301216004555647
-0.083153988197908285,-0.0112777516882414
-0.091318635584098126,-0.09044449056270458
-0.095828625273721532,-0.15685413456507324
-0.081029845594887379,-0.19491262805702345
-0.063019174447623116,-0.20806047540474942
-0.029370032292515759,-0.18795242524280165
0.0091623736490393272,-0.13739299588345108
0.055151654213158534,-0.076022897976387088
0.094442202060972522,-0.0050896670660532965
0.12848398072954564,0.074284173400004608
0.15757338616778513,0.13796948782228166
0.17160224979692973,0.18796367630728006
0.16914192948884979,0.20448103848661514
0.16384735286781821,0.20359136268100056
0.1457006816232769,0.17085965845011949
0.11788632237910501,0.12861699769694257
0.09076159246817081,0.07414367842265783
0.053192260372450763,0.007091308375560987
0.046782451828743014,-0.047119087639323889
0.032739799759910815,-0.10007374372013411
0.033729955214410551,-0.13383723075706233
0.042529275037914885,-0.15048892564180347
0.068130186993362388,-0.15675219459626927
0.10183703914152832,-0.14564026104389124
0.14194802989612285,-0.12587330940446953
0.17488145368021277,-0.099584106425526481
0.21124382032800471,-0.073932129162725055
0.24667404456641806,-0.059029579463236954
0.2708313981571166,-0.038594743028119077
0.28943107442120986,-0.031907284268748275
0.30293029700518831,-0.026422004712702268
0.29651737485676405,-0.030643953540702668
0.28379247294432375,-0.031420789300819749
0.2522124780360453,-0.027998359881855745
0.21772398690821898,-0.025059449968971879
0.17230659655550223,-0.026547359780502589
0.11424755354060399,-0.021775456871781024
0.052205177336772116,-0.011946826573936132
-0.013546034551357935,-0.0034302223917024163
-0.06904537534211154,0.0064162332232992727
-0.13017429062149111,0.017559856134551331
-0.17310192451705003,0.025361331079597319
-0.20034537729229557,0.028338399755279617
-0.21682927115763834,0.038986061406201943
-0.20737935874553279,0.039448487389979851
-0.18522950349354383,0.044614046633895947
-0.14479235775932447,0.054547360284766817
-0.096964008334438717,0.063842029827823138
-0.039746432734586827,0.065079372882828834
0.020923849363238205,0.083385405999307424
0.071446413932873279,0.095747040216172252
0.11248084155938773,0.1122983177766077
0.13602584958439473,0.12654786434582824
0.16018953654991483,0.15079928787800181
0.14550120386911242,0.16577370585976758
0.12188436276339602,0.18474554470672575
0.095298363702211286,0.20960415843578792
0.060797917525736628,0.21773300993428399
0.020668874939603392,0.24591879053682889
-0.010503185713132033,0.25584493996175167
-0.037464205048776435,0.27034968249762892
-0.04999646964627643,0.27699485676236579
-0.055437649720864353,0.28564303548513054
-0.050558015219694656,0.28639443930418396
-0.046834236191182869,0.28209541038872216
-0.026073885855245289,0.27112917397334096
-0.020992243838233636,0.25953511383139211
-0.014419931790926399,0.24067841849067872
-0.022153118701073352,0.21902563408827291
-0.036702013025881282,0.18702953509641013
-0.045520932426467833,0.16001581692071182
-0.068891673993340938,0.13849084901541817
-0.077877706825428689,0.099435267737804756
-0.082533829701308417,0.070860490859485453
-0.086636208542577586,0.046568683315416609
-0.066719560079492646,0.024249546309390361
-0.03931411141995432,0.00082703575430472659
-0.0054935987269530313,-0.015762152074268638
0.034877972850666829,-0.025705427926792469
0.079172377207596026,-0.034027309261522649
0.12095392808366086,-0.04094184156597476
0.141928461841137,-0.036501331767224698
0.16096996671667632,-0.027016870492248438
0.1603105525546463,-0.020849326930278602
0.14713132348841632,-0.012300815400713126
0.11648976708516165,0.0074831173135021826
0.072070539559673213,0.028691137687536342
0.029685804845987054,0.049961105609352956
-0.015177939726010671,0.069612385914998062
-0.065345992764786351,0.082227010497353412
-0.099875695693198374,0.098239899663957325
-0.12275331115826406,0.11161918906273452
-0.12049438880823647,0.1142950881243448
-0.10710069372193172,0.11361071391071925
-0.071813175983832536,0.10995150152390254
-0.030580488671819936,0.10325200125118293
0.033112900698621613,0.083334082384381281
0.09067010403979428,0.071556074987736598
0.16327293132914503,0.063257188223180591
0.22878598168823452,0.051740416577461902
0.27708600846844228,0.05044372154709776
0.312404846958455,0.04671699657242262
0.34271321282647432,0.043712318377687909
0.35598969945333886,0.041194136618127888
0.35949992398885883,0.036161023699555372
0.34736104086906477,0.029509661098392467
0.32473901840649844,0.012306348296205494
0.30131175921921877,-0.010216740856414122
0.26845071898494677,-0.033391832380608298
0.234968297096107,-0.068545428358840338
0.19840655087699116,-0.10660159802858389
0.15481193876092963,-0.14020048614577346
0.1093154272148374,-0.17374162915156049
0.061850218927930509,-0.19606967100779535
0.0057536946581498438,-0.21242374361240296
-0.046003362282286395,-0.21033931837141451
-0.10325015480332353,-0.20052899366369983
-0.16658938063825143,-0.17572899246633461
-0.22240498609422032,-0.13939845319092101
-0.26946567239006208,-0.099873669793632353
-0.30286812068116536,-0.046029637928690831
-0.32240196793177617,0.0014212860240425491
-0.31351495151149245,0.043077973119885392
-0.29101288897911087,0.079667541389660174
-0.23527488033390326,0.10426993956582485
-0.17161318311913099,0.11863318627703334
-0.088947805370171787,0.12355292207577133
0.0076597560419996193,0.11046590177835304
0.094651493197221812,0.091751676629940493
0.17041700426764037,0.066527714632058824
0.23616398991003767,0.040792503285300229
0.2862345523135032,0.0064856120558234587
0.30544264900546425,-0.015557954726843827
0.29971917210044763,-0.035239435395405402
0.28919739133441741,-0.051958186660777825
0.25423016808652293,-0.057257835202870033
0.2055143965143115,-0.064594980351892248
0.16449715305087728,-0.061928436028125707
0.13101741944166012,-0.066367805520763407
0.098925011237909116,-0.068608610517691765
0.092969868553814894,-0.081621174796954923
0.099835742408539388,-0.084998421566549104
0.12611159336453762,-0.091134529435373687
0.15961507879502795,-0.091173432218683861
0.20347989975096292,-0.088992657586138529
0.24292415322997188,-0.077827259426467038
0.27488661091367156,-0.054143924130828906
0.30045700041532741,-0.022739288340718686
0.29977776583673377,0.022407904470732588
0.28850295648475016,0.068671390927330753
0.25336697357905119,0.11814735735103978
0.20778553591958429,0.16363608407803976
0.14936906391715743,0.20920564621918861
0.10693494351468645,0.23415289838900802
0.047542348910304053,0.24703632343623808
0.017262269743705781,0.2358466049952716
-0.0071228658762081901,0.21482044758040136
-0.016949785641441721,0.17294449766538444
-0.0077521304924431395,0.11702299383249347
0.0038229426961375818,0.054026814560779325
0.013435373215959907,-0.015181659912324699
0.029629466231880383,-0.080686679489080065
0.032054702915680119,-0.14398434723233602
0.019693999142052134,-0.20183593914937778
-0.0034079067204257386,-0.22926231131581276
-0.033877846044234265,-0.25348850372613063
-0.075246585387995196,-0.25223223496693431
-0.11665334331864767,-0.24285989396055058
-0.15661184454576868,-0.20995463249663318
-0.18934036724756911,-0.1733212223344989
-0.21629959783867306,-0.12650338601402128
-0.22600141703681412,-0.077507813197611228
-0.22743324019437111,-0.020569578876587825
-0.21949973673994419,0.029228441690236494
-0.19549948831578132,0.083443901427850062
-0.16436148083887486,0.12664730605036192
-0.12658470843665567,0.16615262233319561
-0.08509914510801396,0.19263993682062333
-0.066233439288807164,0.21225150172649077
-0.04625660638536068,0.23100912988710462
-0.02878763232463085,0.22851260793852771
-0.033366069295654506,0.22862275259406301
-0.048136791575787791,0.20272767677428322
-0.071685622201687893,0.18402438771069848
-0.10276878747811115,0.15446604560115101
-0.14265295374518369,0.12329999715040982
-0.18699760847816535,0.09987404943033372
-0.22824945499778207,0.074645926491365408
-0.26418528585123247,0.063531255040226303
-0.29488006416180662,0.052020672321566416
-0.32777470679398901,0.045901235786984691
-0.3378503709793198,0.050159177313676175
-0.34750383820775665,0.053473778295553061
-0.34364196823830234,0.063524665075419776
-0.32569087853958545,0.065577110648229978
-0.29601865792375137,0.060399521877308564
-0.26005856723338866,0.047619937118650243
-0.21568329949288442,0.035424424619691627
-0.16310950080446321,0.013227293955629695
-0.10384795523462199,-0.017922897460213475
-0.041256170170924852,-0.03563421102990378
0.018402269414153936,-0.057689044503696434
0.076347473138005259,-0.067569894098387706
0.13780644791442415,-0.074276292360625565
0.18958405716887811,-0.071722424835556367
0.23832785483717892,-0.053491896067232501
0.27419283073525541,-0.039135285175326343
0.30307717300128034,-0.0090048990163162021
0.30810341902553218,0.027151866650427198
0.31090414419579515,0.052133636830703697
0.29401970861916632,0.069965114747229273
0.26262934584017811,0.07161080563325789
0.22248769284377595,0.068248689654232614
0.16779851665322673,0.058662394785176888
0.11692191576815537,0.036069766352815197
0.061241809943202989,0.0027832940710409201
0.012571667251719501,-0.028778609984687929
-0.026989275329032301,-0.076046652623568925
-0.05309346838192907,-0.11081986126160186
-0.063891666446859938,-0.15088988305638351
-0.05897852495290095,-0.18318586588524374
-0.034874503213697734,-0.20061519250090379
-0.010211223210569871,-0.21946381515150681
0.026673121532214322,-0.22952166038232358
0.070246073064231113,-0.23208926737792679
0.10833807232162401,-0.21039955994309642
0.14425370536215551,-0.19553265276270465
0.16583358489741795,-0.16583362834945184
0.17289716013992576,-0.12011260084157399
0.16372915985574174,-0.078567674080921052
0.1456091609822501,-0.029222341969184131
0.11823616501814276,0.019477598349931541
0.073098639133778939,0.073754035704129889
0.028394643798444794,0.11358108635063582
-0.027863083327893196,0.14873717294285377
-0.077587383397783205,0.1803854077504651
-0.12331641831654118,0.20218031190371497
-0.16495627523806944,0.22077900818443744
-0.19253591831702013,0.2249121222383608
-0.21197702370609484,0.21350054798770385
-0.21199601081060818,0.20441412323772643
-0.2032692856720969,0.1871915547012821
-0.18295418954805912,0.16924884039107041
-0.16231809554480214,0.15871716449468604
-0.12011591377163851,0.13547819506266542
-0.084277224163768122,0.12116720390230885
-0.041942121090386836,0.11713908365539244
0.0098470582997855494,0.10907189713094935
0.047657972266153245,0.10627536429815158
0.092544701263983536,0.11005922360160267
0.1195269687703117,0.099561888122353143
0.14613827279610217,0.093680408944146115
0.15578441507783311,0.077644275054800982
0.1528506427144149,0.060707185097073006
0.14441631461116725,0.031476139719413293
0.11880921186584813,0.0012171259291615458
0.095169966885982699,-0.031186262554452397
0.059540561067435334,-0.061999387398782739
0.027245721751330568,-0.097020154938110725
-0.00068474529429675586,-0.12059407704598391
-0.027257488652204134,-0.14911862785855862
-0.038721796277321245,-0.16714100897192477
-0.045196154213405219,-0.1806209005311783
-0.044341312927488073,-0.1852463227754701
-0.0346096444202727,-0.1961494658960867
-0.02284404330717036,-0.204353842066369
-0.0093079379930988398,-0.21780746148195709
0.012677673388302647,-0.23019717184143121
0.032912628387436346,-0.24420043165951918
0.052914570787879596,-0.26113361086798131
0.070791041022986473,-0.27638496416639535
0.090753020535438544,-0.28528667072548597
0.10509311774448027,-0.28381607315393426
0.11076846630740809,-0.27361677816590069
0.12839660650474902,-0.25336068704364012
0.12047546938414655,-0.21657390324046968
0.11626695095221334,-0.17110047610281423
0.10136901297651554,-0.10643273995042798
0.089450689866652638,-0.043338711256940284
0.068540640342218767,0.028141847404121536
0.04664213034035633,0.10775280430098101
0.02924171305047979,0.17433711446081177
0.0060764561424135402,0.22489182922522269
-0.0054112591225288931,0.26974797905854464
-0.019820375328210869,0.29700585176099509
-0.017315511107672155,0.29941454258210115
-0.012267631557900898,0.28459286056893329
-0.0019528329615328913,0.25241113043694263
-0.0064929644483228775,0.21603725541701779
0.0031809158447690883,0.1740621320555176
-5.4330010497056352e-05,0.13008498492552767
-0.0054834370708419095,0.091603991033445867
-0.019040439265221733,0.054935457132700774
-0.036064247205214998,0.034726983397412481
-0.058676860563181936,0.022248132459919068
-0.086615912207860871,0.027205987359525379
-0.10793604960937023,0.031172513753557715
-0.12403154755301919,0.045566228828005019
-0.13437049393691863,0.044237830667229174
-0.12423978999953968,0.046222371721506707
-0.11689654855859229,0.047260470496652655
-0.095127985023623796,0.03711664665375166
-0.063019467605668178,0.030204462241976881
-0.028498881505735658,0.015268364224073207
0.01362175293187123,0.0010041063053454827
0.06266963064023387,-0.0012293730989106659
0.10747081740886845,0.0050470192853120672
0.13631366109977822,0.029328252156262818
0.1636489376853319,0.05716254289002997
0.1823365355073068,0.10322714072852841
0.18940821700118696,0.16019434540932145
0.1913023887793163,0.21188863428842303
0.17963809042247761,0.26451740970524085
0.16500326462278198,0.2988720219527875
0.1410259088411929,0.31167552960421058
0.10241245441484179,0.30321990071683563
0.069738093961611916,0.26701119045416372
0.028756431836922926,0.20959498922996728
-0.014995151724179452,0.13961555473640699
-0.047375566830731908,0.048060516664113165
-0.083211113329910144,-0.031751725226361709
-0.10769203992961598,-0.11254523093321361
-0.11690103300975381,-0.17171439484828827
-0.11605456680763675,-0.2159580059478135
-0.10551363020154847,-0.23780068388845099
-0.07510930357321266,-0.22320134605178144
-0.041886268672550561,-0.2010903918469493
0.0047577950909076655,-0.15530358158966406
0.049672517303992872,-0.10845177566242269
0.091880029978539154,-0.060042558915852466
0.12930462828698006,-0.011591728742308217
0.14854371840236455,0.0098841694174541112
0.15948284948348532,0.015625797535640255
0.15908360294323229,0.0096448384932500582
0.1376916172677464,-0.016504010494687447
0.11618788105035804,-0.053499475835873479
0.091465328317761649,-0.099094252325208909
0.068814350062072774,-0.14738000452243086
0.044214777161737467,-0.18878312417824883
0.049674384454460395,-0.22011430127114062
0.051018476450586173,-0.23949258797353584
0.073515999624862507,-0.24271093017879516
0.10199955920420418,-0.23622682350652607
0.14785294612529684,-0.20585983620738135
0.1949760175153808,-0.16768895686478952
0.2392391166715111,-0.12494585759186513
0.27517397420316114,-0.072957686627132132
0.29126240364994344,-0.013659598659229909
0.29364158865967321,0.049364572591112731
0.2829048524068154,0.11418764639916636
0.25413782182126465,0.17417010881825676
0.21306098924399319,0.21754329955040858
0.16118516279139503,0.2615181662781238
0.12101312624245163,0.2883420194463937
0.070456454058309373,0.31266377831989012
0.03992163500564825,0.31347239311793651
0.013485009581827561,0.30300704186981009
0.0024339400627809123,0.27825302997315554
-0.0059100032808245256,0.23712719907945407
-0.0050058737188082812,0.19251805689982837
0.00026954415660391043,0.14080462688156412
0.007880797306998066,0.10091920640382845
0.012344725742122585,0.060146135999449277
0.019582046516003277,0.039134717751504011
0.018691567435468272,0.021201757601511991
0.019739594053244838,0.029039150781804485
0.018355758776798098,0.050013509356615624
0.013765820740066428,0.081795245503230932
0.013499674383713885,0.10890139832567305
0.0027249005086666693,0.15361473105733336
0.00092131879414747084,0.17826541913598398
-0.0040076968528523233,0.19502179466432726
-0.0089770158106233251,0.20391986063678733
-0.018166683014999102,0.19836563009159389
-0.010874989822539692,0.17783546531336109
-0.0094778546452621553,0.14786042512515901
0.010798554048388684,0.11337540612257842
0.019069993521809478,0.080035704436969446
0.03704693656528394,0.04494703761990157
0.070906613139963354,0.021774582250736786
0.10952803510679479,0.0097869943555379466
0.14342551326477115,0.007865044942693097
0.19054475453456682,0.017302555857016833
0.23178355785024446,0.031919625625556412
0.25449343358853654,0.048709494203573747
0.27504526161624943,0.064592999974835752
0.2831841161341575,0.077131228433829926
0.26497539314023766,0.078973287646504367
0.23027480220394184,0.079537761743068258
0.1766891025665584,0.070453131365030064
0.11512515388067281,0.043446490067962786
0.046132870213025826,0.01349347958182269
-0.027248771685019435,-0.013177188707250907
-0.095178201060472714,-0.044183408073304641
-0.14646683315489675,-0.077794406032027072
-0.17845287579797006,-0.099954304654714179
-0.20026681142797798,-0.12047611206324199
-0.18491792651147082,-0.13526051242740908
-0.16586784144690411,-0.14719345175469559
-0.12176028796098899,-0.14264504305845938
-0.069006095692340577,-0.14029038009643816
-0.0031739863320398333,-0.12744371955968861
0.059211515708580846,-0.11351924889721945
0.11019142315657061,-0.093943789027042479
0.16445465766785625,-0.078748663360446308
0.19972964151690706,-0.060086868788378857
0.2182482287556875,-0.046220360066499711
0.22408140012657887,-0.026968083378532157
0.20943510631194232,-0.01034266338731368
0.18695583239634267,0.0014569720108962556
0.1570404583639376,0.019479217930573861
0.11492703122498915,0.029699587543112266
0.063789587707618542,0.04798401236024074
0.011837950465009361,0.047309547033950829
-0.032905062097803563,0.040473718874603076
-0.078771553607533309,0.032804400734817524
-0.1219910811966818,0.023861727180468039
-0.15238501161596091,0.00095704394854400927
-0.17886011461072188,-0.018515081337219682
-0.19530377630799073,-0.045957114222813941
-0.21152272235898872,-0.072454362028445463
-0.20210473495003123,-0.099749529111395688
-0.18405328557796438,-0.12399494698026209
-0.16505447824061295,-0.15015910472316185
-0.11737253716559289,-0.16542995714357689
-0.078256749001146264,-0.17780074713787269
-0.023567841919283281,-0.19064145864973445
0.034503035601016856,-0.19694755053808885
0.094228069951197105,-0.20315006002736805
0.15411321689593185,-0.20455537511394317
0.20778921434227252,-0.197030544934158
0.25115086132217246,-0.1994235505007366
0.28922610089682699,-0.18011696372381744
0.30816361999049396,-0.15365701622107639
0.31349528138106997,-0.12633962084821845
0.3157245612006308,-0.073449245191649221
0.30210656074635878,-0.023755512480854838
0.27587981575814702,0.034174030526348285
0.24483592457310005,0.098855054235970852
0.21040064168635925,0.15836307558366003
0.15959525923022697,0.21218706812080873
0.11726209662263259,0.24276233579088194
0.078295662149410528,0.26466658824749145
0.043674233841727909,0.26043305247296189
0.013064055101543995,0.23291549111170046
-0.005298321594745966,0.18135857192924973
-0.01620607551398616,0.11549406814907823
-0.021607837998334559,0.046054489536507551
-0.01689166856253229,-0.023601518677996404
-0.0066771701010803607,-0.090581176051741402
-0.0045734791976938527,-0.13244022707948097
0.0076066356169590312,-0.15517429628969079
0.019070982031808993,-0.15068705129204946
0.010346460873501502,-0.12192214275009344
0.010963444410327573,-0.07457311328294787
0.00260727459599072,-0.0067074696747320911
-0.0056267662660971652,0.062873134997109281
-0.018593239008318205,0.12787693497258312
-0.026561823879498667,0.17683503470260903
-0.034728675759046548,0.20259927431216077
-0.032569144415480464,0.21026161769270404
-0.026027192836873381,0.19158474734989236
-0.019380625159734981,0.15064180449256154
-0.0011464779426114003,0.088385732385730498
0.0037074596025794132,0.019908479678286808
0.0078088595836293007,-0.052321164487407222
0.0077756002328609863,-0.12142256165480486
-0.013401951389978304,-0.170178160647531
-0.04434201967823162,-0.20518664653551133
-0.079326430171037632,-0.21370289445664234
-0.12981699636396346,-0.20883328890057123
-0.18345468613447527,-0.18450061899919831
-0.22405944132541714,-0.14298599373803475
-0.26049936567623638,-0.1023840213101882
-0.27343508455865617,-0.054098441266358308
-0.28415297660612865,-0.0083645377370191905
-0.26641710192832158,0.027341833655587729
-0.22843653617427978,0.059659716973672297
-0.18597557095350895,0.07439593075985837
-0.13420522788991107,0.091671624712018979
-0.093250301567483887,0.10005654604144114
-0.045390870378909799,0.10081159118879814
-0.015420020176246245,0.098638967819092954
0.0019226957937326563,0.088035560528552548
-0.0020098721608138911,0.081663231456318236
-0.026960573864385398,0.070664397301578585
-0.071971700224339269,0.059686392845369453
-0.11836186263385994,0.057224710208419051
-0.16702050460521414,0.038421836556271197
-0.21762438825188662,0.040812900503145053
-0.26595507487160253,0.036180127544594279
-0.29763688502812713,0.038491054127286185
-0.30629371832273483,0.039933108326792456
-0.30361999792949718,0.050805756578722501
-0.27350784736927725,0.063334077755119053
-0.24362896581777799,0.085656997861376039
-0.19362608207773563,0.11121515270208164
-0.13965633744376721,0.13280050887358882
-0.078354683248184662,0.1581218538979845
-0.026885005442605699,0.17729160686240147
0.025852229046790638,0.19888094489103603
0.063526956216804431,0.20254343290178475
0.087540226646161387,0.20222426564291321
0.10777350746250024,0.19859152930656337
0.10990181089222791,0.1875700543609688
0.10815874050518329,0.17702942617337414
0.090172540640517648,0.16660382182452643
0.075553912965835676,0.16021887850400598
0.054210062247325941,0.15236672260029702
0.028820841031569129,0.1489270846732158
-0.0040951290201501258,0.14951887507232384
-0.027705346694450975,0.15739958026392226
-0.046900845660633836,0.16818978626903389
-0.053069507656059549,0.17289994992367069
-0.063632016386322765,0.17400640187997241
-0.064677207584498186,0.16575545495781588
-0.046993302796326679,0.1587709920311825
-0.030239331622610978,0.14073399466967687
0.0036956802990175223,0.11335289452104345
0.037966520056276098,0.085683933263010437
0.08512266403288915,0.056542261812391657
0.1274481503289141,0.039533047101348882
0.17568810268629401,0.027024405350104301
0.21610916406435232,0.029644455109141345
0.24884258566506473,0.043593141177111619
0.26726154911294614,0.071981340453381434
0.28990095598743765,0.11082763066753872
0.28438302121055198,0.14460656720982401
0.27408695840064923,0.18024343589612904
0.25722080229162309,0.20202622191143121
0.21983234906792962,0.21627794411896431
0.17768336417815536,0.21101633569105777
0.1367231664334983,0.18391798303957102
0.076107689181423896,0.13271010316264434
0.031704496145374926,0.077138006427697109
-0.02401844718600632,0.0086081675404177903
-0.07335512942995491,-0.052968167771173372
-0.11347577400949153,-0.10686038236804894
-0.14636292939897319,-0.13897762875284475
-0.16550396230369768,-0.14505835028069422
-0.18194484947444908,-0.13134763359275156
-0.18533748491091967,-0.09467174035893984
-0.17296768072362861,-0.034828591914382145
-0.16205783584688677,0.039157282809931665
-0.13386626455321457,0.11935980918465805
-0.10807438692283014,0.18738330011088394
-0.08544039268886941,0.24204512582262552
-0.053025586469265369,0.26688291438643563
-0.031594251789570788,0.27177258231240581
-0.013990239094614899,0.22967622398735218
-0.00090060985193235812,0.17270087735717538
0.0086818716931347448,0.085370454344303306
0.019079341145659044,-0.016605602648036174
0.032590431226336668,-0.10251071643145745
0.040176292322612807,-0.18529912824782957
0.058396578758808958,-0.24026834664879504
0.069636893665401017,-0.27582145746098713
0.097728306265741721,-0.28392918879624379
0.11761727369078964,-0.26558788433803027
0.15000801570171374,-0.23053538458198852
0.17929557554481323,-0.1762206940713634
0.2103020386955248,-0.11970191853286528
0.23589232637958965,-0.071428615847366664
0.25386528436257605,-0.034918524039137651
0.27124413800581731,-0.0044020908335331904
0.28228366036298269,0.0012086288537531261
0.28700013100088656,-0.012310148453185163
0.28150454938494429,-0.032934271222781128
0.27217767007968152,-0.053448562927653341
0.26093979011909019,-0.068775323584652603
0.24235838889832995,-0.081606246937978799
0.22850821586741787,-0.078137767540853484
0.20971057527024076,-0.047660353037028327
0.18752086817745561,-0.0053598324456576142
0.17042696717345887,0.053225768683844689
0.1474021026256768,0.12034471532897251
0.13205500120093819,0.1868429448374363
0.10960869767038713,0.24063097883601636
0.09454405439012413,0.28550670070204076
0.075665789146294044,0.29735044956034196
0.070423308823639549,0.29205919531563446
0.072998437023340759,0.26336575028829712
0.063622648861704864,0.22214845283887397
0.072795136623995366,0.16480415661697578
0.081893526693288338,0.10788225786622706
0.089866585259711751,0.053516345438205035
0.094735586627683013,0.019803352213252849
0.10408368788123075,-6.062366338820558e-05
0.11763323349523032,-0.00091475828095780986
0.11009804074385479,0.024934831801025716
0.10854429399988182,0.059452908861496734
0.1019188281755871,0.10207060577657763
0.085240277121924043,0.14866933118957704
0.075870101234845597,0.19535936585010977
0.071351961706418457,0.21290394754117808
0.053677801349431127,0.21726828661726216
0.049794349223800792,0.18954846178447429
0.04939637750999272,0.14544983399042477
0.049121849950864702,0.075762408170776382
0.05344984226583574,-0.0039250695967865878
0.054022878846448873,-0.092118144838919391
0.046776798723789828,-0.16644799182524364
0.036705608643568415,-0.2500883772083401
0.010709643491005007,-0.30692945421992324
-0.012586016497084516,-0.33963986611536318
-0.048129187932674532,-0.34378151547015556
-0.090127205717784806,-0.32526552169332351
-0.13548094539777444,-0.2918497308254166
-0.16711586659031061,-0.23857490816757065
-0.18116149983403879,-0.1811171834667604
-0.18782097854637481,-0.12051964778324484
-0.16918402360864693,-0.06527669514924761
-0.13448252874558067,-0.017373560879899507
-0.080258104545422079,0.021278872306042324
-0.011836934198749262,0.04808805875740961
0.054447886380053011,0.069130203730733905
0.11913943574680651,0.077722546355412134
0.17269300458292386,0.083284429063465254
0.20771193405663019,0.090806958443531885
0.22396817312727024,0.096444787740050372
0.20801756000744948,0.10361163837904057
0.16685119239538276,0.10563450112436543
0.10558583390431436,0.10685938098984776
0.035592168907570602,0.10431428202399158
-0.056488880476315347,0.095226624553113912
-0.13991638794243602,0.089730917906705454
-0.21820314852610681,0.074352836650731932
-0.27703254097871616,0.049585882304345894
-0.32718923992403681,0.03274091412155624
-0.35430071450041967,0.0050555333245326899
-0.35541421354580383,-0.022186749905868358
-0.33922767208797111,-0.060616176294599554
-0.30870256479540192,-0.079342531136563851
-0.26764060707632781,-0.11033540730610934
-0.20504849121827862,-0.12436765738314881
-0.15536002769599366,-0.14340241722871003
-0.096374918946885088,-0.15702224899342043
-0.049342381152691718,-0.16343419389662314
0.0011148515024512074,-0.16659845342886859
0.042040968745776931,-0.1576236629858016
0.067455372109800044,-0.14680028551263657
0.093345207872286562,-0.12914001044665521
0.1033189719569943,-0.1019957625767066
0.10061057112245184,-0.065322859966725988
0.089813088843198302,-0.025580716501263652
0.072745973991664589,0.01432440144866429
0.046088531709241445,0.053785332659063885
0.010169439057034222,0.10096642107661292
-0.017256207125927021,0.15166361985340149
-0.049168264971517141,0.17876374904524164
-0.068751283311778794,0.2111546435753244
-0.072016661274747179,0.21875000967631361
-0.067921419344980416,0.22570797100431164
-0.048068236327300368,0.22522649211245224
-0.0040952099114243082,0.20760787372217607
0.044900659277908719,0.19170543727658576
0.092836831018372923,0.16081089308167332
0.14165478975986179,0.12864165290437285
0.19115025712277073,0.090169179818629638
0.21144799034549649,0.054923694447162712
0.21907671320057109,0.013131666977785353
0.20739569787735956,-0.025684145782825702
0.17885958734898258,-0.052097395698320899
0.14550461016438765,-0.079636264480697549
0.093944048353969536,-0.095552579792050535
0.052958526148202185,-0.10447005771411731
0.026346328016997517,-0.10857385896171212
0.0064120572110225611,-0.094915590949269074
0.0096123646229656721,-0.082722180333722653
0.02811475930181144,-0.057520688617331374
0.065886145780775354,-0.021614294118969164
0.1052007964965084,0.0040628822216108793
0.14827744793193726,0.027241449155754549
0.18019201372253973,0.05469146893521238
0.19483611188152414,0.067744920050300195
0.19595629956602276,0.079908375946297738
0.1637079999438234,0.081655795514265966
0.11811866553137317,0.076893063977106102
0.052691686871202625,0.05933767336230187
-0.015305316471016151,0.042321755086378136
-0.091036098314356287,0.019121943100946108
-0.15128809957335396,-0.01200165156729964
-0.20220376277302421,-0.039441649580823697
-0.23027005444191553,-0.053017784197079101
-0.23648705235953843,-0.07766521466484988
-0.218351610869704,-0.083659411809298881
-0.17905801625659484,-0.0813615781860305
-0.11934104248257497,-0.076803789095715252
-0.052890927197631575,-0.075639529240945122
0.024752569383499554,-0.062191281750526621
0.10283554105665407,-0.046309781594548544
0.16554001164019874,-0.050280798919567195
0.21473191173282558,-0.047666573546689101
0.25110927146312967,-0.049564800807200306
0.27433090887406941,-0.058614129498441157
0.27752655553753292,-0.070087729326095624
0.26321706979936199,-0.077307193521295225
0.23616113205414674,-0.087102995922533649
0.19369071640986027,-0.091110265038599147
0.14340238366572222,-0.10209354182339683
0.082271476148833012,-0.091778495237585356
0.028826751262033483,-0.09193830223918098
-0.033408878302469816,-0.083910076937850825
-0.082668564378716239,-0.070600777244218468
-0.13464181881903012,-0.061224366256900108
-0.17666630765520289,-0.046645866612351004
-0.20641184214296321,-0.029197185094039169
-0.23444535998521776,-0.01337520842018999
-0.24316730644606033,-0.0035037424610001823
-0.24326073090165057,0.005848140760812609
-0.22577196260468022,0.023067366817377345
-0.19842983584659291,0.024813991916294013
-0.16179675072481214,0.027179293132794838
-0.10182793864870268,0.024949769471962882
-0.044371283521085735,0.016311415366816844
0.015206073638255135,0.012413413944817278
0.083568461472237732,0.00073012822333888908
0.14184556964452297,-0.020337811276425106
0.19243303486261504,-0.040401054318426687
0.24188874580252256,-0.05633469123952365
0.26883858765047874,-0.067662667867072118
0.28903524281331844,-0.07175708272306569
0.2884006307631436,-0.072846457688618138
0.27008073156275753,-0.073180551208884143
0.24150443164165433,-0.059547000708574653
0.19903564142426466,-0.036521410589597701
0.15976094942300842,-0.0083849219146236234
0.10792439633906561,0.023200677150053958
0.056623653465434083,0.056288063137047178
0.0048041002401214587,0.10002309864835317
-0.04049516686031731,0.13522874999040541
-0.077838066614644319,0.16958295075040794
-0.11124527485920384,0.20601463973321096
-0.13038866871972998,0.23140321643169204
-0.13863294963721151,0.25164948187884956
-0.13755743828828604,0.25841014028670956
-0.11924911930774253,0.26274804479714287
-0.084222104883843546,0.25501742721756449
-0.0494639480172087,0.24748834295278821
-0.00061730049416578586,0.22792088619177589
0.060731157864326417,0.2018563297134327
0.11001909471751746,0.17771827377910543
0.16367038376051649,0.14543826613316632
0.21180906455095497,0.11591694528186042
0.24561010375860867,0.091511610642581731
0.26995470150944079,0.071667455556900864
0.2867104886344588,0.046320609520682759
0.27916017963900852,0.028401008882770893
0.26137158505731245,0.01295949289503702
0.23267324901212141,0.013843823103580153
0.19970527832738738,0.011144668482916892
0.15798407454726104,0.014871270710612446
0.10929356511396199,0.01084380350153023
0.079977301253871938,0.015815494385145689
0.042181809307181108,0.028127505272470779
0.022437826066601649,0.035476918097404872
0.0081633123661572944,0.041548741562741152
0.014689694774297235,0.052979560364560377
0.030653854030378472,0.062393619938338071
0.049981605491255729,0.065702509297738257
0.089550237355681225,0.06402104684393671
0.1291223850037741,0.062480490863888544
0.18442004652602939,0.057052003459807814
0.23799881875730261,0.038442078520966677
0.28403174861287001,0.023777361820962413
0.33581218481704384,-0.0021812870574697473
0.36891291596645165,-0.018764860005116939
0.39700500295094759,-0.040550188452903889
0.40406973754228992,-0.054883797587076705
0.40859052115485561,-0.056470896098335131
0.38459860114042266,-0.062359624764104095
0.34469801015171786,-0.047746341856732495
0.29253749230429799,-0.021470611574678847
0.22667069334377657,0.0062008167266559598
0.15138213263896466,0.044830571187303873
0.071826317893740763,0.078637181581923912
-0.0091680085363896446,0.11597160120891023
-0.078359033456208649,0.14609600200195899
-0.13097013680822475,0.15898612660518061
-0.16249057173435591,0.16797705396022886
-0.17140055587994354,0.16214868682024755
-0.17053885830277274,0.1325964503113963
-0.13255190484787902,0.093711323845714511
-0.082811671979012416,0.0490270574051382
-0.03190974473743062,-0.0016539504464934832
0.028720281285841767,-0.058638393626105879
0.071628556356050657,-0.099230495216213022
0.10922029264499904,-0.13032522157898632
0.12322583030344782,-0.15330121709521016
0.11972071094356704,-0.16042245389379339
0.095737439799193094,-0.14945643573342976
0.056820864872075702,-0.13435191564678267
0.012564056304509456,-0.10133112696592973
-0.028316439511990442,-0.071178672954674574
-0.05842207399566534,-0.027587532796194612
-0.076911876022653994,0.00053665713167553534
-0.067049356722586481,0.036184615867320635
-0.048718472762247569,0.060118400498558898
-0.0033463639645909919,0.078337791842337162
0.046225065156131395,0.088506528339447887
0.10586237870279655,0.093638321289418819
0.14941342213185488,0.096122518481088479
0.18617093091665635,0.095827754933540232
0.19416240924795161,0.084668146442839307
0.18007754963071079,0.070276845732698032
0.13739528616527033,0.051253391370877859
0.082889807601344179,0.039523954301002917
0.010712782376831924,0.011245849765333178
-0.072720246091916491,-0.0095466385171096742
-0.1437650514665012,-0.037077612697061765
-0.20536996774683064,-0.048340334997443002
-0.24240913645796253,-0.059290427500445365
-0.26021513624985154,-0.072608614833918797
-0.25391705641104761,-0.064537517241668452
-0.22560069571695937,-0.063955656791566007
-0.18338745586390492,-0.051093690221106436
-0.14162066840829299,-0.037481087899492657
-0.099999126100423524,-0.025268805759040922
-0.062104578270561879,-0.016989849655098175
-0.044572614454456962,-0.011174476061630034
-0.039822805097471582,-0.0134567060398081
-0.061977821861008954,-0.023151981342477087
-0.093243686023471717,-0.035616163012761992
-0.1375935229144985,-0.050690309115556165
-0.19079452022641025,-0.062897446273430122
-0.23374913549002105,-0.062286203719987172
-0.26704805929845415,-0.064061056131960906
-0.29305439333184385,-0.041101089083246736
-0.2831029884399931,-0.013245167340821127
-0.25728333147280802,0.029378878987560836
-0.21134228586858814,0.07226356789390273
-0.14777365109537732,0.12610781695201509
-0.083585850427370628,0.1753394381393607
-0.016608001761451677,0.22108756002012978
0.049806652585964506,0.25149274938509192
0.10170862767350845,0.26573197616775135
0.13738493319163572,0.265050250576782
0.15496530379114257,0.24920252884501834
0.1564097396965615,0.21455604979108575
0.15181167529578055,0.17405824159033337
0.1375374924995364,0.12263261408012983
0.1209612509779468,0.067684779313405219
0.11571485537584816,0.0093644881484664082
0.12118886457961969,-0.041409740099375578
0.14328859296514729,-0.080303564783643935
0.17396616282373462,-0.12006751722681144
0.21575412462157831,-0.14000685579738173
0.25781865620527156,-0.15576846467265099
0.28834758010643857,-0.16562035473782563
0.30203840853074809,-0.15017702696881186
0.30555712881748692,-0.13855864539161969
0.27706808341456107,-0.10972095058006257
0.23029069765455054,-0.08555452272679881
0.15334235194090406,-0.054902771269386814
0.064333697452615302,-0.027383626743754236
-0.028835419495858938,0.01113413943844813
-0.12026241792655069,0.043827772560662698
-0.19735774779717116,0.057073122140598932
-0.25568598235107859,0.069887317512429811
-0.27414868048587138,0.076777725592846305
-0.27487550625773022,0.076667202050869326
-0.22983524593904142,0.060758445802898346
-0.16400154463029704,0.038551450270472715
-0.079868366757088111,0.020694923336679528
0.0088953190034565411,-0.016280919137556357
0.096986938891778812,-0.040250084510797916
0.17426911563480754,-0.073666305526292788
0.22626945965422518,-0.099262245994205855
0.2456647859855407,-0.1150702102793065
0.24496502194180034,-0.12323910832732507
0.22998637792636575,-0.12716188302816819
0.18140553167268875,-0.12465467615463635
0.11570956173677835,-0.10997752478237832
0.040925622806500667,-0.090128900698734152
-0.029841576924069801,-0.079828122537526885
-0.10885262766443812,-0.062610746443737944
-0.17145878339580561,-0.052434386455870841
-0.21722940999398369,-0.042647597354371465
-0.25739175573341228,-0.036359464045474243
-0.27525266978632473,-0.039825528389431319
-0.27632483777220218,-0.036577389187984415
-0.2666550441288843,-0.037146141303533817
-0.23527541661181317,-0.039109716710039474
-0.1952900299209141,-0.032908046618731014
-0.13467616565495155,-0.030736186576452631
-0.075551866329371706,-0.017724834646592667
-0.010566358998027417,-0.0076697424344609353
0.066019787191536006,0.0045187708635430687
0.12699292407834981,0.0057439662522611127
0.17868631596558512,0.0091613947641342626
0.21646900111944414,0.009328060448283583
0.24078998880558308,-0.0016527081731840011
0.23583559951603592,-0.01785736147508939
0.21563950305246968,-0.039865250790232419
0.17904883814017408,-0.06379494894260139
0.12137895055179088,-0.082446896257213492
0.06759916089666905,-0.10744844759465122
0.0080224320127784618,-0.1224963286851633
-0.034807192857142989,-0.1400927014874436
-0.065331696119487317,-0.14309592013301567
-0.086251724564350304,-0.15651916394202242
-0.075937242489724943,-0.15525017685934184
-0.046786071973137743,-0.15160964965918075
-0.0059125952769755654,-0.14814238773018931
0.045079188856985843,-0.13876150221621639
0.091122218640117464,-0.10855586565053835
0.13573430539048276,-0.088435521294491309
0.16495288788819087,-0.048932205433702275
0.17631288048121244,-0.00026405202988553488
0.17294003243558997,0.043107594297290171
0.14549795066406374,0.098287889925428876
0.096531187224289369,0.14940095659294084
0.054463513619318372,0.19302985219992863
0.0076630026348185392,0.21929337991428891
-0.023583641460863863,0.22685280117953158
-0.046271332832386859,0.22108638313493864
-0.057215350592621998,0.18990438231587878
-0.034554551354079789,0.14073928808178793
-0.013207527720319282,0.086709307226366397
0.02269166074275239,0.016844810503575842
0.063420269474756721,-0.038568581980082978
0.1094426882423583,-0.08765351767512515
0.13660050400550128,-0.11558321651818619
0.15764140988318795,-0.12395597791170362
0.16124672401168086,-0.10620616754716773
0.14847673965453576,-0.064299521057269007
0.13257200154586146,-0.0022537466930332975
0.10330349477850347,0.065406002040466107
0.067039351645483483,0.13951591063119026
0.040572625898247505,0.21467965458184618
0.019603035508542647,0.26879660627677693
0.013879277903853337,0.30722149948805555
0.014446505413178908,0.32427281449669676
0.028548142121351074,0.31537760886571958
0.061858551218310978,0.29266545185420623
0.089938312921397923,0.24817254200167729
0.13279805735380593,0.18073270104268421
0.16654143072052732,0.11121281071553638
0.18627405007863024,0.044106962901035815
0.19728688622235621,-0.030397683158194997
0.19616366302897292,-0.089044355788177335
0.18008558939147223,-0.13401799335457801
0.14967905049700289,-0.17663564129044673
0.10544723156274188,-0.19809927830864549
0.062259419550184283,-0.19941899013513684
0.019241056830522775,-0.18860123228866901
-0.023526620829435539,-0.16094996697136632
-0.054993398524626196,-0.11337820321341356
-0.069743105885570644,-0.05788683406913802
-0.075698389881975997,0.0095729329070597079
-0.075253007224453772,0.088339511315489574
-0.065570709510321665,0.15835165414442121
-0.04400844354380206,0.22445666369891573
-0.025381301275767564,0.271570269586281
-0.0043547750749682659,0.29741307919734888
0.01027371211990496,0.29850834436515911
0.015436060351365074,0.27064587868775908
0.019278014138851648,0.21896121072417432
0.0087091494676369077,0.1406163276407498
-0.0009564352296200819,0.054402123095771089
-0.014341503034251251,-0.035187493853760979
-0.027808635828426791,-0.11017222881430155
-0.035731279821933269,-0.18001082102014648
-0.033713516571660725,-0.22846475337286312
-0.023173347720126164,-0.24062013966641774
-0.01319446014772741,-0.23088444526657115
0.0061198825144951558,-0.18980206500795377
0.030474809299476435,-0.12816034822657588
0.042469629920742956,-0.056002029194718847
0.057299991895680628,0.0205899082961256
0.058373430148396424,0.082635085135422934
0.056015633359032681,0.13439454060558093
0.032392231660509314,0.17231130391085289
-0.0020423031864998335,0.18222239235824872
-0.034102884581154361,0.16559651618229485
-0.081066006504385821,0.13363457672104101
-0.11886825391131821,0.088408675293732933
-0.15351073804938359,0.028300859515931288
-0.17594091943434559,-0.037772181039867049
-0.18806155870855748,-0.092530479715758049
-0.18866602371106928,-0.14544960652008887
-0.16443687118216788,-0.19291298916730862
-0.1423927356689571,-0.21582750209239313
-0.10548460053664246,-0.24015653285383837
-0.065697949866839106,-0.24499007628712077
-0.029619620392874239,-0.23787111151351251
0.0095914857626373477,-0.21857395284587836
0.033163770474054048,-0.18361889689560823
0.051671183134857746,-0.14439480585650599
0.061649614201788716,-0.096771130891835908
0.05750866931349171,-0.038554908282866465
0.055149439725738651,0.019791058714137541
0.043177979427009516,0.065513611676548511
0.025883244369781074,0.11598150966897099
0.0056631919778158939,0.15333615719706006
-0.0096936876984867731,0.18420260774697425
-0.024331853278431341,0.18733140014485192
-0.033939255316144154,0.18468636700577501
-0.038697091604469921,0.16255120156647221
-0.031012125097264892,0.13167078878137053
-0.0147571107556106,0.089383657461092433
-0.0015325261493644195,0.050274637507294065
0.030303671934257585,0.00043692826816018986
0.067604743491911742,-0.037623791440862156
0.10351760480038993,-0.067025863340233152
0.15032925022288535,-0.096688886017782666
0.19522450936346497,-0.095764383924648089
0.23669940439527359,-0.09766959083696522
0.27476353247741803,-0.079641144972553243
0.30788337131310745,-0.06820798302526658
0.32372769996041834,-0.051418532345674908
0.32960387379248496,-0.026680533840914098
0.31741717765101712,-0.0042453657157703719
0.28986759700863884,0.01101670005576634
0.24132308211226564,0.02295985540789439
0.18373992836704217,0.033958821022873321
0.11750585160750653,0.032498443549718856
0.053867458081346506,0.034557169204651163
-0.001976003711811657,0.028217475129557138
-0.042919803586289468,0.017771776683428761
-0.074512004930031142,-0.0010859747918452083
-0.085956018603607909,-0.019431685489406977
-0.081210034315748261,-0.04433013221108846
-0.063325788600606947,-0.058177168895978994
-0.033462442166112868,-0.086269377588378063
-0.0050542682505921432,-0.10010504371635492
0.024907959764989586,-0.11727209705210448
0.034433696801072992,-0.12507380178862743
0.039541984024520804,-0.12727245157184858
0.027538365715635491,-0.12256597385819473
0.0070114907878553179,-0.11561967569648211
-0.024145839151080817,-0.094294426837112463
-0.044641924416683423,-0.073831435186844957
-0.066400203800168284,-0.062373754625908599
-0.07006977758704705,-0.043307251672819159
-0.060538726092789701,-0.031409636024652264
-0.012301681067205148,-0.025714661861372758
0.034228520677127137,-0.024073582393771893
0.10042382051639885,-0.027641078921414205
0.17642545398254125,-0.039125337265788984
0.23953804938682724,-0.050816001691841417
0.28839575997039546,-0.067358940028807129
0.31737400941614724,-0.069876154047073036
0.32177401907631042,-0.071765867204826556
0.28658668526155812,-0.069700361704507344
0.22231480948748175,-0.059270439684542077
0.13625197786285717,-0.044941129904661557
0.032505811913173935,-0.021343789355388124
-0.066204288125681715,0.0064032134038321236
-0.15276729254719507,0.027151089797504396
-0.23123881726079426,0.060115492964707931
-0.26930575343264274,0.075922557839532487
-0.2837536586832084,0.0910980217942573
-0.26037860853342137,0.096320036783751381
-0.21924340504942483,0.098986846000554934
-0.15285385988535319,0.089913464488740796
-0.067334806554471438,0.086350980358982157
0.014828918736552368,0.079287159601828347
0.087772899399650633,0.068869019506518719
0.15246674117998402,0.066876240668880774
0.19608233673345785,0.058856003255732758
0.21989432334647235,0.061086613358040186
0.20873621954246785,0.058898911248993865
0.18269474413128897,0.053382734826597715
0.14588333921337357,0.050570206148894598
0.10143500657042044,0.038579306716837375
0.048530441823806308,0.019207932334449854
0.0027621863175214022,-0.01044477595613107
-0.035254373124464632,-0.038575512851822862
-0.066507471315563629,-0.078962093264955416
-0.075837099159583379,-0.12034600702403844
-0.079570186478266719,-0.16169357167521756
-0.067448328973490179,-0.19543833393465021
-0.053932952728957949,-0.21059751187417328
-0.030519726772156051,-0.22994277911231498
-0.0095966956394192438,-0.22390043912908753
0.017448081328914844,-0.20781332098127658
0.046329136960977915,-0.17112369372503058
0.073691681855193994,-0.13131923993602493
0.094528792003327908,-0.072161712133231901
0.10605305900252211,-0.016368530105253881
0.13074276567018828,0.041784964398283171
0.14275815382601148,0.10179056373567452
0.14835716632174073,0.14986832951377155
0.14730406592205078,0.18840342523987297
0.13121619729269518,0.22163285836094329
0.11410759184237403,0.23806090631195978
0.088277366942694821,0.24719788843734233
0.048710105121052699,0.24327278532406746
0.016729149144697777,0.23206684576146347
-0.03380294606567185,0.22450419856818182
-0.078679989342709755,0.19789930802619915
-0.12084549540529023,0.16956723780816235
-0.15981288682995087,0.14147325252551041
-0.19341213177956992,0.11384355938323273
-0.21496772464966876,0.084750379111188559
-0.2288623028952384,0.056714920886256834
-0.2334385486174651,0.036858265648719843
-0.2300346389318568,0.028444945986131689
-0.21800164880047801,0.018481904924870722
-0.192538324862885,0.011989846193327705
-0.16156352915189287,0.020707549710640639
-0.1225579842392482,0.029970760701263706
-0.082742437499910476,0.044327726612432422
-0.03360305491005533,0.056574038573697312
0.0096144590143947706,0.058931365082643156
0.049393462896849698,0.063394306698597219
0.085255413480074205,0.061844129268024572
0.11925238139807244,0.047839084374886612
0.14005454534781564,0.023631939214330926
0.15692447220637959,-0.0093943002498426374
0.17225289351099654,-0.050008514077800693
0.16581002214249219,-0.084747979795641151
0.17243520585502495,-0.11568429342526355
0.16829435773278267,-0.138854900446852
0.16443733205335173,-0.15184113341429162
0.15437495289208825,-0.15553591795084121
0.15858032512556949,-0.14867986984727
0.15082789682939191,-0.11736481755787018
0.14309237775551689,-0.081868553363321536
0.14180581155879321,-0.035931895639509145
0.14244731320732548,-0.0007847385602886784
0.12229035393156575,0.033659765996536944
0.11168958033194958,0.060399557137037659
0.10299149466429357,0.068046908801003197
0.079841481265705463,0.068280661130809106
0.053343910285897127,0.051878364995011812
0.042922362354673428,0.030866328620660775
0.019694670380861673,-0.0015356238320583032
0.0067699481629613246,-0.021375328353040218
-0.0037257237529398825,-0.049853296181220558
-0.0046623484368665657,-0.064954108608151775
0.0056656356932812965,-0.06018569026107954
0.016422394496817816,-0.055262401500416322
0.039916305654500411,-0.034308139685029625
0.061346130551737724,-0.01401722993329374
0.087942379119111819,0.0074937042027447501
0.11969057700504526,0.034976005116606701
0.15122316254631951,0.052202154368139228
0.17843319669964511,0.05912331220956047
0.20435463753714883,0.056235702000720707
0.2217080896243013,0.042277773521091896
0.23550289612733805,0.020925860410550466
0.24235085266352657,-0.0070722610861874086
0.24540389922222436,-0.02793019757469033
0.2423827696570143,-0.052562603689439623
0.23026143176942362,-0.056393114640566643
0.21745576190880989,-0.046741466734547273
0.20620560621135006,-0.02452881029924692
0.18413425263652472,0.0087747597746889363
0.16391616522479593,0.058683704662608298
0.14170381730693804,0.11134572130022366
0.11175719530784664,0.17443999220938999
0.084816753302783446,0.22066640718395011
0.051388837593601737,0.26444189485407982
0.019794323417871604,0.29045117013067751
-0.010828340886237462,0.2882236768219214
-0.05025121938720755,0.27431808821824533
-0.084676085594262582,0.24183552739594805
-0.11794888211777317,0.19927715749426869
-0.14702528303230419,0.15136747597556843
-0.15412923092595682,0.09542171451641164
-0.16371274632496244,0.051351699232334493
-0.15019508284148264,0.0058058341122659667
-0.12334914468954734,-0.021503902334571962
-0.086997376563041781,-0.03179495943413907
-0.047159484451937621,-0.041639344703003477
0.0011425406473120799,-0.032883591729131065
0.036578778340328029,-0.01797723702079191
0.071832104893850043,-0.0028310853335178675
0.088302343317775311,0.01453996943998016
0.085658873425026566,0.022590081698408485
0.0673754491708667,0.024282589638274159
0.027561795500630093,0.015779734919438657
-0.022642155116659075,0.0032472091767200111
-0.087304889672492295,-0.013611282192749447
-0.15213726468663932,-0.030524020406752245
-0.20955691893503506,-0.039553285715137054
-0.2496887279012599,-0.040208254942944777
-0.27550054821083808,-0.039520426897229267
-0.27457519090739146,-0.030457661657944921
-0.25804907250912623,-0.0025093084518118093
-0.21636657110251128,0.029633013135471762
-0.16289032636726264,0.062397419521321405
-0.094572973585043935,0.099418277832145213
-0.0251354824110116,0.13785555295736346
0.032106604217923718,0.16459690813663322
0.082063477597157514,0.18025164895947252
0.1188620448518979,0.19091260598611967
0.12527689698662489,0.18685923195287923
0.11934539134306683,0.17998849460607083
0.091445597552124502,0.15452973078191828
0.05513392115084751,0.13745701835989635
0.016312671741739334,0.11706574949264717
-0.02161803747140955,0.095990887023994304
-0.05494558011409275,0.085134560939839135
-0.073110885354123759,0.075204542892588905
-0.076148625093876529,0.076328512598197548
-0.072088225883649243,0.085116779976823806
-0.060833137702883462,0.092920270190609888
-0.040650939002768414,0.11640931211027312
-0.024798181848771229,0.12561538311639006
-0.019262711611665859,0.13727740724498833
-0.022905625849352886,0.14888681101546161
-0.040089434625178229,0.15381406854809862
-0.061235681658515027,0.15146335805490807
-0.0938271419860148,0.14520326205192427
-0.13269813568128033,0.13081464643667362
-0.15200396667688121,0.11456988635213948
-0.17146733959431876,0.10216280680432285
-0.17203702966380127,0.097727900793059222
-0.15594738224579663,0.085754428977447603
-0.12268126348091489,0.092910950731447187
-0.067113061720518716,0.089676699634690382
-0.012620521656296816,0.09851788887631524
0.058050248415151884,0.11316994013869273
0.12085688857873543,0.11854250577488931
0.16446982867260529,0.12860728016092002
0.20344193711498812,0.13556867140773027
0.22230086324673928,0.13170247035031202
0.20693879768458756,0.12127236394552598
0.17678779755399027,0.1121046780092866
0.11927050905779994,0.099033468509290096
0.05180862169341037,0.085269157346237218
-0.015933912139542358,0.060890193421576241
-0.098026103297179451,0.064920937001841747
-0.17618469238510356,0.053889108846493054
-0.231427879262913,0.057232522998920482
-0.2756363689075732,0.067350075671837609
-0.30933741584378371,0.077370334787323386
-0.31565063566842411,0.097984653904675797
-0.30931481348271611,0.11451528298013092
-0.28755460869330296,0.12783676269806532
-0.25279372100664466,0.14414197037223933
-0.21349797731007364,0.15491939923406794
-0.16312212471997481,0.15325089129040784
-0.10928799579792475,0.14571176223723692
-0.058375350854419715,0.12993255290738484
-0.015433880991961047,0.10858103597794544
0.018808748670394074,0.074937241287123951
0.052555716013383408,0.042978268291404803
0.083617499616366525,0.0045688608237655134
0.098477174917508264,-0.037682763652677267
0.11332247636462126,-0.070170836613765192
0.1228279951154486,-0.1040226774494451
0.12847681147419049,-0.13611725140404571
0.12167627824522179,-0.16513090491486329
0.10941830165396631,-0.17756821642660395
0.088970023251442695,-0.18463603549173857
0.068371396581366872,-0.18260820707516257
0.047641438469591013,-0.17291300717232724
0.018440264015391707,-0.14508373376126352
-0.011042084718295481,-0.11600823569973163
-0.043507854424273171,-0.071219461557674404
-0.065626634384949853,-0.027913930838659073
-0.088412754843322269,0.020968777899167398
-0.11493506544227822,0.071614204699440451
-0.12563442667604321,0.11574395871642398
-0.13672739923281116,0.14201523778600514
-0.15126760150411689,0.16275318692344973
-0.1513291184172138,0.16509531122776233
-0.15400521598581279,0.14834695338898402
-0.16228065818308038,0.12208511536815865
-0.1633165936637547,0.081268468186448034
-0.17210483703853729,0.036485076139239361
-0.18502166353356087,-0.0092195853969423702
-0.18866909865849876,-0.04761017049656547
-0.20144385431617837,-0.074252006280029606
-0.22017698926491178,-0.087176377237947592
-0.23269624789303295,-0.09730900671356793
-0.24484115141439139,-0.081077421280878081
-0.25014073874454229,-0.070715976384283008
-0.25460844551481482,-0.045852203149473303
-0.25611838198411008,-0.020165905657650376
-0.25222298303981883,-0.0041249402260967695
-0.24980307577448024,0.0085232020328330719
-0.23533125393896986,0.0055684999107663792
-0.21842579175180202,-0.009241144771098584
-0.19958896239525481,-0.02131750882889457
-0.17060974266896084,-0.041448682860377305
-0.1415912440217095,-0.057299750833595113
-0.10147150113030448,-0.07054348900216173
-0.055646185311650172,-0.076229406209737505
-0.020197774048230768,-0.067298672863202638
0.017427807916347141,-0.042189651715413549
0.055447320130498357,-0.0019039299612854613
0.086628659030161204,0.039560363665840433
0.11435218708113415,0.092185041180022784
0.12971968154030403,0.14410208640915906
0.13464073325658965,0.19793418371411184
0.12181445442536971,0.22964831636834515
0.092931012059107393,0.26105548549727592
0.065003902152198395,0.2704437251487557
0.01707115278276063,0.26888372223667933
-0.043551985688778432,0.24869722338593173
-0.089926641110620001,0.21797476226542933
-0.14948948746996285,0.17676770914194687
-0.19785339616072109,0.12488609712065414
-0.23353162488968807,0.061961416840493715
-0.25159714333165573,0.0091543557507876502
-0.25752131071739875,-0.044821565482615643
-0.24289255337450516,-0.10079178698298813
-0.21462808833934807,-0.14732288263691865
-0.17925878712164836,-0.18246189791617265
-0.12121893039275365,-0.20742668932825653
-0.072791289662240327,-0.21118318997228214
-0.023565628556919065,-0.20084411906699284
0.025940627188479996,-0.18562146016169295
0.063484262442374706,-0.14804035156242135
0.090323502813345571,-0.10293157981349803
0.10987358470244034,-0.042524593683714522
0.12002299150514287,0.018582892540663976
0.12559979247755726,0.076781729605970489
0.11484688389532745,0.13935612224875013
0.10165903137353736,0.1907887147037402
0.080943830427295152,0.23218249854379452
0.063902828746129972,0.26787412996200699
0.044622735427215461,0.28579901690298237
0.024863970701368227,0.29519711823009159
0.0086868467290793644,0.29610251250658931
-0.0038226676234063822,0.28154447973482927
-0.012634084620788076,0.25050372884129224
-0.0099710255238045133,0.21177529917914992
-0.0023086899121616562,0.16853106442836766
0.021581880037204931,0.11943892192708913
0.047887677133948196,0.068146954459814404
0.077687517331939876,0.019530832491454476
0.11405429892372609,-0.030471345356430115
0.14600641174842388,-0.062284272730682912
0.17946206557641856,-0.086651932606348708
0.19369800853787966,-0.091069470155168322
0.19933187464945845,-0.078590571495285172
0.19240080009163082,-0.051596243719341219
0.16334227915452332,-0.010059217163764862
0.1251599968473868,0.034940852720038905
0.083339837089907068,0.086961707918278439
0.03789016307096716,0.13562083473865036
0.0038059325513841429,0.17862045531294074
-0.022980023194692119,0.20520300498232505
-0.046320326930382315,0.20933014116539997
-0.044180006725784683,0.19476289265515712
-0.023414615337054322,0.15972686525649091
0.012347867207487765,0.11247814946360225
0.052837267293040731,0.045412140984170006
0.10213211568217885,-0.022833752716734719
0.14234756326161033,-0.081658801642262441
0.17610444874993145,-0.13431207866151149
0.19596222575322894,-0.15900363896432834
0.19189232803465156,-0.1650012725756454
0.17461292612203066,-0.15108890555124502
0.13480812869155406,-0.10557038631775266
0.088876896423622676,-0.052950096522598064
0.029951592140839964,0.018057460106402683
-0.017514397346260299,0.082069145865544771
-0.069222682334645458,0.14946230602565005
-0.11167867057023158,0.19073533765934433
-0.13480873883497613,0.22614889352948653
-0.14435073272244689,0.23194260392324945
-0.14774228301094355,0.22636805673782712
-0.12241555693904053,0.20095025871592678
-0.10319282491011955,0.16912818203821683
-0.066321794760933139,0.12471758790767846
-0.026817209273865945,0.085840509177616112
0.0090036384601387704,0.050607727225511927
0.045518156188153289,0.02189776559304097
0.080112101669026964,-0.013175516896015659
0.10105027191806054,-0.029501994883307642
0.11610556661078605,-0.041718602378640925
0.13516759040861495,-0.049061479661518297
0.14113927446577229,-0.052442214215950751
0.15979990309984246,-0.051114558228477096
0.17058698168742711,-0.050285008908720473
0.17004024877231683,-0.042764644549339502
0.1735743701517638,-0.038782269413442885
0.17069943401085846,-0.026897181846616217
0.16731781103039983,-0.020714924056880368
0.16682563414303,-0.011349701313438369
0.16251800083077439,-0.0049797917848548581
0.15207365265129852,-0.0019842707515682371
0.1425224357491098,0.0042536387695633155
0.13733851494493593,-0.00056890104601005961
0.13243176082808575,-0.0030753421314820379
0.12544173570133538,-0.010804305116801902
0.11556170655917997,-0.016522417633138404
0.10233220309923803,-0.02667080466593218
0.094469397306561106,-0.019602606743718221
0.092812289997292977,-0.0069284678770894339
0.088668148013931539,0.010136787500132451
0.08515896945664081,0.0398353137286655
0.087185823433434964,0.083574275805677806
0.079156810644720535,0.12947612331185065
0.083756721322451169,0.18247204843433965
0.086090067014213623,0.23867472692844269
0.075558916968287024,0.28021512806422971
0.066525560137004586,0.31150955630416355
0.051794593798760787,0.32385219816392802
0.037787189342198158,0.31928148824198921
0.014486889374281347,0.29500306271206866
-0.0048656964891385501,0.25397275921309387
-0.025563285302223897,0.19488759418662988
-0.037332436561414759,0.13050399135102561
-0.044079025070576039,0.067285524008363323
-0.035664648536260994,0.008504101590277497
-0.029552215707809561,-0.043110810603697959
-0.0041029887300543678,-0.082271368667689457
0.036754823772941266,-0.10961326649515758
0.086234265344321825,-0.11132997853283683
0.13764509573486605,-0.11050734013092117
0.18292233148456513,-0.097243968171364006
0.2255176437308688,-0.087061650634333118
0.24493374967377204,-0.067507688638929544
0.25416196465848434,-0.067817076981853991
0.23187841019977765,-0.066603940751569515
0.18964925298459659,-0.083753298790358699
0.13447683614596284,-0.097561168197059636
0.064112058600998709,-0.11650070501079576
-0.010896059892530867,-0.14071890192409589
-0.07498442645514658,-0.15660794568465994
-0.14086795907636693,-0.15789069809247905
-0.18838573024461461,-0.14781716071488321
-0.21112781721128221,-0.1254816524547136
-0.21432756289974617,-0.088843595306943926
-0.19842387326343727,-0.040098070849455283
-0.16945749263086476,0.016598395938173829
-0.13104597342008706,0.069969486694913388
-0.098582430089023301,0.1055496427424001
-0.05442258317903486,0.1386400109618183
-0.038762833584875971,0.15885779299059674
-0.027513347012527445,0.16350081011028514
-0.038589899309866289,0.14603949276139966
-0.059206247124973528,0.11431888698411412
-0.086615395482556881,0.077053194919858126
-0.12165859785857246,0.038709216418540283
-0.16018556375381071,0.0049008222964627875
-0.17672164381166178,-0.024087747692418348
-0.19714081521493163,-0.044771643948757357
-0.19094103155477765,-0.043826984575517917
-0.17087152212052201,-0.033165572066483649
-0.14055311790910216,-0.013731444919416198
-0.094864630138941738,0.015287107173149118
-0.052852637694881029,0.052635588594460068
-0.0058678173392764429,0.082571934583250198
0.023217514720756678,0.11589084176160862
0.044786806318101627,0.13397056983654571
0.047616942717560201,0.15095354496286212
0.044214832646317662,0.15321606604931823
0.030226213648934186,0.13709957729439537
0.0046023236832574603,0.1253618308639787
-0.027647765232902528,0.10495973630200023
-0.040778926281288562,0.079119416896772737
-0.063092149781072721,0.050743189647819126
-0.065141617605416813,0.016347895915166138
-0.049579488633037509,-0.0091140943909352734
-0.029302255253040671,-0.02526616341033697
0.0053381356598449529,-0.046194349095374836
0.043284010731402152,-0.050251784442939679
0.083280488731655347,-0.058686706398084522
0.11052905583252709,-0.056158008500164433
0.1409019485905354,-0.045268952090750506
0.15663584399971472,-0.027858184802770188
0.15571948799110177,-0.0013955964604301227
0.14040923595954613,0.037672728672722512
0.11346456661665823,0.075955121167745956
0.078515659943102695,0.11257723878175581
0.02342952799454661,0.15433094985976101
-0.022314190085651324,0.18541576535659929
-0.070047695787486389,0.20035211925815424
-0.11061001345419703,0.20399737341894586
-0.1373480398253227,0.19342089421316594
-0.1545191906027143,0.16809241415096143
-0.1666835833510818,0.12886087855005354
-0.16065192628399211,0.080794541445775414
-0.14833675625427645,0.035815992358753226
-0.13496355351766973,-0.021242000148389541
-0.1188016048587064,-0.057877393637478049
-0.10678627414155892,-0.091551472672081191
-0.097691036930027841,-0.10094097348785967
-0.090259424457624721,-0.100884825746148
-0.094872575361837949,-0.086773773303386439
-0.095038425791524966,-0.0542977328453918
-0.089377134298319019,-0.024490211911038895
-0.087557646479428639,0.011727213915533859
-0.080587754413926016,0.037240636149454845
-0.071731861116204748,0.04234420230188609
-0.042124527898418133,0.033596670724759241
-0.0088451859122847826,0.010711426676170949
0.023640480506516577,-0.029513224218960684
0.053733165540200162,-0.075680398376934979
0.079762963116421379,-0.1315696836408676
0.10019011687296145,-0.17785755522373814
0.11585687432269362,-0.20890807831657537
0.10956330640747576,-0.24099482408854392
0.093787575008643168,-0.24814069326281341
0.05599413033947076,-0.23961241141153328
0.010981292462514284,-0.21009980279757967
-0.038527676444387433,-0.18250222197539956
-0.079948977699480867,-0.14882942262123811
-0.12712019861431584,-0.11865135385429455
-0.1592829552282696,-0.094212556079739329
-0.18566111031953178,-0.091274448188006729
-0.19328569725661526,-0.086622559266014296
-0.18924267318454088,-0.10673176791957276
-0.16976965597534557,-0.13948883906407503
-0.14516706356361342,-0.17192628865365259
-0.11536974833298229,-0.2029889210381608
-0.080381550523221296,-0.2312028261675329
-0.056779415101198306,-0.25507199915913459
-0.042718093390037425,-0.25588381764463214
-0.024482424132691992,-0.25337269712017579
-0.024933948603290589,-0.22545770156411404
-0.03372149434979084,-0.20934303831265469
-0.058210672600032438,-0.15923191420889904
-0.083533515446749515,-0.10635809358566405
-0.11282843582651238,-0.0423781027626862
-0.12693384826038856,0.013308289925265754
-0.14016270031743497,0.072646628555985623
-0.14280935391376479,0.12645707951065163
-0.12729897174765151,0.17885303532117452
-0.10449569834951639,0.22042037058702552
-0.072709723036663551,0.24772825261008827
-0.034937117537352701,0.26679380314829004
0.0061861447533613457,0.27381167105623655
0.032921326044922671,0.26076057894948873
0.047607277553257193,0.24254626133202142
0.053205531033352148,0.20557323363472396
0.059428450238938751,0.1551719083510463
0.042072422899596965,0.1114709705770969
0.017225531704973054,0.06010525768451102
0.0006225181041364606,0.0088652903359783611
-0.0072918359855283273,-0.04503335894634479
-0.0063040079567840846,-0.067185362959833794
0.004074196094286592,-0.089728355166896118
0.027053495570320864,-0.10123472376014692
0.062200677246425133,-0.088245831108282519
0.10950612530443908,-0.060308930415570346
0.15948564610867005,-0.017714586837936863
0.19949053601492855,0.02277441800634792
0.22341074588156473,0.059794422179953455
0.23679654922714591,0.10521974862373475
0.22975969219524878,0.12368319425701944
0.2001713575549583,0.13792406406713928
0.14737166472592703,0.13501492107667559
0.086824590142860883,0.12301165423709942
0.0063653056930182243,0.093685846169484194
-0.069141979462919848,0.069722669417215388
-0.13323483339502526,0.025630553913439772
-0.17949061784814013,-0.014079475258897974
-0.22084460005736822,-0.052292796354740358
-0.22791831076196833,-0.093290694905612787
-0.21973831370972149,-0.11604968295014403
-0.18770270256034444,-0.13719374553199343
-0.12679909387879362,-0.15184567279952185
-0.059435883254578818,-0.156601524036032
0.014254815214856605,-0.1581741988289421
0.091595905625272825,-0.14783221348401404
0.15602855061791565,-0.13690588952374885
0.218346016357129,-0.12431209328624723
0.25858656641132488,-0.10623977868197371
0.28665164949267891,-0.08684036232236321
0.29480097561483548,-0.073479054832419025
0.28805657526086692,-0.063273911188690565
0.2725506200928709,-0.053451761177252567
0.2356034826191841,-0.044679015377270224
0.19253552583232988,-0.047077679306657731
0.13625333980255666,-0.048583442754733808
0.083822614661403783,-0.051910885691011842
0.024587483970090869,-0.065095401770528208
-0.029150525344197133,-0.077251398810971858
-0.079135311952699808,-0.089784421386627511
-0.12274909550763417,-0.097596894940213355
-0.15601538696340214,-0.098617548270098165
-0.18682226315206354,-0.083618617367849229
-0.21128074655455106,-0.062477781342583465
-0.21773961866077093,-0.027559401670483128
-0.21162638582948173,0.014262087090086605
-0.20273544359878007,0.065516721055983496
-0.17639292063973022,0.11397559348188231
-0.14080920248241688,0.16941248606331893
-0.099138085810337478,0.21645807809589443
-0.044947064657352986,0.25856888305692088
0.0017838944011839518,0.28332356232693739
0.050161069767847545,0.30267070474643137
0.087381638771060949,0.3055531835040497
0.12759328145250992,0.30303537930068952
0.14635016195279446,0.29637853273783382
0.15600156554115335,0.2630996088341449
0.15187836341755515,0.24338679572865698
0.13637809567616468,0.21859877214395224
0.098549627378576227,0.18713763817884516
0.057682838210522808,0.16141119177893823
0.0064791448875407172,0.12518419781587811
-0.036666611931518607,0.094207367761963298
-0.0847961936317983,0.072976317018018128
-0.12687048228701323,0.038645016646956541
-0.15532580278423205,0.01637569142284211
-0.17273154465531643,-0.0019729144852235871
-0.16752888505017849,-0.033890895730318962
-0.15464962692045206,-0.057740022547394361
-0.11601199635141037,-0.071119800231061736
-0.075417267561020365,-0.094826029864166744
-0.018389360319378309,-0.10004607687521455
0.041906562621382037,-0.12324389879543504
0.097680284158734171,-0.13437520430111849
0.15265962025868046,-0.13640911539687639
0.20094792512792531,-0.13617229555177615
0.24233943138423764,-0.13148285028579529
0.26484768717263973,-0.12995292866462041
0.27967565122091509,-0.10808754915915711
0.27663271903035314,-0.093263741847963308
0.27345625445049249,-0.07404946779529975
0.2506422484634232,-0.046020983203012261
0.23540975747119144,-0.019685990129649025
0.20813044770529771,0.0082241603355547345
0.16974619104957794,0.044463218974023701
0.1391222768142189,0.076556645373230189
0.10300773867171108,0.11404522789212046
0.068677433189171189,0.15102396979523888
0.045286761421533109,0.18336205416868323
0.010147864794629485,0.22014241411842866
-0.0032405923887733074,0.25423962493570895
-0.019845677436242375,0.27728415333335671
-0.034069173148055874,0.29643412570843192
-0.038820837693978892,0.29722058527992651
-0.040379198382669623,0.30002658034506929
-0.03958108219382734,0.28454872122902947
-0.030686860358704639,0.26480859863233491
-0.023649770916791026,0.23529621877609017
-0.014936995283331181,0.19494949878248449
-0.012918247505176351,0.15102606723183473
-0.015819235988956071,0.10449490846643283
-0.021213920000532439,0.052040110811298085
-0.011643358068610677,0.001133832900111108
-0.022899349980972906,-0.057712389565452764
-0.021873641656705328,-0.10288810736716159
-0.020812330198271382,-0.1469127506495928
-0.018696774039811015,-0.18768322667723425
-0.0053341960951044792,-0.22507498670290002
0.0088678926151346867,-0.24377352308909597
0.032091484037072467,-0.25639411540105544
0.044702394806928406,-0.2502521552740451
0.06223413673838047,-0.24836798525132636
0.07354709238675404,-0.2252373206056886
0.082109583494142782,-0.19109034935952637
0.083619452913812911,-0.14808714007155474
0.081919387110307385,-0.10870025982458445
0.079494887323620991,-0.064100828171984287
0.068309746976493932,-0.01186519303461608
0.055480243743868354,0.037711407081838476
0.031105392332511771,0.070959984054312766
0.0082199315190276626,0.1036695754286687
-0.019789777344458595,0.1282884940802497
-0.047151417181177421,0.14363095205502435
-0.077936777799591211,0.1334834196546186
-0.10883778425954629,0.12540115911511676
-0.13263867162501455,0.10283418642551879
-0.16184051335740929,0.069267424536911842
-0.17701974485920369,0.029087646165942612
-0.18997413675624325,-0.016991208341145633
-0.1978427194385452,-0.055701236388948569
-0.1865933752026761,-0.093691972833378726
-0.16714677798906585,-0.12615473619549156
-0.14675498485710195,-0.15591437737429736
-0.11674335810543603,-0.18557061594896315
-0.084639521278559796,-0.20092508813035398
-0.054844076595297143,-0.20783372410911191
-0.027440247505938035,-0.20679793009823075
-0.021343073333604218,-0.19564999355036547
-0.021809713048274906,-0.17762129421429756
-0.030235814255210831,-0.15157477277231951
-0.059883186418365299,-0.12239367923710745
-0.10016218992232348,-0.099774877790554481
-0.15187419006303313,-0.071813586560516618
-0.19674102782499503,-0.035723403745380737
-0.24271287042945888,-0.013117123282995129
-0.2782917155145882,0.0046850285579727608
-0.30108993669477352,0.021021955901303572
-0.30683398728044692,0.035782189282648265
-0.30195602973822233,0.04077427249862816
-0.27556517966502675,0.042973810227204055
-0.24227113258337502,0.039350831072668693
-0.19367864427118603,0.036404521729059634
-0.14802881456539874,0.040673369456383883
-0.10696218269267774,0.031637716753076542
-0.061832287451855185,0.034874144929469796
-0.037768947578037261,0.053698961248640806
-0.024746751735021583,0.065023718739763023
-0.016812084758555286,0.090478501683682502
-0.015847396290931237,0.11591694766685014
-0.029252572675891028,0.14590575901127506
-0.033599978413334203,0.1656307966233769
-0.042953006276503225,0.18492782619102058
-0.04356723697187679,0.18759570083976512
-0.038784664783882136,0.19383644804012123
-0.022226878320564719,0.17827392423827151
-0.0045992925277766553,0.16162306030718718
0.026015407705610241,0.13334440442892034
0.046426236697184937,0.10181916566499295
0.073257932344513166,0.075412255108735948
0.094128848970122067,0.045544634489284953
0.10408504831511553,0.025661756092255666
0.11404340130282271,0.024051285806672325
0.11613201125745758,0.021630693923378429
0.10943845622079094,0.032435397185240855
0.098087903207223479,0.047993292743984589
0.090429516712287578,0.065439611904859044
0.070494976892426287,0.080587318817242681
0.056308892440224939,0.090941552500319017
0.051110340735130176,0.10654364295576153
0.043720125480461274,0.10087820284879818
0.04223539393355677,0.089717097599718562
0.037178796898920181,0.075841992206589062
0.049154092287635662,0.062973743727093509
0.061658381787832423,0.04462827239641607
0.06446255358499399,0.026593512141211313
0.071189790498275785,0.011844116600639838
0.069990274553719256,-0.0051713203817008958
0.057015216618065391,-0.01226960396394872
0.058116265316744187,-0.016279129134857673
0.038421314600787543,-0.0084460625328477423
0.018618444240987422,0.0011979151393628957
0.0017476896942616813,0.0058157839247933475
-0.018836306993603946,0.012112366060239597
-0.043521697973502145,0.01889357300428619
-0.054407794624717488,0.016003448082715518
-0.060690602499863917,0.0090258883131579641
-0.055624209246077354,-0.0054614601552722729
-0.042247942171792625,-0.016943357799341703
-0.040536689064958088,-0.034313467747382746
-0.026255023839698285,-0.050797488478520669
-0.02295220725513554,-0.072842590094303883
-0.022347029218723564,-0.089323793892725101
-0.042584712922573195,-0.11010370355262178
-0.066411047674581308,-0.12645260163089622
-0.10196760589406807,-0.14057770520319487
-0.14362534650249306,-0.14560499273805408
-0.18675252502179432,-0.1569264285933403
-0.21859696686293967,-0.15384989473431748
-0.23589131116171141,-0.15030011020451634
-0.24860173335998714,-0.14608735422615898
-0.22478130830707693,-0.12200524610802635
-0.18404929933689282,-0.096420524498237847
-0.11373444618598109,-0.07773453706887265
-0.041553577876434898,-0.049518741408346681
0.04704623063053557,-0.017240826204983212
0.13356272810129738,0.010313562260740167
0.20819837001600758,0.032668682051320293
0.25155532588214596,0.05708226709716064
0.27620641381267397,0.079469970413239777
0.26323328423434217,0.087282301850339569
0.21846746075903758,0.092839797366208385
0.147460725282166,0.088317081640978332
0.059850465402410777,0.081883102914316455
-0.039399132654975577,0.075960967769971618
-0.13194245537898514,0.063248763332301033
-0.21375505604154793,0.062495394081387705
-0.26891224737202185,0.056938199953503736
-0.29318548761436625,0.063178657527076104
-0.29514623207737062,0.067520363169145906
-0.26699537524198752,0.078897868656770204
-0.21871790130245486,0.095605015921183575
-0.16247457244269439,0.11510141675875149
-0.094068245665513125,0.13532998126957521
-0.038579846564936064,0.15905940051339235
-0.0032674607465458007,0.17865546780393826
0.023452373820639895,0.19110519342380719
0.028834446643173514,0.19951763904519884
0.015842599042099746,0.19448463097741522
-0.01140864164816544,0.19252461835570966
-0.045962990511642356,0.1848005765585149
-0.081528446969606386,0.16001077550248682
-0.10959201431732844,0.13771729163250926
-0.13162437125882404,0.1093797377317057
-0.13579209121900485,0.077511867873203938
-0.13395163249978889,0.040824523929342757
-0.11297369203554578,0.00010136964117473356
-0.076593049245246347,-0.034134040752365202
-0.042016159426266041,-0.07691715304210249
0.0010575575727329155,-0.11085447476625983
0.042093547168801024,-0.15813606781448594
0.07559607920399207,-0.1922638789201421
0.10166814194714766,-0.22403842576992494
0.12692459014813662,-0.25450229932533275
0.14280528637910253,-0.26492740364913964
0.15404147379825192,-0.28449168590294305
0.15285315126218604,-0.28198153405763804
0.13778278657653273,-0.27519690253683438
0.11997599523510323,-0.25525363267285195
0.1053481570103043,-0.22921134959033879
0.069556748141489821,-0.196608262000182
0.034477315283308267,-0.16150773726458748
-0.01256646828015324,-0.11159710143408598
-0.067694293571579398,-0.065881077076606467
-0.1153199579448992,-0.021002553403471295
-0.14580864053636972,0.022256523061293443
-0.19090456198736663,0.06353778151157409
-0.20868768508667149,0.092069120769272456
-0.21380247778578898,0.11764498174933759
-0.20797021063349741,0.13482548551138859
-0.19342550362686561,0.13577349361343988
-0.15415173047231792,0.13163997213225381
-0.11779873368388753,0.11762981720585634
-0.083271796411231891,0.092252501297249864
-0.04438084190515558,0.055685772784739102
-0.019807511389391477,0.019160588084270104
0.0041702999997743091,-0.018558533571310206
0.0081530489141249576,-0.059304524907979307
0.0033703303043120646,-0.10804669665016492
-0.0076138711317500652,-0.13372035743149574
-0.012351912571115802,-0.16814652054438267
-0.025393307390551366,-0.19723288926408789
-0.018347767561153638,-0.21409211172622958
-0.0084406996185580393,-0.23043967459857448
0.023111244515063162,-0.24348970697949096
0.062083899708868816,-0.24597259531579457
0.11360533268609535,-0.24658321949026352
0.16793011750973444,-0.23491258934982581
0.22141309707062309,-0.22548875041193686
0.27020205625471949,-0.19638591716311785
0.29652896863401146,-0.15605611862758875
0.30162594075349219,-0.10971556107650515
0.2868036320171799,-0.05185964226347059
0.25049197877794566,0.018904174355693821
0.19244408043115518,0.088349751825694309
0.12578396477649731,0.16179074813277675
0.060803021057092614,0.21961973389858991
-0.0024561907523890317,0.26769877903855566
-0.049756979467338217,0.27904054493664027
-0.085164626155154646,0.27173827838109427
-0.098745234125519415,0.24099091833183239
-0.095300645649432261,0.18030537216970588
-0.063065814798642011,0.11013043300321279
-0.024712671213705427,0.025769722914308294
0.023310039308182269,-0.059955152096283472
0.075896486210649261,-0.13025758648696151
0.11775810290941809,-0.18642464801791714
0.14682386393343658,-0.21690105219864331
0.15905948193030023,-0.20760420242892927
0.15847096576910291,-0.17177504356302842
0.14361627340099331,-0.11961527321973017
0.10988654628549877,-0.045868275001836635
0.06993097663739295,0.035673093883568437
0.033995107642621786,0.11090545535288635
0.00038900750692771359,0.1775447041565561
-0.027626309970953007,0.2166274430843842
-0.048034712804192942,0.22010023415200158
-0.06311387944959404,0.20895903004553668
-0.061758706596324424,0.15961048592286678
-0.060612760686524471,0.092361643032192187
-0.043913273966902477,0.024026710156714801
-0.028915285976706749,-0.045301859508891505
-0.013717792394313972,-0.11015778644533746
0.00542663587311123,-0.15073780675300591
0.024146233653601079,-0.16767645603719922
0.030554821007606231,-0.16397878715519587
0.041610361570751951,-0.13496308956291622
0.059165097318186269,-0.081251013817861845
0.068367756546322961,-0.023917150552594971
0.077314952958692104,0.041556732343911669
0.093181326635676937,0.097943895718362289
0.097045000168806267,0.13938887484907239
0.11168487574870095,0.17483085800158116
0.11784683600156719,0.19174362379753643
0.12275197439356503,0.18390620488069326
0.12699076339208387,0.16312948238147618
0.13307070328972084,0.13290671173594606
0.1344319744526293,0.099837272490719969
0.14773632536865824,0.063662741791005853
0.16047919508926126,0.030018287034568932
0.17394422957010061,0.0015269331678249101
0.19647212026112529,-0.021017047336860994
0.21070711863817695,-0.027963201062821689
0.23566279675702179,-0.036145098935759783
0.25021000839969543,-0.04790682798256729
0.24865590594217407,-0.045433040088442053
0.24532379506392119,-0.042079210327088924
0.21671619107582898,-0.034628357006977077
0.18127181401533163,-0.032918281336775594
0.1340510037421897,-0.025656425919350259
0.064996718703657308,-0.011110074493394063
-0.00035830547274633313,0.008059369754536758
-0.062267268491535931,0.024414395789885027
-0.1111629312202576,0.052901356482699238
-0.15264250212444985,0.087336484543304907
-0.17150322185759262,0.1188058228062983
-0.17514868461222005,0.15647038129822929
-0.15511930878565633,0.18889671351958184
-0.12151136509789,0.22838075589339482
-0.075285111092031273,0.24900021666821584
-0.024802533503223895,0.26569033941093678
0.015209578805163725,0.27567699210355945
0.057698271843736548,0.26871462742095492
0.082951835048837186,0.2645327424882255
0.08835514324243475,0.24180453369680574
0.079489948634270016,0.21119200147869177
0.04903560114114594,0.18711066085823036
0.0079631077395510893,0.14085797238885187
-0.033188693351603189,0.091883390347241564
-0.080938557739737266,0.044175705843457848
-0.1242718038987727,-0.012067313104098237
-0.16934927724913318,-0.072527499589012154
-0.19647919585523488,-0.12880037325892532
-0.20751023813684571,-0.18951379907789184
-0.19850997759934605,-0.23983003305681871
-0.19238284931499541,-0.28619256234889617
-0.16181681076485835,-0.32002081331480109
-0.13020109396073601,-0.34106631833447076
-0.084364754389394031,-0.33424912969336185
-0.035378992518302961,-0.32208846480870235
0.021658540575939675,-0.29090350635185458
0.075563604606378426,-0.24554117353183291
0.13007310450765913,-0.18690507819037516
0.17743228942545669,-0.12710660148141603
0.21358842098792577,-0.071950008903999579
0.24180243762961601,-0.01824840967985383
0.26384169710179989,0.019776724676237891
0.27043262891581127,0.044219601084499099
0.26732727597617162,0.04956263888278041
0.25440670954083916,0.043660640500144163
0.2267257288956033,0.010325784368506428
0.1903208615680585,-0.024797403275206478
0.15827687143007563,-0.082284232577000072
0.12431631455135832,-0.1239373254850166
0.09421477645511242,-0.17464865715508476
0.076582016513038059,-0.21333705509428619
0.071278846451462818,-0.24250082538523324
0.076564729997002173,-0.25173740229351699
0.086684736312846289,-0.25094881335709107
0.11898858145902037,-0.2357328918794705
0.13918486691190177,-0.21096028124198651
0.17618020951517499,-0.17962186174235767
0.1990989378797163,-0.14233871858787303
0.22103340286571968,-0.099373947795243459
0.22555439024127336,-0.059731990865785893
0.22777395685226889,-0.024018656197847151
0.21670565420243151,0.0057412332245225907
0.19130627948439033,0.03321861608699743
0.16014147945254656,0.058202073658373994
0.11944726855131482,0.083372010382952694
0.076656409435909886,0.10449850476661465
0.034442090574748584,0.12011165239817276
-0.0048864489574219749,0.13814169445046542
-0.049549057495217985,0.15253333366977062
-0.080573547230005454,0.15774880674047284
-0.11175333788106841,0.16052246174944573
-0.13204240286123808,0.15962087925429835
-0.1518533863978147,0.15312503187533957
-0.15502544390298389,0.14354314956975034
-0.15906675300434223,0.13051399073337711
-0.14547339718079341,0.12893758406216793
-0.12249418399179428,0.11733864188055833
-0.10084165314703313,0.11945214448001407
-0.072325321316865088,0.11248981560741042
-0.045158906808599991,0.10106172054292481
-0.0082632271863563329,0.09077236000833086
0.015336508969623937,0.068584306116077687
0.046977168764694641,0.040947277085745748
0.067123265388057921,0.0060008444490356281
0.080828410888713689,-0.030354887036663707
0.085966094244835908,-0.069552074377935799
0.089896468048463782,-0.122715550758389
0.092555225696329554,-0.15851908868419998
0.088276093601855232,-0.17550368735800442
0.083853490904060662,-0.18779003693019386
0.079297967055536461,-0.17494645951987259
0.07978310265677907,-0.14096325377535643
0.083544346569497802,-0.081767653935056028
0.080911385785381526,-0.022454486271879136
0.089938873750242856,0.054259398784510617
0.10553379866686934,0.1325725432281939
0.10850178611776018,0.19241255282257996
0.11484644414654577,0.23823562081973343
0.11451142500836173,0.25566234238181157
0.11874986449641332,0.2385070946985938
0.10933733186636148,0.20232338119223534
0.095062364703359506,0.13800552475793373
0.070943214334307392,0.059077546934848034
0.054188816699654647,-0.020391712677988883
0.033778563948444931,-0.1047399281000162
0.01257575833535898,-0.18322929777935321
-0.0054516598715409967,-0.23755646911852291
-0.018782546022382808,-0.25708374680126506
-0.037725158135373679,-0.2587341306083551
-0.045473986851294737,-0.23799067313109573
-0.054041037398215412,-0.19716093558591929
-0.068659938889262015,-0.15740994843053491
-0.074110735552630147,-0.1063371440400725
-0.089333714001246553,-0.062827333961095619
-0.10723359205164146,-0.042950176960577992
-0.11695443929333123,-0.03138293590953762
-0.13502931313776836,-0.043615311958645694
-0.1440180324967768,-0.06530767885608188
-0.1539167275613614,-0.11307752812824659
-0.15385727528358403,-0.15317184246892973
-0.15005654776515112,-0.19447870902093267
-0.13977013335328931,-0.22121412468522356
-0.11397194675393331,-0.238112903109335
-0.073423580544043118,-0.22592689573927099
-0.039190520391868433,-0.20576805209687188
0.01049801090705804,-0.16691263029013736
0.06451987975542281,-0.10794526048174549
0.11598050191266081,-0.05998761282968363
0.1637677306980497,-0.00093875210239145485
0.20370788758591063,0.044943099667015672
0.23305139421404955,0.084385830697491962
0.24426064446317525,0.11123477936098645
0.25015380177173951,0.12894700594361772
0.2419877502343043,0.12308001637681584
0.21874498945467885,0.10774086672557232
0.19222275992728205,0.095339519474804818
0.15666775990366591,0.074956171283139
0.11942838510004851,0.061843375837317922
0.092429276476232961,0.043490609963885124
0.070938392066071984,0.027420800131496306
0.053579833582701811,0.02487543593830548
0.033715460244359681,0.020055108777193052
0.035767031125135761,0.025683586102702858
0.027928817339568777,0.030009955676529386
0.018030542126645656,0.043901018774046188
0.013673282336500057,0.061841288953525544
0.0027480056302390515,0.08025826999526435
-0.013535154735832328,0.093668601693626605
-0.041228831841130235,0.12499174673085793
-0.066174688049257774,0.14356290034747088
-0.098699926414773431,0.15323564595666725
-0.12325330233721475,0.16554870826991752
-0.13178296931016381,0.16023178121787229
-0.14169792533873921,0.14496318501047276
-0.14057430150319958,0.12362950107124904
-0.12050846946245138,0.084472376908995506
-0.097825645005219036,0.036296188405152682
-0.063846081957719583,-0.014015170973697481
-0.027368085419215295,-0.06859777726350047
0.013910829821070477,-0.12782048953301792
0.045748976426951048,-0.1792099889807362
0.059073721531349328,-0.22431289783385328
0.063948386776944546,-0.25393291703793197
0.051987236092817281,-0.26287392557099176
0.02096947926063545,-0.26916333855719654
-0.020276338473646571,-0.2519810084950041
-0.073528389568143046,-0.21954762343835665
-0.12755402924955841,-0.18286552597185846
-0.1733073548272818,-0.14327183566349083
-0.21374385383854835,-0.093802925718045743
-0.24438465672661391,-0.042380290304319869
-0.26786945611269664,-0.0023349003732994833
-0.27663837464498209,0.042632309896942187
-0.26937565263439184,0.068902036642362899
-0.25387696591713382,0.098261815626533466
-0.22358434339725805,0.11091732069167536
-0.20291661322485544,0.12604007956368821
-0.16343561734724599,0.12241053754236067
-0.13039133911062931,0.10954321099015074
-0.094180978452307412,0.094419146922560704
-0.063401278581773302,0.063515885463617361
-0.035272830861260658,0.037929385438281352
-0.0091989032466427163,0.0049988232780563474
0.0071064157068783497,-0.016339380002867745
0.010414253412781337,-0.044877903829730323
0.014965560614274632,-0.056720796435734112
0.011836067006671568,-0.050560566424894531
0.0041850259441939151,-0.040627151562193473
-0.0044032535067046949,-0.021293134602366433
-0.01562975276186563,0.0092959890157552662
-0.024697832131553646,0.042249076485732652
-0.028403848170121621,0.074071722115202132
-0.030579839177039221,0.10966949647844286
-0.021955125977987558,0.13308324562748419
-0.0043010448528663838,0.14003247702426092
0.026093872285192984,0.14354447261164902
0.055653956957560057,0.13372128953824255
0.099758742127553951,0.10869901178757979
0.14409790859134816,0.080322310278451242
0.19087867025516927,0.042685221841084371
0.22383225437628496,0.011381499379876914
0.2534302021949682,-0.020317665073512733
0.2753813359989713,-0.050092879596297886
0.274625887833644,-0.068091602420970399
0.25140597480369697,-0.074210287492458074
0.2191927253857662,-0.07217804139336613
0.18442931502155258,-0.058368016480161801
0.12153684715450316,-0.042020063449786538
0.063775777968063621,-0.019027288386150937
0.010260320171724392,0.010261230417028092
-0.051306390438749426,0.039928437480475316
-0.10097317247765146,0.066217450007018841
-0.14723686623051549,0.091941065657133073
-0.18655999466491346,0.10362322679524069
-0.20457188834432727,0.10866281021970707
-0.22356677172021047,0.11137689754691486
-0.2238428194950409,0.095787650790805215
-0.22246865903775884,0.08604060481478483
-0.21269707887830569,0.049490635529610159
-0.18967994589371781,0.00063910012021019084
-0.1654870089810421,-0.050049799538202051
-0.14370781617954514,-0.10334148095206767
-0.10934326062584944,-0.16752813841942094
-0.077711646074207982,-0.21884682365454192
-0.049393157247797102,-0.26699702208592008
-0.0299874585516108,-0.29442203809277606
-0.0050970545814520672,-0.30833592364524964
0.0081318559942209559,-0.29842843739715041
0.015141090645933348,-0.27228412729096563
0.010296973000472644,-0.22560479982703066
0.0079345725275872473,-0.17068394314880153
-0.010068924710564349,-0.10561433983999227
-0.023412523432711788,-0.046208686718474369
-0.030765035505003376,0.026355905144435771
-0.043831193690771007,0.084266121060692353
-0.04447302915540606,0.12598947684793355
-0.04241072471471459,0.15546935130784559
-0.033555202009373133,0.18216667463254654
-0.015202112510528004,0.18681018764730639
-0.0033824187095615361,0.19623591823610328
0.010262698205842007,0.18993605424688328
0.0077069866643054872,0.17851406182703516
0.0050302128134998032,0.17052546338360453
-0.0089939533355706276,0.16852954349689847
-0.03687812643364765,0.15630000891148899
-0.069331303453167889,0.15812900027891105
-0.10072311483695896,0.1540843357129815
-0.14362729273771641,0.15256130656502848
-0.17615636626560605,0.15489750765073534
-0.18836963201931334,0.15072218103245183
-0.18743086665031314,0.14762233002615333
-0.17715355694272242,0.13628687247190319
-0.13914033428455289,0.12742285245912513
-0.094943013773731808,0.11531692291050299
-0.039112331043548568,0.10306153287288998
0.016849607483074468,0.078496770352379827
0.063711620046795925,0.051325344134437768
0.097515984420399243,0.018805181294151908
0.11672097693307457,-0.015430743618999758
0.11716301775673153,-0.053287528640942362
0.10117329162310516,-0.095972560894713038
0.073600862560353975,-0.13662708888300909
0.029900663538363001,-0.18016683980841833
-0.014364619782089342,-0.21106684599025821
-0.059098191176010638,-0.23118218966255971
-0.092994988304032827,-0.24082410518274056
-0.10578012875383892,-0.23037851666938552
-0.10751915704691453,-0.2086940945695778
-0.096368663445115813,-0.16291635489212244
-0.063515550297663592,-0.10591542582246953
-0.016706565239393366,-0.029568666794181551
0.018209726034523643,0.048540577133600459
0.057493229957119259,0.11496333756273203
0.092378102648509611,0.17321531876337867
0.11836454768118294,0.22143146889994492
0.12429825151097862,0.25372698732007065
0.11896101357397013,0.25946037457843169
0.10081423832985642,0.2478595970902224
0.066625261962378973,0.22522715424844536
0.02307809910582477,0.18901729305843537
-0.015071514902643969,0.14955500399230215
-0.062019126504457865,0.11005814740331987
-0.1009597820842723,0.079544312230152778
-0.13784751669200507,0.056221417222727797
-0.16683194620016417,0.040669954393971357
-0.1874394387201187,0.040637975559861483
-0.19899772911538316,0.043519496533184175
-0.20569351157883983,0.041905140562908082
-0.19872990969736204,0.042382618353981057
-0.18866960623524148,0.034968198621742899
-0.16547019714072336,0.015654428431476981
-0.15027932024048732,-0.018760748709032014
-0.13300735931998395,-0.058445303935432159
-0.10631148438321868,-0.10933984408589176
-0.074345130879427346,-0.16421521476302423
-0.061928715380297157,-0.20484674079185691
-0.035531158253084255,-0.25144981694089957
-0.035445942001248849,-0.27939118575633992
-0.030234505492084701,-0.28430770504721481
-0.048416543542627061,-0.2699321936364692
-0.061492760445890797,-0.23805683916202289
-0.088769502041263104,-0.18201512467384962
-0.11906911086476825,-0.12932462398052036
-0.15305528019964371,-0.062253302124597169
-0.18154104086953518,0.010646682304864531
-0.19867588712759923,0.064642546083502603
-0.21172745684409486,0.11014953537240674
-0.20845875248885407,0.13321645322256401
-0.19935650287963499,0.15397256038773005
-0.18238352971426472,0.1414092940700227
-0.14618235474534638,0.12243412376119776
-0.11056034558384654,0.10230039234033469
-0.081272858223252684,0.070883179014877187
-0.046231416377640132,0.027534407773194183
-0.026138773870967295,-0.0013143268553432131
-0.016064955754334864,-0.027743560604234146
-0.018443773909157073,-0.047518819095902262
-0.018480811096460145,-0.071700879448319307
-0.0446923489180912,-0.073714483476878687
-0.05988851261973089,-0.08131352007009908
-0.07939486072711642,-0.097260268880826437
-0.1114932419586538,-0.10795530907437971
-0.12271201938758634,-0.12204998129442954
-0.1333835943237501,-0.14859551996004255
-0.13978922261837753,-0.1793958093029511
-0.14514074831902307,-0.21032845772923783
-0.13302522076796472,-0.24035214705827174
-0.11873289323723306,-0.26761436413902773
-0.10676195067018501,-0.2895838268070649
-0.083131122183051062,-0.28861933864874501
-0.060674632001373317,-0.27850588554877997
-0.032372231877083664,-0.25833996797301312
-0.0058265875528543901,-0.21437098816327996
0.026686245442292672,-0.16154089169402874
0.049308378172054919,-0.098497334611354195
0.077130336937736674,-0.037432886141650586
0.09035426036788928,0.024908798829045533
0.11053760427397423,0.077638141826977369
0.10322777637244734,0.12502735742412455
0.10242229297197543,0.16217474491721226
0.092592963998514008,0.18636709011056007
0.080477098889723014,0.19992206291377748
0.067790009850429031,0.19769416752530414
0.045623910269527397,0.20487737644139295
0.030303272920275202,0.20418393329958048
0.019287154412390664,0.19809570120682674
0.010505277145399321,0.20363075255823826
0.014752741577190774,0.2146578950816008
0.020606964285378997,0.22588226638795084
0.033473597744421248,0.23792713268901941
0.048008863119426676,0.24376926164943896
0.065527122975893679,0.25949744411342024
0.079098289290177967,0.26725363955993203
0.078876955434196108,0.26350092116173951
0.085640326839343875,0.26267054536570761
0.069403926853202846,0.25278178869433271
0.043059805779094164,0.23895239903310903
0.011404064821762507,0.21449308766007411
-0.033596260367141993,0.18726751800733293
-0.072135555889972128,0.15651689094517335
-0.11629099938370478,0.12184178670585677
-0.16082392758270542,0.079268279580811091
-0.20008416090103756,0.040969173486438103
-0.2264284310152257,0.0028072358096606241
-0.24431332201824368,-0.035650931657281081
-0.2509463435159503,-0.063072425270531154
-0.25242012029736621,-0.088578699482002823
-0.24279554511264045,-0.10380096278051171
-0.2285728288325036,-0.10701916102275691
-0.1999464245948864,-0.091860446439428076
-0.17226973156743017,-0.061934148842298038
-0.14220804635581652,-0.027255836766137038
-0.10955150833268945,0.025510054559359542
-0.074601042829842729,0.085839530123345636
-0.045789258273716223,0.15397211113789008
-0.010371373847933881,0.20906838644630954
0.016576997505740945,0.25772569708999776
0.03767131500571843,0.28294141322541788
0.058372574750739488,0.29206299713923028
0.070673049347551239,0.2701419691208386
0.080340509403720839,0.23367435065248265
0.072933668387197406,0.16215571071792609
0.064948150523804607,0.085355953589663885
0.054639794091045482,-0.0037669322572063358
0.043093630874140594,-0.091090488731352615
0.01844797264122422,-0.16183897291747157
0.0078246250208206941,-0.21850431235528534
-0.0078493845460280102,-0.25156555848000955
-0.028251432028204175,-0.26210467042391317
-0.041659997814479058,-0.24305801319217277
-0.054510198034948477,-0.21363939936050216
-0.05809526844741026,-0.17034303014181978
-0.061716386021829404,-0.11873555614505174
-0.069904568767743175,-0.065726410508565702
-0.071140187838479904,-0.021128948555501417
-0.072389448620894206,0.012210106293247504
-0.06791064113609388,0.042280152641637959
-0.076261019664493737,0.044002236159032822
-0.071944286991109357,0.052052277262413051
-0.071306299695216624,0.038387459186759967
-0.066861041671543872,0.035079386224958153
-0.055328734303115433,0.037805746671084203
-0.048177843559933584,0.047838074340468689
-0.033057939232049506,0.072312566371683595
-0.013507503014194367,0.10312415705775148
0.012543399869080422,0.14423655516373565
0.038993822390367458,0.18747931725400102
0.064335895092693246,0.21761722023214045
0.089183393496712671,0.24999520910719764
0.1059661134786134,0.25755584476704535
0.11320471573955071,0.25233685598743927
0.12042431700807325,0.22445599754327145
0.11103173394331603,0.17960567143752112
0.10873258212744855,0.12035910013118718
0.097571189064513481,0.05347850089037802
0.080450364900000834,-0.023431712022705626
0.078986619696546273,-0.092618345605333441
0.062308142373851259,-0.16101737607933592
0.062595061285355802,-0.20833827624179863
0.073771977649115111,-0.25349844169185348
0.084762915937258196,-0.27169094818496808
0.09570621763630266,-0.28527279599945848
0.11355320392515017,-0.27329144360772417
0.12519266790961461,-0.25581161538520719
0.13618779087737054,-0.23226874746684331
0.1317291188970626,-0.21311793239838137
0.12342103450716631,-0.19567538271550819
0.097471158082452491,-0.1838961059583761
0.056584207217908265,-0.17854793093944293
0.0090390006567081273,-0.17335760592013896
-0.032419867120164855,-0.18103594103280632
-0.08062094065918049,-0.18740019180600009
-0.12063357522641228,-0.19068106441436231
-0.14631682502801149,-0.19118993478946106
-0.15710852688101318,-0.19040836780868459
-0.14572663261217564,-0.17570456394151732
-0.11679260696835074,-0.15684459812662127
-0.068340219794787535,-0.13398505116092771
-0.0095639328939126304,-0.10742759508755144
0.043550577923283776,-0.083626849831365063
0.095947546657566066,-0.062135612167049929
0.13741886798161679,-0.050997323000379846
0.15721614185543878,-0.051716693338219821
0.1586181098588777,-0.064357682056081042
0.14216519380927536,-0.084521821010867387
0.10601456935057774,-0.11385571851604939
0.062629091378106683,-0.14583659271315175
0.0098792337576636483,-0.17844418444533552
-0.052085663188312668,-0.20344884435657912
-0.096993731863335583,-0.21019877153928934
-0.1311138648451034,-0.20148859500166841
-0.15413687792607303,-0.17199498022774543
-0.15818078148658946,-0.13454071350505728
-0.15990203411080778,-0.08015529012329263
-0.13649610143874846,-0.0070081337213016596
-0.10960378946525713,0.058123526759974287
-0.078165358985884115,0.12000235207666185
-0.053836330646319965,0.17031258986529582
-0.026454470389470582,0.1968424215469286
0.0027473614794598315,0.20770040449147847
0.014037019117556788,0.19700245793568646
0.01416715773663256,0.17757437624981159
0.016935923529883216,0.13562425863086874
0.017094271080174299,0.085594264276304649
0.0018547456709052373,0.040940187609698864
-0.0095619806321457692,0.0085945240724732419
-0.02235539571689197,-0.018839800610423455
-0.040228133984827483,-0.026614425776262666
-0.0605413688185246,-0.020695571135667609
-0.069044981858037549,0.0035892568984358048
-0.08410378781409257,0.037608414834261819
-0.076889550671421877,0.073022895264894971
-0.076541525658738951,0.099031062320918628
-0.063028909455013923,0.12577752488392327
-0.049153171262066926,0.12497592699322119
-0.021323512757004441,0.11901928455001036
0.011077034734376458,0.089427291822200022
0.047768521453629108,0.04371102641453941
0.087860615446136492,-0.0029383698585720699
0.1246149409654749,-0.049235926386140383
0.15352075557606235,-0.092039138055149544
0.1761168413389623,-0.12680364795919816
0.18783321559997485,-0.14738892839985523
0.1796769903869162,-0.156122137406074
0.15587852733319313,-0.13115925991980731
0.12347915849375296,-0.10196645559656438
0.076166086250224765,-0.064230500241002408
0.01556662834743317,-0.011091278880828986
-0.035064858885103599,0.043095816127672666
-0.095364442062890034,0.091705344500152164
-0.14665062987188274,0.13471227870011304
-0.19332410029883884,0.1718505571593632
-0.22583111206394635,0.19199260931494305
-0.2384214404814736,0.19743973339501747
-0.24922408563407905,0.20671069672946568
-0.24531052420424965,0.19391377846908334
-0.23034648726611223,0.173982185322518
-0.21583472326824113,0.14331387589890585
-0.19820991766828513,0.10736597684261141
-0.17097314715617848,0.076789323029492138
-0.14775047439101927,0.04448557207211741
-0.12583842185923119,0.0027755398881361805
-0.098127774945338225,-0.024396080358582605
-0.081553097246420791,-0.05306691942184226
-0.05398227911104609,-0.068120355402266922
-0.018859152876248959,-0.091838184886837232
0.0058781017775609568,-0.080930445411618826
0.047227309684323773,-0.070981512346258505
0.083048152214958607,-0.062860554520949824
0.13122914559948876,-0.035911125095694968
0.16853290234353749,-0.015409585795180227
0.19754100512175535,0.02109046286349963
0.21940948332180557,0.051625783440251947
0.21950266341852087,0.080001810599292289
0.22062475839336837,0.11346431354170201
0.19810465918304726,0.14639983970718837
0.15908197230472831,0.16263824949287162
0.11311472860333878,0.17542345437697482
0.062379465349433887,0.17801256350918002
0.0089679591901267661,0.1780020298512332
-0.036104383697477184,0.17095368993004734
-0.067893591361569083,0.15747642054214789
-0.095496996191649114,0.14466093245384426
-0.097356862492961563,0.12834651185761362
-0.080811700660556152,0.1089703824889051
-0.07042963794286293,0.090173012967596333
-0.041101494031009135,0.079401512772272267
-0.0089044389177163254,0.063970444369689169
0.02000404999652312,0.054053154258434183
0.035059976360726434,0.048356184444165985
0.042166056757238737,0.044336676466009368
0.034019994060122113,0.042530706801552992
0.0027455439667355107,0.048235441526371381
-0.036524585253058767,0.04626718832492633
-0.083547416043110306,0.050342455963115942
-0.12959444488419003,0.047124503144865562
-0.17295199762026398,0.046090556876423786
-0.20997612402598767,0.042234585173882427
-0.23102958356298106,0.032193955659528234
-0.23050661953984067,0.012643599836214787
-0.20933499959842841,-0.014926574106548157
-0.17348135036102283,-0.044044863337093947
-0.13077244927671081,-0.088172647060308168
-0.068614105841941997,-0.13058659959323465
-0.022473167434583899,-0.17348649204766026
0.019643343049334926,-0.21021058750330135
0.056172468613684412,-0.25011635296336931
0.069403945914403825,-0.28288847191329825
0.084355655074732777,-0.30358061041573392
0.074293853555532377,-0.30520252078805293
0.0583067511756288,-0.30772347120923599
0.027386770652018076,-0.30842505639501744
0.014569398386932646,-0.29539151188330881
-0.0099094563023019114,-0.28568616987384327
-0.022423855631870195,-0.2772485526258256
-0.021393393396462471,-0.27265111444227741
-0.0062899635622442138,-0.26465961803989052
0.0040810389552686024,-0.26137266347721777
0.034759688468599136,-0.24383208002172768
0.058509337912499133,-0.23379915006101432
0.091200921337921056,-0.21363184669297655
0.11796317250967256,-0.171430185687211
0.13636571597056826,-0.13282019213787874
0.15157719547632076,-0.072857111854694623
0.16086043919788481,-0.011187993232693209
0.16368653850975418,0.0557600292167066
0.15788777725322176,0.10924324569511468
0.15032700624236059,0.16625283895992063
0.13998620526094663,0.20832977720233356
0.12056727389411605,0.23209093870532457
0.10811642520507912,0.23142023718607904
0.09261809604167115,0.21324547257358262
0.07618390732557534,0.17247630584882825
0.058721315736712416,0.12180551466234701
0.044359522841621729,0.060607508189700357
0.024620999151171781,-0.0091923285034129741
0.020259531196305979,-0.072948997658060497
0.0045493844630976714,-0.13521683600073639
0.00017485055579932567,-0.18681943111491159
-0.0028729140216025642,-0.22863897905799518
-0.0021934820705862314,-0.25278752444704761
0.013011799953935352,-0.25817225664254101
0.013861311728693303,-0.25615574520484846
0.021895467310390604,-0.22707581827013051
0.024283796656229859,-0.18712511895381412
0.029081146959241806,-0.14055574990012215
0.021153168207975054,-0.073811930588468661
0.010012773916886238,-0.0090650449801763407
-0.0070947575492760224,0.063201353693941975
-0.022184896953608056,0.1217828930840649
-0.042181156300210514,0.18631442316894764
-0.060601329610187417,0.23407933056331637
-0.07898136885668347,0.26383077233810559
-0.083301577837812321,0.26156998911724044
-0.081042380572663386,0.25173178943114632
-0.070132032326887653,0.21665119781709424
-0.051382204134579633,0.15936257348181632
-0.021917550091104021,0.096467965132924952
0.0065948298267871196,0.022438260363634187
0.044596172597089388,-0.046995023959605989
0.083190452003575041,-0.10486274323751699
0.1047555779535756,-0.15332106715538643
0.1305601439372992,-0.18246496954815544
0.15554287851473833,-0.18401014300702989
0.15919364416671261,-0.15828098346554287
0.14839341340844384,-0.11101714762295105
0.13197931110279507,-0.040747093137573721
0.10983507494228262,0.037039181275212767
0.083348290506899986,0.12136103000623007
0.051344868211118604,0.21122326456752535
0.022868236527538853,0.28695638279713342
-0.0087399748533101857,0.34655397385272624
-0.032818225492355441,0.3941539796141163
-0.054516448625500875,0.40455951826834241
-0.059202072077323399,0.40310345302291595
-0.064251999743002414,0.38731194779515327
-0.057054095775284953,0.35151904897676317
-0.053131288192415964,0.30435813908361287
-0.050054073492494675,0.24330883905808026
-0.049142425437860772,0.17695439386101411
-0.040634280931713319,0.10825280189426098
-0.028284690129716412,0.050513516701075553
-0.020530086923226318,-0.011191670143032528
-0.001330439805758277,-0.055627337793782115
0.013314372007472352,-0.09434391722712103
0.048281054781180305,-0.13054336566600425
0.084255743664609181,-0.15363972838321655
0.13109490427021131,-0.16998723523893108
0.18016767490586166,-0.16746271146585703
0.2233232199381687,-0.15906592654797391
0.27094076764507835,-0.14287092723596867
0.29729284760428454,-0.11773962933314182
0.31082083358568424,-0.087671585506914923
0.30303145347022364,-0.05525767280010202
0.27517749208585912,-0.027135941750886797
0.22282547723127497,0.0076970411066893153
0.14304992720449575,0.037878228707128314
0.059691401415141579,0.057200360090810039
-0.034543284492077872,0.065949932186904342
-0.12591950134691701,0.067277195060014047
-0.203675233744505,0.060692852940381022
-0.26927831658349177,0.050833004755891781
-0.30152372249276932,0.030491795125221852
-0.31064828021669733,0.0024130246071492585
-0.29261902269248913,-0.018516035016304354
-0.24930638375324632,-0.0447081286685099
-0.18366437622874815,-0.068099739973936119
-0.11430761428986702,-0.087772688696635015
-0.024534619441006579,-0.097900482313220988
0.050416296501132496,-0.10326215226155226
0.11700541354680873,-0.098890840062600557
0.17523984933828418,-0.077583522612543032
0.22400321373982388,-0.058502463411329454
0.24556683209344521,-0.026383676869608335
0.25645499061581389,0.0054067982864007408
0.25879486136203472,0.04262517424774985
0.23539728768648902,0.073186449821893457
0.21627247253883083,0.10388995199453244
0.19462043938042062,0.1241571769954814
0.16358508276410949,0.13794156578519676
0.13373758427246568,0.13876533775243383
0.11344615936052085,0.13488220993921882
0.093164844232174901,0.12001207857546028
0.077146386985352353,0.10297569245050947
0.072953215238209398,0.081776504954825566
0.071728321603815551,0.064738705889933856
0.075800945864583122,0.05468480053040168
0.10035777329649277,0.035763418672960859
0.11395946702924377,0.030477070103995495
0.14585350462092353,0.029593771180727358
0.17542190718459422,0.034786978857103919
0.20162521496863323,0.045257940008160358
0.21665425148624678,0.059626438834311526
0.22880183252879222,0.082317530549270032
0.21861358127656405,0.11265595366816172
0.19535521467309017,0.13737010322082546
0.15295919151513185,0.16192639592756722
0.10031355505333321,0.18544680712677172
0.031739930061271737,0.20750764812833655
-0.028578782750689605,0.21814689117629776
-0.08072537156441606,0.22484022188381836
-0.12042030687770867,0.21547643567504249
-0.13915456899430673,0.19820196747121036
-0.14078497414873578,0.16739508629401159
-0.11252906275673168,0.13372019849981637
-0.068776297804415659,0.094260707378757344
-0.013168256368349557,0.053129364007431901
0.054345106162043723,0.010979126811152793
0.11752833417251674,-0.020493052770346461
0.16404915631217595,-0.035642733165664693
0.20522501152404768,-0.046935477676566924
0.21587730618969964,-0.048240063711057324
0.20879811804742798,-0.020030986275403378
0.17645185086080453,0.007566999434302152
0.13650002034126388,0.051431429809858556
0.084161019146525587,0.096047683659022706
0.024129654201344636,0.15220619055862947
-0.013953664121561718,0.19699155354443815
-0.044403235511414486,0.24312378409116797
-0.061187551347719089,0.28697291817857351
-0.058737989526303915,0.30452967193364661
-0.043433253656750284,0.32086567891720358
-0.011700465909326047,0.31994017836405403
0.035041613506503214,0.31253832210548671
0.081077931773336318,0.2855951857986187
0.11798742974412055,0.25033531116939511
0.15942290460111355,0.20372650578500562
0.18444295677555256,0.14639758552408103
0.19536696911358969,0.0853294852244669
0.19159694692602075,0.021364652908149966
0.17701274188384575,-0.033363298305358273
0.16369432758042096,-0.086042078294542371
0.135469532197597,-0.12953908349236701
0.11978762002234639,-0.16795425109616294
0.1117002272896321,-0.17415450384928394
0.10174967444704419,-0.17797550440145823
0.10254205448108647,-0.15873887664921491
0.10653402619407867,-0.13848146139825263
0.11549316974062486,-0.10087607766091068
0.12917643554812738,-0.052448682331226994
0.13222907841722747,-0.021864361064158962
0.13861406094330239,0.027049894297262483
0.13366566684392323,0.046623933932115315
0.11545493882179393,0.069660477468737006
0.095084172994621963,0.068811956337244629
0.062746597771677223,0.058702057150318898
0.038910411277366413,0.035777436665010931
0.020974938808262539,0.00040963584997821389
0.0059852531012333258,-0.029343434765961966
-0.004833846769860083,-0.061185585375288738
0.017647710775451075,-0.091354750082264236
0.040903047734537415,-0.1150720791511233
0.078977224222823814,-0.11456309892702263
0.12608599932958736,-0.11489214280888946
0.17761446003729367,-0.098760071466041266
0.22606870903901105,-0.086348026961152222
0.26188036940800191,-0.061962675544726876
0.28666902473601324,-0.047395687585437919
0.29414071533729752,-0.032272994115975305
0.27928944213077167,-0.021318915887456356
0.24488780369129451,-0.014595874000022709
0.19497970039719739,-0.020617631692648686
0.13493734628653048,-0.015189628267787626
0.073134141702068611,-0.018168573062330922
0.0092526176582130113,-0.010270843206353828
-0.037567935517963724,0.0020296450571039163
-0.082000250441460296,0.022213723720234099
-0.10329076519293953,0.044801424017720144
-0.10487121264011798,0.084956443985115218
-0.09811768662367816,0.1206883419750021
-0.077235614123801033,0.15852640823718198
-0.037302726718293495,0.19788142073822626
-0.0045751380071673738,0.22561063356185612
0.027493426512975046,0.25061566134698543
0.065535057895727347,0.25837120710376121
0.085014046771078017,0.26816177033644534
0.09366079233096182,0.26152314044237196
0.092929217477795881,0.24759679601871087
0.083347167916968876,0.23284793131708403
0.061077638130495125,0.20363809822618281
0.042332884552985943,0.17156105442543515
0.0038712446262184914,0.14157660789836429
-0.023656160814834057,0.1066907788511023
-0.051637638971822476,0.075723438094882731
-0.085978557983586487,0.042253729106928643
-0.11111705845657374,0.022706290259269239
-0.13016838131403705,-0.0030898640729556731
-0.1488398582906906,-0.018093935536404891
-0.15568248198656856,-0.029029789368025759
-0.16155948659767999,-0.037546783785306341
-0.16169275846370898,-0.03819252701538714
-0.14757527982638052,-0.03448818297522064
-0.12909794749299444,-0.021086532416883547
-0.10441708970269334,-0.0098203878648162428
-0.083411528997261883,0.0052885255586535432
-0.04710311598425998,0.017490474938448793
-0.0059447943084003346,0.034756027233805033
0.032050531116996427,0.046862889612681639
0.071770174260561564,0.052575947419810462
0.11258499525940173,0.057200546825312497
0.14819837806764199,0.046595015378283977
0.17697716014065989,0.038411476327845924
0.20116325797730489,0.024323113721574453
0.21967498942429473,0.01973493328462653
0.23497254717341734,0.0030382939946228937
0.23831408861863146,-0.0054944738088720428
0.23676950342036701,-0.0095400421376103661
0.2253848767752806,-0.008094419620499782
0.20555137123267631,-0.003600741094672291
0.18931803248449655,0.0075672765377232266
0.15843465224585135,0.025193961588701033
0.13931397701150713,0.034659626560718443
0.11891931419536345,0.050272874253876901
0.10245604743546885,0.058900309939188128
0.085374921198204903,0.064406685881890829
0.081203159832017438,0.054283949868319539
0.082410168043125218,0.039418619784360981
0.085551407119218978,0.020893359770404855
0.092565005914165027,-0.0091243597510397602
0.097550673184526523,-0.02614007685629598
0.094202814597265053,-0.054061534210423798
0.092195892496180848,-0.079921648401197559
0.079640693534026613,-0.092268019567945503
0.054649728412315628,-0.10461384037139582
0.020210634924590493,-0.092006564787229211
-0.027393369625660198,-0.090310014642016781
-0.071153652776895296,-0.081043394097937912
-0.12412654832955188,-0.068436942088178548
-0.16791900009860447,-0.058779306721252207
-0.20218224071524385,-0.055942708883818075
-0.22269709675374016,-0.054230424074934815
-0.22955446432783627,-0.069122555873315006
-0.22551327321103851,-0.08735149978659891
-0.1989983196098474,-0.11289877126952225
-0.15682446324403104,-0.15036775993152254
-0.11290550251560412,-0.18286660722384232
-0.082574567392150314,-0.21728253917835127
-0.048757221740678487,-0.2363036991166528
-0.015954601847059713,-0.2563592380616575
-0.0066295067538041947,-0.26477963775228641
-0.01260623366806265,-0.26518398771409618
-0.024413003449862851,-0.24824043886521757
-0.044414046534098008,-0.23706055778804069
-0.067249123638908906,-0.21018639009647805
-0.086497167616791326,-0.18241021351600445
-0.10280019321929139,-0.15558014400376613
-0.1100898855844742,-0.12082822235490231
-0.09248395818547836,-0.09415961654235655
-0.077379276207552694,-0.075243310704760438
-0.043553141756297729,-0.058286476196224839
-0.01629545884003062,-0.037642217050127512
0.015641280591565596,-0.033221367222379408
0.048653513974532096,-0.022775302390074845
0.064806415584475807,-0.01773000563387819
0.077632894804615826,-0.0068866466938936549
0.064963883125454522,-0.0010451205595793725
0.040699839609799497,0.0023499174778618464
0.011543785263953825,0.0092952811946587534
-0.036187615918700365,0.014488236546739128
-0.077058347660249243,0.023871114560678808
-0.12589387249825482,0.025382615257836878
-0.17080748619635211,0.026749381844777872
-0.20496654010615209,0.025586157973005876
-0.2317110791821371,0.019744777378746137
-0.23860434263481367,0.0094968032060396106
-0.2363762425860278,0.001373645445263479
-0.22451173848773631,-0.0070682858618502193
-0.20516869683406083,-0.021429361448975903
-0.17970501971837566,-0.021531737327006181
-0.15049712933230885,-0.021436112140180007
-0.12468087577212884,-0.016497120233092959
-0.094897377708523148,0.00050244320664822022
-0.066223736841862585,0.018550863996426917
-0.04216974710095292,0.039906294076245206
-0.019258565938360894,0.073633743886099112
0.0039975502271004286,0.08898178537400879
0.020983940688910078,0.11161891968020168
0.04148616884320714,0.11627144636882208
0.047819640644131967,0.11847037116824458
0.055362937862585476,0.10288977464890471
0.063191457523481723,0.080488047637388746
0.071703831906428275,0.048570964259081466
0.078082932200359542,0.013923752491038745
0.074596773542024944,-0.021958324427878609
0.081927639654084949,-0.055210691013116084
0.078826056853816204,-0.073636137670462232
0.085898395323032284,-0.077348985569651738
0.089955714034312267,-0.067141319674642944
0.098689189083009513,-0.036050960015569601
0.10763044452573717,0.00086976257124872329
0.11447060763206794,0.054792175879477559
0.12989406961024597,0.10516028340606796
0.12515557872551653,0.1478632385380162
0.12641252680279816,0.17327240967183696
0.11797582868264271,0.1855483968833789
0.10252023177847952,0.16034350641243447
0.082053082121068641,0.12361260101460878
0.052329089366443003,0.067013903937423472
0.019756457383216186,-0.0071059594199875979
-0.0066565358485803968,-0.077397637472186281
-0.032191419510463164,-0.14717764617466206
-0.047342639233208653,-0.19103240721925396
-0.055467046350864697,-0.21101537198025583
-0.047897623521215266,-0.20909801541375245
-0.031686788224201477,-0.16902354498732422
-0.0065274180427242045,-0.11888900054725517
0.025207787103764416,-0.046605348871981769
0.053575669682705357,0.03016397878555557
0.080639913644324435,0.10033006201703817
0.10038902716796051,0.15450725755210901
0.10778242211200079,0.18608354424157966
0.10638793231282027,0.17678958180233972
0.097983487283858042,0.14175898225762051
0.070843406848301205,0.088613463712734278
0.043721804007545127,0.006939134523290872
0.015214562183036757,-0.068263072139929395
-0.022247649775663646,-0.15059228534353125
-0.045983486526431791,-0.20841784892921483
-0.066145238992249208,-0.24732376479651047
-0.095934402552316972,-0.25748817854105521
-0.11153207497697516,-0.23658665536158943
-0.10556473384984455,-0.19391183053892563
-0.099969940021424369,-0.13545245964118771
-0.083851576580050546,-0.07071244384975911
-0.061039249725333249,-0.0069377888964692125
-0.033050613493647796,0.047213555322703597
-0.0020162303161308619,0.07983231344109594
0.033651827502025909,0.084179422989239278
0.059434827617472555,0.07952235253334182
0.079635603381617528,0.041399339192435429
0.10027932628691183,-0.010286925523360843
0.11281488991991254,-0.077110765581204027
0.12281113748165785,-0.13255070272838396
0.11560262076200814,-0.18177939542062652
0.097733226479132906,-0.22723970937841573
0.075785469663580782,-0.24520879646931604
0.046500159652214268,-0.24786690942345624
0.014098177915174532,-0.24504786689491426
-0.028246236353470643,-0.21618654314691069
-0.072373049640703263,-0.18743842098130947
-0.11162581191442203,-0.15454447045052994
-0.16135706330640623,-0.11317649525813944
-0.19235960164650973,-0.080472270018137448
-0.21547965619841158,-0.048655751248635068
-0.22996223414018505,-0.025967560775038895
-0.23986422081904069,-0.0074936988175578938
-0.22923434130504952,-0.0020699914268749184
-0.2094657687170953,-0.0026725332684458718
-0.18579503894579769,-0.0077432874076541454
-0.15003597405787222,-0.017292500728197928
-0.10468078643950299,-0.026833709944911358
-0.050564324201744192,-0.038460462074586851
0.0028768584703553809,-0.065715328478004778
0.058542909356826621,-0.082110248229671112
0.097367156561527238,-0.096691512082931613
0.13796803423505472,-0.11268731078700697
0.18222692537158983,-0.11866718477929561
0.20683042459995352,-0.11841443464588063
0.2198006574236874,-0.10303373822063987
0.2218061080728024,-0.087270726686676181
0.21460112624706779,-0.053809499233901881
0.20047775830919812,-0.01706020228900159
0.17623503502523152,0.035392369959103373
0.1462951558731371,0.070126425421956282
0.10396877623394291,0.10824325360360942
0.073736157142336403,0.13726358127918553
0.031281153217168081,0.14861215562796529
-0.003806702889721748,0.14291189099416848
-0.039761383738790283,0.1240104862443457
-0.063488113382274253,0.091452515169074572
-0.088701078916479936,0.04610393629713927
-0.10849639349945273,-0.0024910037701639381
-0.11998470283241132,-0.066515222877878852
-0.12450745927924374,-0.11362531067212783
-0.12589521295134201,-0.16254955730023055
-0.12333973289108009,-0.19585759392474258
-0.11773304940169015,-0.21741912899946816
-0.11160779390073979,-0.23483519028489036
-0.10417742264172172,-0.23295184903527069
-0.10414726457088262,-0.21570734590229071
-0.099299973586743681,-0.19105994749071964
-0.10246902520713751,-0.17573222859356735
-0.11165732213625933,-0.15418509835774352
-0.12369994324472387,-0.13801505190246993
-0.13324103088179687,-0.1281032795391954
-0.15406516454266683,-0.11375810808267298
-0.16846751487549302,-0.098156389247713735
-0.18298707105430836,-0.094402813782669376
-0.19215981546596186,-0.081598388921384574
-0.19003766357249757,-0.071015752186424197
-0.17776844981042222,-0.052871381645595725
-0.15219649903659876,-0.027076794185144328
-0.12471869575305448,-0.012498217970432279
-0.09408814063196376,0.010215841407809489
-0.049569433133154962,0.025182668910594001
0.0027926747264658477,0.05193734165166157
0.049456253850587426,0.066169615211370478
0.090497457507096146,0.074976640963062349
0.12975484457179842,0.082787023376482527
0.16044467997288217,0.091683325183885417
0.17945385692397051,0.093449182510927237
0.19574311428884519,0.099366672078819149
0.18958645257334891,0.093668898966106695
0.18645432722837335,0.096521456330549205
0.1766627770234635,0.094291631086387662
0.1590432095617941,0.10037682118876103
0.14294438515479693,0.095037958741910025
0.12549604616200397,0.097592465504354575
0.11271757560915013,0.087673595191273518
0.095286957274664352,0.091577050458218234
0.084444292497332735,0.087892721366828838
0.078426622574105057,0.085239190238613635
0.077061665308429492,0.092790761871551969
0.083869569734732294,0.099375539059838522
0.090296465422072036,0.11410347736084038
0.10277967658219246,0.12694345961033457
0.11772218322239744,0.14457961762310287
0.14057923119383314,0.16130792111354575
0.15291645986844704,0.18412420622806938
0.16716603271845851,0.19411472547253705
0.18390975054739298,0.19348402109892548
0.19361432522795752,0.18620630883824613
0.19320006213333077,0.15551827061274254
0.1834316718189927,0.12054588112462016
0.16329444956379296,0.071200667949804536
0.14425861402469028,0.017259629327434734
0.12462680926175278,-0.051576491177950268
0.10169625144129135,-0.11274666006597435
0.071135913091419242,-0.16708348396060202
0.058519859328831046,-0.21594639241609395
0.038365114512342029,-0.25243383631805438
0.035232109715166507,-0.27495171641229893
0.044510875380860092,-0.28082762583237703
0.062842322835054656,-0.26667767352293253
0.08341917143755305,-0.2422362869789576
0.11510639921805942,-0.20896944869801823
0.15130900625476687,-0.16956070241993013
0.17983267176509438,-0.13529879370781239
0.21512596479661675,-0.093870401649264662
0.24951616955897521,-0.054123774773832296
0.26404322761472715,-0.028019055907011727
0.28231503206711467,0.00041373142556825823
0.28716790584823843,0.014635869275204844
0.29055199574209517,0.019735892437390833
0.28392980442650567,0.030732925380513965
0.27876996038351853,0.032434965233206964
0.26181920683633292,0.028182181799195488
0.24908883674438531,0.030105176879047006
0.22702594931992934,0.029048417226379089
0.20732718294519747,0.040528702656832484
0.18892122475912157,0.048656079483252436
0.16471516250082616,0.059983787816516074
0.14137570350540321,0.070092564211178265
0.11656881664113593,0.083761228218592568
0.07910488025949565,0.098809858729298441
0.05113247157301614,0.10944474457504241
0.021125898061511418,0.12012935529572552
-0.019324323177309997,0.12802886476215056
-0.045840769602891296,0.13928830724369326
-0.071727327884059389,0.1480108260825917
-0.087631042894738498,0.15561799399979379
-0.096550285747497536,0.17480363514294234
-0.090319375935703522,0.19788340019837325
-0.078230787067958774,0.21440672682512496
-0.0585577839651149,0.2401803042769339
-0.030106974199529485,0.25808126046030738
-0.0029812054835427516,0.27189414361003872
0.018376428960210953,0.27909156815290131
0.036429105904219487,0.27839816740619133
0.044841713976626438,0.26671981730675642
0.03950345371139679,0.24846601749726985
0.019137023502086563,0.2180934238094023
-0.012711214969251613,0.17905150485779561
-0.049979871624405238,0.1345518794174933
-0.094836228915001236,0.095523296675228547
-0.14379680922355087,0.047405132212712926
-0.18105513110049487,0.010900748449697167
-0.20687846195258194,-0.016374059870883008
-0.22115445936976019,-0.012032862860432075
-0.21068320562803763,-0.0035927432973399667
-0.20267622756638284,0.023686423913420619
-0.16667700477150624,0.066395205152127323
-0.12049373115600383,0.11302390018699855
-0.07499841905461839,0.17070642236124395
-0.026710457993659648,0.21202785940157137
0.021789362263185445,0.25114915879648303
0.058907553662912407,0.28628380239786144
0.079796558875921159,0.28973926745938761
0.095104967431200213,0.27617400693473299
0.091516071861145895,0.24513923154839257
0.071249628061481093,0.20212832851382487
0.060868179380753451,0.14454107713164874
0.030368489513212846,0.089695281251451597
0.0022750954144442571,0.03601036065328659
-0.026153327597103385,-0.0094076824672228235
-0.043931919126792437,-0.040694446325268509
-0.072147336033679357,-0.059507979774608984
-0.085154246349857188,-0.067031897729936743
-0.092661390983437938,-0.066363569691685276
-0.096261737762509944,-0.063827297904140864
-0.094962832434901751,-0.053178605503172043
-0.095171226862089037,-0.063090120471313835
-0.087914228821259974,-0.073956300176604636
-0.071655092068030515,-0.097231243461067415
-0.0643562339250109,-0.14404798166860577
-0.038445656132181802,-0.19551942583405021
-0.018397313829795162,-0.24222271669870721
0.0035745474731098559,-0.28228634817980669
0.016507585606725071,-0.32086450891352952
0.022370559693822289,-0.33677072854310652
0.028690168238691284,-0.33434709412222663
0.012802828599624633,-0.31165897643139312
-0.00040522379201986258,-0.26555369300539372
-0.020729812059967892,-0.2112122424991556
-0.045753917987949928,-0.13461082547830949
-0.061892423945536713,-0.06623535755373737
-0.07617453842735529,0.0074328271295310147
-0.077141858654850723,0.058772236959948682
-0.064406700031811329,0.10736518278311685
-0.03844034991221161,0.11900092186539409
0.0036923287534648252,0.13133416772952855
0.053364684633981183,0.10428995431151367
0.10749317720899464,0.077907240120469137
0.16854483189224567,0.033656679780713433
0.20815483313806651,-0.0095105685528329049
0.24333850754103711,-0.050664916789998383
0.2550512760321918,-0.090882699891976754
0.24393456674470795,-0.11571572674310943
0.2130911026739595,-0.13063851557481579
0.14794252618118586,-0.13158245709659291
0.084639609415488259,-0.12295724303773992
0.010518724394299144,-0.10429748873621739
-0.063456706827494991,-0.080420831766259263
-0.12783369698353717,-0.05392071478783883
-0.17357315840369869,-0.024510491115253628
-0.20444708870617326,-0.0056928668545227256
-0.21056862582799912,0.022830548215136508
-0.19358742652045266,0.029244140195114142
-0.16132831254335891,0.04656146259719926
-0.11995112551529415,0.058149790810725605
-0.073963387015856294,0.067769970789389331
-0.021819265663869859,0.078673477858907881
0.018707163404870594,0.10361085428229955
0.046424034442133492,0.12682359118232836
0.075324848975089065,0.15003851151105677
0.088597046106713345,0.18641178898529409
0.09263158338173226,0.21003201645416006
0.09059751614458382,0.23491655060752498
0.091341249286525247,0.24748514421516707
0.08159556359071149,0.25027559490622736
0.078218832369751787,0.23996240276319908
0.085226509379483978,0.21811624191830084
0.083915649973710968,0.19409746086375229
0.092768247558385405,0.16520084780457958
0.097766268891856301,0.12755962375840926
0.11315116428556769,0.096888386181876521
0.10357567491331197,0.064908314764867456
0.11176603471639518,0.046397795169588404
0.10857601297923598,0.033751326851186175
0.098439715933542823,0.035851708487749309
0.088666563825903849,0.048546949214035399
0.072572899103460611,0.065402531017861781
0.061958975434297528,0.087401156973414412
0.04333844797871711,0.10549629235239974
0.03572153615304749,0.12292412802532134
0.023946112805660925,0.14053420366221869
0.017035257403501512,0.14696365214240481
0.011942770195567425,0.1339462610338292
0.0034810579197163518,0.11056990117302573
0.0034011803297131467,0.090180343980627783
0.0055648746726238586,0.047345008692863039
0.0061409776182095241,0.0053156169349206335
0.015619896649059438,-0.04279538927954879
0.026941694744414886,-0.098123017809835872
0.035460695566060185,-0.14538718328298061
0.050787469283047358,-0.19234815615123793
0.068808970591038979,-0.22985864000382972
0.087315803998682814,-0.26170472998003985
0.099419492124710088,-0.28041017037162291
0.09938302813570056,-0.29054419897154127
0.10170023056353027,-0.30032035627652082
0.089726229359929396,-0.2910662325744765
0.071215733885052077,-0.26895478942848056
0.042159253147292089,-0.24181161602591744
0.0014895474306439917,-0.20130159839959993
-0.048157406593996838,-0.16444751853636699
-0.098819218300777265,-0.12433813767208224
-0.15633784089231467,-0.077609943442982596
-0.19663803893164059,-0.043051363705746415
-0.24410012640106671,-0.01032511620257761
-0.27864314209784752,0.012015764622261019
-0.30727507707561924,0.017206629759303052
-0.32199074707564307,0.026091661042013378
-0.32809908161009377,0.022880307110498817
-0.31796950389155665,0.003611388594661858
-0.30647695616234139,-0.011187295011971195
-0.29599021274311466,-0.033948216547969624
-0.27795431281873917,-0.046812707127862167
-0.25240312972337559,-0.047297091993707491
-0.23502798645397657,-0.040750994302756131
-0.21727571536799911,-0.032447343639540487
-0.20104913698643984,-0.011275319962463518
-0.18764683378560526,0.021917512810341658
-0.17577371374769171,0.05052419694699143
-0.16047087589676082,0.076243431895597125
-0.15724115359316054,0.10621115387324828
-0.15137990474652177,0.13761801454574596
-0.15034034435200222,0.1559673506178062
-0.15368898359560704,0.16334779555844658
-0.16401512653530348,0.16254576117547548
-0.16735046711974708,0.15658209956083319
-0.16849975542790577,0.14265513116047013
-0.16758162471847859,0.12696249113146318
-0.15119496871680982,0.10870731604740759
-0.14153166536338507,0.089673482291483753
-0.117487344668204,0.075378005547007701
-0.090106201926912613,0.05940345426256325
-0.057866577821770869,0.055973539247586128
-0.028457634555604301,0.046929068196876055
0.0077266618985250861,0.055573688307885609
0.027067142070886993,0.04828324619034894
0.039229259560901682,0.049847062622663342
0.029978297509101408,0.055780780035000845
0.014072887583696857,0.060122670389051891
-0.012292665107739862,0.060707883717216277
-0.053719969867997007,0.062772395390852526
-0.099830697878680652,0.062775648418107191
-0.14284915782409996,0.067037361369126469
-0.17839671461645568,0.070699995659108256
-0.19944952628384754,0.072845636014326268
-0.21426448918077087,0.07617100463841138
-0.22025035270127419,0.077516628431725021
-0.20118510358789926,0.087244463581934287
-0.16021919640800231,0.097370674893585349
-0.10980546207976061,0.10559849497476337
-0.058272613887103954,0.10162023763171167
-0.00059882665948052596,0.10064563793056017
0.048532187862632872,0.088075147963693368
0.092357573369204526,0.076341430139904631
0.12139726834064088,0.0526147065972827
0.13726659925529033,0.024117814904123059
0.14676859605281611,-0.004735720270940518
0.1365577723108371,-0.03507512108196733
0.12042743365883939,-0.061855873082233538
0.08705810602700563,-0.075884662931403307
0.059580159188537402,-0.08609660155526104
0.024436220517274138,-0.07151125288283236
-0.014166527998229228,-0.044864755528863598
-0.047089912776380756,-0.014845726135566627
-0.080265648019001309,0.038543769310449234
-0.099333066522866192,0.085908339943970652
-0.1188909989069807,0.13169288487967543
-0.12697148147126378,0.17421193822742298
-0.12809760834576345,0.20246136149046859
-0.12634470272523712,0.21415587705472866
-0.10439250158508574,0.20084121566879679
-0.081721127694215856,0.16943295689910998
-0.050618494548526356,0.11715368512509186
-0.0081108161589340828,0.052648674777134058
0.038863126643595806,-0.0066902552945075277
0.088770216883908265,-0.07113749234924055
0.13038492393948031,-0.11789167443965598
0.16598525334819877,-0.14389496046169858
0.20231097396211917,-0.16028130825295492
0.22870537653849429,-0.14830162124461382
0.24944927241209539,-0.12287684824182032
0.25579391061500811,-0.083730309749612306
0.25713028537258759,-0.033208298835895753
0.2658531319579398,0.0055029651968689277
0.26157580436406946,0.048085073067698256
0.26120161511810086,0.067874456769174488
0.25362685506782789,0.079177267502573728
0.25561277592412723,0.061841260991967038
0.25670113796777588,0.03603296926182923
0.25518937072658415,-0.0016628803661874305
0.25308789617784949,-0.044149981140146802
0.2416865900330335,-0.080465539259420502
0.2322196242527983,-0.11622649634077264
0.2079710147173536,-0.1377512624281749
0.17206875538352509,-0.14033997148357771
0.13681464846378982,-0.13642216368777918
0.092619458809367422,-0.11905701553011046
0.042893790958605738,-0.098952140275667053
-0.0024944483941078972,-0.076028665699375747
-0.051907764529244942,-0.045640995668009755
-0.085264925754303417,-0.023082657269781422
-0.11745852614004205,-0.0025592257249859992
-0.13761106132849737,0.011721199831335908
-0.14561170274436591,0.018137013551514692
-0.14852157590724505,0.02051038101377093
-0.136089674131218,0.017129646938128691
-0.12564235418925598,0.0066249271633890446
-0.11234968886684078,-0.013485868742202013
-0.092135577018903736,-0.049710561471910678
-0.072401613385064609,-0.084661875664092723
-0.056526250770988294,-0.12595236430824119
-0.044520183351456702,-0.17068697872530436
-0.039868812218682728,-0.22267407323141533
-0.028943035433032505,-0.25780460057365961
-0.026991850626025889,-0.29850399835711966
-0.01571338019778945,-0.31557931877779039
-0.01462895890747355,-0.29978837338126474
-0.0073738954586037315,-0.26437558626868807
0.0065440384150991116,-0.20786945229630083
0.01714016441019723,-0.13160787337556815
0.024238356717709242,-0.036567297916086622
0.040039392158847636,0.070023573715006393
0.046512779928853096,0.16297966661982252
0.061015278380287044,0.24478221571686812
0.063688235773247975,0.29024862681648428
0.067842219983095489,0.30463166280614279
0.0703226210577063,0.29091337730376082
0.057947496476852808,0.22869305618876268
0.043126899584285554,0.14321204723004705
0.024962224356330331,0.038558359204648139
0.013239122820838148,-0.075069236264755979
-0.003819217904881959,-0.17939886404888761
-0.007578207554336339,-0.26717373405960082
-0.0087681151774710499,-0.32513553216258589
-0.00094209840259908834,-0.3446237560199073
0.0097345811893564619,-0.32536046180868233
0.024352139099999889,-0.26072725760634374
0.038580533824001541,-0.17289926401595812
0.057583613253849301,-0.068480974574043951
0.066447048149924789,0.049128423026405764
0.076354082447182878,0.16303772682133183
0.081205966881759031,0.25590011848756439
0.063497378594201556,0.33598537293397657
0.044113602960920838,0.38428280991487052
0.023095544567494998,0.41426401127073809
-0.0024059939736665158,0.41579633659970827
-0.029330854831019382,0.3936584547367683
-0.046602303626447565,0.34727173372382986
-0.054101863150536618,0.30328043512313618
-0.056743823009567838,0.24923271616237883
-0.044101864325083312,0.20295558570223676
-0.017668526368916984,0.15601384730006107
0.021552358142814192,0.11641745651167144
0.066370231206383495,0.070840875308258555
0.10479540363192742,0.030540955099437047
0.14490279372742085,-0.0032065466523441598
0.17644618655304528,-0.045680558628363975
0.19926096562081944,-0.081128312707596406
0.20240439004058899,-0.12688665514923578
0.18674953655043772,-0.16888802578947401
0.16450781922674163,-0.19491482093387399
0.12416429880455154,-0.22749018706998655
0.073098647483923723,-0.24177862130577948
0.019109537856700221,-0.24538627068804059
-0.027149559527281118,-0.23949767790808701
-0.074642590989951074,-0.23077116705116804
-0.11650479245923,-0.19737954221135828
-0.14145616048440907,-0.1690213249127859
-0.16483182921380873,-0.14302966923328511
-0.17188069226329283,-0.10343974103863307
-0.17567451507722859,-0.06943932464692254
-0.18158401073651012,-0.045926895448428137
-0.18028884403309256,-0.022918026396828807
-0.18753410178122748,0.00049557202174189009
-0.1892430277440186,0.0071659505586808923
-0.18838580763770976,0.02005924524475805
-0.19917544735498866,0.023157560857320868
-0.20168102527623971,0.015300786026694494
-0.20282455852822504,0.0039987007122932652
-0.19542662987156487,-0.015637402800669113
-0.1759902243985913,-0.037652023132085044
-0.15333400490351992,-0.063585821688572283
-0.11218082078282655,-0.089085568968706147
-0.069073924943020656,-0.12049465616310362
-0.020058914587970218,-0.13787554942421257
0.029376523428371909,-0.16005146471535975
0.078139207544098838,-0.17009386055389189
0.12712055548491905,-0.16534251045345766
0.16449071876201876,-0.16181074309440674
0.1861947517020584,-0.14336128209408114
0.20063547843986393,-0.11377794434261748
0.19130955171990999,-0.07846296023751731
0.17720207360343701,-0.032474166112840999
0.14796493072265959,0.018376895510276367
0.11846209564693766,0.072328275988245913
0.086289038027874132,0.1143334375908166
0.050032610682622686,0.16914167186208093
0.017273762009003806,0.20723938426136015
-0.0058236814076238781,0.23886150764880623
-0.03606301961927158,0.25524029564982476
-0.052788857561533654,0.26977098985550141
-0.0578412307896937,0.26853053990875153
-0.068011951783613467,0.24843676832469802
-0.069758904365454441,0.21651477710032457
-0.080465637993778413,0.19184855345634022
-0.072615923999383866,0.1481242662562563
-0.075336719099274196,0.10053170837831557
-0.071312865150998606,0.061226340534014607
-0.068552121428204119,0.016494676616132405
-0.063152995316171703,-0.024727281558423169
-0.061916954583509813,-0.072241775847727202
-0.061456372023893459,-0.11072018057452286
-0.070014460057203506,-0.14984198104326354
-0.072315527063177093,-0.18713612149045947
-0.076698995846042839,-0.21336341608431028
-0.08330498675240057,-0.23348882933413923
-0.087918457759199736,-0.25090317902075771
-0.095692193486362973,-0.25510047518215168
-0.089805228688201441,-0.24855072648102322
-0.099779894041238298,-0.23311407476206164
-0.092242452722302595,-0.19742820116606288
-0.076851434265050311,-0.15174260613978352
-0.07553934169340909,-0.098434777073267268
-0.059112898093389162,-0.036635479431512581
-0.040235931606618133,0.037384406947634514
-0.020669124718458366,0.097601133280871763
-0.0022117426173863079,0.16278183830464679
0.013580813879509591,0.21246721273035052
0.021127386770696081,0.26168856886624381
0.013066974929995284,0.29127868745227781
0.010714967464158582,0.30913920720940841
-0.006100091419243928,0.30983825630621686
-0.024454375062289778,0.30296981862690431
-0.053146473240517474,0.28610704553154198
-0.08255536464062127,0.25408290837506864
-0.11118658176678516,0.20811964514320147
-0.13571209273717749,0.15289159126330015
-0.14961373956741475,0.093399427589965681
-0.16681886993123043,0.028750989270373024
-0.17569011783203012,-0.042144325635764819
-0.17233182788131696,-0.11065880283093894
-0.16323539521918989,-0.17280591344963758
-0.14125192409220436,-0.22453498495235114
-0.11299001361259639,-0.26338340397551552
-0.087887949897124909,-0.27449349604129419
-0.049025355719023396,-0.27325234011738225
-0.01378815948596067,-0.25471992492993845
0.027153739890682517,-0.21526964797275677
0.068270282415755446,-0.1665725980560768
0.10353494859552073,-0.11123159384105238
0.12964171372206765,-0.050486637995810268
0.1527533683582312,-0.0066779999278142
0.17121973384755665,0.033824001508783223
0.17697897690535952,0.055975103036088041
0.17624402187381294,0.062954304284900425
0.16927221218519717,0.053981893134784395
0.15311234487614639,0.026278392805155943
0.13573705888799265,-0.016403489482895859
0.11235575379863016,-0.067474098231900606
0.083022117952845323,-0.12371786321075653
0.057340454688483818,-0.16717555750910898
0.030170045158876974,-0.21037549664978536
-0.001390912540410157,-0.23820450521778749
-0.021054948905936656,-0.25088857395923053
-0.039440450600020958,-0.24300593691918579
-0.056456313562661321,-0.23028294449059414
-0.060814000989403504,-0.20158564247392891
-0.061762831051042764,-0.16373533409994798
-0.056053439597792014,-0.11645336156236676
-0.048100086175215585,-0.077577970490118789
-0.031030647621943262,-0.044024832138456191
-0.014657287458625825,-0.01318756400416873
0.0032264614847518931,0.0060612305187021757
0.018701168150498111,0.017094309646536996
0.036589494503141522,0.026444118689488861
0.046807927236210779,0.030201061873073132
0.045001513822051531,0.024074655727730349
0.030542303535471584,0.025953793984685569
0.0029740938454419939,0.027649086483430934
-0.020743855687768174,0.028871815897452167
-0.056688953946278216,0.027244072545968667
-0.094491535082810621,0.020375572021191286
-0.13270389793764911,0.0064608216511308474
-0.16711786299942805,0.0023207384253679901
-0.19150106464894986,-0.026418443136185302
-0.208226322840983,-0.046144886749465534
-0.21341072579120166,-0.078782702017562434
-0.20847074246192221,-0.11273766923750594
-0.18895197315000983,-0.14372838512037753
-0.16625618264712888,-0.17089813580291069
-0.13342282914782244,-0.19175944621946212
-0.099574074336887197,-0.20594292768459613
-0.069960318726403001,-0.20823695231385944
-0.03674962039789318,-0.19423792402216458
-0.0093841180965823796,-0.16610383730437311
-0.0016086241058806145,-0.12316727412010231
0.01077288488457597,-0.072163576164200507
0.017824128496446226,-0.031669123697008826
0.01010544695655791,0.028241095351058683
0.009784719321859205,0.07847849653013475
0.0068541547489337808,0.1156120617883263
0.0023963533000663003,0.13892970665752494
0.0052281166862194186,0.15803216752027366
0.011670030220891244,0.1506632186890825
0.021599111730886515,0.13676505540136352
0.036232433858555867,0.11752034274027681
0.045211025955577709,0.085919753841477362
0.067752680785998567,0.047546978782859885
0.088407187956803385,0.021590507554633383
0.12083417698763319,-0.00047352444295686077
0.14863626431008375,-0.016723740633466044
0.18258148021457987,-0.022382553035459166
0.21258659484571743,-0.021794491535249056
0.24080754218664385,-0.010420667289286058
0.26009947550447171,0.01391219249523765
0.27238617066132836,0.026753126311158653
0.28013174996315832,0.041374921183189584
0.28174166454930172,0.054764947430532028
0.26047751487541071,0.064948035370805957
0.24101993473067632,0.06531305112309492
0.20852363916502853,0.062359844309897126
0.17567247337339492,0.051278318541878955
0.1445061718825453,0.042305933382557982
0.1096012688855766,0.02038596893785866
0.071136343623305759,0.012377034630799338
0.053573929672992036,0.00040214888260809312
0.042037882216880096,-0.011062063523148601
0.036295627870912006,-0.011790806113467629
0.047593708657410978,-0.012189924737912847
0.059088149538160425,-0.012945281985630646
0.076296391814688544,-0.0024258890252279938
0.096757838553991699,6.5321195911862383e-05
0.11530837716253309,0.00084669519236074773
0.13608049481391643,0.0077826247483349081
0.14325720062587657,0.0086586547619006693
0.15453613830016638,0.010421074145566705
0.15603613534832983,0.014260857622092272
0.15915215549554812,0.014651162791673073
0.14682441310421163,0.017096092974416759
0.12927328565687293,0.017798319118496185
0.10165390142218489,0.015352156407852677
0.072034895896493187,0.010096853519531566
0.037948353358775583,0.0014558350688069232
0.0010250310326460517,-0.0095578968732713439
-0.030010591377535097,-0.023431676711367103
-0.067441131734297305,-0.035330863762778997
-0.097944370302642789,-0.054668656348376102
-0.12431359065989837,-0.065484283338361426
-0.14010207544002107,-0.070168459471874264
-0.13913813826343663,-0.085925804146598325
-0.12530282900288969,-0.090100802965965843
-0.10179440567505545,-0.079290361239500798
-0.072015053118896,-0.078967644048386396
-0.030550178673783471,-0.064289259926869846
0.0052106203086607922,-0.047957392087392185
0.041663379574381147,-0.02933583287834594
0.069913967148638706,-0.020402106687079587
0.075458622718322557,0.0036223526323403417
0.070782956321340629,0.02109485590075532
0.046566302321621102,0.027546638736333784
0.016404702244790344,0.052167028548437543
-0.030381994453216363,0.060697862166133952
-0.071882800880706518,0.077672803101448501
-0.12483425893156423,0.093255882037023091
-0.16888152627920694,0.10095532695167465
-0.18386865546993617,0.12231656492287166
-0.19339285203354378,0.13920266462183117
-0.17879662658631829,0.15273063816508595
-0.15019612346476888,0.17079035763576955
-0.11447911403458644,0.18519578634104122
-0.065943572436339429,0.19830795084489791
-0.022764139153469025,0.2079870327649028
0.018212334052535258,0.2161424289117351
0.038184850285885419,0.21667783881980682
0.051552194244600016,0.21775586991108639
0.039423934931321174,0.21617773278360658
0.0065517894676389273,0.20189950126064579
-0.032238334894571653,0.18950008127997459
-0.076702200963006603,0.17188277211659467
-0.11157340508322447,0.14848550510709979
-0.14339960325854745,0.12508424831748674
-0.1574670714267549,0.1000041517843825
-0.15421473315956508,0.067895385588275403
-0.1328872695786863,0.051460250471672492
-0.10018523564927892,0.02968110972777651
-0.045545742031758547,0.0090267937375958195
-0.0010594921405325305,-0.013744909711599074
0.04110724592809438,-0.037192202904296041
0.07750529170727255,-0.054605710295323746
0.095253178600353761,-0.077853058805621114
0.092744755373797741,-0.087495549771457154
0.076690111521216547,-0.092237395962682156
0.033156655473168761,-0.10650235105064321
-0.010001851721501637,-0.11324245601626298
-0.05980116458784842,-0.11801209878851802
-0.098973545058985285,-0.12822054255195947
-0.12399269868951497,-0.12750254673170244
-0.13158873260090209,-0.12643071828523447
-0.11588303091336107,-0.12727925379194843
-0.067688911160298182,-0.12486527628530461
-0.0081907245535345983,-0.11688778414460932
0.061956771020691845,-0.11433158298222511
0.13248594580579051,-0.1120696576259
0.18708042308385917,-0.10820502083698573
0.22298451733223618,-0.11259646720884814
0.24198446529609413,-0.11059147846427117
0.22640059259769921,-0.11933144251584163
0.17686584650061321,-0.12509511882166752
0.11089560417753562,-0.13031577729193025
0.027250654686011282,-0.14453811459245164
-0.05900252660643817,-0.14645295997598226
-0.12444202354132876,-0.15227159461549777
-0.18387970992951491,-0.15411535919745867
-0.21170947103666574,-0.14328153887674822
-0.21099012770937756,-0.12013617533341711
-0.16789063198506435,-0.10273980000510091
-0.10488671625023091,-0.08107152868867934
-0.021648408605583432,-0.052633366580993587
0.069194988164203733,-0.032120236305155564
0.15517046772929274,-0.0048058284285431097
0.21978693425057405,0.0065418512465926174
0.26197645746150422,0.014716419815997573
0.2770383425801114,0.014605022510661536
0.2558485423457868,0.0024580806410194568
0.21380582207219315,-0.012350622685998951
0.14660368257068598,-0.028315062965600723
0.077831665910721104,-0.060324090056136946
0.0044415258526675815,-0.092521170045858345
-0.056519409759714263,-0.1071035515375634
-0.10257356736410107,-0.12913404010722684
-0.12117564246812497,-0.13501656614526561
-0.11628602173613052,-0.14667580947097011
-0.099855618394131013,-0.1414508263504993
-0.062996096937851714,-0.13624639596919405
-0.010993790186571853,-0.1261353081042576
0.03369964562060495,-0.1220532136267245
0.0793428047106923,-0.11660379291338639
0.11434482301252288,-0.11132528939017897
0.12466772677824745,-0.11927767685730399
0.12277273877798349,-0.11913215855579813
0.11665176211788107,-0.12933960325250979
0.078484807995787775,-0.13727718123063756
0.036986474525804988,-0.15452775511084602
-0.0073768812121522195,-0.16290451273409082
-0.056250948512204656,-0.16832103584637251
-0.10690624345184094,-0.17279569425089517
-0.15334727908794152,-0.16796383467519285
-0.19687015479433587,-0.15660092866392197
-0.22809288443056372,-0.1445460587782042
-0.26028284539558977,-0.12905619893074358
-0.27928803553344328,-0.1030077514661446
-0.29015074612234848,-0.070114651868872627
-0.29488591970992084,-0.039689556775550187
-0.2905179674898995,-0.017645602921009199
-0.27958168340433187,0.025329670014732662
-0.26125638010420926,0.048266774063424958
-0.23792380054085902,0.078296508211116667
-0.20092236726640098,0.1061364293752276
-0.17051505528026953,0.12964429583623185
-0.1366943445816492,0.13814261791723909
-0.1078371530151471,0.14259642256726165
-0.076455131253393344,0.14305368896007087
-0.055428388864398069,0.12928817024427708
-0.042118465159917816,0.11257698453535511
-0.041064963575837582,0.083596308312930759
-0.040627397713752358,0.051738982837050834
-0.044302725506226173,0.018237958082624184
-0.052632014668794573,-0.023193748252484745
-0.053109271480354207,-0.047711200454499551
-0.052488136047396945,-0.077127441507560762
-0.042446801670330152,-0.097244663778852325
-0.029123944067561143,-0.10930140395684902
0.004799611308294636,-0.1154520341954431
0.033583662516579842,-0.11835345553838054
0.064133968270264408,-0.10521435066035423
0.1023830904901506,-0.10310153226045722
0.12818514810989623,-0.084053558542074289
0.15130263758886561,-0.080562216649368398
0.16195131719893527,-0.070103460279731883
0.16442954667430398,-0.063174972259511714
0.15988134472275917,-0.050784648229962877
0.15193665312676546,-0.046283769758697912
0.13640887587973141,-0.0306420360450879
0.12191488104723536,-0.030831899990298329
0.1146256772262304,-0.014787652682425306
0.11202922167877971,-0.0043569231160501326
0.12039719540781349,0.017110528305863539
0.13119984772527196,0.038705611348008588
0.14759231764087993,0.051162253534184299
0.17270801101192698,0.084221014798098362
0.18350214522134944,0.098871736257841569
0.19238750123015905,0.11342435896130373
0.1858648609501457,0.13817462624638763
0.17414382416028876,0.15978203655810475
0.14097960807860435,0.18063374432190621
0.099152909645130086,0.19095943030427084
0.045714464065476329,0.20740799326584047
-0.0056303070960581573,0.21509035163262871
-0.063289860274005225,0.21789171254760489
-0.10564212667971268,0.2150230773050047
-0.15248640899139862,0.20118769757808636
-0.17558649664914419,0.16745695118347728
-0.18828429338883532,0.13124102828786002
-0.16619462494647122,0.076421069483761539
-0.15271577356323546,0.023143585358930862
-0.1118267897894893,-0.040045743444545798
-0.069859320670388511,-0.092909723275605843
-0.020828738600612656,-0.15352113080979476
0.017028204328144583,-0.17902435687324708
0.056428980292717944,-0.19543177882482746
0.086205068362972995,-0.18933226816917623
0.10364862586867959,-0.16466697355222792
0.11194438089262543,-0.12123232492305194
0.11473882956165296,-0.067433953036624389
0.10544702633082892,-0.018278499846437805
0.099094275246816452,0.033232727633074992
0.093146369487236827,0.065894260646501931
0.086326221446981447,0.080208041178613396
0.07507984300720108,0.079683816618718165
0.078026294747108163,0.054535244502836033
0.080691295103033675,0.01694171058952491
0.09284529485592978,-0.023121807149341617
0.098579895437190618,-0.077483689721176724
0.10544665305652244,-0.12336239429249329
0.11164140294808333,-0.15816629223382186
0.11650209044254553,-0.16266391204392838
0.11104974251452793,-0.15092302277867095
0.097899015714360063,-0.10737950390285055
0.080689169541295139,-0.050760620403950116
0.05909746065957406,0.019880904424826408
0.028928646701353318,0.099733493549785321
-0.00050197590617241487,0.17683851266274547
-0.021491387762147138,0.24088802787049945
-0.042150791876632336,0.2775507101241127
-0.064956519037567981,0.30214928095470078
-0.081155626645676784,0.298391440866143
-0.087484035063135013,0.26648259913965228
-0.096731761146625336,0.22098726241160452
-0.10977760200425551,0.16368481235387886
-0.12279689069758178,0.095578878270771106
-0.14370868012806365,0.042927439671827813
-0.17070037774120339,-0.0080697253960612669
-0.19848626352071863,-0.044603456920465329
-0.23028866233540221,-0.062862215678816558
-0.26588860916476609,-0.072405589952777363
-0.2899974889739324,-0.067606555853636965
-0.3140128904401438,-0.054300114784306415
-0.31963383637188042,-0.038635214237950466
-0.31724882267091431,-0.02782039831820458
-0.28675516064924506,-0.020169272717227665
-0.24625823735396235,-0.018442546889325985
-0.18645571558904009,-0.023839584392021978
-0.11101476913079339,-0.0279544258007496
-0.037863559873169493,-0.040065422471499093
0.034314824419422678,-0.045499823883101365
0.10516884440964279,-0.055949215839990553
0.15982687554641523,-0.05287642822439792
0.19680042870845604,-0.056032129969761001
0.21152432495688323,-0.043750176374682176
0.19840888091519829,-0.032845389606259774
0.17406479324649368,-0.0084584429039077369
0.13199233781422248,0.011283806956185584
0.09076244619264337,0.038842390889901761
0.040708088113366736,0.059823357100782952
-0.006334008289026782,0.082715461143584482
-0.042500423156194074,0.088647708537674952
-0.072646431905649303,0.093508921837562181
-0.072781576135282189,0.096224821666987967
-0.057775262305350662,0.096465438520504307
-0.033990587917283058,0.084103204252920574
-0.00057672081821097919,0.060813916764191518
0.040549830730255108,0.035387551964692232
0.072582074486581993,0.0059872081675522281
0.10394531790216054,-0.020789961470963847
0.127330338779513,-0.05390709771583499
0.14440507473567751,-0.089317818930259946
0.13717783554552718,-0.12553007363358407
0.13122623756133456,-0.16511234877008724
0.11220978003713503,-0.19237394449946191
0.087182642780364167,-0.22562208528701683
0.05913053327902415,-0.23340967720177933
0.043732824385962724,-0.24580990241778872
0.024140549576148591,-0.25292194744322283
0.0070326690866254864,-0.25060070333404355
-0.00063789452429252429,-0.23215738629256322
-0.0084151399974887828,-0.21173059097480926
-0.022031731037729894,-0.18935629960040057
-0.039881401192012521,-0.15778772226812712
-0.053399814322445095,-0.13056138962190025
-0.079899597470538333,-0.099664059457767185
-0.10846401077613586,-0.064589263155293161
-0.1405202572418679,-0.034516511998366368
-0.17732312729103991,-0.010638241623885696
-0.20286053114972766,0.014554385768228387
-0.22024549439504465,0.019470629891725617
-0.23186409440860584,0.032590755715749348
-0.22960721114846142,0.038685238597549992
-0.19990722060156138,0.039021606213724032
-0.15815169518772068,0.03746809283145823
-0.10405066784776153,0.038895405037863928
-0.034464208358368338,0.02716139559362607
0.033148412081195296,0.021438930504335842
0.10570742580208142,0.014617752233006515
0.17299928812481796,0.0047850007051740964
0.23273367117826621,-0.0071937787984452791
0.27701880655876943,-0.019102813305591413
0.29499330503758053,-0.036511261650407495
0.29742857664761757,-0.047436769238849152
0.28124904700110126,-0.056852480714978379
0.25228325104481458,-0.066258114784206346
0.21579272305044081,-0.070010937389578864
0.17975208236995044,-0.078398611055818829
0.13140293803980127,-0.069641678938549167
0.094357153106399416,-0.055500147574924871
0.066504541388952385,-0.040906825873848092
0.036362352436903715,-0.0099301978956444145
0.033836011611636699,0.020447122334338295
0.024661384236195585,0.053909340951590966
0.022888857757249755,0.086196738581603996
0.020397243507678693,0.11069996333740603
0.027184765593644931,0.13042711646854988
0.022274980893284741,0.14439658122482965
0.012157762560466558,0.14208208185473103
0.012016391435408363,0.14126079739355749
-0.014776037868109484,0.12655219727500969
-0.035640555738221287,0.10043241695865734
-0.049522157683651466,0.076451361397105705
-0.070574541958074818,0.048422379337819635
-0.094969154592809649,0.017971808563322166
-0.11611244668526181,-0.0088679703883660713
-0.13034619104386799,-0.019797447819250549
-0.14649476611910137,-0.029742854692401382
-0.15326804767276378,-0.02714309090697781
-0.15131145620545181,-0.035193987051659534
-0.14844835464848957,-0.034014999827785948
-0.14589391653206238,-0.034204329868270565
-0.13375658037067387,-0.041217795703693633
-0.11685794054222508,-0.058432179235825797
-0.099620881975063066,-0.069638302974616942
-0.094046369827396073,-0.096336516875727737
-0.064251675784988665,-0.13002299919237945
-0.042188064007138017,-0.15998490538269083
-0.023754067350203176,-0.18094678883133264
0.005548922862138872,-0.19797973625151424
0.025297588827899044,-0.20532016513158469
0.044474267026584247,-0.1993566929055493
0.065442479623794722,-0.1761262630308143
0.07883563447990885,-0.13941423615152485
0.090554550865736216,-0.078633463844853937
0.093458625106898119,-0.024865911190390139
0.10408426791666699,0.042295213393033451
0.11447032725492211,0.10578327357829481
0.12491149020970783,0.14918685305139912
0.12900719050034207,0.19005945217348888
0.14132392595894205,0.21064866646179842
0.1621447374006196,0.21141967581564086
0.16815082552100158,0.1903997469434672
0.18531435651546624,0.16845486415453778
0.19918593922519637,0.13658083084343198
0.22035686040708549,0.10009711812056633
0.23216684713687674,0.067371024731069776
0.2567464667140229,0.038666210086885755
0.26937426561694561,0.0245041762344878
0.28583446459371609,0.014730485177626953
0.28854187222679739,0.018030429361545641
0.29557816943818321,0.020001644868987607
0.29540579630418196,0.022172821911862622
0.28950820928602666,0.029588670364636194
0.27444745671826737,0.034777998545195914
0.24817379566984396,0.031328654287180888
0.21104385120656463,0.014592768942845943
0.17211093563615315,0.0019086775056765858
0.13652850291200253,-0.020151425774663959
0.082635084094488512,-0.045915057221262566
0.037629739637970616,-0.067538001275317894
0.0018490344135593736,-0.086228989540403284
-0.023637405547299775,-0.092626805496633186
-0.040482044955596271,-0.094049388613208704
-0.04036017125970464,-0.085290636104007569
-0.03713879097779238,-0.063753087360267024
-0.012473977354030346,-0.043119344625118683
0.011140430901962834,-0.0094395130710413014
0.041538626357766305,0.03082506307862358
0.06670789248863998,0.060740392902638114
0.090536291350998485,0.094119385622793719
0.10358043285669261,0.11958362916740486
0.11155325330762368,0.14514128773199034
0.1007507234176967,0.15277320013468887
0.088200031658660125,0.16111185360529068
0.065232417774570506,0.15485504405687006
0.033733800279651602,0.14256728376184008
0.0087380177331202909,0.11924628403805032
-0.01285408038637518,0.084536821999372999
-0.038405457232151087,0.033565037231319712
-0.05200558942550728,-0.012199411174994249
-0.047324642666206881,-0.073660056242909638
-0.053476159642939579,-0.13066011297318147
-0.042661645172161505,-0.18516578459278593
-0.035551456003491001,-0.24217554249764617
-0.019757547389929998,-0.28177121414736062
0.0007301427088027175,-0.30752663053505785
0.010438957618159325,-0.30675890139915535
0.020545957307851328,-0.29640442607716244
0.036289580468010021,-0.26822411744509456
0.035821053142078438,-0.22196536261085048
0.03229111630205915,-0.16051542305230096
0.027699013597172667,-0.096910218039625101
0.015313766003720225,-0.030714788799616134
-0.0010174627024640732,0.028376873945253261
-0.022924747530484943,0.078369709386033659
-0.043712112220801264,0.12071669040786205
-0.070232336129367343,0.14769715917052154
-0.09807884203225542,0.16663019215456329
-0.12443798098462762,0.16493224971489018
-0.14770119512261315,0.16161757425420156
-0.16243486918134653,0.15416491434902141
-0.17378713830452716,0.13926899306857352
-0.17455787985358714,0.12376294873334959
-0.17074508181357817,0.11588451658860523
-0.14627672367193123,0.10896190816182214
-0.113811361219174,0.11390059296983168
-0.084685822894217749,0.12411060880174843
-0.0475992576088895,0.13240308172937931
-0.009480456491587826,0.14391422364016493
0.022133032661056297,0.15855593171351687
0.050272542762788752,0.17676845235820254
0.067204093167776827,0.19244967908499899
0.078173420265069002,0.20317973496300037
0.085319343799035954,0.21212978356361664
0.073972269982646721,0.20664460369903281
0.06558433172255683,0.20607781161347108
0.053758004347128997,0.20860767340352449
0.043784905595621794,0.19279090548141278
0.039817359193336635,0.18090328425300317
0.038693297310209936,0.16645601003950034
0.04442156247322996,0.13989031802124866
0.056013602407182922,0.11688724426134177
0.067265066662173578,0.098212577760067213
0.090043314807821517,0.077553361425347356
0.10671345914766014,0.060984640730455557
0.12651465614209412,0.041371174840665756
0.14209677916184307,0.022117829213230123
0.14977761568490072,0.012869277776942408
0.15477832894747859,0.0043643894356346549
0.15918339838046922,-0.0025412526897322383
0.15792333832094838,-0.00018074477928026276
0.15631102545792208,0.0037126478907125856
0.14719082217071572,0.016401203971548123
0.1407687550795326,0.039272924096270832
0.13352143909834618,0.068168940007711259
0.13014490802898271,0.089989190494886628
0.12526183733825724,0.11992955732056647
0.11847680544681506,0.1600225214725664
0.1117991771478843,0.18895383752844291
0.11258430213820289,0.20745381045960609
0.10878348154538262,0.21873254469935877
0.10482468240815189,0.2036868161281393
0.09706399869912978,0.18005678757681373
0.08465787974097172,0.13947189935375681
0.082597815346513975,0.075172312957164339
0.08102199074575521,0.004310672704498357
0.075901038899542847,-0.073562435925382572
0.071216483687071383,-0.1463553841262254
0.073947058419112172,-0.21414829491276963
0.071902313353809408,-0.25482068183534745
0.065932367436075487,-0.28571644533056018
0.056771432019142906,-0.2815321135081828
0.052979646780934538,-0.25400300297754214
0.037933973264522143,-0.20504128831114035
0.034430363563687109,-0.13954556421774802
0.022323464446799796,-0.073448515112795584
0.010707271067620943,-0.0039591296615360616
0.0084631423885300344,0.048399988801114111
0.0037336972949808932,0.080192497699816054
-0.00035579711767656265,0.091664885623469958
0.0016215477466610725,0.080079001048742215
0.01318180882397889,0.041039886386498046
0.012988370092264645,-0.011633132649406467
0.023244261275277116,-0.066425356039082714
0.031340628899082797,-0.12006058148064908
0.028336077441881775,-0.15974898989881134
0.031405276347577858,-0.17234021121128576
0.024982065954555932,-0.16680473411858632
0.0089842273021252163,-0.12774602920795261
-0.010498139738553467,-0.064963725945801312
-0.020574946361153514,0.014876194287074481
-0.042571232602845725,0.097093579410791539
-0.050867947333902264,0.17884496443589626
-0.060225869194977487,0.24551372587718451
-0.064235936674865227,0.28750202837840888
-0.049716910245942811,0.31476873950469703
-0.03143794891071891,0.30370905426490807
-0.0049880307835778251,0.27695374334525469
0.02255989370251997,0.23479297671410473
0.046548615219993573,0.18734006721306456
0.065131101235656352,0.1331428386120643
0.070084415200261152,0.089510587580043641
0.073179572565090084,0.064572083817150877
0.067432104623145916,0.053386132104994287
0.040086115802194802,0.057131467594564521
0.0066450692046722652,0.071705581231570878
-0.040773375894742628,0.10155148910884154
-0.084632362435351521,0.12392068055474256
-0.12941098967883863,0.15017174002116992
-0.16161847628033052,0.16338982944068101
-0.18672817086936536,0.16351815589790078
-0.19367590660514161,0.13793073963823896
-0.17614875885510639,0.10433073271248919
-0.15669855819937042,0.060134805843482159
-0.12984070484110757,-0.00013729394522174389
-0.084477490601314723,-0.065802101215110653
-0.04247540188156726,-0.12812013874127445
-0.021175736420572862,-0.19178602300025782
-0.00048674577393781511,-0.23729599962980466
0.0067478596543520215,-0.27683529481979363
-0.0022940673795876308,-0.30120265958960779
-0.023994840019281163,-0.3139975032917427
-0.056456852098570785,-0.32005097164229374
-0.090862879236636107,-0.30405593087958704
-0.12058215005955632,-0.27861875447742623
-0.14357492055892174,-0.24382452004828889
-0.15495642660107989,-0.19829093269104536
-0.14818324619720191,-0.14929243641335591
-0.12491002458268112,-0.088376230926867291
-0.095913073537227306,-0.021755664334866802
-0.056770833726763455,0.035937531220656981
-0.018517025166917785,0.09216918319714329
0.015974852819965499,0.13708246263714585
0.030231874797236068,0.17600075813049704
0.017144854573090191,0.19068621525066995
-0.0010505722314655581,0.19062541458534127
-0.04995917297216055,0.17990626629678161
-0.11310867144354224,0.15033809197948725
-0.18894401109585335,0.10155444000574004
-0.2505683882450333,0.057521138279387429
-0.3052310923541855,0.018716092954069428
-0.34491517105848163,-0.0069332541367281416
-0.3448235986811552,-0.034947746543135677
-0.3274386136652831,-0.026032183530063251
-0.26527597035497236,-0.005661534347898651
-0.19023830737471356,0.01254112915183668
-0.090689333710008549,0.062255954776904855
0.0035137436271152822,0.10408219146819306
0.096053345682830915,0.13690362032281722
0.16820599217327287,0.16758381543395034
0.22292967508939932,0.17309139952701075
0.23615624863916454,0.15915100221541659
0.22059380363575223,0.13356991778976651
0.17912764786544497,0.079222875938857532
0.1225580425953673,0.022023959344067104
0.052485346822991538,-0.054724801308317778
-0.005798441567131973,-0.11080815252147398
-0.060863984800255767,-0.16635661798360277
-0.084773147522693798,-0.19556910402608571
-0.079256125876842803,-0.20367570608183436
-0.050559098325728795,-0.19595073948058075
0.0037024520111448075,-0.15806321355477657
0.080071744491966163,-0.11427166302522926
0.15775661288320131,-0.059592066484594496
0.23227681155614027,-0.005777453449944331
0.2862580993811818,0.042822702162014788
0.31805904229900528,0.076716472521858703
0.316375662253986,0.095486322683475608
0.28417052810443649,0.090780660033545374
0.22269226800992845,0.07599773052863594
0.1401893640978277,0.054857370691274027
0.043855461984203863,0.014135289701960867
-0.049226132143533566,-0.0098613561846003089
-0.13149799162240267,-0.043112171183719301
-0.18944399393749939,-0.058142833372665993
-0.23162571742055682,-0.072661520134280816
-0.23598500081466425,-0.067614400359456331
-0.22148877493675748,-0.056438109385565829
-0.19893471215191444,-0.041312773556299899
-0.16323314313771292,-0.019079000702127404
-0.11560919785799277,-0.0051937640911453838
-0.089251693927781747,0.0094708583700382765
-0.070399951010077511,0.019170786638758798
-0.078550033514040163,0.016941570606683762
-0.085521975751137708,0.0010687449084109549
-0.11973215866324451,-0.016060237759952949
-0.15613783607318896,-0.031605585996450435
-0.18943165934558767,-0.060743116267390505
-0.21159403284375083,-0.084012776428150068
-0.22448582064297135,-0.11172010681958663
-0.20678594299184516,-0.12468134146237278
-0.1706284052596469,-0.13225060569539548
-0.12192942808408257,-0.14548533647706238
-0.056786313184183347,-0.14393697419245957
0.023865517839587,-0.14157373204611712
0.10242105112507743,-0.13961962888046109
0.1727386511040909,-0.11951781128704356
0.22635339008114533,-0.11462187185186637
0.25217775185607511,-0.094907207560703533
0.25477339888861461,-0.070469325953688683
0.2314507939238197,-0.048226660300038506
0.19001675583649652,-0.02424346011551724
0.12754726969180946,0.0084592860879013076
0.060110933070262822,0.033351694620580789
-0.02367522183297583,0.047553371816866079
-0.097527809843917748,0.067967188015681898
-0.16081835835028852,0.069715599146827262
-0.204894847228135,0.056962777412876579
-0.23980367519315945,0.037818735387035493
-0.25958556585142611,0.0099627698731983814
-0.25539020653377348,-0.013657550216509891
-0.24417675265770322,-0.050121300872320466
-0.21906498898677904,-0.067516943878963967
-0.18973714098582745,-0.075003706298099826
-0.15915394182481846,-0.071421280013903798
-0.12495612979150679,-0.054532213470933621
-0.10195463854976747,-0.028022264704257022
-0.069271987473977226,0.012114886324063857
-0.046041100161337528,0.053807595947945576
-0.019536616947497629,0.091008567765789097
-0.0019761668822179113,0.12121600477728213
0.024902460865068581,0.13516800594379957
0.038115324465305592,0.12971815570652515
0.051237590376625737,0.10153399075343061
0.065574367891139712,0.051661576716718886
0.070139770473237772,-0.0075308060272050404
0.067769463089480397,-0.078077734824666178
0.057432028382229397,-0.15183633781737907
0.0530848487205988,-0.21841448305292374
0.041567302120459212,-0.27054523633913469
0.024108249693711926,-0.30770375937184669
0.00081986037301609062,-0.31867946954588283
-0.010914320502578083,-0.30631505996772396
-0.033378314746007907,-0.27271131341853327
-0.052425287815691356,-0.21820725629391813
-0.064365452689811795,-0.14284797482560288
-0.07377961394028297,-0.07868107818465904
-0.088099956444034164,0.006927866956345328
-0.10061871290856782,0.074845456018159826
-0.1134144394598635,0.13580384488990518
-0.12968443557157824,0.18511808079687983
-0.14841556142879397,0.22214119239913846
-0.15310746457547886,0.23549077522895423
-0.14857944177572679,0.2451191680719528
-0.15365231359152251,0.23810200124767519
-0.13472485894983288,0.23003155601570874
-0.11112799641852908,0.21161133265376206
-0.076280904748377551,0.18666649720217543
-0.033349228230014849,0.15637190811890597
0.017687220534046841,0.13987390757257825
0.065758378203714565,0.10865789160509824
0.11044162658898518,0.076394773775478486
0.15705205401464856,0.052216156959067908
0.17396065488984921,0.029360821245479118
0.19908406991338731,0.00030363435496214442
0.19637507150536984,-0.033109975235327056
0.17896768047170064,-0.056354690953757565
0.1527328743677005,-0.083704250386064577
0.11480479204560562,-0.10280681407954245
0.07767564528268768,-0.12015238533595354
0.037668456299300566,-0.12885764972106259
-0.0040183880963457191,-0.12512249359488581
-0.032387409611297262,-0.10622302665089882
-0.053199164262605771,-0.086598949140331852
-0.066156961813057177,-0.053744757802256349
-0.071731263085051081,-0.017595143425461691
-0.064765855879302031,0.019175850789688195
-0.056428967487350858,0.04572844164559535
-0.045749749463095526,0.073889102023984077
-0.03280657866014227,0.098039218767478717
-0.024240638865599337,0.10176344458104884
-0.019449030378955193,0.10089218933213547
-0.028197753034541896,0.089305065708035675
-0.02742210614648706,0.07668711203261501
-0.040762270045137064,0.055564047128272273
-0.055511939644473297,0.036940392751234757
-0.063862572590241598,0.021667603455480505
-0.078226825169299463,0.01753750018748066
-0.081534412919062882,0.021584215124401569
-0.086273590704118747,0.040770258152473426
-0.079153481740860898,0.064004152689111179
-0.074697788760786185,0.097671035519140262
-0.06461327837025449,0.13720845419012445
-0.045587328013260604,0.16809113300240219
-0.033776330752253093,0.20211759300717608
-0.011046367286404462,0.22589906438590523
0.0030363561836460572,0.23309602430234427
0.009551331068580254,0.22748196851071811
0.022070553962973131,0.20048318878577337
0.034040830828893004,0.16075511474788773
0.039008305294792572,0.11260773224672489
0.041361643545453117,0.054458249909238358
0.041227381176681677,-0.0047649010050109806
0.033699840878800819,-0.060786550483901448
0.025149158211146726,-0.10814384565665126
0.013996583748367786,-0.14612577838133944
-0.0058637801385383412,-0.17190278514540658
-0.032504324805988756,-0.19693289460545635
-0.062104719309333638,-0.20214631791278365
-0.082970212898187651,-0.18744986038632738
-0.10314055451566571,-0.17096701191696181
-0.11020162346427262,-0.14067458871047875
-0.12415282382338762,-0.11011426888995944
-0.12184331119753443,-0.068249887667208922
-0.11057151355017671,-0.024313168549161285
-0.096856944272103535,0.029878919082528408
-0.070443436508167645,0.076039963269332336
-0.04351584086890261,0.11860578198311097
-0.0063317308026453727,0.15786977075005573
0.021677353097726629,0.19106249539612127
0.046413059148076218,0.19689694792190796
0.073841789162314056,0.191126278053068
0.091737195877124644,0.1754585495197318
0.096012485421806765,0.14128447385002391
0.10180455743056907,0.10522165527839969
0.11492756050830685,0.065216660052040853
0.10985610443826428,0.020928950534806784
0.11706737921588795,-0.0078006087238864296
0.11971035572441455,-0.018769465576134462
0.12574902953516814,-0.016235036527252732
0.14082867178997879,-0.0032851223877195671
0.15207857880083722,0.033996961329008521
0.16962317025287668,0.071478878063024623
0.18433494754175492,0.12141437063182843
0.19682357890985169,0.15025305489468294
0.20618177598949333,0.17531631279755519
0.205356324122976,0.17769074895079218
0.18215196479376647,0.16366260913704514
0.17014629998942823,0.12730937988062496
0.14483779779856118,0.065859922364832013
0.11831934933361715,0.0076884339865836062
0.087226983589553705,-0.061845146578935341
0.059904768975734372,-0.12485767125113875
0.042132669674563021,-0.16922512266357248
0.035215633747855413,-0.20119233809907783
0.031275010723419601,-0.19931276358688257
0.04479971251631959,-0.17763371136880832
0.058824929657395629,-0.12578082415155317
0.079526832111671761,-0.065380974914060169
0.095641694589243834,0.017068126429225464
0.10354317644888154,0.082352785118292235
0.095658679349143086,0.15008787047519079
0.082757982853431958,0.19561735069485794
0.059159586628837336,0.2233877131589895
0.01480544512742967,0.23321435305952887
-0.037195592548178516,0.22377245567995435
-0.088173503710685108,0.1925760441128678
-0.1526045994997681,0.15959065310784662
-0.19104469700926779,0.12310956916246017
-0.22333292260543469,0.088564605840779367
-0.23617431742107889,0.063942696578275546
-0.22751952947050838,0.043124298816229478
-0.19428288458730636,0.037832447798089419
-0.14348072514119267,0.050915738528541615
-0.077806372587314127,0.064791281779280147
-0.0048805411699574808,0.077512499745641381
0.071711736652946792,0.087482862619504498
0.13704180186980203,0.095412164169368902
0.19880351832671583,0.085775065328252409
0.22303406573250872,0.066625194235520074
0.24424052578893968,0.034483341872268369
0.23810568468411911,-0.0052502240899838524
0.21432928945891039,-0.054553504990235618
0.18331649972733882,-0.10035603647438422
0.14553022283405601,-0.15037270625419824
0.10767263089939504,-0.18788358622121129
0.073788669862441411,-0.21876163774933788
0.055941361026831338,-0.23150374319228562
0.04215751952787946,-0.22776881613634908
0.042627638331344656,-0.21327205066146032
0.046448396394848226,-0.19997124091562801
0.051459804120862151,-0.16886821221560522
0.052398402131569315,-0.13656167931285396
0.052804457490791615,-0.10739479516399018
0.02574710636675176,-0.081330482787457442
-0.0034500641508170057,-0.061039467177788638
-0.058081512688951571,-0.039558278620783864
-0.10873957295199239,-0.026361491491340667
-0.17075471121120506,-0.014310389851374374
-0.2153702256149318,-0.0091385705515898974
-0.25265325029648072,-0.0095737888190087286
-0.27323838562109332,-0.017100131945710102
-0.26068970299822763,-0.011043723071332823
-0.22527908215231451,-0.010854712451146508
-0.16608247061341389,-0.0084731457637079073
-0.086973389780280547,-0.0036036964288569248
0.0050955782437952643,0.0022550802140853267
0.091532470832574278,0.0064656032273102022
0.17128353520187251,0.0147973579581634
0.23637606724466337,0.017516560061001898
0.26582193116985364,0.019594966634533528
0.26929224953831249,0.01664655949897231
0.2358584510530333,0.012981378278420611
0.18850441729564621,0.014830438055594888
0.10721359410042823,0.0053928703224686006
0.02599079564388463,0.0037176701143393719
-0.053836044421205202,-0.0094037935388713821
-0.1234205590677744,0.0012332580911496131
-0.16082724573034507,-0.0051339169702460949
-0.17566191170133827,-0.0020556800264286716
-0.15910365512548272,0.00078026603336293042
-0.1141054287738632,-0.0018300181826615995
-0.045361260834979399,-0.0080117494464064659
0.016924216402530154,-0.013557434620741032
0.091649131362681574,-0.025576745119178807
0.15628970503351278,-0.042912736503980822
0.18305288567862671,-0.059637261454943406
0.20176493728620565,-0.091571241116213911
0.18469793918268665,-0.12339899538021623
0.14087576842932165,-0.14086890883187292
0.085128440248091367,-0.17403280294910098
0.028173990282755475,-0.19563167655419514
-0.025934782893361305,-0.21833764543332246
-0.06231155321735677,-0.23044831203308469
-0.079789910699857788,-0.24556130971334117
-0.071296435717033146,-0.24841736437261713
-0.032319480472453935,-0.24469010259849289
0.02286345791782772,-0.2323743639457572
0.093426253040555005,-0.21291721885492626
0.17027296903776648,-0.17678838323495227
0.23595006922339287,-0.14888345524957861
0.2890689381511643,-0.10681530002660158
0.31602409674674753,-0.067840100288857411
0.31488352084358456,-0.01371915272411427
0.27942388179263472,0.032598313817914441
0.2333584184511005,0.084291039731625009
0.16305123604967789,0.13133313100923197
0.085728208663488861,0.16779452265605493
0.015942803656759687,0.19866701606099843
-0.036075141969271952,0.20472007480411986
-0.069128275931528399,0.20357349324367163
-0.084618165330158618,0.16913390970037848
-0.073937502317853052,0.13876317803307206
-0.041544105386914401,0.089400093987016663
0.0051459016937122869,0.03362299237928186
0.061031219938796608,-0.031056233190927252
0.10627764896308099,-0.082064743480028859
0.14626282817357583,-0.14255212951095236
0.17559543942956229,-0.16989658253314141
0.17770711460172292,-0.18629352211362316
0.16225302629283267,-0.19160441997962996
0.13384919165756826,-0.18775999212552805
0.083890795351343778,-0.17223418963085535
0.043076950368675183,-0.1462412625203213
-0.012387458369564426,-0.1280050666524826
-0.054658560847067973,-0.10995868674576095
-0.085884335429587511,-0.100934636648364
-0.099117261539756779,-0.11002714875347722
-0.10038216286857062,-0.12836339061069429
-0.090399771533030096,-0.14994569064424773
-0.070997463953661383,-0.18221155794522223
-0.037779193094746109,-0.21573459226553979
-0.0060988918142104356,-0.24452033625842601
0.02807599438042379,-0.26737357661827033
0.061294016049595439,-0.2738488312066179
0.084384085832602124,-0.2642676288020917
0.099948357845455513,-0.23965171798026408
0.11510551116875324,-0.20169671016733945
0.11556356748761425,-0.14028274727166698
0.10952744854460839,-0.081540263161910848
0.098606643942768191,-0.027499057406619901
0.077809141922430256,0.036226889910972698
0.056990914201189617,0.08127431225019853
0.0336775033924974,0.12594073460534003
0.0068455294057689631,0.15251618725465851
-0.0176671380515592,0.17304077221739678
-0.042423823810500201,0.18178510957735705
-0.061931588135086764,0.17271957105954969
-0.077714809287207948,0.1679209594227335
-0.088540731623116223,0.14697432776327038
-0.090513297461041101,0.13018903626228318
-0.075956014696267671,0.11032579707046189
-0.059219970855474209,0.086531077546194407
-0.035244450582570738,0.056362183797458783
0.0040893694396722359,0.031945403262611673
0.040345297987165428,0.0084912314736216056
0.077405736018782312,-0.014370367722405217
0.10476757658279573,-0.036421535834148179
0.1344712238357253,-0.064099565867460739
0.15594637408851802,-0.086743270767849684
0.1650689629563461,-0.098101561460481448
0.16977546108958355,-0.11980753454633862
0.16339627628169195,-0.12960584798624
0.15076025971267304,-0.14360127579854276
0.12552982509971036,-0.15241947380967014
0.09282539513260929,-0.15519532944390638
0.061001073864924107,-0.16561526371314017
0.036051870244760691,-0.16792939689561373
0.0075839346718865799,-0.1672158560523952
-0.01247872269743751,-0.17110038198464123
-0.035380797436501944,-0.16317388966745477
-0.056620754570520758,-0.1688414896907145
-0.070168002780960137,-0.17016348766196071
-0.085800100622162992,-0.17321934670499786
-0.0951829736696444,-0.17059825928549341
-0.10809529800523175,-0.17306440315066729
-0.11810042393699001,-0.16766114031048465
-0.12766529671379159,-0.15513798146478319
-0.13172762696928342,-0.13438670407152276
-0.13416762307596936,-0.11562032857943484
-0.12086544116243526,-0.096128089353974377
-0.10421331403882833,-0.069917022060805162
-0.093411908867396795,-0.044898279136016038
-0.061836234008319897,-0.017848511016367332
-0.04508273371023843,0.007270408060205436
-0.011992822954007916,0.039128835448023661
0.018988654433598748,0.064639608026230796
0.041350960691984802,0.095099589304630916
0.056497940818358183,0.12488726158144958
0.07507105759089798,0.16275830308224512
0.085468051538450926,0.19417904243630174
0.091799207990974227,0.2239807307368771
0.084485797033299601,0.25137573644863892
0.084261117292061483,0.2772708576121154
0.070702274381010038,0.29994533062587198
0.060320220279905627,0.3037783954255372
0.045404748688897635,0.30309734383380893
0.029840029332779912,0.29168592922092862
0.014381325669651335,0.25446314916282059
0.0005670200712651445,0.21331389944473395
-0.01573271839368038,0.15606487813221118
-0.021567562898068514,0.09143999004479117
-0.021912663038891493,0.022089976764705841
-0.017935934537169428,-0.048900143577319456
-0.011781340436711989,-0.10388461314413029
0.008931571525752741,-0.15427668154124397
0.043411960654717516,-0.17857578702311436
0.074852041850479667,-0.19391318423230086
0.11048560390665058,-0.17650309611058748
0.15231499845871826,-0.14851565225610255
0.18167412132382454,-0.10223638198958386
0.22063969771571065,-0.04971668223633148
0.23902728195434053,0.0071539428911978273
0.25995365876078086,0.039917312366749072
0.26850300145557565,0.076670417601797047
0.25808589639441104,0.094834993397725192
0.24376371563676147,0.089447197332560444
0.23040036869727148,0.084148206982665827
0.20117272391448918,0.06594807104952545
0.16428086020031457,0.042293198594225381
0.11746601793032585,0.026050276178002194
0.074782070429108838,0.016176934804069738
0.036272117553994065,0.018002254913624581
-0.0080863062393954858,0.032318024985691605
-0.044234640542247232,0.064092632701038224
-0.066516284822699834,0.10916918368855269
-0.084804593581804935,0.15661830606188834
-0.08729551092626775,0.21058846032278655
-0.083828736666025971,0.25991790733448289
-0.052943240977931898,0.29323554009812092
-0.024998358054779193,0.32126092177204152
0.017010248080641513,0.32437119514959079
0.068347276640357446,0.3095045722789635
0.12569231595255442,0.28382503766171407
0.16929223046023623,0.23355676221026225
0.21714597952969081,0.18813722716918635
0.26413029102387325,0.1258875916408625
0.2951391563295469,0.073392138103133844
0.30768477534651389,0.020326159338174783
0.30982320116345219,-0.015321516018116814
0.30026841189587899,-0.048431397189803972
0.27209653105809767,-0.074501189441223692
0.22660773611894344,-0.091338886548672699
0.18035618815226959,-0.10186073305889294
0.12401183424064759,-0.098263438633976713
0.061891315701050317,-0.095212063660810212
-0.0063081211590091408,-0.085948362905008721
-0.058043670971274823,-0.070237837690525981
-0.11892084710584326,-0.054752288542539038
-0.15318217982642124,-0.03680128032730582
-0.18133085647744993,-0.018955969877077008
-0.2030414569800835,-0.01304529606579885
-0.21104419054654938,0.0032016970786472778
-0.21354289502241527,0.0076566372605248248
-0.20804581458783786,0.00034706403257032861
-0.1920258413928472,-0.0072494942333686729
-0.1650734289009293,-0.02234848359323606
-0.14837368912575213,-0.043586988368169786
-0.13056150110416909,-0.068584156134450791
-0.10177156806595,-0.091025143121565691
-0.079476401811214695,-0.11800106000286238
-0.059334403607536661,-0.14184180694251766
-0.03143219741353992,-0.16033378025577694
-0.018596502414872887,-0.17546576358011659
-0.014182240799978553,-0.18160600497374946
-0.010200276317484049,-0.18306747179214622
-0.0057878869112387276,-0.17850366542925847
-0.015045400148514037,-0.16628176831158767
-0.028546399367484307,-0.15937512240177729
-0.039876817007896879,-0.14418198483805511
-0.058056510880042385,-0.13189082722983034
-0.078761197372991767,-0.11814064445980821
-0.097991861334195532,-0.1032681613992338
-0.11320548883391809,-0.10135245343479431
-0.12780690224729196,-0.11146703564875053
-0.12965764264455501,-0.12058329627175171
-0.13502000672739325,-0.13425409256134604
-0.13274668195471478,-0.14328305081939585
-0.119670015086687,-0.16052910134573206
-0.10504930105297719,-0.17542033696633813
-0.080093508461943991,-0.20024454967450095
-0.056696762410024852,-0.21401902117328969
-0.034972682102064723,-0.23166635548756559
-0.0022815300453530151,-0.23812954795572477
0.030103526748267655,-0.23717106079370429
0.059919388843733844,-0.22883467082003459
0.095285539391416291,-0.22079264432525689
0.11238142644130703,-0.19215406056646947
0.14295672047158045,-0.16733112200887018
0.15949813717214453,-0.12005320793268986
0.18173309886470207,-0.077262395841225018
0.19108965130313738,-0.029537095461352341
0.20446891073581561,0.014542419458424445
0.20721277610348468,0.057874187421620898
0.21727893993572595,0.090490302628078681
0.21728585784968746,0.11816157701896311
0.22259605644141059,0.12897284066013329
0.22128049936088265,0.13373631408165537
0.21951207902903586,0.11428822909444648
0.21476584816300692,0.094406422283638686
0.21058458183213991,0.066763444830178931
0.20235568724133715,0.02212405065918284
0.18764813084905738,-0.016700895265809611
0.17627252696319901,-0.06683769436610501
0.15575123170955338,-0.1065792830864191
0.13746292427087314,-0.14355893033734859
0.11678952179109474,-0.18166398704451378
0.096514566515479877,-0.2049687513920839
0.071979730626415717,-0.2342344450235844
0.050645750943381973,-0.2563879563465073
0.029929347529132358,-0.27193042042000798
0.016822166288354912,-0.28417192645179845
-0.00036770746240759843,-0.29036150700146035
-0.010111043098583386,-0.29475942313016251
-0.016654322455340535,-0.27491579964531865
-0.015479511465505731,-0.26603168228095342
-0.012644282649527072,-0.23943568600132834
-0.005771806352723426,-0.20520661299388532
0.0072335375919142433,-0.16244874090227615
0.021275784072536066,-0.11309890059226117
0.040317758193269784,-0.052421144481892931
0.063996480921592866,-0.00078895207891816616
0.083358456171871945,0.050180014045224458
0.10064593547073425,0.090382195650133321
0.1194190349515845,0.1187425361587324
0.12737263087241735,0.13480568464897061
0.13650233340939952,0.11806144456313675
0.13359073666692237,0.09323437262349904
0.13260290111000864,0.052148427656012478
0.11740785820076627,0.0015953936664812518
0.094718059836059368,-0.060997391388665702
0.068000126536152936,-0.11652252969395178
0.048404623382989585,-0.17433544593467387
0.021103743206073094,-0.22318009820083792
-0.0081247502683087346,-0.25907208095513207
-0.036773023508508987,-0.26905619212390253
-0.055294567020889952,-0.27022979148578824
-0.082658678620142895,-0.2490512911921231
-0.10724065117955466,-0.2238677108303633
-0.12760488711015078,-0.18227630638795583
-0.13883550018827176,-0.13944386038473075
-0.15188243598073181,-0.090146507859079114
-0.16352158175019421,-0.055584031375362795
-0.16090740648671573,-0.020857424531521944
-0.16229020971310354,0.0067552759333456176
-0.15334618187312557,0.014697902799084787
-0.14676522449914145,0.011131285395091509
-0.13272194922840674,0.0048401237956795257
-0.13066893605967447,-0.014993754246988601
-0.11838513797930121,-0.047633519152229721
-0.11125145996870196,-0.073326235318887475
-0.10243074243762532,-0.10658372312063222
-0.10062103780820439,-0.14268016779027459
-0.10487945088794219,-0.16488059871823402
-0.098011079636271689,-0.19185772738241386
-0.10506506544399837,-0.21277946176982179
-0.10101787039421253,-0.21935863576787756
-0.090369260187871295,-0.22293382142483545
-0.085090474704159924,-0.21655891384484866
-0.064476205925183064,-0.20192105289750173
-0.048847289606956584,-0.18447092594894138
-0.024045984445618764,-0.15514857116347588
-0.0052081120406153175,-0.11057985284657861
0.0067307371316067052,-0.075399159289723641
0.016819512152049073,-0.025555674529384939
0.025694155074494393,0.010878388019897552
0.020529837742457695,0.044246328342457335
0.0073287482608577949,0.075326924005402363
-0.021441972547461045,0.087227405516481601
-0.049403452915000715,0.087328759142413698
-0.088480064405660488,0.079479942761251157
-0.12737663027671828,0.068174898550805038
-0.16300264470261139,0.050027642941151786
-0.20141777541568937,0.028151894156855737
-0.22801061658152719,0.022899970022925421
-0.25752039501546115,0.0018752744366146933
-0.27700746342108323,0.0056442611933542981
-0.28805720176752797,0.011816317408487573
-0.2841855010496282,0.019557389087130898
-0.27248429543548375,0.024214307051669499
-0.25517413639979475,0.029132273923301987
-0.22405716254514568,0.022921029890168334
-0.18875500239312318,-0.0025567655374078369
-0.14517841861509592,-0.028378299717915532
-0.093876861584441279,-0.066034610284826156
-0.038339764429878423,-0.11468273925550355
0.0055829065917900756,-0.16679602170272695
0.055069378744835605,-0.20632273481076505
0.081437994511694256,-0.24334074515857299
0.11118753321816718,-0.25234251096322768
0.1115353478337084,-0.25419708218671422
0.10560649536549296,-0.22429421837352134
0.084268354984429805,-0.17791061782562823
0.059622652691530137,-0.1187708454997638
0.022688729282550169,-0.044771878277430087
-0.018027510031023923,0.017182267258600701
-0.054647895403973377,0.079545077245654475
-0.088122009507490218,0.11720649200211054
-0.11277950967944037,0.12678015916279026
-0.13027089548894855,0.11771815548144025
-0.13720670707246335,0.074190801846564985
-0.13033304936317561,0.0076271253056216393
-0.1190810101649578,-0.068942869387029551
-0.088884446504232703,-0.15054862237486771
-0.062111665500663778,-0.22747660749587553
-0.027536437803773399,-0.28578089974095888
0.0098793221144161756,-0.32245150235905468
0.038349821258497729,-0.33430231479369465
0.06769532088871684,-0.31279107809325607
0.093943320033114272,-0.27203490036362837
0.097641665124798285,-0.20525358941758939
0.097745131054758572,-0.13997503660711796
0.083474481954134996,-0.064040074379503265
0.061265546715929368,0.0051787548624470997
0.025005046046076007,0.060541070443584609
-0.017494506940349479,0.099919478750744695
-0.055371319734667752,0.10780677624572235
-0.10154387315712654,0.10840123705072256
-0.1584387962971476,0.085172253577659396
-0.19539772265378938,0.061327986041049769
-0.23519352795575807,0.033981635798645743
-0.26537083629942415,-0.0011686404472589325
-0.28959336709608136,-0.015545304253294742
-0.28586454325821359,-0.032355103308838153
-0.27819669861009683,-0.03205272625424694
-0.25766955659336593,-0.020551482059298187
-0.21939529824488141,-0.0011779341144435634
-0.1796060355404685,0.021024868628670444
-0.13716717824766256,0.056336252618818916
-0.079972756732391376,0.081674079174020864
-0.026435828594843759,0.12074724213848831
0.024528570846618906,0.15539869217783187
0.076045002103275958,0.18429910732509625
0.11413475759904182,0.20146354246468556
0.14646202577419354,0.23038384891405661
0.15971068346477857,0.24620363890371566
0.16532615862116048,0.23813112828684363
0.16687609157954769,0.22393922091227247
0.15270599534342627,0.20392418154544234
0.12177094124626991,0.16560217532874644
0.089084501444861477,0.12343098306504997
0.05087072878840216,0.068811323505560684
0.011108131575790815,0.017015156961158795
-0.027540173508275381,-0.036390625504451976
-0.05322217877666232,-0.080358003073183415
-0.075344465868282487,-0.11309998932134553
-0.080970686855849613,-0.13670212083594588
-0.075086826078934008,-0.14005843205756408
-0.060830105098898739,-0.12664045581357983
-0.036632694666248161,-0.085923941664186154
-0.00089234094426227269,-0.049909312704501857
0.032594035183252969,0.00046251649698405162
0.058002872957116605,0.052101568010870861
0.081052940689997147,0.10004410490374568
0.098412853235089373,0.14099080608148479
0.099129911049867292,0.16460359836101013
0.082977444882382623,0.17538780744143126
0.055439911443729041,0.16529334471180226
0.010978695364531523,0.14548819263438775
-0.03534107364204242,0.11483843758148446
-0.085463508139341657,0.076646761463785865
-0.13794834177367363,0.033803436577081632
-0.1868333697459113,-0.0099350919759752243
-0.23252237913601986,-0.037984306372286926
-0.26079914206813992,-0.067885032947254689
-0.28724150289916367,-0.082123284141981626
-0.29558679413958749,-0.0974370034761151
-0.29183020575527435,-0.095444802046921504
-0.27856596199527017,-0.0961250884322747
-0.25440025184937076,-0.087488464203653929
-0.22198353351962799,-0.078159962769405178
-0.18008790524949797,-0.068692369298180539
-0.12719838782999981,-0.056853705493391755
-0.077139383927262661,-0.045014922002523841
-0.023491071073791676,-0.032218873707651793
0.02585019935579902,-0.0074904550667186315
0.066713318791644161,0.012213803337403802
0.10866961610004029,0.038223793021799353
0.13073858770077515,0.06652806648117246
0.14165618079592776,0.097682290941639965
0.14273298090298703,0.13212566903437284
0.13898438509563585,0.16442630991925175
0.11294569687073766,0.18882064313291277
0.095961241597432648,0.20476119076622232
0.075174257237840991,0.21343622550448482
0.04855864233964205,0.21282956530436825
0.038204809379439125,0.19913081299569602
0.034383820131125883,0.17274071729690502
0.038103260144019428,0.1370333000209813
0.039431132736679551,0.088310714674227714
0.057729339179721971,0.049295826299074481
0.072050271293616894,-0.0041938860027657078
0.082510676988135551,-0.040805084577915235
0.10173812874618751,-0.089126495776659945
0.10350856255981067,-0.11643350955461064
0.1113544799629014,-0.13713292622576603
0.10314092324757997,-0.14323879087682082
0.089194195188099193,-0.14462952994271683
0.067686978065892009,-0.13776495302269731
0.050472916962552052,-0.12758612003212164
0.027276065956086185,-0.11263909562845291
0.0017817700212318481,-0.098143267201235437
-0.015577808962940356,-0.085318508455305475
-0.032122566074140282,-0.075394819139045069
-0.051814002091265653,-0.069262059761030767
-0.054732351059056446,-0.063174137630055249
-0.056222722687518871,-0.066955724755514728
-0.045730410982631947,-0.062305559266613568
-0.028285056581991291,-0.064232898848798195
0.00018436461589598288,-0.080083600428014504
0.031948133417144885,-0.072137126274719854
0.069537831206128733,-0.071723475577023202
0.11400799015951842,-0.067602081303361455
0.16232930587228689,-0.058194939440521974
0.20702468819648071,-0.049372662289102962
0.24353413587832501,-0.033967145517829971
0.27154615822831069,-0.026625557104649523
0.28345312643519682,-0.0016637211527108647
0.28609389343434349,0.027155303170862483
0.26893330183088981,0.058869117313850819
0.23237879750479909,0.098355424900607197
0.18186972297024964,0.13492388946837411
0.12825380113748192,0.17124219772949822
0.066610043009625877,0.19032736333263822
0.010606699124495387,0.19816803601218108
-0.044753311900055832,0.20148481916263439
-0.083039191032841103,0.17620434735034743
-0.10193840353793009,0.13475815978877942
-0.1178654091019906,0.069738947568344103
-0.10783900692021212,0.0009824884588006547
-0.088101185082331335,-0.086126945911289832
-0.058032589421725241,-0.15498679634219847
-0.019771270140613764,-0.22219949091871335
0.021224498363404946,-0.26797664479014494
0.059848989546458113,-0.2778524438100623
0.088577374025238464,-0.2722618457968099
0.11582238441826234,-0.24018325458767267
0.1409594476049971,-0.18134239514641909
0.15223033952464676,-0.11435400963164094
0.15416610063796979,-0.040707857948712241
0.15935422119320306,0.03402896368371601
0.14701789246323968,0.087006613733260407
0.13911770337148141,0.12481752255695677
0.12857599104177589,0.13103774626078676
0.10792519114233315,0.1057694312899029
0.08501414957523093,0.061563613998974899
0.070530148154462693,-0.0012520732245523804
0.052949466508475845,-0.082290666158703563
0.032848298082096432,-0.1598110960400437
0.021496127561332498,-0.23218039705141849
0.012838170587787696,-0.29067473056552573
0.015029041294643254,-0.33543407531673725
0.026204066135166203,-0.35750744944376278
0.030107121374077964,-0.36390020794265782
0.047522918953620374,-0.34818905674030703
0.060465051841111152,-0.32192679462232832
0.072370006969258854,-0.27901933265867951
0.082613933265802741,-0.22677562463455794
0.07927533980085473,-0.18405250791587305
0.071771820746667311,-0.13166331299484241
0.056054385687588873,-0.07729690533214327
0.027033642731703438,-0.038338708948197311
-0.0056677503260814718,0.0069872989564675999
-0.02668676995925557,0.043614221702709219
-0.046445822031071102,0.068192321406599074
-0.063632640470793242,0.082595413862059028
-0.066548448669747476,0.093747411855111207
-0.048650389566900779,0.087758837759722472
-0.021174708157257131,0.088853996751568742
0.018813276763414523,0.068177300243121228
0.056358583910643606,0.051145625710160431
0.1108805940536358,0.030768397997682526
0.14166690659963821,0.025942136452423929
0.17435187747874223,0.01780386472099774
0.1959325282953405,0.028555587042786278
0.1969386348495086,0.051173289468287649
0.18540229625934154,0.083822450269288903
0.16184799106614706,0.13664214815541648
0.13143098903718994,0.18399299282412032
0.088974172638572629,0.23814070361825385
0.052949016224399521,0.27909507929360861
0.02147136754763735,0.31812452612219094
-0.0093324699164959151,0.33019044209718262
-0.024539306492736952,0.32681030412478473
-0.026208587173981987,0.2936594566720469
-0.016155013658137554,0.24979925617233362
-0.003444040339156889,0.18505622901723867
0.029418086213672152,0.10799808678291968
0.055880386002915533,0.038916162449258156
0.088337534323599046,-0.028468033311476678
0.12094259400035191,-0.084376518112789206
0.1566693191675837,-0.12244064917607617
0.18981582229508662,-0.14067106822056727
0.21841188488354105,-0.13924136619111577
0.24524385360784437,-0.12804246688923404
0.2598389588969891,-0.10599265129784044
0.26991446580527628,-0.081632238702228424
0.26460743516589019,-0.054684173090582482
0.25604730886715638,-0.040299295930881253
0.22661664064819556,-0.038912416067219416
0.18978664537733422,-0.042017603923956988
0.14259611800983546,-0.046852769145896721
0.088644077921749651,-0.067869864497209567
0.030017196040736466,-0.080328161543830559
-0.014782195996529442,-0.093609830624380511
-0.062246400996239813,-0.08518726283412173
-0.093368092538255107,-0.081427991664865168
-0.10679421554840797,-0.057897948136420761
-0.1081669961321403,-0.019465705134625522
-0.10081645530744655,0.027988491198196939
-0.073921627666601861,0.081511381023547769
-0.058473059081171848,0.1280998044019469
-0.042476609282028711,0.18126090139158091
-0.036638095085958382,0.21763056065686728
-0.036427687000815258,0.23830593968574121
-0.068040645925097051,0.24697930315738073
-0.10279938830560081,0.22476680210875633
-0.15442534484876172,0.20354853846186083
-0.20338649006719331,0.16936634554765687
-0.25643484044143833,0.12374265658499431
-0.29467639756255481,0.077589870427295274
-0.31138069248315819,0.045446606596615195
-0.30581810046564917,0.011229842741256151
-0.26552140708943245,-0.0079378420968709423
-0.19669404534791773,-0.0010065028441427872
-0.11159684987985162,0.00036745311087694934
-0.010916899624219724,0.011857163676103153
0.089931178557790675,0.035130071737797357
0.19110773439189194,0.041728089058652419
0.27400310695858948,0.053381741783757292
0.33272231496176402,0.054172638507866099
0.35631498875577428,0.04674752040308304
0.34931820183421219,0.014808565745271684
0.32478360569337361,-0.017486685434102235
0.26752078589503014,-0.056552623648754449
0.20075986723888653,-0.091226277621518664
0.12834862946986036,-0.12965358005364616
0.068800085700581798,-0.14856462305373036
0.0023251853349844764,-0.15565224830413552
-0.037336041126650281,-0.13978305296903484
-0.06107246416610921,-0.11702136586279092
-0.063354138927990231,-0.076629578396765152
-0.056111161337613215,-0.035696327070208346
-0.042512082265173723,0.009223486180796419
-0.020919092991588097,0.048231303897498981
0.0049072318683351908,0.064774608787725355
0.018558202549160553,0.071769860104783451
0.041256687915163126,0.063756264121233489
0.039091233320558992,0.04011174892728802
0.037204938384864862,0.0071691203291632437
0.030396984560337646,-0.044594774655095197
0.016654199302623702,-0.084566350188248873
-0.0020538370498954274,-0.13053239109060477
-0.026292678387347966,-0.16014897747194515
-0.028276220338216314,-0.17415796584406418
-0.042923114678590932,-0.17533883220868754
-0.049463252144627164,-0.15568388879590744
-0.049615100458022449,-0.13119589102282261
-0.048428934710072702,-0.093920834164398365
-0.045522947161987515,-0.038372328503051598
-0.043913301849056785,0.014745943943669203
-0.031198560691050183,0.080117942356052047
-0.030043094066143507,0.14030475255152305
-0.029251759318768437,0.19670312636253812
-0.029159105751772649,0.24153188139744053
-0.033297896220669101,0.29371699315662581
-0.031773371428156894,0.313265377060294
-0.025623550230311737,0.32954450686300879
-0.022744295665748954,0.32240157644101247
-0.015794536889933632,0.29875101441862528
-0.0084373175898789978,0.26334324904610062
-0.0023317136086699417,0.20899331797517193
0.0016910150888729807,0.13765172495874248
0.00078214603394990111,0.053756816177924903
-0.0020850440000472602,-0.02885346356987634
-0.010730636487891869,-0.10506874384922701
-0.01834464562754972,-0.16846962595650516
-0.028014861895485674,-0.21816704642750528
-0.048761005192632455,-0.23862071319559092
-0.077748469130513614,-0.23706137130991026
-0.093798182889302556,-0.2034545178733046
-0.12139410381340419,-0.15784335020933188
-0.14845491413207315,-0.096737715472224234
-0.17191153712902421,-0.030003157073971182
-0.19178399661303216,0.034505546197406582
-0.20664560586560277,0.078094928766159033
-0.21625568483238319,0.11155119153864541
-0.20486692341836371,0.11141245563557083
-0.19939897977878149,0.0894132395586439
-0.17672726513572101,0.047795650209949983
-0.15408231283040147,-0.020101363392303225
-0.12650421210577115,-0.092447267402653313
-0.097243840791842104,-0.16830825544906586
-0.062337877748170019,-0.23453726207160433
-0.036524226955164114,-0.2824576775434266
-0.0034819001664411434,-0.29675218679545606
0.023497311256265585,-0.29364271465469027
0.050144218273053459,-0.27686043203909222
0.081775104883116637,-0.23551358661781197
0.097297880212053503,-0.17831831747357765
0.12430053320897289,-0.1287508518421186
0.13706502600375811,-0.080866763489539598
0.14375756346052004,-0.052154796959577011
0.15095994689585598,-0.032702019265718793
0.15347779713371684,-0.03602617037891874
0.15655336809845083,-0.044060108192311334
0.15435423126206596,-0.062970877270834974
0.15993608730941949,-0.090699071636875392
0.16233631257339737,-0.11559954007340363
0.16340114382999291,-0.12960647229163519
0.17381181025925432,-0.14037474960938406
0.17904919345032322,-0.13465176133646392
0.18917548860126587,-0.10849335857333813
0.20413048483455651,-0.085356859166463031
0.21396095196142731,-0.044580425883291072
0.21543902988121288,-0.012371189797112225
0.2069063808746219,0.033305829610635843
0.19819404747754338,0.063078281590913818
0.16448610702417266,0.09328887974078176
0.12585549080958303,0.11699100310617686
0.076984825037524546,0.1278424775984266
0.015267180651572818,0.12617712484350413
-0.039109023000644297,0.12385349450365372
-0.10362770223117798,0.11372719621696908
-0.15093101762665315,0.078970475555527941
-0.19289869449780389,0.053507321644429472
-0.21048028061066038,0.020543271062582441
-0.21640496487558944,-0.025677308203500351
-0.20034226905779909,-0.059988898307560247
-0.17045066449651236,-0.11486884244101375
-0.13068209352998017,-0.15274714571895484
-0.069772088976742433,-0.19589369808726886
-0.01735563236786191,-0.21402001588430858
0.039960408050505269,-0.22337919507108042
0.088755092258755136,-0.22048174013395494
0.13721806619408566,-0.20482531304806609
0.17290761419726666,-0.16885933957314192
0.20508813619248639,-0.1209240042996568
0.21843377298807651,-0.076357527286705237
0.23030633246721074,-0.018833722613340854
0.23343321716525015,0.036055525260910118
0.22885520831293682,0.075948011736221135
0.22132083225240348,0.10496705880773266
0.21259941432030435,0.12024595610505322
0.19852474483580307,0.11996027424558885
0.18383587800538304,0.10683085366206359
0.18061945322498954,0.089709880506374767
0.16092839355172436,0.058717347660116777
0.16004382855830329,0.029179608181013741
0.15900639358441845,0.00095722862348166307
0.17292383002653164,-0.025077534942480263
0.18354679491181522,-0.040030862312836875
0.19916856511777223,-0.055749805763060718
0.21506451152102146,-0.061127806572506764
0.23412062646800624,-0.052977101222928813
0.24684154590235804,-0.045111386896015994
0.25660712922967921,-0.026521333526703255
0.25511038617781745,-0.0074288018823892394
0.24313865620310324,0.0097626400589682499
0.2200366135959462,0.028674931507029131
0.18930608401784688,0.037919349151904112
0.14006155120915678,0.042594588073650901
0.085319065638555958,0.049174155046551427
0.040662838513481271,0.03985013856353125
-0.0097071159454851143,0.035385999561043276
-0.055018180143492017,0.0097455364677045131
-0.078487590870368842,-0.016708164731753235
-0.092223527440006434,-0.054390637367863329
-0.088517081968906702,-0.09408756670347862
-0.067387286902999721,-0.13194694383194069
-0.043508420089190231,-0.17264259342957319
-0.0047033913919940166,-0.2078957084509766
0.036662441873491089,-0.23239909465222458
0.071021869413504843,-0.24078369120809412
0.10500396151506107,-0.23459937998931371
0.1273084305310079,-0.2064315240924324
0.13948360861606832,-0.15225347642799669
0.14104253557103796,-0.093284874985804067
0.14207847855171679,-0.018073262154032918
0.1244280733176409,0.063905801745363033
0.10159315601361842,0.13829196639686772
0.079203984216263346,0.20828174865893292
0.047267324727137495,0.26332190795066024
0.018420455555080574,0.30115427332610811
-0.010203802287449945,0.3238645261826657
-0.041611381056529582,0.32023494569523642
-0.065001802509234513,0.29862244250146996
-0.093837790832018222,0.27098442146238699
-0.1095560302260592,0.23517696440319361
-0.12704137393968601,0.20037464530399898
-0.13055497563055421,0.16613812911558321
-0.13106145714020495,0.1323829053734065
-0.13061552503127682,0.10854862857010598
-0.11613081606287047,0.097190378705413707
-0.10059287675749021,0.085818307954880629
-0.090551205650261798,0.082664103888095433
-0.080531734159335969,0.085019943756521679
-0.072361152093438436,0.080618469602096912
-0.068385557643965658,0.072167740515341958
-0.072332523812566052,0.060949462131478983
-0.080507300952013541,0.040106378965018619
-0.10363952061330624,0.01892422225585683
-0.11537330254025267,-0.013996855766816679
-0.14030004950535124,-0.044982374213481273
-0.15625486706211425,-0.062766088996096106
-0.16226175210291541,-0.076105406078169568
-0.16938084725419356,-0.077697607651885325
-0.16091275842376118,-0.070825912750032971
-0.1412783006748608,-0.045443765894782495
-0.12031839538001178,-0.018143131344507502
-0.085331960899405382,0.016497775318091188
-0.053829451820316683,0.059543871685570557
-0.023690033865412442,0.086941352510306699
0.0086692512651248953,0.10733834633575377
0.03553214399112898,0.12022956057744869
0.058810655937364342,0.112646083725274
0.068039353833078547,0.10536427163190608
0.077892327170367134,0.082746842573790155
0.079548802700530732,0.064791445650301718
0.079275998488372204,0.036898340498285151
0.063080623898199059,0.0074906210477612206
0.048414606744712776,0.0063990613392642731
0.028065197564812176,0.0098543887097718684
-0.00021040158592316484,0.032552500044803846
-0.023468722131209603,0.069348921545441172
-0.046618649821325117,0.10972939275517797
-0.075325377696067064,0.16260759573246575
-0.091177838432786068,0.21242092570510621
-0.099462518547214787,0.26235942653243555
-0.096225251723447716,0.28640886772759316
-0.081105822170632183,0.29379648376950612
-0.049432541826724151,0.28100187645988661
-0.01185859009644673,0.24782907703315843
0.033696714036007859,0.19614403493709051
0.08449230295654539,0.12532800697933669
0.12550393353141318,0.059205265981862515
0.15672169999484836,-0.006459665898110767
0.1659939376371968,-0.053282953175310309
0.16770777535743184,-0.090412790653220929
0.15335300894371362,-0.10610323752023242
0.10977997399243102,-0.10765265189843685
0.056820476410452618,-0.077039869163832569
-0.0048370945988776524,-0.046872848283478735
-0.069692618170493173,-0.0064398738328605371
-0.13621870774935824,0.036047564272787776
-0.18750847868153389,0.066495298217174509
-0.22012490462390533,0.094790032926313494
-0.23227262481742611,0.10074866629232741
-0.22921468692782884,0.099101757016564859
-0.19866531240697646,0.076833689805646851
-0.14819751376872653,0.04602622829619249
-0.086540314815242034,0.0037876718590732056
-0.032052712385631552,-0.036020403108385932
0.037828626747793498,-0.083861913936652294
0.096441661407240448,-0.12023931492658124
0.14197048352987518,-0.14617975080386447
0.17670415286117286,-0.16700646372939384
0.1950029733941461,-0.17577274467589271
0.19492739713929344,-0.17329938005699214
0.19155188666633008,-0.1709429146598789
0.16674518648088199,-0.15882946609498105
0.14569747325013949,-0.14068989224893089
0.11085558349130296,-0.12262966868196351
0.068848019367632213,-0.10067564600220334
0.037219712821210664,-0.082739890289243626
-0.0064511486866507869,-0.063237591690324793
-0.042914336222784427,-0.043337400416571102
-0.084869992961405266,-0.026745683461603029
-0.1226284038473666,-0.011373696358546122
-0.15063703644624887,-0.0055839289289986221
-0.18778579283724567,0.0012603657078114222
-0.20795743994328258,0.0021697627857842671
-0.23007040191746225,-0.014126425489223757
-0.23866970384168093,-0.030156946152944935
-0.2360791372691616,-0.055626618389978295
-0.22695445385532281,-0.086978268416847471
-0.20834614182126213,-0.11379556861627639
-0.19002227640284158,-0.13251645608564794
-0.16035305214957246,-0.14491279235802484
-0.13144738244330981,-0.15447261621640371
-0.097049412139148805,-0.15517346718785055
-0.064216360519797663,-0.13871293102237622
-0.033263589003357207,-0.12689939245535387
-0.0067664878993831546,-0.10733294869725973
0.025507811327582588,-0.098718570124980559
0.05447761573501398,-0.088750255128842589
0.079779078561167963,-0.091968346674267565
0.10652742620494193,-0.099294677888953492
0.13311829220334323,-0.11898973260672778
0.150117216705939,-0.15061115283679949
0.16985515068458651,-0.17818546250245243
0.17634550862357701,-0.20637891494547192
0.18258021077606504,-0.22450494443820188
0.17128564369241778,-0.23783052346691458
0.14054377534660537,-0.23320722558604637
0.10549136720176484,-0.21785871491269668
0.054528405094586903,-0.18133327920725481
0.0044610136741730557,-0.13226672611269069
-0.046818038027001345,-0.086964423846148081
-0.092384147554933932,-0.028731909414770881
-0.13641660405174652,0.018347265659018924
-0.1634111798127115,0.044098659800822095
-0.18128099952941909,0.062480425218917682
-0.18001621121356645,0.053210065530927088
-0.16071855686039047,0.035784793094546935
-0.12590205726358028,0.0013586845097355192
-0.089440565025570032,-0.046659589218034994
-0.039302187433126107,-0.10833419464437888
0.0029222823516363823,-0.16726544195553802
0.041876967904668529,-0.21636107344200578
0.074140152991999553,-0.2535670049067274
0.095711867681456467,-0.2819717314660275
0.09351284239297035,-0.29126560286286507
0.088979169025708682,-0.287058119168145
0.071783979950459459,-0.26904369792474003
0.045807119869715092,-0.24805862813260349
0.022274198149994852,-0.21411565841730526
-0.0063003687296261952,-0.18852779758763391
-0.023855410206012617,-0.16254332641694244
-0.041506530994154703,-0.1441513919758208
-0.05079732413187598,-0.12797544211103393
-0.05165830638021339,-0.1194452339419792
-0.04192412533489577,-0.12177100554565101
-0.031014613525663579,-0.12062831875924265
-0.013305559583190575,-0.11890967822222043
0.0051337506035612707,-0.13087312047033733
0.020858512908640596,-0.13304110626187374
0.036061706829775803,-0.13235878309315002
0.046396224451970558,-0.1328888740452478
0.05696215295739189,-0.12793359943301372
0.063307365548548933,-0.12468047233232488
0.071346200419027186,-0.12382289031771318
0.073703174107649094,-0.11410746317046841
0.082731981214523007,-0.11503320620938083
0.085340959577517708,-0.11648480587850092
0.10064125761493931,-0.1170047289851557
0.11355895089834263,-0.11656753474635459
0.12200561719684172,-0.11507543201645405
0.14348483472978338,-0.11285113955942516
0.15446351809775732,-0.11326608175186538
0.1740033361648885,-0.10400536167566186
0.18143024329225341,-0.10576364991884064
0.19019726487208097,-0.10792860683867297
0.20050508514354451,-0.10539549864680882
0.20167551916764873,-0.10291720892623005
0.20056046381164541,-0.10475470439931851
0.2058185198712898,-0.10809710666592806
0.19961181804603081,-0.10244201729890655
0.19087914859621541,-0.089154613866896465
0.17968637178528832,-0.077660759275581609
0.17971993055434793,-0.054422771370338088
0.16817800209782974,-0.021668503100301027
0.15673490310992541,0.013196532442385982
0.14725358664341517,0.048194405435056382
0.13702516908064644,0.091901516004154582
0.11685452112024111,0.12088940920840627
0.091996801703523465,0.14330637779454475
0.066385392168763879,0.15945559151432526
0.040169146593751912,0.15330389305496883
-0.0013133922845199042,0.13721557091931277
-0.049743009775548859,0.11124773699888743
-0.083868085869791303,0.065298829959668375
-0.11851652822631679,0.014265337882039021
-0.15667002013263731,-0.027178516022872874
-0.17643246622121736,-0.075139085835648239
-0.18712351150635562,-0.11322506019059284
-0.1847020801597225,-0.13135812888369672
-0.15596149965685233,-0.1492403171964366
-0.12401286793780743,-0.14798342928373728
-0.069001122163275627,-0.13035892557274989
-0.0084072189876542632,-0.10573960029162185
0.056396254848034684,-0.06881613455874698
0.11772703382631454,-0.028487388993190154
0.15750314264078435,0.010133891504897585
0.20066763905874813,0.041806154593024759
0.21393701981548111,0.077791421490435331
0.20725867611400606,0.10257176831141671
0.19196740900386919,0.12300102876218345
0.16413509641280166,0.12830284319354837
0.13066433304027433,0.12797513564243079
0.10112175075427943,0.11966465483732593
0.07296774831227687,0.10125987569288213
0.06167811051403959,0.078015832937902874
0.068224469600818211,0.043454559633187659
0.081332548876044061,0.0058026080972097983
0.11193697070920493,-0.028615826189786021
0.14543038155475349,-0.067869890865750321
0.18003063103291386,-0.097274972548864219
0.2054491048375818,-0.12369963415228316
0.22416398507208016,-0.1363623736925493
0.2270641711316545,-0.13242565830414996
0.20095667685998631,-0.12015969188470743
0.1666887247499278,-0.090199556599174446
0.10730355301545706,-0.05151620158108508
0.049934580785711287,3.228607187293845e-05
-0.022094255841886547,0.05240037194897243
-0.086931765997477525,0.10030783131135888
-0.14065962398054455,0.12971163112226197
-0.17950397578455657,0.15489078800001727
-0.202201137084661,0.15536381663217771
-0.19798542144745168,0.13529930960625075
-0.17968686156350677,0.096670796330010397
-0.14492197835188683,0.052028537504746737
-0.10261541826051995,-0.0033997382840732183
-0.05075798421231302,-0.049642097358062735
-0.0064390970607898657,-0.088331323841773876
0.045822029916091418,-0.11389229071749912
0.086617088391784461,-0.12100453745835527
0.12761415461903516,-0.10344291609461662
0.15460299003429578,-0.060343332652044175
0.17883797066177759,-0.014550633771938416
0.19319776892446208,0.033132187331301334
0.19965395947221354,0.076045444103871818
0.19212071227435124,0.10467215851927533
0.18897941982757685,0.11061178889894489
0.16551308236088569,0.095047122495531516
0.15579198088435239,0.054313542354016899
0.12431745749708953,-0.0039960854679237353
0.10384448267857553,-0.080984970901724587
0.081619207280210618,-0.14813304101992103
0.064566528349612795,-0.21447297651277422
0.053789361603800677,-0.26553396556311493
0.057140671270082793,-0.29078358473406235
0.066518779552069709,-0.29019655176133902
0.083922311869365288,-0.25653254624776484
0.10893246876054961,-0.20755895519721329
0.13507550571550894,-0.13799712735023928
0.15832995846267756,-0.068333695633987598
0.18015313566676577,-0.00080515051532283315
0.187711300955929,0.056556264551191573
0.19236395240961213,0.088881950945889923
0.18615810963983295,0.09790631436052491
0.16637519922199426,0.086903896814487097
0.12888929328286011,0.062902364958761087
0.083425032897737103,0.020036134998143818
0.040209982820436793,-0.033207870423702247
-0.0046906741132216219,-0.084288446344364124
-0.050162495439888447,-0.12388193135053041
-0.070526369712038267,-0.15019696633183743
-0.08888446430540882,-0.15283942567100187
-0.083803273066266157,-0.14864033958130352
-0.071598848181336439,-0.12385735073148676
-0.039289557599283771,-0.088780370306877868
-0.00914350363057931,-0.042601347616290565
0.03975044603775129,0.0030327652745214791
0.080195505664905714,0.050291579898597463
0.12379339743296454,0.096125631697819097
0.15667105660780012,0.12643283450575826
0.1914162126459111,0.14406085271830382
0.20902323901142347,0.15733883754210176
0.22920564360725842,0.15261862365880891
0.2396333409661468,0.13785122625970533
0.24224453412885075,0.12170877689535958
0.2305716103373267,0.081685455882758634
0.22304069562733356,0.042138665252701851
0.21092636173828919,-0.0050272336042491575
0.18664164078999282,-0.046779004910382588
0.16753130745194003,-0.093768053543229354
0.14892747766492212,-0.14083421749591329
0.11559384128799002,-0.17885991119758959
0.08780723566329629,-0.20567827378901937
0.061020075050235122,-0.22071310720693191
0.031974100347261405,-0.22573740643238488
0.010492377155254846,-0.20862171972711949
-0.0049602051574552421,-0.17975519425204939
-0.024204652644132581,-0.13331697255840486
-0.03717738581283337,-0.072942110274798966
-0.0497505630944148,-0.013181879250741761
-0.049502832779746132,0.047426793910225772
-0.064476536848856195,0.094111964010202193
-0.07418050369404941,0.13692269515474803
-0.081162455075717788,0.16049954573821223
-0.094481268213058717,0.16331762624024379
-0.11023844668678033,0.1535700944285891
-0.12320302204235671,0.13169916875453472
-0.1480808760789801,0.10200108859868026
-0.16188382748771551,0.070401885686280169
-0.17113452228960402,0.034032334497982271
-0.18274157093296442,0.015903059370741379
-0.17806453600633576,0.0048062989161904964
-0.17383253586252562,0.0059568234383041282
-0.15866095843096317,0.021290704843721354
-0.13892897218165329,0.035106644564117141
-0.11918167924078112,0.059819559121382405
-0.10954781320015121,0.081367350788826523
-0.10037127715411039,0.09452394952435797
-0.10097753485339152,0.10268023668579396
-0.11066635679496273,0.10616828316842611
-0.12959548006294744,0.088990598673066537
-0.1540056486008809,0.065159561696982712
-0.18776309838276412,0.032595536111289479
-0.22113968067652445,0.0025922265609399802
-0.24477768135223693,-0.030835146036460027
-0.2608743159192401,-0.062120539517157757
-0.27235407451751603,-0.077941126804025013
-0.26074408059900595,-0.082587454442206137
-0.24813356323334479,-0.080779656008311412
-0.21638233068527765,-0.05989837055177346
-0.17896116873969897,-0.039484766876464988
-0.14420558390763263,-0.018063724215744363
-0.11748184794291731,0.0025843524972276465
-0.092049451793648887,0.015601903515228149
-0.08847701519796404,0.021996415479199321
-0.095297046254255904,0.01398973614661677
-0.11566251995319012,-0.0028107799255719266
-0.14741223146500534,-0.02711142621568385
-0.17712966865137242,-0.046873037268943041
-0.20863915013714268,-0.076240023230860043
-0.23133416218955064,-0.10506216118385824
-0.2406870976355599,-0.11106196561709097
-0.23386669982189465,-0.11314268393410497
-0.2081249469779996,-0.10722655903236063
-0.16109263381587305,-0.086853054897864851
-0.099041714572650819,-0.071554423999371161
-0.02917926013527191,-0.042988744072175601
0.046696233957162624,-0.0066824560104636549
0.11667899249628932,0.011210142718498147
0.17990539373996028,0.034115200861623625
0.22818381642655547,0.039687960649319759
0.25695795280375011,0.031671551637826152
0.2605165751772881,0.01227402154224707
0.25583445891844969,-0.020011131198858837
0.23145107769013645,-0.065733491709240061
0.19560967759273046,-0.11161957577787532
0.15752678472302878,-0.15416312178028491
0.11703728956443619,-0.20158471023449778
0.078114200546068713,-0.24564463033777589
0.049143120634004223,-0.27573094349469029
0.022017751841477098,-0.29681031633110572
0.012130620266451623,-0.30579646931333659
0.0056342863607514058,-0.31156903352741133
0.0098533160120437314,-0.30619851090243305
0.016974356400792683,-0.29399412445040729
0.035326555847160941,-0.26625110040213895
0.053638688323417893,-0.24898144756554746
0.081280385500513475,-0.22401242923435194
0.11420329587915644,-0.19983246950922445
0.14729770284610258,-0.18008490472803002
0.18318119838896044,-0.15355503993195116
0.21339912835084182,-0.13869138900166217
0.24159693335684337,-0.11532519981653326
0.24982880058731602,-0.098507078385485669
0.24676147855894762,-0.083484299221293412
0.23982816793562525,-0.065617197009758974
0.20699009719721775,-0.055850943681465634
0.17691139640495362,-0.045430139198802615
0.14065672095131268,-0.039746820076478985
0.10450142445045547,-0.042283641672939812
0.072217808403111525,-0.038002234034484002
0.051274976406013605,-0.05090932455596902
0.044273459647579373,-0.061929320610727957
0.041419274361918786,-0.07359935611201425
0.058626306689052707,-0.096186756797039585
0.089160918027622299,-0.10434733396837673
0.12606897641436396,-0.11661608950837958
0.16592489087458706,-0.12185010996098861
0.20267233496457393,-0.12269968863653202
0.22982006762037246,-0.10912023964904501
0.24469769236676026,-0.085488791502418782
0.24659371871334648,-0.055012596501159285
0.23026681096405804,-0.014647097194312456
0.19248404431083599,0.030644306294958113
0.14758107432787662,0.078852206100406552
0.093296751660522828,0.13374776559527377
0.035269040148802389,0.17954199853729391
-0.015234313459383442,0.22976463732105018
-0.063670676116425143,0.25380017336498412
-0.08666923175819756,0.27508281199282131
-0.10329972572385041,0.28402477389473157
-0.10266991006616999,0.28418384335973557
-0.085997538613723362,0.27305307338205798
-0.056983149894870029,0.24958071667542917
-0.028175887894921779,0.2278924583909106
0.013709324732435565,0.20238390582692994
0.045833006138306612,0.1763646938603145
0.07949221288375298,0.15829720409749309
0.10854011725702546,0.142796116788731
0.13006046432662435,0.12626402515128485
0.14551401520319837,0.12366672187890446
0.16625080814225227,0.11191749156835241
0.17812292464267213,0.10818089559153626
0.20151984250742638,0.093214138918109826
0.22305029750733107,0.077751595496999781
0.24760348884205793,0.06750136449378831
0.27702580073016309,0.047617644447460798
0.30439946434706205,0.029995578659855783
0.32379832493234217,0.0066687753061098294
0.33439354175521757,-0.013876418729660885
0.33940676354798494,-0.029661517522765381
0.31997404269616997,-0.052250472544866366
0.27890268243909055,-0.055709659945461364
0.22441089229441699,-0.072271944445914421
0.15729967126629221,-0.078092359657045904
0.071771139301783624,-0.073811378823200519
4.4349499711890741e-05,-0.070845847963318803
-0.089464448388583445,-0.058571903416542177
-0.15660614872968931,-0.048391297602174692
-0.19861713269119474,-0.032886516654636155
-0.21897227191758004,-0.017367634990713022
-0.2271708595130425,0.0053502528080712659
-0.20273310970699698,0.014232478735115253
-0.15548803179726259,0.025418528292033726
-0.097607468186621513,0.034947226978500473
-0.033835878115653348,0.037274444176707618
0.037345123840100837,0.028924169499581407
0.094706614964185795,0.02511369463657431
0.13759080481061139,0.01557694818068649
0.17279712503359132,0.0016168310078839452
0.18579434567526562,-0.019145565736161347
0.17937267755187206,-0.042895290101698284
0.16692088829620461,-0.067780397390828862
0.13301782437174139,-0.095350767535487421
0.094668532342332926,-0.12554388524067073
0.060307437219779748,-0.1548899951282475
0.021477744745474932,-0.18574625301649222
-0.0087541133082942642,-0.21195005787317314
-0.026633284736024616,-0.24193813612395609
-0.033623988801318741,-0.26109022890602623
-0.042735415925847522,-0.26035522194193755
-0.03695322701800393,-0.2681526930803444
-0.027604591094616319,-0.25692024275378555
-0.019436231351402593,-0.22947116881046281
-0.008308126301375696,-0.1930996635618677
0.002215307620428866,-0.14560366932864488
-0.00037537884176499538,-0.097610775991421608
0.0014018514549055897,-0.03996376239267866
-0.0051358021230490727,0.017765887645212492
-0.014121666754808733,0.071378026895131591
-0.029231379811572651,0.11234282511075896
-0.038535584282509257,0.14956901067300132
-0.050631670722585426,0.16496013762972675
-0.060277880507934374,0.17980635538341128
-0.071791984393873631,0.1725426049649367
-0.087117791141605727,0.14198552799092376
-0.09633484278249653,0.1020673121174043
-0.11315831262288863,0.057792014535785627
-0.12369507910026416,0.0068700445922510976
-0.13333047307506549,-0.055235064391525056
-0.13473848198249694,-0.11066661820504876
-0.1448764399608837,-0.16315208641612439
-0.14691490230172727,-0.21463935700741857
-0.14255257550781103,-0.24764967792561499
-0.14281101468355276,-0.2808294476357307
-0.11844016581748036,-0.29722602500658807
-0.10255324151073944,-0.300977504063558
-0.07094923705034252,-0.29023971770502455
-0.028489128809562586,-0.2665350250336404
-0.0002554309273799845,-0.22902873154427114
0.036007698484939489,-0.19680437088861624
0.071535196042016108,-0.14966295705801644
0.1090788472724792,-0.10464581552079656
0.13738169675575929,-0.046854304911435336
0.14997510256067118,0.0012315021238061569
0.15566908942133958,0.044048824689519935
0.14846466475120507,0.087533479120215141
0.12291864244847873,0.1098703405618171
0.089725740649610974,0.13608665369209941
0.047950294690305269,0.15865539303891529
-0.0043158120050071982,0.15857517472832697
-0.050901558322283776,0.16153924812819709
-0.094694486643008349,0.15117292747365862
-0.13196280126886786,0.14102481939164571
-0.15682481610096061,0.12334380673688285
-0.17551172989040953,0.10759061583728502
-0.18433733207219977,0.099446155785481175
-0.18197589203020437,0.089399266619001216
-0.15664291894633706,0.084368848626711804
-0.12757787078437699,0.086626370342321624
-0.094105102031516993,0.080532303556434787
-0.041603274299458516,0.087000790899966499
0.012948933381787139,0.091415113734562348
0.068371401638315801,0.10147590225709731
0.12788027618122183,0.10701177373614551
0.17095598504126253,0.10867360277660748
0.2131238746932988,0.11478023875020087
0.24146589092791501,0.1199331046265229
0.25786588700943369,0.11639808853409797
0.25812312213181005,0.11251290851612988
0.23749143878929321,0.11227621474663925
0.20062763589237384,0.10523757901773334
0.15770073387342615,0.089921962259160756
0.10256777745829869,0.075595848438901631
0.043276841575562525,0.05860104066355195
-0.011540639595762585,0.044373705646324424
-0.066315707772249363,0.026786830878558505
-0.10286094178900679,0.0074462216574052373
-0.11959182103324233,0.0017687511580906125
-0.12613973811248494,-0.0098839220244700821
-0.11214653219982242,-0.011810537690201031
-0.079878469699081356,-0.013531156952309449
-0.034672232108533513,-0.0061610105242860787
0.022099870552565883,-0.0072283494899670802
0.086241376239889603,0.0018034566616971504
0.14877135853813053,0.0046944097971938197
0.2017763023732575,0.022515888340280867
0.25721765795098744,0.025292079137076311
0.29359700397103894,0.027254120421711277
0.31399193353860194,0.034043957314369509
0.32007109929676408,0.033009970334923762
0.31348644199074771,0.03839363382477564
0.29898377994831615,0.038354155761440897
0.26393267170019141,0.037349328763095609
0.23040396916809522,0.025045888331690871
0.1921317609736235,0.023990028207025001
0.15561722392511765,0.016352487982087039
0.13055683820915923,0.0074880308244428765
0.097368571149895514,0.00033951306880698317
0.073107932536071285,-0.0097272363241617636
0.054515191185625596,-0.011759556181780484
0.049585079891529722,-0.0071772942987708499
0.053144384859159594,-0.0025923183542424545
0.066442896381364483,0.0093804433927356049
0.079798660347310396,0.018110749088392629
0.10467617380283946,0.026856419321534576
0.13563277481002989,0.035503130850036008
0.17085372086146702,0.036472033092791373
0.20454593271822036,0.036260189078889699
0.23695946218852948,0.016091627240435266
0.26295257134597583,-0.0019240684787919038
0.27204849972311307,-0.033199411253641724
0.27685222919849817,-0.063956643677492236
0.27151589853071378,-0.10096738270931351
0.25200632078298624,-0.15048798157155807
0.21310184321141953,-0.19406502955241792
0.18019194735434646,-0.22914549164593526
0.12347976696372617,-0.26090867485207458
0.069597985587520866,-0.28073177560155282
0.0061330748913007681,-0.29124432153770302
-0.052775689095085072,-0.29822639758118724
-0.11695399720862777,-0.28016721998145233
-0.16869104489842107,-0.2615745360555049
-0.22239383269628787,-0.22078921745583729
-0.25515964003425118,-0.17960472867505106
-0.28385930767085238,-0.12960383334787554
-0.295437825218619,-0.058742717114327055
-0.29111262518232006,0.0073898447366569269
-0.27351050750609529,0.080079713906314159
-0.24072101068608537,0.14505428085984071
-0.20875109919533824,0.20956476622984591
-0.16034548178758745,0.26397120557394704
-0.11011461339917787,0.30009627569854985
-0.068521212253829303,0.326844189942884
-0.022972684166172486,0.32077917196506689
0.0083565462699157229,0.30487511494646247
0.040616120868989324,0.26731614220407018
0.058002985212676481,0.21663001580190494
0.065218817464957793,0.16030694000422616
0.071923411461887715,0.099684674902836556
0.080239921934975492,0.036051739833621914
0.085021221375395126,-0.014932242264728064
0.090696111349613751,-0.041844362329646431
0.094095699005563221,-0.055756043241192238
0.10323989564082027,-0.044657996622164277
0.11501993876143918,-0.025350380237203922
0.13035017990650158,0.0069694442564761311
0.14080365435890155,0.048659375342462376
0.15612321245443234,0.086325593264527309
0.16670862417063084,0.12396296753783209
0.17372630061675748,0.1594898597005372
0.17871822433518217,0.17178257194143171
0.17165670232236907,0.16321734620669254
0.16076438816904118,0.15143933950202276
0.14847350381515018,0.12307041780141101
0.11776995236723185,0.08983977359572487
0.091354370558055759,0.047175637874049971
0.062138490339893229,0.010287098187569975
0.028913403901313618,-0.02825030091727233
-0.004845501783932232,-0.068033335888463442
-0.04028904184234481,-0.08558699830646789
-0.072883141685317759,-0.10626241231641013
-0.10993114218500047,-0.11283290361886918
-0.12751484260171528,-0.11035841880269029
-0.15203457827966976,-0.099544611948004152
-0.17288773677159477,-0.087734032959202041
-0.16728089156809409,-0.06136757683497928
-0.15691482308735033,-0.039108985264935933
-0.12878477419326481,-0.0044338857760709985
-0.0969094907312575,0.022390107145236766
-0.060909426592881045,0.051631025505635274
-0.01444544514603322,0.080401448143225696
0.030195825845270689,0.1022359071177254
0.076760749765583919,0.11541435169115032
0.11955969118891947,0.11474968402951538
0.14851800295124137,0.10366529523701425
0.17748390812672382,0.083311611163370033
0.20454411123351252,0.044404581781901993
0.21384708309749756,0.011757020382641484
0.21440969219201647,-0.02948197082157086
0.21051522482167495,-0.065592574057781544
0.19786300101070026,-0.099546332508224616
0.19001876569686321,-0.11607979479732343
0.17636427103537541,-0.12252598209821586
0.15896075646214941,-0.11267113782043374
0.14031742732732616,-0.097875780041951646
0.13113890949470414,-0.065384556213275172
0.11997332329269833,-0.032265150857093659
0.10651460772350625,0.011843001177954057
0.092713582051257085,0.054566602335290232
0.073120335978892462,0.084680006435063807
0.044672659470359775,0.11066295077763615
0.022065965968438545,0.13917791266528864
-0.011346993641636221,0.15018207845273432
-0.041537733365329101,0.1557193092193129
-0.064119706023883546,0.15597391185662349
-0.08182293064549466,0.1522474108412025
-0.094809071034438974,0.14144949402862414
-0.095323850921024661,0.12931420596209481
-0.092932224502382102,0.10975421300159019
-0.079380196834723346,0.10111994594297793
-0.076727448560024489,0.088901488740857404
-0.063014507159184011,0.076968858509455451
-0.049274998499953357,0.06030395908969971
-0.049180583087100618,0.046978854443437155
-0.058386165877645078,0.044212256702526688
-0.06929071530239185,0.039554551091669388
-0.088606684477860034,0.034203351643794823
-0.11355066181417381,0.032998231014171715
-0.13416702492593036,0.036823826911060835
-0.17040853547431808,0.040660197743668899
-0.20063929572014438,0.037562564941617832
-0.22666252919772942,0.029069938468281285
-0.25137283418296358,0.019493613799714003
-0.27253738833548102,0.0015645464238664016
-0.28698409230204036,-0.028833824946508681
-0.29234250709767162,-0.053391412407852959
-0.29038755450157011,-0.091508651147809386
-0.27298874838319309,-0.12514568103470461
-0.24919276180732303,-0.16339347892758957
-0.20896587624483651,-0.1968967277546505
-0.15882425665709254,-0.22251869540864497
-0.099973923327725783,-0.22437785294238269
-0.030671294954636143,-0.22264538456625663
0.032239091227338264,-0.21074251254555931
0.096113729286040159,-0.18109629711202746
0.16031966354022514,-0.14150751674385076
0.20802546012350287,-0.095119501185457714
0.2427744516459282,-0.054152503331473159
0.25446010612307551,-0.01740404825084246
0.24494720276326115,0.019931553178209608
0.2197303476966091,0.051156431826323769
0.17336609104663078,0.066096085585657674
0.10075281308651216,0.075947809976039407
0.026309221193252852,0.06773384492884342
-0.050239182742274922,0.061605141291547885
-0.12990972373825699,0.047958417061783831
-0.19835142092823993,0.031588577783250825
-0.25235025854826276,0.016473286187355878
-0.28069102864839945,0.012568039002449304
-0.28595665439248447,0.0061761202507801174
-0.2824895880192474,-0.0041856761700035357
-0.24904619546616552,-0.0042563879305881963
-0.20309021098652294,0.00085784860287176513
-0.14856634971339622,0.0051133385053824115
-0.098239898938549786,0.0085050293099089274
-0.041803958338004023,0.0076546646449386583
0.0042006731992135339,0.0091833276417946259
0.046514727584430385,0.0051436412945097473
0.073887596636024996,0.0058300511219762157
0.09635511981069235,0.0031362280194251932
0.10511733474415934,-0.0087053989965849461
0.10141142322612609,-0.018752946780895605
0.10026199746540698,-0.021251961755780643
0.090759883179200404,-0.036554535822106694
0.080411444656907624,-0.044111667445888521
0.069852882854029241,-0.052858811523385056
0.066460528150271855,-0.060404285233180997
0.052896555676702837,-0.069855756335337943
0.048393444535112226,-0.070530414214461601
0.038568452145753294,-0.083137294308867252
0.026056178353412153,-0.097601882772255275
0.027028857041841943,-0.1057066360318195
0.017424761135791892,-0.11440013728443603
0.020483359787047635,-0.13291280651337656
0.021316967429152386,-0.14035849941890161
0.020774831650254129,-0.14986255072443602
0.026752709593726082,-0.15807376241398652
0.032124172287467403,-0.16089831478187908
0.024322671713554123,-0.1584607983429524
0.028921497973676255,-0.1411226996771662
0.022679755437064533,-0.12721248419701947
0.013289428207398785,-0.10701397538396396
-0.0042609571933478578,-0.080081365925487175
-0.025404983324385531,-0.047897708406357375
-0.03690236758659169,-0.029325578840314542
-0.059269312920860011,-0.010262353426866218
-0.074272794863465219,-0.0038938291366287696
-0.073978913778259242,-0.015419019954980802
-0.075388161628073241,-0.03006337868824736
-0.071934706900504325,-0.063602244863466426
-0.054218898611758902,-0.10663046445375673
-0.034022475736176012,-0.14448177847676957
-0.017141348875377785,-0.1895810085786109
-0.0016214255101709811,-0.21898930739674774
0.016237666034770823,-0.23738113629875426
0.025865793144329192,-0.23545003670097625
0.02943896266532977,-0.21672226806314093
0.035583757649151122,-0.17633348249865702
0.039651166185592959,-0.12839142387297844
0.033830858221383223,-0.070814704476980225
0.026812243308006765,-0.0034089128181379784
0.022786110507147777,0.053413918925949884
0.018033869819168283,0.099468584130696619
0.0079290154838075715,0.1424694016813689
0.001908733018569482,0.15686531017626806
-0.010835695434629243,0.15468719369827352
-0.01086125784595505,0.13419118302090982
-0.010158654819470562,0.10578149106285195
-0.0099619641169807534,0.060870401821457087
-0.0022393016797117096,0.021012884888102989
0.011267568222812809,-0.025192362687852216
0.037161184555055723,-0.070487668252870672
0.067938011761444747,-0.10174841008382658
0.091321582828089123,-0.12579286552908159
0.12634305848875221,-0.1443840876750366
0.15647273101214945,-0.14607318977822398
0.17692500528406724,-0.13603070741878462
0.18627874569563604,-0.12159080918754106
0.18466563794706675,-0.105395121267347
0.17340078800363409,-0.075255462738444676
0.14420488979381879,-0.051478627562813462
0.10361785876952902,-0.021039291596732703
0.049597346670895055,0.0023026035032384182
-0.0062135956832640882,0.020484169221799842
-0.061423359037028398,0.039867453959334352
-0.11539397141446171,0.043786168066203439
-0.14879768832566964,0.049536302603720654
-0.17247595760386208,0.041067838338586293
-0.17620786678980538,0.031791678367250407
-0.16890641608700391,0.0026822705268989321
-0.13451082207428985,-0.023995361372222846
-0.088579679726556448,-0.05683965495264285
-0.031878118850505087,-0.091187747581984419
0.027895513812135744,-0.11373967568934595
0.092616759885589428,-0.14031678335400308
0.14622562275429346,-0.15613590529626023
0.19016935999493817,-0.1624508189831062
0.223130425431079,-0.15611866364660013
0.2310557648098775,-0.14053436699198879
0.24109052653274129,-0.10851832196927502
0.22320079788968006,-0.0797722823516617
0.20483458529859758,-0.054757422557200522
0.17554056447339791,-0.014986774726894338
0.1371050499287077,0.0088041250529333984
0.098959038481732972,0.031607797851843998
0.05683181125651663,0.045459174778260135
0.025101925121831119,0.055362032658408999
-0.015993608522336229,0.050437606264106954
-0.053518958753325831,0.041290764652738281
-0.095520913881947181,0.031419819450954067
-0.13697291491021027,0.013995820577267625
-0.16751094573106662,-0.0061577674871052526
-0.20302922275891425,-0.027208461617507011
-0.22955116923809551,-0.041033322092039401
-0.25732866294304535,-0.059417914033085488
-0.27042404907480122,-0.065294025910201781
-0.26751746093700657,-0.071197080632337179
-0.26014090866110751,-0.070808883458974278
-0.23186415552489303,-0.067908594277694773
-0.19166277181339614,-0.057087040278914272
-0.13783609910387579,-0.047137083854318286
-0.081302307088749762,-0.024061586119441401
-0.011355479664188215,-0.010000485286994147
0.061660398655345318,0.015807348667418154
0.11575769962408834,0.030582071440470145
0.17761281236336493,0.052114888419021718
0.2203003136756056,0.067740906316348201
0.25201938765855564,0.071995027598728972
0.27209763476387722,0.075509902136672719
0.27919586020242604,0.063155539364281379
0.27978983223887288,0.048582715978078762
0.24978899748261421,0.025738961468670846
0.2268086739569104,-0.0023420002051860204
0.1900906580566615,-0.036886580394897145
0.15867484839912552,-0.067316135085090434
0.11602257290331376,-0.09992516901613907
0.083044337173243069,-0.13280863045959571
0.061070016876201207,-0.16595276642996404
0.028117788489055245,-0.18668175379048593
0.012328930562973177,-0.21114820021547726
-0.0042625027893761231,-0.22335673403601544
-0.013386697875504909,-0.24122630068371126
-0.0057907627565221744,-0.24730384194711186
-0.0062286124036609134,-0.25281096381417867
-0.0046212242802860549,-0.25093100271408669
0.0020331434080814101,-0.24761355775766031
0.0064338583182983015,-0.2369235074438964
0.0062093366235328558,-0.22649857985549601
0.0090824961169069397,-0.21979000270345328
-0.00064073193396726145,-0.20669258552957356
-0.0031042057594282014,-0.19442068866158377
-0.012368948484920881,-0.18107808076268189
-0.02596110546753988,-0.16709154710930899
-0.047376519204460003,-0.15394311629846261
-0.061275131450234228,-0.13701824466624821
-0.07928300331772975,-0.11890846359777715
-0.10390029467011451,-0.099219106766950116
-0.11146042079299802,-0.086237866759000345
-0.12668215919106884,-0.074317601474474734
-0.14193538853112561,-0.058448204067516295
-0.15734250488730211,-0.048619010067798667
-0.16934057717411422,-0.028408853612552975
-0.16947378805495286,-0.012260489564207163
-0.16683481624099936,-0.0031052638929402162
-0.16337202585116117,0.015834271775172801
-0.15234827130346862,0.029072560307338804
-0.14841446524392793,0.052068948001223109
-0.13681756345797561,0.063927675080805893
-0.12562710090126838,0.079857141083955058
-0.11306547451579843,0.094004145962754096
-0.10502420962443652,0.1055780577529892
-0.095475022417451719,0.11823626479163128
-0.08982325511085,0.12512309907704394
-0.089407741210578748,0.12011470953184873
-0.097192594236320859,0.12159388530358292
-0.10911301382557856,0.10379800748002703
-0.11943044657830158,0.076023220437755348
-0.14273707229196103,0.042405219280370179
-0.16126983734181063,0.0073046870042363377
-0.18713081498549047,-0.027057681299941374
-0.19847170186365878,-0.077734597813729822
-0.20251319478974331,-0.11160631766530008
-0.20482577158401674,-0.14012303597306591
-0.18599036083842455,-0.14907765754531094
-0.14315511766363226,-0.15398967203474062
-0.10169359863639273,-0.14651393652199785
-0.04178251691677521,-0.1239549381596442
0.025865485655688469,-0.087623879524334564
0.087432919454604546,-0.054203325000826391
0.14886658248947371,-0.013802133186662329
0.20079702665464147,0.018987685690752057
0.23282247696136374,0.039492639809512439
0.24862687674068798,0.056794857230675913
0.24987255804049482,0.056672376945534411
0.22713762582180666,0.064425761515047614
0.1951088545473367,0.053714895652957173
0.15394185927809867,0.041554580755113972
0.10991263225305425,0.038676044613783676
0.066916120262331472,0.040531834275554617
0.037493172065474208,0.052957153063145315
0.010072836056784254,0.082898753919148277
-0.0018914789510165314,0.11633359109913048
-0.0018083047293513312,0.16361658778306831
-0.0043010495676692167,0.22225509801824644
0.0069874426764409232,0.272892054826191
0.0040445238548124963,0.30859911782350641
0.0080599908946630619,0.33840850471544154
0.0019753683341189095,0.33571288897145274
-0.014246352790922479,0.32040731351211021
-0.033719110442184723,0.28305106961588739
-0.060488577566169661,0.22769378564513026
-0.086706159211183687,0.1567047450849588
-0.11120665686510364,0.081748478615709302
-0.14883882034098031,0.011896058543117156
-0.17695172853613034,-0.052236669028711852
-0.19732179883260828,-0.1100201940663372
-0.21409368753099944,-0.14069119625864582
-0.21221205718405783,-0.16252051476828475
-0.2106566571432445,-0.16813957313061623
-0.1853983648349786,-0.15836732373672335
-0.17207838744013487,-0.14411754608621688
-0.13792092240929218,-0.11911362729628758
-0.11108638095385061,-0.11214635493107525
-0.076367403046808405,-0.10982554425488732
-0.036609809301281222,-0.10829030358883365
-0.0078695311982588719,-0.11800964660613181
0.025630441609975373,-0.14161228316935837
0.055585144611213326,-0.17393892734143943
0.065419169040214553,-0.20131168737079339
0.079093728657963672,-0.23512985962745817
0.078681149868140884,-0.25266087056324815
0.072972129709460015,-0.26123549275769159
0.060827659659619886,-0.2629282150748829
0.040164359770414756,-0.25031966491759033
0.0069608478515261508,-0.23289261970366795
-0.022249496861756944,-0.20057901035717135
-0.050222701039654191,-0.1704402580588073
-0.08961799657258919,-0.14457987739160397
-0.1262416491949277,-0.11577896568018375
-0.17069763161540713,-0.094698920005020476
-0.19747423164740463,-0.07552613088391566
-0.22253775662331643,-0.0674956492621549
-0.24324549309570931,-0.074607713985892138
-0.26000347613756675,-0.070375063414994013
-0.24871759012306366,-0.083937203776352276
-0.23595973559399191,-0.092704949328482653
-0.2044684859417806,-0.095845030271819759
-0.15272252024018859,-0.10407748585940128
-0.090070405102697079,-0.098049255569430116
-0.024938441896966645,-0.096466374301342098
0.051220873907332112,-0.085051131071073108
0.12611327846983489,-0.073259046017037671
0.19044151069904366,-0.060912907344194307
0.24672618007175259,-0.043009800142273028
0.27912134154931506,-0.030238501017256825
0.29369502940199249,-0.01608662955441505
0.27919486143232458,-0.006507542264999589
0.24155071299476377,0.0050646954646618265
0.19239207428994945,0.013020964298593195
0.12866015248032736,0.010794839052091637
0.052276539603778968,0.013313414292275411
-0.015588449477997259,0.0046684706544945524
-0.082534697968421139,0.013812760579207637
-0.11942973526958896,0.00023734025818019592
-0.15323951594486776,-0.011474764885413196
-0.15395120833664314,-0.028353778310403577
-0.13736736485498494,-0.04961711850360459
-0.11068208584171008,-0.064764532990800025
-0.070960237246780924,-0.085788961806177261
-0.015173914527676744,-0.10896063441656563
0.026946917231241013,-0.13854236938960413
0.072909660110880986,-0.15287371110970924
0.094568569183016926,-0.17178953533074159
0.12230859150585424,-0.18921491252256201
0.13057417700880908,-0.20760938928882461
0.12282635038798762,-0.22532046254762725
0.10453346018642004,-0.24372702924916817
0.090179220163558269,-0.25277284054535071
0.060768879754580368,-0.27086539613477634
0.036069392599833106,-0.28184305235986179
0.013958937990425552,-0.29286849311629271
-0.0063230385855855258,-0.30249245705019162
-0.027053767152721786,-0.30926591450204222
-0.038277176286980616,-0.31517897100864123
-0.041714125738545299,-0.30629976640158363
-0.05053687477870164,-0.28523500752657144
-0.049146832679588789,-0.25828405471996518
-0.050313621652954318,-0.23161030952073067
-0.047085679011193038,-0.18878378772376925
-0.04396861093497588,-0.14497352929321861
-0.034499877041179419,-0.099015271319594117
-0.033353388559528213,-0.040796448328101226
-0.020371658086399479,0.014181868715082212
-0.017194283603837242,0.075768785057181737
-0.013029040447333792,0.12887709244505599
-0.013485423031448821,0.1807056700847012
-0.014899214337604843,0.23226359708095537
-0.017246513729788249,0.2730644810380799
-0.030658890298228214,0.30369416650767261
-0.046936044715541171,0.32642376152177222
-0.056915868068432858,0.33242354062433149
-0.077123540319379971,0.31396673990480711
-0.086640280580229892,0.29359900768383723
-0.094895302167590886,0.24354180626997143
-0.097575256575364339,0.19438914083019332
-0.10054869597904781,0.12122486124011549
-0.091520329818094728,0.052647361644154796
-0.075636881311455212,-0.022078089662286502
-0.054643640089807301,-0.090979946909111958
-0.032293491909136489,-0.14946426959272777
-0.0028044645800858192,-0.19370315998959081
0.020266037203650382,-0.22045502664486188
0.04362117274847567,-0.21909326726699532
0.067620311414950368,-0.19973834750272018
0.092453219097356626,-0.16190860466502474
0.11088945142062483,-0.10663318097801842
0.12762367180388295,-0.051516518528354968
0.14139130997881735,0.016045191224319286
0.15278162792893024,0.080521480236783696
0.16595402196388198,0.13330333933678429
0.16282246266896869,0.17535365156023838
0.16748543007177044,0.21045767451322767
0.17002195721884991,0.2344267505517604
0.17703059536892726,0.24303704501385801
0.17784587671505539,0.23142540791503569
0.17505461557154217,0.21858727800337283
0.17546411751862931,0.19293130509469372
0.1745995027197787,0.16792973547443951
0.17684085290441376,0.12388309597091457
0.16052754219655352,0.091241295500775269
0.16520612133367271,0.059990163197267771
0.15757241626750496,0.033564185363269917
0.1588306603120902,0.010008056404768643
0.15746595375765887,-0.010408184114439639
0.16134854911486932,-0.018946970619270996
0.17179397801553029,-0.02311015108237115
0.18684718964616598,-0.018693431845108948
0.19897324299710056,-0.0082433777349907381
0.20910904236500968,0.007704224607466427
0.23243336298130171,0.019516158078135892
0.2434658033845094,0.036665162222572698
0.2578979951804744,0.051660831244445864
0.26865195264281527,0.068302969662140528
0.26727878491743157,0.074229206155692451
0.27044712383732922,0.076515300008011766
0.26114315555464745,0.066345680264412829
0.25452534468124138,0.052626560304076586
0.23868670793284746,0.030057925048658004
0.23360342270900913,0.0083878484718606702
0.2225778163754405,-0.011547401155203786
0.21524575398249379,-0.043068677673166259
0.2218186581876028,-0.054926292645352412
0.22457973973772472,-0.068517561845645891
0.23793323114381798,-0.073382226718230636
0.25580064515427442,-0.072303509406386704
0.27071808345634951,-0.059283478934989566
0.29108356529025753,-0.041844425596937962
0.30768562431934687,-0.022549281761576549
0.32166079907578587,-0.0015823998125529632
0.31585853494675931,0.02590651274162804
0.31115766502134656,0.046040653036058719
0.29156385855899453,0.072606244332103276
0.25696119169888287,0.09129992441865023
0.23380220839024385,0.10574961604411726
0.18326630721549952,0.11052668084026518
0.13405134243641226,0.11748470193235228
0.091442909501516498,0.11069986755038086
0.05598372790050031,0.10339124973380509
0.020380536529911362,0.089867478258032804
-0.013608763248408684,0.067994367080687276
-0.036824537438869528,0.039757935539717675
-0.067444515220237589,0.016344475645751019
-0.090248296958947163,-0.0079496557648788685
-0.10902665503814089,-0.026058894384356036
-0.12573966306329507,-0.038991080294841357
-0.14396751481453213,-0.052181184478511132
-0.15813448527054913,-0.058805806011839233
-0.17361287833090658,-0.056577500070752004
-0.19275370464142313,-0.04433638260522877
-0.21197070272710306,-0.03721076397146654
-0.22178740087575,-0.017006688089268505
-0.23575370484722386,-0.0062797858523499133
-0.23936163945624633,0.013840117771596133
-0.24539404138268378,0.025336934467816631
-0.24492872615812655,0.027460415703818044
-0.24352488242222514,0.023529345408440521
-0.24647006416219441,0.014145338326050017
-0.23452669708398202,-0.0061540033180655001
-0.23177160866211599,-0.027545938102405885
-0.2188692009620315,-0.049903439937116233
-0.19102807274306302,-0.090342604991465972
-0.17052790684262284,-0.12174297798782596
-0.13804070795975043,-0.16163629405249266
-0.10359578196158041,-0.19305563944522974
-0.080649931646306544,-0.21534773427365683
-0.038600752959145244,-0.24694369424841095
-0.022188374636116046,-0.26645925911215979
-0.0037665501940948084,-0.26823327645127515
0.006874551918178342,-0.27284712445366988
0.0070366546844853025,-0.26382477713447544
-0.0039464599602750741,-0.24572992575622393
-0.025239801522276048,-0.21501055137956337
-0.054930286130470025,-0.18257987738184622
-0.089547465822004693,-0.14050618210181628
-0.13098501999468587,-0.09350657973475579
-0.15875269090258637,-0.04141584579158359
-0.19369469165928402,0.0062685128140978069
-0.20915474508463924,0.050720308612480058
-0.22389979274310312,0.097968748759329038
-0.22342396569494374,0.13242282912212258
-0.21372712582439574,0.15432953924106782
-0.18898435406522154,0.16902596743565632
-0.16754868200474737,0.18091039873538509
-0.13116529944661065,0.18269989848743462
-0.1010895067076657,0.17614626437098863
-0.064086431470164795,0.16919138601197484
-0.025885506369553578,0.15184584702396953
0.0049587136659818027,0.13801408249816371
0.031675387643785989,0.1167323374959605
0.056017820256700566,0.10222456514359478
0.081273977736108532,0.079737484383340412
0.095539884530670471,0.056048983199870166
0.10168234580828751,0.030309487861683394
0.10867707657732403,0.0020837387083698609
0.10395403188849373,-0.037314816741650929
0.090555568479678342,-0.068174080427170186
0.078983418664767227,-0.09497706312221034
0.062497847268406861,-0.12685883905493531
0.051941584857490571,-0.14751681488230389
0.032950196149470631,-0.15376759333972709
0.0094877945186491053,-0.15539738901469591
0.011705665888112702,-0.14426564925869351
0.0086130985494220318,-0.11622213163970808
0.0058645549110924126,-0.09240945163056874
0.02354936299498317,-0.046490119098554675
0.030755219368508675,-0.0070524330204128618
0.039780799826856179,0.041672912112158671
0.050970840344426803,0.084069321331737459
0.048800563167255229,0.11498061102969902
0.033527158480112687,0.13326802882064684
0.001595431321225008,0.14451044977464728
-0.024510568638938836,0.14452471750348386
-0.068113649499930332,0.1423344497591495
-0.11597584191844314,0.12023742589376941
-0.16025791443690593,0.10266705694950327
-0.18859289412819888,0.07902511683332894
-0.20743775713429163,0.053382672933072223
-0.20911377289543776,0.033064396453816293
-0.18100622238304792,0.018671910423117256
-0.13577987047771006,0.0040809955889740748
-0.07581107326142196,0.00115397166766854
0.0015041862759201316,0.0068324012003590307
0.061395503075988928,0.0080503554011903729
0.13288776800081437,0.02277587179385988
0.1701344213257564,0.039620334974527716
0.20268041411858106,0.055246444380900005
0.20774634362675931,0.07674010635936386
0.19352195328034977,0.092241250378966022
0.15203905335880033,0.11732691344225984
0.10837000605117408,0.12816636792081718
0.052539416232358069,0.14481456615417329
0.0021039607420614646,0.1601980568863523
-0.043162857483741088,0.16832088892781064
-0.074101983943930264,0.17667405067103328
-0.08081794089762144,0.17349891615588248
-0.062939232763904521,0.1696820899641531
-0.036418211294851489,0.16263434878075028
0.0069056836616523372,0.15212490239824333
0.068250224260726522,0.13904585460434388
0.12719483244613899,0.12277910197966972
0.18446863880261921,0.10873552108633394
0.22598411113719299,0.10240385626608195
0.25556349868324185,0.095116873415090647
0.26684926093406036,0.090853742385677602
0.25501036665893018,0.099818294262406321
0.23478372116430507,0.10762183668452599
0.20809392432152596,0.10822804884596693
0.16000024758715597,0.1140201305787573
0.12433175532087991,0.10457832517214104
0.081479069061116197,0.085819784089355172
0.046251146208736924,0.06138809130261081
0.020375202500025485,0.027913591543025279
-0.0074384531276384201,-0.016185320725658418
-0.031979785367563067,-0.059048236586720822
-0.046259548947379749,-0.10230005694083369
-0.068112917033006259,-0.13748905344710499
-0.093394457018546498,-0.16648540352057423
-0.11450438853121142,-0.17223799956602831
-0.14339078889217372,-0.15713784195997912
-0.17248133073341562,-0.1322071909812664
-0.19983197050976487,-0.097758707416574608
-0.22170097262593216,-0.044506224395170782
-0.24120111922051052,-0.00070741629475281568
-0.25411128100627622,0.042513849046513515
-0.25152147852010193,0.082303764066830085
-0.23307365539966746,0.094688269650603799
-0.21262329672013802,0.09397977699682801
-0.17836139366664772,0.078506379816033325
-0.13369108705700955,0.047727059426142575
-0.091098935331561617,0.0032818682845033348
-0.043927919674701596,-0.034562930736474755
5.7559682812048651e-05,-0.06964850228895679
0.03614106827114652,-0.093622767780980665
0.069332096326886195,-0.11074994285327468
0.085266353288853361,-0.099865154680088969
0.088699945749579637,-0.068757179149283171
0.096806778341472763,-0.026600077174393121
0.079440678295253767,0.035244514894898049
0.061285717108174681,0.10040399991781399
0.045703584350232751,0.17291534345951579
0.027879454026988298,0.22987697014516476
0.013624461181718896,0.28381559574317738
0.00042655501476804997,0.31357762506879622
0.004395468984862148,0.32548786897269599
0.0062905596781284772,0.31935588862695685
0.013702123897780794,0.30325908807406549
0.017430167009833998,0.27277510013541773
0.028545821853579165,0.24132727643398905
0.025194083943268768,0.20830284875216409
0.013200244881314001,0.19109617172059659
-0.00093939375140829166,0.17687135380648722
-0.024868751420364966,0.17187249662584414
-0.062223326801826385,0.18126890366779269
-0.094003210863828846,0.19929826572193973
-0.12465810826429653,0.21290570699097017
-0.15285533658501299,0.22164749756284993
-0.16599087934353418,0.22099391058849244
-0.17058816686886019,0.21003504523261002
-0.15127876397265419,0.18012946334171165
-0.11863911260112563,0.14290078678239054
-0.071489872943584623,0.091722902358780223
-0.030892056239931735,0.037655066697195073
0.017136833433132104,-0.0096844345099137627
0.067263748329315393,-0.051960379831638731
0.097527948156187677,-0.076916003472344466
0.11409360510404208,-0.073676881744267481
0.1187348624320806,-0.053862596654245302
0.10325325401330908,-0.012144391321642169
0.083514992270115163,0.038646064009362102
0.045979808666674331,0.10326500195448222
0.0090700402728432564,0.16100830667243671
-0.035742386279527305,0.20813760666564976
-0.074227209460173457,0.23776204628329817
-0.10388977372113634,0.23991455831143291
-0.12164364001808338,0.22733928947741411
-0.11680469159686231,0.18450319352971095
-0.11355413242955471,0.12355090230959696
-0.094856349476467566,0.048876657365400318
-0.07588711665635231,-0.029565527659549073
-0.039251646179302331,-0.10757216304048782
-0.010846315788489184,-0.1757158797427385
0.024052818090294067,-0.21892229055982573
0.062937949583543595,-0.23623023999207898
0.087885959357351301,-0.24297282025283076
0.10439731006378945,-0.21950052010764856
0.13262479541859321,-0.18105603527311326
0.14905206571884086,-0.12576141558437068
0.16420387563339256,-0.065446161591127455
0.16690362132596642,-0.0056051199346879481
0.17254166693937684,0.059793577802041802
0.17354270325483984,0.10618765094075745
0.16930192085921592,0.14460170237646858
0.16980661979731143,0.16465464706930841
0.158000207930454,0.1824334399047387
0.15049072750570686,0.17972765611935318
0.13628847191710389,0.16391483096203491
0.1329932462935233,0.1435678178860397
0.12591311913601183,0.10671149791464085
0.11635323547876814,0.073667226285224804
0.11969807971411967,0.038460374927361533
0.12401112211187369,-0.0013549284206347311
0.12041005019769201,-0.044593617394210493
0.12384823449973519,-0.079008191467554584
0.11687223631660873,-0.10610123595091267
0.10969768236160099,-0.13139182965768664
0.094542466428088473,-0.15698160640436667
0.068622097317019834,-0.15666179560144211
0.036290055532624113,-0.15629568084238554
0.0017207282177343856,-0.15291286765537199
-0.038061208316898909,-0.14033240510124828
-0.083032562996892031,-0.12185897233845353
-0.11969554397445485,-0.10235118247437336
-0.14536834584898098,-0.083415725964300177
-0.16143593404318879,-0.061043624471859369
-0.16832056397323755,-0.049380558731429471
-0.16411318338979469,-0.041936547406674768
-0.14266041692113399,-0.042039610893226623
-0.12264365167021656,-0.048761376905464136
-0.095931144708766597,-0.063454892022988554
-0.065504766916544901,-0.081942474443442645
-0.032661420072114866,-0.11570425369390579
-0.01091851272238943,-0.1432342269135459
0.0060967878157066804,-0.17860966001414377
0.013246889773644199,-0.21572215400807362
0.014789877823725374,-0.24642302592431997
0.009151688513167713,-0.27378852043121227
0.0074915260344632891,-0.28886245598179711
0.0017048999727743049,-0.29707104197859685
-0.0068159211200111963,-0.29163401042984921
-0.0039813567495358814,-0.27410325140983627
-0.0057729839367191994,-0.25531574737045959
-0.0096674433963419831,-0.21160378549119768
-0.00085171420838086632,-0.17161587190821675
0.0059784722831296268,-0.11241099483814278
0.015410745506084298,-0.071926737918694778
0.025388553630962422,-0.02449321647953908
0.035996397487103503,0.006878913492848384
0.040655205142809389,0.022134553457205226
0.055466627510982774,0.025400591406702522
0.056619825940980535,0.006563229155812712
0.047578136891711503,-0.021574164431119276
0.051549434339911521,-0.059690034335053301
0.048633619937021755,-0.11084576533322339
0.027753634323765625,-0.15204953350598868
0.0028462239628145184,-0.19800936127575358
-0.021170372983783312,-0.22666516393769348
-0.056413175174949183,-0.24281606760414798
-0.093794674441241566,-0.23892836013689356
-0.13969987027893463,-0.22750776880276924
-0.17842004806929435,-0.19200156885950845
-0.2093917604780392,-0.14797931223772429
-0.23103103036188943,-0.11183379766097813
-0.24074296309429977,-0.064163200117918345
-0.22981881480234481,-0.019045067728009072
-0.20003413686851274,0.027811112759451462
-0.15392299071005094,0.048466804148589018
-0.097885051898462153,0.067447103147064091
-0.028439865758149219,0.082378481256874567
0.040066648601200898,0.085388825065878554
0.10315855902384775,0.085870260055254111
0.16185189180950157,0.087942501962972708
0.21039269947135236,0.090335132717290392
0.24294847503035619,0.097279810335127351
0.25491634099980054,0.10243038696217072
0.25291336072527898,0.12055892877016346
0.24220096126932855,0.12679078418795392
0.21255290370853608,0.14193501849194609
0.18723771122440849,0.14962074072943155
0.15500687254067103,0.14788542298446139
0.1250065473058346,0.13452855570322156
0.10071203464429343,0.11094369714803895
0.088479402327109102,0.092082903013503123
0.079709039323363637,0.061624438350758003
0.081613726264606945,0.032472384058072824
0.095711694380540696,0.012658663038781904
0.098190702098344365,-0.0035158243111630396
0.12139253879919806,-0.011458931290840937
0.13534064550630481,-0.0083502682104665653
0.15469383049107396,0.014969158537465065
0.16727824906438316,0.03690410700469543
0.1704794975217109,0.080342796108151177
0.17255545678954431,0.11136662192630502
0.17116093587992001,0.15631457068084198
0.15985146418465748,0.1809902306026365
0.14142215437286187,0.20389074368058993
0.12266818814667449,0.2078433216942856
0.093817294580127136,0.19702011873952002
0.062576818233391535,0.1765234679529436
0.031776627956104572,0.13730616463719308
-0.0023378128699808095,0.086637755544995185
-0.048714874034217794,0.036331861454868129
-0.076260000554850854,-0.015146631981499223
-0.12102205919891774,-0.066545760066762272
-0.16152029228388953,-0.10295024791254065
-0.20303776747104477,-0.12952342947113463
-0.23890211338205763,-0.14410605260269982
-0.25864867810970921,-0.14457550789155188
-0.28135857116294377,-0.13902055951629222
-0.28649053353054765,-0.11580867367723793
-0.27430096856008845,-0.083159285327700713
-0.25985551549118796,-0.054968172484970289
-0.23300869189785936,-0.021050698829369847
-0.18949685245305536,0.0052445411314838448
-0.14221519440583741,0.032720404996384123
-0.087496895117862475,0.052028538728967108
-0.032200322536263176,0.059195223856315149
0.017354200560743736,0.068197382054215924
0.055784797596917284,0.072578201614516558
0.090655628465196703,0.056676887921933233
0.10212091006357812,0.056286995619668934
0.10296461230554076,0.0456126519262098
0.085470987111499488,0.028732994070844731
0.060784521577175829,0.010666382175880172
0.018256398228789241,-0.0054775765650687232
-0.025510915013354694,-0.028036613350698233
-0.062627949837619115,-0.047521091610149745
-0.1007275146976465,-0.070900082031088385
-0.1254105522878724,-0.083198198664682588
-0.12422619504234557,-0.094893339183935083
-0.12088139676212704,-0.097753113213164322
-0.096602978416817115,-0.10951691804282734
-0.066571492393516715,-0.10805152457351591
-0.021625285729782825,-0.098007953355789296
0.024329646610149545,-0.087511397504498017
0.058833411127787304,-0.071779218068354064
0.098782906455026534,-0.046703248582418658
0.13082215601707778,-0.023351717158043357
0.14775254160560086,0.00054796576431107719
0.15800723864365804,0.03282288415589122
0.15328190358035254,0.059388956521224702
0.15218817752681635,0.085802055339404618
0.1401856600027522,0.10395459647382091
0.12618802846921279,0.11303966453989064
0.12118444220512117,0.1148708090148713
0.11739635195904083,0.11407908821672122
0.11437646347707577,0.097571092409465987
0.11462171546097175,0.084317201663470953
0.11903328326957105,0.059405229127258957
0.1186013059290037,0.03991272936738794
0.12600010099285566,0.017789504269061136
0.13223873209092218,0.0068388254127700696
0.13343570476312186,0.0024425607258220629
0.13995284961300697,0.0043976343052846206
0.13885242518465435,0.0098085777994727022
0.14010743399424602,0.034446881693267671
0.14322601417996536,0.052010545508737141
0.13620864936166568,0.080159193027362949
0.12618636840599917,0.097050493796719151
0.11763057945505229,0.098347585341121188
0.10283787659564972,0.093332570441592447
0.083978279948624987,0.0624107901795007
0.058405488728533218,0.029654887851791076
0.033600261328349805,-0.024006702723313015
-0.00066646901088552278,-0.064384851639034915
-0.034389944605010471,-0.11346483785953958
-0.059153714478836626,-0.16275237485267499
-0.08882547426973475,-0.1914717914957863
-0.10228631259886357,-0.20314240659645641
-0.11504624934695222,-0.19546928870625982
-0.1159100440764375,-0.16910788163691531
-0.10870352479741659,-0.1306784946531073
-0.10127911609978785,-0.076640788334464624
-0.091264198145644293,-0.017351527798077738
-0.0842901970355599,0.039181636932750792
-0.069256756962644203,0.089454628683516044
-0.071202222645201721,0.12612397294600675
-0.072131338353836491,0.1441031432671537
-0.086998897702594821,0.15239588368929086
-0.095783090550725897,0.13665030034274897
-0.11961361944575895,0.11441513530297587
-0.13524648853531082,0.069573373463219068
-0.14374758915510757,0.022786393943012396
-0.14743330062041124,-0.026982408439741392
-0.13864488391946411,-0.078471519750113294
-0.1222892553615859,-0.13048198403892053
-0.090522371184972653,-0.17281721092125354
-0.045923889779098531,-0.20825900804572456
-0.0060367490270219117,-0.22744979038794239
0.051282878529428658,-0.23380490992146649
0.088762627406768352,-0.23485189662747499
0.12063973934979827,-0.22753999758503735
0.14290748331895139,-0.19993638012563383
0.14302287155912571,-0.17392982077939625
0.12958395839620515,-0.13393519264540241
0.10171818924452708,-0.09458740122067677
0.070060695474531323,-0.042258749645900699
0.032925477784847029,0.0068785305664461008
-0.012169473489221197,0.061285778812478708
-0.042676058205442582,0.10188281681434938
-0.061978841530915992,0.1443460997615349
-0.083350739022676382,0.18476525994328244
-0.081025948241659623,0.21203771726180301
-0.063622211349842694,0.23049465773565936
-0.052883833208786805,0.24587719222522483
-0.030722233152696767,0.26004937394524502
-0.012249614198502972,0.25762105167952126
0.0014675554243171237,0.24540308127872798
0.0060149371671407688,0.2382214570514786
0.01354287577041972,0.21682632681966207
-0.011493214366609853,0.20220832828698287
-0.037282470031074516,0.17832290987742833
-0.071695584187763561,0.15774551904207459
-0.097711750799386793,0.1470682174470431
-0.12485081584954162,0.1397940748955537
-0.14329373335176279,0.13941665629094993
-0.15853529936282176,0.13848484788088908
-0.15995659149803018,0.1536917878301606
-0.14486636191927266,0.17160151175357793
-0.11430118428966546,0.18827642610464532
-0.083016260193329167,0.2066059061347412
-0.046269495943425262,0.2235672635634019
-0.004313043784434584,0.23115162504091877
0.021510019481138808,0.22782808247667707
0.055270675254702285,0.21383297968041423
0.069862950353986805,0.17719273299382673
0.064777636368668082,0.13438990877971496
0.054178231625078482,0.086149138587125362
0.035256255879639237,0.023372521863716703
0.013285118110155422,-0.049163922353431332
-0.0067103329716070078,-0.10127494091496364
-0.01975585298719474,-0.15341469056399382
-0.04135747485023876,-0.18624205059589777
-0.032801469070657958,-0.20283514759788002
-0.033267576558189065,-0.19774956460982807
-0.015581184910605285,-0.16832843461254302
-0.0079966734562044676,-0.13053380697909528
0.011290784081237314,-0.08184758049284703
0.016692771170929523,-0.039192281421291698
0.014889721937233116,0.0020908439067136375
-0.0012085478369543035,0.024999123275410134
-0.020974460550952548,0.040105789131846342
-0.046251281998916635,0.041396251878521813
-0.090867148914381413,0.014420276689697066
-0.13361487781727477,-0.013139865379692982
-0.16190313254285016,-0.049190237975358743
-0.19215565529890966,-0.070482315983029703
-0.19980703624764992,-0.09225004673243134
-0.18888549253760098,-0.10234282624849089
-0.16030492903420537,-0.090055741648104301
-0.11082148191473898,-0.058121974566728012
-0.051266331491360999,-0.022025682354733723
0.020656928383181238,0.024955977891423415
0.096286245632940373,0.065418325274465547
0.17037806133277378,0.10156995319581266
0.22430292454826956,0.11986360841050173
0.26774787702103059,0.12161642301719687
0.28984743026566073,0.10294758374395294
0.29019867444264125,0.060689335736797745
0.2688941605593263,0.0026661354737790837
0.23400491005826513,-0.074759086472085456
0.18429415952763126,-0.14384761669890145
0.12595591568411615,-0.20744345203538955
0.071153481755040007,-0.25773882592343667
0.010433367445025635,-0.28515950133393791
-0.044683679355351509,-0.28065841830197996
-0.087098299283836833,-0.26212108398657274
-0.12614542172495871,-0.2234199471532626
-0.15289849013267687,-0.16125143897065236
-0.17300372485109361,-0.10107723021982985
-0.18665599216732587,-0.033069051188500807
-0.19821647240016146,0.026767539741671672
-0.2002182981677896,0.07459615754471241
-0.20539735064692266,0.10690904176701685
-0.20640458063939657,0.11898638198263776
-0.19835263700814232,0.11495130702795907
-0.19641686519679308,0.090922512028760116
-0.18888708038419946,0.061334316999986753
-0.17959811661002983,0.020290373795257121
-0.16569034800403093,-0.023629052120547316
-0.1606631771885787,-0.057016516741282428
-0.14806426499372874,-0.088038314109849233
-0.13922364148986377,-0.11890104668914635
-0.12484138403697663,-0.13940900780045498
-0.11913101410804806,-0.14445488482880001
-0.092863963048934711,-0.14919098356345731
-0.079835426206673069,-0.15214252539388173
-0.054304486267490425,-0.15563889267972428
-0.035490089574099999,-0.14911993300458726
-0.007103624882265994,-0.15092276059490636
0.023893539488011144,-0.15187615800242521
0.062838421432186473,-0.14967718900547827
0.098368884474005533,-0.15226280032975675
0.14085456337791274,-0.15236059009150565
0.17231520953613508,-0.13717471291707756
0.19464917233713369,-0.13016790895457797
0.21015438287662411,-0.12091249177869284
0.20680263743804192,-0.10378897820180914
0.2034505430114161,-0.086906692947448877
0.17168236319756985,-0.066303020273932478
0.1417896216614716,-0.054805305974311373
0.10665112579959246,-0.039912673118839663
0.066568698992016562,-0.030181424395129348
0.032211124908946849,-0.019929147097996636
0.0037102755400068091,-0.028076380871957709
-0.014062119971836181,-0.028947318577690683
-0.028007186252322777,-0.04199683025065637
-0.028496213173667739,-0.060564811078302978
-0.024364374893144032,-0.078325561235081567
-0.021428335453885568,-0.10003320577788696
-0.01812811693794239,-0.11400073275695882
-0.018160253405482267,-0.12812270060180408
-0.022002107118753465,-0.14185072552060662
-0.039383797235198366,-0.1484058887236622
-0.067029604902276191,-0.14300180922773906
-0.093023593876359459,-0.14053134117442764
-0.1277907771034662,-0.13087700349393414
-0.14678371130126069,-0.11436075450236383
-0.17108356932737562,-0.092378530617576976
-0.17101858276022822,-0.085779682638787075
-0.15142056332471168,-0.078859621892255635
-0.12274425204303875,-0.077770808004014605
-0.064690260084833043,-0.08103331246369791
-0.0030612037037642727,-0.090615949682717842
0.067831954458402774,-0.099774069763115716
0.13833239031490793,-0.10962191276131375
0.19934143748170635,-0.10773254232391917
0.24394219427627173,-0.10682126709797578
0.25941974306005317,-0.091246918325847151
0.25832141488581417,-0.061450830059395979
0.23029749438281258,-0.021560445878366617
0.18228952813973456,0.023092051217247115
0.1269175931938662,0.069061949117347574
0.056074317668080874,0.10640169138113978
-0.008210982150260818,0.14331469128941096
-0.060040143389554025,0.15442074719867308
-0.10542123597355005,0.15363742565055405
-0.12924380619031839,0.13323480001214
-0.12980187159543996,0.088893217945757441
-0.10675767572514634,0.040966639229645427
-0.078622767088316878,-0.0055055025422022256
-0.043061717053628643,-0.069521831205386159
0.0041127134883854064,-0.11774091093377217
0.04713052556052344,-0.15240545163084049
0.080580225871122305,-0.17680031969392127
0.10634824341944769,-0.17246348357999505
0.11642661874527573,-0.14797832944626749
0.11447284007931198,-0.10822981727899529
0.094726079218787729,-0.047679578086443512
0.085263915530396917,0.024794294830719564
0.054231859673876281,0.094880385663538749
0.041450216916040519,0.16181235823254714
0.016840245941554914,0.23762955375561062
0.0028835936955680513,0.30011180155225881
-0.011536466686241665,0.34444422030879518
-0.018634767004377127,0.38752692054545829
-0.010565414658743577,0.40346108184061441
-0.01114660851502638,0.40171019356405063
0.0033358240343286721,0.38244102942520364
0.013045428238059808,0.34940108104202244
0.024967456739044255,0.29421301722697085
0.037770622829051151,0.23122936274061795
0.042745355662767513,0.16037392199147318
0.063504161537531217,0.079563360058042473
0.066751920522874472,0.0042515763994148432
0.087864697904916939,-0.060144349978983401
0.090109824507004291,-0.11560917652086206
0.10393528056454587,-0.16234972711795875
0.10837083047695988,-0.1940487341915175
0.1228226319400936,-0.20175337658011663
0.12120676565094617,-0.19014322346137977
0.12879405041804717,-0.16280784377283897
0.12289521945917303,-0.12120301634748104
0.1190935804077604,-0.061966954173889248
0.11194080474824203,0.003645434182315741
0.098449040056188888,0.065799724858121841
0.088452628830987132,0.12287197752191689
0.067394130695414556,0.17385717888426541
0.054145771410382862,0.21417973891301278
0.040643410724048347,0.23122013384991918
0.031841741952804932,0.23792063281652415
0.016800929946424778,0.22743602491879605
0.0051314517004068571,0.20875573164297806
0.0045721899682673742,0.17477889926504164
-0.0058965473221676678,0.14087846645628929
-0.0072915392316398788,0.098510082542331734
-0.013707687681037388,0.05739670763646422
-0.011541854945121098,0.026279751074589103
-0.0179495145501282,-0.0053071465384891105
-0.017524774027755631,-0.030513809657960186
-0.01771805527785459,-0.049704094813916327
-0.015151060423653938,-0.062360291123635204
-0.023821310047721901,-0.070824839587542349
-0.0266929978675986,-0.077870004289828584
-0.030036039384130936,-0.072642012776623674
-0.032862700339089924,-0.06485095763323008
-0.04697881171117034,-0.046322688914791542
-0.056336056364987293,-0.021671953003598518
-0.060574097310161341,0.0089257290381526827
-0.074522831397013101,0.054507038551204839
-0.081901328327944473,0.091035323975816915
-0.091698901432103894,0.12985675651375667
-0.10868912513032654,0.17778503976908414
-0.11185283000810209,0.21183224468608952
-0.10149140328858818,0.24795796373845486
-0.10013561204864734,0.2729353886114278
-0.087234849238073148,0.28771508467380313
-0.08362994273627683,0.28759192070738337
-0.062444490117673869,0.27142156437910037
-0.049557160851238104,0.24521372753288379
-0.032338563421309204,0.21376377659125165
-0.013850552926800227,0.17648814801281035
0.0029619511061692704,0.13154628469709023
0.023671072567141065,0.083982204581410522
0.042242243356641652,0.038264467778748805
0.0607668587128374,-0.00037452855545128116
0.084411560001777075,-0.029205596485934359
0.10078513425916141,-0.043678919123571157
0.11955416572783013,-0.05519978059648703
0.13557158509995329,-0.0491405363746052
0.14780953097552063,-0.037430246669149785
0.14552655154749686,-0.010675686091760072
0.146503917180548,0.012905706226195312
0.13779724570570009,0.042160201353836191
0.11349267524870971,0.067274200356909883
0.088476875351834419,0.08355405167707225
0.053873338138072456,0.096622723148017606
0.014940684303574836,0.096381977871538724
-0.02031546466213887,0.092153598811283516
-0.05766833958566165,0.092268910737835844
-0.081897762901697688,0.086133973328974017
-0.10043995623470585,0.08371051477829887
-0.10608020905927974,0.093132437950605468
-0.096798940483008508,0.10715579099849373
-0.077929518845836446,0.12455008124443108
-0.045811695763156655,0.157874382668452
-0.0055915900430535629,0.18094587660784409
0.033953923747932491,0.20505496570147655
0.072550377687481502,0.21725198193053941
0.11089806963867466,0.22429768894637117
0.1242119549971666,0.21536745612637503
0.13807297166181731,0.19455599684925326
0.13052155441337326,0.16694106645833612
0.11755068041333695,0.12345911925635919
0.090174113996471308,0.082518951404729216
0.050452086212371079,0.042277400250155889
0.016257399770330465,0.010698112862978629
-0.018780528052949913,-0.0064474134342902374
-0.044557606209432998,-0.017073451832235735
-0.060938283920238846,-0.0069653074405690079
-0.065790354959736119,0.015522536498205085
-0.060235855887673169,0.049598994901516036
-0.048350885656413913,0.094207660463977633
-0.041048262965489378,0.14951029036105959
-0.025059379933553082,0.19331504612872324
-0.017797797009384553,0.24816177769967571
-0.01417913491796432,0.28590375075988783
-0.015803090459445147,0.31930510783646737
-0.018529398910393846,0.34563979775839682
-0.03918804007995591,0.35636647422074563
-0.0601300217352305,0.34972893788645298
-0.073266244552316742,0.33283476363690728
-0.095891201738249318,0.31413048333656091
-0.10395973878868259,0.27147149429334527
-0.11624477276195204,0.23330289315513214
-0.11118085520026985,0.18585945107541679
-0.098269608147933313,0.12770532745765237
-0.084709171165141525,0.076583474855853151
-0.069018338781228344,0.022217198573275396
-0.05634134967837779,-0.016746717409325384
-0.036306306343206481,-0.055743622904353758
-0.019696671744118793,-0.083989565929940391
-0.022743611972442665,-0.094113574881245193
-0.020378658793980903,-0.087063928378699557
-0.020822393983111476,-0.073157944560329993
-0.030251364946057673,-0.043287123503615681
-0.046770519576826396,-0.0041175628811172061
-0.05906909506492921,0.038236925249862011
-0.08031643022557719,0.078918188352562715
-0.10107621501626074,0.1228128017247162
-0.12000142458055542,0.15397196274663449
-0.14132145724048195,0.18014994833597717
-0.15496969163215618,0.19521485800564833
-0.18258473101414147,0.2030240744453419
-0.19605196271514663,0.19640968038298517
-0.19923148319419368,0.18007101742014181
-0.19765752649423549,0.17019884515437586
-0.18792170351764556,0.15589444231992278
-0.16850774881836134,0.1451831961544652
-0.13671800032260056,0.14313112639018674
-0.095616170574399528,0.14828442568187641
-0.05314247770908339,0.15325877530670381
-0.005759082573763381,0.15591986692166801
0.039170195966064789,0.16256972009327728
0.077832608111789284,0.16426381643282773
0.089603938165896735,0.15827661502926146
0.097108314693091294,0.15407727972000881
0.092292343826062009,0.14391643110123414
0.063042222777033655,0.11384606753259233
0.024417836366129181,0.089958259885841524
-0.019393876397309023,0.045993641390910216
-0.067336062657230425,0.0090885671642613793
-0.10830887968892039,-0.0323769065146488
-0.13784390866594184,-0.078391856684136035
-0.16298889273524811,-0.1221032498382538
-0.15964434023768614,-0.16161399953641531
-0.14678994620272176,-0.18681622400991882
-0.10569387266440967,-0.22831461296982225
-0.063631077992838486,-0.24636620918621582
-0.019003047502413273,-0.26104320573502637
0.033358147601272127,-0.26228771386856647
0.078934372515687454,-0.24892521506466808
0.1160720885484167,-0.22823187605798995
0.14938059402702963,-0.19220717276489743
0.15962137648806007,-0.14244236572559169
0.16017125316924241,-0.081871105528030466
0.14794974171011227,-0.021641017279629818
0.12784490784962485,0.0362773945393456
0.099915961777345172,0.090093704617515188
0.056695014114700883,0.12937785455766063
0.013887766174583208,0.14680369485779374
-0.02690433461456973,0.14949005017324596
-0.07335288836282336,0.13422403299447358
-0.11612162836848568,0.098963769876666163
-0.14736392384962721,0.048348114392411816
-0.15973593743497885,-0.0089535384580073651
-0.17295150929667474,-0.061335166675915771
-0.17751354121825599,-0.10478241840880015
-0.16708777054585189,-0.14734255274246766
-0.13586011117617919,-0.16823544173769206
-0.093105088413759418,-0.18109440652189529
-0.048114670394967633,-0.1850124681675927
0.0095608110083965532,-0.16786967108209092
0.067913419186685781,-0.15783127532348126
0.12785796905519534,-0.13811286027872666
0.16898375007178656,-0.11652558402822158
0.20168833141787354,-0.096549458537362701
0.2205558152050881,-0.083698064909267192
0.22195516362263498,-0.085982547110331292
0.20063621941386051,-0.08020725269531756
0.17371624602274938,-0.083227179205517365
0.13064136291390449,-0.092788217691344987
0.093374788816948703,-0.1052529751205703
0.049221861718449285,-0.11676254403981935
0.015647486536685358,-0.11962936580746872
-0.0074681377603109233,-0.12388668169844025
-0.023679601092626727,-0.1200318314794325
-0.021657303763528542,-0.11984766839278607
-0.0075968826420240356,-0.10499779144784496
0.00081503594382324566,-0.081554046950353648
0.015399758512980435,-0.062987093110970088
0.027979871604587092,-0.02552289139044505
0.031325527365569414,0.011039486119779762
0.030704577155857331,0.055960758748957506
0.015080413807150139,0.10721379612871997
-0.0018280268633197472,0.1623602109203941
-0.034771023660469816,0.21080054549420127
-0.055784509819001384,0.25066402648782354
-0.079567433666829862,0.28545191164014772
-0.088532749563872762,0.29492800568204519
-0.095118510243547255,0.29555483151482093
-0.086785723056037101,0.26638996342552734
-0.06415770189434862,0.213037816077707
-0.030320481784586954,0.14969713403840931
0.0086295388681837757,0.068650219737365431
0.039876035944091191,-0.0084127779556604325
0.071962991673399812,-0.089007720102504059
0.088249965371013844,-0.1488295399749085
0.09628027707077752,-0.18747479357625196
0.091585141307245502,-0.20455505717978081
0.070642105517907658,-0.18573518498991801
0.044837309180758705,-0.15164019828118544
-0.0011749670077494112,-0.096835420202916245
-0.042600834863796483,-0.031985563938761355
-0.079709119404746245,0.026976476963057584
-0.11541855669085445,0.07865806251460554
-0.14311382932986205,0.10758005044227419
-0.16011540794443277,0.12132209359234065
-0.15181922637267162,0.11422969821587721
-0.14199336957785466,0.087326289966664986
-0.11886146070362809,0.054533371526717632
-0.087121034911632894,0.0065725817300752182
-0.056628926665624309,-0.031737385159262825
-0.030599868539672434,-0.051545559953436675
-0.018219289366379773,-0.051108802761462971
-0.0055536289836636207,-0.034181268285276602
-0.0061269817791797746,0.012189591391422953
-0.012111734331525412,0.069331414824160179
-0.030672935102449464,0.14078147253966458
-0.043384175631796341,0.21648330059013371
-0.054929224144344473,0.27738325783929518
-0.060244483963042265,0.32424931926489231
-0.057309195530807468,0.34317822982633633
-0.049414794779531243,0.32908335710067282
-0.021784326940141062,0.2915180909282391
0.01779135938614914,0.23384562100039008
0.046767454966432184,0.14490237563615294
0.088798138962769266,0.060346533859164365
0.11023232017715287,-0.0356303431234236
0.13524785280509785,-0.11991356283475027
0.14644677177273038,-0.19715566273602536
0.144118515482416,-0.25830456601667517
0.12180876980381523,-0.2830854086866289
0.095305831658167056,-0.30413043686204383
0.057708217354147752,-0.29701895435837355
0.020877709773932607,-0.28105062779123718
-0.012193933195907386,-0.25591416103149595
-0.043900583069476945,-0.22816153817705334
-0.063368401594560211,-0.20313094528849499
-0.070903498909826446,-0.1738183998077934
-0.065480287554582101,-0.16196360141430077
-0.044538946298740133,-0.1562541099561032
-0.015365301584502706,-0.1529368050464712
0.019921616679219774,-0.15164030866688943
0.057668019294073156,-0.15078218664545792
0.090175013610393998,-0.14721300859402969
0.1210595720518525,-0.13564421813418692
0.14640419940358165,-0.1247120903377231
0.15349695089895557,-0.11300816632688156
0.15312162619786401,-0.093900553757191071
0.15470071765125107,-0.071843370043899596
0.14105046657707804,-0.054669467676870913
0.13025840047087694,-0.043854950365077208
0.12835863251093446,-0.032533508305203671
0.12227481811550477,-0.037840033628495383
0.12033761919591021,-0.044538697141423542
0.13770925780047369,-0.070667291442344168
0.15471525277339573,-0.090790139941696074
0.1687801729280255,-0.11286349000850297
0.18073391960895005,-0.13659484275010947
0.18126355502458344,-0.1440280146758503
0.17945753671308126,-0.15466863038467799
0.15578784382713479,-0.1410456155468017
0.11390653769226555,-0.11615492241323105
0.066263725658772532,-0.079703319748140322
0.0097450459687359863,-0.038626568757807275
-0.049517706294261117,-0.0010970878158801821
-0.10491157624608462,0.048615972759536122
-0.14862114336040949,0.084262771402639713
-0.18377538330069013,0.1062775930420488
-0.19744800389608058,0.12402740945681461
-0.19131326675568433,0.12410783439405314
-0.16782645905034724,0.11634386838197831
-0.13069830098350302,0.077954495340163896
-0.086045371882271279,0.050465533677963914
-0.042311978411635455,0.0053997446222635009
0.0095691545088798027,-0.031240800102853083
0.049214421012086673,-0.063704058202104244
0.071571794254943241,-0.086849113345530915
0.078686730238928804,-0.092979234681983908
0.077409169048715018,-0.081696383508298609
0.050937882648462322,-0.066029626696934393
0.026666475825556216,-0.027147850972822154
-0.021536559160694108,0.0014987466680658214
-0.068034092807288171,0.03249730227450736
-0.11769636701642751,0.069264714390524423
-0.1633351847601715,0.097971180932928406
-0.20316224970087293,0.12823690616754577
-0.2303426068499424,0.14521365661048424
-0.24703305756888083,0.15516214459398411
-0.25507946341249133,0.15873467118454931
-0.24970280547855517,0.14641717382281783
-0.22771076469166035,0.12653920043998995
-0.19376438841251192,0.11464201558598354
-0.14565128616013798,0.093634590888905578
-0.10092536554153454,0.056383608768088837
-0.038748435440999152,0.034022382345467193
0.016182475375153875,0.0026289568803508695
0.075053652280022323,-0.017289609494820751
0.14005753146143432,-0.030180018198801308
0.19039801702795048,-0.033585007450390045
0.22965217862922743,-0.031993966471859023
0.26348868215753718,-0.018861727218053674
0.27445211920989721,0.0094690155816292074
0.27553862587721889,0.038659561382944449
0.26263236325806499,0.082629307092365156
0.23901999066750906,0.12231155525482498
0.21039572279315435,0.1617412771447847
0.16767611098670929,0.19609184111046779
0.12638026414888756,0.22093178491084542
0.080262488621856642,0.23650635624572258
0.043751688832699837,0.22578331753783884
0.0073583276544280946,0.20861857020064928
-0.018367068802607057,0.1733662170584376
-0.044489806566380102,0.13123004043119507
-0.051916480092469512,0.072900780489253733
-0.059921309458059936,0.012558793330321321
-0.063907766794321252,-0.05062316812621237
-0.061123540938034758,-0.10316942073249059
-0.05987062627666067,-0.15952189116424401
-0.046715293385629082,-0.20486745878214072
-0.040094696897689734,-0.23671864358436798
-0.026643942152508197,-0.25159183810520086
-0.0096918967247007787,-0.25849089563696614
-0.00068374321159775028,-0.25172316507826858
0.0091753507807918033,-0.22610670101373959
0.011806941837511908,-0.19383582284719658
-0.0022947791283910082,-0.14476865979979506
-0.0028252663321172832,-0.093062528668335226
-0.020578581948450601,-0.034819846905153586
-0.033285792369708599,0.028089065958580961
-0.056943334490991905,0.082053587515470067
-0.064755174384245801,0.13511544640923737
-0.064507604563337415,0.1772507174280995
-0.05781398707374185,0.21348954732040071
-0.034077305021905813,0.22963319126157469
-0.006093096753363619,0.23484311522441637
0.039707274761063484,0.23018502396060006
0.093661762857824363,0.21379750536191791
0.1367220796362684,0.18769803955399206
0.16228373060883067,0.15907314038545273
0.18856106568011144,0.12617443614648571
0.18117999625056863,0.10294710663105786
0.1539847514364043,0.090056018949409178
0.093360563038509051,0.075496358196372709
0.028897259755473012,0.0755188727523049
-0.049313742444041714,0.077790279418868541
-0.12612567588095078,0.08745606865067046
-0.18425931215447788,0.099077270249029889
-0.22295914610831938,0.10780066037540791
-0.22856171754968135,0.11667518769179422
-0.20331321720416967,0.11976551488035643
-0.14757604883560319,0.11616448694721203
-0.064176189197107616,0.10712068016883955
0.021087221772016523,0.095689899103594142
0.12167097703781415,0.08148847816695208
0.21360526624828385,0.067561571598637404
0.28789408478980505,0.049352295742757846
0.32851928854485507,0.03732446972182063
0.34493625753870394,0.031445142514930448
0.33244474905024352,0.036645299778699701
0.28718918976179714,0.035696489116992504
0.22444177416928052,0.040931990890811523
0.14649913464883327,0.051018194144954551
0.070047838552372094,0.054587987078285605
0.0069737291484699001,0.066513729485191977
-0.047708625369042738,0.080401965682401752
-0.08242859435464224,0.08868985725587715
-0.091620361759211191,0.1031199408351612
-0.081254783442898909,0.10770056708717092
-0.049391828159471199,0.12047665420972552
-0.001256758804357128,0.13030184734954067
0.059229913900094404,0.13286812692116551
0.12278379006310815,0.13328918063386488
0.18824127905902285,0.13345027310335719
0.25513472805945031,0.11863708649938376
0.30951473618792885,0.10959590366506387
0.3442218649785016,0.085674874455323777
0.36789452795400912,0.059136702918318962
0.37390781429795517,0.036599062864715579
0.3684038335394515,0.016796716666963984
0.340805194170681,0.002674050377225172
0.29254652193858416,-0.011503982585215723
0.23120745888478067,-0.015390837326800272
0.16418396905449206,-0.01787223824464149
0.083809545046133818,-0.0091692393745186618
-0.0056044765310547268,0.0044352822176158511
-0.089187913659812559,0.0049016804600606773
-0.16357930175034435,0.002950907749672787
-0.22535402799805515,-0.0010709203044297136
-0.27082838873365317,-0.014231972295203184
-0.29218883249963251,-0.035160470359153803
-0.30455401138537347,-0.066421919723681958
-0.28929176240951815,-0.10095350038633455
-0.26416070765483435,-0.14104390105522616
-0.21512396727592384,-0.18188708241144791
-0.16318377117049596,-0.21125697886712985
-0.10164988540771426,-0.24455797585623421
-0.039743167284182181,-0.25739321835789242
0.030180536108328278,-0.26379179709140244
0.085851040150802124,-0.25578196184270741
0.12938251552760499,-0.2326627155120839
0.16444354405266487,-0.20572116931238693
0.18266769696491214,-0.17341047543283233
0.18481203143757918,-0.13048389078002168
0.16880657662766932,-0.087194663695346133
0.13378201055830913,-0.046667483470654129
0.084129548323606321,-0.0040504432161832101
0.033030552147802109,0.035135332104087376
-0.031935634099446338,0.063428770936497861
-0.089188931194636015,0.090792237533646139
-0.13807948009566182,0.111722314703457
-0.18349750928043529,0.124440527738807
-0.20515700856900174,0.12611914854700915
-0.20604252636431328,0.11655404685285591
-0.18468676868447342,0.11478950133868106
-0.14408576870093562,0.091095948820141368
-0.084363916069620182,0.077522028053566297
-0.01690175886761023,0.046730750119747859
0.062597419864994952,0.025885167518630077
0.13868331794618463,0.011434569913008424
0.1988547727640691,0.0069022322609726527
0.23847184474647723,0.013695725074890204
0.25960178266593692,0.031970121243753757
0.24579878997742288,0.056644484105031034
0.20953686143852523,0.091760335844305124
0.14943924238770195,0.12876194780365896
0.084926657510525125,0.16534992735740595
0.011364063274260011,0.19863563863467987
-0.05664809894658774,0.20893566259671018
-0.12262847024788288,0.22076836955212639
-0.15450159520701859,0.21759924922637244
-0.17917765568730221,0.1920747872782608
-0.18058124508236986,0.16040071293420807
-0.15761518786398296,0.11572491501217823
-0.12801342840568558,0.07253188574144101
-0.098626730354000214,0.019496361936653057
-0.064572551212434562,-0.021790598345973657
-0.048362883496948859,-0.054424297551801955
-0.025510982219741012,-0.080753672674473476
-0.025019875339070401,-0.073433718018378058
-0.015236390266765569,-0.068863715331118999
-0.027742208201279712,-0.044682746860313136
-0.032592669594800859,-0.0057379495907174489
-0.034670224851775851,0.031674629086122862
-0.024854028683372102,0.069949846936957077
-0.0044930060188197035,0.11002322298037723
0.029339829070500166,0.12914266084211376
0.072842141178008704,0.13972477411556877
0.12368890523402681,0.1512190593369255
0.17202147224845649,0.14786980537094382
0.21812826418998899,0.12870770471299195
0.25790336725178803,0.10625788734191345
0.27977423263902984,0.087442443339106377
0.28476603740468914,0.068878432750881444
0.27200738041766298,0.054073037816286966
0.23663936542385605,0.033552231742771471
0.19862541088900648,0.017525810556988777
0.1416865875897233,0.0052557509081204209
0.07997378117906509,-0.010628997261738625
0.030246334063950886,-0.034100089334362434
-0.024930727017159968,-0.055338667917239272
-0.062342273605337721,-0.092129355376496372
-0.087379468374552641,-0.13255685451561047
-0.089884366747807018,-0.17445778101079321
-0.085431640089905309,-0.21485701374298941
-0.065614318785534045,-0.25310473110502119
-0.0390756126100213,-0.28333409044760133
0.0053425773455917213,-0.29943335977055624
0.039298576261693335,-0.30021947655657877
0.083319520424616614,-0.28285418001559065
0.11340249331863148,-0.24663448061112025
0.14371395053104155,-0.19103007054497753
0.17353180723467479,-0.12921813101962551
0.19094450477523342,-0.053644985263915965
0.19826032340475375,0.012339225172724462
0.21112131211469548,0.071150850646505892
0.21104834340084527,0.11563382785515261
0.21130464832142151,0.14383764925572307
0.19223413076642162,0.14336107515170843
0.1876193927852963,0.12538784064284506
0.16593903990762948,0.081244830145663624
0.14901190530686492,0.028348905191812327
0.13194429791541956,-0.039561160780477951
0.10407701149521323,-0.11325402523816608
0.07763914551336043,-0.1672121931164042
0.049780823829667073,-0.2165868319078452
0.026671271363910544,-0.24435073856128142
0.0050791021409238102,-0.26041791867975261
-0.022519555740339217,-0.26014702230487735
-0.046307845964331344,-0.24163620270010588
-0.069886398372606046,-0.20819069743200153
-0.088534653810979719,-0.18001340949329711
-0.11084069529364063,-0.14724808435053749
-0.12940183542273201,-0.12278546392729947
-0.14949105223836026,-0.10328471140336058
-0.16865904028358711,-0.10632762148515316
-0.18413424894422628,-0.11507970918704452
-0.1993195785259847,-0.12193807231234408
-0.2070183489790009,-0.13393877525029502
-0.21054098276377065,-0.15059109597775511
-0.20964186023187614,-0.15701531109423411
-0.19455320069751678,-0.14960887160151876
-0.17743247472786361,-0.12970568817041556
-0.15409654969147907,-0.098505486472309389
-0.122397864849618,-0.051008875322035206
-0.079660255196401936,-0.0097077115360005156
-0.037052201476248471,0.044002362884234911
0.0078814850138327324,0.078094878518725167
0.053849600753739874,0.11065461219275655
0.097111917417446889,0.1247167597592993
0.14633496209247504,0.13562666587788569
0.18140057848840277,0.12159748468718543
0.21155894916261508,0.099973342163260107
0.23353891216131173,0.06774737817448509
0.24621612093463813,0.038665001420141898
0.24250634670323179,0.0041136844458516094
0.22388424413848457,-0.015338844912080162
0.20944075451912203,-0.030218924176425698
0.16996353028250527,-0.033498827258435837
0.12315361495877022,-0.021075700249498053
0.065523082797523419,-0.0048320109283080974
0.0049389945899759253,0.016170899184786817
-0.052245736191644195,0.035653874354184288
-0.1173603401767865,0.061307333486037938
-0.16393221246076994,0.075076436146042619
-0.20217976303773197,0.080186683186619451
-0.22937270233653256,0.067911748405561065
-0.24680332680502248,0.050767764251022494
-0.25410294392889532,0.020203625496792197
-0.24422692873580509,-0.013502013795793476
-0.22665983712404458,-0.0447069072276782
-0.20540247142043375,-0.0860642559915345
-0.17478631975253076,-0.11210515184618121
-0.15020579952564628,-0.13925073904343419
-0.11687742459139812,-0.1578741047821785
-0.089664866875199756,-0.1742767788782778
-0.070468951703447857,-0.17579789344191862
-0.053603943490543822,-0.17000533137634269
-0.037384733465073969,-0.15270586447818518
-0.033516566889112774,-0.13572103968037141
-0.027950638892797398,-0.12176184855587843
-0.021789456955000223,-0.10301317139581162
-0.027883574589861571,-0.083924052805842628
-0.028064865732374655,-0.065652092672716489
-0.027449064586547903,-0.042617013794332546
-0.022615229283528916,-0.026012436235004106
-0.025928497066997576,-0.019053272982086859
-0.026498262647175058,-0.015087664733873477
-0.026096347846248889,-0.023720510576933865
-0.022154356332909082,-0.051151224838006167
-0.016040286591940421,-0.087099903022011094
-0.006831232954647647,-0.13289566031570907
0.0010253574056794668,-0.17881623620840045
0.0098734841059316299,-0.22811292444724204
0.022657693669602137,-0.27999013498855696
0.032252773295510358,-0.31781921035961458
0.044285218855180115,-0.33089971210594127
0.053709944521727206,-0.32878254239905635
0.061056265772231569,-0.30362148141721812
0.051178524893230395,-0.25875599603984056
0.058726083559470892,-0.19301094509190578
0.041580714288372629,-0.12028307599604296
0.028157512906828878,-0.048264420069497209
0.010127516431140479,0.02611275432469775
-0.0091838390878073422,0.070000453949445915
-0.036742696987396802,0.10282308038769818
-0.057188453803364812,0.11418185381907368
-0.083770275921228252,0.097648440370957129
-0.10616810195777389,0.067484573553007091
-0.11536319763966378,0.014912669001671031
-0.12706896301843651,-0.037620294426737505
-0.13200375458552197,-0.092663543402769943
-0.13711955349418578,-0.13572218510306516
-0.1344791468845721,-0.16984789690205129
-0.12543171930631039,-0.1737437308287432
-0.11998399465115493,-0.16427012795150633
-0.11072614465219108,-0.12953607161173772
-0.087144442328732946,-0.078335676562920314
-0.072414114175377395,-0.02050853504712144
-0.054664329745921107,0.049934174198194327
-0.025851242176652696,0.10934023389348026
0.0061003592726494964,0.16749715251212322
0.030119568326703115,0.22132037696117274
0.061024990099820015,0.25376930637629691
0.075038903214459329,0.27030779880913414
0.10024224738808746,0.2829796167446097
0.10741441818743828,0.26811469697386786
0.10230861593702383,0.25445051908056626
0.093113269573415522,0.22390088934988764
0.059531387370082407,0.1868739950872374
0.017285722756154365,0.15232136780973016
-0.021017642602178116,0.10263549271008654
-0.085501010875902075,0.065606590588809147
-0.13647834755581009,0.027079452705645546
-0.18641313888700012,-0.010770902225287132
-0.22162280029744649,-0.033452067453524227
-0.25272861635012051,-0.051808199686152932
-0.25404382916511348,-0.067274280378219226
-0.24127350501257322,-0.069898916509170628
-0.20534926303015291,-0.057806468585800248
-0.1608645753658631,-0.046169212404875273
-0.099057734331222821,-0.015551596304721457
-0.034562892050022519,0.017992819027381791
0.029440201478464198,0.049427015204725665
0.095379119267675866,0.10015141864140466
0.15586785715921986,0.12752885743460152
0.18929267365339136,0.16910802030855107
0.21698279972638507,0.20120508136176063
0.22380338187145837,0.23110134168171889
0.22534714268497319,0.24875482338256319
0.21802605340268061,0.25082998889744024
0.19225538173083451,0.25173274837131915
0.16076650821014418,0.23579071333733403
0.12306554782504613,0.20837523324487356
0.089548132539185921,0.17988832424692761
0.057097728967658072,0.14634545822473977
0.033215595261077237,0.10203229415988785
0.0014968674464746583,0.071255899342795373
-0.009802539446682081,0.040007973994620888
-0.027100596757959665,0.017988794895419932
-0.042948396898362405,-0.00052978305272120309
-0.038409235038867305,-0.0034814026935181116
-0.034042349337873631,-8.3861755876455356e-05
-0.025576329937997466,0.015628990370447723
-0.0080292582968735492,0.043527164706928398
0.013976023286718847,0.06302537203024719
0.028524262553345552,0.089092989517986457
0.045456309617849432,0.12419112296779432
0.048359124999310582,0.14799339654156454
0.044694978490223976,0.16253488162460569
0.034976373019813982,0.17958846044856419
0.012663316461465936,0.18825923401683148
-0.013436987372117641,0.17840815004900973
-0.044605764769820089,0.16497472228276241
-0.07324958781070022,0.14056042753935383
-0.1034872622505511,0.10492649110698611
-0.12631587069813552,0.073294202968864589
-0.13876275767666804,0.018808605459051567
-0.13582049689739234,-0.02980632331278275
-0.12074344062980967,-0.081421781383019504
-0.083489523724776957,-0.12972947085552702
-0.049071808479925254,-0.1706893549662207
-0.0092241997494709443,-0.21611966652392092
0.021744004234480231,-0.2380641669923973
0.056892747865727976,-0.24933870498863292
0.067961247997043256,-0.23994344785852828
0.062084131259604429,-0.21063112980151119
0.044061512326266684,-0.17546166314709702
0.0056553462241371519,-0.11797650942012028
-0.038355716578267821,-0.062014884703064564
-0.087605862097519333,-0.0069525257628458926
-0.13360723965490023,0.037121165487626978
-0.18241636187016944,0.080288395158510509
-0.21946892854693795,0.093697240147057381
-0.24636173345206597,0.086090089069266795
-0.25497485892129046,0.0617507525905698
-0.25202208674686238,0.019942965489725573
-0.23865585153814342,-0.047429415234952026
-0.21490760799930406,-0.096652322734347026
-0.18812577359365656,-0.1482276760415687
-0.15629737894629908,-0.18210632760366077
-0.14001788456993206,-0.19065771753123759
-0.11214501262083117,-0.17264399392856722
-0.085992641269996103,-0.12641179369244709
-0.081819833038151962,-0.06604241660330655
-0.062846744576820532,0.015946423797782931
-0.058311976028019734,0.10176405810746179
-0.048290389303376945,0.18195893998232643
-0.030436478927721881,0.24344727315582176
-0.01711499456848297,0.2934818797323816
0.0087047086093896917,0.31223503196328861
0.035615616268674627,0.29371799812970406
0.066576025894761665,0.2604171711152779
0.10143535502983697,0.20225808204434678
0.13909105755399445,0.13526733329678509
0.1653376754075018,0.073979194671676393
0.1867041038304022,0.010941746814342311
0.2062898121408836,-0.032029497161183022
0.20337984254593722,-0.056132291226417642
0.1986338764954815,-0.057803008075358868
0.18473892522798621,-0.045258149034226654
0.16675565345239171,-0.023506439024349009
0.14341742112029887,0.014868173977654459
0.12327190372584076,0.051102327809877814
0.10436121915649124,0.088157736927244032
0.10251648009131875,0.12068744011488694
0.10396453974349967,0.13517252196072946
0.11432579312924339,0.14529001988816878
0.13293780705257563,0.14532066405916133
0.15296387761494429,0.13520187406800185
0.16933027070582768,0.11402905006809397
0.18339264956216494,0.089545309135216369
0.18787140190777113,0.060783025111210379
0.17760193033175209,0.041449447637236646
0.14753151933857861,0.0095349461695418969
0.11500651125881572,-0.022165210423179309
0.079589748083083875,-0.056478280670924218
0.024780272679402554,-0.076938508631372166
-0.0080849705296967573,-0.091531172281254555
-0.048097855719495403,-0.1008495290093798
-0.060935790241178352,-0.10262859925952235
-0.057787735735524697,-0.098666935607404263
-0.040300107257845066,-0.085015049484369012
0.0089035688292224014,-0.062472602915248997
0.068986180885205028,-0.034343763389998117
0.13496098639861576,-0.0019226729908943573
0.20256688827479555,0.023959709206806123
0.26859530307219603,0.054946638001926326
0.30655446773895517,0.066851257216768906
0.32947040051801946,0.069775379112021058
0.3268381213316971,0.054964830600408993
0.29470963073519063,0.036920644443034577
0.25262334963286731,0.0013214018351163275
0.193344285568358,-0.043306933992182321
0.12436871961190001,-0.082868123529951945
0.058725321554931709,-0.12044815176703949
-0.0082240061703391116,-0.14673135309479943
-0.055472378673842367,-0.15131087842921737
-0.088246331106802231,-0.14285200286962227
-0.1041169310379388,-0.11687951199705923
-0.10241516489727699,-0.084691341561443076
-0.087883270929300317,-0.021482835061998964
-0.061185155077229623,0.038233144773052119
-0.030361147198437008,0.10589583858178471
0.013102106123428232,0.16055515515334076
0.050935992234557033,0.22550444219122551
0.083729587078599399,0.26691550099292233
0.11550155480998027,0.29061549398100828
0.13519484432129544,0.306618305604761
0.14079883182393049,0.30058367281674525
0.14120468597903532,0.28358197619777253
0.12922432630527267,0.25864055111703621
0.092263317374511059,0.22445901841357008
0.05689992155862731,0.18763087561438943
0.0096779129830902363,0.15424970993151677
-0.043385759541465098,0.10893416144911056
-0.11058096468214483,0.068490411604108334
-0.16789257094189208,0.033131847865255706
-0.21857508040713466,0.0010947414524296655
-0.25294321836606032,-0.027296965857788642
-0.26916106790043259,-0.048387069899010288
-0.26890729342025121,-0.065642867274872285
-0.2386947088342028,-0.069102216564661229
-0.18541584249432494,-0.074974028067577497
-0.11648553955782391,-0.074108578263526889
-0.027328833090508438,-0.056768551973989778
0.068543445183986348,-0.038471887281663057
0.15679834385549105,-0.020233155893675556
0.23687783313242305,0.010054806482728806
0.30083090735393087,0.038569084399841164
0.34299075520410238,0.068745190374982612
0.36482786759819968,0.093056356754886688
0.35463932131301062,0.11043735547280853
0.32604364451910062,0.12656635213942596
0.27216336769851479,0.13277970330330396
0.21053375493609316,0.13369897542684159
0.14724491505997209,0.13253013067169031
0.08739311964892886,0.13756974841384617
0.024434393134031368,0.13471304265725215
-0.025911287396288077,0.12736674761525479
-0.070935669959261705,0.12794332729708044
-0.092571660947724163,0.11868808347626844
-0.10682317138722743,0.10839629014542015
-0.12857765314142885,0.091106029723869636
-0.14191218444653228,0.073971089615456662
-0.14336648224978712,0.046112314047025982
-0.15274253699558929,0.015305547067126793
-0.15329413457311089,-0.017605234077204646
-0.15763476341422028,-0.055159632403889762
-0.16323222544060245,-0.089778675210645476
-0.17000245267037672,-0.11454003553157148
-0.16820337447414546,-0.1373347099092242
-0.16343616042470877,-0.14772204501061914
-0.15537414630377322,-0.15857004286874307
-0.14641301412803415,-0.15140672167861652
-0.13695179857120557,-0.13873462795487532
-0.12715429490384625,-0.11727662998715753
-0.11269497053749496,-0.096290262167894755
-0.098027577013689443,-0.064202825806796746
-0.092697980318693501,-0.04302066925667488
-0.10005247725554914,-0.026266509396217341
-0.094024029567357989,-0.0099308911009016732
-0.10965594604648193,-0.0015625510522054202
-0.11930419080229045,-0.01134384136292237
-0.13107080469650625,-0.020467687258455387
-0.13818838906770181,-0.041860301738813346
-0.14385540451115802,-0.071243269580624935
-0.14251815021435402,-0.1006153250545271
-0.13451020934643332,-0.13733680246198754
-0.10574220359432784,-0.17748215018591249
-0.08247458500898712,-0.20133501625671352
-0.049178901546895221,-0.23331970861441592
-0.01832444088964208,-0.25170817054420097
0.019116885272432056,-0.26817399675425319
0.050731300214646204,-0.27289578216608723
0.077281586590668486,-0.27254213017474527
0.092464251686953505,-0.26158320417757436
0.096408795083237672,-0.24536606421676105
0.092121971302603231,-0.22398230649533954
0.067277236838626575,-0.19121224144881288
0.041716444517788574,-0.15591138286540918
0.0052632030488839431,-0.11965188795930531
-0.044134144546360436,-0.074136302340542221
-0.089102376849607881,-0.023918038186604786
-0.13287121174119718,0.026561209495964945
-0.16871828985125892,0.072885182252878419
-0.1914946914885646,0.12735031469626149
-0.21299471738898931,0.17336296205383953
-0.21460008461633306,0.21083195001626823
-0.20168313386427555,0.24878806027794881
-0.18032308598504854,0.28388097481488056
-0.14674558283209785,0.30099928045270991
-0.10972380568653237,0.31323722333696469
-0.059987473216757216,0.30724459847678637
-0.0073236664975015863,0.29966017336632617
0.047832310870469824,0.28202157690116775
0.097936250739580566,0.25883252189459044
0.15479077140959921,0.22118244615196497
0.19339372746084232,0.18505807567281657
0.23024138808415012,0.15397152597142139
0.24513087298034172,0.11500636812993986
0.25929250644817281,0.085189056213593378
0.25308859736998152,0.060244581844731179
0.24006508071959518,0.044269252109837065
0.21905193043013982,0.03283687031618425
0.18472634525610221,0.020552249089180685
0.145866892385136,0.014660549222034549
0.10525328991715054,0.014383737223399716
0.063297191705557407,0.005462679342362619
0.025178000781142573,-0.013814536792112884
-0.0074089401827411149,-0.030554368008053803
-0.026088284422187795,-0.05439113975033362
-0.055099850453450179,-0.077141678981057921
-0.052225777803382598,-0.10107585021141197
-0.054266875758698992,-0.12933836234008628
-0.055347711863198083,-0.15040309339549551
-0.050422130356251163,-0.16096824690371345
-0.052870462405247946,-0.15738367568219988
-0.047403825906955369,-0.14708977745796301
-0.050628427116021744,-0.11915959685967169
-0.052701418903032808,-0.087314670406935163
-0.067887331969175027,-0.038004686035852511
-0.080444309130638297,-0.00062027700000217168
-0.096816138671397808,0.041460764546460527
-0.11385614029312772,0.071256525191249073
-0.12683881921598578,0.087862328483163291
-0.13903371186180019,0.093474379501334609
-0.15326685825300426,0.08472727392592537
-0.16880774926402922,0.060736805906907838
-0.17952538316400538,0.026626103429905991
-0.19826715132073691,-0.0085479894596008285
-0.20979437930492559,-0.045414821314103994
-0.22185109805165262,-0.066901089831372704
-0.22830115344126348,-0.096117117117599807
-0.2439936325654995,-0.10093604212910336
-0.24742332285933294,-0.093853017661567978
-0.2526307927301194,-0.08649984525608774
-0.24071148128648434,-0.06822662033761813
-0.23464743693457751,-0.04891642609435632
-0.23257863970075934,-0.025020478201659799
-0.21650645446765049,-0.013071370872202996
-0.20108159307522774,-0.0069147352072450432
-0.18122029973523979,-0.016677497743010979
-0.16018830782434176,-0.028003339351201018
-0.14267775169414204,-0.058102791960118937
-0.12319425837346511,-0.087724782059332998
-0.09575779979167931,-0.12357721916941303
-0.070100309909358144,-0.15902360466990106
-0.035070856992809291,-0.18759203832992999
1.3315011925382411e-05,-0.21042388052740052
0.050680095227527637,-0.2190112133229378
0.09525999905317678,-0.22728984119267276
0.1410344438660549,-0.22031999044635164
0.18419030381351265,-0.19838021598343633
0.22192015334733547,-0.17968408183017961
0.23808049050447974,-0.15616959523903146
0.2489376541223848,-0.1328528966426481
0.23847222868312942,-0.10239004412617457
0.20667400359726867,-0.081901845912336568
0.15281220090182332,-0.060696036276341341
0.09338579895519096,-0.035777777312435137
0.026947446987310428,-0.018255639564936608
-0.049649959591536535,-0.0077458229131202325
-0.11520384696315324,-0.0033168691803843542
-0.17129221326022814,-0.0065055373013167906
-0.21099264537090373,-0.016973207526697787
-0.23613126676527491,-0.035188493578176931
-0.23365993751710315,-0.055537818151430246
-0.22105345207159427,-0.081302674846186723
-0.18764621091517067,-0.11745455157237068
-0.15316748387986664,-0.14131227493975793
-0.11639655727722721,-0.16389694570961741
-0.082167567570890943,-0.18654854354986025
-0.060569182379157156,-0.18566135176498738
-0.05945924445919442,-0.1905283250765562
-0.06860973987116073,-0.17481794972234638
-0.084299689899229591,-0.15506078380965355
-0.1161915097275706,-0.13053325353736261
-0.14800465032564619,-0.094054268151897907
-0.17851966467689948,-0.062438675750660873
-0.20426895415914281,-0.024119282786484189
-0.20104236269257431,0.014251673970923723
-0.19301732765315116,0.038807087492967782
-0.16607369851161241,0.069772378081425848
-0.12403637319664564,0.079546145307979904
-0.07311068085891613,0.088619200814172808
-0.025245078816465018,0.097866714731089349
0.016627131553198896,0.10209088293876707
0.054307661360222456,0.096024903697462347
0.070209982116475181,0.090385931524634644
0.067487326193378244,0.08707563213491884
0.049842935712157796,0.082035878575127133
0.010977306338032886,0.074667317533674241
-0.033371273892359728,0.075272911922327337
-0.084266900065074715,0.070613893855318438
-0.12952401243387218,0.055057366847737869
-0.17285012522217089,0.046766088883111866
-0.19206942216352391,0.028643817890198455
-0.19500677927085897,0.017898074543674466
-0.18235779971363117,-0.0019100910204017706
-0.15319910821419466,-0.019463155724118934
-0.11724149263424753,-0.04292356153825598
-0.071017443619776827,-0.060788097175409291
-0.032675125443875075,-0.083498746208846134
0.013415712291293624,-0.10271846059085508
0.04431707532934414,-0.11920725267672558
0.058914838458873929,-0.12839589306907762
0.069685634738298197,-0.1387905240425405
0.064694494194336247,-0.15047660771482343
0.049781617621046874,-0.15275338401550057
0.029799127081221947,-0.1577599156262558
0.011526094948823049,-0.1656314572680134
-0.0076768185249503542,-0.16462604891799495
-0.024527517170775233,-0.16621466973308882
-0.025808867130593022,-0.16532061318163291
-0.022308813552980304,-0.16597484252015188
-0.017980307095035945,-0.1640150964953683
0.00055539604233390862,-0.15788966098735144
0.0099239095951112084,-0.15932730097327732
0.027650618607611852,-0.14796601171008972
0.037796586501060096,-0.1353061831731619
0.043328931371723965,-0.1295686813011451
0.039836870385899462,-0.11556204483348062
0.037057541030268433,-0.10191039397809266
0.022219364395518384,-0.086700529384822672
0.0016705537044825261,-0.079174083494455913
-0.016746869836648248,-0.062845516378994867
-0.032985203890012881,-0.058416028430829652
-0.054718981481566571,-0.054354853645012219
-0.064026568461910696,-0.054412996222538181
-0.077484484558151323,-0.050501826523212084
-0.081886635315545145,-0.057807795280582573
-0.080731872093164639,-0.072617350557454205
-0.091977275254177177,-0.08801951985764539
-0.094871592253401069,-0.10205778232777166
-0.094268001241460939,-0.12234727537458948
-0.10346346424755452,-0.14684723190669252
-0.095054715482962668,-0.17145137964805041
-0.094664213195655614,-0.18943937532327715
-0.090016713994587938,-0.21102086414670257
-0.081015884311916184,-0.22340296720127029
-0.076352663102104396,-0.23687955068202265
-0.074783271148374297,-0.2425230993540885
-0.070681589854273461,-0.23825327816100911
-0.072989921178717165,-0.2263284662375811
-0.077180568781593378,-0.20239888878362169
-0.081943609063799439,-0.17183807239584603
-0.090934433222466096,-0.12739853511062613
-0.10288536629054949,-0.083013638375927679
-0.11661772622764009,-0.033273734991413846
-0.12004663957440807,0.015933553156853721
-0.13253226251539033,0.065259801789152597
-0.12004401194923107,0.11314987536855342
-0.095711827035049754,0.15653560016637588
-0.064802618572819631,0.18681285177551438
-0.024252845148777409,0.21241683054931809
0.028258953122426628,0.22402933332530894
0.080892181137431296,0.22482291832515514
0.12746600048671625,0.2195815145588727
0.17281608079784291,0.20601833391961991
0.19163617959055709,0.18500987887100995
0.19882936232749743,0.15955665025232701
0.1804979337899961,0.13840980070661096
0.13591471137277367,0.11336080977939797
0.082807539385517784,0.090605034185323396
0.010125195663265047,0.064668710032496093
-0.064689769821263607,0.040271197587900265
-0.13641198537782626,0.023243409773438362
-0.18732454909089791,0.01300968184904543
-0.22305020882061455,-0.007899166764990629
-0.24007494856049261,-0.022219091190916467
-0.23253927562817467,-0.043307144405802515
-0.20828182408222928,-0.054834255437698327
-0.16558168626143613,-0.074038267579186953
-0.12642237107665905,-0.081656857234550143
-0.086627911899520058,-0.088672616830349701
-0.047276993630020706,-0.080931689710910096
-0.032435916426536517,-0.076546841070055063
-0.035959739427397573,-0.054371673430121663
-0.052722702950217103,-0.036620723093459824
-0.091628363633580734,-0.0086382748439055614
-0.14315347421487531,0.012760674163494905
-0.19113897112385878,0.035200417852907485
-0.2385467359955942,0.045476156845384676
-0.26555756275452214,0.047099034429074371
-0.28218354286904596,0.034268048191811791
-0.27825234123291831,0.007687784645693899
-0.2479745347665428,-0.024770066167478903
-0.19406428360950173,-0.066293127831108647
-0.13173972409223444,-0.10838345608761338
-0.057597401791337037,-0.14600724690262556
0.013660287251779112,-0.18576940070053838
0.079684752050382973,-0.20259415656392762
0.13342594064874774,-0.20755056618502432
0.16596992176760597,-0.19534938700781529
0.19133245882385758,-0.17324564372099813
0.19178704330257015,-0.12880754260185204
0.17914326562461055,-0.078455587215592038
0.16540236800145286,-0.017196362957075214
0.12684422272726084,0.037518228777133358
0.10594040325494257,0.089231588714642596
0.066252356012376681,0.14038462407126778
0.043439208277337611,0.17417883405048154
0.024046507414460849,0.19611085849513168
0.0026572283795854145,0.20495377349719124
-0.002278860009217832,0.2009677000534959
-0.012374860638749067,0.19057973110349952
-0.010916008527291255,0.17525796904246924
-0.0033213582736044949,0.15190451809460895
-0.0029900289366218188,0.13461370238932935
-0.0028997810383291304,0.11905515166960591
0.010510929744918299,0.10312889091055338
0.023573059273777147,0.089517083363005942
0.038605688478325309,0.083738984716146561
0.057037557496791132,0.084655567832853343
0.064870444099418709,0.082779918448447704
0.086197124578338377,0.086466395668606616
0.10822700279531289,0.1017054336529971
0.13033321117651064,0.11547930531031519
0.14160584769344578,0.129448746804324
0.16579270352930789,0.14062520038912935
0.18404942867444102,0.15504444251631552
0.19440446403540532,0.16226626066927097
0.20647686319809549,0.17359025316617815
0.21310180455761757,0.1634927177952443
0.21496412464933179,0.14696493732617483
0.21446275213274915,0.12432043260377318
0.20890201382275941,0.085806072613009043
0.19664895588913783,0.049761118495418123
0.18773988361830296,-0.0020539935321088523
0.18056923134919134,-0.053153034647705807
0.16996389320503005,-0.090416697715534691
0.15748877933314029,-0.13007020822720516
0.15663644233573737,-0.15621002054176825
0.15138183391533416,-0.16931555125427647
0.1543394971001838,-0.16399866443296823
0.15515469259631329,-0.14530270152185568
0.15697330721388422,-0.11500145467954412
0.15702281589595574,-0.077276665461824656
0.14795289373353515,-0.047338239325017642
0.14320525655367819,-0.017600339429138689
0.12534607323083224,-0.005011219987917378
0.095677208240316544,-0.00022083413556783435
0.073865211406739989,-0.0076642944139149903
0.039333466658645094,-0.027477517824148156
0.0038469923505442408,-0.05918515439557586
-0.022401316874193368,-0.08845974752070343
-0.053267794071514267,-0.11868108720616782
-0.074154970783815,-0.14874224177352943
-0.067704095948893026,-0.15336136155033306
-0.060154982094520949,-0.15659876518012783
-0.03744689169056583,-0.14730394257205609
-0.007214994817769332,-0.12603575476384132
0.031138193539864682,-0.10295083003569992
0.068133742181947315,-0.074660682770718689
0.10658646185255113,-0.053900088080645482
0.13733516002271173,-0.040510607138878621
0.16163476302484309,-0.039097073337844526
0.16438448220304006,-0.044912920561117772
0.16331849376567745,-0.070571524802518409
0.15149147625898929,-0.099579651544349557
0.12275734683098476,-0.14354302368485389
0.093393500132299759,-0.17466042604003953
0.058590561937003689,-0.21702481246555827
0.034631647735273267,-0.24554120388578982
0.0084238961561126646,-0.25994250339256086
-0.018512885740063441,-0.26515957422545461
-0.026538752164533753,-0.25976780291728879
-0.022925343640644032,-0.23594009379730602
-0.021404898593817841,-0.21950029817706662
-0.019228206052028907,-0.18350112462338389
-0.0083850952187268114,-0.14448114980242974
0.009144600931625186,-0.10313978102070893
0.026725414575567312,-0.06084894307237388
0.032280349598770401,-0.022676163635850594
0.037099409735013057,0.018162460816691157
0.040258383506586524,0.052716981665058463
0.039226575144859728,0.080585869838962931
0.03165185341164016,0.095554675964735256
0.025511854323196737,0.1061679728914881
0.013119496350738988,0.09432093786565722
-0.0048933599218070334,0.073484436402495995
-0.010984926298796121,0.041671378169633941
-0.026380440056526039,-0.0009766684475046852
-0.040003140914036346,-0.032933553559729538
-0.047364137066124253,-0.087215653687625114
-0.064437144630428073,-0.13015548140404634
-0.087723052162887574,-0.16718592378470348
-0.099675908892015788,-0.18219529903498721
-0.11439749482823815,-0.18553719196526414
-0.14614226080219167,-0.16941553303690371
-0.16110314013901245,-0.12455605107238624
-0.17474967202327044,-0.061373656833033759
-0.18615035487073478,-0.0037850051774364754
-0.19492315653016806,0.063768883901060752
-0.19564203493394722,0.11807380412865871
-0.18132037562235023,0.16772652575654576
-0.16038267941002174,0.1911119007784417
-0.13431984258798771,0.17993834503671835
-0.10400855983037968,0.14903741182105559
-0.064551869567375422,0.096286224764805972
-0.01825456548489892,0.019438608770065351
0.014449335810279542,-0.063414998696837213
0.048056166476734975,-0.13547689275762539
0.073010710061178985,-0.20691533155440905
0.09336805956864469,-0.25877714713993089
0.10165735784620426,-0.28727287190057998
0.10315892029948848,-0.29716459147644098
0.090075569982255216,-0.28189664327572234
0.06893417515871568,-0.24672656381066921
0.04834776221325094,-0.20723446383105079
0.015856795423657782,-0.16339285806744622
-0.015155712782505647,-0.13585055381079988
-0.046114279512900147,-0.11253023951537083
-0.066969126377366586,-0.10080943217383018
-0.092505110068037188,-0.1085446660823946
-0.094577739046074666,-0.1254719910603353
-0.1077905594146271,-0.15713886536855068
-0.10321546229319493,-0.18516837076018455
-0.089184097751338134,-0.21703530622577019
-0.068398663621342351,-0.24000110545476638
-0.048749262688472045,-0.24140744263222805
-0.01877681987508216,-0.24008034988020382
0.010860002735732404,-0.2226520382900111
0.032156431288704615,-0.18686469664413491
0.061958679662993787,-0.13842508980556539
0.085159570066251591,-0.086411405119485446
0.11820785641551476,-0.029137006148581276
0.13915311144280959,0.029660153709746857
0.15906657038831115,0.070970932813185908
0.17375433440773208,0.11408647434822494
0.18539538727908533,0.14095648907673949
0.18863317515169892,0.15741036076234882
0.18872943228148673,0.16922242411188765
0.18054585037400464,0.16528307386835694
0.17028101571191559,0.1422684324035364
0.1490019815072085,0.13120156442206007
0.12833052800828393,0.11435202723925597
0.10391327058016178,0.08732692516954943
0.086403749787948445,0.05225431998645258
0.070327359640773815,0.024233216410655165
0.051700945017346518,-0.011101801277108934
0.036076265378188269,-0.036277910370077257
0.024570696802182379,-0.072818238208249411
0.019354985764343698,-0.10708519930340332
0.0074171260511230542,-0.14004564357743859
-0.0026557131950172459,-0.17452700683793981
0.0012016810647740676,-0.20270402049891081
0.0031696751197276638,-0.22186217634910341
0.0035416897405957763,-0.23440795621792607
0.012501815380955255,-0.23833028295227843
0.021650224899291672,-0.23302006306236836
0.035813995761801144,-0.21219928986491357
0.05730078589333934,-0.18459706138330559
0.079226722155304768,-0.14276854443011353
0.10706438443215735,-0.098111375675055179
0.1382065223877913,-0.040578090350342412
0.15915458839116306,0.011089110549616182
0.17921134852757278,0.063114095906569093
0.1929471470183004,0.10766759780191301
0.18804671334731629,0.14284612892523416
0.18389370856881232,0.16072877814905789
0.15818985515744471,0.16554424202895021
0.1185865582104513,0.16276891758135534
0.076253223773892972,0.15542772459289472
0.023559686487957615,0.12688505986102042
-0.023796581398761923,0.1088777287745694
-0.081810412803491578,0.077440777178050799
-0.1283355030304866,0.050734081933183975
-0.1592088042810364,0.022735134402580865
-0.18743674918764552,0.01540421937335186
-0.2073262926510912,-0.0022001710338446596
-0.21967989150138312,-0.0088075535683608819
-0.21984750666698633,-0.01047876106674844
-0.21363801265290827,-0.0029743944133774356
-0.21536257678063589,0.010269078795794405
-0.20348882042189156,0.022844415446996592
-0.20202369356730007,0.039182495312801595
-0.20560411311413102,0.064086727119584699
-0.2140027730583316,0.073072545231553654
-0.22274335854340677,0.081094774092574234
-0.23722983780194126,0.084472975975332085
-0.25498517228092255,0.083457961228013397
-0.26015336227166785,0.078331409379163289
-0.26958994018088234,0.054955498834960863
-0.25723865443939886,0.032440144953863791
-0.24626928543959486,-0.0022644810262924028
-0.22492242996586845,-0.049016019365395964
-0.19975949932959133,-0.088630306027501882
-0.16085680081658246,-0.13018031451040901
-0.12098953098396185,-0.1749818077690414
-0.077363801743588881,-0.20413225116261982
-0.029068633136148291,-0.22328137149358279
0.020638792960902569,-0.22952242805252634
0.067649625032600219,-0.2219582029067948
0.1145403569852643,-0.18910722932322047
0.15136884980281409,-0.14918407585344051
0.19155661765035628,-0.094106969610221233
0.21568705012279082,-0.040896134058840954
0.23835938980134763,0.0055301624855151124
0.24298139808736516,0.039222522722570409
0.2375797616492015,0.062188987863882786
0.21995020348385344,0.06535542705992621
0.19360674282315712,0.059660789783158842
0.16466009233381493,0.032970922551316575
0.12377505332460939,-0.015035372355715778
0.083854846540621003,-0.062127447751091282
0.048905290240698437,-0.10072358036883834
0.025126466238673449,-0.13831675216891678
0.0065648138869279036,-0.159909917394297
0.01393336532060226,-0.15619503628458431
0.030282511780673795,-0.13798645121156325
0.056868382562167342,-0.10313837558353335
0.10182908475733435,-0.054781135933798235
0.1408832779775302,-0.0075538643544165443
0.1806917856491074,0.032949692181988892
0.22413915123014078,0.071833795338310802
0.24473981614115189,0.083756898973072313
0.24849740609498736,0.072930911250805419
0.2343056900437781,0.040103056549073944
0.22128845686820453,-0.001922103570687562
0.18743745158533925,-0.058104763933392291
0.15242863681094473,-0.12896815865704531
0.12112116999403426,-0.18667166068698637
0.086626153024577393,-0.24463570912907295
0.066723526467152267,-0.26659754989274559
0.060417637900481297,-0.28637811264595825
0.074115799884078182,-0.27903208142395503
0.095251581211006783,-0.24239541073180718
0.12560145461212172,-0.21103131300959213
0.17158728409682875,-0.15756323839415406
0.20670721813038079,-0.11708540998366443
0.22719114717183364,-0.079225683736753844
0.23616151170541713,-0.058448981163481371
0.23102001593771229,-0.052336175298042353
0.20787982252576245,-0.067829177144525729
0.17033598235797756,-0.093143929216162519
0.12721804350577903,-0.13258769863951628
0.07854331970786238,-0.17400578613150897
0.047445708464254097,-0.20566817424564937
0.021045784679607351,-0.23349021994518757
0.0085518357165594583,-0.24228529323291617
0.014675419988203518,-0.22585309307959714
0.042981283374776885,-0.1974702594903282
0.078347340928807199,-0.15672395920655965
0.12591090761634546,-0.11009055687158492
0.16713482840843344,-0.05300040808825212
0.21108858020770321,-0.007087182688978416
0.24380963683827866,0.032165115248765391
0.25794308752194534,0.054586236848548991
0.24773713963772834,0.066293236628711061
0.22341470350967321,0.062359118065269628
0.17482780471205331,0.046141465907403707
0.12164194645928342,0.02138487660711353
0.060712489081002505,-0.016276453756560172
0.0057744356625590559,-0.044114943570014817
-0.020783754568180851,-0.069468573191463406
-0.050493184416186561,-0.090998808363213807
-0.052402903488450961,-0.10392848919332436
-0.026239517642407999,-0.099724669245108172
0.01241094123632632,-0.091181082061860999
0.062988461997618733,-0.066085246022247593
0.12045278282326533,-0.031666876464409702
0.18300842320078706,0.0019823979192510805
0.22985341975496218,0.043609815614115671
0.27186800305698794,0.07866977799162625
0.29568117923331039,0.11949555695015478
0.30115444401381697,0.14223570729761012
0.28283137912279088,0.16460748791557578
0.2544998062517676,0.17751542134669557
0.21668285085944849,0.17836348450742762
0.1736016389382623,0.17216697852055457
0.13802703474178615,0.15430748445033901
0.098801307894438931,0.12454208015773859
0.080224673446307598,0.086947212535051888
0.072438341178418866,0.042960384243560946
0.06638980255704055,-0.013105451941710467
0.076071824325830484,-0.069516753000217729
0.07691591802733197,-0.12261815630717524
0.089479175473504841,-0.17959538481407916
0.096895231103890075,-0.23812056054041014
0.084210535016857047,-0.27329904791081827
0.074358641958333416,-0.30272707732616361
0.061776023140407761,-0.33171845950365708
0.033885139046439978,-0.33145083297519973
0.0068742420662458639,-0.32060804528659442
-0.0093766051323976741,-0.30543403790058304
-0.025093926858369926,-0.26991783005152209
-0.039280618727561417,-0.23364312208331761
-0.026644522288760956,-0.18804722024333945
-0.012657355502584679,-0.14151593232201784
0.015141902078109622,-0.097195554368493142
0.051304256432262364,-0.052440714246370701
0.090222410648151799,-0.0072463336098108717
0.12770336646098235,0.035172358048466759
0.16476168941937175,0.071427398621934562
0.19373762640536912,0.093222427091675983
0.21464220945656903,0.11458217878838349
0.22160071762348263,0.12893474553748188
0.21265359282083704,0.13433275898904437
0.1925272010570899,0.13670269285646397
0.16313852986397234,0.12873879349508649
0.12905365518079046,0.11747327960211376
0.082642752775198697,0.10408754818673598
0.048866890668805507,0.076424840773446523
0.010986117627990299,0.049328837391585258
-0.021511461464180162,0.033233217729966034
-0.041298761501269564,0.0067848000727556883
-0.06009564103501968,-0.01304341382864882
-0.077848259988664334,-0.038494510134587205
-0.086599819969699884,-0.060160420419491441
-0.077509248738755004,-0.083985394966917204
-0.068871856466497905,-0.099553046798676575
-0.049179829808080257,-0.12534469969617232
-0.036184191956550038,-0.14604869851805716
-0.013723033970391258,-0.16396279019052895
0.0054466922511227471,-0.18107118600229891
0.022823538253291302,-0.19280515936917786
0.044973502943087322,-0.19710608653200998
0.072062131137601598,-0.19983327998308154
0.097782396333805602,-0.20181334737695053
0.11146801575869286,-0.19253887059071695
0.14064301452329639,-0.1788270151848555
0.15756392263137012,-0.16821468226540137
0.17094009493694887,-0.14485075756590807
0.18973576471202275,-0.11384307751496933
0.20475916820890797,-0.087147587376836574
0.21391252973253766,-0.048700252990940593
0.21760972015609151,-0.010822431285502167
0.21786366344549443,0.02212579340558023
0.22494696112847606,0.059860983668137399
0.22054325716941536,0.091026390479672148
0.21708313207548868,0.11804200970146007
0.2198611926972292,0.13966511780936655
0.21269004331831817,0.15232822434163132
0.20947416155979354,0.15729073400016896
0.21145852764996331,0.15832771607009999
0.20590934105764661,0.13516600200719922
0.20473579244579429,0.11031675532184312
0.19593607218425288,0.085974298733062934
0.19136672209431541,0.048190699386660991
0.17801076172768993,0.0094495867982673197
0.15980094166241018,-0.034160237084719471
0.13923380289417162,-0.074532935201393979
0.12340806378528595,-0.10886945630672158
0.092127841983419334,-0.13833141608896793
0.060327904199758309,-0.15782643687769765
0.034818339405926428,-0.17365295571256817
-0.0017303092173690821,-0.18224827552636136
-0.026342549370370359,-0.17734520981158539
-0.057553396529386645,-0.17391937242824251
-0.085646436855004504,-0.1548809354115136
-0.1093568274786709,-0.13027498604803839
-0.13141642800431083,-0.09699487692835182
-0.15169146592563998,-0.066476861308822882
-0.17240929809153005,-0.025282249015889189
-0.17996831933475063,0.02185059897865264
-0.1827345446263888,0.058800149938792824
-0.18918479344192132,0.091729409600089365
-0.1868709361097525,0.11209686039059098
-0.17253041969528013,0.11609165943795485
-0.15751019923522536,0.10360387020839018
-0.13256579919526892,0.077777744690502693
-0.10050519221660369,0.032198358458552845
-0.075389574166036116,-0.0185208860590086
-0.042711357952985772,-0.087412691431234688
-0.018146070725460192,-0.14719347965720936
-0.0026653058409536658,-0.20286735751873261
0.0035221826063110391,-0.24105160849549939
0.00032574802398568567,-0.26178078012184453
-0.025460137743068594,-0.25837151261454899
-0.056449645596753951,-0.22451681750324268
-0.11136364991615463,-0.17745095653860732
-0.1597707289468126,-0.11702094160531902
-0.21383189409673967,-0.047654866719628826
-0.25422743969181411,0.007081787627182032
-0.28168851923638433,0.048144732775743999
-0.29084457562468707,0.059258766536310341
-0.27240323612510947,0.043720674462699928
-0.23897666245903765,-0.00016358712377092816
-0.18823261474452568,-0.062172036263557003
-0.12100503663865851,-0.1375025385374751
-0.050146244697755998,-0.22099284830072477
0.014666356759235758,-0.28458773116615765
0.065902127181818704,-0.33829910886662212
0.09801413667725721,-0.34840822471309751
0.10292988065527041,-0.33284275451779183
0.087198797086967969,-0.27387448104518242
0.054735663138476637,-0.18792104910339261
0.0089488046314505111,-0.085793720729298986
-0.038413056742188333,0.027797218172209481
-0.087362779564977303,0.13322477823326853
-0.11363309457495756,0.22526063785040037
-0.1189812147076852,0.28551866442687551
-0.09919869608358331,0.31372314455464201
-0.064371711190030628,0.30515743436181403
-0.010234752266136951,0.26798038935913909
0.059341109768990687,0.19987639239785987
0.12628411202646844,0.12693893356424016
0.18861843707728546,0.048797738363566441
0.23031699215722576,-0.018356084469040013
0.25934173518033471,-0.075168391432482135
0.26588074735958594,-0.1021362552315121
0.2402859605863871,-0.10646521540225973
0.19831042022877232,-0.085434717053524636
0.14404865098152086,-0.053120139618982425
0.072351915021210425,-0.0065464925485962415
-0.0042417474770430601,0.032299343216984223
-0.068401954409265456,0.079655806484936933
-0.12263981910796749,0.10114828042001502
-0.17026681899927634,0.10713323125465532
-0.19665565427023105,0.099518931869512217
-0.20406788860665065,0.075399781321055293
-0.18645104381372618,0.052793679475508913
-0.16065849051784181,0.013242631223662836
-0.11801771857745912,-0.020309012409645583
-0.069997857629890234,-0.043558065586947796
-0.0046452625017161676,-0.063873223856517961
0.056023617936399026,-0.064886542176619905
0.11667163452928062,-0.049485320578087806
0.18137376465424793,-0.033800177444341953
0.237185535247566,-0.012213641996240292
0.27491292993748601,0.019788393921725655
0.30935671916497298,0.04385980035859495
0.31370661861662319,0.06401375086315246
0.31245857201557586,0.076783885552893463
0.29054154525217846,0.070863500730447351
0.24539176751711916,0.054561498425274059
0.19164584206191551,0.045060903836349531
0.11872327201845599,0.014472191251899219
0.054071143937041106,-0.011125104879099769
-0.019495069814781246,-0.044235241529266271
-0.088537766235711912,-0.077988375766121443
-0.15565854661246431,-0.11045381760518129
-0.21161534990220646,-0.13099400368209779
-0.24937431204591287,-0.15142254452298812
-0.26975095398324195,-0.17358222392490186
-0.27601199125472675,-0.18531900919748195
-0.26479520683352786,-0.19364585842524029
-0.23922288367487485,-0.19535376004305061
-0.20406926222896177,-0.18358444011293906
-0.16191848737331577,-0.1694641307973129
-0.11244594283751697,-0.14513853337420995
-0.055962511429391813,-0.11548140700841489
-0.0029014383906517723,-0.083793613088499516
0.048941834395246936,-0.051786397282414978
0.090159485608113293,-0.016141295512277293
0.11813513902520756,0.01274154411298015
0.14063175759066115,0.025746661063806374
0.15152587560424252,0.04222491241622197
0.13877112954089105,0.040123906920354641
0.11769385452083629,0.026243129168447867
0.088651081946695659,0.0072983741011657839
0.059334626730351003,-0.01721483906516439
0.028678082381776743,-0.046278186728232647
0.0001547455947779261,-0.068100539449290565
-0.021764840346939165,-0.088470275738653473
-0.027913903806940046,-0.10233822570037897
-0.027651854427986997,-0.096362299712387869
-0.0010807111407132673,-0.093668411631576409
0.022790864603127854,-0.070984504751619742
0.058653944406711116,-0.050195562579332317
0.10878041308780594,-0.015241123853856866
0.14816611847555367,0.007271675136519413
0.19159998798550953,0.035888023113571435
0.21918121757691414,0.052394617865913873
0.23306185672718457,0.0583464346342897
0.24198906661469335,0.053778115772398861
0.22518769093728452,0.040645208176582202
0.19383720305445973,0.021535042765157567
0.160852701357345,-0.0079425542549062082
0.10907837279585987,-0.029896296738842486
0.059055948839389395,-0.066642880474239052
0.0057084018967982868,-0.086213525622585566
-0.05068269890508862,-0.1059210573284219
-0.096304703279979462,-0.11890322135549122
-0.13228195235846507,-0.12566648561938598
-0.16103794451184356,-0.12236799305417978
-0.17645348094319246,-0.11163941707782964
-0.18740319512987419,-0.097312584539778174
-0.18331960479269577,-0.085437885614722139
-0.16142721934381654,-0.063681237110045349
-0.13674172765480844,-0.045200572557144554
-0.097132162766321334,-0.029710719238965042
-0.049395112963901325,-0.018213840387079516
0.0096729859413497623,-0.0077034482640626232
0.068511357944249465,0.0040179856467505801
0.12017399747769048,0.013607915070993872
0.17766441321944951,0.020424736924110311
0.21977515419198884,0.028206641766050616
0.2495072200486341,0.033527582904345182
0.26012417165688445,0.039152838906843533
0.26199767715140748,0.050070946672187755
0.25493897852239367,0.048980837369655271
0.23354223339186506,0.052031370745763014
0.21414668103873172,0.046456707271696179
0.19239886620304639,0.035777674385577551
0.17124411415195734,0.025256807215656523
0.1638741589528927,-0.0033161092241976659
0.15649295923399373,-0.032820147511547618
0.15279614086587434,-0.062142537538681077
0.16677224565728688,-0.076542282336706111
0.17566609753728474,-0.1004411118907793
0.18394179682919265,-0.10659292775416132
0.17860164822307351,-0.10088473160752162
0.17883136150942094,-0.09140216032395973
0.16722957616242795,-0.055304117856238698
0.14358783535150657,-0.016860071217562847
0.11870787516894235,0.038128187341529667
0.089492686579586284,0.090467995476734148
0.05876287221634497,0.14792907053418364
0.040911916404798729,0.19022087252290198
0.034270086417891289,0.22559458853382675
0.030949028544132604,0.24122812731918383
0.044343076479346454,0.25196097476721624
0.068664842986493974,0.2265184642001429
0.10643059140996741,0.20101768748420606
0.14669861520112873,0.16247780325202205
0.19058184221337851,0.11865558401071973
0.22732566354781875,0.073755280727577269
0.25982626873374753,0.032440691149097041
0.2832347852980861,0.00072900646435128044
0.29309884823879934,-0.015116471833373467
0.2853194960502573,-0.026649355550853498
0.2631667267021302,-0.012338043673446181
0.2320150157441461,0.018720283470547029
0.18989972832278354,0.051536998937203322
0.15721969301544814,0.085987418335145685
0.11087725072467215,0.11894481946865863
0.071666781058423085,0.14762080951362333
0.036143972490228882,0.17789766289260861
0.012828392952612544,0.18671526875968739
-0.01435901050192257,0.19393284065125646
-0.026734816787893266,0.18721258805267196
-0.037055331709052744,0.16942483160331878
-0.054346331580778957,0.14657830549777678
-0.061191668273815121,0.13544637811170351
-0.072280464471896164,0.10622241324944259
-0.086387074558288007,0.080742904273217481
-0.10128796419659145,0.067900643677956396
-0.1221631923872628,0.052245111090711678
-0.14015269095164842,0.044204130068839047
-0.14559671319387155,0.037174313422793488
-0.1525200906582955,0.023092485440561476
-0.15303041026278608,0.018035332835963355
-0.13725780789719935,0.0060432537826744116
-0.10917516891632879,-0.0041009967388610418
-0.084616659363343505,-0.013341992182219761
-0.052725543272125718,-0.027590365691994533
-0.020218294027970589,-0.034484038882636091
0.015220409334010847,-0.041492185685550687
0.045452088988140717,-0.033080234480167822
0.064676358981607465,-0.011359313477095456
0.085258836783410716,0.016362223342023936
0.088571041479277413,0.057435886093520773
0.091071982686562747,0.10940694293656791
0.077025611328256791,0.16744630756784368
0.060190085182611944,0.22122719434359639
0.041309254342515804,0.27114641412677626
0.01536041292419181,0.3042553508969143
-0.0058573143538037369,0.32866761730034461
-0.02975196762528709,0.32792997716860012
-0.053559163106617409,0.30758925417439709
-0.072359417402299675,0.27894527930248064
-0.099718699588056542,0.22897974001862384
-0.10964981680710156,0.173616924679562
-0.12144563331585621,0.11367342896538875
-0.12338456997330845,0.067098247993116311
-0.11272120445319457,0.02945807737589189
-0.10516335348781083,0.0039894300625347209
-0.085194346475902877,0.0067264083266935079
-0.057987114556633128,0.02632808680390546
-0.025909751449803876,0.070661334180215529
0.0024661214415821805,0.11793933176421344
0.018445449313024945,0.17051189824352145
0.036310728095866281,0.21958375401678731
0.038535278068109934,0.26011647885792111
0.029765534708378533,0.28014607532958413
0.00840025044873767,0.28935746451353866
-0.023282675480190536,0.27275199524178378
-0.069654815796632519,0.23515711115789473
-0.12172070024112384,0.18097552213335141
-0.16585075165950264,0.12182182068423288
-0.20166778446090006,0.045612283016451816
-0.23831463186313462,-0.01633681174159575
-0.25777692423397414,-0.07515725102729412
-0.25022855906317004,-0.12816629887054656
-0.22609761618721425,-0.16395394708363284
-0.18973209442830691,-0.18347765074064362
-0.13523572886825524,-0.20129893329158038
-0.080086886335101179,-0.20209837355265911
-0.021051352384105576,-0.18669832709544346
0.038970605067028402,-0.1787041454244514
0.08428740345028285,-0.16062860599308876
0.12219416107696875,-0.13371834893417137
0.13924112479727002,-0.11352972381814176
0.1527982575113763,-0.08493018504573091
0.14688441930523341,-0.059159004035420702
0.13972109512785383,-0.030940202961851928
0.12839659939625969,-0.0084775749672740298
0.12057275849959775,0.0059009454469844836
0.1232624164043377,0.024327203502588133
0.11915053702869083,0.041965977334628299
0.13423421723899129,0.044136014010200973
0.15201464419012234,0.03745683890275088
0.18012143266871677,0.036171861894730511
0.20652334979947498,0.024221909488557139
0.23031728266103393,0.014858746938623466
0.25321397301974663,0.00019357840613608637
0.26961113163972683,-0.0062363872155925147
0.2842568891927702,-0.0051431503908165978
0.29541576800439362,-0.0021984530747319294
0.29321935558530948,0.0051613026465923799
0.28233192585690758,0.023731581563317578
0.26342868169842082,0.02833687483946937
0.24507611637155258,0.044583008276184721
0.2209845774087747,0.045380354810784763
0.19159470351553995,0.033025997553483483
0.1682825639005075,0.0094267395875115931
0.13824016480023335,-0.024410267098922574
0.11162462605563837,-0.072464141338285076
0.088293712714064762,-0.12300207968160379
0.074467435220830602,-0.16507731239278284
0.056764582726178063,-0.20321892251034998
0.055056916798601571,-0.22673704536297501
0.054433949572439029,-0.24360916323387488
0.055766581972637438,-0.23033843684359315
0.065027183992719992,-0.20116941686680517
0.08020540510814865,-0.16180792321131618
0.096890229022855101,-0.10913186978420701
0.12599158443594477,-0.058064489729106709
0.14266843546209274,-0.016319818043571827
0.16390189041860365,0.018315970138409004
0.17488064592388811,0.025533387303218184
0.1886451345048584,0.018419425250081483
0.18847844887025561,-0.00941894298730531
0.18235386804116641,-0.054756039891726359
0.17479430348953573,-0.10410339770875902
0.1507773915848146,-0.16275696751295157
0.12399490737419799,-0.21341606043130354
0.091714467195036273,-0.25214859151593366
0.041347930074500154,-0.27708403952391791
-0.0038883188846807089,-0.28128242153236316
-0.053401711423576699,-0.26624630965424745
-0.10040822414479227,-0.22872339415736231
-0.15265040171220623,-0.17795142197392191
-0.18419609793610486,-0.11106912770971943
-0.20925866570000209,-0.050675908333741734
-0.22572135963321699,0.0054314436704943434
-0.22576202673129334,0.052445509029464085
-0.20859427118551341,0.087498793122700549
-0.18620946754702339,0.10590680035088985
-0.1547901698245534,0.11227841041302869
-0.1105111434179929,0.10701357434322924
-0.061737194386155166,0.098558321960306727
-0.016356796050321275,0.082021850558507706
0.030113219856915133,0.065245076104915825
0.074111139826972941,0.051368546592112423
0.10319727709406526,0.043370359595829099
0.12718317963257547,0.044353952484384576
0.14937461710402769,0.050452954626727928
0.161818872477828,0.060730719473307819
0.15701566445124826,0.065794227933219623
0.15358429689645353,0.081150364760533528
0.13860792426645271,0.097356152858127015
0.12530470387269335,0.11125413656452254
0.11187228830129359,0.11953068107882826
0.095661313652959296,0.12773414232520733
0.087181270341866207,0.1386661752764583
0.084287910365078489,0.14832421185950656
0.079995469380104545,0.14771854834391723
0.091845864675788522,0.14645710393341124
0.099110679940475913,0.14229181862744855
0.11522703640625388,0.13205182588479922
0.13478299130960378,0.10540695380405288
0.14811968367773259,0.088898392319787398
0.16601707459466711,0.058876124354706988
0.18720705679423472,0.029261063171938155
0.19460244280455896,0.0045545101177942842
0.20227860341079659,-0.012261636468421058
0.19921010948648937,-0.01847381137336665
0.18839628159786914,-0.026636625064167672
0.17024606638209708,-0.016737721277251708
0.14607744279690751,0.0048816480640990348
0.11240754183884039,0.041013532984468727
0.070355967521233853,0.07101801937432059
0.027653480170057747,0.099956987480943268
-0.025229959398303421,0.1371259913806738
-0.066175938896518446,0.15146149873464856
-0.11850852192449894,0.15961276206356501
-0.16210744927388143,0.15256265653146267
-0.19571533205430602,0.13918710843542828
-0.22849448765669236,0.11049118009136356
-0.24741188364544242,0.07368121951024148
-0.25475478804487373,0.032724208596980629
-0.25108223245728212,-0.0010389728836186643
-0.22454473634714739,-0.039943405728646561
-0.18678530251410341,-0.064640896244861995
-0.14236289309760169,-0.078498514602803243
-0.079237523018652972,-0.085773487191952449
-0.0065324825416887538,-0.082636382641398054
0.062261264917131694,-0.065653820621339273
0.13327144480029784,-0.041793732604333458
0.20048821292866326,-0.0099833422299099514
0.24790788245698794,0.024013389239914813
0.27807876720105706,0.07294965984794359
0.28377119234196901,0.11690566275725194
0.26621097792025628,0.15859673416557077
0.22995745519815231,0.191584844882939
0.18401455562022995,0.22512071731380373
0.13562197352730609,0.25295175778114148
0.086077216436341808,0.25639749362698433
0.044341308135247018,0.26436017577114962
0.025896167351563075,0.24781056663577353
0.019730555384471549,0.22536356523411941
0.033703106083307885,0.18919775273243344
0.064853385599538807,0.14612786746690365
0.1039105660545412,0.11067158227745846
0.1508975754570088,0.058338868771781356
0.1910537900254545,0.025994521768146598
0.21778756962739781,-0.00079960885337958428
0.22734166069754774,-0.015109190981944437
0.21925281781801229,-0.013088829305161694
0.18382364186860536,0.0052404785690599153
0.13402905460642323,0.036638034609961692
0.070060218395371382,0.079049808969907376
-0.00015752857260733881,0.12596337605359761
-0.057890371706374337,0.17714043380331571
-0.095246085013120527,0.21334983560935825
-0.11334047580478167,0.24840237527258088
-0.11564797562068731,0.26765758329224498
-0.085355682098499988,0.26673331833225805
-0.033787543658023909,0.25987710722642871
0.031411083219791636,0.23638984390482104
0.10915378685176656,0.19949546494475284
0.17787952083986516,0.15441679787223389
0.2427985440978879,0.096523413775689335
0.28379265763830297,0.037970634522801548
0.31231441804681237,-0.021131571140966744
0.31512402896634073,-0.083851368970556714
0.29814989245287604,-0.1318639319608173
0.25525750540005004,-0.17930459229217213
0.21596794386121868,-0.22693491224239015
0.16214965159943612,-0.25167339302564173
0.11083911913895245,-0.28114131669878212
0.0637185816338557,-0.29139518438312212
0.027447534562610579,-0.29341705540130725
-0.0054893254224558929,-0.28499343660021353
-0.026510604747124682,-0.26606535952197807
-0.031811782797523579,-0.24016906560311108
-0.035506617042682403,-0.20803063312234751
-0.042968760764820958,-0.17147196089680497
-0.03985494210179142,-0.14004481281281175
-0.03556334740491323,-0.12791882566623683
-0.033144746718581246,-0.11033801571393191
-0.036370292647797724,-0.10383692981262435
-0.042314840037798208,-0.11569698917839701
-0.045694600899858634,-0.13129783088692054
-0.050252445066337567,-0.14969442117054155
-0.054871726666680602,-0.16989887467723425
-0.052859108959775962,-0.17907152850352284
-0.054995386204274486,-0.18016748305261404
-0.052112130458778987,-0.16548145072404674
-0.045971311878433327,-0.13080567663639714
-0.044998265353824937,-0.094259333374463933
-0.043849873595798991,-0.050168284531710725
-0.043442354932143656,0.0029146515242971932
-0.045778266286534586,0.031186992553178385
-0.043552214550196512,0.056117201909171618
-0.040022116837797383,0.050855865047625223
-0.037924179524231952,0.021983254099536342
-0.034737360937412393,-0.0078885807939130526
-0.026971651445572932,-0.081826860501036519
-0.01287995634662213,-0.14018961458873222
-0.0067133807551759978,-0.20401004647899046
-0.007443354719433604,-0.25359257227267806
-0.0042396077671662744,-0.28368611391391885
-0.013665808796980034,-0.27822420335515224
-0.023710313979697653,-0.24556369387749105
-0.044902353176999157,-0.17981296330376126
-0.067241074057176345,-0.098317001029899112
-0.089851877440494415,-0.0075955801897896755
-0.11159817967814099,0.091680216655635943
-0.11801908793893971,0.17993706050760044
-0.11721113747978244,0.24604557022772255
-0.11264198591031915,0.27566944547175176
-0.092737029533962262,0.28889223050409735
-0.0565581622112677,0.25846316815760939
-0.0094618437466351662,0.20215659825579294
0.043520267672307628,0.12734179564006556
0.087604069716272118,0.043565481308039666
0.13084616083443418,-0.045529954557047142
0.15422021029479449,-0.12894683984318112
0.16450880974856294,-0.19125207249514639
0.15866481666099377,-0.24065436776556254
0.12334309939728631,-0.24853841310607599
0.078712585685967826,-0.25022842349500274
0.027443324340900979,-0.22148390609632154
-0.033874082684387928,-0.17778052443349177
-0.095727388884831871,-0.12037404941563024
-0.14416714130382291,-0.060426856759819285
-0.18176988623774515,-0.0018832092789684129
-0.20531284597319197,0.063154621007309744
-0.20601060020465697,0.10563868437322403
-0.18983530036087948,0.15723436520934261
-0.16065980486070194,0.17249821197696069
-0.12345069623661957,0.19969445743385245
-0.087564535372484528,0.20392402397712703
-0.051863756380081727,0.19902840712324901
-0.039958387635244508,0.17854613865763791
-0.032367304163247394,0.14749761160046226
-0.039830733832071162,0.10752505781723368
-0.057636947108752383,0.061288453141500776
-0.083399034209563142,0.019604239449955582
-0.10551522278643617,-0.024520331768020671
-0.12536987655095361,-0.060313662952194459
-0.139871459931175,-0.092518483327177894
-0.13495131408316791,-0.10945889700176757
-0.11484880364146643,-0.10982649888524769
-0.08119181661321484,-0.094788019214013378
-0.042548609076997777,-0.07155733716722143
0.0064139112510400859,-0.032928016003430399
0.059248249506693162,0.0080040060131784177
0.10341353934409461,0.04971073051821201
0.12046508834052472,0.088464601577340429
0.13399844433561656,0.11345278900549254
0.12852147575428588,0.12893827251992152
0.10628865235112024,0.13166585192581962
0.07269352431513211,0.11239532837628942
0.017676287269451498,0.08692512085498609
-0.044113566227162768,0.050500952163520456
-0.10220638143420878,0.0035010110171292451
-0.16271696306055911,-0.042158561109977691
-0.21351870433247114,-0.078776427701924695
-0.26560597794312862,-0.11958154533642218
-0.29581646594903399,-0.14294234482569868
-0.32485177865034315,-0.16115976586939948
-0.33637277257163439,-0.16610626201582226
-0.33145805718900723,-0.15483292229423395
-0.31375132815523205,-0.13730053239806692
-0.29236734593140867,-0.11399010639483216
-0.25015075912217005,-0.085378222220021727
-0.2128405688081077,-0.055115785171058584
-0.16118278719983697,-0.029034298510744194
-0.11196853067298192,0.00089890041377365098
-0.054343788903236802,0.032996242709814862
-0.0075440323304110293,0.057029905662347648
0.029021644385367459,0.087485836126140401
0.057763552589405166,0.10882883544082214
0.07377030031971557,0.12824522006000802
0.079800142597434454,0.14358272397700569
0.063365694862004593,0.16049473257329458
0.047462300235174379,0.15934313945353926
0.0082670152878428528,0.15545196208708595
-0.033984040280315188,0.1474666302180361
-0.072762634593993764,0.13448935668169576
-0.11479005408944835,0.10904288270818502
-0.13898599013550883,0.088360173101919112
-0.16026241653782936,0.054876594740498857
-0.16667694336188651,0.032492088670131675
-0.15119289232969585,0.0029194095135533461
-0.13029230360899272,-0.022055120845082602
-0.099128892450772541,-0.039125249396212682
-0.074948530585873543,-0.043958053404681792
-0.041439895803377008,-0.043010255476165882
-0.015826032338477562,-0.033463856295349273
-0.0021182796589116846,-0.0021794666038929354
0.0048600063954317759,0.026802157636553001
0.010772842265713452,0.07812491017446227
-0.0017343250869558593,0.11587732610644917
-0.009174230962224297,0.16295063914091454
-0.008101627380579195,0.2071788419900315
-0.0032099645540517828,0.2361221029863565
0.017163144206536134,0.24867490505646278
0.035579887855140761,0.24253628620147274
0.08092065972285134,0.23269306960422881
0.13621200414715801,0.20205483625914544
0.18082927764783135,0.160076533353191
0.23011843451701647,0.11086070440268427
0.26509751402589976,0.064398759216854853
0.28649858816350421,0.03029825756649061
0.29731239152471539,-0.0040950149414332648
0.28045132600878703,-0.021038638046928911
0.24871065507796489,-0.026046553222882629
0.21412815574321681,-0.019236211910591185
0.16139224162649704,-0.0030534783638619572
0.10229298690829798,0.018060044236276065
0.044638910688975568,0.036944879030244966
-0.0081416691926739244,0.040157070158216457
-0.038749347355872085,0.034264996470738197
-0.057187217622060312,0.01571312137054897
-0.063003384123475087,-0.02249393728710522
-0.053002348850233867,-0.069908590268001572
-0.036196264016828843,-0.11762607851966321
-0.0092921797180445503,-0.17109965083035492
0.02614134803698516,-0.22226233099199433
0.06603782676125565,-0.25404325389758364
0.092279141188467792,-0.26810381488717311
0.12441503696470221,-0.25510895190792265
0.14687474849589985,-0.23921327194326361
0.16227214248549068,-0.18508539658841655
0.17093062625751454,-0.12457378174659511
0.16877646329978149,-0.055482197728402606
0.16292335714760992,0.0049858658704173362
0.14026815772000123,0.068520226176553373
0.12439911942633312,0.1167397205207816
0.10057307741909996,0.15522046387750468
0.073324949369826489,0.1692611405643627
0.043512974941817578,0.17060467044019612
0.016180434938845956,0.17282459159111699
-0.010349042099303438,0.16146886846610667
-0.041028666347482583,0.13725652935552488
-0.060493038396863867,0.12308356278249512
-0.092859533566898911,0.10660666426871292
-0.10619451486363003,0.090155330232029679
-0.12254110815359086,0.085057752330725142
-0.12812321580040362,0.079267692122588218
-0.13582573502490145,0.076930612089384814
-0.14509898433307181,0.067314298400646774
-0.13610752653686548,0.07913369224266241
-0.13705088515047872,0.07208892174304421
-0.12705504176292842,0.070861427511510353
-0.12503508531077925,0.064229890699165265
-0.12853669874580495,0.058312075798225983
-0.12839590512034357,0.044874588336695248
-0.13592422797561621,0.027000969656307126
-0.13837618118718178,0.0048224703480528042
-0.14724015970143942,-0.016514776824347582
-0.15557340755106536,-0.037074537060370151
-0.15358705668425268,-0.063413131514083135
-0.15171668308472819,-0.082872479892605017
-0.14688431242901448,-0.10718973525417816
-0.14708665215423616,-0.13201448017602607
-0.13809524245914781,-0.14721502276627393
-0.12083067339856811,-0.1719911334741652
-0.10245125883075938,-0.18574696185899345
-0.097828434931233554,-0.19657651625628866
-0.076216890381508431,-0.1968982100757429
-0.071666883964679323,-0.18922468922336366
-0.057209366106848507,-0.17782702435569447
-0.039425783392081998,-0.15213463143010669
-0.029926386390027877,-0.1218720825769011
-0.015722613647900147,-0.08817543760178298
-0.0011081461284780641,-0.05029382850018789
0.01503614781553839,-0.019366334709028061
0.037633079221947696,0.0091329103515945531
0.05680588735699213,0.03812256191264176
0.068270133829432478,0.059069704099903676
0.09325082200516277,0.070990547851016106
0.10564215109827949,0.07656788411905488
0.11706262086828303,0.084076517259358108
0.12682593472059431,0.087439767037400931
0.13110975835378036,0.090259306247614274
0.12877661260244158,0.09451075124117464
0.11808706375831224,0.10460433132386245
0.10750665809593513,0.11136518492609974
0.088166152756025906,0.1304927411741722
0.065623547116294562,0.13185998215419883
0.043980516597488396,0.12656803125513094
0.02763402542818031,0.13142966920555627
0.0087862852640172278,0.10239005877190699
-0.0061090208121185891,0.075416323947734731
-0.0093018659283474556,0.036717378792607787
-0.011873433452652607,-0.014894590585617519
-0.0024060027134451649,-0.066703708630369188
0.011382961537567191,-0.12169013170594159
0.020560753460001475,-0.17634089784342813
0.039572082471549315,-0.22148810177189901
0.055056826751030505,-0.2573329979716219
0.071359261406350641,-0.28344453471994779
0.08486942421125461,-0.2939333913392721
0.10013457295091216,-0.29358648204902815
0.10052369913857076,-0.27924284118190218
0.1028915565703518,-0.25265593043365919
0.11259149984685025,-0.22431298735895056
0.12116451651363601,-0.17834865579763509
0.1275911559875203,-0.13225984571470692
0.13886864851635297,-0.085566274957936492
0.14878538178666012,-0.033398238687410965
0.16034772500791997,0.0057005705219238074
0.17957553564765596,0.054851280225838253
0.19719340383939554,0.082692778502456307
0.21306030615590277,0.10546780690057406
0.22726409678254245,0.1153820243926571
0.22952227464556171,0.10359835162938942
0.22747631538914248,0.079562894701117534
0.22322437683964666,0.036813187123762463
0.21783496697235835,-0.014484271904458199
0.19767419831561264,-0.069320212787915128
0.1763909253148678,-0.12889967763577984
0.1480137893523458,-0.18089318806426644
0.12460201811027012,-0.22802945900926727
0.10373835023431212,-0.24551677268346739
0.094671600490673927,-0.25315765935199463
0.088543071640045865,-0.24772658613114512
0.08723495209350178,-0.20363517532253356
0.092530836348440879,-0.14918331828738698
0.097189968876646174,-0.094313134165032661
0.098023655072928609,-0.0246132482172206
0.099214540127934611,0.040253852549952056
0.090919777986174455,0.10223105028982105
0.08053431624559064,0.14752757803583455
0.066171970885076731,0.17423383734427919
0.044615988067527597,0.1809229363465456
0.018674049844575238,0.16812432525384244
-0.0047752632208483848,0.13194610175266477
-0.031495380420096683,0.089354563743776372
-0.061892477327360161,0.034946489996926865
-0.07312556319040156,-0.023592344260763471
-0.088666204993678097,-0.090227563778158701
-0.097589700783639141,-0.14098814413521221
-0.10509132581713226,-0.1869191590246404
-0.10444172981976826,-0.22028716091171141
-0.091114027096603198,-0.23793345178318639
-0.074426981267084025,-0.24236502883534999
-0.063076356884951459,-0.2308046530143012
-0.044836695268704728,-0.21109570637768307
-0.019130631737276506,-0.18703591674153475
0.0078296346802835589,-0.14087414343370577
0.027545177106508605,-0.096399131418948181
0.058167143325863542,-0.050644384089662937
0.076506112600736989,0.007802013228336166
0.084606805874124696,0.052128897418659795
0.084738423091103104,0.099803321660389646
0.078255470371327407,0.14493602309037815
0.052496143195345291,0.16509063274361663
0.014705568283199934,0.18504088029992649
-0.03187865603250576,0.19168875366107996
-0.092803214154182342,0.17363160141486633
-0.1598897014809039,0.1537029805816193
-0.21029757338921284,0.12275996627257356
-0.26029267916237825,0.074025884351346077
-0.29694227537476037,0.025548695809305081
-0.30546320716128111,-0.027180390687025029
-0.29436189549408404,-0.081876420178019563
-0.26921763782076957,-0.12543576043061674
-0.22083781251060747,-0.16859303578410728
-0.163145474398419,-0.20010682040222516
-0.10095141032364538,-0.22362912784214567
-0.039853471853384732,-0.23233067824103279
0.015231340249673798,-0.231720955796276
0.058115175393387772,-0.21818724009653132
0.082469448963755937,-0.18797315072284554
0.093639119921669983,-0.15670799017745646
0.084215766142011414,-0.11338060959319743
0.06624856610702691,-0.055330951952609828
0.03345527579139837,-0.00042215949126043432
0.0033364448343452483,0.057557782527892898
-0.038013071916912111,0.11199551937102412
-0.070942637741003539,0.14756827648963669
-0.093332022524046862,0.18894489184344412
-0.10394226039582206,0.22401587221969441
-0.10438022002841993,0.23842864402101918
-0.095218575168057734,0.24805403773588164
-0.074205689178143033,0.24810684511885564
-0.059118291402234451,0.25151607229724166
-0.033152240496415034,0.25033187939710194
-0.0064675062736274328,0.25085371907620274
0.020938415067967571,0.25097152842420251
0.042187436315148465,0.25312373219423162
0.061953991567703204,0.26049701112815671
0.07879517867092263,0.26969671590712985
0.083147294240935921,0.2755328029707142
0.090931251300991237,0.27745030087458222
0.077129347181397245,0.27671268570172947
0.060223574035545901,0.2603204446150118
0.039199569709918683,0.23579760298634789
0.005654710604274445,0.20068659949744169
-0.030131063264263042,0.15676059486945734
-0.078289356015362091,0.12138599052150711
-0.12534051929830139,0.078670422441808913
-0.16444240411031369,0.045552010017720954
-0.20715785531980205,0.006025725090042372
-0.24530412593948803,-0.013266978043626084
-0.26537390224899443,-0.018910788485277052
-0.28153724229660798,-0.015876353419345932
-0.28618726508021086,-0.011161519093042152
-0.27605751401413492,0.0062051735992956925
-0.27023213811100455,0.015822650944596898
-0.25086147065661751,0.033241553303851944
-0.23208739968347961,0.043045859539677482
-0.21647604436039289,0.044585787548698338
-0.20474432424882075,0.052992587436355744
-0.1872980013013967,0.038782129965503412
-0.17835287167347236,0.034880115747915025
-0.17906162551049862,0.021745700199204302
-0.17178152536756033,0.0026778164505050499
-0.17203673657881025,-0.020386105688865862
-0.16365788546452453,-0.036909258725386015
-0.16477491004008407,-0.057718044379353413
-0.15126616200221099,-0.074101908441910724
-0.14031475187964909,-0.0890547196799438
-0.12246169727071889,-0.096880052369562764
-0.10616541372939807,-0.10546622617853647
-0.082817851394065736,-0.10167814853815037
-0.063872646986690235,-0.090373537785501459
-0.045144016514993557,-0.070652211898301828
-0.03018913386531881,-0.03687001601769388
-0.024160127497934406,-0.0018655615478485581
-0.016059977649394611,0.04678974244660123
-0.0023675953826340392,0.093576221271353607
0.0026549566537589124,0.13746202230702148
0.0078957059883058497,0.17905849341710309
0.005857137178082508,0.20973673969682641
0.01067377821057835,0.22055779686256477
0.013103074290239321,0.2185016301585154
0.013498142187154337,0.18572509262143455
0.012302067550201239,0.13748388887829743
0.019177152509723665,0.068773878623569332
0.02379032597433027,0.0020731280299383895
0.022857305834442409,-0.078240321116309006
0.020871788534835338,-0.15532106273798216
0.028364115136026408,-0.22241234353600034
0.027431723080412675,-0.27345153427079794
0.023526016746587206,-0.29157695578111326
0.022302832330090387,-0.29562258443725281
0.013391691314955368,-0.27896387850328247
0.0059047486008903041,-0.25372139857235754
0.0041218963037111412,-0.22311761299782823
0.0028555917792496633,-0.1901134043163932
0.0044674145501039288,-0.16040631947652434
-0.0018517002789345989,-0.14199683856242754
-0.00051666038038340051,-0.14622824432551551
0.004138026318731244,-0.15452305750998732
0.0079466628940135751,-0.18296287416900212
0.028789291319577325,-0.2174505854643464
0.034070872782672026,-0.2505623532265982
0.048922607968166831,-0.28067542933843304
0.058440993771538392,-0.30169987388894287
0.071425582549253422,-0.30947500811181017
0.080524262290960172,-0.29839425992970436
0.084497007139132149,-0.26914853049188148
0.097592219648947848,-0.22667019021653909
0.10795382559319874,-0.17781980463129315
0.12562079888824182,-0.12457028157309349
0.13595503122272087,-0.053929083481617207
0.14617999586507835,0.004306403962141497
0.16350573828404957,0.063028056252826301
0.17445989511659737,0.11066383385765907
0.18914405615453239,0.15090915643216279
0.20129609022390701,0.17580568746645062
0.21889919909008926,0.18625677753365907
0.22338885107177961,0.18948653558436285
0.2397023609068154,0.17269555006810999
0.24837825373212186,0.15719752024477343
0.25442805996142098,0.12470287481778304
0.25232699007529985,0.075059856619953819
0.25473526635800614,0.035525859118731185
0.25047892210655093,-0.015869380480442605
0.23723249270902391,-0.058116330400350864
0.22338830592585529,-0.10387133216075985
0.20480661834537114,-0.12730440372107354
0.18957114768016575,-0.14919532576039735
0.17381085057912063,-0.15366042342878994
0.15184953437905321,-0.13474171579598307
0.13903132231861748,-0.099870604345984396
0.12136521338122289,-0.058561067280071412
0.10470852646779429,-0.0030539164448778527
0.10265016497843943,0.066820224025090691
0.086883007819921879,0.12292645171178634
0.083577745412680815,0.17999941579657019
0.072403746465665178,0.21893655266780904
0.060864176350012539,0.25321700953501625
0.046317989999887975,0.26583854860178763
0.030681261820249196,0.26674264992514013
0.027478785314232521,0.25006716317977556
0.01834075789749055,0.22011683106198809
0.022444933399683439,0.18369971593112278
0.027364224511024139,0.13297110180168051
0.044812077784943199,0.079091038390924115
0.078590285973399274,0.034052914750189671
0.11486210750750543,-0.014072294542728639
0.15101044482090373,-0.062829055504460024
0.18788551340767981,-0.09244309551863053
0.21473608800178384,-0.11784172082359369
0.23316513435694022,-0.13086598413283929
0.23067624421236582,-0.13526085261416773
0.21755708666471529,-0.13575511692006134
0.17720392779327718,-0.12259383137529264
0.11901870724507198,-0.10514599393318123
0.043527675389273386,-0.079627119941323432
-0.02074898854420152,-0.05252668729719754
-0.099847863690623248,-0.018818515053115797
-0.15654567305693623,0.012015414796169523
-0.19846233383008288,0.049653471137306365
-0.21429801889597472,0.079550485424924627
-0.20076820444002338,0.10211495936305337
-0.16755251127708007,0.12572895967841241
-0.10323936375556708,0.14287064305895922
-0.026380029616236748,0.14602566466081507
0.052447800330569123,0.14791914082207103
0.13111951535440117,0.14346675415429302
0.20758556051944629,0.12956947041709665
0.25921974700437628,0.10651229650102857
0.29099599828353517,0.090109136899302833
0.29859281008943733,0.068562529692069857
0.275991468033636,0.0389152992027633
0.24373841024182363,0.017010838988349829
0.19058772950287986,0.0091396901059395096
0.13613310711206583,-0.019080688260050632
0.077603563554586086,-0.035162617167319478
0.020266481212609412,-0.035079868790342146
-0.020702400330688139,-0.036319969429134097
-0.056553554483259473,-0.034592797845431435
-0.075163266230574205,-0.033131672354248687
-0.07869884892939398,-0.028130433240013002
-0.079345128827554845,-0.021192262791629952
-0.064696167007432429,-0.005191766558291744
-0.050410853455059655,-0.0053068817936512162
-0.032820046199185771,0.0027276388340012232
-0.007613185152591297,0.0010605068002452729
0.0097350597165071304,-0.0019330330135549538
0.02262809709877385,-0.0055081802590919568
0.041078483603536962,-0.014362813139336628
0.050783364671994118,-0.01471072127171762
0.058187313188285371,-0.0074536151890715304
0.061045697355856098,0.00041500830946670977
0.053134644567977028,0.010570014813415848
0.046563677063738158,0.024835592474400627
0.027233956507336322,0.043126969805161654
0.0094751571765398241,0.065870850057046224
-0.012258985219681362,0.10004700545856382
-0.034800574545495705,0.12775205816427898
-0.059786811070555591,0.16493831398843917
-0.074536910178894522,0.19710711266934619
-0.087313164611729263,0.22946095919340231
-0.095295786337808761,0.25545895565321608
-0.084287163549352909,0.27640475433364781
-0.063380204978211827,0.28685193813567389
-0.053251026349254056,0.28877933147420387
-0.024305401084523934,0.28121551718237026
0.0037472283910956793,0.26100774602913962
0.036596969944747683,0.22489743091942105
0.06264882271202904,0.18327693486787558
0.080131662180875363,0.12514855786649035
0.10568877746583938,0.060469511673747388
0.11255992316732268,-0.0064037141180527469
0.11414375767948748,-0.069354706657265813
0.11643220830775217,-0.1221500629858375
0.10787586766561715,-0.17697841877319764
0.10579665127628664,-0.21337439332155275
0.099680104739618303,-0.23631056026192979
0.099693514162869742,-0.23664625401314462
0.092958919603013737,-0.22907819002512203
0.089122639395903064,-0.20266978184489681
0.093400111174035266,-0.16201368271498381
0.094976026946710396,-0.1130476555704131
0.088244846844507771,-0.06292673581481209
0.09548536814873558,-0.0038394792445674295
0.089052299974972174,0.044178163192084514
0.091188947141605692,0.087078099209868337
0.087507654294721918,0.12279337968625545
0.088206234438556311,0.14859659137545969
0.086424061723237716,0.15464568184862643
0.078934388356342255,0.15322093495294681
0.07868622395177563,0.1358391913744989
0.075085108134659365,0.11487349439626113
0.085522742384567405,0.090184504193265666
0.076781937704122005,0.049192089884070957
0.086267949594171764,0.0043199130936654919
0.082498340187867045,-0.034212476996317034
0.082914472238943146,-0.073848336742515508
0.072106034312708511,-0.10778646353375665
0.072135216174330524,-0.12771694609836443
0.054153026552071347,-0.14373317653893392
0.044390017922093281,-0.13744114445332828
0.032056458742878123,-0.11919598833576601
0.018563185453696552,-0.086415346040552107
-0.0060251104207256993,-0.044177334472634576
-0.026404238354520958,0.0067149814237645079
-0.051990938061672098,0.057588487589035432
-0.071614024391132763,0.11922339661986485
-0.087439509643011157,0.16220521503594615
-0.11023996646443543,0.196948171473737
-0.12821991051335624,0.21978796626995881
-0.13914548886021699,0.22735561336848101
-0.15127473392465973,0.22203580437406314
-0.15318868760962828,0.20262881445510714
-0.14176026256374902,0.17937824675399636
-0.13473490351165252,0.1451738849590416
-0.11966820193596632,0.11978845240880465
-0.10142680480584397,0.098906349975580302
-0.083987230178012254,0.084121137319718584
-0.061040582788506624,0.080865194831721027
-0.041419618492200293,0.085267328008917384
-0.017756680609674773,0.092797808318058478
0.0076120999749364135,0.11785481174818654
0.035858436752835517,0.12665254843082877
0.058607344658117386,0.12920659710693175
0.089199599171334285,0.1414569543034116
0.12157705790493434,0.12588334241949115
0.14602320936281701,0.10542787961594473
0.17045413503499554,0.079481257026234223
0.18768084897916637,0.041206188102026926
0.20040531228022809,0.0038833213850212761
0.19364485863795589,-0.034028433862229979
0.18056590388205537,-0.07235516423311146
0.15922758071543597,-0.10663670004975892
0.11382015458825601,-0.13367926568843891
0.066763358442125859,-0.14576816730353157
0.010363776366977311,-0.15190224308869274
-0.058256453209126598,-0.14877918036190346
-0.10943856766277825,-0.14645727507331766
-0.15644511458019816,-0.13270816751318143
-0.18989068810760407,-0.12822870341239614
-0.20027284066732001,-0.10913745152802469
-0.18942656464876578,-0.10162494730561601
-0.17086741448959625,-0.096298001543303258
-0.12364876163561793,-0.08921699837677495
-0.061839214150337725,-0.077859301357886754
-0.00054001372427530878,-0.071278089917520798
0.067160544348057349,-0.058895058672868948
0.13457526604964823,-0.047718971242477509
0.18403450781882935,-0.031640373875567722
0.22665811257884705,-0.0068990162104803189
0.25053760314055706,0.014796237545515872
0.25846733808862782,0.036954701800787228
0.26169032688384974,0.062906348771919529
0.24156456919011135,0.083492619785835984
0.22435400042777529,0.093242025636715978
0.21491533615303685,0.096049937985207917
0.20061055947299875,0.085246727010451911
0.19062031442046568,0.062581701644705889
0.19080901013020385,0.02595220789518515
0.20007285582984874,-0.015148077202804228
0.21026950585368953,-0.060405984206278303
0.21280944338274485,-0.11200212751716326
0.21640142470794946,-0.14556188856677243
0.21635513672771661,-0.16915260538459306
0.20153508297891809,-0.17466027274531887
0.18125820060201719,-0.15607525040366196
0.14627761653434959,-0.12612802986043664
0.097484558147070924,-0.075078076340501149
0.052429550594135454,-0.024549568337466594
0.0022435452358330983,0.035660219429999848
-0.047253475221045275,0.097264150260320009
-0.076454950183667852,0.14024582204315048
-0.1069131114449305,0.15120176124067958
-0.12289303790945884,0.14635509219645843
-0.12190139119532277,0.12326512435048463
-0.11055385878125819,0.076628389303429426
-0.09523218129987801,0.015286274661198293
-0.070763121042150004,-0.042279411599747657
-0.039634674487405701,-0.10122627205405042
-0.005694737309813078,-0.14107035746752045
0.026877429208271908,-0.16178030922246417
0.058229520050358655,-0.1575873662445143
0.084063390657690626,-0.12558355472518537
0.11316841951264385,-0.074952486365719856
0.1411368186821767,-0.015830099918977516
0.16199410061070052,0.044915290134679896
0.18017625276712285,0.10758096096043659
0.1933485140498033,0.15091463794221266
0.19486022515312365,0.17287197129145515
0.1990305204343637,0.16915025263307831
0.19978928256895434,0.13884861217551098
0.19554134940437659,0.096261924350301356
0.18095855308589617,0.024235063975561553
0.17544783258047578,-0.043724871463242151
0.16227236238345333,-0.11069738487364547
0.15235612926227063,-0.17101195388001691
0.14304351152434783,-0.20951423172044778
0.13002884333952192,-0.22034359746142548
0.12320885599326065,-0.21941145441173202
0.099024346004509975,-0.19207499885220802
0.093134083235347997,-0.15202522761611126
0.080500496372887725,-0.095801469503853209
0.06499795101708869,-0.042799719312128573
0.04184453671775195,0.010096130358127483
0.017186487128716708,0.052720239767798931
-0.0032556656732507568,0.083855547514281759
-0.041611627905723536,0.096517381927941723
-0.070347682982961957,0.10216403685009005
-0.11120783680967827,0.091540323448173588
-0.1479975304623703,0.074804295151219669
-0.17387949606200198,0.036317566556574365
-0.20190608153898026,0.0062649487231578628
-0.21539499181529126,-0.038669092485477757
-0.21241223930829845,-0.072141132416683851
-0.19793493065987738,-0.11037230456441106
-0.16552451911337709,-0.1363190774664341
-0.13394203327065696,-0.16197420179216149
-0.084923117203647536,-0.18023343566543143
-0.040728830596047622,-0.18863043530168605
0.014186663159539432,-0.19062270930358477
0.061490941514530405,-0.19159357022977255
0.10061656402327888,-0.1866307996308276
0.13206527595335563,-0.17737951312248745
0.1480162497668274,-0.15441374725212681
0.16969116897142547,-0.13457804193127387
0.17664623035896779,-0.10664574813939751
0.19766987933753505,-0.072852354811162451
0.21301556472072927,-0.039907724817263047
0.22902526379340341,-0.0045183711959232873
0.25607064034389104,0.023546688445070209
0.27888594496979041,0.050211826742658727
0.30409485095523336,0.079147340509321276
0.32094879335177734,0.093844315599984046
0.33680444965876916,0.09853513494736392
0.33036230753131585,0.095908718313400976
0.31357561469316203,0.087325922420035479
0.27318800751209282,0.070825157473105582
0.21697582261107012,0.045559670954670506
0.13768449394498206,0.020445368439337367
0.049747092068561267,-0.013214835845789658
-0.037666930517385747,-0.038130245032373819
-0.12849932095676839,-0.063399874563373232
-0.21285312780212781,-0.080389217183399531
-0.26511265314043275,-0.086326637286635255
-0.30728048498917176,-0.077335066406319181
-0.30775140939712614,-0.060484670703365044
-0.29119502738776332,-0.027697385089807566
-0.25577984393214415,0.012422934419375833
-0.20250650855619165,0.050397226316826402
-0.14000730100604966,0.097166753253882396
-0.081064596281255841,0.13934581311709682
-0.024009333065989055,0.16764600675192778
0.016222109753542983,0.18909005700709347
0.041527418676646888,0.19247726988345337
0.051060108942386911,0.19052720733977849
0.044533615790425501,0.16589131250822775
0.034902556196689631,0.1342294663757278
0.00092956852071627433,0.10171135129387489
-0.034205190881291342,0.058287714422690637
-0.076060302179184594,0.012643239546192215
-0.11020683358419185,-0.020751529550842539
-0.13684067616273071,-0.051267294040658135
-0.15839299412530525,-0.07057771383883224
-0.17413008844829159,-0.084769969127898873
-0.16771422611270642,-0.083612389140014676
-0.16841004593745373,-0.074535045281387421
-0.14876058561702737,-0.065168334838687988
-0.12271630064005372,-0.054576032611591885
-0.094660369202044972,-0.044396103727799195
-0.047824149588911076,-0.042760556302151136
0.0021134701265352971,-0.038520847910819403
0.049261846705860854,-0.033367543849527788
0.089399161434049662,-0.044455427804801134
0.12662811613949254,-0.0475112791394387
0.16428550083516252,-0.048379234614091417
0.17989608182921663,-0.053963649479321647
0.17558359004054527,-0.062023546895197047
0.15982432371050984,-0.057248192952681132
0.12503894254341777,-0.063232021681384323
0.075598752779085593,-0.056365427814673401
0.021335875572558168,-0.064134818452742937
-0.036471760267235032,-0.060926904839116801
-0.095975291009508606,-0.058353777314907811
-0.13924548864770525,-0.062739791504586959
-0.16588998593586102,-0.065794818883663037
-0.1761755069705658,-0.070010896867432323
-0.16309068635353813,-0.075576124825409804
-0.13532106035824218,-0.082240730621450056
-0.088136292631331423,-0.092356143014346151
-0.037500437897472517,-0.092251174949572218
0.012319470648819405,-0.091634362506778949
0.054147848824726834,-0.085013314443547927
0.09025787186504329,-0.071103395608597825
0.10479234597192411,-0.065634323310138382
0.10220182097122836,-0.048524899914535548
0.088442265407696077,-0.034626605754725544
0.052830226027033377,-0.015075767290707413
0.014586154171101696,0.0074629336459584644
-0.013713225425047841,0.026665807470677528
-0.046969308750824501,0.050332620051340773
-0.071106870485213552,0.075901643281099648
-0.078857312202390797,0.090202841807464448
-0.069617964411780434,0.10800950624834599
-0.058173632533210305,0.11755102689558339
-0.030146855086146063,0.12946010282341075
0.0042000981393204304,0.13203096708495385
0.032818915313399789,0.14586544530788065
0.058760576056167066,0.15355070647583047
0.076523153598590243,0.15105614369857712
0.084683209385718952,0.14223795921781823
0.088174032959513704,0.1392495766391588
0.087217674543423621,0.14072236149384865
0.074021457173274546,0.13173478444803874
0.065431762030034563,0.12601789384583539
0.047606690438422319,0.1182821998027703
0.038046898640313465,0.10819930272118763
0.029965219075343004,0.10639689590455631
0.021950527991545926,0.10727672077060922
0.02462322229818336,0.091674329568836713
0.023410765053516972,0.076303559011192804
0.028542301918028611,0.072549781638167235
0.043161426428506032,0.062592423829206337
0.054307479557041849,0.057864451165798393
0.061146898065008594,0.057289214149456293
0.076785736543417055,0.052897016676321663
0.094199653718647594,0.063539483045375669
0.098059601729984944,0.064295859861838361
0.11269469327473666,0.077923401163865577
0.1276204896087394,0.084024343567931634
0.12529686603376106,0.091039008060494031
0.12218581455793484,0.089498121939376021
0.11468878138527512,0.079625825632054101
0.098815365820759601,0.08270535589102819
0.080096491577808834,0.067954370431494451
0.054576515337821756,0.049121035277934266
0.023861378087494223,0.023459048201590997
-0.0076403033473506788,-0.00059070817707106756
-0.030657281614114032,-0.023984322289327616
-0.055559778390387234,-0.041982115389844629
-0.071222050375274321,-0.061542360920722718
-0.079279800291271227,-0.058497175306083053
-0.073837595357811925,-0.059532148423182364
-0.056470933812945052,-0.048257412588290333
-0.028373319787459161,-0.042639425486438239
0.0075651271987307598,-0.026077329063059939
0.045317605373538676,-0.00076115029641018409
0.083755307745212379,0.012163630522358953
0.12239731876892855,0.02171507485456254
0.14333662901243024,0.034003183504370767
0.16310267099688291,0.032474867384065353
0.16178847139880764,0.031326662930596993
0.14992176653022793,0.017826994737872422
0.13114607621327015,0.009048705732824942
0.10767011799056653,-0.010177311966117486
0.078520810349841832,-0.0342235315954195
0.048611162595840043,-0.070127531581809163
0.024310620705117185,-0.092468499052895226
0.0091526337853760319,-0.12129946434739391
0.0014579588476031548,-0.15554161829973867
-0.0060776156244262292,-0.18086729739056906
-0.0078159611546443856,-0.20967129221131595
-0.005986733673149747,-0.22652224292780257
-0.007773607105277856,-0.23649938598798154
-0.019068692212715226,-0.24305893268899387
-0.036265090958889051,-0.23194538327072362
-0.069806379551239514,-0.20606366718986735
-0.1030030653833011,-0.16334070980053661
-0.14878713641883984,-0.1158689609500209
-0.19409223589295882,-0.066364171554919887
-0.23403513794909112,-0.023883608377288559
-0.261078957331491,0.01382914873188431
-0.28196840515122035,0.034660498509109183
-0.28764695834876508,0.041726432072812535
-0.26842164941825014,0.021019487618159808
-0.24456928338632045,-0.025247147700985205
-0.18546373548648551,-0.087519904033920848
-0.13159842942856548,-0.15478534091597082
-0.071971204232054969,-0.22385365821888997
-0.015684436642658471,-0.27513724456224242
0.031149896062429884,-0.31195417198649278
0.04916621311816087,-0.31895863003027769
0.0558149294695491,-0.2923215509159206
0.042907378802786438,-0.23509869141091905
0.019618960130571447,-0.14913037155751069
-0.02314389369944278,-0.043440973499326761
-0.065403322512546172,0.054958689331513107
-0.10616976412699572,0.14875411497933849
-0.13700796957368716,0.21776748781103261
-0.15338808040725674,0.24721967262359243
-0.15451297393034313,0.25329872850733898
-0.13351706065759014,0.21016283313037301
-0.096168968240747804,0.1460568439542638
-0.045440546397933254,0.04594151917282157
-0.0024977644856301988,-0.058261108943601987
0.038596240086803978,-0.14765159818161985
0.075002271472062898,-0.21555618546721927
0.091542098789605952,-0.2571629367326585
0.089641468905967664,-0.26617276020689201
0.069671879618581636,-0.23107461553723438
0.030366045241834519,-0.16475265687413854
-0.0098340325010035212,-0.078490012192259248
-0.064652648034246016,0.020535723367226873
-0.10822640284346383,0.11410514170401176
-0.1392411908035659,0.19326626805646002
-0.1537447169356633,0.24596153164069567
-0.14951604481683251,0.259278570433851
-0.12122550393402058,0.24355911575955963
-0.077729782401898234,0.19534026378062871
-0.022934483042849049,0.12196046937871448
0.039086805452907596,0.031556113876181603
0.10205441800906792,-0.045581895459338377
0.15481244136790961,-0.12410773296939293
0.19286452876590351,-0.17843641892710918
0.21335620447150105,-0.1927544599130635
0.21557535411088685,-0.18943947515879378
0.20175383245649972,-0.15918347832671018
0.17641621596691467,-0.10895235893451231
0.12622667157279979,-0.037897104083823421
0.084068110138421831,0.024192576839455967
0.047947821965703026,0.087077701820813785
0.012374801313350722,0.13180718301228292
-0.0095499759632275295,0.15446901313922512
-0.023056980365961662,0.16003533549517024
-0.015010795128861684,0.15412434904053277
-0.013786799450614064,0.13172821934499568
0.0041335516838669119,0.11306549218048645
0.014058071161746765,0.093336057050984994
0.016749671429197636,0.084772350494555032
0.021748961138408469,0.091179579003000499
0.0064736195911280431,0.10194292699508584
-0.015289849328696788,0.13699412527849039
-0.036622101855302402,0.17589797971587262
-0.064610393520313864,0.22702806278224333
-0.090196534006770537,0.26438756052391521
-0.10773514934022273,0.30625034158003189
-0.10944963015477728,0.32561261779617623
-0.10047041695565131,0.33207035142379487
-0.075027088479485096,0.3110012219967721
-0.034671851971052346,0.27444898520155286
0.019412046159624254,0.21968912483882358
0.073218608166603388,0.15160585683811381
0.13909040934156619,0.08522187053719868
0.18339389714108703,0.0057938541049505328
0.215484521575184,-0.060596259740989651
0.21982968833919483,-0.12333802820776629
0.19787644803900836,-0.17019109126135493
0.15532756530708139,-0.20895731365692971
0.10016482551481334,-0.2284894376779342
0.028545925805787561,-0.22636368982843785
-0.055111262235079277,-0.22387138679664065
-0.12207768966844722,-0.19880369655360522
-0.18039786429770729,-0.17364535967045966
-0.22038133268661017,-0.14269979757773252
-0.22383758834010167,-0.10398975256768045
-0.20444490090722944,-0.057552104281764584
-0.16970055106480497,-0.014429205191172041
-0.11017061858276724,0.035691114720395739
-0.050940800920571294,0.088502831223910686
0.0083113126662157123,0.13684572562401184
0.05527241743530989,0.17846740891522242
0.084518580588720971,0.222385605768569
0.089542053008397821,0.24480240117707089
0.073999184500234294,0.27530959186849258
0.042567250862792387,0.28545123802647793
7.9907023861442925e-05,0.28741602648158698
-0.053216616042942859,0.28522592181918138
-0.095050608853010532,0.27068562904174909
-0.1234843033314701,0.26309480249878081
-0.13415913444982308,0.24240323953682527
-0.12345733920859249,0.22294009732223377
-0.075526232321189962,0.20549849215461424
-0.021670170011000654,0.18475787967640306
0.052291427251543614,0.16338276577465149
0.13306217494923411,0.13953910035795494
0.20436491968461626,0.12179707605765797
0.25697870986329857,0.093086271780983568
0.28903044064152489,0.060148223082508626
0.30659678396887979,0.02048798403640802
0.2955327082693876,-0.023018332351316281
0.25694475557301621,-0.066520996696528348
0.20518533962559157,-0.10971922307082374
0.13820911144853518,-0.14671532374945942
0.071744052328557101,-0.17441111767874484
0.010050337107864821,-0.18780540814054172
-0.048144880639515518,-0.17501113407340721
-0.089547242603566446,-0.15166642730158444
-0.11438538985718509,-0.10321675567014497
-0.13302434419322209,-0.040452244092827626
-0.13015633995385478,0.026500080162933412
-0.12755307152676551,0.10257620684421635
-0.11727781550434578,0.16525120382735423
-0.098566549397493319,0.22255256996519759
-0.082184524742507703,0.26253115982017744
-0.075275059458579013,0.28296927867648608
-0.058013019229671316,0.28487197843088902
-0.047032444306553255,0.26842352608076764
-0.031684278531545436,0.23776048291068161
-0.034727788050305339,0.19859134039603504
-0.022929033711512503,0.15042643810707321
-0.023834752924013165,0.12505316614894971
-0.013854457811297792,0.096009253223635391
-0.026259345501255131,0.082904270225168636
-0.018917391621610324,0.09050859637833969
-0.023576623939936897,0.1106450879573343
-0.023940897783017751,0.13581832927912318
-0.03341718771920902,0.16126622204863822
-0.042835463466337487,0.18352049849306262
-0.036271490900789814,0.19197459893153626
-0.025091507293112977,0.18609854057041345
-0.020682695101914457,0.15137187948064351
-0.0027340143980055399,0.10455703104053979
0.011053215532172462,0.041491227546838934
0.029534611833694199,-0.03920706810961145
0.04465299277194245,-0.12675224439866287
0.048856557820225605,-0.19612998310007257
0.049907703786664641,-0.25307896414472963
0.038878528995047526,-0.28880756551515185
0.024265077633448845,-0.30920690553303282
-0.0040979357725457778,-0.29257637221432709
-0.037464815195037082,-0.26157799416609645
-0.069008618215264009,-0.21444593389101066
-0.112938085248225,-0.16660545011867781
-0.14119443745381555,-0.11773991949643933
-0.16408198432674306,-0.088090730593004721
-0.17295387775407295,-0.078411698294323137
-0.18333983040815471,-0.085900589105734948
-0.16731780561895127,-0.11692272742394454
-0.14961708098049839,-0.15785379077921888
-0.12177238833850519,-0.21779468966016891
-0.090580610378086651,-0.27326408987416373
-0.05406751645134223,-0.32022881665113995
-0.0098662704743078897,-0.3421203476776149
0.042543242676019971,-0.34431837076170707
0.088542393896967247,-0.31802800305403733
0.13045642128386925,-0.26092582000749065
0.17752135029517435,-0.18871968866488262
0.20836545980891003,-0.091257300008864395
0.23533866386647223,-0.0013509012521141055
0.23947733964462323,0.091538915789740855
0.22635840288999701,0.16534919351852626
0.19716220983211988,0.20734680825561536
0.14674800987707995,0.22137751796970792
0.079414410056901086,0.20250551364780794
0.0078418575454733495,0.15420131838023932
-0.069032344283509725,0.091470213415772481
-0.13560102761743856,0.016904429882731487
-0.1935888158203343,-0.054583815093620591
-0.22828670912333193,-0.117024057639895
-0.22317024380659017,-0.15788957524627925
-0.19561948110971988,-0.17609416591418267
-0.137827763487639,-0.17434303658332526
-0.052630992053565522,-0.14413759230918186
0.039763293200136919,-0.098850897715409558
0.13273555347016211,-0.041219957835000161
0.21987495649780711,0.011060629438050317
0.29169130841648078,0.059161374475466426
0.33029952398676976,0.09609667769395247
0.33279664609677956,0.11781669317793597
0.3051220013537998,0.11848832061920858
0.25083313508940641,0.10817725008940152
0.16900731202444697,0.085648438201702565
0.083721502324192162,0.060237416552049526
-0.011725031996928188,0.022168368796738686
-0.095853217476542768,-0.00010926136353434784
-0.16409600759280082,-0.018949220963428607
-0.21406655415526485,-0.025473339347135211
-0.23926973524451464,-0.015884753223310292
-0.24003788656231806,0.0058754525171124897
-0.21749639398463289,0.036385414839076695
-0.18586777161232484,0.0690117637186832
-0.13231537032635998,0.10671006515303112
-0.08116923246684514,0.1264088860551838
-0.030710646080695264,0.15691757470375362
0.012924067852606469,0.14687376628877746
0.051567768788765074,0.15692338943115891
0.077802808919180802,0.14506234173383364
0.096552844807656565,0.12257825865690816
0.097438396485515374,0.10191461503859059
0.091937579559809704,0.075179024417112841
0.069012593718256882,0.049191468861557237
0.035821510009669454,0.03026816675763435
-0.021502193186215678,0.022595257441227069
-0.076646120381756569,0.0069863977595680223
-0.1351293372290456,0.0029135313049057214
-0.19379146970942943,0.0071103507992355819
-0.24160104782585423,0.00052752179605425158
-0.28862031544073152,-0.0030602279265539703
-0.3045428130123124,-0.011864492781277838
-0.30828735663605955,-0.028886834585481979
-0.28795575205613444,-0.058028010191777328
-0.24009182830933495,-0.087462191204059139
-0.17531872880389748,-0.11969243034465599
-0.097129729253537911,-0.14241042119232036
-0.0096176585286976476,-0.17003894441219733
0.059034263858406523,-0.17726225677364749
0.13045390289352871,-0.1735945399138164
0.17591058885262736,-0.15334237057537237
0.20991828982965965,-0.127437397505898
0.21351880788136079,-0.086819849212727465
0.19341585311809251,-0.033771116920132155
0.15563542754957962,0.027571213607556221
0.098681556004819898,0.08123524366193656
0.051560060131144489,0.13955384374253371
-0.0036988099395734199,0.18080229188658525
-0.045963602176412835,0.21118486351804003
-0.066703116593057041,0.22812627959826873
-0.080060814928159654,0.22479901146949102
-0.078363050484349134,0.21540809554571566
-0.055161568955089717,0.18183002195682441
-0.031376097037152953,0.14643019924584005
0.0098587375133136097,0.10563794068352293
0.046909085371757774,0.052562865982295065
0.090643488681232773,0.014299646186166259
0.13473983049507279,-0.038248331609652284
0.1664581338270047,-0.081084347674894808
0.19912274328539503,-0.11802469015835799
0.21921871148213776,-0.13970425973570416
0.23554433335444516,-0.14915297415086301
0.23557272725882156,-0.14622358072451877
0.22910949654275578,-0.13809985287187126
0.21175216715027967,-0.10867098049085694
0.19299441745711698,-0.063696659651302376
0.16235395627765448,-0.013882588971064494
0.12271082934097942,0.050465645589726195
0.083651468931599179,0.11597103647087527
0.043340938249048028,0.17133386324965297
0.0057002941570455891,0.23063258368792935
-0.025869004437961682,0.27088519133316818
-0.050567834292368601,0.29622490442409327
-0.072946059876835029,0.3138069093778359
-0.077795449923163493,0.30988247003981001
-0.075469479979689696,0.29497855396006389
-0.063993432171662451,0.26666070785828117
-0.049905893003546184,0.2321924415371904
-0.039302164738499838,0.19630547728741188
-0.026716039260372582,0.16060867100177822
-0.015472306235713265,0.13103198055333698
-0.010159277473813422,0.105836643807678
-0.018025756391011873,0.088866985258745854
-0.023560260435761551,0.097241062666694092
-0.047071584618575968,0.10215158850332415
-0.0722979674546817,0.11507936679789967
-0.10095485371768304,0.13224602192523305
-0.12554175745857155,0.14112997763840643
-0.14935888462151312,0.15173579997202316
-0.17062127705232297,0.15562985606781318
-0.1823862655568538,0.14610382089377502
-0.18362202795535057,0.13547515345548578
-0.19208083350049859,0.1079616446595684
-0.17786064104406654,0.078946039054574965
-0.16880528278090348,0.042937169114856254
-0.14797114887093463,0.01435176006307581
-0.12250741911118683,-0.018128077310751771
-0.096323256133750104,-0.054001181662995397
-0.066512275524290884,-0.076314919043499116
-0.039231691860415099,-0.09496320192470771
-0.014587269847923192,-0.11082974485072318
0.014420256575925772,-0.12458655355322737
0.045799552938881306,-0.1397043478168109
0.068086693118607683,-0.14068467498351364
0.083753817452464865,-0.14388556717589437
0.10012100084158811,-0.14698813908124153
0.10158451381744631,-0.13973673976823286
0.097059519804564842,-0.13163353799192831
0.095174871137135506,-0.11762135197247464
0.074093600891131331,-0.1027958614686223
0.063082955742419761,-0.087087722972086543
0.042227804810721498,-0.069091937305991488
0.019263273405426298,-0.049341332658722453
0.010957799119679975,-0.032551937653772636
-0.0095628539965517453,-0.0045089713445542372
-0.015176614633892653,0.0021583339319940827
-0.020819158041483606,0.012371115252612083
-0.026672925976822012,0.011225758916956787
-0.023936552966732375,0.013619256787022343
-0.026197127896847326,0.0097339819460746536
-0.022561211495923793,0.00092902396706273215
-0.017248804817066414,-0.015576099270827586
-0.019154059515796774,-0.026682247874228317
-0.018839159277858106,-0.052089630939653714
-0.017979559370841953,-0.068673963272580268
-0.016406432710108151,-0.096529246518159861
-0.020093737011882065,-0.11391937092911651
-0.0087096025425811869,-0.14081169250321407
-0.01037449353434274,-0.15748847430360707
-0.0077332591357091359,-0.17875603398556364
0.011158725153822404,-0.1894464013563347
0.020668175019218017,-0.20391629391888474
0.039136165787408167,-0.21207553376211252
0.04898620723039792,-0.21406192033350582
0.054508792798847898,-0.21156763595239839
0.050018216214836451,-0.2021536785125736
0.038100840239123017,-0.1888192640814442
0.017146372591494097,-0.16481979047854753
-0.016959534636860986,-0.13683126010338773
-0.054830374720842338,-0.1081174783115452
-0.091089184890437006,-0.075239085306970224
-0.1268025343181125,-0.046558743057210306
-0.16132629561084144,-0.022932779538494014
-0.18748656682234704,-0.0038007767260648953
-0.19044679955943489,0.0088678857552037249
-0.18937040026082202,0.0096258447369552726
-0.16745076256028696,0.014439061368760619
-0.1430037425511391,0.0061398789948400078
-0.10264376863468272,-0.00039991113014405371
-0.071923569085254394,-0.011064694206773022
-0.047002221232554764,-0.034297421555478866
-0.023070974591945174,-0.044216909607524661
-0.02740461803074784,-0.049017465420783238
-0.037649585790252696,-0.068837687082705851
-0.070334627877802897,-0.060949344979821816
-0.11829090722308204,-0.073605349115500346
-0.18047404624974253,-0.071255342710373953
-0.23056751260923197,-0.068058788245492649
-0.28767635377659678,-0.069155878820255368
-0.31438614097183787,-0.064723393482735495
-0.32550025418869449,-0.068139372039865032
-0.30925996917037363,-0.067735889867755972
-0.27030636892725551,-0.074613384535625424
-0.2087069834937571,-0.079935250269577943
-0.12425096840862686,-0.088797345023286928
-0.04196163522722509,-0.10685278208950821
0.043989618565324497,-0.12160170030412343
0.11997810595948771,-0.14213804148644707
0.16979097736627038,-0.16477756301372126
0.19837923323403636,-0.18328049194841742
0.2091634785692402,-0.21689689594860645
0.19298477469842407,-0.22823907590275561
0.16377390702524713,-0.24802078589748544
0.12560043156411929,-0.27494073868891106
0.088708134895719867,-0.27071800035177557
0.063815623120328679,-0.27328389433121364
0.057484110437499944,-0.26205567163454307
0.07221194132197381,-0.23560197010657238
0.10740176968661699,-0.19721287604046628
0.15897393063188883,-0.15997328934310781
0.2100203838504226,-0.10260604753362013
0.26552222794508828,-0.058486535846310896
0.30715000816818133,-0.0097132865423310427
0.3275569416764505,0.020827580521607242
0.32792033844612767,0.042885489555547135
0.29406389018906076,0.048301173450128604
0.22916926058282253,0.043510150516544679
0.15737662771975455,0.020222716589076106
0.061519574170798182,-0.0047669861112518046
-0.042356835043333443,-0.027356091122292942
-0.12669430402504209,-0.041969611601494421
-0.2113971348241164,-0.055921304800725539
-0.2676365667962492,-0.046079727079988066
-0.29813112445427725,-0.024999466749972124
-0.29646908504658043,0.013648745350087369
-0.27110909612345224,0.061231009187097743
-0.23142356463524258,0.12477566709996336
-0.17041060944366662,0.17458828885670227
-0.11436412793829499,0.22428142155883754
-0.050986306747171486,0.25756447437826763
-0.0034986906270439815,0.2795471230648241
0.035757208302212226,0.28050420543723503
0.061575135446792537,0.26555050746701053
0.06682678332670372,0.2198273078634356
0.070842785887570939,0.16821834568868588
0.051150509919058555,0.11338029643175521
0.028423649619124129,0.043928432408393142
0.0048761717659337039,-0.012964726968008274
-0.016647315552750515,-0.072735838370195899
-0.03859188294376234,-0.11693504366954448
-0.055766186009445558,-0.15783402950551162
-0.078596836164176911,-0.17659220497426023
-0.085829008266612355,-0.18721647587284015
-0.10124348584141979,-0.17702435331929667
-0.10956677283771162,-0.16796285692431392
-0.12051523025468332,-0.13579667147917557
-0.13142682844841555,-0.099724406973624752
-0.14393389878735921,-0.059484074405453509
-0.14996042439985394,-0.01246538101489144
-0.1606858289718297,0.033599324011613169
-0.16392625786717913,0.08815302051272049
-0.16180641425752576,0.13715800692620062
-0.15922335026655021,0.17412386524805287
-0.14366185860351333,0.2014159540088333
-0.12440188326199263,0.20745451989001681
-0.11142678414034153,0.20831911351021956
-0.093325928941748681,0.18135332821719136
-0.066482943596013477,0.15240282088332435
-0.051208740033885584,0.1083174402718417
-0.030463649561435005,0.065666513715652963
-0.007291403212057854,0.03299200165405948
0.012300496608215633,-0.0048757575195438963
0.029449852930029705,-0.013699325230287461
0.050348083259623422,2.9528948590458806e-06
0.071218471682864978,0.010554373439370997
0.078456624091505861,0.049565844648549066
0.090650827084686095,0.090569721806463471
0.097685445865515599,0.13285536436426582
0.094239779246371835,0.1720338234567933
0.076289234462965719,0.19850491145749358
0.041625357400771369,0.21273264887904844
0.0073122628843284429,0.20124173693582029
-0.048558952169670953,0.17462614249769562
-0.099212379977637016,0.12755210602360642
-0.14872304452067159,0.077263744919957786
-0.20537512246656078,0.025402016260145606
-0.24153398095304174,-0.017643582486389909
-0.27250159122744916,-0.056105318950243205
-0.29058105146823204,-0.087727133601013529
-0.29164987882751797,-0.081178406706687925
-0.27372053309245736,-0.067967825154698056
-0.25088076365024276,-0.030131610990776627
-0.21431862641663263,0.019536731039728614
-0.17149829163311711,0.078702955533373684
-0.13109638011102318,0.14735459816547938
-0.094090704778620318,0.2089192456473595
-0.058923310365412117,0.27106182574562226
-0.038795316269025312,0.32248497102132229
-0.027057867451037276,0.36531073794611124
-0.023003816982742988,0.3927531162263142
-0.030008351359260395,0.40249916903050798
-0.046589114275592057,0.4029436126230021
-0.05924989601590213,0.37761109349723154
-0.075156793252172546,0.34475641724075878
-0.094606775433010812,0.29078054118523095
-0.10560679169568456,0.22103594184014616
-0.10906620870770264,0.13764198618728035
-0.1098199201724573,0.047733957251268604
-0.099424701964119677,-0.042954377574833953
-0.081147950084889092,-0.1292280262558908
-0.050854217771946549,-0.19536028172271358
-0.0167710849600302,-0.25158640449736186
0.020297486647098732,-0.2739497013912161
0.056607641603787,-0.27971299341027661
0.092865821298085488,-0.25599378483646551
0.1356881296302854,-0.20729633939674474
0.17084146547880924,-0.14019316209993271
0.20860848941004329,-0.068145835093452733
0.23678609082321211,0.00057401584252432091
0.26521653118928595,0.06327511176556673
0.28781344898824568,0.10352582361760646
0.30253871372814417,0.12546101330708556
0.31172987031463012,0.11154412954563946
0.30594214835303862,0.084139123920856207
0.29568928367689451,0.044770097349478281
0.27526394310139246,-0.0039489694747799177
0.24926542301966045,-0.046217279504026106
0.21459514953315459,-0.074564239594823278
0.1781778091521462,-0.096808267073205362
0.13365598091954781,-0.08229688589536012
0.096596318147463139,-0.046798540555679911
0.063244275765947239,0.011130402586501845
0.022346449352740667,0.087450973405595628
-0.0090778713475237211,0.15868863406694575
-0.031389043469929927,0.23102131652483959
-0.044069766955497261,0.28840959714821174
-0.063947687516123453,0.32665795702521416
-0.069625721765206136,0.33474521843729904
-0.062498508867202519,0.31942135960644624
-0.050625757336683563,0.27832393656563398
-0.029993894793754805,0.22852318750636819
-0.010318797848807877,0.16291620638349172
0.012035667947685645,0.10424101221377201
0.030420168821856074,0.042069577994998039
0.053320628166550206,0.0085699985147429832
0.065729994908031761,-0.025422429333065912
0.074935818173296725,-0.033825662574319987
0.078891164592912913,-0.017988985872845926
0.082893222193732782,-0.0016529278505726056
0.076359448255079565,0.033582935115095802
0.068199351268382627,0.073393796550165522
0.06145280454049485,0.10962638530448796
0.050129410496818516,0.14644463039194816
0.045506100067268206,0.18341710325883304
0.046850862502104088,0.20242013075256124
0.045413524203132188,0.22831290692563025
0.036755008283939669,0.23641264346506755
0.030932318539187743,0.24300650758977391
0.027018533204684184,0.23955626893574081
0.011910174248636194,0.22719136574730331
-0.0081723751498411646,0.21589338026781671
-0.038266937366058837,0.20028158741558705
-0.077845344248843873,0.18240589346191874
-0.11350790532822222,0.15698658695797546
-0.15007769501948495,0.13543624748904293
-0.17993157730141557,0.11907050771970888
-0.19692420636956975,0.099531188568926343
-0.21049525741704275,0.093905359178545408
-0.20274450580056289,0.087652452302788064
-0.18030248313904032,0.088811424651563026
-0.16002858154246477,0.094602982487668727
-0.12359106756011475,0.11081052706089212
-0.07455382755756608,0.12885143339989963
-0.028925235926537604,0.15006410815809146
0.016849509184130498,0.17467815097572653
0.05702366734673979,0.18991035120384747
0.084222118861174214,0.19967236928080753
0.10680652207964819,0.20376217215897507
0.11647089437247847,0.20169605690388498
0.11169729466598376,0.18430916865949204
0.09656524503308829,0.16183511982859752
0.064295929327361903,0.13257952051660651
0.031291731125576108,0.1106064310653863
-0.0057334928285562668,0.075525778630522289
-0.055632703809056973,0.041013394061934647
-0.10212740455656903,0.0085953825388181433
-0.15368333932516579,-0.021765156181309534
-0.18961243778339013,-0.042764572131988317
-0.22304482712940507,-0.056898890754913056
-0.23957759992034902,-0.070212268929518776
-0.2486578996609583,-0.081325498516010647
-0.24035067226636508,-0.071917527540408449
-0.21690772093620658,-0.057991959683564416
-0.18555577121396008,-0.036598319189232974
-0.13280210774103202,-0.017324132407261467
-0.073359856274023319,0.010517606335930969
-0.0088233773869438471,0.039245533456056976
0.067474053259887659,0.071348699857701051
0.13088908745665326,0.090884448393042119
0.19077236218002397,0.10189860119091702
0.24228964019014404,0.1208355502161718
0.2789539401284018,0.12219450213820238
0.29243726258584513,0.10978963554790655
0.29864509399634193,0.092399306733917566
0.28102280462143864,0.072330780272975181
0.25868776405041621,0.04513484042156856
0.21588592149831384,0.031993862330579298
0.17599569505613535,0.015893139674317679
0.13422758966362797,0.021609001363338834
0.092319049122411331,0.024112280758391131
0.063062763383271978,0.046784994881454621
0.035151454586908999,0.077130049452299815
0.015147786356349799,0.10738278626271422
-0.0070239394335534066,0.15314698448359115
-0.024891584740967261,0.18847809089260975
-0.038859426460475584,0.22755187234110444
-0.062884401813942725,0.24818590464030649
-0.085597304162215379,0.26887059161703863
-0.10024890167762378,0.26904150852399789
-0.1207717361944058,0.26240261307445961
-0.14738295418849354,0.24255741064436331
-0.15878086771585392,0.21983695145711896
-0.15792909237242136,0.19090153098434384
-0.14587333853705517,0.16536138419420493
-0.11220180035080574,0.15136258935820218
-0.064627563585207284,0.13881582613314827
-0.017041590815390785,0.13025004778362637
0.040543583835569663,0.13014171488631271
0.10626976737405817,0.13357044262938089
0.16344129287873876,0.13573098149215757
0.20774168930920814,0.14854804726157078
0.23741472313838569,0.14152726198874116
0.25751705562368776,0.13043268249936674
0.25642593363672833,0.11800579582227151
0.239279078846732,0.10163559559855864
0.20469438803558504,0.066463364536430161
0.16023920573563877,0.032197016585808383
0.10266742389116724,0.0025176163662275057
0.047658829379952812,-0.034092473220734783
-0.0082291794599071554,-0.058874124285248165
-0.053943680696462833,-0.071032972642861528
-0.092113015788076028,-0.081670471658098029
-0.12443711816502674,-0.076265260355335707
-0.13771515419163444,-0.062742967906822517
-0.1367031986531565,-0.047256947748125118
-0.11972154174583018,-0.022314363230250836
-0.094131017762043745,-0.0018220108722114452
-0.064655795422061957,0.012040299186365906
-0.034337859269172884,0.017445774720209591
-0.0026870563066315242,0.013781670684733242
0.030165181939548494,0.0037193665545253605
0.057473063023337795,-0.013744318050454198
0.08299389848570693,-0.042875913233193938
0.098464682072766291,-0.056016259533022049
0.11831663190553332,-0.070131673112717896
0.12490915097515441,-0.07624761152966554
0.13539009191145976,-0.072355279598465785
0.14210044671822791,-0.060742873258854337
0.14948623603895245,-0.027713631311542686
0.14927472866119287,-0.00032390072984533284
0.1461764360875871,0.038552286370706984
0.13419188618922803,0.072274308018805605
0.12558376812413127,0.10317915095069762
0.10181478454755935,0.12042693874406245
0.068503265425855955,0.12127085784940214
0.026587665116742695,0.11842145298009404
-0.010340976992022232,0.087461981136081279
-0.049990945936587469,0.038983892681919562
-0.092192981675944932,-0.016278543431517484
-0.11012077935140303,-0.067207950472642275
-0.12901053136482779,-0.1245293980581639
-0.13042270435147102,-0.16580331581451196
-0.10732549557093851,-0.20838410448592856
-0.075223948511191019,-0.22225955691146113
-0.020398664279123367,-0.22453953971462737
0.036735857442431484,-0.20867303727638389
0.10570535918174281,-0.16821268417012106
0.16818301157288143,-0.12597681451914114
0.2246312876470945,-0.071511432083247034
0.2639185648135966,-0.014111715547961066
0.27993711149090222,0.030493506287356097
0.28736935004505054,0.074893613933249767
0.26942294053396282,0.11026584575924063
0.23280541352381878,0.13362214430600031
0.18082093596989818,0.15815875715780192
0.11329900652770068,0.17731757611914425
0.052312169665945256,0.19262275091493883
-0.0081963194928826189,0.22550359684103652
-0.057749926652115306,0.24728807743108036
-0.098595479869619682,0.28131605075304095
-0.11587157497809004,0.31340458273289767
-0.13400436967026952,0.349155200345029
-0.12445413240537724,0.37550985807681869
-0.11164087271592928,0.40068224091603971
-0.096809389214283184,0.40260999829802768
-0.069539120986788369,0.38564979625988782
-0.054521268492135171,0.35569841848923378
-0.04216329577190172,0.29401168653138982
-0.033980378493263845,0.21853097304204522
-0.027922150761295443,0.13148491234568721
-0.034940128387849864,0.043845366137882764
-0.045708746148432476,-0.049241351906902306
-0.054227893531244402,-0.12445576596505578
-0.064993472212517861,-0.18832679743524611
-0.072141941595185402,-0.21258106590412948
-0.087277497674799046,-0.21281818829959342
-0.095499164028233677,-0.18692977349080159
-0.092640122665147581,-0.14157349344287767
-0.098617339574039897,-0.078021906121024762
-0.10243311010207162,0.0017717530188537298
-0.10797209589824494,0.084394036150360521
-0.10406394991060709,0.16639260102269876
-0.1029544352557647,0.23547703901256092
-0.09843566320653839,0.28359142199570764
-0.086527898123933022,0.32369109616873226
-0.063091665927330037,0.34567416052379629
-0.045150830753755707,0.34351932495431298
-0.032756388189313347,0.34160326595038376
-0.021205347215892907,0.3205161358170816
-0.0027530671051586852,0.29552746733738033
0.0036888661975673399,0.26104743835477034
0.005162640889783663,0.2440587461953147
-0.0040069560704397815,0.20622649992675823
-0.020894502625998117,0.18547905059833955
-0.036314479861387972,0.17277717849408888
-0.049765824011540082,0.16186512951528897
-0.062564401580986306,0.14748421449977869
-0.059494227051339423,0.14013068163560824
-0.049032521517725955,0.13378781365840448
-0.030579239593363318,0.13258569903712727
0.0036696292263307308,0.13153922824731057
0.04386251655828946,0.11963712728431369
0.089529544937922159,0.1134392465163425
0.14121918939585579,0.10954305369489171
0.18815685153211348,0.09498439541537948
0.21849880307769817,0.088288087471224352
0.24277965633260307,0.070899368220116513
0.24105847613043366,0.053262298758547537
0.22531218767853148,0.022530028262461851
0.20467205586451107,-0.013436898699789996
0.16527902617871743,-0.05438418693356209
0.12618793478974827,-0.096438030395014862
0.091138901928811841,-0.1325665964858638
0.059987476889411688,-0.17413302933046956
0.035530960397573724,-0.20720953100054407
0.034070893162164564,-0.23032550199306306
0.041800102241509547,-0.24052365530495776
0.05820905937385347,-0.24013162584317588
0.093534158195282643,-0.22707058678919986
0.12316732133212786,-0.2055453709142685
0.15121233742830692,-0.19213569659188043
0.16918733963874941,-0.16357550838258572
0.16872121686108538,-0.15847549048378867
0.1676117042357553,-0.15226561293883417
0.13711874501625398,-0.15370831951878963
0.10938224683365191,-0.1549376888951482
0.074581797403606834,-0.16931050015153315
0.030843413717390314,-0.17388252415851949
-0.002789154255179619,-0.17887329354370404
-0.026721618338510958,-0.16514118353453985
-0.031665992562710181,-0.1467226856459766
-0.026117980974374663,-0.11342324163973834
-0.0040376195437112801,-0.05260938624639025
0.034960018254517028,0.0077470490428468153
0.078778064320633445,0.063473090333980103
0.12060272979777382,0.12021747026617696
0.17041877670943462,0.16142027061172859
0.21629322053953612,0.18157258608645691
0.25110729788508751,0.16611548676213767
0.26468615780318699,0.13487421662939206
0.27557084959403688,0.074471677194587818
0.26635945913339759,-0.0065448217854070902
0.24691607532691012,-0.099865085514818833
0.21761667934133538,-0.19014389929909106
0.18306399687531241,-0.27048473259388423
0.15104173588410647,-0.32323817294026241
0.099496445637348233,-0.33777383900777497
0.061822023646931963,-0.32395558629769311
0.018071845595470239,-0.2708897687212819
-0.018085690072636058,-0.18311260144141872
-0.058814555179147042,-0.080091472888713974
-0.083034676313788844,0.026794807572940182
-0.10073739157342405,0.13214164129961617
-0.11332888535689678,0.22084821868729318
-0.11024711160137353,0.27701925875698247
-0.09882632891338862,0.29948372576606974
-0.067674820012833953,0.29804072139045817
-0.034476557735543173,0.26507517056876434
-0.0040456623872618513,0.19594293435999835
0.035730349012864315,0.12584942229201668
0.070233279405438928,0.049321072320549927
0.096014102266021015,-0.0068938293512894053
0.11095827424071517,-0.052735021677389977
0.11371047279973295,-0.06995223182044269
0.11198934554203653,-0.066635765717781528
0.093942612168225373,-0.027120584550225698
0.075604180227034704,0.026061584004770079
0.060790507863869997,0.092672183536312389
0.03159710811009582,0.16523639332901233
0.025494913914776804,0.2150700690439768
0.023985646067490866,0.26375669385011902
0.032716123195444868,0.2849278906055619
0.054064932573222702,0.28582134426506906
0.079573026688269322,0.25689013681070494
0.12248878092324977,0.21932512954496244
0.16602386078550641,0.16685151820637573
0.20642018802286291,0.11313591065123876
0.24711182086027117,0.058057010568758706
0.27121495321488359,0.012033205739526407
0.28628104736558091,-0.02436046112463891
0.29380017189888757,-0.046579498793549251
0.27779425220024806,-0.06304334169876763
0.24894437599008609,-0.070305372887187439
0.20873306912640574,-0.068219197114335772
0.16590624362974063,-0.066855874947902863
0.1179197983187924,-0.071477446813454845
0.06341197730516196,-0.089986144349461422
0.0081964325686379978,-0.096536321759143673
-0.039289166649862248,-0.11854213457040391
-0.093773657510858616,-0.14120052809889796
-0.13656710251068196,-0.15596709140341722
-0.16857551355902425,-0.16449727850301141
-0.19851651203213838,-0.16905830067336519
-0.21597944430376795,-0.15843414016530613
-0.22298079412413593,-0.13421314180763283
-0.217062561608518,-0.09521859207985936
-0.20987984604515089,-0.050174927030374503
-0.18687360648711093,-0.0021719027354357096
-0.16164588706734331,0.055294340137079644
-0.12031907907886512,0.10687101999292301
-0.091612365589721537,0.1446979288856875
-0.052300734868767636,0.1780026634871798
-0.013886126247858987,0.19039003571295268
0.023464591557322272,0.18615890179513614
0.057060646737435071,0.17177504130376783
0.092613464601751086,0.13642786536387277
0.11275866085025031,0.087706455430286309
0.12792939647397911,0.038901066045257927
0.13920584073298128,-0.022074520509857618
0.14810074618994265,-0.089972453587117238
0.15520665768899508,-0.15411641913534579
0.1461441293753071,-0.21234600951560068
0.14023833444770145,-0.26930201525876035
0.12562387631578054,-0.30752257596294241
0.11341076306910458,-0.33762396442040898
0.1032648311416707,-0.34581595326407388
0.094270132611759344,-0.34238397602742843
0.08673827367875489,-0.3244677933426186
0.079010137547895293,-0.29818770760972663
0.075142574604557574,-0.25811231289325559
0.077341843526802873,-0.20536471014197999
0.073750016964695214,-0.15129919354234522
0.078520405450434663,-0.10735327346230376
0.07821285867370395,-0.045610099749733853
0.072180179779904027,-0.0035342787977850959
0.063852818775918793,0.039711150153381593
0.045447423804438371,0.076266155094530622
0.026803252742971566,0.099581896426853528
-0.0030787645182031032,0.1121056490838461
-0.03854712912825959,0.11698358521841999
-0.06530551746230269,0.10905662531006646
-0.098677561739819133,0.089508191873085063
-0.12691242753225621,0.059418393786050003
-0.14380733816058908,0.019158576711501674
-0.1506194297925352,-0.028252697367140114
-0.1495731336266834,-0.084963737038466464
-0.14363272526533361,-0.13746692305116878
-0.11905477898651019,-0.19518726080375973
-0.083627334282554075,-0.23951286518505249
-0.04332314633040861,-0.28291629255898904
-0.0072027183230339419,-0.29422791485654681
0.034526779017670935,-0.28676452300170852
0.066024548204593317,-0.26048666752576971
0.084460122034695245,-0.20217476744519741
0.098187082708900336,-0.12679631138409853
0.10329808764693571,-0.042856694793889982
0.098060503523571249,0.050928660338053156
0.083910320269992622,0.13849228838037586
0.074353954258098764,0.21343671657878077
0.056720662277361139,0.26448324829105846
0.036558293555767292,0.27572831921455604
0.019968584203369843,0.26538869558725087
0.010120271352254153,0.21192514831462697
-0.0015848896152082324,0.14129727463319888
-0.0088451770772259315,0.046783796681382744
-0.0085426679998158988,-0.049527756436676666
-0.011150591195250975,-0.14164021259192966
-0.014022641557154209,-0.2131191812797428
-0.017459253458214814,-0.25828475470951962
-0.0096830425767439453,-0.27270221603579864
-0.0086553449173835863,-0.24883431732205569
-0.0060551098990406591,-0.18740922146153238
0.00088998775240768137,-0.10436272861932115
0.023358041290996841,-0.0099420857022419727
0.037036640949173333,0.081838479449843043
0.052067079271394465,0.16828503545639939
0.072149950117409545,0.23801792412812678
0.098634964413524359,0.26311817282114536
0.12681822874692175,0.26462134377086372
0.1487509595871456,0.24165032556197283
0.17738172828321491,0.19407093441993206
0.20721338338666895,0.13499818414618406
0.22164040672325916,0.068217086689587522
0.23245548607244174,0.0025328987455198017
0.23485616250971145,-0.044156946493630916
0.23217968904447983,-0.083879800802694096
0.22907629320151079,-0.091921183856858393
0.21429650458511987,-0.08536479558051184
0.1941722875197584,-0.074561957715872346
0.17297287874090211,-0.043224708021257129
0.14251442019058214,-0.010963921248847104
0.10766376042606307,0.015495383366881894
0.075569783014244343,0.031712243544383782
0.043161094393309833,0.047315028092753335
-0.00035742273206342164,0.051112291038828951
-0.03958192745380186,0.056086786354616662
-0.066510495775544964,0.047179566225975869
-0.10084957329197704,0.03677980510081217
-0.11969356750691378,0.036644493714317737
-0.13852907548530863,0.031462466091121959
-0.14200620583257986,0.035846195210108164
-0.13944682228495289,0.045416250068006987
-0.12346965410476803,0.064619333749323604
-0.11143970689979896,0.080281807274866168
-0.085925502305764831,0.10298295874036265
-0.057001879156178221,0.12506395984278812
-0.037245273396501091,0.14213549622544772
-0.0016523512378713596,0.15925514360635884
0.011888919838130762,0.17829119762013174
0.022193867526145925,0.18747611232280645
0.031991221337090064,0.1933711537509322
0.035201408750013104,0.19600276775489209
0.030888581630734255,0.19089491753233656
0.028686042678014133,0.1864519981089775
0.021690691004928288,0.16970689279042164
0.020097565299432463,0.14655528123512213
0.019015398913082453,0.12119484927442015
0.023754588925870328,0.085892757469570605
0.025120445042321395,0.043837773996805759
0.033545578103292631,-0.0038680953122353064
0.040161327959608591,-0.043311583744483052
0.047144089226379186,-0.08279421792483882
0.044838334203484528,-0.12148533195572586
0.038703623544958092,-0.15184256475674771
0.022308442063300606,-0.17357596478002613
-0.0012627179710192251,-0.18000224569055712
-0.023898271114298826,-0.18701883437334427
-0.06082863917265411,-0.17015580479865242
-0.10584408745150972,-0.15392870734015621
-0.13861963127501956,-0.13434877116102187
-0.18626763806665342,-0.10920183159692962
-0.21933916854694829,-0.082572400702552257
-0.25263257694515528,-0.066209633747193908
-0.29070462634888783,-0.048806172831499343
-0.31289090817713605,-0.044170721758176025
-0.3326727290484256,-0.049260306662309863
-0.34073780758188876,-0.053812321554455242
-0.34103720049456004,-0.0722176897177427
-0.32593787208582475,-0.090180571621189379
-0.29866646478957498,-0.103092140514876
-0.2578201256723836,-0.1183933437065596
-0.21473099954682856,-0.12645720073824013
-0.15767860684935933,-0.1255809189383244
-0.090443102953829735,-0.11878247857698056
-0.027416127812055539,-0.10618547286138812
0.035143349984696086,-0.09489018520861435
0.087014596895162097,-0.082931455787634334
0.117390566019607,-0.072029585482952588
0.14735879522388173,-0.068828530658501141
0.14343399481405142,-0.076968706752794117
0.12597802675015488,-0.08192812829182608
0.098659889437374845,-0.10002461506646231
0.05306429572064926,-0.11640755115954271
0.012650280082866727,-0.13201764662055243
-0.026715957139411876,-0.13672941434981281
-0.063239744240418783,-0.13377075281200188
-0.079639632983104128,-0.11086869524679598
-0.082684131964299426,-0.072025389856918448
-0.070736180933117385,-0.017166014816278222
-0.032802400791225934,0.039305686845430676
0.002976471947180437,0.10483707044391004
0.051620113117930307,0.15795369123499506
0.093060489852777761,0.19850956881140772
0.12589315120985781,0.22307337311227099
0.1589510201055935,0.21605772736529485
0.17192295601226543,0.19111927432631351
0.16319622867010503,0.14423399503766643
0.13924933884879051,0.078874563722134056
0.10332187495565538,0.00063554326786973564
0.063414799189756607,-0.084983046482648497
0.020691408984252122,-0.15546411896197748
-0.019478345180142215,-0.20426211805507152
-0.060408848665400493,-0.23237314703001097
-0.098528619021716071,-0.22796345356670311
-0.12568962968800731,-0.19805844558346819
-0.13617360342424437,-0.14211715148826826
-0.1385822213826807,-0.074427477231365016
-0.12266724702907679,0.0089613735142948132
-0.12140784800114461,0.078423212340344287
-0.10251955849697157,0.13920631468412278
-0.08043565755787549,0.18240135200985624
-0.057596267490174081,0.19891158640776679
-0.028672857755309658,0.1911387005148403
-0.00043024912635559499,0.15466646027754269
0.025638566766702467,0.10571151124353904
0.049246295679500958,0.038737729115067503
0.07260779036389306,-0.037271179280725014
0.083203662098125367,-0.093626562217211148
0.094392165636071279,-0.15992536125163806
0.092397980842731792,-0.19599185029402336
0.087914607886818208,-0.22574715322599884
0.074307982929541799,-0.22738639356555967
0.055434070170384472,-0.2211176666546234
0.033010628718303098,-0.1995692329889989
0.0090615017631124044,-0.17986615948601664
-0.013918225159860491,-0.1469333758180793
-0.034462814613262553,-0.12965628635449664
-0.054762084830636944,-0.11324595096603962
-0.064306799955303737,-0.10049972424697151
-0.076528966298618759,-0.093127770589817041
-0.083308109201859423,-0.095383641821154677
-0.083498192159689941,-0.10110774755872505
-0.080269200666108029,-0.10691384547257922
-0.078637821928523935,-0.1070880327007739
-0.077739173742166837,-0.1186328587762282
-0.08858343117048334,-0.12098285058924879
-0.097825649129702513,-0.12684568213704375
-0.11239618549130369,-0.12754451249193685
-0.1189096556289692,-0.12918318897019201
-0.13552231292124853,-0.12869851617413711
-0.1538360865477767,-0.1340688710638053
-0.16308543936562508,-0.1255030115627282
