i,q
-3483,1028
-4410,1865
-5090,2735
-5457,3647
-5476,4531
-5118,5311
-4369,5918
-3239,6293
-1760,6429
-37,6277
1853,5846
3723,5191
5395,4375
6690,3477
7447,2580
7550,1760
6912,1070
5588,544
3674,289
1321,225
-1264,319
-3847,526
-6198,798
-8118,1085
-9533,1293
-10252,1440
-10390,1548
-9956,1536
-9093,1377
-7995,1045
-6875,525
-5932,-191
-5393,-1050
-5227,-2103
-5552,-3286
-6223,-4554
-7105,-5829
-8031,-7019
-8829,-8028
-9348,-8765
-9436,-9190
-9128,-9217
-8389,-8866
-7320,-8168
-6030,-7203
-4639,-6083
-3260,-4934
-1985,-3877
-879,-2996
46,-2343
810,-1981
1437,-1803
1965,-1706
2437,-1562
2885,-1244
3329,-650
3787,285
4263,1537
4694,3017
5141,4591
5623,6071
6163,7249
6786,7932
7504,7971
8324,7265
9177,5873
10093,3886
10903,1510
11484,-1000
11711,-3365
11473,-5320
10697,-6648
9423,-7220
7572,-6982
5320,-5980
2767,-4373
112,-2378
-2420,-249
-4598,1759
-6221,3420
-7153,4501
-7338,4992
-6712,4960
-5466,4396
-3796,3416
-1944,2166
-164,808
1316,-511
2390,-1731
2859,-2674
2743,-3264
2108,-3518
1106,-3453
-62,-3114
-1179,-2555
-2048,-1836
-2463,-1022
-2452,-151
-2067,716
-1393,1546
-602,2297
102,2930
521,3406
495,3694
-35,3745
-1094,3616
-2674,3258
-4532,2772
-6432,2232
-8120,1719
-9359,1317
-9969,1102
-9878,1162
-9022,1469
-7591,2100
-5689,2973
-3552,4034
-1445,5213
365,6436
1654,7628
2236,8768
2069,9731
1238,10438
-198,10879
-2065,11032
-4147,10886
-6219,10448
-8075,9740
-9509,8846
-10493,7742
-11004,6517
-11071,5236
-10779,3984
-10241,2851
-9572,1922
-8874,1270
-8175,911
-7586,898
-7087,1211
-6668,1773
-6283,2484
-5876,3217
-5394,3838
-4797,4222
-4052,4282
-3178,3959
-2181,3212
-1109,2121
-7,784
1076,-671
2098,-2105
3025,-3388
3820,-4354
4457,-5041
5007,-5445
5380,-5601
5549,-5589
5492,-5506
5192,-5449
4638,-5495
3824,-5642
2786,-5942
1544,-6438
162,-6980
-1293,-7461
-2746,-7765
-4121,-7790
-5348,-7463
-6340,-6777
-7121,-5683
-7575,-4336
-7783,-2755
-7770,-1060
-7571,615
-7220,2129
-6752,3358
-6224,4216
-5639,4633
-4934,4585
-4204,4111
-3477,3277
-2779,2176
-2137,911
-1569,-415
-1061,-1742
-672,-2952
-350,-4054
-114,-5001
61,-5804
210,-6491
372,-7099
583,-7660
822,-8219
1173,-8737
1568,-9148
1996,-9429
2390,-9513
2666,-9332
2734,-8828
2517,-7970
1980,-6806
1120,-5324
-45,-3556
-1371,-1673
-2704,174
-3863,1828
-4676,3146
-4999,4016
-4701,4368
-3865,4195
-2493,3615
-800,2683
995,1544
2651,363
3940,-693
4679,-1475
4715,-1945
4092,-1939
2946,-1515
1393,-702
-348,392
-2028,1619
-3409,2818
-4291,3838
-4518,4515
-4093,4853
-3042,4852
-1502,4563
345,4090
2286,3568
4107,3133
5624,2902
6721,3019
7272,3381
7241,4057
6660,4875
5596,5703
4145,6405
2421,6861
544,6989
-1340,6784
-3159,6208
-4817,5400
-6208,4411
-7242,3362
-7841,2384
-7942,1598
-7508,1100
-6493,907
-5021,1123
-3138,1686
-1019,2582
1156,3739
3191,5061
4895,6439
6104,7765
6713,8998
6663,9946
5934,10562
4643,10780
2938,10573
1003,9945
-964,8924
-2774,7563
-4299,5936
-5401,4114
-5997,2140
-6133,119
-5875,-1873
-5329,-3771
-4624,-5516
-3887,-7054
-3238,-8398
-2731,-9387
-2479,-10021
-2438,-10213
-2582,-9921
-2867,-9128
-3244,-7849
-3665,-6137
-4063,-4150
-4458,-1900
-4820,379
-5154,2570
-5461,4501
-5733,6004
-5955,6937
-6103,7195
-6175,6667
-6110,5474
-5824,3680
-5354,1447
-4707,-1026
-3910,-3523
-3003,-5826
-2038,-7744
-1061,-9194
-123,-9959
673,-10108
1356,-9588
1926,-8469
2395,-6872
2782,-4950
3109,-2864
3455,-763
3711,1225
3913,2943
3996,4392
3916,5567
3638,6493
3139,7214
2421,7782
1443,8271
350,8648
-756,9024
-1812,9319
-2728,9511
-3424,9582
-3840,9521
-3943,9338
-3757,9046
-3272,8694
-2501,8370
-1537,8099
-455,7925
666,7883
1753,7987
2735,8229
3561,8610
4144,9052
4501,9438
4531,9754
4196,9943
3471,9957
2359,9763
889,9342
-900,8629
-2866,7716
-4866,6710
-6749,5575
-8348,4341
-9500,3040
-10069,1706
-9962,370
-9172,-940
-7672,-2170
-5600,-3259
-3071,-4162
-276,-4823
2563,-5190
5223,-5222
7498,-4901
9270,-4194
10362,-3198
10731,-2081
10416,-889
9507,249
8150,1195
6517,1826
4789,2050
3142,1851
1685,1223
546,160
-269,-1130
-769,-2460
-997,-3630
-1015,-4445
-888,-4751
-680,-4458
-406,-3507
-121,-2044
214,-121
622,2087
1128,4364
1745,6481
2470,8227
3264,9464
4085,10063
4867,9909
5512,9117
5928,7799
6037,6111
5780,4228
5134,2321
4086,560
2711,-996
1182,-2276
-462,-3282
-2103,-4046
-3621,-4619
-4907,-5059
-5873,-5414
-6491,-5706
-6675,-5965
-6534,-6135
-6035,-6214
-5243,-6165
-4245,-5948
-3140,-5535
-2029,-4917
-1012,-4176
-137,-3249
513,-2225
954,-1168
1201,-166
1287,691
1257,1322
1158,1664
988,1673
852,1352
780,772
777,-33
843,-977
967,-1960
1133,-2881
1321,-3652
1580,-4160
1808,-4425
1978,-4531
2125,-4444
2267,-4220
2429,-3931
2640,-3649
2920,-3435
3266,-3355
3693,-3367
4129,-3461
4556,-3565
4913,-3598
5130,-3475
5143,-3122
4905,-2486
4391,-1542
3623,-337
2732,1136
1771,2735
868,4349
166,5860
-203,7164
-142,8172
442,8852
1449,9115
2802,8996
4322,8474
5796,7575
6996,6345
7711,4843
7776,3142
7094,1258
5684,-613
3627,-2397
1115,-3980
-1611,-5265
-4279,-6175
-6621,-6655
-8410,-6681
-9530,-6197
-9827,-5356
-9334,-4179
-8129,-2798
-6372,-1325
-4270,130
-2049,1471
71,2617
1893,3478
3305,4046
4187,4328
4552,4279
4436,3893
3910,3177
3066,2150
2002,854
785,-580
-453,-2159
-1688,-3733
-2832,-5166
-3840,-6293
-4680,-6947
-5324,-6983
-5750,-6300
-5969,-4919
-5917,-2808
-5603,-225
-5011,2660
-4151,5540
-3051,8067
-1759,9897
-341,10746
1078,10426
2501,8919
3770,6332
4869,2953
5743,-819
6350,-4516
6664,-7665
6678,-9859
6396,-10775
5846,-10393
5170,-8727
4362,-6101
3496,-2931
2651,293
1909,3082
1341,5018
971,5809
874,5369
1028,3740
1412,1207
1968,-1843
2611,-4954
3251,-7672
3798,-9610
4210,-10509
4404,-10242
4368,-8843
4146,-6513
3804,-3552
3436,-324
3141,2803
3011,5503
3079,7520
3400,8717
4009,9096
4785,8691
5619,7633
6377,6104
6931,4294
7172,2385
7024,552
6491,-1119
5607,-2645
4484,-3918
3265,-4919
2111,-5638
1178,-6074
589,-6221
482,-6050
781,-5629
1376,-4880
2198,-3918
3096,-2809
3902,-1636
4458,-486
4641,551
4430,1427
3749,2051
2652,2366
1263,2409
-262,2228
-1744,1894
-3008,1497
-3905,1125
-4360,864
-4275,728
-3708,825
-2699,1055
-1360,1355
161,1646
1704,1843
3115,1873
4235,1659
5022,1241
5384,566
5346,-262
4941,-1167
4227,-2064
3271,-2876
2142,-3544
874,-4077
-423,-4390
-1779,-4517
-3108,-4479
-4379,-4319
-5570,-4091
-6662,-3849
-7633,-3640
-8393,-3544
-9009,-3520
-9450,-3513
-9675,-3558
-9650,-3636
-9347,-3722
-8745,-3793
-7840,-3827
-6714,-3742
-5300,-3626
-3716,-3477
-2014,-3287
-299,-3053
1313,-2769
2706,-2419
3779,-1988
4418,-1452
4667,-816
4587,-97
4233,693
3725,1517
3207,2327
2820,3068
2680,3691
2787,4133
3257,4426
3971,4568
4838,4614
5681,4630
6294,4690
6475,4863
6063,5196
5016,5659
3269,6290
931,7053
-1780,7812
-4575,8433
-7121,8771
-9088,8693
-10197,8099
-10198,6969
-9153,5266
-7040,3118
-4147,639
-795,-1981
2649,-4520
5818,-6754
8402,-8485
10228,-9502
11111,-9843
11157,-9462
10456,-8484
9240,-7058
7797,-5371
6425,-3615
5382,-1961
4823,-606
4880,475
5474,1265
6506,1797
7763,2147
8986,2406
9909,2662
10305,2980
10007,3463
8978,4019
7218,4591
4893,5153
2215,5646
-572,6013
-3220,6214
-5518,6224
-7381,6022
-8625,5640
-9311,5014
-9479,4197
-9260,3186
-8818,1968
-8322,528
-7919,-1137
-7698,-2959
-7733,-4932
-7907,-6999
-8210,-8950
-8524,-10583
-8705,-11681
-8614,-12044
-8138,-11524
-7266,-9992
-5907,-7621
-4235,-4476
-2304,-917
-287,2687
1617,5937
3210,8457
4328,9945
4915,10171
4891,9167
4266,7056
3237,4092
2018,639
857,-2884
-3,-6062
-364,-8536
-130,-9990
788,-10394
2216,-9800
4054,-8336
6059,-6255
7943,-3869
9419,-1501
10244,556
10272,2085
9429,2944
7865,3019
5724,2397
3290,1183
899,-477
-1109,-2417
-2450,-4474
-2885,-6505
-2450,-8375
-1125,-9932
795,-11112
2993,-11833
5106,-12027
6784,-11641
7740,-10651
7862,-9117
6987,-7051
5286,-4495
2913,-1702
170,1091
-2591,3616
-5013,5612
-6792,6850
-7648,7108
-7583,6449
-6659,4825
-5006,2482
-2867,-314
-536,-3246
1689,-5984
3546,-8232
4814,-9755
5435,-10461
5383,-10237
4744,-9251
3657,-7685
2292,-5776
820,-3774
-608,-1908
-1932,-367
-2993,757
-3878,1418
-4526,1666
-4977,1599
-5285,1343
-5511,1033
-5708,793
-5851,685
-6069,792
-6346,1190
-6696,1809
-7109,2604
-7568,3520
-8049,4497
-8525,5487
-8942,6417
-9302,7275
-9639,8114
-9876,8826
-9984,9366
-9933,9684
-9697,9735
-9252,9478
-8537,8825
-7628,7896
-6455,6647
-5088,5202
-3555,3658
-1893,2124
-141,708
1649,-493
3465,-1341
5167,-1913
6641,-2093
7821,-1981
8611,-1625
8931,-1084
8719,-412
7946,338
6635,1132
4830,1913
2653,2659
240,3322
-2232,3862
-4577,4241
-6616,4428
-8199,4404
-9230,4160
-9668,3744
-9469,3201
-8771,2630
-7712,2143
-6459,1855
-5190,1871
-4068,2263
-3213,3029
-2744,4192
-2599,5585
-2835,7108
-3391,8566
-4172,9742
-5063,10424
-5945,10436
-6739,9699
-7347,8173
-7639,5852
-7681,2983
-7506,-176
-7166,-3323
-6725,-6155
-6239,-8402
-5689,-9893
-5191,-10487
-4777,-10181
-4401,-9096
-4030,-7428
-3621,-5430
-3133,-3375
-2537,-1514
-1798,25
-961,1028
-132,1473
673,1434
1376,1053
1899,520
2172,40
2152,-206
1856,-119
1252,399
506,1266
-351,2394
-1197,3603
-1897,4676
-2320,5401
-2369,5602
-2038,5208
-1272,4180
-116,2579
1264,625
2682,-1424
3925,-3281
4787,-4673
5095,-5385
4767,-5251
3717,-4317
2078,-2786
-57,-812
-2477,1310
-4924,3250
-7130,4694
-8857,5391
-9882,5185
-10207,4046
-9775,2174
-8759,-280
-7360,-3010
-5820,-5665
-4381,-7901
-3253,-9426
-2510,-10074
-2311,-9731
-2590,-8444
-3238,-6397
-4068,-3859
-4857,-1150
-5379,1398
-5447,3491
-4974,4955
-3883,5595
-2260,5391
-249,4432
1932,2881
4024,958
5772,-1099
6959,-3064
7407,-4725
7100,-5994
6087,-6849
4489,-7268
2505,-7310
368,-7063
-1686,-6626
-3453,-6088
-4764,-5523
-5587,-4960
-5972,-4362
-5977,-3737
-5741,-3051
-5427,-2267
-5194,-1362
-5168,-339
-5414,748
-5980,1893
-6721,2971
-7606,3924
-8501,4660
-9253,5094
-9714,5164
-9766,4833
-9345,4115
-8430,3010
-7025,1683
-5253,157
-3249,-1459
-1164,-3047
851,-4491
2661,-5691
4189,-6522
5317,-7006
6059,-7165
6385,-6999
6325,-6560
5934,-5919
5277,-5151
4426,-4330
3383,-3544
2327,-2801
1231,-2092
195,-1448
-745,-865
-1572,-325
-2279,189
-2869,689
-3334,1247
-3698,1744
-3913,2247
-3997,2680
-3929,3022
-3687,3263
-3253,3405
-2620,3461
-1739,3399
-770,3304
290,3153
1284,2945
2094,2645
2610,2202
2751,1561
2472,677
1755,-440
683,-1799
-547,-3359
-1857,-4960
-3081,-6431
-4053,-7579
-4622,-8220
-4680,-8210
-4124,-7412
-3025,-5964
-1485,-3912
397,-1532
2457,882
4510,3011
6373,4561
7884,5297
8943,5063
9433,3889
9285,1935
8543,-587
7260,-3350
5525,-5991
3449,-8155
1155,-9546
-1288,-9999
-3655,-9399
-5788,-7831
-7590,-5469
-8954,-2595
-9796,450
-10063,3316
-9740,5686
-8916,7287
-7563,8027
-5791,7824
-3752,6780
-1622,5050
408,2842
2148,384
3432,-2101
4144,-4490
4205,-6539
3601,-8150
2409,-9281
757,-9922
-1184,-10097
-3212,-9848
-5129,-9230
-6764,-8288
-7970,-7106
-8624,-5674
-8728,-4103
-8310,-2457
-7442,-805
-6225,786
-4771,2247
-3233,3469
-1605,4478
-51,5186
1474,5607
2962,5743
4410,5612
5810,5248
7144,4701
8386,4098
9468,3392
10346,2767
10949,2224
11225,1839
11143,1683
10697,1821
9909,2294
8877,3100
7577,4233
6191,5543
4727,6954
3260,8307
1864,9420
605,10118
-459,10256
-1350,9685
-1927,8492
-2225,6790
-2206,4726
-1884,2536
-1295,490
-492,-1148
454,-2162
1533,-2349
2553,-1805
3525,-513
4338,1253
4957,3213
5373,5058
5604,6488
5681,7263
5627,7294
5472,6446
5252,4759
4915,2426
4410,-305
3679,-3146
2667,-5799
1342,-8000
-236,-9533
-2053,-10275
-4065,-10222
-6020,-9382
-7696,-7859
-8862,-5807
-9313,-3406
-8907,-843
-7638,1770
-5472,4187
-2684,6253
527,7899
3815,9058
6791,9693
9080,9789
10367,9354
10519,8387
9380,6996
7083,5148
3879,3002
155,661
-3626,-1765
-6986,-4164
-9503,-6426
-10830,-8477
-10897,-10184
-9759,-11463
-7635,-12264
-4894,-12555
-1989,-12333
617,-11624
2521,-10491
3377,-9052
3188,-7366
1942,-5641
-66,-3969
-2470,-2492
-4847,-1343
-6781,-633
-7935,-434
-8164,-706
-7313,-1540
-5490,-2742
-2945,-4250
-30,-5885
2857,-7438
5321,-8692
7034,-9451
7821,-9544
7503,-8938
6198,-7659
4018,-5802
1217,-3547
-1891,-1125
-4978,1215
-7743,3242
-9940,4839
-11410,5823
-12181,6100
-12205,5817
-11569,5129
-10411,4246
-8888,3387
-7153,2749
-5343,2425
-3554,2524
-1745,3094
-2,3943
1680,4877
3322,5665
4939,6082
6530,5944
8003,5115
9405,3605
10628,1590
11588,-822
12183,-3389
12315,-5835
11912,-7895
10940,-9348
9459,-10013
7453,-9932
5115,-9159
2552,-7882
-49,-6346
-2486,-4822
-4567,-3569
-6130,-2792
-7117,-2679
-7398,-3172
-7085,-4112
-6224,-5404
-4975,-6831
-3539,-8151
-2129,-9134
-939,-9596
-104,-9410
269,-8545
287,-7082
-27,-5101
-514,-2763
-966,-255
-1171,2233
-942,4525
-231,6542
1068,8084
2921,9056
5086,9452
7289,9274
9210,8552
10538,7341
11017,5719
10505,3850
8991,1760
6513,-442
3408,-2573
46,-4471
-3154,-5968
-5787,-6914
-7516,-7193
-8080,-6769
-7468,-5623
-5861,-3749
-3435,-1373
-541,1283
2415,3958
5026,6384
6950,8315
7946,9528
7924,9944
7011,9571
5355,8444
3256,6707
1072,4559
-841,2228
-2175,-63
-2675,-2139
-2331,-3876
-1168,-5128
635,-5984
2821,-6524
5093,-6867
7156,-7138
8757,-7448
9650,-7935
9851,-8504
9337,-9196
8204,-9871
6592,-10410
4662,-10695
2579,-10625
485,-10138
-1439,-9212
-3188,-7886
-4777,-6275
-6087,-4456
-7069,-2549
-7673,-673
-7850,1068
-7567,2592
-6824,3835
-5657,4770
-4087,5453
-2312,5840
-527,5942
1044,5780
2179,5376
2697,4764
2549,3919
1636,3022
6,2042
-2084,1147
-4331,441
-6377,16
-7868,-58
-8502,255
-8058,907
-6534,1920
-4030,3213
-831,4658
2667,6111
6000,7418
8708,8431
10397,9030
10818,9162
9887,8731
7619,7857
4366,6540
551,4896
-3330,3075
-6779,1250
-9372,-408
-10768,-1818
-10922,-2790
-9874,-3188
-7868,-3079
-5267,-2521
-2495,-1612
22,-475
1918,759
3005,2041
3054,3192
2174,4137
473,4899
-1790,5511
-4292,6035
-6699,6544
-8714,7100
-10142,7691
-10817,8390
-10742,9094
-9991,9739
-8723,10195
-7148,10317
-5486,9970
-3937,9058
-2645,7524
-1729,5470
-1147,3025
-919,427
-972,-2039
-1208,-4073
-1523,-5404
-1832,-5828
-2128,-5316
-2304,-3778
-2483,-1484
-2642,1361
-2847,4390
-3175,7189
-3692,9352
-4440,10542
-5356,10531
-6515,9270
-7724,6882
-8930,3626
-9987,-100
-10730,-3828
-11009,-7084
-10707,-9454
-9836,-10636
-8309,-10505
-6253,-9117
-3830,-6671
-1273,-3507
1149,-48
3169,3273
4563,6064
5117,7994
4871,9008
3976,9009
2547,8223
847,6909
-816,5380
-2135,3951
-2852,2886
-2740,2298
-1871,2377
-289,3010
1751,4127
3934,5539
5912,7019
7349,8337
7982,9296
7664,9770
6358,9674
4197,9064
1411,7987
-1669,6570
-4672,4970
-7230,3343
-9034,1832
-9857,514
-9631,-481
-8315,-1226
-6099,-1659
-3216,-1811
56,-1735
3424,-1492
6616,-1135
9395,-768
11587,-333
13177,250
14044,927
14184,1710
13634,2613
12457,3634
10740,4753
8534,5939
6034,7131
3320,8189
566,9080
-2077,9728
-4463,10065
-6456,10047
-7945,9652
-8788,8884
-9059,7809
-8752,6458
-7951,4957
-6772,3412
-5355,1931
-3850,610
-2404,-473
-1187,-1324
-207,-1784
410,-1940
706,-1716
708,-1126
464,-210
38,969
-502,2331
-1091,3753
-1664,5185
-2062,6511
-2290,7657
-2292,8548
-2018,9129
-1428,9360
-509,9225
675,8665
2158,7808
3733,6704
5329,5415
6769,4019
7857,2598
8399,1228
8239,-19
7334,-1091
5638,-1904
3178,-2482
240,-2739
-2872,-2651
-5806,-2209
-8206,-1429
-9766,-347
-10283,1045
-9683,2587
-7941,4105
-5337,5561
-2199,6856
1078,7898
4092,8615
6484,8962
7971,8865
8470,8448
8018,7773
6776,6927
5024,6018
3106,5156
1372,4439
125,3946
-419,3733
-197,3812
750,4132
2233,4683
3981,5407
5676,6233
7010,7080
7725,7866
7689,8558
6816,9030
5173,9129
2949,8870
402,8214
-2171,7141
-4477,5655
-6269,3790
-7328,1570
-7635,-830
-7262,-3260
-6264,-5555
-4802,-7530
-3068,-9004
-1261,-9827
444,-9894
1850,-9158
2954,-7661
3802,-5523
4335,-2909
4586,-42
4599,2830
4420,5457
4089,7614
3567,9192
2991,10003
2302,9931
1580,9082
858,7566
171,5542
-449,3199
-973,737
-1373,-1587
-1656,-3699
-1850,-5494
-1976,-6851
-2086,-7715
-2236,-8060
-2484,-7892
-2877,-7240
-3499,-6181
-4225,-4724
-5084,-3053
-5936,-1197
-6670,729
-7173,2596
-7343,4264
-7106,5602
-6428,6469
-5313,6832
-3737,6643
-1829,5936
303,4785
2540,3303
4762,1630
6854,-91
8706,-1776
10254,-3274
11416,-4444
12155,-5350
12440,-6030
12256,-6557
11606,-7015
10516,-7484
9089,-8049
7344,-8661
5369,-9388
3339,-10083
1421,-10635
-210,-10929
-1391,-10860
-1992,-10354
-1986,-9337
-1297,-7910
11,-6131
1787,-4135
3825,-2072
5883,-95
7705,1661
9063,3092
9723,4184
9690,4837
9002,5153
7739,5142
6084,4888
4271,4493
2542,4061
1116,3688
104,3456
-362,3413
-244,3512
300,3796
1088,4233
1898,4774
2505,5360
2719,5924
2352,6379
1494,6711
103,6890
-1593,6878
-3378,6662
-5016,6233
-6284,5594
-7007,4755
-7089,3683
-6467,2456
-5286,1188
-3588,-151
-1530,-1517
706,-2862
2933,-4132
4988,-5274
6753,-6267
8132,-7053
9108,-7521
9678,-7741
9888,-7731
9801,-7522
9492,-7156
9035,-6674
8488,-6186
7943,-5614
7353,-5035
6834,-4427
6423,-3795
6148,-3143
6026,-2479
6065,-1815
6232,-1154
6555,-512
6984,67
7487,615
8008,1145
8478,1676
8826,2227
8985,2818
8945,3428
8603,4112
7950,4778
7016,5442
5859,6056
4560,6555
3221,6876
1945,6960
855,6805
-37,6377
-626,5688
-968,4852
-1100,3991
-1083,3244
-984,2748
-865,2614
-818,2918
-779,3633
-812,4759
-829,6112
-776,7506
-601,8736
-265,9604
247,9953
929,9716
1744,8819
2535,7406
3289,5568
3924,3510
4357,1471
4521,-307
4369,-1615
3911,-2358
3132,-2407
2012,-1797
668,-664
-815,789
-2342,2316
-3819,3659
-5159,4591
-6317,4997
-7166,4738
-7757,3807
-7984,2351
-7825,568
-7283,-1300
-6385,-3002
-5177,-4314
-3736,-5017
-2127,-5127
-455,-4729
1196,-3894
2733,-2807
4071,-1687
5135,-751
5867,-176
6224,-60
6202,-432
5823,-1258
5110,-2359
4114,-3528
2903,-4538
1556,-5178
157,-5286
-1143,-4805
-2362,-3677
-3429,-2090
-4276,-139
-4857,1958
-5134,3954
-5086,5607
-4706,6712
-4077,7118
-3127,6777
-1972,5726
-659,4061
709,1946
2014,-414
3133,-2806
3955,-5033
4356,-6893
4356,-8343
4031,-9367
3405,-9945
2594,-10124
1743,-9976
1007,-9584
517,-9022
390,-8361
601,-7637
1148,-6834
1880,-5990
2627,-5107
3196,-4188
3403,-3239
3104,-2275
2275,-1292
870,-364
-1060,496
-3281,1255
-5541,1896
-7561,2420
-9073,2843
-9857,3186
-9762,3424
-8762,3633
-6907,3839
-4367,3989
-1377,4033
1785,3907
4834,3544
7513,2889
9555,1848
10929,554
11618,-1004
11632,-2653
11065,-4238
10051,-5593
8735,-6567
7257,-7042
5777,-6933
4315,-6305
2891,-5165
1553,-3710
307,-2126
-848,-612
-1911,644
-2871,1498
-3687,1852
-4378,1682
-4938,1125
-5353,216
-5631,-899
-5794,-2053
-5874,-3072
-5905,-3804
-5979,-4201
-6003,-4097
-5986,-3475
-5870,-2377
-5593,-882
-5083,898
-4279,2826
-3145,4764
-1670,6532
64,8098
2054,9328
4087,10196
5991,10673
7588,10747
8717,10420
9254,9711
9195,8658
8450,7297
6996,5679
5012,3893
2661,2038
133,221
-2375,-1442
-4677,-2844
-6587,-3937
-8011,-4595
-8935,-4730
-9277,-4395
-9043,-3640
-8275,-2547
-7045,-1222
-5442,218
-3504,1615
-1450,2953
660,4143
2681,5169
4511,6031
6062,6748
7271,7349
8092,7864
8527,8320
8510,8694
8117,9005
7316,9184
6139,9178
4635,8940
2876,8433
948,7645
-1118,6623
-3117,5389
-4945,3963
-6510,2500
-7735,1118
-8570,-65
-9000,-949
-9039,-1462
-8746,-1517
-8154,-1166
-7443,-528
-6632,402
-5806,1541
-5045,2797
-4423,4072
-3996,5278
-3772,6349
-3830,7202
-4094,7839
-4598,8206
-5302,8295
-6147,8115
-7057,7688
-7942,7045
-8701,6272
-9269,5343
-9531,4300
-9459,3199
-9022,2090
-8210,1023
-7037,49
-5540,-790
-3826,-1492
-1878,-1979
112,-2354
2123,-2570
4055,-2668
5802,-2713
7261,-2778
8339,-2937
8939,-3217
9062,-3672
8716,-4348
7935,-5138
6794,-5946
5401,-6652
3876,-7134
2341,-7288
934,-7058
-325,-6423
-1289,-5423
-2023,-4181
-2549,-2858
-2909,-1638
-3151,-704
-3318,-205
-3430,-185
-3522,-716
-3546,-1784
-3514,-3188
-3395,-4716
-3155,-6123
-2762,-7169
-2197,-7656
-1427,-7453
-532,-6528
549,-5020
1690,-3044
2824,-837
3889,1325
4836,3164
5627,4445
6228,4943
6632,4697
6871,3760
6910,2279
6743,483
6364,-1361
5771,-2992
4969,-4188
4000,-4738
2875,-4700
1559,-4066
196,-3004
-1122,-1707
-2299,-392
-3246,739
-3890,1520
-4239,1800
-4213,1599
-3871,1002
-3275,39
-2529,-1179
-1761,-2526
-1103,-3881
-671,-5136
-556,-6209
-784,-7019
-1296,-7501
-2043,-7618
-2905,-7333
-3732,-6615
-4370,-5448
-4689,-3839
-4609,-1839
-4093,459
-3174,2980
-1973,5477
-652,7720
599,9465
1591,10490
2167,10627
2277,9838
1842,8081
868,5464
-454,2262
-1922,-1191
-3304,-4515
-4368,-7325
-4924,-9290
-4877,-10130
-4137,-9824
-2805,-8371
-991,-5996
1100,-3007
3219,221
5113,3296
6562,5870
7361,7724
7503,8643
7041,8609
6059,7744
4736,6262
3289,4448
1935,2602
862,1001
188,-101
-27,-682
194,-662
731,-193
1421,550
2073,1356
2503,2017
2564,2360
2141,2285
1257,1739
9,774
-1503,-519
-3106,-2000
-4608,-3510
-5828,-4899
-6616,-6048
-6846,-6910
-6525,-7396
-5690,-7621
-4416,-7567
-2822,-7306
-1051,-6925
760,-6509
2484,-6133
4069,-5781
5366,-5606
6382,-5508
7067,-5552
7423,-5714
7472,-5954
7246,-6222
6789,-6468
6177,-6621
5435,-6682
4562,-6701
3669,-6634
2825,-6498
2095,-6322
1537,-6135
1196,-5962
1144,-5766
1310,-5609
1663,-5467
2156,-5286
2711,-5007
3243,-4569
3665,-3915
3898,-3013
3929,-1837
3656,-471
3067,991
2196,2432
1094,3705
-163,4655
-1488,5147
-2786,5080
-3946,4401
-4958,3130
-5706,1416
-6227,-645
-6528,-2869
-6634,-5046
-6574,-6970
-6385,-8465
-6091,-9435
-5729,-9795
-5366,-9507
-4994,-8710
-4636,-7556
-4312,-6230
-4046,-4927
-3859,-3819
-3743,-2976
-3741,-2591
-3917,-2601
-4213,-3020
-4606,-3755
-5060,-4673
-5535,-5619
-5985,-6444
-6399,-7013
-6698,-7277
-6881,-7142
-6929,-6692
-6853,-6005
-6678,-5186
-6441,-4346
-6183,-3581
-5929,-2931
-5709,-2466
-5567,-2152
-5461,-1943
-5357,-1758
-5214,-1500
-4990,-1082
-4649,-444
-4110,479
-3491,1592
-2777,2777
-2064,3936
-1430,4917
-952,5567
-690,5753
-678,5387
-855,4450
-1306,2944
-1891,1069
-2581,-1092
-3280,-3347
-3879,-5486
-4276,-7307
-4384,-8641
-4121,-9327
-3526,-9402
-2584,-8848
-1402,-7797
-86,-6401
1237,-4837
2445,-3286
3425,-1909
4062,-800
4334,-99
4285,236
3882,161
3167,-277
2204,-1004
1067,-1927
-170,-2949
-1411,-4023
-2660,-5007
-3805,-5806
-4877,-6404
-5865,-6777
-6761,-6917
-7552,-6831
-8224,-6538
-8715,-6058
-9092,-5438
-9303,-4734
-9385,-3984
-9358,-3241
-9243,-2557
-9065,-1985
-8844,-1572
-8659,-1420
-8415,-1443
-8103,-1700
-7706,-2143
-7199,-2745
-6558,-3469
-5769,-4274
-4833,-5112
-3773,-5994
-2620,-6781
-1384,-7329
-156,-7639
995,-7654
2003,-7324
2811,-6620
3372,-5538
3720,-4116
3748,-2410
3425,-512
2788,1435
1865,3275
696,4851
-662,6019
-2139,6673
-3624,6689
-5070,6166
-6362,5199
-7413,3890
-8133,2407
-8441,942
-8278,-321
-7612,-1219
-6401,-1589
-4784,-1459
-2748,-755
-492,406
1830,1917
4061,3646
6051,5453
7675,7209
8903,8827
9552,10170
9704,11188
9289,11822
8345,12043
6944,11846
5189,11241
3199,10263
1165,8922
-900,7359
-2832,5737
-4579,4135
-6073,2688
-7263,1533
-8116,788
-8615,538
-8698,870
-8479,1678
-8027,2926
-7374,4434
-6594,6012
-5763,7454
-4961,8559
-4260,9160
-3731,9190
-3410,8543
-3285,7187
-3388,5265
-3704,2929
-4198,370
-4823,-2203
-5525,-4590
-6293,-6606
-7020,-8135
-7607,-9076
-8074,-9408
-8410,-9144
-8617,-8338
-8710,-7072
-8712,-5449
-8698,-3649
-8603,-1669
-8555,267
-8498,2121
-8446,3786
-8415,5152
-8424,6116
-8490,6587
-8558,6571
-8728,5965
-8982,4719
-9282,2988
-9575,913
-9789,-1324
-9842,-3520
-9659,-5476
-9110,-6981
-8288,-7992
-7097,-8471
-5664,-8444
-4080,-8011
-2451,-7317
-883,-6528
531,-5800
1716,-5239
2647,-4898
3369,-4852
3889,-4945
4271,-5035
4589,-4956
4917,-4550
5311,-3697
5843,-2317
6419,-499
7066,1711
7649,4065
8068,6317
8224,8206
8035,9499
7450,10017
6406,9656
4976,8422
3298,6447
1382,3878
-682,946
-2798,-2086
-4874,-4961
-6822,-7454
-8633,-9461
-10161,-10767
-11270,-11422
-11982,-11409
-12266,-10820
-12102,-9790
-11491,-8480
-10452,-7053
-9100,-5702
-7437,-4484
-5498,-3419
-3494,-2594
-1593,-2014
34,-1661
1230,-1500
1876,-1489
1955,-1656
1401,-1882
287,-2091
-1231,-2315
-2950,-2548
-4633,-2783
-6036,-3014
-6940,-3225
-7197,-3400
-6697,-3494
-5518,-3456
-3709,-3255
-1447,-2854
1036,-2230
3487,-1374
5666,-299
7413,949
8588,2351
9111,3740
9107,5110
8727,6380
8173,7470
7657,8310
7361,8851
7363,9040
7753,8909
8560,8586
9573,8070
10582,7450
11346,6827
11636,6302
11272,5962
10169,5837
8298,5976
5869,6416
3016,7045
15,7761
-2826,8445
-5205,8978
-6873,9253
-7607,9168
-7461,8729
-6512,7959
-4943,6903
-3021,5652
-1051,4315
670,3009
1900,1839
2489,877
2358,182
1631,-192
412,-291
-1077,-157
-2574,151
-3820,567
-4598,1034
-4734,1511
-4199,1952
-3094,2328
-1492,2645
422,2907
2429,3126
4303,3310
5846,3470
6840,3579
7319,3702
7158,3741
6474,3772
5356,3799
3911,3825
2247,3847
463,3862
-1309,3913
-3048,3938
-4772,3883
-6344,3801
-7687,3704
-8720,3608
-9367,3528
-9565,3474
-9325,3515
-8600,3565
-7394,3525
-5875,3439
-4216,3278
-2617,3017
-1287,2635
-404,2124
-81,1447
-365,711
-1204,-57
-2430,-775
-3803,-1368
-5039,-1766
-5851,-1917
-5997,-1793
-5371,-1386
-3879,-740
-1596,73
1217,979
4222,1885
7025,2693
9234,3315
10518,3678
10710,3740
9692,3467
7515,2818
4496,1844
1031,584
-2417,-907
-5381,-2562
-7460,-4305
-8447,-6023
-8135,-7657
-6598,-9142
-4085,-10346
-974,-11166
2275,-11510
5195,-11310
7376,-10530
8468,-9114
8429,-7214
7394,-4966
5520,-2499
3151,-1
703,2335
-1407,4321
-2830,5805
-3381,6730
-2918,6984
-1528,6586
540,5633
2937,4262
5256,2651
7100,989
8144,-542
8178,-1806
7157,-2690
5230,-3142
2618,-3189
-326,-2902
-3202,-2386
-5616,-1769
-7242,-1176
-7836,-689
-7338,-419
-5894,-441
-3617,-725
-779,-1236
2296,-1914
5283,-2687
7896,-3485
9935,-4279
11255,-5002
11909,-5581
11918,-6075
11420,-6510
10594,-6921
9627,-7336
8690,-7770
7915,-8285
7376,-8774
7023,-9110
6876,-9303
6870,-9295
6923,-9034
6952,-8490
6887,-7656
6652,-6568
6269,-5253
5753,-3863
5118,-2448
4399,-1115
3626,29
2826,891
2011,1403
1254,1577
471,1346
-386,778
-1252,-60
-2096,-1058
-2867,-2089
-3505,-3019
-3950,-3724
-4181,-4134
-4143,-4144
-3785,-3725
-3204,-2907
-2487,-1751
-1742,-349
-1090,1185
-635,2737
-482,4133
-592,5381
-1030,6451
-1632,7290
-2258,7898
-2755,8290
-2974,8491
-2805,8524
-2148,8378
-1072,8081
247,7710
1723,7176
3158,6452
4339,5520
5066,4374
5185,3032
4607,1469
3368,-163
1499,-1730
-767,-3185
-3188,-4440
-5498,-5418
-7442,-6063
-8809,-6339
-9408,-6267
-9248,-5816
-8358,-5038
-6833,-3969
-4835,-2663
-2555,-1185
-194,402
2061,2030
4063,3605
5670,5097
6844,6477
7515,7657
7670,8579
7328,9199
6529,9483
5331,9420
3763,8960
1987,8257
115,7331
-1736,6315
-3437,5325
-4862,4469
-5899,3843
-6465,3513
-6583,3502
-6161,3840
-5257,4393
-3987,5164
-2505,6065
-995,6993
348,7841
1346,8509
1929,8932
1925,9049
1305,8834
166,8318
-1353,7550
-3058,6604
-4731,5568
-6161,4533
-7197,3554
-7700,2733
-7543,2183
-6836,1885
-5694,1846
-4277,2056
-2768,2488
-1335,3107
-120,3858
829,4714
1468,5581
1892,6436
2219,7226
2587,7897
3130,8398
3943,8680
5056,8719
6454,8499
7985,7931
9508,7108
10809,6077
11666,4899
11879,3644
11310,2384
9913,1145
7708,71
4911,-833
1707,-1494
-1608,-1887
-4706,-2013
-7278,-1893
-9064,-1562
-9831,-1080
-9620,-463
-8491,147
-6608,783
-4222,1417
-1628,2028
879,2595
3038,3097
4682,3522
5645,3843
5979,3998
5695,3997
4924,3825
3840,3475
2634,2951
1488,2272
573,1446
-62,576
-363,-313
-360,-1111
-112,-1735
294,-2116
768,-2201
1224,-1965
1604,-1480
1860,-656
1903,342
1775,1512
1480,2765
1025,3996
414,5098
-350,5969
-1289,6464
-2325,6635
-3526,6444
-4766,5930
-5972,5152
-7063,4188
-7961,3125
-8594,2052
-8903,997
-8903,92
-8513,-620
-7853,-1125
-7003,-1422
-6056,-1529
-5108,-1475
-4248,-1291
-3608,-999
-3123,-628
-2859,-229
-2769,224
-2820,738
-2971,1320
-3183,1979
-3418,2713
-3691,3468
-3898,4301
-4031,5161
-4047,6028
-3912,6862
-3599,7620
-3093,8260
-2388,8747
-1547,9128
-532,9293
574,9286
1702,9125
2757,8863
3632,8566
4225,8302
4457,8135
4256,8038
3666,8136
2752,8322
1616,8586
408,8835
-701,8945
-1544,8791
-1975,8267
-1850,7245
-1228,5833
-46,4086
1519,2173
3308,303
5140,-1291
6836,-2390
8245,-2827
9322,-2561
9902,-1540
10038,113
9746,2165
9117,4317
8271,6236
7345,7600
6467,8150
5751,7776
5245,6392
5020,4083
5034,1127
5240,-2129
5572,-5278
5954,-7916
6313,-9694
6579,-10304
6719,-9721
6717,-8072
6555,-5473
6234,-2223
5762,1319
5152,4775
4414,7804
3546,10120
2578,11643
1475,12253
282,12120
-983,11433
-2293,10426
-3615,9337
-4911,8372
-6163,7641
-7285,7267
-8222,7162
-8942,7298
-9414,7550
-9621,7768
-9562,7806
-9250,7544
-8742,6899
-8009,5858
-7191,4462
-6255,2771
-5239,884
-4186,-1090
-3138,-3040
-2141,-4873
-1185,-6503
-362,-7875
251,-9015
693,-9845
974,-10342
1117,-10490
1153,-10280
1121,-9708
1015,-8720
956,-7465
897,-5889
910,-4143
999,-2325
1152,-534
1339,1135
1525,2600
1687,3865
1800,4811
1826,5348
1822,5559
1831,5483
1912,5180
2121,4718
2499,4167
3013,3562
3692,3022
4526,2493
5356,2074
6043,1781
6437,1606
6403,1521
5844,1489
4659,1491
2967,1455
962,1288
-1240,1019
-3408,644
-5297,174
-6673,-373
-7352,-975
-7182,-1549
-6228,-2201
-4562,-2854
-2382,-3577
59,-4389
2476,-5300
4594,-6304
6183,-7373
7134,-8469
7313,-9530
6750,-10384
5574,-11021
3976,-11366
2191,-11354
464,-10945
-981,-10124
-1998,-8901
-2428,-7336
-2253,-5551
-1492,-3625
-237,-1682
1377,149
3191,1747
5041,3005
6788,3909
8303,4319
9462,4196
10240,3588
10616,2552
10595,1173
10193,-444
9440,-2181
8357,-3929
7006,-5559
5386,-6989
3577,-8133
1637,-8935
-367,-9368
-2361,-9429
-4264,-9137
-6002,-8592
-7491,-7745
-8593,-6651
-9300,-5378
-9573,-3991
-9399,-2564
-8787,-1174
-7777,103
-6384,1180
-4755,1985
-3053,2550
-1343,2764
260,2604
1652,2075
2749,1210
3490,70
3819,-1292
3783,-2763
3425,-4160
2803,-5465
1999,-6604
1107,-7517
218,-8162
-584,-8509
-1185,-8608
-1591,-8347
-1829,-7781
-1840,-6887
-1625,-5687
-1202,-4217
-599,-2533
140,-708
935,1108
1785,2914
2520,4645
3133,6186
3549,7457
3687,8396
3478,8957
2876,9122
1825,8887
421,8280
-1189,7448
-2913,6396
-4576,5209
-5987,3986
-6961,2826
-7354,1822
-7015,1042
-6058,556
-4493,376
-2545,507
-452,917
1527,1548
3142,2329
4190,3183
4476,3973
4070,4741
2978,5453
1377,6091
-523,6660
-2487,7178
-4286,7660
-5719,8119
-6649,8493
-6980,8852
-6681,9252
-5799,9589
-4416,9819
-2646,9899
-617,9791
1537,9472
3672,8870
5678,8102
7415,7176
8775,6152
9649,5084
9940,4026
9578,3020
8528,2101
6820,1361
4526,739
1789,175
-1166,-244
-4069,-489
-6631,-527
-8571,-329
-9656,127
-9781,801
-8847,1752
-6874,2916
-4106,4235
-841,5614
2564,6941
5734,8096
8327,8975
10015,9531
10761,9704
10497,9489
9373,9003
7613,8379
5505,7779
3359,7364
1453,7268
-22,7557
-917,8265
-1151,9216
-854,10320
-182,11360
662,12083
1469,12246
2059,11653
2338,10228
2219,7958
1695,4896
891,1372
-50,-2261
-961,-5605
-1679,-8278
-2073,-9962
-2109,-10448
-1674,-9698
-874,-7829
269,-5087
1644,-1840
3121,1484
4566,4453
5861,6697
6949,8000
7717,8174
8256,7253
8521,5431
8565,3006
8462,351
8295,-2152
8132,-4162
7955,-5404
7898,-5775
7835,-5374
7785,-4267
7671,-2687
7393,-924
6854,722
5976,1985
4755,2688
3176,2751
1324,2109
-640,959
-2515,-495
-4078,-2015
-5119,-3370
-5472,-4370
-5040,-4868
-3844,-4851
-2014,-4452
247,-3714
2652,-2795
4881,-1870
6622,-1103
7624,-626
7777,-471
6978,-751
5349,-1326
3105,-2193
564,-3241
-1900,-4342
-3915,-5366
-5165,-6202
-5507,-6798
-4751,-7052
-3054,-7034
-579,-6722
2345,-6175
5317,-5472
7919,-4700
9783,-3944
10634,-3300
10386,-2779
8984,-2365
6696,-2082
3845,-1906
819,-1803
-1984,-1737
-4220,-1680
-5676,-1607
-6194,-1532
-5860,-1487
-4816,-1496
-3337,-1596
-1757,-1826
-409,-2211
426,-2757
596,-3512
-4,-4344
-1247,-5161
-2962,-5911
-4857,-6512
-6597,-6893
-7852,-6998
-8356,-6795
-7956,-6269
-6589,-5461
-4426,-4397
-1638,-3148
1467,-1783
4531,-369
7205,1028
9193,2352
10363,3580
10532,4608
9806,5462
8324,6046
6347,6319
4195,6254
2190,5843
616,5102
-394,4050
-629,2796
-223,1478
759,191
2094,-932
3500,-1764
4683,-2197
5386,-2157
5481,-1552
4817,-511
3499,910
1659,2570
-448,4310
-2513,5958
-4224,7358
-5317,8374
-5670,8905
-5172,8909
-3911,8423
-2113,7460
-96,6096
1777,4431
3148,2584
3728,673
3337,-1190
1954,-2898
-216,-4290
-2940,-5338
-5830,-5982
-8447,-6182
-10366,-5920
-11246,-5204
-10816,-4144
-9126,-2709
-6407,-1068
-2907,664
943,2314
4653,3691
7749,4615
9836,4933
10727,4563
10243,3483
8487,1729
5734,-507
2381,-2989
-1106,-5437
-4257,-7563
-6663,-9110
-8021,-9955
-8197,-9910
-7248,-8994
-5316,-7343
-2687,-5181
279,-2797
3207,-502
5757,1420
7617,2820
8693,3504
8970,3402
8479,2708
7361,1652
5801,521
4000,-384
2138,-803
290,-570
-1351,383
-2775,1996
-3976,4064
-4990,6301
-5869,8371
-6667,9946
-7421,10756
-8209,10689
-8939,9640
-9499,7777
-9912,5318
-10137,2609
-10147,48
-9928,-1979
-9490,-3156
-8870,-3261
-8075,-2293
-7241,-414
-6336,2127
-5386,4943
-4406,7591
-3406,9646
-2385,10754
-1275,10741
-193,9457
931,7116
2026,3911
3063,223
4019,-3496
4874,-6792
5620,-9272
6264,-10730
6816,-10942
7227,-9986
7567,-8053
7861,-5477
8125,-2668
8370,-50
8596,1997
8807,3228
8980,3463
9094,2712
9149,1143
9141,-967
9070,-3275
8939,-5427
8750,-7115
8471,-8111
8113,-8315
7740,-7855
7247,-6815
6589,-5437
5722,-4012
4615,-2827
3256,-2119
1726,-2096
-53,-2684
-1897,-3785
-3783,-5202
-5591,-6659
-7184,-7858
-8428,-8528
-9205,-8466
-9505,-7548
-9204,-5813
-8344,-3485
-7033,-721
-5432,2190
-3740,4939
-2169,7235
-909,8845
-56,9611
265,9477
18,8581
-638,6985
-1517,4876
-2388,2482
-3015,37
-3197,-2243
-2758,-4207
-1723,-5679
-259,-6599
1514,-6926
3333,-6673
4894,-5886
5902,-4641
6123,-3029
5396,-1201
3789,785
1349,2862
-1573,4851
-4605,6616
-7338,8023
-9390,8956
-10455,9322
-10423,9101
-9163,8241
-6833,6845
-3690,4995
-109,2857
3476,633
6635,-1458
8993,-3207
10238,-4399
10290,-5013
9254,-4946
7215,-4306
4436,-3219
1247,-1858
-2002,-415
-4983,931
-7410,2026
-9159,2819
-10143,3194
-10404,3270
-10045,3147
-9215,2949
-8080,2805
-6793,2818
-5462,3044
-4183,3502
-2975,4189
-1847,4992
-778,5793
266,6468
1307,6899
2358,6997
3344,6664
4351,5961
5295,4927
6175,3624
6965,2140
7641,570
8188,-997
8598,-2486
8918,-3903
9058,-5083
9119,-6098
9024,-6846
8763,-7303
8329,-7459
7725,-7320
6960,-6903
6002,-6247
4967,-5392
3782,-4356
2555,-3234
1319,-2098
102,-1018
-1078,-59
-2203,732
-3297,1254
-4268,1603
-5009,1764
-5501,1781
-5669,1703
-5440,1578
-4755,1453
-3587,1371
-1946,1339
61,1435
2362,1635
4713,1989
6884,2507
8639,3188
9766,4020
10112,4976
9554,6077
8193,7181
6102,8165
3523,9000
729,9613
-1980,9940
-4315,9937
-6035,9585
-6924,8869
-6955,7866
-6227,6687
-4772,5403
-2757,4124
-391,2968
2099,2039
4495,1422
6602,1126
8309,1231
9459,1775
10069,2660
10149,3803
9740,5101
8906,6440
7721,7702
6228,8826
4585,9646
2930,10081
1351,10084
-33,9628
-1108,8715
-1772,7376
-1952,5673
-1647,3625
-838,1440
402,-788
1927,-2917
3553,-4826
5067,-6407
6255,-7578
6927,-8285
6961,-8566
6307,-8304
4906,-7600
2955,-6436
654,-4871
-1750,-2983
-3995,-875
-5841,1335
-7033,3487
-7574,5512
-7359,7180
-6506,8451
-5146,9231
-3453,9453
-1612,9081
204,8116
1902,6674
3331,4752
4389,2494
5127,87
5585,-2260
5822,-4327
5906,-5903
5894,-6814
5822,-7010
5742,-6328
5593,-4914
5424,-2817
5226,-226
4985,2606
4690,5402
4334,7891
3924,9843
3448,11135
2925,11677
2351,11554
1726,10910
1052,9951
324,8904
-462,7982
-1283,7331
-2165,7019
-3161,7113
-4203,7426
-5260,7765
-6292,7903
-7252,7625
-8094,6763
-8838,5306
-9360,3188
-9579,525
-9529,-2417
-9216,-5324
-8664,-7855
-7911,-9685
-7007,-10561
-5939,-10326
-4858,-8964
-3814,-6664
-2836,-3622
-1949,-176
-1158,3288
-457,6387
165,8793
783,10247
1309,10678
1670,10178
1880,8860
1896,6978
1674,4842
1181,2774
407,1050
-578,-176
-1770,-717
-3092,-693
-4370,-148
-5436,719
-6118,1659
-6266,2415
-5779,2761
-4555,2534
-2749,1708
-467,233
2066,-1677
4591,-3807
6830,-5906
8524,-7732
9468,-9078
9578,-9799
8727,-9846
7076,-9285
4698,-8191
1808,-6717
-1329,-5044
-4434,-3353
-7242,-1797
-9586,-531
-11266,442
-12169,1205
-12371,1733
-11979,2094
-11151,2372
-10074,2643
-8935,2966
-7921,3438
-7101,3979
-6554,4486
-6274,4986
-6221,5436
-6328,5797
-6517,6041
-6719,6153
-6819,6161
-6901,6032
-6947,5767
-7002,5383
-7110,4880
-7306,4255
-7604,3504
-7995,2628
-8394,1594
-8820,515
-9149,-570
-9338,-1560
-9318,-2351
-9032,-2838
-8447,-2933
-7551,-2581
-6333,-1783
-4856,-592
-3266,975
-1563,2690
183,4356
1896,5767
3506,6736
4948,7115
6229,6751
7175,5728
7847,4107
8134,2010
8008,-386
7467,-2879
6535,-5266
5260,-7363
3776,-8996
2043,-10100
253,-10658
-1584,-10636
-3389,-10067
-5083,-9013
-6591,-7556
-7845,-5791
-8748,-3848
-9354,-1774
-9580,249
-9498,2169
-9149,3878
-8587,5274
-7872,6263
-7066,6773
-6220,6799
-5429,6317
-4650,5394
-4004,4169
-3534,2821
-3266,1559
-3212,594
-3368,109
-3743,158
-4279,877
-4879,2205
-5552,3980
-6257,5962
-6957,7861
-7617,9372
-8206,10230
-8727,10239
-9106,9355
-9402,7574
-9558,5138
-9575,2345
-9468,-446
-9260,-2872
-8983,-4622
-8622,-5450
-8270,-5339
-7979,-4256
-7730,-2477
-7516,-313
-7316,1876
-7101,3734
-6834,4969
-6437,5325
-5980,4839
-5358,3620
-4657,1845
-3909,-196
-3148,-2178
-2402,-3785
-1696,-4763
-975,-4942
-355,-4276
251,-2894
800,-910
1309,1444
1801,3902
2302,6198
2831,8103
3422,9400
4008,10070
4601,10070
5112,9461
5468,8338
5598,6822
5439,5041
4951,3120
4150,1123
2993,-750
1635,-2505
84,-3967
-1558,-5039
-3172,-5636
-4636,-5692
-5846,-5176
-6789,-4047
-7350,-2445
-7461,-432
-7249,1797
-6820,4040
-6303,6086
-5834,7735
-5535,8822
-5428,9232
-5671,8954
-6172,7994
-6919,6508
-7804,4678
-8681,2724
-9392,873
-9791,-668
-9768,-1706
-9297,-2192
-8396,-2046
-7179,-1337
-5808,-158
-4478,1360
-3383,3067
-2684,4810
-2467,6494
-2750,7948
-3487,8993
-4480,9632
-5499,9830
-6286,9573
-6599,8869
-6251,7746
-5102,6224
-3234,4425
-812,2425
1951,356
4747,-1645
7235,-3442
9096,-4904
10074,-5925
9989,-6407
8843,-6379
6797,-5823
4018,-4851
805,-3586
-2497,-2176
-5544,-775
-8036,467
-9783,1381
-10640,1970
-10542,2087
-9639,1805
-8113,1164
-6199,223
-4143,-945
-2178,-2256
-484,-3693
771,-5070
1612,-6298
1953,-7294
1826,-7975
1304,-8272
481,-8135
-541,-7547
-1615,-6513
-2734,-5090
-3777,-3440
-4719,-1641
-5510,152
-6103,1774
-6449,3067
-6505,3900
-6224,4124
-5612,3832
-4637,2990
-3370,1764
-1886,318
-288,-1161
1309,-2487
2784,-3495
4018,-4125
4965,-4217
5485,-3700
5651,-2660
5505,-1182
5117,613
4571,2583
3953,4583
3306,6541
2701,8238
2244,9578
1850,10497
1480,10959
1077,10955
589,10509
-27,9672
-743,8577
-1626,7201
-2616,5691
-3662,4112
-4683,2565
-5587,1156
-6282,-9
-6693,-837
-6837,-1185
-6605,-1123
-6024,-560
-5166,423
-4125,1759
-3021,3360
-1977,5118
-1102,6920
-446,8617
-102,10147
16,11362
-80,12203
-292,12599
-490,12498
-541,11868
-333,10705
155,9007
1009,6873
2115,4433
3374,1789
4600,-909
5580,-3499
6100,-5827
5993,-7759
5100,-9135
3542,-9999
1390,-10417
-1092,-10410
-3597,-10086
-5790,-9580
-7355,-9033
-8045,-8571
-7672,-8240
-6305,-8138
-4056,-8340
-1192,-8718
1939,-9169
4955,-9565
7488,-9774
9237,-9681
10018,-9160
9735,-8249
8526,-6939
6527,-5306
4014,-3445
1317,-1473
-1227,488
-3317,2325
-4788,3949
-5406,5291
-5140,6210
-4059,6749
-2311,6900
-101,6665
2340,6057
4777,5094
6962,3816
8807,2278
10186,455
11058,-1489
11416,-3442
11283,-5284
10698,-6898
9711,-8184
8349,-9134
6721,-9636
4846,-9623
2831,-9221
760,-8534
-1270,-7693
-3161,-6840
-4812,-6106
-6176,-5567
-7119,-5347
-7530,-5358
-7436,-5631
-6855,-6083
-5837,-6591
-4466,-7014
-2844,-7221
-1020,-7102
816,-6645
2488,-5773
3988,-4640
5275,-3385
6333,-2172
7171,-1161
7812,-487
8314,-199
8648,-338
8872,-872
8951,-1636
8872,-2444
8616,-3090
8171,-3378
7539,-3159
6716,-2363
5809,-976
4821,862
3899,3005
3149,5217
2663,7236
2509,8806
2715,9721
3217,9893
4045,9194
4990,7789
5995,5758
6907,3328
7571,774
7841,-1619
7605,-3594
6807,-4913
5417,-5565
3563,-5481
1313,-4822
-1166,-3777
-3674,-2575
-6003,-1447
-7959,-595
-9416,-182
-10237,-238
-10387,-675
-9916,-1441
-8929,-2384
-7572,-3324
-6018,-4085
-4434,-4525
-2934,-4622
-1636,-4259
-668,-3482
58,-2405
606,-1178
1073,26
1558,1038
2146,1713
2858,1965
3757,1735
4726,1057
5732,-10
6659,-1353
7373,-2837
7750,-4320
7691,-5673
7198,-6783
6224,-7575
4821,-8109
3160,-8314
1430,-8217
-161,-7863
-1414,-7309
-2171,-6609
-2384,-5799
-1954,-4932
-1030,-3976
292,-2961
1804,-1877
3261,-707
4415,558
5060,1916
5105,3333
4415,4777
3155,6190
1412,7477
-578,8546
-2524,9306
-4128,9682
-5134,9627
-5301,9064
-4682,8111
-3299,6862
-1385,5386
765,3801
2812,2225
4424,770
5331,-476
5413,-1440
4570,-2108
2878,-2492
594,-2614
-1956,-2523
-4401,-2279
-6379,-1944
-7592,-1576
-7783,-1194
-6986,-894
-5340,-629
-3014,-470
-315,-427
2404,-497
4792,-664
6552,-901
7447,-1197
7422,-1481
6509,-1641
4829,-1679
2592,-1550
48,-1218
-2543,-660
-4953,132
-6993,1208
-8560,2437
-9648,3731
-10243,5034
-10403,6256
-10215,7306
-9774,8102
-9170,8578
-8491,8661
-7796,8400
-7100,7707
-6480,6692
-5982,5415
-5651,3941
-5525,2342
-5635,687
-5983,-905
-6557,-2433
-7341,-3796
-8216,-4925
-9058,-5737
-9724,-6151
-10070,-6100
-9973,-5545
-9289,-4446
-8112,-2940
-6416,-1126
-4376,802
-2172,2626
-7,4116
1916,5059
3420,5295
4373,4768
4748,3444
4495,1459
3755,-992
2670,-3628
1415,-6131
164,-8184
-924,-9520
-1704,-9929
-2165,-9387
-2219,-7962
-1952,-5825
-1437,-3251
-761,-571
-16,1876
715,3786
1297,4981
1754,5291
2123,4630
2299,3182
2245,1156
1928,-1180
1320,-3544
406,-5673
-870,-7336
-2380,-8454
-3993,-8972
-5641,-8949
-7181,-8500
-8460,-7774
-9329,-6932
-9668,-6115
-9417,-5458
-8580,-4985
-7139,-4670
-5311,-4514
-3303,-4461
-1346,-4446
329,-4411
1530,-4317
2062,-4142
1993,-3901
1319,-3665
211,-3447
-1130,-3288
-2472,-3220
-3587,-3264
-4280,-3421
-4444,-3663
-3975,-4002
-2881,-4310
-1254,-4636
763,-4962
2994,-5277
5253,-5574
7364,-5846
9208,-6021
10640,-6176
11590,-6318
12049,-6389
12037,-6348
11602,-6146
10815,-5738
9755,-5088
8497,-4119
7137,-2964
5769,-1597
4464,-164
3297,1220
2341,2439
1655,3384
1289,3976
1243,4123
1545,3884
2256,3358
3249,2577
4436,1644
5708,671
6949,-234
8043,-981
8820,-1558
9306,-1881
9426,-1932
9180,-1788
8587,-1523
7685,-1227
6530,-993
5191,-904
3730,-1012
2225,-1381
787,-1979
-549,-2823
-1722,-3876
-2679,-5081
-3376,-6365
-3783,-7649
-3893,-8825
-3675,-9874
-3250,-10661
-2591,-11183
-1760,-11402
-837,-11287
86,-10814
925,-9976
1654,-8713
2180,-7161
2416,-5319
2467,-3295
2410,-1183
2344,919
2375,2913
2599,4711
3108,6267
3880,7491
4876,8316
6023,8760
7197,8835
8256,8571
9056,8013
9479,7215
9492,6284
9025,5207
8039,4067
6703,2910
5172,1787
3619,749
2220,-159
1118,-903
460,-1474
214,-1861
319,-2076
708,-2173
1246,-2218
1776,-2286
2144,-2452
2222,-2782
1998,-3382
1338,-4179
329,-5067
-975,-6050
-2446,-7041
-3930,-7938
-5266,-8639
-6314,-9058
-6983,-9111
-7209,-8847
-7021,-8203
-6477,-7328
-5694,-6336
-4814,-5348
-3987,-4480
-3349,-3825
-2930,-3433
-2872,-3322
-3194,-3535
-3809,-3964
-4613,-4526
-5474,-5128
-6255,-5679
-6834,-6097
-7103,-6385
-7054,-6380
-6800,-6133
-6348,-5572
-5811,-4696
-5325,-3524
-5020,-2098
-5004,-477
-5323,1311
-5985,3102
-6931,4820
-8022,6353
-9086,7605
-9936,8499
-10397,8979
-10335,9017
-9714,8639
-8498,7822
-6801,6658
-4781,5184
-2657,3483
-676,1651
923,-208
1941,-1985
2298,-3564
1866,-4883
773,-5764
-899,-6217
-2942,-6203
-5106,-5706
-7126,-4735
-8763,-3328
-9846,-1604
-10269,397
-9990,2568
-9125,4721
-7836,6676
-6333,8256
-4834,9298
-3538,9679
-2579,9286
-2058,8176
-1897,6477
-2064,4281
-2419,1779
-2788,-807
-2993,-3246
-2888,-5330
-2412,-6833
-1525,-7757
-234,-8083
1266,-7858
2776,-7197
4074,-6250
4954,-5179
5255,-4136
4899,-3267
3854,-2581
2305,-2194
350,-2004
-1785,-1942
-3847,-1925
-5586,-1872
-6794,-1716
-7269,-1346
-7060,-852
-6218,-184
-4872,609
-3221,1501
-1494,2475
84,3521
1325,4629
2132,5847
2389,7035
2219,8153
1640,9090
792,9726
-153,9932
-1020,9595
-1652,8637
-1875,6972
-1744,4778
-1218,2083
-399,-825
603,-3680
1661,-6205
2651,-8146
3469,-9305
4103,-9636
4403,-9045
4381,-7575
4030,-5468
3375,-2991
2458,-455
1329,1829
43,3587
-1294,4620
-2688,4791
-4108,4125
-5462,2669
-6681,582
-7696,-1917
-8444,-4582
-8873,-7165
-9001,-9478
-8770,-11310
-8159,-12542
-7289,-13135
-6265,-13099
-5217,-12488
-4281,-11388
-3580,-9900
-3205,-8171
-3221,-6201
-3644,-4139
-4417,-1985
-5444,218
-6597,2421
-7733,4569
-8717,6593
-9470,8424
-9891,9980
-9960,11117
-9732,11827
-9295,12075
-8770,11854
-8284,11191
-7947,10142
-7823,8857
-7934,7312
-8275,5720
-8714,4106
-9106,2563
-9287,1177
-9103,23
-8437,-837
-7241,-1373
-5524,-1541
-3372,-1390
-962,-915
1486,-168
3735,782
5556,1850
6769,2944
7254,4045
6981,4955
6111,5724
4721,6241
3019,6496
1249,6513
-345,6339
-1550,6036
-2210,5597
-2282,5142
-1748,4763
-749,4369
542,3900
1915,3276
3160,2417
4096,1257
4622,-237
4617,-1998
4190,-4023
3346,-6081
2213,-7969
951,-9469
-267,-10387
-1286,-10581
-2033,-10018
-2391,-8671
-2271,-6775
-1793,-4481
-1058,-2075
-192,124
674,1808
1421,2729
1897,2766
2145,1848
2214,106
2092,-2233
1840,-4835
1528,-7309
1221,-9269
972,-10384
833,-10422
775,-9310
711,-7161
648,-4170
537,-674
333,2921
5,6199
-459,8793
-1093,10466
-1791,11060
-2494,10540
-3140,9121
-3662,7086
-4002,4785
-4119,2577
-3991,778
-3607,-451
-2982,-902
-2176,-594
-1180,332
-16,1646
1294,3066
2725,4302
4243,5103
5776,5270
7299,4757
8733,3691
9969,2139
10889,311
11380,-1546
11343,-3184
10715,-4400
9421,-5106
7620,-5184
5408,-4711
2984,-3808
577,-2671
-1574,-1526
-3248,-593
-4272,-47
-4590,-60
-4114,-564
-2943,-1407
-1223,-2503
822,-3650
2929,-4625
4832,-5221
6295,-5277
7078,-4658
7192,-3414
6643,-1710
5523,369
3998,2626
2281,4840
593,6802
-862,8341
-1859,9312
-2408,9717
-2426,9561
-1979,8939
-1147,7978
-34,6823
1249,5619
2603,4495
3971,3618
5264,2964
6376,2549
7327,2417
8094,2569
8659,3003
8999,3705
9098,4654
8941,5761
8577,7027
7957,8386
7226,9681
6491,10756
5868,11444
5468,11583
5379,11050
5677,9756
6299,7765
7220,5203
8277,2272
9297,-748
10084,-3535
10456,-5778
10261,-7214
9382,-7666
7862,-7115
5696,-5617
3081,-3433
219,-895
-2660,1607
-5327,3686
-7580,5012
-9295,5393
-10342,4726
-10691,3004
-10392,522
-9539,-2378
-8263,-5291
-6715,-7810
-5044,-9580
-3379,-10419
-1841,-10104
-550,-8722
466,-6410
1183,-3448
1591,-191
1701,2987
1533,5743
1149,7877
569,9146
-237,9467
-1129,8974
-2021,7856
-2823,6362
-3449,4763
-3822,3303
-3855,2154
-3548,1447
-2961,1089
-2079,1067
-962,1232
303,1398
1612,1380
2859,1030
3938,316
4805,-837
5321,-2251
5545,-3798
5497,-5243
5220,-6328
4765,-6811
4190,-6517
3517,-5302
2812,-3300
2188,-705
1590,2237
1017,5177
464,7746
-73,9602
-597,10479
-1170,10166
-1693,8738
-2131,6410
-2502,3376
-2805,-16
-3048,-3381
-3247,-6342
-3422,-8587
-3661,-9968
-3872,-10281
-4085,-9644
-4271,-8157
-4406,-6064
-4460,-3671
-4404,-1301
-4214,748
-3926,2246
-3477,3037
-2855,3026
-2121,2283
-1320,927
-506,-869
264,-2907
944,-4987
1546,-6903
1994,-8561
2264,-9843
2414,-10703
2494,-11118
2565,-11084
2694,-10615
2938,-9728
3387,-8494
3993,-6884
4715,-4911
5544,-2668
6422,-240
7279,2261
8047,4708
8665,6965
9064,8875
9272,10395
9309,11357
9205,11810
9013,11780
8794,11328
8604,10541
8483,9517
8381,8288
8381,7018
8474,5843
8576,4723
8611,3656
8497,2617
8158,1573
7534,495
6526,-637
5225,-1791
3693,-2934
1966,-3977
132,-4821
-1713,-5363
-3472,-5511
-5057,-5204
-6427,-4431
-7483,-3227
-8215,-1615
-8602,219
-8654,2105
-8393,3867
-7856,5339
-7086,6395
-6153,7026
-5049,7100
-3859,6775
-2586,6082
-1263,5171
74,4220
1388,3414
2639,2915
3747,2772
4776,3154
5611,3931
6326,5081
6939,6448
7467,7827
7927,8999
8331,9760
8750,9990
9102,9598
9303,8524
9412,6961
9425,5114
9341,3232
9163,1571
8898,351
8584,-219
8206,-198
7714,371
7170,1305
6584,2356
5967,3249
5324,3724
4667,3580
3983,2742
3326,1172
2790,-953
2370,-3427
2111,-5941
2058,-8156
2246,-9748
2689,-10461
3383,-10173
4250,-8804
5273,-6538
6283,-3556
7142,-177
7711,3223
7868,6269
7525,8628
6691,10068
5315,10458
3439,9762
1212,8134
-1206,5798
-3631,3037
-5877,155
-7775,-2569
-9147,-4882
-9959,-6663
-10261,-7939
-10004,-8663
-9251,-8921
-8097,-8838
-6662,-8556
-5069,-8202
-3371,-7824
-1749,-7538
-360,-7348
816,-7201
1759,-7022
2471,-6725
2966,-6228
3265,-5477
3342,-4483
3294,-3227
3083,-1799
2747,-289
2289,1179
1705,2478
991,3492
148,4135
-856,4369
-1912,4159
-3021,3645
-4085,2832
-5032,1826
-5798,746
-6332,-289
-6610,-1176
-6572,-1892
-6342,-2314
-6036,-2555
-5692,-2591
-5398,-2501
-5235,-2392
-5266,-2373
-5525,-2541
-6036,-3022
-6739,-3737
-7477,-4614
-8227,-5584
-8887,-6510
-9353,-7241
-9532,-7631
-9350,-7570
-8698,-7005
-7676,-5951
-6255,-4394
-4523,-2546
-2559,-596
-447,1250
1723,2801
3862,3903
5946,4472
7792,4460
9277,3956
10332,3040
10866,1869
10806,625
10105,-508
8758,-1366
6762,-1875
4292,-1885
1514,-1436
-1369,-535
-4116,729
-6481,2232
-8248,3833
-9249,5393
-9406,6834
-8720,7991
-7227,8832
-5162,9327
-2779,9496
-365,9390
1794,9076
3447,8626
4378,8036
4508,7439
3882,6878
2521,6315
563,5717
-1799,5036
-4348,4223
-6861,3246
-9187,2058
-11109,753
-12429,-532
-13151,-1733
-13261,-2714
-12785,-3340
-11778,-3496
-10317,-3107
-8504,-2136
-6410,-678
-4209,1098
-1957,3028
236,4877
2258,6404
4003,7390
5373,7673
6231,7218
6653,5968
6563,4061
6064,1690
5247,-877
4226,-3332
3125,-5374
2070,-6743
1179,-7323
504,-6916
192,-5629
189,-3537
482,-858
1033,2124
1790,5099
2692,7768
3645,9875
4632,11289
5540,11851
6334,11666
6952,10859
7333,9606
7427,8110
7199,6560
6633,5117
5750,3862
4708,2809
3538,1935
2368,1159
1348,381
627,-496
331,-1539
512,-2815
1210,-4215
2453,-5639
4037,-6955
5767,-7999
7413,-8616
8744,-8678
9561,-8112
9698,-6921
9162,-5137
7927,-2955
6183,-495
4140,2042
2047,4449
154,6535
-1321,8144
-2272,9199
-2553,9598
-2202,9423
-1307,8685
-34,7488
1409,5966
2803,4268
3951,2545
4773,904
5098,-478
4899,-1617
4276,-2388
3361,-2766
2328,-2764
1359,-2419
616,-1793
245,-1022
276,-60
636,945
1304,1992
2160,3033
3059,4020
3852,4901
4417,5625
4648,6151
4571,6412
4212,6419
3679,6123
3107,5530
2640,4670
2407,3600
2498,2393
2974,1070
3783,-197
4747,-1277
5797,-2159
6767,-2812
7486,-3229
7798,-3426
7590,-3433
6869,-3311
5539,-3022
3698,-2674
1462,-2184
-1002,-1525
-3496,-668
-5820,404
-7793,1690
-9303,3205
-10205,4813
-10510,6412
-10210,7884
-9375,9094
-8118,9913
-6577,10241
-4894,10022
-3235,9279
-1664,8025
-281,6390
879,4523
1802,2612
2490,858
2960,-551
3229,-1464
3335,-1773
3248,-1443
2925,-573
2384,791
1615,2503
620,4383
-587,6241
-1968,7891
-3398,9172
-4888,9992
-6368,10277
-7704,10037
-8792,9315
-9533,8189
-9852,6761
-9699,5139
-9018,3453
-7892,1742
-6443,122
-4717,-1386
-2829,-2745
-903,-3928
940,-4909
2590,-5667
4026,-6158
5066,-6405
5784,-6445
6102,-6266
6043,-5899
5662,-5391
5032,-4800
4239,-4186
3357,-3638
2458,-3133
1623,-2793
836,-2542
86,-2351
-660,-2181
-1440,-1992
-2291,-1748
-3225,-1474
-4244,-1095
-5354,-622
-6467,-93
-7503,442
-8374,926
-9001,1296
-9324,1500
-9329,1486
-9024,1272
-8431,772
-7675,91
-6879,-716
-6171,-1583
-5670,-2445
-5463,-3244
-5528,-3884
-5979,-4396
-6650,-4788
-7513,-5022
-8432,-5094
-9247,-5003
-9794,-4750
-9934,-4336
-9583,-3736
-8689,-3018
-7335,-2127
-5601,-1142
-3653,-103
-1694,951
64,1979
1434,2943
2329,3841
2624,4595
2315,5233
1535,5714
463,6036
-684,6211
-1683,6257
-2339,6196
-2474,6001
-2126,5756
-1297,5469
-166,5125
1058,4703
2134,4174
2834,3506
2979,2670
2458,1628
1261,438
-424,-880
-2488,-2246
-4689,-3572
-6756,-4762
-8427,-5725
-9489,-6390
-9872,-6649
-9454,-6609
-8248,-6259
-6464,-5709
-4337,-5064
-2141,-4431
-153,-3904
1387,-3552
2240,-3401
2400,-3469
1951,-3673
915,-3975
-556,-4288
-2271,-4519
-4027,-4579
-5639,-4397
-6934,-3902
-7859,-3116
-8388,-2090
-8532,-841
-8346,566
-7910,2054
-7305,3540
-6603,4941
-5883,6189
-5131,7215
-4346,7893
-3527,8228
-2661,8183
-1739,7736
-763,6879
252,5623
1273,4051
2289,2161
3260,46
4183,-2161
5057,-4311
5895,-6244
6716,-7805
7537,-8862
8376,-9377
9183,-9265
10011,-8509
10718,-7265
11208,-5702
11382,-4023
11152,-2443
10460,-1158
9316,-346
7716,-52
5744,-243
3548,-871
1307,-1794
-784,-2827
-2536,-3775
-3788,-4463
-4442,-4736
-4460,-4594
-3812,-4018
-2654,-3144
-1150,-2134
504,-1180
2105,-466
3472,-139
4457,-296
4976,-913
5077,-1984
4751,-3312
4087,-4700
3209,-5935
2255,-6819
1353,-7198
594,-7046
55,-6236
-265,-4876
-387,-3047
-375,-913
-315,1333
-297,3494
-399,5388
-639,6865
-1053,7824
-1696,8321
-2433,8298
-3169,7810
-3803,6950
-4239,5828
-4409,4558
-4266,3275
-3806,2016
-3158,857
-2319,-181
-1373,-1089
-417,-1867
456,-2516
1168,-3035
1639,-3348
1883,-3545
1947,-3548
1842,-3365
1628,-2974
1372,-2355
1142,-1499
989,-413
937,847
1015,2267
1163,3781
1374,5287
1597,6680
1770,7854
1837,8711
1751,9178
1417,9166
937,8731
303,7968
-428,6904
-1201,5640
-1961,4290
-2657,2969
-3250,1776
-3776,845
-4119,121
-4268,-459
-4223,-895
-3985,-1256
-3559,-1624
-2959,-2075
-2207,-2668
-1381,-3456
-460,-4377
537,-5429
1519,-6500
2422,-7489
3177,-8292
3724,-8819
4017,-9000
3971,-8803
3699,-8213
3218,-7211
2616,-5870
1987,-4250
1431,-2423
1042,-466
895,1540
1084,3463
1554,5289
2283,6896
3230,8196
4328,9086
5499,9466
6664,9253
7754,8399
8777,6838
9591,4755
10166,2179
10492,-618
10568,-3388
10405,-5875
10030,-7840
9479,-9090
8831,-9558
8089,-9138
7361,-7920
6681,-6044
6111,-3731
5714,-1247
5539,1134
5619,3162
6027,4618
6630,5426
7391,5603
8200,5191
8940,4335
9485,3228
9723,2084
9563,1104
8998,420
7949,155
6417,428
4504,1129
2316,2161
-15,3392
-2347,4678
-4543,5888
-6457,6985
-8036,7814
-9231,8330
-10009,8579
-10376,8617
-10367,8516
-10031,8353
-9433,8196
-8653,8062
-7729,8027
-6825,8010
-5935,8029
-5117,8037
-4429,7975
-3923,7787
-3647,7432
-3621,6940
-3849,6236
-4402,5467
-5163,4635
-6054,3832
-6981,3165
-7847,2734
-8559,2617
-8981,2782
-9152,3318
-9115,4091
-8842,4999
-8382,5862
-7798,6475
-7163,6640
-6546,6197
-6029,5107
-5579,3310
-5300,917
-5097,-1849
-4928,-4695
-4746,-7282
-4514,-9278
-4201,-10406
-3768,-10558
-3276,-9578
-2670,-7655
-2028,-4980
-1380,-1914
-747,1115
-142,3669
427,5371
924,5955
1358,5366
1784,3607
2083,1024
2189,-1964
2029,-4867
1539,-7200
678,-8553
-508,-8711
-2056,-7508
-3817,-5144
-5677,-1874
-7451,1855
-8931,5513
-9917,8572
-10245,10584
-9807,11223
-8632,10442
-6717,8308
-4325,5165
-1722,1475
788,-2225
2908,-5404
4386,-7614
4992,-8508
4757,-8038
3799,-6319
2243,-3589
346,-241
-1593,3264
-3276,6468
-4448,8984
-4947,10611
-4702,11108
-3726,10621
-2204,9246
-371,7260
1495,4998
3118,2811
4261,1003
4769,-266
4559,-766
3645,-544
2150,339
257,1707
-1814,3333
-3835,4972
-5599,6401
-6974,7516
-7814,8098
-8071,8198
-7769,7803
-6969,7006
-5765,5945
-4266,4767
-2583,3606
-863,2515
857,1631
2588,846
4200,175
5635,-475
6842,-1216
7776,-2160
8396,-3382
8700,-4892
8637,-6667
8178,-8511
7381,-10283
6304,-11749
5027,-12664
3649,-12809
2276,-12032
965,-10348
-135,-7707
-935,-4410
-1435,-687
-1645,3079
-1607,6463
-1389,9055
-1063,10523
-728,10651
-380,9417
-86,6946
200,3556
518,-314
922,-4156
1465,-7461
2183,-9793
3073,-10878
4100,-10533
5254,-8900
6371,-6177
7312,-2755
7940,880
8133,4231
7814,6853
6987,8362
5649,8715
3923,7897
1959,6155
-46,3837
-1877,1364
-3334,-841
-4249,-2415
-4491,-3102
-4049,-2831
-3055,-1590
-1558,374
276,2762
2242,5230
4129,7442
5745,9120
7008,10069
7731,10209
7896,9668
7557,8504
6819,6908
5830,5105
4754,3319
3746,1742
2994,545
2469,-214
2212,-596
2167,-553
2248,-135
2352,590
2372,1546
2222,2662
1917,3918
1353,5158
535,6421
-440,7560
-1478,8496
-2473,9153
-3325,9468
-3955,9391
-4347,8857
-4436,7967
-4330,6697
-4041,5194
-3658,3580
-3285,1988
-3026,549
-2967,-627
-3100,-1524
-3555,-2006
-4259,-2073
-5187,-1777
-6248,-1200
-7327,-453
-8301,337
-9060,1044
-9478,1510
-9578,1747
-9435,1607
-9070,1164
-8587,450
-8114,-478
-7776,-1555
-7676,-2707
-7823,-3873
-8276,-4968
-8999,-5944
-9838,-6731
-10622,-7277
-11163,-7535
-11281,-7470
-10842,-7059
-9805,-6342
-8143,-5252
-5980,-3873
-3491,-2231
-923,-405
1447,1503
3347,3377
4552,5103
4941,6607
4414,7795
3075,8543
1052,8934
-1417,9019
-4040,8884
-6514,8627
-8571,8346
-10017,8057
-10741,7904
-10705,7897
-10047,7999
-8955,8138
-7668,8218
-6435,8135
-5471,7798
-4862,7217
-4795,6290
-5132,5068
-5833,3672
-6716,2258
-7552,1013
-8108,122
-8185,-263
-7645,-8
-6491,807
-4704,2138
-2530,3769
-220,5449
1944,6905
3690,7877
4801,8165
5174,7727
4720,6451
3620,4542
1983,2173
55,-349
-1876,-2675
-3526,-4462
-4660,-5430
-5132,-5429
-4872,-4364
-3986,-2415
-2610,226
-985,3209
603,6120
1874,8538
2590,10100
2571,10506
1790,9743
397,7769
-1513,4877
-3704,1408
-5895,-2232
-7808,-5634
-9202,-8444
-9868,-10418
-9828,-11408
-9047,-11502
-7715,-10798
-6041,-9539
-4263,-8029
-2614,-6575
-1285,-5444
-396,-4775
-30,-4718
-100,-5246
-574,-6219
-1326,-7432
-2207,-8635
-3063,-9581
-3762,-10059
-4254,-9939
-4401,-9137
-4233,-7757
-3738,-5863
-2960,-3628
-1967,-1259
-840,1032
341,3062
1543,4758
2616,5939
3549,6649
4256,6904
4698,6799
4848,6462
4698,6027
4254,5611
3547,5344
2600,5208
1445,5102
150,5031
-1222,4906
-2599,4623
-3910,4088
-5079,3237
-6065,2043
-6783,538
-7095,-1098
-7035,-2801
-6593,-4413
-5773,-5765
-4605,-6706
-3140,-7126
-1464,-6925
336,-6208
2155,-4990
3855,-3480
5304,-1875
6380,-380
6982,814
7045,1558
6554,1807
5511,1442
4032,598
2202,-711
171,-2358
-1893,-4186
-3813,-6024
-5430,-7711
-6627,-9119
-7303,-10124
-7444,-10706
-7062,-10816
-6229,-10474
-5054,-9734
-3671,-8674
-2216,-7387
-750,-6036
536,-4597
1549,-3232
2290,-1953
2770,-817
3032,123
3141,815
3162,1215
3163,1243
3153,956
3207,343
3256,-546
3253,-1649
3149,-2880
2895,-4146
2462,-5349
1802,-6371
1012,-7200
160,-7720
-677,-7970
-1400,-7962
-1919,-7729
-2162,-7311
-2091,-6750
-1701,-6057
-1038,-5301
-253,-4510
591,-3682
1368,-2818
1950,-1912
2227,-955
2120,57
1527,1129
544,2214
-717,3383
-2207,4532
-3806,5619
-5383,6608
-6809,7471
-7972,8185
-8852,8801
-9291,9195
-9263,9434
-8776,9452
-7859,9236
-6567,8785
-4976,8107
-3176,7222
-1297,6171
609,4981
2393,3685
3986,2342
5300,997
6255,-305
6789,-1526
6868,-2631
6443,-3600
5628,-4411
4479,-4979
3128,-5340
1721,-5487
414,-5415
-643,-5129
-1325,-4644
-1513,-3942
-1214,-3162
-420,-2295
792,-1483
2320,-820
4032,-392
5788,-266
7454,-479
8940,-1098
10118,-1987
10922,-3101
11337,-4331
11372,-5567
11060,-6702
10457,-7641
9630,-8312
8608,-8680
7517,-8687
6514,-8427
5597,-7845
4819,-6967
4224,-5835
3842,-4506
3688,-3046
3714,-1545
3966,-61
4405,1243
4960,2323
5551,3090
6085,3462
6464,3381
6600,2817
6432,1778
5921,337
4999,-1350
3754,-3146
2261,-4857
621,-6271
-1050,-7192
-2633,-7463
-3974,-7039
-5061,-5846
-5812,-3933
-6214,-1490
-6268,1248
-5995,4005
-5430,6497
-4617,8470
-3629,9668
-2449,10088
-1218,9728
98,8680
1461,7124
2823,5284
4129,3405
5318,1709
6376,361
7201,-540
7676,-876
7861,-770
7776,-331
7465,297
6987,964
6407,1541
5830,1925
5234,2085
4607,2036
3967,1816
3284,1500
2513,1176
1610,926
545,817
-696,901
-2053,1179
-3519,1630
-4933,2235
-6161,2955
-7064,3752
-7524,4587
-7461,5433
-6911,6329
-5818,7138
-4252,7911
-2391,8559
-428,9042
1426,9324
2967,9378
4020,9187
4531,8780
4339,8151
3517,7250
2123,6201
306,5073
-1737,3940
-3793,2875
-5652,1937
-7155,1184
-8156,632
-8677,281
-8691,131
-8279,159
-7574,330
-6728,598
-5887,915
-5155,1201
-4589,1453
-4248,1605
-4010,1630
-3753,1494
-3333,1169
-2614,636
-1500,-111
-24,-1090
1866,-2225
4040,-3483
6292,-4781
8372,-6035
10011,-7156
10960,-8060
11031,-8681
10180,-8964
8337,-8896
5718,-8556
2513,-7940
-952,-7116
-4307,-6169
-7185,-5192
-9271,-4270
-10398,-3504
-10399,-2872
-9379,-2483
-7495,-2244
-5047,-2104
-2403,-2004
52,-1885
1979,-1698
3198,-1435
3483,-1033
2946,-514
1712,119
70,839
-1615,1608
-2962,2386
-3644,3130
-3431,3737
-2279,4277
-218,4699
2447,4994
5339,5146
8021,5135
10069,4943
11135,4558
10941,3912
9553,3121
7091,2223
3879,1272
344,348
-3037,-466
-5810,-1089
-7610,-1456
-8151,-1478
-7464,-1240
-5755,-668
-3237,103
-294,983
2642,1879
5155,2704
6898,3392
7654,3965
7299,4297
5982,4452
3809,4427
1046,4267
-1986,4035
-4955,3802
-7563,3634
-9566,3599
-10821,3722
-11274,4042
-10927,4549
-9857,5225
-8184,6037
-6050,6939
-3610,7876
-1081,8781
1489,9617
3960,10282
6187,10754
8036,10985
9373,10931
10074,10557
10045,9842
9209,8732
7643,7323
5342,5605
2549,3673
-493,1608
-3505,-502
-6201,-2566
-8324,-4501
-9651,-6258
-10141,-7737
-9727,-8886
-8579,-9687
-6904,-10131
-4964,-10228
-3036,-10002
-1374,-9491
-179,-8680
474,-7716
516,-6688
92,-5627
-623,-4590
-1415,-3619
-2059,-2745
-2366,-1987
-2208,-1394
-1538,-878
-292,-471
1352,-114
3231,218
5150,544
6920,874
8377,1213
9467,1551
10023,1926
10062,2253
9609,2621
8740,3058
7557,3586
6175,4216
4704,4942
3212,5668
1838,6458
538,7128
-582,7655
-1502,7932
-2220,7847
-2748,7299
-3102,6222
-3360,4553
-3452,2403
-3300,-48
-2971,-2658
-2468,-5192
-1798,-7389
-982,-9005
-55,-9839
881,-9781
1826,-8815
2697,-6944
3395,-4432
3829,-1560
3915,1353
3596,3986
2843,6065
1719,7406
207,7903
-1568,7597
-3480,6612
-5366,5166
-7048,3532
-8358,1992
-9150,801
-9393,157
-8924,152
-7870,779
-6238,1958
-4166,3530
-1837,5289
541,7015
2763,8510
4611,9631
6051,10288
6990,10401
7495,10065
7663,9380
7630,8472
7546,7468
7541,6482
7637,5640
7952,4921
8471,4302
9060,3785
9563,3331
9800,2897
9602,2452
8840,1977
7467,1446
5503,898
3062,445
364,41
-2322,-299
-4700,-572
-6492,-784
-7476,-954
-7489,-1149
-6548,-1301
-4753,-1494
-2293,-1667
558,-1801
3487,-1869
6184,-1850
8384,-1728
9838,-1512
10540,-1202
10592,-849
10042,-496
9077,-208
7921,-54
6800,-94
5912,-373
5419,-841
5351,-1561
5656,-2558
6280,-3674
7090,-4789
7928,-5773
8635,-6496
9079,-6850
9135,-6771
8821,-6200
8043,-5227
6917,-3867
5520,-2225
3937,-437
2249,1347
532,2985
-1192,4371
-2769,5414
-4203,6075
-5356,6386
-6140,6408
-6468,6235
-6276,5969
-5525,5703
-4250,5550
-2485,5458
-290,5431
2112,5390
4500,5243
6639,4890
8303,4243
9304,3245
9569,1954
9014,306
7616,-1575
5600,-3568
3199,-5506
691,-7211
-1635,-8514
-3516,-9283
-4724,-9444
-5172,-8971
-4899,-7906
-3933,-6376
-2426,-4546
-586,-2612
1355,-773
3177,794
4766,1945
5926,2599
6539,2801
6707,2542
6532,1908
6153,1019
5723,7
5377,-999
5162,-1854
5182,-2560
5417,-3130
5775,-3563
6132,-3912
6338,-4248
6252,-4638
5761,-5135
4875,-5787
3492,-6525
1745,-7368
-263,-8186
-2347,-8882
-4295,-9363
-5904,-9557
-7005,-9417
-7506,-8942
-7355,-8136
-6718,-7062
-5675,-5778
-4441,-4360
-3263,-2887
-2390,-1431
-2021,-58
-2344,1185
-3283,2215
-4714,3082
-6463,3669
-8252,3936
-9775,3854
-10739,3410
-10915,2617
-10111,1541
-8419,208
-5999,-1294
-3073,-2837
26,-4288
2935,-5509
5306,-6373
6855,-6782
7394,-6723
6900,-6120
5384,-5013
3092,-3508
308,-1747
-2642,97
-5434,1843
-7783,3323
-9500,4376
-10398,4949
-10479,5081
-9743,4765
-8287,4090
-6256,3188
-3823,2206
-1169,1283
1555,599
4126,96
6466,-108
8387,-134
9777,-69
10549,-15
10647,-66
10055,-290
8863,-689
7031,-1290
4726,-2044
2070,-2852
-745,-3606
-3499,-4192
-5963,-4509
-7928,-4486
-9286,-4039
-9851,-3243
-9515,-2144
-8405,-808
-6663,674
-4494,2204
-2142,3690
147,5051
2198,6172
3787,7056
4768,7715
5178,8063
5086,8062
4620,7684
3939,6907
3201,5729
2545,4105
2009,2203
1697,61
1476,-2157
1228,-4298
819,-6204
119,-7732
-959,-8775
-2389,-9203
-4183,-9115
-6205,-8568
-8237,-7671
-10027,-6576
-11311,-5451
-11855,-4454
-11492,-3717
-10226,-3332
-7986,-3317
-5052,-3630
-1623,-4201
1953,-4911
5286,-5621
7996,-6192
9768,-6498
10327,-6381
9685,-5896
8006,-4976
5447,-3682
2341,-2073
-917,-220
-3924,1795
-6325,3888
-7914,5957
-8494,7936
-8114,9651
-6924,11041
-5197,11994
-3273,12395
-1504,12147
-200,11185
448,9567
313,7258
-597,4370
-2081,1141
-3869,-2154
-5636,-5206
-7053,-7708
-7839,-9401
-7853,-10138
-6959,-9842
-5178,-8507
-2709,-6415
193,-3890
3218,-1316
6059,911
8445,2447
10158,3023
11130,2572
11462,1183
11191,-967
10492,-3553
9581,-6182
8673,-8451
7949,-10011
7576,-10686
7540,-10297
7719,-8858
8072,-6637
8446,-3976
8670,-1282
8588,1033
8087,2616
7106,3220
5668,2787
3931,1325
1995,-886
45,-3506
-1722,-6136
-3125,-8383
-4021,-9914
-4298,-10461
-3982,-9992
-3103,-8646
-1775,-6542
-139,-3952
1647,-1202
3427,1388
5061,3546
6392,5096
7397,5919
8081,6138
8371,5800
8255,5089
7738,4227
6837,3438
5582,2908
3976,2830
2182,3155
199,3856
-1772,4843
-3585,5978
-5097,7107
-6180,8083
-6743,8791
-6696,9087
-6105,9021
-5124,8675
-3813,8014
-2333,7080
-868,5919
401,4574
1317,3082
1823,1547
1816,-85
1267,-1758
321,-3389
-870,-4878
-2118,-6109
-3227,-6962
-4019,-7336
-4383,-7178
-4207,-6498
-3445,-5283
-2179,-3763
-521,-2161
1375,-735
3339,264
5201,628
6769,208
8018,-953
8809,-2784
9177,-5015
9143,-7320
8748,-9332
8044,-10696
7084,-11126
5907,-10391
4576,-8563
3086,-5812
1507,-2399
-122,1282
-1755,4786
-3338,7680
-4815,9603
-6097,10250
-7183,9663
-7953,7823
-8425,5044
-8585,1681
-8431,-1858
-7978,-5171
-7250,-7908
-6260,-9803
-5092,-10729
-3809,-10676
-2456,-9721
-1086,-8030
253,-5821
1520,-3327
2684,-773
3747,1674
4639,3796
5392,5541
5963,6767
6348,7411
6549,7439
6578,6846
6452,5659
6182,3950
5821,1806
5325,-612
4765,-3125
4161,-5513
3522,-7542
2850,-8985
2141,-9656
1365,-9368
584,-8214
-261,-6164
-1094,-3473
-1877,-405
-2575,2728
-3157,5609
-3600,7950
-3869,9595
-4027,10336
-4025,10069
-3951,8941
-3846,7126
-3749,4859
-3687,2402
-3675,13
-3683,-2041
-3760,-3695
-3816,-4765
-3885,-5317
-3947,-5409
-3983,-5138
-3970,-4615
-3887,-3952
-3783,-3234
-3533,-2548
-3179,-1955
-2680,-1478
-2037,-1136
-1271,-942
-413,-911
488,-1056
1353,-1366
2183,-1882
2860,-2638
3400,-3581
3781,-4668
3991,-5832
4023,-6991
3879,-8057
3535,-8883
3046,-9526
2403,-9850
1632,-9933
750,-9815
-225,-9551
-1271,-9205
-2356,-8836
-3430,-8464
-4460,-8139
-5338,-7952
-6022,-7815
-6435,-7688
-6504,-7526
-6169,-7286
-5395,-6935
-4213,-6410
-2629,-5788
-696,-5071
1429,-4309
3590,-3548
5614,-2832
7336,-2199
8617,-1676
9374,-1308
9548,-1072
9208,-939
8410,-945
7291,-1101
6019,-1419
4774,-1910
3718,-2580
3040,-3467
2707,-4474
2718,-5548
3015,-6626
3484,-7620
3985,-8439
4377,-9001
4539,-9244
4345,-9144
3854,-8719
3050,-7929
2053,-6938
986,-5870
-20,-4858
-842,-4028
-1387,-3476
-1590,-3328
-1466,-3512
-1006,-3911
-307,-4509
541,-5198
1447,-5853
2322,-6352
3094,-6590
3770,-6522
4196,-6082
4388,-5216
4283,-4018
3855,-2562
3094,-946
2005,729
618,2365
-1003,3808
-2766,5085
-4648,6144
-6437,6942
-7980,7454
-9126,7667
-9747,7572
-9755,7176
-9067,6547
-7768,5648
-5974,4595
-3792,3447
-1399,2318
1010,1339
3240,643
5114,347
6464,537
7251,1200
7393,2383
6938,3895
5950,5561
4520,7171
2762,8518
797,9421
-1299,9714
-3341,9421
-5214,8620
-6830,7418
-8104,6009
-8973,4625
-9398,3494
-9367,2806
-8853,2710
-7971,3177
-6839,4209
-5542,5593
-4210,7100
-2978,8477
-1974,9476
-1297,9901
-949,9673
-1052,8694
-1550,6994
-2381,4743
-3426,2149
-4535,-548
-5545,-3102
-6297,-5293
-6669,-6961
-6581,-7972
-5912,-8358
-4762,-8092
-3217,-7253
-1400,-5960
541,-4353
2456,-2578
4161,-725
5633,1023
6721,2571
7443,3864
7797,4864
7799,5556
7477,5940
6862,6026
5974,5761
4855,5286
3544,4516
2064,3549
454,2417
-1237,1146
-2952,-236
-4620,-1695
-6180,-3139
-7565,-4570
-8626,-5938
-9390,-7121
-9835,-8018
-9961,-8528
-9782,-8569
-9324,-8096
-8561,-7139
-7638,-5697
-6573,-3989
-5420,-2115
-4211,-281
-2967,1285
-1698,2370
-410,2804
916,2544
2202,1509
3484,-111
4654,-2157
5646,-4338
6391,-6314
6833,-7748
6934,-8355
6643,-7925
6068,-6461
5224,-4053
4241,-971
3233,2412
2313,5662
1575,8344
1087,10090
941,10624
1036,9921
1263,8001
1585,5175
1902,1832
2112,-1575
2126,-4595
1880,-6843
1406,-8008
587,-8062
-470,-7016
-1764,-5114
-3225,-2681
-4759,-98
-6264,2259
-7633,4065
-8833,5143
-9698,5299
-10085,4625
-10021,3192
-9500,1205
-8541,-1079
-7194,-3389
-5530,-5481
-3635,-7114
-1628,-8231
362,-8786
2222,-8788
3838,-8300
5106,-7416
5944,-6240
6290,-4872
6049,-3373
5337,-1878
4109,-383
2482,990
544,2174
-1610,3102
-3877,3713
-6151,3954
-8351,3726
-10318,3145
-11955,2131
-13132,825
-13743,-673
-13701,-2251
-12951,-3790
-11489,-5184
-9297,-6372
-6586,-7266
-3529,-7780
-341,-7973
2727,-7885
5426,-7580
7534,-7134
8886,-6626
9383,-6137
9019,-5704
7976,-5411
6354,-5250
4379,-5226
2318,-5330
438,-5543
-1020,-5837
-1848,-6184
-1996,-6538
-1406,-6785
-186,-6916
1518,-6874
3511,-6601
5579,-6046
7514,-5172
9106,-4015
10274,-2530
10860,-743
10880,1229
10346,3262
9298,5216
7798,6944
5925,8312
3703,9228
1318,9631
-1038,9480
-3305,8860
-5354,7874
-7055,6660
-8291,5369
-8970,4147
-9029,3139
-8504,2366
-7364,1924
-5803,1735
-3997,1732
-2147,1823
-459,1917
888,1935
1766,1874
2111,1635
1833,1314
1078,915
-17,514
-1276,204
-2513,77
-3550,207
-4251,622
-4509,1320
-4270,2313
-3555,3453
-2425,4614
-977,5653
672,6438
2400,6863
4156,6833
5761,6370
7059,5543
8065,4406
8754,3073
9120,1673
9171,335
8926,-834
8398,-1767
7642,-2394
6651,-2820
5495,-3013
4223,-3044
2886,-3002
1538,-2978
235,-3053
-1009,-3290
-2086,-3686
-2859,-4262
-3357,-4929
-3551,-5604
-3436,-6191
-3024,-6599
-2351,-6752
-1429,-6614
-410,-6154
603,-5408
1508,-4414
2197,-3246
2579,-1987
2586,-724
2187,462
1377,1556
208,2446
-1202,3108
-2775,3549
-4387,3788
-5907,3857
-7210,3798
-8187,3653
-8822,3469
-8950,3275
-8604,3025
-7761,2780
-6466,2541
-4795,2303
-2855,2057
-772,1795
1274,1562
3243,1290
4914,1018
6261,757
7212,542
7712,409
7730,394
7260,524
6334,869
4988,1298
3319,1817
1428,2314
-554,2698
-2480,2880
-4200,2786
-5580,2374
-6518,1606
-6932,545
-6786,-679
-6113,-2016
-4986,-3350
-3512,-4561
-1822,-5540
-54,-6201
1675,-6504
3249,-6422
4589,-5999
5675,-5293
6512,-4397
7135,-3420
7596,-2477
7947,-1671
8260,-1081
8492,-771
8737,-811
8889,-1170
8894,-1824
8701,-2724
8268,-3811
7577,-5013
6665,-6208
5533,-7386
4242,-8472
2891,-9381
1578,-10040
402,-10378
-552,-10339
-1223,-9883
-1571,-8971
-1600,-7666
-1407,-6034
-1001,-4164
-456,-2179
143,-222
712,1564
1178,3051
1550,4093
1677,4708
1628,4869
1358,4630
897,4077
299,3318
-368,2468
-1034,1635
-1680,914
-2184,329
-2545,-39
-2753,-259
-2838,-382
-2852,-469
-2860,-581
-2928,-769
-3056,-1133
-3315,-1589
-3771,-2131
-4298,-2744
-4807,-3401
-5191,-4075
-5345,-4743
-5191,-5388
-4645,-5981
-3783,-6527
-2741,-6926
-1604,-7185
-539,-7251
273,-7058
667,-6543
521,-5657
-280,-4450
-1606,-2869
-3334,-920
-5272,1191
-7171,3277
-8767,5125
-9820,6530
-10147,7319
-9716,7381
-8429,6724
-6418,5394
-3867,3606
-1041,1619
1755,-268
4219,-1760
6083,-2611
7106,-2726
7256,-1956
6537,-407
5039,1741
2938,4198
459,6618
-2152,8650
-4659,9992
-6813,10388
-8545,9831
-9713,8393
-10314,6271
-10364,3775
-9902,1272
-8987,-870
-7686,-2336
-5999,-2962
-4105,-2611
-2026,-1291
120,749
2243,3206
4253,5723
6064,7940
7600,9554
8757,10366
9571,10272
10045,9365
10200,7787
10093,5800
9800,3719
9402,1860
8979,495
8528,-195
8170,-100
7993,680
7907,2064
7858,3843
7773,5762
7569,7559
7167,9010
6460,9962
5498,10325
4203,10130
2661,9467
931,8496
-912,7411
-2787,6403
-4613,5633
-6287,5160
-7796,5111
-9012,5350
-9938,5856
-10532,6491
-10757,7090
-10579,7490
-9975,7554
-9005,7131
-7602,6300
-5764,5111
-3625,3669
-1304,2128
1054,656
3295,-590
5273,-1487
6863,-1954
8027,-1973
8657,-1681
8872,-1101
8774,-355
8494,420
8172,1092
7933,1555
7815,1733
7947,1624
8200,1243
8571,671
8934,7
9136,-638
9019,-1160
8454,-1470
7302,-1463
5687,-1161
3625,-648
1351,119
-895,1103
-2852,2253
-4275,3513
-4975,4826
-4784,6180
-3814,7457
-2092,8540
128,9416
2582,10028
4984,10323
7068,10259
8621,9813
9476,9033
9609,7895
9146,6414
8131,4739
6726,3003
5122,1351
3514,-72
2076,-1146
938,-1761
221,-1933
-92,-1672
60,-1077
653,-280
1637,560
2937,1281
4463,1739
6066,1877
7724,1569
9213,820
10481,-303
11401,-1688
11847,-3191
11704,-4654
10892,-5934
9335,-6943
7158,-7574
4407,-7806
1329,-7687
-1817,-7305
-4745,-6774
-7175,-6223
-8869,-5767
-9598,-5503
-9411,-5444
-8301,-5651
-6459,-6019
-4123,-6455
-1578,-6854
883,-7112
3001,-7152
4588,-6868
5540,-6345
5753,-5709
5372,-4980
4549,-4258
3474,-3652
2351,-3253
1363,-3125
684,-3355
365,-3823
436,-4461
889,-5179
1669,-5859
2696,-6392
3879,-6682
5126,-6668
6358,-6367
7496,-5709
8402,-4753
9056,-3543
9396,-2149
9360,-653
8892,861
7956,2308
6515,3543
4669,4577
2402,5393
-78,5877
-2594,5968
-4949,5618
-6951,4797
-8436,3508
-9354,1782
-9577,-294
-9051,-2520
-7946,-4774
-6430,-6852
-4710,-8544
-3010,-9649
-1537,-10011
-410,-9527
206,-8217
254,-6097
-190,-3395
-1010,-354
-2046,2741
-3112,5604
-4035,7984
-4718,9762
-4998,10730
-4871,10943
-4362,10462
-3563,9465
-2605,8185
-1635,6877
-787,5781
-203,5018
165,4780
265,5133
240,5946
222,7054
354,8241
764,9272
1539,9936
2653,10033
4143,9573
5813,8531
7538,7056
9106,5331
10293,3573
10895,1995
10762,769
9874,-45
8164,-349
5860,-230
3099,187
154,711
-2662,1127
-5038,1234
-6707,880
-7529,-57
-7352,-1510
-6213,-3285
-4269,-5261
-1767,-7196
985,-8830
3664,-9917
5972,-10267
7691,-9743
8672,-8356
8944,-6285
8571,-3634
7741,-642
6698,2420
5702,5281
4983,7708
4746,9519
4977,10651
5652,11034
6609,10795
7624,10071
8443,9035
8826,7865
8586,6724
7637,5751
5987,5038
3725,4538
1102,4329
-1592,4391
-4046,4681
-5970,5144
-7139,5718
-7393,6277
-6733,6866
-5334,7403
-3311,7847
-911,8141
1583,8221
3892,8026
5774,7504
7007,6617
7551,5379
7450,3850
6717,2114
5468,305
3855,-1418
2039,-2886
175,-3949
-1614,-4543
-3199,-4571
-4577,-3976
-5653,-2930
-6403,-1604
-6822,-208
-6921,1039
-6721,1942
-6284,2430
-5595,2368
-4784,1712
-3867,661
-2926,-582
-2058,-1766
-1361,-2641
-924,-2990
-835,-2663
-1058,-1619
-1631,11
-2416,2107
-3277,4421
-4055,6661
-4590,8531
-4741,9782
-4482,10258
-3693,9908
-2360,8740
-640,6992
1298,4941
3248,2906
4994,1197
6345,71
7224,-339
7475,64
7056,1123
6110,2692
4798,4489
3332,6187
1934,7463
806,8047
37,7812
-195,6626
109,4616
859,1947
1903,-1093
3047,-4159
4081,-6901
4821,-9014
5115,-10272
4944,-10585
4412,-9996
3598,-8641
2692,-6765
1915,-4662
1483,-2637
1565,-955
2200,240
3440,785
5163,723
7136,160
9064,-709
10622,-1642
11505,-2399
11476,-2777
10403,-2710
8306,-2041
5382,-936
1888,530
-1794,2144
-5238,3651
-8031,4795
-9832,5361
-10352,5223
-9607,4335
-7738,2760
-4935,687
-1541,-1629
2039,-3893
5400,-5815
8185,-7154
10146,-7804
11140,-7631
11158,-6784
10341,-5384
8913,-3686
7157,-1989
5366,-592
3803,256
2710,405
2135,-221
2068,-1442
2475,-3129
3234,-4998
4192,-6713
5186,-7944
6072,-8415
6692,-8003
7055,-6596
7079,-4296
6794,-1346
6220,1915
5376,5094
4283,7799
2955,9699
1347,10544
-382,10296
-2278,9040
-4171,6988
-5938,4467
-7445,1862
-8563,-444
-9190,-2124
-9235,-3024
-8759,-2945
-7728,-1997
-6342,-330
-4782,1774
-3249,3971
-1941,5912
-1022,7295
-554,7886
-627,7627
-1282,6627
-2336,5003
-3614,3013
-4909,965
-6008,-831
-6723,-2113
-6887,-2652
-6459,-2456
-5466,-1547
-3943,-87
-2004,1699
195,3555
2486,5230
4702,6522
6688,7253
8362,7439
9583,7179
10373,6537
10735,5673
10693,4762
10282,3969
9545,3424
8569,3161
7328,3299
5862,3713
4231,4416
2494,5323
725,6331
-991,7332
-2569,8226
-3977,8978
-5102,9447
-5829,9612
-6230,9433
-6350,8901
-6261,8025
-6053,6832
-5821,5368
-5576,3739
-5473,1966
-5496,85
-5628,-1751
-5799,-3426
-5906,-4823
-5832,-5838
-5476,-6383
-4745,-6358
-3689,-5819
-2301,-4770
-766,-3293
728,-1490
1974,510
2772,2571
2973,4554
2453,6288
1319,7755
-383,8802
-2385,9436
-4410,9639
-6163,9412
-7373,8771
-7835,7746
-7432,6447
-6164,4845
-4245,2991
-1827,1006
800,-997
3311,-2895
5387,-4566
6765,-5904
7237,-6897
6766,-7391
5428,-7507
3343,-7239
735,-6702
-2119,-6052
-4934,-5463
-7444,-5099
-9373,-5070
-10693,-5430
-11262,-6178
-11148,-7158
-10420,-8168
-9184,-8963
-7557,-9299
-5661,-8971
-3618,-7910
-1527,-6057
548,-3482
2480,-487
4167,2583
5511,5334
6420,7382
6827,8417
6685,8299
6025,6945
4900,4448
3446,1166
1839,-2464
285,-5942
-1009,-8775
-1861,-10550
-2214,-10947
-1936,-9936
-1025,-7680
330,-4421
1906,-585
3429,3326
4619,6806
5227,9423
5128,10886
4196,11041
2431,10015
54,7990
-2660,5327
-5379,2465
-7757,-148
-9488,-2127
-10381,-3171
-10312,-3223
-9231,-2259
-7374,-534
-5013,1638
-2482,3885
-121,5842
1773,7199
3041,7813
3514,7480
3283,6317
2475,4414
1342,1998
192,-656
-669,-3265
-983,-5575
-598,-7369
550,-8566
2297,-9202
4473,-9276
6772,-8892
8840,-8187
10332,-7307
10970,-6379
10633,-5493
9220,-4742
6880,-4056
3859,-3499
520,-3047
-2722,-2666
-5458,-2325
-7346,-2003
-8231,-1688
-7929,-1391
-6584,-1236
-4398,-1190
-1721,-1288
1026,-1561
3419,-2024
5092,-2674
5856,-3423
5487,-4331
4149,-5312
1977,-6309
-699,-7248
-3470,-8054
-5916,-8657
-7667,-9003
-8400,-9032
-8110,-8768
-6862,-8293
-4874,-7603
-2492,-6764
-119,-5850
1843,-4942
3067,-4110
3300,-3439
2569,-2931
971,-2533
-1215,-2274
-3622,-2118
-5840,-2016
-7483,-1915
-8252,-1772
-7964,-1586
-6596,-1326
-4375,-955
-1495,-573
1687,-249
4774,-58
7383,-72
9193,-341
9961,-920
9626,-1759
8289,-2809
6052,-4007
3152,-5262
-127,-6473
-3488,-7543
-6656,-8389
-9359,-8922
-11497,-9158
-13005,-9047
-13818,-8641
-13946,-7979
-13432,-7108
-12338,-6080
-10742,-4939
-8742,-3702
-6441,-2473
-3896,-1193
-1301,21
1183,1125
3385,2082
5142,2862
6320,3449
6819,3850
6633,4054
5799,4126
4458,4072
2806,3936
1079,3769
-475,3621
-1632,3536
-2181,3552
-2130,3661
-1428,3864
-252,4113
1192,4353
2652,4519
3873,4546
4631,4379
4762,4009
4238,3379
3003,2524
1265,1472
-766,291
-2844,-939
-4720,-2128
-6180,-3188
-7065,-4079
-7334,-4729
-6902,-5036
-5925,-5082
-4547,-4914
-2935,-4591
-1262,-4183
320,-3754
1626,-3347
2653,-3020
3435,-2744
3885,-2543
4002,-2396
3793,-2269
3276,-2123
2470,-1928
1397,-1655
133,-1313
-1321,-963
-2819,-617
-4243,-330
-5464,-160
-6360,-162
-6827,-373
-6808,-828
-6281,-1452
-5281,-2231
-3925,-3044
-2373,-3782
-814,-4338
559,-4618
1575,-4557
2180,-4177
2233,-3412
1742,-2369
849,-1108
-264,255
-1368,1587
-2228,2756
-2634,3646
-2471,4181
-1652,4295
-162,4030
1805,3400
4024,2486
6221,1398
8118,260
9472,-809
10180,-1751
10074,-2431
9192,-2783
7685,-2836
5782,-2631
3761,-2233
1912,-1723
483,-1177
-305,-595
-456,-119
-25,269
836,575
1887,848
2848,1154
3448,1566
3470,2142
2799,2905
1395,3853
-563,4939
-2913,6051
-5365,7052
-7595,7792
-9293,8134
-10210,7976
-10188,7339
-9218,6141
-7417,4541
-5002,2675
-2282,766
392,-936
2677,-2187
4285,-2792
5012,-2628
4789,-1692
3671,-128
1802,1881
-582,4042
-3197,6016
-5752,7474
-7987,8140
-9716,7907
-10785,6628
-11258,4429
-11106,1530
-10433,-1730
-9384,-4949
-8123,-7720
-6807,-9690
-5554,-10571
-4466,-10344
-3599,-9053
-2949,-6937
-2491,-4337
-2178,-1662
-1961,679
-1798,2334
-1610,3111
-1452,2850
-1329,1580
-1239,-468
-1192,-2979
-1184,-5579
-1202,-7889
-1222,-9589
-1201,-10503
-1140,-10456
-922,-9571
-611,-7969
-222,-5920
217,-3753
666,-1803
1084,-364
1493,351
1772,259
1876,-595
1836,-2077
1675,-3956
1437,-5956
1174,-7797
940,-9241
767,-10077
668,-10297
722,-9990
817,-9229
884,-8194
841,-7097
614,-6136
144,-5471
-544,-5260
-1521,-5436
-2653,-5855
-3894,-6458
-5119,-7084
-6182,-7561
-6943,-7735
-7284,-7495
-7112,-6833
-6471,-5681
-5413,-4129
-4087,-2274
-2684,-257
-1416,1767
-486,3648
-58,5256
-218,6463
-996,7226
-2297,7600
-3971,7512
-5796,6977
-7518,6033
-8886,4734
-9695,3151
-9780,1359
-9144,-532
-7855,-2398
-6058,-4124
-3976,-5582
-1872,-6649
-3,-7218
1404,-7209
2260,-6540
2392,-5318
1821,-3516
657,-1334
-929,1056
-2719,3465
-4485,5708
-6016,7624
-7197,9044
-7861,9954
-7978,10394
-7601,10349
-6834,9892
-5823,9123
-4725,8160
-3692,7116
-2869,6028
-2298,5064
-1940,4331
-1813,3813
-1853,3509
-1973,3399
-2084,3446
-2114,3602
-1957,3860
-1719,4106
-1420,4228
-1153,4222
-1018,4047
-1109,3670
-1495,3073
-2206,2251
-3288,1290
-4594,130
-5933,-1168
-7236,-2519
-8358,-3825
-9167,-4975
-9555,-5857
-9454,-6370
-8851,-6423
-7750,-6003
-6229,-5037
-4369,-3621
-2279,-1838
-78,196
2115,2349
4186,4482
6079,6529
7612,8294
8774,9611
9435,10487
9530,10901
9026,10858
7922,10391
6257,9545
4110,8388
1617,6980
-1013,5319
-3609,3512
-5956,1616
-7845,-317
-9096,-2241
-9574,-4107
-9277,-5797
-8116,-7347
-6182,-8719
-3644,-9820
-727,-10582
2303,-10945
5168,-10866
7611,-10329
9374,-9424
10380,-8111
10603,-6529
10046,-4809
8810,-3128
7057,-1673
4980,-622
2779,-118
591,-178
-1386,-922
-2968,-2195
-4178,-3892
-5019,-5793
-5529,-7630
-5763,-9129
-5782,-10051
-5683,-10165
-5408,-9502
-5041,-8179
-4516,-6330
-3807,-4230
-2897,-2205
-1787,-581
-497,365
955,505
2466,-255
3923,-1890
5276,-4089
6454,-6498
7404,-8712
8099,-10335
8536,-11041
8782,-10581
8777,-9001
8668,-6351
8420,-2971
8068,740
7647,4330
7191,7359
6731,9460
6327,10319
5985,9923
5644,8411
5400,5915
5278,2736
5291,-767
5442,-4230
5718,-7332
6156,-9838
6616,-11592
7043,-12545
7385,-12762
7581,-12371
7584,-11543
7361,-10458
6899,-9287
6192,-8138
5260,-7172
4201,-6352
3003,-5780
1706,-5464
356,-5392
-1003,-5537
-2325,-5864
-3634,-6338
-4781,-6895
-5752,-7458
-6495,-7960
-6978,-8311
-7189,-8418
-7133,-8191
-6835,-7557
-6294,-6482
-5624,-4974
-4981,-2995
-4371,-721
-3864,1693
-3519,4069
-3378,6216
-3464,7963
-3747,9107
-4234,9684
-4939,9568
-5749,8878
-6586,7713
-7369,6202
-8019,4490
-8467,2714
-8586,1028
-8421,-537
-7995,-1812
-7245,-2833
-6171,-3584
-4785,-4061
-3114,-4262
-1207,-4194
856,-3876
3010,-3341
5072,-2539
6963,-1609
8543,-638
9677,273
10243,1029
10154,1547
9420,1747
7987,1648
5997,1348
3571,880
918,363
-1722,-60
-4102,-248
-6002,-81
-7215,465
-7754,1458
-7566,2890
-6826,4578
-5737,6329
-4542,7922
-3489,9131
-2795,9770
-2618,9701
-3009,8921
-3891,7389
-5164,5326
-6628,2949
-8042,518
-9167,-1710
-9798,-3510
-9736,-4650
-9059,-5147
-7718,-5006
-5937,-4306
-3928,-3195
-1931,-1850
-172,-453
1160,837
2007,1836
2220,2575
1817,3072
887,3336
-442,3436
-2016,3448
-3671,3444
-5258,3480
-6680,3651
-7783,3868
-8603,4120
-9038,4392
-9082,4666
-8755,4934
-8099,5198
-7170,5467
-6082,5719
-4854,5989
-3509,6225
-2181,6375
-958,6344
74,6023
833,5300
1253,4092
1222,2378
810,210
52,-2369
-1041,-5069
-2404,-7602
-3951,-9655
-5586,-10933
-7203,-11205
-8690,-10285
-9989,-8302
-10928,-5371
-11526,-1834
-11750,1902
-11586,5383
-11036,8176
-10119,9926
-8897,10455
-7378,9631
-5650,7561
-3785,4521
-1881,902
-41,-2833
1632,-6217
3051,-8840
4104,-10337
4820,-10650
5270,-9818
5455,-7979
5460,-5417
5388,-2485
5349,441
5439,3023
5676,5002
6141,6215
6862,6546
7714,6097
8577,5006
9310,3456
9770,1650
9836,-228
9367,-1998
8449,-3599
7104,-4981
5453,-6118
3650,-7018
1870,-7699
282,-8178
-969,-8465
-1827,-8535
-2194,-8459
-1995,-8153
-1364,-7724
-404,-7229
755,-6737
1981,-6323
3156,-6059
4139,-5936
4922,-6061
5562,-6502
5993,-7140
6236,-7880
6326,-8598
6306,-9162
6217,-9447
6101,-9331
5982,-8833
5843,-7871
5733,-6595
5667,-5136
5663,-3650
5735,-2301
5897,-1230
6200,-586
6587,-336
6988,-517
7427,-1023
7870,-1741
8277,-2541
8604,-3293
8811,-3893
8802,-4281
8688,-4423
8375,-4332
7972,-4077
7530,-3745
7100,-3434
6724,-3232
6433,-3209
6303,-3360
6228,-3784
6215,-4359
6222,-5111
6220,-5980
6189,-6886
6117,-7742
5998,-8465
5783,-9048
5545,-9350
5217,-9286
4801,-8898
4250,-8204
3509,-7245
2520,-6077
1244,-4764
-292,-3435
-2068,-2070
-4032,-638
-5963,750
-7644,2060
-8841,3262
-9337,4330
-8973,5237
-7729,6020
-5562,6543
-2715,6793
585,6720
3974,6296
7040,5514
9378,4394
10655,2983
10684,1351
9395,-396
6831,-2101
3365,-3674
-561,-4997
-4433,-5971
-7735,-6517
-10024,-6589
-11043,-6217
-10584,-5353
-8803,-4009
-5916,-2281
-2345,-258
1395,1957
4772,4252
7316,6507
8735,8596
8820,10395
7564,11886
5264,12897
2323,13345
-766,13174
-3497,12365
-5434,10941
-6266,8957
-5889,6526
-4362,3829
-1955,1004
939,-1766
3856,-4300
6333,-6431
7987,-8022
8523,-8932
7921,-9175
6341,-8818
3998,-7874
1265,-6443
-1432,-4655
-3681,-2658
-5150,-603
-5585,1420
-4988,3222
-3546,4711
-1427,5834
1041,6568
3488,6920
5562,6923
6974,6631
7510,6175
7127,5508
5968,4779
4122,3992
1817,3205
-683,2471
-3114,1845
-5243,1371
-6849,1055
-7880,971
-8354,1011
-8236,1211
-7580,1508
-6466,1814
-4985,2024
-3232,2035
-1332,1827
648,1273
2633,294
4471,-985
6029,-2455
7168,-3966
7761,-5356
7708,-6474
6990,-7233
5601,-7555
3581,-7371
1164,-6842
-1399,-6123
-3818,-5401
-5799,-4870
-7092,-4687
-7552,-4999
-7083,-5743
-5715,-6866
-3668,-8191
-1235,-9496
1231,-10532
3360,-11068
4831,-10931
5405,-10043
5012,-8393
3639,-6177
1532,-3570
-994,-860
-3563,1630
-5790,3592
-7345,4776
-7988,5001
-7659,4279
-6348,2683
-4307,434
-1843,-2175
681,-4810
2904,-7138
4524,-8874
5383,-9841
5328,-9894
4436,-9062
2868,-7445
887,-5236
-1193,-2677
-3059,-30
-4439,2462
-5137,4574
-5070,6201
-4332,7339
-2998,7942
-1270,8064
608,7797
2389,7250
3856,6531
4866,5726
5311,4906
5267,4180
4759,3522
3917,2937
2905,2429
1888,2003
1008,1669
334,1381
-39,1237
-175,1329
-108,1588
61,1991
210,2496
223,3042
8,3562
-515,3962
-1318,4242
-2292,4331
-3395,4265
-4511,4078
-5513,3825
-6284,3573
-6733,3385
-6856,3283
-6568,3312
-5962,3552
-5085,3889
-4046,4250
-2970,4548
-1983,4701
-1191,4641
-713,4399
-515,3891
-549,3139
-783,2262
-1129,1382
-1484,640
-1745,170
-1829,82
-1709,376
-1313,1176
-705,2348
97,3835
1020,5479
1972,7088
2861,8462
3605,9422
4154,9778
4469,9582
4545,8843
4428,7693
4181,6314
3880,4921
3603,3727
3419,2907
3349,2633
3457,2833
3748,3408
4185,4230
4720,5090
5289,5755
5830,6011
6284,5698
6675,4781
6866,3215
6933,1082
6841,-1390
6626,-3941
6341,-6284
6050,-8146
5811,-9301
5716,-9645
5704,-9039
5783,-7570
5891,-5331
5955,-2517
5894,627
5635,3836
5125,6854
4395,9490
3396,11539
2219,12894
956,13529
-258,13468
-1280,12784
-1976,11582
-2241,9979
-2073,8157
-1400,6138
-352,3932
967,1674
2371,-573
3645,-2756
4576,-4821
4982,-6710
4788,-8329
3889,-9644
2304,-10617
198,-11155
-2218,-11207
-4690,-10747
-6955,-9780
-8776,-8347
-9917,-6500
-10381,-4384
-10238,-2167
-9550,32
-8501,2069
-7315,3811
-6224,5150
-5422,6012
-5033,6387
-5097,6210
-5628,5610
-6436,4574
-7316,3179
-8039,1526
-8385,-274
-8185,-2104
-7339,-3792
-5853,-5322
-3863,-6700
-1518,-7804
945,-8601
3267,-9080
5194,-9250
6519,-9135
7132,-8745
6933,-8153
5973,-7498
4352,-6766
2242,-6006
-148,-5271
-2599,-4607
-4908,-4055
-6862,-3598
-8413,-3345
-9532,-3194
-10188,-3206
-10416,-3352
-10277,-3580
-9848,-3825
-9201,-4023
-8414,-4068
-7545,-4015
-6547,-3790
-5528,-3482
-4523,-3160
-3565,-2907
-2685,-2804
-1913,-2919
-1270,-3355
-809,-3997
-476,-4882
-328,-5875
-356,-6871
-531,-7761
-810,-8448
-1138,-8864
-1513,-8924
-1834,-8714
-2027,-8220
-2143,-7540
-2215,-6753
-2298,-5938
-2453,-5159
-2737,-4467
-3198,-3926
-3813,-3535
-4616,-3226
-5483,-3088
-6305,-3146
-6963,-3423
-7340,-3933
-7346,-4674
-6960,-5646
-6158,-6750
-4940,-7853
-3473,-8848
-1912,-9580
-429,-9890
808,-9637
1666,-8728
2035,-7069
1922,-4826
1463,-2090
699,879
-216,3802
-1104,6382
-1791,8345
-2127,9477
-2006,9679
-1415,8881
-378,7222
985,4864
2521,2077
4047,-820
5383,-3503
6377,-5679
6988,-7116
7068,-7721
6664,-7375
5842,-6230
4726,-4454
3478,-2267
2266,87
1245,2377
544,4428
208,6037
291,7152
718,7702
1399,7692
2218,7170
3054,6211
3796,4903
4371,3333
4701,1588
4844,-184
4773,-1958
4535,-3666
4196,-5244
3824,-6626
3477,-7750
3180,-8588
2958,-9071
2769,-9120
2575,-8791
2309,-8123
1897,-7183
1278,-6059
411,-4850
-739,-3633
-2098,-2524
-3586,-1685
-5108,-1092
-6539,-760
-7756,-675
-8646,-802
-9128,-1090
-9132,-1510
-8692,-1977
-7917,-2382
-6844,-2737
-5582,-3024
-4254,-3234
-2981,-3365
-1864,-3420
-972,-3463
-357,-3379
-36,-3206
25,-2890
-121,-2409
-407,-1756
-758,-940
-1104,8
-1413,1049
-1585,2108
-1635,3069
-1513,3883
-1215,4476
-754,4792
-154,4792
547,4468
1372,3864
2178,2960
2888,1921
3479,753
3908,-456
4144,-1611
4168,-2616
3974,-3382
3523,-3773
2903,-3851
2148,-3546
1285,-2902
353,-1957
-612,-765
-1575,613
-2499,2108
-3393,3656
-4164,5164
-4681,6572
-4965,7793
-4970,8754
-4660,9392
-4013,9658
-3035,9523
-1790,8992
-317,8069
1277,6852
2833,5391
4181,3792
5151,2173
5589,654
5390,-659
4482,-1752
2942,-2482
893,-2880
-1482,-2984
-3939,-2884
-6211,-2704
-8038,-2580
-9200,-2639
-9561,-2909
-9043,-3525
-7700,-4495
-5651,-5710
-3101,-7032
-301,-8282
2480,-9275
4995,-9843
7090,-9879
8570,-9332
9356,-8207
9505,-6659
9121,-4879
8351,-3100
7372,-1552
6353,-433
5391,66
4648,22
4203,-545
4019,-1436
4046,-2416
4200,-3226
4387,-3625
4520,-3430
4563,-2561
4442,-1000
4185,1030
3823,3382
3424,5771
3069,7884
2835,9424
2777,10151
2925,9894
3250,8664
3648,6565
4047,3791
4324,625
4354,-2604
4029,-5571
3281,-7989
2109,-9600
529,-10363
-1248,-10210
-3126,-9249
-4906,-7627
-6373,-5529
-7330,-3157
-7624,-701
-7222,1646
-6043,3780
-4258,5695
-1995,7256
505,8421
2958,9165
5076,9482
6608,9375
7419,8897
7370,8045
6429,6908
4781,5573
2650,4163
318,2821
-1916,1694
-3782,913
-5085,616
-5688,760
-5626,1333
-4962,2210
-3874,3223
-2592,4168
-1360,4837
-397,5050
133,4754
187,3832
-243,2263
-1001,266
-1891,-1932
-2687,-4058
-3168,-5835
-3163,-7025
-2568,-7526
-1398,-7192
234,-5991
2148,-4147
4098,-1906
5815,434
7050,2560
7610,4199
7340,5175
6294,5344
4623,4708
2462,3392
55,1601
-2333,-408
-4442,-2363
-6060,-4024
-6976,-5263
-7214,-5903
-6849,-6061
-5927,-5771
-4593,-5212
-3016,-4610
-1370,-4195
192,-4160
1612,-4556
2697,-5497
3455,-6888
3835,-8526
3851,-10139
3538,-11415
2950,-12056
2154,-11827
1214,-10555
220,-8311
-734,-5281
-1570,-1722
-2205,1989
-2563,5433
-2581,8208
-2221,9992
-1546,10634
-491,10008
863,8312
2389,5762
3934,2739
5319,-317
6361,-2963
6900,-4827
6826,-5609
6084,-5275
4625,-3931
2593,-1779
150,831
-2498,3487
-5126,5773
-7518,7333
-9501,7853
-10950,7320
-11745,5805
-11951,3463
-11648,577
-10957,-2516
-10018,-5476
-8967,-8009
-7866,-9891
-6853,-11040
-5949,-11384
-5123,-11066
-4312,-10246
-3430,-9116
-2394,-7872
-1140,-6679
382,-5672
2105,-4932
3940,-4402
5767,-4153
7428,-4166
8759,-4412
9616,-4853
9895,-5452
9598,-6174
8677,-6932
7247,-7749
5450,-8462
3478,-8959
1549,-9126
-134,-8857
-1398,-8077
-2181,-6778
-2359,-4952
-2049,-2654
-1309,-65
-306,2607
752,5127
1653,7257
2207,8789
2268,9510
1766,9469
813,8619
-564,7136
-2204,5221
-3903,3115
-5444,1065
-6636,-705
-7349,-2091
-7530,-2913
-7113,-3073
-6283,-2699
-5217,-1915
-4129,-884
-3226,215
-2680,1218
-2568,1934
-2951,2372
-3770,2562
-4872,2487
-6054,2213
-7089,1827
-7755,1420
-7877,1076
-7322,863
-6098,787
-4365,922
-2209,1201
159,1594
2500,2069
4573,2605
6179,3186
7189,3782
7525,4419
7232,5156
6401,5931
5195,6715
3811,7467
2447,8137
1280,8675
500,9012
74,9191
-3,9120
212,8912
610,8633
1066,8361
1459,8173
1688,8130
1715,8310
1458,8637
998,9088
324,9574
-505,9992
-1415,10236
-2331,10209
-3186,9844
-3936,9138
-4536,8065
-4930,6677
-5140,5079
-5172,3396
-5035,1766
-4744,322
-4316,-819
-3727,-1565
-3097,-1886
-2396,-1790
-1737,-1308
-1186,-509
-810,516
-662,1662
-779,2826
-1127,3977
-1754,4944
-2676,5634
-3781,6032
-4986,6115
-6192,5883
-7301,5354
-8221,4561
-8812,3611
-9120,2477
-9119,1135
-8804,-284
-8200,-1714
-7345,-3084
-6290,-4330
-5091,-5392
-3840,-6173
-2557,-6687
-1327,-6996
-206,-7023
737,-6778
1438,-6285
1837,-5587
1892,-4742
1572,-3864
892,-2931
-66,-2115
-1258,-1403
-2581,-848
-3912,-496
-5126,-390
-6112,-557
-6777,-1076
-7108,-1836
-7077,-2803
-6783,-3921
-6335,-5112
-5866,-6291
-5509,-7373
-5378,-8286
-5572,-8986
-6065,-9425
-6806,-9646
-7702,-9647
-8611,-9478
-9371,-9205
-9827,-8898
-9851,-8622
-9317,-8392
-8303,-8262
-6759,-8253
-4873,-8294
-2802,-8316
-721,-8235
1208,-7968
2846,-7443
4161,-6603
4992,-5462
5384,-3974
5329,-2252
4887,-383
4141,1530
3186,3382
2124,5079
1020,6481
5,7630
-872,8527
-1542,9146
-1970,9500
-2135,9609
-2038,9498
-1694,9189
-1127,8745
-413,8109
452,7320
1346,6385
2188,5333
2899,4207
3412,3058
3670,1948
3625,959
3253,69
2615,-605
1671,-1144
450,-1583
-1002,-1969
-2622,-2349
-4330,-2760
-6102,-3151
-7759,-3631
-9123,-4052
-10170,-4418
-10823,-4639
-11029,-4608
-10761,-4222
-10022,-3400
-8783,-2176
-7207,-492
-5420,1602
-3514,3890
-1617,6144
148,8110
1671,9536
2869,10214
3674,9966
4083,8849
4087,6872
3733,4283
3079,1359
2197,-1579
1170,-4216
83,-6285
-985,-7669
-1934,-8175
-2665,-7952
-3106,-7078
-3187,-5789
-2853,-4379
-2077,-3149
-865,-2362
706,-2246
2590,-2793
4602,-3966
6596,-5573
8371,-7345
9720,-8970
10451,-10137
10422,-10590
9494,-10157
7765,-8814
5396,-6602
2534,-3747
-562,-528
-3596,2734
-6274,5726
-8337,8181
-9662,9890
-10076,10811
-9511,10978
-8150,10502
-6199,9567
-3916,8395
-1584,7206
535,6187
2296,5522
3473,5231
3993,5238
3924,5568
3387,6141
2554,6859
1625,7621
791,8339
254,9008
38,9464
197,9752
685,9795
1417,9579
2280,9103
3156,8376
3945,7422
4611,6339
5093,5067
5407,3721
5622,2346
5825,1029
6105,-127
6537,-1018
7164,-1557
7974,-1691
8953,-1412
9909,-669
10787,373
11446,1567
11740,2739
11546,3710
10777,4316
9432,4485
7480,4103
5112,3098
2403,1617
-463,-197
-3277,-2164
-5830,-4089
-7939,-5795
-9404,-7097
-10255,-7975
-10496,-8475
-10195,-8602
-9480,-8462
-8510,-8190
-7452,-7928
-6455,-7799
-5567,-7818
-4950,-8089
-4617,-8653
-4522,-9345
-4588,-10024
-4709,-10529
-4774,-10707
-4682,-10441
-4356,-9605
-3775,-8295
-2994,-6645
-2043,-4752
-1014,-2798
-15,-982
842,507
1459,1520
1795,2011
1796,1880
1385,1195
681,47
-236,-1412
-1272,-3005
-2331,-4550
-3335,-5890
-4255,-6857
-4997,-7453
-5657,-7703
-6183,-7625
-6608,-7309
-6980,-6862
-7351,-6400
-7760,-6023
-8221,-5852
-8766,-5871
-9271,-6030
-9753,-6353
-10146,-6800
-10368,-7319
-10341,-7858
-10004,-8371
-9374,-8816
-8406,-9207
-7103,-9440
-5617,-9587
-4087,-9653
-2668,-9634
-1511,-9521
-738,-9300
-412,-8913
-570,-8455
-1114,-7846
-1961,-7207
-2949,-6604
-3889,-6111
-4592,-5791
-4899,-5691
-4679,-5778
-3944,-6102
-2751,-6605
-1219,-7184
466,-7715
2093,-8063
3450,-8096
4363,-7711
4710,-6837
4464,-5503
3717,-3704
2570,-1614
1213,593
-135,2723
-1256,4584
-1966,6008
-2078,6941
-1673,7208
-689,6890
676,5996
2239,4644
3802,2992
5174,1219
6197,-500
6703,-2065
6725,-3324
6354,-4153
5579,-4640
4483,-4859
3164,-4921
1720,-4945
243,-5042
-1125,-5242
-2421,-5667
-3564,-6193
-4515,-6825
-5218,-7455
-5615,-7948
-5649,-8167
-5276,-8003
-4440,-7348
-3259,-6301
-1779,-4874
-187,-3284
1315,-1742
2508,-473
3186,317
3189,482
2465,-53
1000,-1254
-1108,-2924
-3593,-4897
-6138,-6902
-8388,-8645
-9999,-9851
-10688,-10305
-10312,-9895
-8798,-8580
-6260,-6535
-2973,-3913
685,-1000
4270,1881
7337,4402
9495,6282
10459,7269
10134,7333
8495,6492
5800,4860
2385,2639
-1340,86
-4948,-2533
-8057,-4965
-10349,-6945
-11707,-8453
-12089,-9350
-11617,-9698
-10503,-9563
-9016,-9034
-7440,-8208
-6021,-7176
-4970,-6080
-4343,-4895
-4104,-3619
-4199,-2349
-4488,-1140
-4808,-59
-4998,824
-4932,1445
-4507,1783
-3752,1779
-2716,1481
-1481,958
-156,336
1140,-221
2308,-541
3271,-473
3939,129
4348,1192
4586,2737
4598,4515
4397,6271
3990,7717
3382,8573
2577,8620
1616,7686
507,5865
-778,3224
-2079,87
-3277,-3184
-4237,-6188
-4831,-8542
-4957,-9938
-4585,-10194
-3698,-9265
-2291,-7195
-582,-4281
1220,-873
2879,2625
4164,5811
4884,8336
4855,9935
4138,10474
2863,10005
1157,8585
-739,6411
-2545,3739
-3984,852
-4828,-1980
-4919,-4554
-4238,-6651
-2817,-8183
-864,-9093
1361,-9391
3560,-9128
5439,-8382
6749,-7244
7351,-5799
7145,-4149
6139,-2390
4505,-596
2463,1153
277,2775
-1785,4192
-3483,5328
-4625,6132
-5117,6560
-4947,6535
-4157,6128
-2859,5394
-1203,4419
645,3307
2525,2174
4237,1065
5767,155
7076,-407
8099,-656
8820,-597
9236,-270
9346,260
9152,910
8724,1532
7978,2173
6911,2671
5592,3072
4089,3367
2494,3557
918,3644
-525,3631
-1798,3544
-2733,3323
-3274,3006
-3465,2551
-3377,1958
-3123,1241
-2837,434
-2651,-413
-2617,-1247
-2836,-2002
-3338,-2551
-3972,-2894
-4574,-2999
-4942,-2855
-4873,-2467
-4207,-1856
-2815,-1023
-800,-35
1743,1015
4530,2147
7226,3340
9469,4576
10920,5837
11321,7101
10582,8321
8661,9466
5709,10457
2078,11228
-1796,11697
-5430,11785
-8357,11429
-10193,10595
-10646,9297
-9699,7578
-7550,5527
-4416,3300
-709,1070
3087,-976
6484,-2664
9056,-3852
10487,-4500
10638,-4509
9540,-3978
7362,-2991
4406,-1718
1051,-365
-2307,854
-5309,1748
-7708,2167
-9307,2054
-10033,1434
-9990,392
-9345,-911
-8319,-2275
-7148,-3488
-6045,-4362
-5238,-4789
-4725,-4670
-4531,-4017
-4627,-2940
-4938,-1607
-5374,-220
-5846,1011
-6288,1906
-6648,2314
-6903,2254
-7141,1671
-7293,759
-7357,-298
-7318,-1295
-7156,-2037
-6840,-2367
-6407,-2207
-5759,-1505
-4819,-417
-3686,1004
-2428,2593
-1137,4156
80,5508
1117,6493
1921,7053
2423,7069
2546,6618
2424,5755
2172,4613
1936,3358
1867,2159
2095,1171
2635,518
3587,251
4940,363
6509,813
8091,1508
9454,2331
10366,3154
10641,3865
10102,4353
8830,4609
6980,4665
4714,4527
2313,4258
94,3934
-1636,3627
-2627,3395
-2737,3202
-1942,3153
-285,3189
1953,3270
4449,3322
6839,3263
8770,3017
9953,2527
10269,1830
9548,831
7953,-394
5636,-1779
2898,-3213
101,-4567
-2386,-5710
-4236,-6528
-5238,-6984
-5227,-6954
-4231,-6527
-2374,-5714
107,-4618
2907,-3380
5702,-2152
8193,-1075
10172,-188
11464,361
11997,587
11866,578
11219,470
10253,433
9178,643
8178,1241
7337,2279
6801,3799
6448,5648
6260,7660
6097,9567
5790,11066
5177,11865
4132,11733
2536,10521
516,8295
-1808,5177
-4244,1503
-6547,-2319
-8458,-5837
-9750,-8618
-10256,-10312
-9836,-10734
-8600,-9798
-6760,-7662
-4464,-4619
-1982,-1100
398,2397
2411,5380
3844,7430
4595,8328
4578,7846
3895,6138
2656,3397
1061,5
-655,-3566
-2257,-6828
-3531,-9345
-4344,-10785
-4533,-10999
-4164,-9983
-3193,-7924
-1704,-5133
178,-2000
2297,1066
4485,3700
6537,5566
8402,6634
9864,6853
10913,6389
11497,5470
11580,4368
11145,3349
10193,2629
8680,2290
6759,2458
4484,2963
1983,3737
-607,4584
-3134,5287
-5444,5646
-7397,5504
-8814,4751
-9741,3411
-10044,1653
-9822,-445
-9139,-2695
-8087,-4891
-6768,-6833
-5285,-8357
-3745,-9397
-2210,-9809
-788,-9668
500,-8972
1618,-7804
2538,-6280
3247,-4526
3738,-2665
3976,-778
4053,985
4049,2659
4003,4132
3994,5383
4106,6411
4409,7232
4953,7867
5815,8272
6874,8573
7995,8725
9100,8763
10036,8680
10644,8459
10775,8082
10318,7536
9173,6894
7447,6092
5128,5160
2447,4209
-387,3343
-3150,2678
-5623,2319
-7618,2343
-8989,2715
-9691,3518
-9610,4607
-8861,5866
-7531,7100
-5735,8089
-3605,8616
-1279,8511
1171,7688
3493,6118
5602,4014
7322,1525
8525,-1048
9105,-3356
8991,-5057
8161,-5868
6694,-5681
4623,-4371
2076,-2073
-707,919
-3476,4198
-5964,7285
-7919,9705
-9131,11057
-9474,11106
-8872,9755
-7447,7048
-5295,3383
-2644,-759
220,-4814
2991,-8219
5375,-10495
7160,-11366
8163,-10624
8238,-8448
7493,-5092
6065,-1023
4152,3194
1983,6981
-211,9838
-2281,11381
-4035,11510
-5321,10248
-6207,7901
-6759,4903
-7078,1770
-7281,-981
-7473,-2909
-7677,-3770
-7989,-3368
-8386,-1867
-8790,522
-9096,3404
-9186,6313
-8954,8783
-8325,10422
-7211,10944
-5739,10293
-4063,8595
-2290,6067
-601,3075
820,40
1812,-2622
2264,-4566
2162,-5605
1476,-5558
413,-4584
-933,-2794
-2352,-468
-3621,2061
-4526,4453
-4897,6416
-4627,7697
-3700,8248
-2256,8170
-398,7510
1658,6457
3666,5239
5373,4084
6563,3186
7086,2740
6847,2720
5872,3025
4244,3634
2127,4422
-272,5246
-2726,5971
-5024,6495
-7000,6710
-8542,6675
-9509,6422
-9985,6006
-10040,5502
-9775,4983
-9302,4506
-8727,4108
-8198,3871
-7682,3720
-7147,3576
-6638,3516
-6137,3562
-5625,3749
-5086,4116
-4520,4694
-3946,5460
-3372,6417
-2843,7515
-2376,8594
-1995,9479
-1707,9977
-1510,9903
-1388,9117
-1343,7490
-1316,5175
-1251,2241
-1166,-1001
-1064,-4219
-962,-7051
-884,-9159
-854,-10276
-821,-10277
-869,-9102
-1026,-6935
-1195,-4019
-1302,-732
-1258,2493
-978,5226
-394,7100
481,7815
1692,7358
3227,5720
4918,3174
6601,64
8092,-3203
9209,-6215
9805,-8605
9836,-10075
9193,-10514
8044,-9942
6458,-8439
4640,-6211
2835,-3520
1296,-649
241,2137
-156,4560
100,6589
984,8073
2286,9062
3741,9601
5044,9756
5894,9597
6048,9185
5389,8543
3855,7776
1582,6858
-1199,5901
-4152,4981
-6893,4183
-9046,3592
-10301,3285
-10395,3359
-9384,3728
-7349,4448
-4554,5342
-1358,6259
1831,7027
4613,7480
6648,7479
7753,6914
7760,5832
6710,4235
4784,2322
2253,302
-554,-1592
-3298,-3130
-5678,-4119
-7401,-4383
-8418,-3965
-8783,-2799
-8497,-1077
-7700,1019
-6572,3281
-5307,5497
-4084,7477
-3070,9116
-2309,10245
-1859,10779
-1703,10735
-1806,10142
-2121,9058
-2599,7562
-3200,5748
-3944,3708
-4725,1591
-5569,-579
-6411,-2600
-7207,-4340
-7906,-5680
-8455,-6522
-8805,-6803
-8856,-6513
-8720,-5661
-8314,-4369
-7769,-2740
-7173,-939
-6620,839
-6198,2399
-5977,3562
-5950,4144
-6177,4154
-6678,3507
-7329,2318
-8027,709
-8653,-1160
-9088,-3113
-9227,-4978
-9022,-6616
-8404,-7910
-7313,-8755
-5839,-9158
-4059,-9140
-2073,-8748
2,-8050
2048,-7120
3961,-6007
5619,-4803
6978,-3655
7942,-2544
8467,-1509
8533,-587
8141,192
7315,801
6088,1179
4524,1403
2733,1442
765,1364
-1293,1225
-3349,1085
-5310,1004
-7086,1036
-8585,1192
-9771,1516
-10496,2067
-10802,2763
-10681,3554
-10145,4373
-9222,5148
-7961,5807
-6362,6278
-4627,6533
-2777,6499
-982,6194
642,5625
1997,4814
3006,3794
3628,2611
3918,1276
3779,-87
3368,-1348
2682,-2475
1809,-3394
851,-4036
-81,-4344
-885,-4281
-1429,-3882
-1717,-3109
-1756,-1951
-1531,-537
-1082,1031
-479,2632
198,4145
859,5457
1453,6484
1883,7153
2042,7426
1959,7322
1638,6888
1100,6194
381,5329
-478,4389
-1461,3454
-2507,2620
-3494,1928
-4467,1424
-5410,1119
-6306,1005
-7141,1059
-7898,1250
-8547,1612
-9099,2032
-9471,2440
-9704,2876
-9796,3346
-9751,3862
-9576,4436
-9285,5071
-8924,5692
-8469,6374
-7994,7043
-7502,7648
-7025,8110
-6600,8345
-6261,8271
-6030,7832
-5887,7033
-5869,5846
-5921,4390
-6003,2757
-6043,1103
-5961,-391
-5679,-1552
-5133,-2238
-4228,-2319
-3069,-1850
-1710,-970
-243,205
1206,1455
2498,2527
3504,3180
4121,3220
4226,2492
3912,1079
3234,-952
2290,-3341
1219,-5785
169,-7951
-716,-9523
-1324,-10247
-1517,-10040
-1397,-8773
-888,-6577
-140,-3661
742,-336
1648,3032
2479,6073
3154,8459
3641,9935
3836,10401
3807,9780
3458,8236
2770,5979
1737,3277
367,421
-1302,-2317
-3269,-4738
-5347,-6623
-7342,-7957
-9134,-8670
-10543,-8804
-11393,-8443
-11540,-7699
-10892,-6684
-9439,-5564
-7245,-4314
-4430,-2979
-1259,-1585
1972,-136
4945,1361
7355,2890
8948,4417
9507,5956
9045,7342
7562,8499
5248,9364
2343,9885
-860,10040
-4056,9842
-6959,9336
-9377,8600
-11074,7680
-11952,6749
-12006,5800
-11290,4873
-9912,3993
-8020,3170
-5778,2408
-3377,1762
-919,1196
1417,663
3552,284
5398,132
6883,277
7952,781
8567,1671
8742,2941
8437,4499
7741,6257
6700,8007
5424,9538
4049,10635
2732,11107
1625,10816
890,9639
551,7692
742,5156
1361,2193
2317,-931
3484,-3926
4713,-6513
5857,-8460
6727,-9548
7360,-9807
7620,-9331
7600,-8210
7367,-6647
7000,-4882
6586,-3160
6194,-1700
5825,-619
5546,-65
5427,-141
5360,-726
5288,-1707
5153,-2939
4904,-4259
4504,-5512
3949,-6628
3220,-7396
2379,-7769
1425,-7691
394,-7148
-677,-6161
-1749,-4777
-2781,-3066
-3783,-1183
-4620,874
-5351,2935
-5852,4908
-6074,6660
-5981,8058
-5553,8972
-4792,9295
-3766,8892
-2443,7863
-903,6141
796,3902
2575,1300
4345,-1479
6019,-4238
7510,-6787
8678,-8911
9579,-10572
10095,-11587
10264,-11996
10090,-11812
9588,-11078
8786,-9857
7718,-8226
6483,-6261
5088,-4074
3557,-1750
2036,594
632,2849
-541,4909
-1380,6678
-1804,8079
-1701,8999
-1159,9514
-251,9708
956,9601
2337,9294
3745,8902
5036,8544
6085,8319
6794,8268
7134,8453
7159,8851
6907,9375
6487,9905
6029,10296
5666,10401
5511,10096
5589,9343
5981,8066
6677,6220
7554,3980
8472,1506
9266,-1009
9771,-3364
9846,-5371
9382,-6947
8378,-7915
6765,-8162
4709,-7782
2351,-6864
-140,-5532
-2591,-3933
-4846,-2215
-6713,-516
-8195,1064
-9305,2529
-9997,3803
-10296,4891
-10249,5821
-9908,6631
-9322,7352
-8600,8004
-7678,8579
-6584,8944
-5347,9105
-3999,8986
-2582,8509
-1151,7613
230,6274
1489,4485
2601,2394
3465,44
4126,-2303
4608,-4423
4951,-6102
5209,-7156
5430,-7458
5599,-6948
5810,-5653
5959,-3777
6043,-1430
5973,1166
5647,3762
4959,6114
3831,8013
2283,9369
305,9979
-2068,9910
-4573,9164
-6955,7858
-8936,6158
-10250,4260
-10685,2360
-10148,626
-8606,-795
-6118,-1804
-2974,-2382
495,-2550
3909,-2371
6890,-1932
9118,-1329
10345,-682
10506,4
9745,587
8180,1123
6105,1620
3874,2088
1850,2532
349,2946
-436,3370
-367,3671
490,3769
1966,3636
3781,3228
5595,2523
7065,1528
7895,281
7879,-1143
6980,-2683
5199,-4173
2789,-5566
49,-6774
-2678,-7726
-5049,-8369
-6779,-8670
-7738,-8666
-7744,-8271
-6867,-7609
-5243,-6632
-3106,-5379
-741,-3901
1563,-2267
3549,-561
5075,1173
5947,2765
6262,4113
6023,5133
5375,5751
4510,5919
3632,5620
2924,4870
2528,3764
2512,2301
2774,599
3302,-1246
3965,-3120
4601,-4908
5046,-6498
5171,-7793
4836,-8667
4145,-9126
3150,-9169
2008,-8765
908,-7931
46,-6710
-407,-5162
-333,-3369
339,-1472
1540,488
3086,2401
4844,4138
6591,5585
8098,6634
9155,7197
9604,7214
9310,6693
8318,5596
6755,4090
4702,2216
2336,122
-146,-2018
-2547,-4020
-4689,-5715
-6400,-6964
-7614,-7704
-8304,-7941
-8420,-7734
-7970,-7207
-6991,-6527
-5538,-5874
-3687,-5410
-1583,-5260
738,-5450
3090,-5988
5348,-6736
7344,-7523
8905,-8149
9870,-8417
10119,-8169
9542,-7283
8239,-5821
6272,-3774
3871,-1391
1305,1088
-1126,3402
-3126,5304
-4444,6595
-4848,7219
-4383,7036
-3114,6127
-1220,4614
1027,2689
3306,585
5293,-1460
6711,-3233
7318,-4599
7124,-5402
6065,-5685
4372,-5435
2286,-4746
91,-3754
-1928,-2616
-3522,-1484
-4447,-456
-4721,319
-4259,870
-3185,1146
-1632,1186
246,1059
2288,846
4344,626
6256,386
7955,234
9353,202
10356,185
10883,95
10855,-167
10211,-694
8916,-1547
6934,-2785
4436,-4305
1470,-5943
-1663,-7589
-4678,-9056
-7270,-10149
-9150,-10695
-10093,-10572
-9975,-9703
-8784,-8156
-6612,-6114
-3745,-3727
-542,-1245
2586,1064
5227,2946
7028,4200
7734,4657
7275,4354
5641,3401
3098,1936
-17,194
-3297,-1560
-6321,-3063
-8714,-4089
-10182,-4509
-10595,-4206
-9898,-3187
-8244,-1556
-5865,528
-3059,2860
-144,5224
2585,7411
4884,9295
6630,10680
7697,11487
8164,11702
8126,11350
7714,10496
7068,9231
6315,7663
5616,5912
4943,4064
4270,2265
3646,575
3066,-923
2525,-2152
2032,-3048
1607,-3556
1268,-3578
1035,-3224
1013,-2411
1123,-1268
1324,121
1558,1656
1748,3232
1820,4742
1739,6040
1443,7119
881,7857
154,8235
-642,8220
-1385,7794
-1944,6958
-2208,5734
-2170,4199
-1735,2377
-878,420
212,-1573
1355,-3457
2340,-5075
2961,-6281
3045,-6964
2554,-7050
1381,-6539
-413,-5599
-2622,-4308
-4990,-2866
-7217,-1508
-9003,-471
-10096,46
-10395,-153
-9733,-986
-8266,-2453
-6135,-4316
-3631,-6309
-1108,-8130
1071,-9485
2592,-10133
3211,-9875
2899,-8756
1719,-6812
-92,-4273
-2191,-1418
-4176,1435
-5651,3975
-6291,5937
-5903,7145
-4434,7514
-2035,6995
1009,5749
4284,3959
7320,1846
9660,-358
10931,-2440
10858,-4270
9461,-5638
6889,-6513
3452,-6826
-409,-6581
-4190,-5814
-7400,-4591
-9629,-2994
-10555,-1154
-10144,847
-8473,2941
-5767,4945
-2379,6715
1279,8111
4794,9010
7803,9316
10068,8930
11378,7917
11804,6339
11354,4301
10194,1963
8544,-485
6643,-2842
4719,-4916
2952,-6556
1496,-7653
417,-8062
-248,-7858
-508,-7105
-403,-5907
13,-4392
678,-2698
1503,-892
2459,827
3511,2317
4555,3564
5503,4540
6257,5242
6719,5688
6800,5909
6426,5933
5602,5807
4253,5606
2526,5336
544,5028
-1535,4709
-3540,4410
-5305,4158
-6720,4006
-7666,3931
-8016,3967
-7861,4109
-7279,4354
-6384,4688
-5310,5088
-4193,5518
-3175,5977
-2271,6359
-1615,6515
-1124,6453
-751,6118
-431,5468
-102,4481
290,3164
762,1561
1337,-286
1949,-2208
2581,-4131
3173,-5919
3665,-7428
4001,-8530
4144,-9121
4126,-9134
3891,-8583
3471,-7507
2932,-6024
2343,-4288
1781,-2476
1317,-771
1011,660
889,1622
994,2150
1245,2143
1660,1689
2187,870
2763,-211
3317,-1438
3786,-2705
4131,-3888
4294,-4947
4342,-5863
4241,-6570
4033,-7044
3774,-7269
3523,-7240
3338,-6959
3262,-6449
3280,-5711
3407,-4858
3556,-3904
3643,-2930
3580,-2031
3284,-1302
2698,-828
1791,-652
605,-796
-806,-1227
-2321,-1836
-3803,-2480
-5105,-2990
-6093,-3196
-6664,-2955
-6729,-2248
-6316,-985
-5507,838
-4367,2990
-3022,5238
-1619,7312
-301,8941
809,9896
1644,9975
2115,9206
2206,7631
1958,5437
1437,2886
733,282
-58,-2068
-839,-3898
-1466,-5031
-1970,-5381
-2341,-4941
-2539,-3879
-2566,-2413
-2434,-806
-2161,677
-1767,1810
-1249,2466
-668,2526
-93,2094
467,1238
968,142
1360,-969
1595,-1868
1634,-2360
1401,-2246
966,-1577
328,-361
-452,1273
-1307,3153
-2157,5084
-2925,6872
-3545,8357
-3982,9399
-4219,9985
-4209,10131
-4046,9884
-3802,9333
-3557,8578
-3388,7716
-3363,6829
-3459,5980
-3791,5206
-4351,4428
-5094,3718
-5961,3075
-6874,2494
-7742,1973
-8479,1512
-9054,1078
-9339,698
-9293,385
-8914,75
-8219,-281
-7248,-741
-6064,-1361
-4735,-2183
-3361,-3214
-1964,-4443
-589,-5816
723,-7215
1950,-8498
3082,-9507
4109,-10089
5020,-10120
5820,-9465
6434,-8228
6808,-6458
6893,-4320
6635,-2018
5988,219
4931,2169
3479,3643
1634,4472
-444,4701
-2595,4269
-4688,3368
-6555,2175
-8034,889
-8992,-296
-9335,-1217
-9067,-1809
-8142,-1932
-6600,-1669
-4592,-1020
-2276,-81
168,1024
2554,2162
4712,3201
6509,4038
7803,4577
8627,4750
8887,4543
8601,3961
7826,3031
6651,1800
5188,330
3510,-1333
1805,-3068
216,-4745
-1186,-6292
-2323,-7607
-3142,-8590
-3612,-9156
-3725,-9238
-3480,-8789
-2901,-7843
-2087,-6347
-1030,-4457
223,-2290
1616,13
3083,2308
4552,4454
5934,6336
7168,7852
8160,8898
8851,9472
9185,9577
9124,9243
8657,8524
7800,7492
6556,6278
5060,4898
3504,3470
1947,2075
524,804
-636,-256
-1422,-1031
-1758,-1462
-1619,-1493
-993,-1160
-14,-540
1258,321
2680,1315
4087,2319
5313,3203
6210,3848
6734,4231
6734,4201
6185,3782
5174,3010
3815,1981
2263,825
692,-309
-729,-1279
-1844,-2036
-2575,-2433
-2830,-2386
-2649,-2020
-2092,-1450
-1254,-830
-245,-324
819,-81
1870,-272
2808,-824
3536,-1786
4100,-3000
4527,-4309
4858,-5535
5136,-6508
5390,-7096
5566,-7253
5764,-6920
5865,-6239
5866,-5291
5696,-4251
5279,-3315
4548,-2668
3458,-2454
1997,-2704
219,-3490
-1770,-4701
-3841,-6186
-5823,-7728
-7537,-9078
-8816,-9995
-9531,-10276
-9641,-9784
-9092,-8482
-8031,-6467
-6553,-3857
-4854,-868
-3160,2238
-1697,5194
-658,7758
-214,9721
-338,11018
-971,11643
-1976,11653
-3143,11182
-4227,10401
-4987,9489
-5222,8608
-4740,7920
-3605,7408
-1883,7090
275,6891
2646,6714
4979,6446
7026,5988
8582,5267
9458,4265
9686,2967
9218,1500
8211,-98
6826,-1722
5244,-3261
3645,-4612
2183,-5689
1022,-6446
169,-6847
-341,-6853
-497,-6517
-308,-5878
201,-4984
1003,-3887
2063,-2642
3394,-1261
4802,98
6284,1463
7627,2676
8666,3647
9239,4299
9207,4572
8478,4433
6964,3852
4819,2927
2191,1630
-705,132
-3590,-1443
-6168,-2972
-8159,-4343
-9342,-5461
-9551,-6288
-8809,-6718
-7158,-6835
-4822,-6576
-2073,-5966
771,-5059
3393,-3923
5510,-2645
6950,-1347
7533,-71
7141,1045
5905,1949
3965,2574
1515,2863
-1221,2783
-4015,2322
-6684,1527
-9001,394
-10842,-925
-12092,-2370
-12688,-3811
-12608,-5103
-11864,-6100
-10505,-6677
-8561,-6755
-6205,-6284
-3602,-5276
-880,-3825
1790,-2069
4236,-182
6296,1649
7828,3247
8772,4484
9013,5268
8487,5546
7292,5399
5531,4936
3351,4304
929,3663
-1545,3155
-3916,2840
-5996,2824
-7569,3148
-8617,3687
-9104,4312
-9035,4866
-8452,5195
-7430,5169
-6113,4719
-4526,3815
-2862,2529
-1182,973
402,-687
1783,-2255
2860,-3545
3551,-4401
3747,-4773
3477,-4562
2804,-3840
1721,-2718
306,-1370
-1336,-2
-3079,1179
-4791,2000
-6371,2300
-7687,2100
-8571,1503
-9047,586
-9110,-474
-8784,-1469
-8118,-2199
-7179,-2499
-6065,-2202
-4782,-1384
-3492,-137
-2170,1421
-854,3096
423,4672
1627,5944
2726,6749
3681,7000
4474,6669
5126,5779
5605,4484
5918,2961
6089,1406
6153,8
6154,-1073
6068,-1675
6017,-1804
6077,-1487
6201,-741
6371,356
6548,1705
6683,3202
6723,4740
6638,6233
6399,7565
5972,8692
5421,9501
4806,9915
4201,9867
3686,9310
3328,8224
3219,6617
3284,4567
3569,2170
3954,-409
4346,-2980
4646,-5340
4768,-7293
4652,-8677
4305,-9374
3690,-9367
2943,-8686
2109,-7466
1304,-5892
655,-4189
283,-2589
278,-1302
679,-496
1505,-228
2654,-571
4050,-1394
5548,-2556
6978,-3872
8173,-5149
8985,-6209
9239,-6944
8999,-7231
8193,-7043
6944,-6427
5366,-5470
3594,-4291
1765,-3023
4,-1791
-1528,-727
-2852,160
-3988,765
-4885,1146
-5552,1336
-6010,1377
-6279,1310
-6377,1171
-6272,916
-6043,674
-5738,373
-5352,76
-4919,-208
-4473,-471
-4054,-705
-3694,-899
-3478,-995
-3293,-1073
-3161,-1020
-2989,-900
-2702,-710
-2221,-443
-1484,-88
-456,360
869,947
2429,1584
4117,2261
5811,2919
7353,3501
8581,3952
9344,4224
9528,4290
9092,4082
8005,3717
6232,3304
3954,2879
1327,2534
-1465,2358
-4229,2425
-6784,2781
-8924,3423
-10600,4327
-11706,5425
-12210,6597
-12103,7708
-11408,8617
-10167,9193
-8447,9332
-6326,9016
-3940,8154
-1351,6768
1243,4936
3681,2766
5808,392
7483,-2033
8596,-4359
9032,-6508
8837,-8261
8081,-9524
6829,-10240
5215,-10384
3399,-9968
1553,-9037
-167,-7664
-1585,-5971
-2684,-4013
-3434,-1918
-3845,223
-3976,2313
-3913,4259
-3753,5980
-3591,7401
-3511,8450
-3529,9100
-3758,9275
-4111,8989
-4551,8246
-5029,7073
-5494,5518
-5901,3654
-6219,1516
-6420,-664
-6386,-2795
-6163,-4689
-5733,-6197
-5073,-7192
-4166,-7587
-3004,-7341
-1575,-6456
18,-4990
1764,-3141
3490,-982
5047,1329
6280,3620
7047,5728
7239,7509
6827,8916
5798,9762
4147,10097
2089,9880
-174,9161
-2415,8036
-4408,6628
-5956,5079
-6926,3563
-7231,2153
-6864,1031
-5911,220
-4511,-238
-2843,-329
-1101,-66
530,518
1941,1324
2945,2383
3539,3520
3690,4732
3449,5939
2905,7048
2170,7966
1359,8597
617,8798
-74,8617
-608,8007
-1047,6999
-1430,5645
-1804,4026
-2214,2240
-2688,391
-3273,-1356
-3876,-3030
-4442,-4488
-4910,-5747
-5211,-6792
-5286,-7616
-5101,-8218
-4650,-8599
-4026,-8822
-3170,-8765
-2236,-8535
-1258,-8063
-322,-7363
484,-6472
1081,-5447
1406,-4353
1450,-3302
1139,-2262
557,-1302
-313,-376
-1415,558
-2673,1560
-3997,2687
-5290,3979
-6467,5470
-7429,7072
-8129,8681
-8516,10157
-8572,11322
-8307,11990
-7748,11998
-6934,11237
-5978,9606
-4819,7290
-3519,4343
-2091,1084
-557,-2179
1060,-5128
2725,-7470
4395,-8973
6040,-9504
7536,-9011
8850,-7549
9869,-5287
10517,-2455
10741,677
10516,3829
9850,6741
8753,9191
7330,11016
5703,12214
3945,12681
2158,12438
439,11551
-1127,10121
-2469,8275
-3597,6143
-4362,3879
-4758,1667
-4749,-376
-4322,-2115
-3489,-3429
-2281,-4217
-756,-4410
1049,-3973
2938,-2929
4857,-1420
6610,478
8054,2594
9067,4726
9563,6666
9498,8219
8811,9165
7641,9533
6135,9201
4371,8307
2488,6979
630,5387
-1072,3716
-2502,2141
-3580,798
-4212,-218
-4429,-772
-4163,-940
-3419,-777
-2229,-362
-649,210
1236,850
3381,1466
5572,2030
7576,2405
9298,2637
10583,2714
11294,2630
11331,2380
10643,1963
9198,1397
7144,708
4667,-117
1950,-955
-758,-1704
-3196,-2254
-5125,-2497
-6348,-2346
-6751,-1738
-6276,-695
-4989,769
-3012,2510
-549,4368
2155,6159
4836,7694
7240,8811
9218,9420
10532,9443
11011,8811
10708,7684
9673,6210
8016,4574
5884,2967
3446,1563
852,450
-1696,-222
-4011,-464
-5995,-310
-7548,137
-8600,742
-9111,1353
-9065,1830
-8488,2112
-7395,2072
-5896,1701
-4048,1061
-1959,249
241,-607
2414,-1372
4414,-1928
6114,-2147
7405,-2072
8105,-1739
8236,-1227
7790,-661
6797,-181
5322,84
3462,36
1312,-375
-963,-1118
-3155,-2099
-5170,-3188
-6876,-4214
-8162,-4998
-8944,-5380
-9171,-5243
-8768,-4605
-7846,-3367
-6554,-1734
-4927,210
-3087,2261
-1171,4188
683,5760
2350,6779
3676,7097
4659,6672
5232,5515
5398,3750
5179,1555
4615,-849
3767,-3226
2707,-5362
1490,-7017
228,-8183
-898,-8821
-1863,-8956
-2580,-8672
-2972,-8086
-2980,-7318
-2574,-6481
-1793,-5627
-636,-4848
719,-4131
2175,-3462
3553,-2795
4655,-2072
5294,-1242
5317,-270
4685,861
3327,2111
1334,3446
-1102,4785
-3718,6044
-6207,7144
-8256,8014
-9588,8602
-9980,8926
-9408,8892
-7818,8557
-5448,7905
-2571,6962
488,5768
3387,4369
5826,2817
7606,1197
8572,-459
8688,-2152
8093,-3768
6988,-5244
5625,-6523
4269,-7555
3154,-8303
2437,-8699
2214,-8824
2451,-8616
3050,-8163
3838,-7508
4603,-6703
5136,-5796
5263,-4835
4937,-3857
4025,-2938
2604,-2057
790,-1315
-1236,-762
-3258,-437
-5062,-369
-6463,-566
-7330,-970
-7619,-1615
-7398,-2451
-6741,-3396
-5802,-4362
-4766,-5254
-3815,-5981
-3104,-6468
-2761,-6732
-2795,-6637
-3083,-6312
-3598,-5740
-4203,-5010
-4739,-4241
-5055,-3566
-5033,-3109
-4640,-3028
-3821,-3263
-2720,-3824
-1415,-4615
-75,-5508
1110,-6346
1954,-6972
2312,-7254
2065,-7158
1251,-6616
-109,-5604
-1849,-4317
-3779,-2935
-5688,-1661
-7369,-693
-8649,-185
-9415,-161
-9585,-739
-9209,-1788
-8323,-3187
-7037,-4722
-5495,-6142
-3844,-7195
-2226,-7667
-706,-7345
550,-6280
1578,-4493
2320,-2143
2801,549
3072,3325
3200,5928
3255,8130
3304,9745
3365,10719
3497,11124
3665,10995
3845,10477
4004,9747
4113,8985
4150,8342
4077,7854
3937,7651
3785,7732
3622,7984
3482,8274
3392,8450
3370,8363
3419,7891
3475,6913
3583,5469
3676,3659
3716,1528
3651,-797
3429,-3166
3012,-5431
2374,-7460
1506,-9214
424,-10528
-735,-11370
-1976,-11748
-3220,-11695
-4380,-11262
-5366,-10517
-6100,-9527
-6551,-8401
-6647,-7134
-6383,-5709
-5801,-4206
-4963,-2650
-3956,-1068
-2873,516
-1806,2069
-897,3564
-85,4968
560,6149
1088,7144
1540,7928
1964,8486
2407,8812
2901,8915
3526,8883
4181,8671
4807,8248
5388,7738
5872,7208
6216,6720
6391,6334
6381,6093
6164,5979
5813,6085
5316,6327
4741,6728
4126,7245
3496,7816
2868,8367
2254,8824
1712,9130
1192,9204
728,9119
380,8807
218,8301
323,7657
768,6947
1602,6244
2784,5651
4317,5103
6137,4688
8012,4277
9710,3786
10976,3121
11575,2203
11324,983
10121,-587
8000,-2371
5116,-4308
1720,-6206
-1843,-7882
-5182,-9153
-7916,-9867
-9727,-9921
-10361,-9209
-9822,-7847
-8234,-6015
-5815,-3801
-2920,-1392
34,1008
2628,3209
4503,5044
5440,6418
5307,7226
4103,7383
2085,6957
-422,6006
-3028,4617
-5338,2892
-7011,945
-7736,-1150
-7499,-3171
-6330,-5090
-4380,-6697
-1903,-7861
793,-8477
3396,-8477
5630,-7836
7298,-6596
8275,-4814
8500,-2701
8060,-389
7073,1907
5694,3963
4082,5563
2382,6529
647,6768
-918,6189
-2363,4846
-3580,2846
-4549,373
-5266,-2336
-5740,-5023
-5985,-7439
-5994,-9413
-5857,-10741
-5515,-11259
-5092,-11035
-4649,-10148
-4249,-8730
-3950,-6950
-3801,-4987
-3771,-3053
-3966,-1193
-4410,426
-5048,1815
-5830,2973
-6683,3917
-7522,4674
-8252,5266
-8850,5748
-9149,6036
-9035,6129
-8522,5984
-7610,5572
-6331,4882
-4745,3929
-2936,2760
-937,1454
1061,76
2904,-1205
4553,-2342
5938,-3252
7014,-3871
7755,-4157
8152,-4097
8252,-3728
7990,-3022
7366,-2094
6390,-941
5065,382
3406,1817
1447,3298
-755,4754
-3100,6142
-5493,7324
-7712,8325
-9636,9001
-11089,9292
-11907,9159
-11959,8595
-11172,7622
-9614,6355
-7280,4762
-4320,2987
-1013,1098
2332,-796
5381,-2589
7815,-4174
9367,-5460
9832,-6405
9171,-6903
7529,-7011
5014,-6688
1896,-5974
-1494,-4943
-4801,-3691
-7699,-2325
-9880,-946
-11260,335
-11770,1430
-11491,2298
-10585,2919
-9273,3299
-7796,3463
-6376,3446
-5174,3217
-4281,2891
-3801,2504
-3599,2016
-3549,1401
-3500,619
-3303,-365
-2837,-1572
-2025,-3058
-879,-4654
592,-6345
2259,-7941
3992,-9280
5654,-10206
7120,-10590
8290,-10350
9167,-9532
9599,-8072
9690,-6166
9387,-3932
8721,-1582
7743,653
6512,2547
5092,3917
3614,4611
2062,4621
422,4055
-1175,2996
-2663,1641
-3974,223
-5049,-1015
-5837,-1860
-6330,-2105
-6490,-1749
-6239,-776
-5683,706
-4887,2536
-3931,4517
-2906,6445
-1907,8136
-1044,9387
-362,10234
152,10614
420,10613
436,10328
217,9871
-205,9351
-789,8859
-1445,8467
-2209,8180
-3028,8043
-3899,8007
-4811,8044
-5754,8128
-6714,8239
-7666,8365
-8605,8541
-9419,8652
-10152,8764
-10669,8747
-10910,8521
-10836,8012
-10429,7155
-9698,5914
-8719,4267
-7461,2323
-6029,151
-4452,-2052
-2786,-4088
-1091,-5751
573,-6855
2151,-7257
3591,-6894
4808,-5759
5810,-3933
6488,-1594
6791,1031
6684,3683
6156,6100
5226,8049
3951,9323
2393,9881
671,9601
-1103,8614
-2798,7045
-4283,5059
-5441,2838
-6179,561
-6449,-1622
-6219,-3545
-5498,-5204
-4355,-6458
-2882,-7267
-1193,-7619
588,-7527
2337,-7023
3914,-6223
5249,-5069
6361,-3741
7139,-2247
7563,-682
7640,847
7397,2224
6880,3339
6206,4053
5311,4395
4355,4311
3312,3882
2229,3207
1156,2412
152,1640
-727,1025
-1400,642
-1864,581
-2135,904
-2191,1508
-2062,2287
-1800,3107
-1469,3825
-1135,4313
-921,4457
-750,4286
-680,3731
-646,2955
-595,2092
-465,1296
-199,713
240,458
814,538
1553,1067
2451,2004
3363,3252
4171,4685
4753,6153
4995,7504
4814,8607
4178,9393
3085,9754
1554,9760
-284,9403
-2294,8761
-4324,7943
-6220,7068
-7843,6250
-9129,5641
-9915,5202
-10237,4919
-10041,4788
-9357,4752
-8252,4742
-6815,4687
-5148,4535
-3380,4213
-1563,3806
234,3335
1949,2883
3545,2537
4999,2377
6297,2463
7428,2826
8311,3505
9023,4391
9537,5377
9815,6392
9824,7331
9532,8095
8919,8602
7984,8794
6727,8645
5254,8137
3641,7267
2021,6070
531,4580
-694,2840
-1537,898
-1915,-1184
-1783,-3399
-1164,-5528
-164,-7559
1130,-9283
2572,-10554
4000,-11248
5258,-11274
6216,-10594
6851,-9219
7008,-7237
6814,-4860
6266,-2238
5480,401
4605,2818
3806,4790
3234,6133
3018,6699
3196,6497
3808,5521
4756,3918
5915,1866
7129,-423
8230,-2726
9066,-4830
9570,-6492
9632,-7672
9173,-8316
8328,-8371
7211,-7852
5970,-6808
4752,-5315
3686,-3466
2887,-1361
2359,889
2020,3069
1846,5119
1728,6911
1542,8319
1168,9229
516,9557
-506,9253
-1813,8339
-3331,6934
-4945,5150
-6501,3181
-7839,1253
-8816,-403
-9326,-1587
-9328,-2204
-8803,-2148
-7886,-1378
-6641,-106
-5217,1443
-3777,2991
-2481,4255
-1465,4980
-798,5053
-563,4309
-791,2732
-1403,523
-2309,-2073
-3395,-4746
-4538,-7175
-5620,-9069
-6566,-10202
-7231,-10492
-7658,-9882
-7741,-8550
-7471,-6719
-6866,-4664
-5964,-2669
-4822,-982
-3550,267
-2136,924
-692,1035
755,709
2151,137
3442,-448
4574,-817
5494,-782
6126,-242
6475,850
6522,2306
6255,4019
5687,5745
4849,7208
3792,8144
2581,8342
1244,7695
-89,6177
-1257,3917
-2262,1123
-3056,-1910
-3601,-4847
-3881,-7363
-3892,-9189
-3693,-10215
-3236,-10270
-2549,-9471
-1679,-7958
-668,-5994
432,-3894
1568,-1979
2686,-531
3742,260
4659,268
5466,-382
6078,-1623
6478,-3227
6662,-4913
6649,-6386
6469,-7390
6175,-7732
5789,-7356
5398,-6284
5009,-4678
4652,-2768
4347,-830
4109,863
3947,2082
3837,2615
3842,2524
3894,1854
4052,784
4319,-449
4688,-1587
5143,-2389
5654,-2668
6172,-2351
6669,-1371
7083,112
7380,1988
7525,4041
7490,6030
7262,7723
6838,8926
6298,9519
5551,9413
4682,8724
3691,7467
2618,5781
1516,3838
441,1822
-547,-91
-1363,-1724
-1996,-3017
-2447,-3885
-2673,-4318
-2677,-4331
-2479,-3960
-2113,-3254
-1622,-2269
-983,-1017
-324,355
271,1859
833,3373
1357,4822
1853,6135
2336,7249
2815,8110
3246,8668
3692,8915
4068,8834
4355,8452
4483,7807
4374,6950
3952,5944
3161,4857
2045,3725
545,2648
-1313,1683
-3349,853
-5387,176
-7231,-348
-8689,-735
-9602,-1011
-9940,-1259
-9572,-1422
-8650,-1634
-7274,-1849
-5667,-2086
-4099,-2363
-2843,-2700
-2133,-3111
-2113,-3594
-2843,-4160
-4223,-4770
-6055,-5395
-8038,-5981
-9815,-6458
-11032,-6756
-11395,-6810
-10770,-6621
-9056,-6100
-6384,-5257
-3048,-4152
544,-2865
3920,-1507
6616,-195
8242,958
8579,1911
7529,2565
5192,2837
1920,2847
-1823,2692
-5496,2496
-8559,2388
-10556,2478
-11136,2866
-10258,3536
-8028,4407
-4738,5410
-831,6400
3168,7214
6738,7694
9433,7716
10977,7169
11178,6129
10197,4687
8196,2993
5535,1252
2655,-314
1,-1497
-2038,-2136
-3219,-2209
-3385,-1621
-2539,-431
-896,1170
1244,2957
3523,4677
5577,6079
7095,6955
7811,7130
7677,6573
6798,5375
5238,3599
3205,1421
950,-943
-1275,-3263
-3252,-5328
-4894,-7015
-6005,-8136
-6661,-8669
-6871,-8616
-6738,-8049
-6400,-7080
-5993,-5840
-5635,-4462
-5374,-3050
-5305,-1692
-5314,-468
-5418,645
-5540,1671
-5584,2650
-5457,3623
-5088,4617
-4502,5612
-3578,6648
-2461,7608
-1150,8484
258,9205
1644,9700
2889,9904
3889,9779
4567,9271
4914,8484
4977,7493
4828,6395
4589,5313
4397,4370
4387,3670
4660,3287
5260,3318
6202,3660
7336,4196
8572,4875
9728,5578
10600,6184
10995,6584
10768,6696
9795,6486
8159,5921
6004,5107
3505,4058
924,2865
-1446,1629
-3329,458
-4497,-548
-4799,-1357
-4228,-1843
-2792,-1945
-723,-1682
1723,-1072
4251,-158
6567,999
8420,2322
9693,3768
10180,5181
9932,6403
8997,7385
7528,8037
5725,8287
3810,8085
1997,7406
396,6272
-754,4734
-1443,2784
-1632,607
-1367,-1657
-745,-3860
114,-5859
1080,-7526
2049,-8786
2934,-9514
3621,-9718
4149,-9362
4539,-8473
4830,-7115
5062,-5381
5263,-3386
5391,-1325
5514,782
5482,2725
5297,4438
4883,5816
4159,6770
3064,7226
1571,7143
-232,6502
-2368,5348
-4641,3769
-6891,1873
-8888,-189
-10392,-2245
-11182,-4119
-11092,-5652
-10074,-6709
-8090,-7220
-5382,-7207
-2123,-6682
1361,-5740
4698,-4514
7515,-3159
9495,-1824
10411,-571
10202,430
8930,1096
6828,1498
4236,1711
1560,1846
-784,2024
-2440,2355
-3154,2927
-2842,3733
-1587,4835
396,6074
2761,7318
5095,8415
6985,9221
8079,9621
8209,9558
7211,9006
5119,8032
2224,6732
-1112,5249
-4459,3743
-7385,2370
-9521,1254
-10579,522
-10497,136
-9303,2
-7203,79
-4502,245
-1562,365
1248,312
3607,-12
5353,-726
6244,-1742
6390,-2955
5822,-4312
4729,-5690
3352,-6956
1946,-7985
733,-8681
-59,-8919
-438,-8783
-497,-8271
-264,-7454
110,-6408
449,-5217
582,-3956
376,-2694
-306,-1462
-1365,-351
-2729,555
-4272,1226
-5828,1608
-7229,1646
-8327,1298
-9019,544
-9195,-586
-8954,-2018
-8415,-3719
-7631,-5442
-6720,-6975
-5798,-8094
-4963,-8600
-4288,-8345
-3809,-7255
-3586,-5376
-3532,-2858
-3723,74
-4162,3114
-4848,5919
-5767,8158
-6895,9551
-8131,9941
-9458,9212
-10791,7448
-11956,4821
-12784,1618
-13103,-1812
-12764,-5102
-11666,-7915
-9827,-9942
-7236,-11119
-4078,-11311
-590,-10677
2906,-9403
6054,-7728
8504,-5910
9965,-4184
10313,-2762
9388,-1717
7310,-1077
4304,-818
727,-856
-2986,-1078
-6383,-1371
-9056,-1637
-10714,-1820
-11211,-1880
-10481,-1812
-8786,-1659
-6463,-1467
-3929,-1284
-1614,-1149
100,-1083
1013,-1086
901,-1182
-126,-1294
-1886,-1469
-4039,-1712
-6170,-2033
-7856,-2443
-8740,-2954
-8633,-3614
-7418,-4313
-5126,-5115
-2109,-5881
1218,-6529
4378,-6973
6904,-7139
8412,-6973
8725,-6420
7660,-5557
5451,-4331
2320,-2896
-1307,-1358
-4929,173
-8048,1595
-10239,2821
-11194,3778
-10835,4432
-9346,4804
-6934,4864
-4008,4630
-1052,4128
1453,3398
3103,2490
3664,1415
2988,313
1281,-731
-1248,-1638
-4193,-2319
-7074,-2696
-9414,-2710
-10818,-2330
-10962,-1591
-9874,-500
-7644,862
-4578,2362
-1093,3852
2337,5169
5247,6161
7255,6703
8046,6686
7618,6121
6105,5079
3685,3628
685,1910
-2515,95
-5544,-1634
-8085,-3109
-9959,-4166
-10967,-4775
-11179,-4834
-10634,-4418
-9493,-3603
-7962,-2488
-6258,-1189
-4584,182
-3131,1536
-1995,2790
-1156,3852
-715,4724
-671,5395
-1000,5866
-1664,6146
-2610,6247
-3844,6175
-5184,5967
-6565,5633
-7862,5221
-8948,4774
-9700,4340
-10003,3970
-9768,3706
-8971,3513
-7588,3498
-5589,3647
-3156,3912
-454,4229
2323,4510
4970,4659
7296,4587
9080,4292
10331,3657
10930,2643
10953,1360
10479,-82
9620,-1544
8507,-2871
7270,-3921
5984,-4518
4802,-4717
3884,-4469
3210,-3880
2806,-3069
2675,-2183
2809,-1367
3187,-743
3806,-395
4568,-323
5463,-497
6388,-805
7262,-1106
8007,-1248
8552,-1094
8840,-545
8887,446
8606,1846
8073,3490
7309,5270
6397,6989
5440,8436
4555,9413
3853,9765
3382,9366
3254,8251
3569,6431
4230,4068
5161,1343
6254,-1535
7382,-4359
8415,-6940
9251,-9061
9810,-10711
9958,-11860
9765,-12469
9270,-12563
8537,-12183
7644,-11387
6662,-10242
5699,-8865
4735,-7270
3723,-5516
2701,-3728
1648,-2017
534,-500
-660,711
-1936,1523
-3299,1830
-4643,1693
-5932,1168
-7030,356
-7829,-586
-8230,-1476
-8165,-2131
-7602,-2397
-6603,-2130
-5134,-1381
-3395,-220
-1439,1210
592,2700
2544,4008
4266,4899
5627,5183
6593,4698
7012,3520
6843,1640
6146,-682
4997,-3181
3504,-5567
1802,-7560
31,-8924
-1686,-9492
-3198,-9232
-4514,-8079
-5505,-6223
-6145,-3846
-6443,-1165
-6434,1595
-6168,4230
-5651,6576
-4983,8466
-4250,9901
-3407,10755
-2442,10998
-1333,10637
-61,9702
1376,8252
2978,6326
4625,4111
6255,1727
7694,-648
8780,-2835
9360,-4659
9309,-5965
8555,-6633
7087,-6592
4980,-5860
2450,-4492
-343,-2637
-3145,-485
-5691,1740
-7735,3811
-9081,5518
-9620,6708
-9297,7270
-8254,7139
-6599,6389
-4561,5128
-2408,3511
-418,1721
1160,-61
2189,-1734
2488,-3085
2072,-3947
1008,-4348
-544,-4298
-2370,-3842
-4230,-3054
-5897,-2021
-7250,-771
-8077,524
-8280,1735
-7938,2846
-7152,3813
-6072,4606
-4866,5203
-3696,5592
-2758,5697
-2017,5629
-1542,5303
-1255,4775
-1071,4053
-889,3142
-617,2055
-190,819
344,-452
1075,-1799
1847,-3042
2607,-4114
3230,-4880
3583,-5198
3552,-4947
3064,-4046
2110,-2419
703,-225
-951,2318
-2759,5007
-4520,7540
-6020,9591
-7053,10861
-7455,11120
-7099,10319
-6006,8375
-4252,5485
-1973,1940
624,-1851
3300,-5422
5815,-8314
7960,-10140
9572,-10579
10573,-9651
11025,-7434
10952,-4230
10483,-462
9786,3370
9038,6759
8397,9263
8028,10571
7907,10531
8080,9104
8446,6538
8898,3163
9308,-610
9552,-4352
9530,-7678
9115,-10322
8391,-12072
7356,-12881
6084,-12842
4653,-12139
3146,-11013
1635,-9726
181,-8513
-1126,-7602
-2322,-7032
-3380,-6830
-4259,-6963
-4920,-7346
-5311,-7869
-5381,-8425
-5089,-8927
-4391,-9253
-3374,-9459
-2047,-9627
-595,-9704
803,-9704
1954,-9631
2673,-9473
2818,-9204
2326,-8724
1218,-8125
-482,-7287
-2498,-6297
-4552,-5197
-6342,-4045
-7576,-2907
-8024,-1849
-7541,-953
-6104,-183
-3917,363
-1133,793
1935,1170
4924,1561
7470,2032
9257,2628
9997,3411
9712,4266
8335,5234
6114,6149
3319,6897
276,7368
-2686,7473
-5272,7153
-7253,6452
-8520,5265
-9030,3745
-8857,1889
-8133,-213
-7030,-2453
-5732,-4709
-4405,-6860
-3250,-8801
-2265,-10438
-1473,-11598
-914,-12299
-580,-12512
-452,-12234
-512,-11483
-741,-10301
-1088,-8686
-1564,-6849
-2127,-4795
-2697,-2725
-3179,-778
-3459,923
-3419,2274
-2959,3199
-2046,3589
-651,3530
1215,3041
3353,2159
5548,943
7548,-538
9097,-2208
9977,-3988
9997,-5858
9214,-7614
7609,-9203
5457,-10481
3052,-11337
732,-11683
-1171,-11462
-2379,-10659
-2721,-9250
-2145,-7418
-670,-5365
1441,-3235
3882,-1238
6293,416
8324,1550
9675,2034
10101,1804
9588,876
8222,-552
6151,-2378
3639,-4376
997,-6294
-1459,-7881
-3456,-8915
-4745,-9167
-5296,-8675
-5081,-7332
-4198,-5299
-2800,-2733
-1075,174
784,3210
2602,6168
4194,8797
5534,11051
6577,12754
7296,13857
7697,14302
7794,14059
7601,13117
7136,11496
6466,9283
5577,6524
4446,3444
3230,194
2050,-2985
1047,-5825
360,-8066
109,-9490
433,-9944
1233,-9431
2462,-7951
3952,-5794
5486,-3284
6816,-801
7700,1271
7937,2603
7471,3018
6207,2367
4161,728
1611,-1655
-1146,-4419
-3768,-7127
-5913,-9330
-7292,-10640
-7738,-10724
-7153,-9601
-5576,-7250
-3243,-4007
-465,-272
2383,3487
4919,6802
6805,9273
7784,10687
7758,10846
6700,9723
4787,7595
2272,4794
-534,1718
-3306,-1229
-5754,-3695
-7597,-5361
-8803,-6181
-9418,-6242
-9482,-5604
-9157,-4478
-8639,-3125
-8127,-1808
-7782,-756
-7700,-139
-7920,-45
-8408,-379
-9045,-1142
-9682,-2216
-10160,-3457
-10331,-4718
-10089,-5877
-9353,-6877
-8160,-7629
-6632,-8148
-4824,-8452
-2866,-8587
-894,-8611
964,-8575
2599,-8520
3922,-8404
4879,-8361
5505,-8291
5740,-8271
5583,-8306
5047,-8395
4153,-8530
2934,-8700
1504,-8938
-157,-9132
-2014,-9359
-3908,-9516
-5710,-9568
-7279,-9494
-8479,-9279
-9199,-8919
-9358,-8442
-8972,-7817
-8023,-7012
-6677,-6056
-5104,-4950
-3501,-3696
-2068,-2303
-979,-798
-367,786
-290,2359
-633,3841
-1368,5105
-2339,6025
-3351,6482
-4200,6382
-4708,5675
-4686,4376
-4212,2525
-3226,325
-1935,-2088
-534,-4489
755,-6637
1724,-8300
2204,-9287
2123,-9426
1427,-8770
147,-7269
-1551,-5141
-3476,-2598
-5412,110
-7149,2732
-8506,5041
-9347,6833
-9619,8020
-9331,8648
-8532,8672
-7321,8170
-5825,7257
-4181,6070
-2520,4747
-1021,3421
304,2155
1461,1110
2333,251
2879,-413
3071,-884
2892,-1173
2338,-1293
1473,-1308
259,-1167
-1219,-927
-2880,-624
-4607,-321
-6260,-100
-7691,-46
-8764,-236
-9421,-695
-9544,-1467
-9111,-2546
-8222,-3807
-7013,-5105
-5663,-6264
-4366,-7099
-3303,-7450
-2561,-7162
-2272,-6294
-2416,-4800
-2877,-2897
-3474,-800
-3979,1242
-4158,2986
-3812,4227
-2848,4894
-1228,4860
1029,4127
3633,2891
6272,1377
8593,-156
10255,-1443
10982,-2261
10623,-2471
9146,-1993
6705,-919
3573,641
141,2470
-3148,4307
-5860,5888
-7635,6980
-8230,7466
-7590,7196
-5834,6214
-3221,4624
-141,2612
2950,416
5601,-1717
7429,-3566
8204,-4959
7765,-5828
6280,-6167
3904,-6076
981,-5710
-2072,-5259
-4827,-4910
-6911,-4819
-8029,-5129
-8109,-5800
-7138,-6715
-5327,-7794
-2965,-8863
-402,-9733
2008,-10229
3958,-10220
5259,-9652
5758,-8517
5487,-6948
4553,-5070
3155,-3082
1536,-1201
-60,368
-1419,1460
-2327,2036
-2792,1960
-2903,1299
-2667,143
-2204,-1350
-1651,-2990
-1143,-4580
-786,-5937
-709,-6926
-847,-7425
-1123,-7464
-1536,-7012
-2022,-6134
-2522,-4932
-2991,-3532
-3402,-2059
-3682,-632
-3923,669
-4187,1833
-4431,2811
-4638,3614
-4779,4269
-4811,4812
-4689,5272
-4394,5727
-3925,6047
-3259,6273
-2533,6290
-1872,6031
-1424,5439
-1330,4489
-1701,3188
-2613,1652
-3984,-158
-5739,-2022
-7641,-3890
-9424,-5630
-10800,-7116
-11498,-8232
-11316,-8890
-10085,-9087
-7934,-8739
-4997,-7903
-1566,-6639
1990,-5057
5271,-3291
7897,-1489
9558,205
10068,1727
9357,2864
7532,3631
4810,3950
1517,3836
-1961,3347
-5232,2572
-7947,1611
-9793,609
-10698,-431
-10579,-1441
-9553,-2424
-7795,-3404
-5533,-4417
-3018,-5502
-491,-6681
1852,-7973
3829,-9270
5371,-10550
6387,-11630
6851,-12358
6772,-12591
6181,-12217
5125,-11179
3661,-9536
1874,-7301
-97,-4654
-2165,-1799
-4193,1013
-6036,3517
-7547,5472
-8598,6681
-9145,7072
-9096,6518
-8394,5179
-7204,3120
-5685,550
-4040,-2276
-2489,-5079
-1238,-7597
-479,-9564
-243,-10901
-642,-11546
-1528,-11508
-2750,-10877
-4115,-9794
-5415,-8423
-6459,-6927
-7091,-5397
-7263,-3998
-6874,-2779
-6062,-1731
-4952,-808
-3698,56
-2457,937
-1365,1892
-470,2922
117,4034
401,5251
449,6405
353,7364
224,7996
172,8188
288,7864
655,7026
1256,5644
2029,3905
2943,1868
3912,-306
4845,-2437
5653,-4354
6264,-5911
6570,-7076
6634,-7694
6549,-7867
6282,-7621
5875,-7082
5374,-6413
4820,-5783
4243,-5347
3707,-5203
3141,-5429
2562,-5904
1946,-6603
1288,-7372
591,-8022
-128,-8358
-843,-8216
-1591,-7444
-2261,-6116
-2788,-4239
-3227,-2043
-3606,227
-3971,2297
-4376,3908
-4864,4855
-5411,5013
-6076,4397
-6780,3073
-7433,1279
-7899,-707
-8020,-2576
-7646,-4036
-6665,-4852
-5021,-4851
-2769,-4025
-63,-2510
2876,-427
5744,1983
8210,4441
9954,6669
10727,8426
10338,9507
8872,9844
6406,9488
3284,8454
-97,6866
-3293,4889
-5879,2702
-7506,478
-7999,-1659
-7217,-3560
-5314,-5082
-2521,-6224
786,-6969
4156,-7316
7134,-7283
9324,-6894
10504,-6125
10431,-5143
9157,-3942
6846,-2666
3800,-1423
408,-317
-2918,558
-5794,1127
-7873,1335
-9062,1198
-9239,703
-8545,-48
-7171,-956
-5369,-1903
-3407,-2770
-1523,-3443
132,-3901
1406,-3988
2331,-3654
2930,-2935
3315,-1878
3620,-561
3975,914
4480,2433
5204,3927
6106,5233
7020,6174
7892,6749
8576,6915
8924,6656
8812,5983
8161,4931
6960,3508
5224,1859
3123,74
752,-1756
-1716,-3534
-4100,-5166
-6231,-6568
-7971,-7667
-9201,-8376
-9905,-8708
-10181,-8564
-10014,-7985
-9491,-6977
-8718,-5559
-7806,-3770
-6862,-1669
-6001,629
-5259,3052
-4613,5432
-4129,7609
-3806,9402
-3632,10631
-3584,11145
-3635,10843
-3823,9728
-4022,7808
-4203,5283
-4345,2356
-4419,-674
-4404,-3477
-4289,-5729
-4068,-7161
-3700,-7529
-3260,-6874
-2829,-5303
-2394,-3002
-1990,-281
-1652,2490
-1413,4939
-1294,6738
-1263,7630
-1373,7562
-1664,6528
-2056,4732
-2504,2453
-2951,24
-3339,-2212
-3612,-3957
-3689,-5004
-3593,-5258
-3199,-4645
-2571,-3365
-1714,-1637
-643,277
616,2109
2027,3622
3513,4687
5035,5133
6568,4933
7961,4140
9100,2859
9875,1227
10186,-603
9962,-2484
9124,-4315
7753,-5929
5946,-7349
3789,-8446
1434,-9183
-951,-9544
-3195,-9529
-5146,-9150
-6640,-8418
-7692,-7397
-8241,-6062
-8361,-4524
-8138,-2854
-7678,-1131
-7094,562
-6487,2138
-5925,3486
-5474,4589
-5133,5310
-4900,5656
-4741,5604
-4606,5145
-4442,4295
-4203,3092
-3895,1555
-3433,-162
-2775,-1911
-1952,-3589
-980,-5056
114,-6183
1295,-6862
2522,-7022
3735,-6627
4905,-5712
5929,-4394
6776,-2771
7384,-1002
7692,737
7648,2273
7216,3457
6394,4249
5208,4488
3621,4236
1795,3524
-149,2469
-2076,1231
-3851,-14
-5349,-1091
-6442,-1900
-7122,-2288
-7289,-2130
-7009,-1517
-6329,-529
-5320,710
-4062,2054
-2641,3359
-1188,4491
277,5384
1740,5957
3090,6245
4269,6294
5226,6175
5918,5961
6318,5717
6400,5510
6177,5302
5713,5056
5026,4719
4183,4214
3263,3467
2355,2422
1538,1059
925,-624
486,-2522
196,-4453
51,-6312
-8,-7931
-54,-9146
-166,-9818
-409,-9856
-869,-9214
-1461,-7929
-2222,-6130
-3020,-3933
-3750,-1517
-4300,920
-4572,3186
-4495,5111
-4060,6499
-3248,7368
-2049,7692
-599,7485
990,6810
2593,5753
4090,4411
5375,2890
6317,1262
6927,-320
7176,-1810
7047,-3086
6549,-4067
5703,-4686
4544,-4896
3117,-4679
1436,-4055
-331,-3045
-2158,-1799
-3872,-382
-5338,1068
-6432,2399
-7049,3460
-7117,4129
-6674,4276
-5642,3949
-4121,3198
-2221,2127
-103,897
2046,-299
4032,-1267
5683,-1840
6931,-1887
7595,-1394
7693,-291
7273,1249
6454,3064
5408,4960
4330,6740
3407,8228
2731,9317
2490,9899
2735,9897
3390,9402
4335,8503
5400,7322
6398,5988
7153,4631
7605,3424
7610,2354
7143,1478
6360,831
5443,427
4610,268
4079,350
4025,665
4481,1169
5544,1870
7070,2755
8849,3732
10581,4714
11929,5600
12568,6285
12246,6671
10877,6676
8392,6287
5049,5475
1125,4334
-2939,2972
-6645,1526
-9504,140
-11118,-1051
-11249,-1921
-9820,-2466
-7066,-2678
-3300,-2637
962,-2457
5119,-2278
8571,-2237
10811,-2451
11494,-3013
10528,-3868
8006,-5053
4319,-6374
4,-7666
-4309,-8750
-7991,-9465
-10509,-9685
-11511,-9369
-10835,-8460
-8656,-7064
-5252,-5259
-1118,-3199
3152,-1059
6958,986
9782,2777
11214,4217
11182,5187
9670,5648
6994,5625
3569,5172
-114,4372
-3562,3327
-6353,2142
-8200,943
-8924,-212
-8637,-1312
-7424,-2255
-5540,-2999
-3303,-3517
-1034,-3792
987,-3820
2506,-3667
3464,-3246
3927,-2575
3891,-1690
3470,-636
2808,527
2047,1725
1309,2874
614,3827
133,4604
-219,5177
-369,5490
-323,5535
-101,5327
277,4899
790,4292
1485,3546
2218,2697
3062,1868
3898,1010
4670,129
5323,-773
5809,-1689
6088,-2605
6187,-3450
6048,-4248
5608,-4977
4972,-5550
4203,-5901
3371,-5967
2557,-5699
1837,-5065
1216,-4054
841,-2704
806,-1084
1086,731
1677,2638
2553,4526
3662,6284
4932,7816
6230,9093
7533,9990
8716,10541
9693,10727
10374,10590
10676,10196
10537,9625
9918,8957
8874,8251
7329,7577
5342,6909
3007,6269
445,5620
-2197,4908
-4762,4074
-7088,3066
-9062,1834
-10521,440
-11408,-1108
-11681,-2684
-11355,-4167
-10491,-5428
-9185,-6350
-7552,-6845
-5742,-6940
-3805,-6555
-1899,-5736
-29,-4630
1778,-3394
3510,-2206
5158,-1237
6708,-628
8199,-515
9480,-861
10480,-1594
11118,-2637
11306,-3840
10972,-5028
10077,-6028
8624,-6691
6640,-6924
4290,-6647
1655,-5970
-1027,-4892
-3554,-3529
-5739,-2026
-7424,-535
-8501,801
-8979,1811
-8737,2560
-7927,2940
-6561,3077
-4754,3064
-2652,3004
-413,2995
1801,3111
3770,3446
5439,3939
6776,4566
7631,5289
7950,6053
7708,6805
6919,7501
5626,8109
3880,8545
1815,8883
-376,9162
-2595,9316
-4686,9312
-6496,9109
-7885,8662
-8744,7939
-9044,6959
-8669,5705
-7743,4273
-6267,2772
-4356,1363
-2168,228
118,-457
2320,-548
4268,-36
5875,1150
7010,2949
7725,5101
8081,7313
8176,9253
8129,10593
8057,11066
8009,10554
8094,8963
8405,6419
8833,3202
9297,-297
9693,-3626
9915,-6330
9873,-8024
9489,-8423
8811,-7479
7844,-5337
6715,-2255
5555,1338
4500,4934
3678,8022
3181,10165
3103,11001
3374,10541
3904,8775
4618,6065
5388,2841
6081,-398
6579,-3165
6793,-5054
6613,-5848
6123,-5372
5448,-3794
4603,-1317
3685,1684
2800,4768
2041,7492
1484,9473
1149,10510
1108,10380
1312,9112
1767,6881
2434,3965
3262,710
4189,-2521
5148,-5397
6118,-7689
6975,-9170
7565,-9881
7887,-9788
7885,-9005
7511,-7705
6738,-6083
5567,-4325
4098,-2612
2326,-1015
286,479
-1802,1826
-3759,3065
-5394,4249
-6535,5429
-7040,6629
-6836,7791
-5881,8952
-4278,9920
-2125,10653
392,11029
3041,10929
5581,10261
7781,8979
9518,7034
10580,4606
10865,1874
10450,-981
9436,-3725
7981,-6121
6270,-7959
4488,-9084
2858,-9457
1394,-8981
145,-7833
-893,-6080
-1778,-3914
-2594,-1561
-3429,746
-4355,2796
-5374,4432
-6501,5523
-7729,6104
-8901,6163
-9880,5795
-10524,5141
-10718,4365
-10384,3631
-9462,3028
-8064,2715
-6336,2766
-4412,3141
-2484,3781
-750,4591
616,5459
1479,6278
1787,6971
1469,7493
638,7743
-662,7824
-2299,7799
-4118,7746
-5955,7736
-7658,7822
-9057,7995
-10113,8298
-10861,8608
-11223,8898
-11217,9075
-10888,9041
-10298,8709
-9516,8023
-8623,6925
-7661,5506
-6733,3940
-5858,2289
-5080,713
-4436,-626
-3963,-1577
-3687,-2030
-3593,-1880
-3742,-1202
-4040,-105
-4501,1303
-5065,2845
-5654,4328
-6175,5566
-6541,6410
-6746,6714
-6673,6524
-6246,5824
-5587,4740
-4794,3409
-3995,1984
-3331,618
-2926,-557
-2897,-1409
-3230,-1905
-3911,-2073
-4827,-1865
-5827,-1304
-6732,-430
-7361,704
-7567,2031
-7322,3504
-6532,5011
-5183,6365
-3491,7523
-1664,8375
57,8809
1441,8730
2295,8078
2512,6792
2034,5012
1035,2781
-391,337
-2006,-2085
-3535,-4237
-4701,-5886
-5270,-6845
-5134,-7010
-4180,-6347
-2443,-4920
-128,-2905
2506,-538
5147,1903
7482,4134
9240,5902
10244,7041
10389,7412
9790,6939
8551,5746
6919,3987
5188,1867
3664,-384
2608,-2547
2152,-4381
2427,-5822
3407,-6763
4898,-7194
6642,-7139
8334,-6657
9671,-5821
10397,-4714
10398,-3479
9538,-2077
7972,-622
5838,864
3411,2322
1020,3687
-1007,4879
-2390,5818
-2934,6439
-2589,6692
-1438,6491
337,5912
2448,5023
4559,3926
6340,2743
7512,1602
7960,655
7518,-114
6312,-611
4501,-923
2369,-1134
251,-1347
-1519,-1672
-2658,-2192
-2991,-2888
-2428,-3834
-1140,-5010
742,-6242
2924,-7357
5056,-8166
6787,-8493
7823,-8200
7954,-7246
7139,-5608
5411,-3356
3007,-699
233,2120
-2558,4826
-5014,7149
-6845,8859
-7791,9750
-7866,9813
-7216,9105
-5951,7717
-4335,5833
-2669,3682
-1246,1499
-311,-506
29,-2127
-351,-3334
-1370,-4169
-2888,-4638
-4682,-4846
-6495,-4924
-8070,-5005
-9189,-5201
-9636,-5514
-9429,-6059
-8640,-6799
-7315,-7647
-5600,-8487
-3671,-9186
-1708,-9616
128,-9670
1773,-9311
3035,-8484
3891,-7183
4314,-5513
4316,-3583
3935,-1520
3221,540
2232,2475
1076,4227
-244,5634
-1721,6723
-3239,7418
-4723,7721
-6098,7660
-7288,7278
-8225,6629
-8886,5792
-9219,4788
-9166,3566
-8819,2219
-8252,766
-7563,-778
-6863,-2398
-6260,-4068
-5836,-5772
-5672,-7405
-5776,-8874
-6143,-10084
-6719,-10930
-7419,-11317
-8144,-11174
-8791,-10470
-9307,-9214
-9616,-7510
-9618,-5417
-9414,-3155
-9071,-923
-8679,1082
-8328,2681
-8095,3738
-8034,4107
-8134,3850
-8369,3091
-8647,1857
-8859,282
-8886,-1480
-8619,-3269
-7982,-4936
-6991,-6327
-5593,-7382
-3891,-8073
-1999,-8340
-79,-8181
1690,-7616
3137,-6684
4122,-5442
4624,-3934
4500,-2276
3905,-628
2876,950
1576,2346
208,3450
-1015,4169
-1901,4438
-2279,4203
-2140,3521
-1430,2534
-307,1326
1057,65
2452,-1059
3665,-1860
4517,-2184
4878,-1885
4704,-1033
4132,410
3214,2229
2131,4216
1093,6136
310,7755
-48,8874
56,9324
716,9092
1929,8146
3461,6609
5077,4629
6513,2390
7513,83
7869,-2113
7387,-4072
6124,-5654
4210,-6726
1765,-7307
-974,-7401
-3735,-7038
-6251,-6267
-8290,-5153
-9680,-3743
-10346,-2181
-10335,-527
-9702,1065
-8597,2467
-7201,3556
-5703,4225
-4272,4396
-2968,3989
-1967,3101
-1256,1756
-812,115
-559,-1657
-392,-3375
-198,-4858
121,-5950
610,-6543
1355,-6563
2307,-5995
3456,-4902
4733,-3388
6046,-1590
7298,334
8399,2228
9342,3898
9985,5319
10314,6305
10352,6883
10139,7040
9737,6786
9214,6146
8631,5161
8039,3900
7454,2414
6797,842
6076,-736
5235,-2192
4207,-3392
2933,-4205
1384,-4527
-365,-4320
-2377,-3539
-4437,-2209
-6468,-480
-8290,1468
-9703,3417
-10525,5143
-10612,6445
-9887,7129
-8398,7206
-6230,6648
-3637,5602
-914,4253
1611,2828
3619,1560
4850,651
5144,235
4445,372
2826,1095
506,2235
-2213,3605
-4974,4986
-7420,6155
-9241,6927
-10234,7165
-10269,6844
-9483,5960
-7969,4655
-5988,3097
-3865,1482
-1936,2
-499,-1177
296,-1984
268,-2281
-636,-2116
-2199,-1510
-4175,-554
-6258,628
-8133,1906
-9527,3154
-10289,4281
-10258,5191
-9456,5887
-8020,6331
-6168,6540
-4164,6549
-2282,6405
-758,6151
194,5816
554,5454
435,5008
-115,4534
-912,4030
-1739,3487
-2385,2902
-2680,2275
-2573,1596
-1971,941
-1003,338
208,-142
1452,-439
2496,-501
3118,-293
3149,193
2568,945
1261,1911
-557,2950
-2764,4017
-5101,5011
-7270,5830
-8977,6387
-9972,6615
-10023,6490
-9176,5998
-7465,5191
-5076,4128
-2265,2904
668,1626
3424,406
5744,-653
7474,-1424
8460,-1913
8813,-2129
8565,-2047
7887,-1699
6996,-1131
6117,-402
5446,424
5108,1218
5170,2041
5610,2762
6305,3398
7084,3914
7743,4273
8083,4437
7942,4375
7265,4057
5952,3501
4082,2720
1767,1784
-812,781
-3441,-186
-5906,-1010
-8019,-1598
-9593,-1954
-10625,-1953
-11116,-1658
-11120,-1136
-10747,-519
-10130,37
-9405,364
-8689,324
-8108,-181
-7650,-1134
-7227,-2529
-6868,-4154
-6516,-5783
-6107,-7159
-5585,-8033
-4915,-8202
-4138,-7612
-3194,-6151
-2209,-3921
-1199,-1134
-244,1919
572,4898
1170,7465
1489,9331
1462,10288
1139,10279
467,9352
-452,7704
-1549,5626
-2750,3462
-3981,1559
-5173,215
-6314,-297
-7261,12
-8042,1064
-8557,2714
-8766,4696
-8642,6701
-8173,8422
-7368,9603
-6279,10085
-4929,9795
-3294,8808
-1523,7276
295,5436
2066,3564
3705,1928
5139,755
6341,240
7209,368
7826,1120
8120,2363
8109,3915
7835,5568
7359,7119
6752,8393
6060,9292
5388,9683
4826,9614
4386,9051
4084,8042
3920,6658
3875,4984
3924,3109
3971,1073
4095,-942
4254,-2951
4457,-4789
4705,-6365
4998,-7600
5331,-8435
5686,-8834
6103,-8763
6425,-8286
6682,-7472
6765,-6399
6624,-5179
6232,-3933
5587,-2783
4715,-1837
3600,-1192
2395,-867
1226,-972
115,-1415
-883,-2139
-1729,-3067
-2406,-4111
-2905,-5178
-3235,-6148
-3361,-6977
-3335,-7595
-3075,-7930
-2536,-7927
-1679,-7548
-476,-6775
1068,-5613
2862,-4052
4898,-2214
6955,-288
8901,1664
10525,3492
11607,5041
11952,6166
11420,6753
9894,6783
7538,6183
4471,5007
1003,3389
-2513,1505
-5697,-432
-8190,-2203
-9704,-3609
-10123,-4434
-9287,-4721
-7375,-4366
-4561,-3532
-1175,-2369
2382,-1066
5697,184
8399,1210
10144,1907
10888,2155
10574,1958
9370,1346
7524,406
5353,-745
3186,-1977
1328,-3170
37,-4214
-603,-5075
-520,-5658
184,-6020
1360,-6198
2816,-6240
4355,-6195
5801,-6105
6996,-5955
7918,-5848
8507,-5747
8826,-5695
8937,-5701
8910,-5770
8807,-5903
8674,-6098
8525,-6383
8405,-6690
8223,-7077
8060,-7470
7937,-7840
7883,-8158
7929,-8400
8105,-8544
8435,-8619
8874,-8550
9474,-8297
10083,-7884
10589,-7315
10869,-6603
10805,-5769
10305,-4847
9348,-3871
7921,-2904
6011,-2017
3824,-1263
1545,-701
-616,-380
-2452,-334
-3789,-574
-4440,-1040
-4453,-1773
-3858,-2660
-2752,-3649
-1294,-4641
324,-5527
1909,-6198
3285,-6556
4329,-6579
4962,-6172
5102,-5285
4838,-4015
4254,-2452
3458,-714
2563,1066
1673,2753
878,4167
235,5306
-322,6174
-720,6712
-973,6943
-1109,6910
-1162,6675
-1166,6296
-1147,5851
-1125,5307
-1216,4769
-1367,4147
-1595,3411
-1917,2533
-2353,1499
-2919,318
-3667,-984
-4495,-2341
-5469,-3637
-6458,-4813
-7382,-5779
-8155,-6457
-8703,-6787
-8962,-6732
-8925,-6312
-8550,-5502
-7828,-4335
-6843,-2876
-5675,-1195
-4418,631
-3172,2520
-2029,4390
-1112,6095
-394,7643
51,9010
256,10080
243,10784
49,11065
-287,10883
-721,10221
-1198,9086
-1686,7555
-2147,5676
-2523,3609
-2764,1506
-2820,-472
-2649,-2169
-2220,-3457
-1551,-4239
-619,-4478
539,-4256
1840,-3592
3185,-2599
4459,-1416
5545,-195
6343,923
6827,1856
6890,2494
6600,2842
5995,2930
5189,2841
4326,2691
3564,2604
3046,2695
2923,3014
3147,3623
3793,4556
4687,5684
5675,6882
6574,8001
7208,8889
7432,9418
7189,9475
6418,9087
5202,8215
3661,7001
1979,5579
366,4097
-971,2701
-1863,1509
-2230,533
-2003,-75
-1230,-439
-53,-540
1335,-467
2710,-327
3847,-234
4554,-287
4670,-542
4178,-1042
3115,-1718
1574,-2528
-280,-3365
-2252,-4098
-4143,-4598
-5778,-4756
-7055,-4456
-7847,-3753
-8220,-2692
-8171,-1364
-7795,97
-7218,1537
-6574,2810
-5983,3795
-5561,4465
-5299,4738
-5235,4624
-5285,4243
-5364,3724
-5377,3216
-5233,2863
-4866,2781
-4177,3068
-3260,3715
-2208,4590
-1043,5669
154,6821
1302,7897
2332,8747
3194,9241
3814,9263
4259,8821
4548,7914
4697,6619
4734,5043
4678,3312
4543,1554
4331,-118
4002,-1681
3647,-2979
3241,-3991
2861,-4730
2564,-5228
2409,-5537
2448,-5716
2713,-5822
3176,-5969
3827,-6096
4643,-6191
5455,-6280
6114,-6354
6466,-6402
6372,-6413
5735,-6382
4472,-6296
2675,-6165
514,-6025
-1884,-5846
-4293,-5616
-6470,-5321
-8178,-4942
-9223,-4459
-9449,-3863
-8863,-3121
-7468,-2275
-5428,-1308
-2943,-245
-249,870
2414,1988
4827,3054
6806,3958
8265,4790
9118,5436
9419,5989
9239,6485
8686,6961
7879,7449
6937,7966
5900,8518
4964,9064
4145,9577
3526,9990
3137,10243
2990,10282
3078,10066
3375,9574
3798,8819
4379,7797
5008,6619
5652,5292
6237,3881
6681,2455
6903,1088
6831,-151
6424,-1134
5659,-1923
4516,-2400
3089,-2595
1479,-2493
-184,-2088
-1760,-1378
-3109,-376
-4065,881
-4638,2340
-4688,3957
-4303,5588
-3539,7101
-2479,8354
-1218,9213
148,9574
1542,9442
2898,8719
4104,7438
5186,5747
6135,3818
6950,1856
7632,72
8180,-1349
8632,-2322
8924,-2695
8987,-2595
8867,-2055
8569,-1249
8110,-402
7519,247
6828,484
6046,206
5257,-693
4437,-2240
3629,-4201
2830,-6318
2018,-8285
1162,-9796
231,-10593
-842,-10502
-1965,-9506
-3181,-7692
-4369,-5304
-5437,-2673
-6287,-180
-6831,1805
-7004,2977
-6716,3195
-6099,2351
-5172,560
-4084,-1906
-2978,-4678
-1997,-7325
-1267,-9428
-879,-10637
-867,-10739
-1233,-9634
-1932,-7522
-2856,-4591
-3878,-1216
-4862,2159
-5679,5089
-6220,7188
-6453,8164
-6241,7948
-5675,6606
-4703,4346
-3368,1503
-1746,-1523
65,-4326
1956,-6556
3741,-7974
5423,-8458
6818,-8029
7889,-6859
8566,-5210
8790,-3395
8521,-1730
7739,-480
6525,162
4821,116
2740,-493
392,-1605
-2068,-3022
-4457,-4509
-6584,-5830
-8270,-6787
-9402,-7288
-9866,-7198
-9585,-6558
-8669,-5440
-7246,-3981
-5494,-2349
-3617,-714
-1810,776
-169,2019
1100,2916
1993,3549
2539,3870
2845,3936
3070,3823
3382,3614
3934,3382
4867,3132
6108,2979
7652,2849
9272,2775
10730,2722
11764,2643
12130,2491
11650,2228
10235,1851
7949,1346
4918,823
1451,299
-2098,-141
-5349,-406
-7947,-412
-9613,-99
-10136,526
-9549,1476
-8023,2681
-5750,4011
-3057,5311
-316,6410
2112,7150
3915,7408
4848,7051
4832,6170
3971,4896
2322,3329
91,1661
-2463,105
-5064,-1135
-7457,-1893
-9481,-2093
-10924,-1665
-11713,-685
-11852,724
-11395,2373
-10442,4038
-9114,5493
-7543,6544
-5789,7044
-4053,6953
-2486,6251
-1120,5065
-19,3555
772,1915
1222,345
1316,-975
1012,-1916
427,-2378
-487,-2352
-1577,-1860
-2741,-979
-3871,184
-4861,1509
-5613,2879
-6114,4204
-6226,5397
-5838,6400
-5016,7202
-3793,7803
-2227,8213
-405,8449
1568,8529
3525,8473
5414,8289
7055,7920
8355,7425
9201,6820
9500,6127
9187,5374
8236,4595
6719,3820
4623,3097
2184,2473
-492,1965
-3187,1589
-5661,1347
-7673,1229
-9011,1212
-9533,1240
-9166,1339
-7873,1406
-5824,1470
-3227,1516
-343,1529
2542,1496
5162,1408
7347,1193
8890,946
9741,672
9959,373
9674,61
9077,-255
8383,-564
7788,-861
7396,-1204
7338,-1473
7654,-1710
8194,-1867
8786,-1929
9219,-1890
9282,-1753
8807,-1531
7723,-1177
5998,-795
3701,-486
1058,-200
-1660,59
-4157,294
-6146,519
-7401,750
-7722,980
-7181,1275
-5936,1602
-4153,1993
-2119,2438
-154,2915
1438,3391
2412,3836
2667,4214
2081,4535
845,4799
-918,5052
-2938,5350
-4899,5755
-6486,6320
-7435,7078
-7636,8033
-6910,9126
-5395,10249
-3206,11274
-604,12037
2094,12371
4553,12130
6472,11211
7652,9594
7947,7310
7265,4508
5787,1387
3720,-1790
1331,-4737
-1101,-7176
-3319,-8875
-5177,-9709
-6477,-9580
-7276,-8531
-7587,-6718
-7545,-4372
-7327,-1773
-7119,783
-7081,3027
-7282,4789
-7801,5870
-8501,6225
-9293,5915
-9983,5068
-10351,3871
-10190,2533
-9344,1256
-7699,134
-5363,-617
-2490,-1017
678,-1063
3828,-847
6622,-501
8750,-173
9973,2
10226,-116
9390,-466
7672,-1112
5259,-1876
2477,-2607
-302,-3139
-2707,-3328
-4424,-3073
-5190,-2390
-4976,-1228
-3889,193
-2059,1773
236,3301
2663,4551
4879,5319
6580,5450
7517,4861
7610,3567
6895,1775
5457,-384
3492,-2651
1248,-4736
-1017,-6358
-3071,-7283
-4748,-7294
-5956,-6433
-6589,-4789
-6779,-2498
-6643,200
-6326,3024
-5973,5692
-5704,7956
-5667,9586
-5810,10560
-6077,10850
-6477,10549
-6959,9798
-7469,8773
-7960,7655
-8398,6603
-8717,5765
-8956,5167
-9183,4850
-9306,4781
-9287,4910
-9073,5175
-8610,5514
-7849,5868
-6773,6199
-5384,6442
-3695,6568
-1838,6516
47,6229
1793,5650
3235,4729
4229,3437
4750,1733
4690,-250
4055,-2454
3032,-4686
1827,-6750
685,-8433
-149,-9541
-468,-9923
-74,-9505
953,-8292
2578,-6319
4575,-3822
6665,-1058
8536,1683
9887,4111
10474,5973
10194,7134
8935,7449
6872,6846
4165,5500
1118,3601
-1918,1392
-4589,-866
-6589,-2927
-7720,-4636
-7899,-5767
-7089,-6327
-5539,-6269
-3530,-5659
-1396,-4617
524,-3296
1937,-1850
2698,-357
2591,993
1709,2081
120,2940
-1972,3594
-4302,4097
-6588,4514
-8575,4899
-10076,5331
-10959,5733
-11250,6060
-10995,6240
-10338,6178
-9472,5783
-8597,4985
-7889,3758
-7477,2064
-7390,76
-7609,-1981
-8017,-3987
-8456,-5738
-8751,-7037
-8737,-7725
-8294,-7699
-7324,-6980
-5907,-5542
-4232,-3595
-2403,-1290
-626,1130
881,3396
1923,5252
2358,6479
2071,6920
1137,6514
-288,5321
-2084,3423
-4039,996
-5926,-1732
-7531,-4513
-8678,-7107
-9279,-9258
-9239,-10886
-8596,-11873
-7419,-12202
-5831,-11898
-3985,-11026
-2046,-9677
-170,-7954
1498,-5936
2844,-3752
3882,-1555
4493,620
4655,2699
4373,4611
3680,6288
2628,7669
1246,8660
-323,9304
-1888,9572
-3402,9499
-4747,9131
-5807,8534
-6481,7785
-6691,6963
-6381,6128
-5579,5334
-4261,4676
-2572,4105
-641,3600
1378,3120
3327,2620
5059,2056
6405,1382
7355,609
7847,-329
7897,-1357
7548,-2436
6869,-3515
5946,-4543
4872,-5471
3749,-6244
2631,-6859
1688,-7192
911,-7293
352,-7149
53,-6746
45,-6075
345,-5135
1012,-3892
1913,-2468
2978,-846
4115,834
5200,2464
6105,3935
6709,5146
6916,6015
6723,6519
6058,6622
4976,6265
3596,5582
2072,4672
589,3647
-669,2621
-1538,1698
-1965,964
-1810,471
-1040,172
204,104
1765,232
3442,499
5019,836
6290,1172
7103,1435
7355,1591
6956,1592
6003,1434
4610,1118
2932,660
1142,80
-598,-595
-2111,-1384
-3379,-2202
-4404,-2964
-5187,-3695
-5791,-4372
-6300,-4973
-6798,-5481
-7345,-5875
-7975,-6150
-8648,-6291
-9312,-6255
-9849,-6077
-10137,-5774
-10055,-5366
-9504,-4879
-8431,-4344
-6849,-3837
-4790,-3300
-2440,-2830
93,-2392
2624,-1994
4960,-1648
6922,-1367
8361,-1158
9170,-1088
9319,-1044
8835,-1027
7780,-985
6265,-871
4430,-639
2426,-255
398,302
-1458,982
-3122,1835
-4572,2789
-5711,3790
-6510,4755
-6959,5594
-7062,6221
-6835,6567
-6315,6634
-5530,6339
-4522,5734
-3370,4874
-2154,3857
-964,2806
110,1854
989,1122
1678,718
2023,669
2133,1053
1971,1773
1610,2744
1156,3851
732,4974
458,6001
397,6853
618,7458
1161,7848
1886,8021
2645,8037
3254,7977
3527,7923
3305,7944
2428,8109
1010,8372
-964,8709
-3234,9027
-5542,9220
-7606,9176
-9162,8796
-10001,8014
-10016,6855
-9191,5282
-7624,3371
-5539,1258
-3220,-903
-988,-2939
852,-4688
2049,-6015
2416,-6783
1933,-7015
731,-6789
-1067,-6134
-3212,-5161
-5413,-4009
-7377,-2820
-8850,-1723
-9670,-813
-9692,-166
-8927,181
-7445,250
-5395,88
-2974,-243
-400,-670
2121,-1127
4478,-1608
6442,-1991
7936,-2337
8938,-2594
9466,-2777
9576,-2915
9342,-3046
8848,-3209
8201,-3442
7428,-3726
6572,-4152
5679,-4627
4776,-5113
3888,-5573
3040,-5971
2263,-6281
1605,-6501
1070,-6601
791,-6660
723,-6641
880,-6564
1260,-6447
1845,-6309
2597,-6160
3483,-5935
4386,-5740
5208,-5476
5858,-5169
6243,-4786
6284,-4285
5927,-3623
5150,-2768
3922,-1640
2347,-358
591,1055
-1305,2503
-3222,3882
-5036,5081
-6631,5997
-7912,6551
-8781,6636
-9235,6353
-9304,5749
-8986,4905
-8330,3934
-7405,2958
-6293,2086
-5079,1405
-3857,955
-2673,752
-1690,803
-896,1012
-334,1293
-39,1549
-35,1688
-324,1636
-859,1350
-1631,773
-2566,-29
-3544,-1090
-4431,-2379
-5085,-3844
-5369,-5421
-5180,-7035
-4452,-8611
-3199,-10059
-1539,-11220
413,-12056
2458,-12482
4367,-12428
5912,-11841
6894,-10702
7154,-9071
6694,-6941
5518,-4413
3800,-1642
1756,1192
-359,3888
-2283,6246
-3789,8092
-4780,9360
-5098,9894
-4682,9643
-3708,8730
-2361,7298
-870,5538
529,3665
1626,1887
2236,371
2314,-744
1895,-1420
1029,-1662
-148,-1550
-1464,-1209
-2736,-785
-3805,-418
-4520,-165
-4864,-147
-4812,-357
-4423,-713
-3786,-1093
-3004,-1345
-2182,-1317
-1403,-892
-731,54
-179,1375
305,3065
729,4861
1142,6519
1595,7788
2130,8446
2768,8336
3444,7403
4254,5652
5083,3319
5941,558
6780,-2349
7546,-5096
8187,-7391
8654,-8997
8866,-9714
8863,-9548
8666,-8639
8253,-7075
7640,-5080
6849,-2922
5908,-871
4848,829
3657,1965
2447,2474
1236,2313
78,1544
-983,281
-1912,-1325
-2678,-3108
-3257,-4910
-3696,-6641
-3892,-8123
-3810,-9279
-3477,-10072
-2902,-10485
-2105,-10523
-1118,-10208
18,-9573
1244,-8601
2517,-7450
3790,-6193
4999,-4912
6095,-3701
7036,-2651
7792,-1847
8346,-1351
8702,-1229
8861,-1425
8804,-1974
8587,-2750
8242,-3651
7807,-4560
7316,-5358
6805,-5941
6319,-6230
5897,-6173
5483,-5654
5182,-4751
5027,-3502
5041,-1966
5231,-219
5590,1649
6123,3548
6752,5359
7392,6955
8009,8229
8540,9073
8927,9388
9120,9107
9085,8199
8756,6656
8202,4579
7473,2162
6578,-465
5566,-3090
4486,-5485
3389,-7430
2324,-8744
1396,-9367
541,-9173
-215,-8118
-847,-6392
-1339,-4189
-1675,-1749
-1842,671
-1833,2828
-1682,4532
-1348,5636
-972,6098
-541,5936
-133,5245
163,4175
253,2903
62,1608
-515,474
-1351,-447
-2452,-1026
-3630,-1317
-4711,-1365
-5505,-1245
-5842,-1035
-5594,-803
-4700,-564
-3191,-363
-1253,-211
965,-33
3208,236
5196,660
6662,1288
7390,2141
7294,3195
6298,4429
4405,5693
1879,6933
-1002,8037
-3913,8894
-6526,9407
-8553,9507
-9710,9099
-9978,8275
-9346,7166
-7899,5787
-5809,4244
-3299,2648
-609,1106
2032,-288
4480,-1534
6517,-2484
8085,-3179
9141,-3602
9702,-3791
9821,-3804
9571,-3709
9027,-3576
8327,-3418
7424,-3346
6385,-3383
5227,-3516
3973,-3718
2657,-3941
1318,-4124
8,-4207
-1211,-4147
-2313,-3897
-3219,-3434
-3948,-2780
-4510,-1972
-4940,-1060
-5288,-103
-5610,845
-6024,1675
-6451,2478
-6981,3204
-7537,3914
-8076,4651
-8540,5451
-8875,6337
-9037,7311
-8975,8351
-8757,9406
-8317,10304
-7785,11020
-7238,11457
-6750,11528
-6381,11162
-6172,10323
-6111,9041
-6224,7317
-6517,5258
-6915,2976
-7366,616
-7813,-1659
-8204,-3692
-8494,-5344
-8651,-6571
-8604,-7214
-8415,-7222
-7977,-6647
-7259,-5555
-6240,-4050
-4920,-2260
-3321,-324
-1481,1650
506,3486
2551,5131
4521,6480
6283,7490
7708,8150
8685,8472
9131,8489
9015,8190
8311,7689
7139,6990
5536,6126
3628,5104
1563,3924
-500,2585
-2410,1100
-4026,-450
-5289,-2048
-6051,-3674
-6379,-5125
-6309,-6244
-5906,-6876
-5249,-6891
-4423,-6210
-3557,-4758
-2665,-2687
-1748,-235
-901,2439
-160,5063
446,7349
895,9032
1175,9908
1269,9818
1174,8816
991,7074
672,4760
250,2166
-231,-379
-715,-2555
-1145,-4090
-1516,-4814
-1724,-4638
-1754,-3629
-1627,-1936
-1386,191
-1098,2455
-840,4543
-686,6177
-759,7077
-959,7239
-1369,6536
-1849,5114
-2297,3124
-2604,757
-2667,-1782
-2410,-4299
-1846,-6562
-925,-8541
321,-10117
1754,-11241
3237,-11873
4616,-11985
5746,-11557
6509,-10585
6859,-9152
6726,-7219
6191,-4855
5309,-2233
4207,453
3038,2977
1962,5106
1121,6632
672,7361
608,7330
932,6493
1605,5093
2543,3394
3634,1709
4760,357
5816,-390
6691,-384
7375,461
7863,2090
8165,4246
8322,6598
8387,8758
8409,10338
8425,11018
8388,10546
8393,8962
8417,6311
8418,2927
8349,-793
8160,-4394
7806,-7430
7251,-9526
6452,-10364
5451,-9962
4279,-8310
2967,-5679
1566,-2399
131,1147
-1280,4581
-2618,7571
-3865,9850
-4925,11306
-5838,12000
-6523,11932
-6959,11238
-7133,10096
-7047,8694
-6707,7209
-6198,5740
-5436,4480
-4473,3428
-3324,2682
-2021,2265
-605,2179
873,2411
2357,2930
3758,3737
5078,4696
6198,5714
7134,6684
7868,7480
8387,7970
8689,8034
8779,7581
8662,6575
8391,5034
7901,2947
7298,528
6620,-2027
5906,-4491
5187,-6638
4493,-8263
3916,-9184
3396,-9377
2908,-8734
2530,-7395
2295,-5494
2240,-3206
2394,-727
2774,1751
3446,3985
4273,5955
5258,7451
6287,8486
7266,9033
8102,9084
8712,8647
9038,7744
9096,6463
8803,4809
8270,2818
7503,662
6586,-1505
5614,-3514
4689,-5193
3897,-6393
3350,-6962
3009,-6924
2831,-6344
2793,-5307
2814,-3989
2797,-2607
2645,-1386
2274,-527
1656,-178
749,-363
-511,-1105
-1990,-2211
-3594,-3458
-5211,-4590
-6728,-5346
-8049,-5516
-9033,-5014
-9731,-3761
-10161,-1763
-10319,716
-10245,3395
-9991,5953
-9611,8072
-9152,9480
-8609,10002
-8076,9556
-7607,8148
-7189,5961
-6835,3235
-6554,260
-6352,-2665
-6234,-5269
-6133,-7280
-6123,-8658
-6264,-9420
-6460,-9565
-6664,-9200
-6825,-8469
-6890,-7527
-6814,-6510
-6506,-5533
-6053,-4656
-5508,-3831
-4897,-3087
-4290,-2385
-3770,-1671
-3413,-902
-3284,-49
-3450,920
-3869,1932
-4530,2962
-5360,3935
-6273,4788
-7172,5468
-7966,5937
-8578,6177
-9004,6141
-9172,5902
-9011,5506
-8633,4935
-8105,4188
-7506,3258
-6917,2131
-6410,798
-5976,-740
-5776,-2410
-5723,-4231
-5898,-6017
-6287,-7625
-6853,-8901
-7540,-9705
-8278,-9932
-9039,-9579
-9697,-8606
-10137,-7050
-10366,-5121
-10365,-3034
-10134,-1033
-9688,646
-9052,1807
-8315,2332
-7413,2152
-6303,1394
-5039,153
-3623,-1354
-2059,-2866
-364,-4115
1428,-4869
3305,-4918
5101,-4264
6754,-2953
8101,-1122
9011,1009
9371,3172
9104,5098
8186,6556
6584,7396
4473,7551
2080,6996
-474,5913
-2983,4508
-5241,3022
-7063,1694
-8300,725
-8903,279
-8775,364
-7878,965
-6332,1960
-4254,3188
-1794,4459
883,5590
3605,6426
6215,6907
8521,6887
10478,6468
11894,5622
12676,4428
12765,2990
12148,1426
10858,-152
9022,-1675
6676,-3019
4087,-4153
1377,-5037
-1244,-5664
-3557,-6044
-5355,-6198
-6466,-6154
-6765,-5894
-6216,-5530
-4897,-5039
-2900,-4485
-413,-3894
2323,-3290
5043,-2695
7495,-2128
9473,-1662
10828,-1237
11431,-962
11349,-817
10679,-837
9574,-1056
8212,-1505
6773,-2195
5475,-3121
4298,-4218
3392,-5413
2667,-6573
2059,-7555
1485,-8209
868,-8403
148,-8046
-767,-7039
-1747,-5508
-2824,-3622
-3867,-1513
-4790,594
-5522,2459
-6014,3856
-6252,4611
-6276,4593
-6057,3837
-5735,2441
-5275,573
-4702,-1524
-4037,-3575
-3293,-5312
-2484,-6507
-1696,-7064
-879,-6827
-36,-5767
708,-4045
1252,-1848
1493,588
1333,3014
707,5192
-466,6972
-2016,8140
-3929,8647
-5942,8473
-7820,7672
-9322,6349
-10225,4639
-10365,2693
-9608,721
-8022,-1256
-5771,-3081
-2999,-4712
40,-6098
3064,-7198
5795,-7975
7998,-8400
9515,-8415
10252,-8058
10238,-7251
9564,-6061
8401,-4526
6961,-2706
5473,-680
4146,1454
3196,3614
2650,5647
2627,7406
3057,8817
3871,9797
4970,10290
6244,10272
7581,9748
8871,8761
10035,7345
11002,5646
11693,3704
12042,1617
11989,-516
11487,-2595
10508,-4529
9044,-6193
7147,-7581
4912,-8708
2458,-9502
-47,-9956
-2414,-10083
-4451,-9909
-5993,-9477
-6947,-8849
-7241,-8067
-6818,-7211
-5861,-6334
-4553,-5498
-3120,-4759
-1798,-4164
-800,-3744
-236,-3580
-238,-3584
-876,-3651
-1981,-3803
-3372,-3986
-4826,-4142
-6108,-4212
-7006,-4153
-7415,-3987
-7179,-3631
-6363,-3159
-5031,-2586
-3354,-1981
-1546,-1426
161,-1011
1562,-814
2439,-936
2844,-1305
2691,-2000
2164,-2884
1436,-3856
706,-4806
162,-5622
-49,-6209
122,-6561
741,-6552
1629,-6120
2717,-5338
3821,-4258
4738,-2952
5278,-1500
5297,13
4692,1486
3498,2877
1869,4224
-80,5420
-2135,6437
-4060,7263
-5629,7893
-6651,8333
-7012,8657
-6652,8768
-5591,8733
-3945,8531
-1874,8184
426,7722
2757,7192
4933,6645
6875,6073
8367,5620
9439,5352
10035,5266
10194,5358
9990,5600
9523,5945
8893,6332
8150,6694
7442,6995
6797,7220
6250,7359
5798,7437
5418,7497
5073,7587
4728,7748
4347,8025
3941,8339
3511,8701
3105,8958
2776,8980
2577,8638
2551,7826
2721,6481
3009,4671
3476,2374
3987,-260
4465,-3014
4784,-5631
4809,-7841
4426,-9392
3553,-10086
2162,-9743
300,-8435
-1847,-6343
-4146,-3597
-6366,-471
-8258,2719
-9582,5655
-10148,8054
-9834,9715
-8627,10523
-6683,10403
-4143,9499
-1274,7986
1611,6089
4200,4049
6217,2089
7480,338
7908,-1005
7446,-1974
6316,-2539
4762,-2780
3077,-2815
1561,-2781
474,-2807
-10,-3023
215,-3425
1084,-4119
2501,-4991
4263,-5967
6118,-6955
7807,-7869
9100,-8638
9781,-9191
9848,-9546
9259,-9746
8138,-9790
6643,-9708
4960,-9532
3277,-9282
1755,-8963
537,-8558
-359,-8085
-935,-7431
-1226,-6654
-1303,-5754
-1249,-4739
-1139,-3625
-1033,-2442
-918,-1193
-899,60
-869,1198
-891,2262
-953,3235
-1037,4107
-1129,4870
-1212,5518
-1284,6036
-1301,6429
-1313,6668
-1244,6744
-1065,6636
-751,6322
-281,5785
351,5021
1183,4013
2117,2829
3100,1559
4073,246
4960,-1024
5684,-2161
6174,-3085
6376,-3732
6224,-4093
5774,-4143
4940,-3832
3837,-3300
2522,-2644
1062,-1975
-478,-1398
-2033,-1001
-3530,-871
-4920,-1006
-6150,-1304
-7145,-1786
-7841,-2378
-8178,-2990
-8114,-3528
-7627,-3905
-6778,-4084
-5551,-3988
-4041,-3605
-2390,-2971
-766,-2142
651,-1192
1687,-205
2202,740
2161,1511
1478,2181
250,2654
-1387,2993
-3216,3228
-4982,3389
-6422,3504
-7309,3591
-7509,3688
-6912,3760
-5584,3770
-3665,3744
-1397,3688
921,3615
2979,3545
4502,3505
5248,3581
5221,3677
4392,3845
2984,4030
1263,4195
-455,4305
-1861,4323
-2695,4228
-2859,4025
-2218,3714
-829,3351
1080,2982
3219,2680
5255,2518
6861,2560
7765,2853
7806,3476
6905,4298
5212,5310
2875,6384
181,7404
-2533,8253
-4928,8825
-6710,9041
-7607,8917
-7624,8339
-6789,7325
-5236,5928
-3187,4219
-910,2289
1327,237
3294,-1830
4815,-3801
5811,-5591
6349,-7155
6460,-8398
6272,-9269
5944,-9740
5632,-9802
5466,-9473
5575,-8820
5921,-7855
6444,-6704
7099,-5432
7787,-4147
8401,-2961
8842,-1985
9035,-1315
8871,-957
8429,-1039
7721,-1585
6763,-2524
5587,-3769
4217,-5201
2676,-6682
983,-8070
-901,-9288
-2813,-10159
-4759,-10678
-6577,-10803
-8137,-10571
-9304,-10061
-9958,-9377
-10015,-8628
-9508,-7975
-8386,-7354
-6703,-6883
-4681,-6449
-2548,-5974
-559,-5365
1040,-4543
2044,-3455
2259,-2031
1763,-436
577,1272
-1087,2903
-2976,4275
-4799,5214
-6270,5583
-7145,5301
-7286,4331
-6566,2761
-5092,815
-2941,-1390
-322,-3639
2509,-5709
5278,-7396
7734,-8533
9709,-9020
11061,-8794
11674,-7859
11673,-6294
11187,-4212
10389,-1759
9466,904
8589,3614
7828,6200
7365,8505
7228,10485
7384,11947
7765,12787
8270,12935
8792,12355
9232,11056
9451,9145
9492,6641
9436,3806
9249,764
8982,-2257
8697,-5010
8449,-7259
8273,-8800
8243,-9464
8236,-9240
8201,-8150
8071,-6343
7768,-4038
7229,-1505
6415,968
5325,3112
3947,4742
2413,5694
879,5902
-589,5463
-1877,4529
-2886,3310
-3540,2037
-3790,928
-3591,121
-2976,-267
-2063,-144
-824,341
689,1041
2422,1766
4306,2324
6268,2552
8172,2273
10006,1568
11552,402
12757,-1054
13494,-2637
13638,-4164
13084,-5473
11773,-6435
9700,-6913
6984,-6979
3704,-6757
188,-6271
-3248,-5629
-6270,-4947
-8563,-4324
-9879,-3832
-10009,-3477
-9016,-3329
-7100,-3264
-4436,-3316
-1363,-3439
1732,-3582
4462,-3695
6492,-3735
7616,-3711
7699,-3512
6747,-3160
4967,-2597
2649,-1803
144,-771
-2180,488
-3996,1943
-5032,3491
-5210,5127
-4482,6726
-2997,8182
-969,9366
1333,10152
3625,10425
5647,10103
7131,9136
8070,7559
8312,5432
7964,2897
7115,132
5878,-2660
4370,-5270
2694,-7507
983,-9206
-748,-10296
-2528,-10672
-4232,-10409
-5795,-9590
-7144,-8334
-8201,-6778
-8889,-5061
-9144,-3373
-8981,-1720
-8333,-144
-7355,1290
-6184,2566
-4984,3684
-3929,4646
-3172,5457
-2772,6050
-2824,6514
-3339,6871
-4143,7090
-5040,7171
-5795,7116
-6174,6934
-5977,6642
-5092,6267
-3495,5824
-1244,5292
1424,4717
4218,4106
6801,3464
8841,2788
10057,2078
10315,1276
9502,519
7644,-264
5004,-951
1900,-1480
-1292,-1800
-4194,-1870
-6475,-1670
-7969,-1260
-8466,-578
-8027,424
-6801,1633
-5057,2990
-3129,4433
-1365,5897
-68,7316
572,8582
395,9694
-464,10624
-1917,11284
-3709,11620
-5522,11586
-7031,11152
-7955,10310
-8117,9075
-7452,7539
-5999,5731
-3997,3835
-1748,2009
394,412
2089,-810
3061,-1540
3153,-1755
2318,-1352
717,-445
-1431,928
-3782,2634
-5951,4506
-7566,6360
-8327,8026
-8008,9407
-6629,10340
-4393,10787
-1489,10781
1732,10405
4870,9784
7536,9063
9406,8385
10276,7855
10038,7551
8825,7495
6779,7629
4186,7856
1389,8049
-1264,8077
-3467,7829
-4931,7212
-5641,6286
-5567,5018
-4826,3608
-3595,2230
-2094,1069
-545,288
854,8
1888,305
2555,1127
2875,2283
2819,3673
2432,5090
1774,6312
909,7136
-110,7403
-1261,6978
-2452,5924
-3651,4321
-4785,2310
-5778,92
-6547,-2115
-7008,-4098
-7096,-5675
-6801,-6727
-6105,-7153
-5013,-7040
-3700,-6366
-2338,-5220
-1131,-3727
-276,-2026
60,-260
-255,1503
-1169,3070
-2695,4273
-4577,5120
-6556,5576
-8337,5635
-9633,5311
-10204,4639
-9888,3736
-8662,2588
-6558,1231
-3792,-182
-633,-1532
2601,-2697
5594,-3558
8064,-4016
9743,-3978
10629,-3458
10694,-2490
10053,-1139
8881,479
7390,2217
5803,3915
4318,5414
3152,6644
2296,7418
1809,7629
1657,7321
1784,6539
2121,5372
2599,3932
3157,2342
3794,766
4383,-792
4958,-2193
5419,-3464
5709,-4610
5770,-5649
5554,-6603
5029,-7488
4255,-8334
3164,-9080
1861,-9714
456,-10179
-893,-10432
-2000,-10439
-2684,-10183
-2794,-9675
-2192,-8958
-967,-8067
888,-7119
3107,-6164
5422,-5281
7529,-4544
9131,-4008
9976,-3712
9836,-3734
8781,-3977
6773,-4387
4074,-4950
957,-5620
-2263,-6353
-5275,-7104
-7813,-7834
-9675,-8550
-10769,-9124
-11136,-9588
-10836,-9835
-10028,-9814
-8910,-9485
-7690,-8823
-6558,-7830
-5616,-6563
-5022,-5033
-4845,-3344
-5044,-1590
-5563,109
-6316,1633
-7204,2871
-8127,3737
-8944,4192
-9637,4200
-10165,3899
-10438,3307
-10404,2543
-10014,1755
-9231,1095
-8036,702
-6443,650
-4481,1014
-2217,1871
221,3083
2680,4524
4982,6037
6949,7456
8415,8630
9227,9491
9382,9890
8783,9869
7577,9443
5904,8707
3940,7793
1875,6848
-108,6009
-1814,5445
-3235,5090
-4229,5042
-4887,5163
-5275,5344
-5480,5461
-5593,5401
-5692,5082
-5875,4419
-6105,3486
-6319,2407
-6532,1243
-6704,122
-6790,-825
-6754,-1485
-6572,-1780
-6301,-1747
-5864,-1296
-5196,-547
-4382,431
-3446,1509
-2411,2546
-1298,3399
-131,3948
1052,4171
2205,3921
3336,3195
4317,2037
5059,526
5474,-1230
5487,-3100
5051,-4953
4167,-6671
2882,-8112
1197,-9288
-677,-10074
-2563,-10445
-4274,-10407
-5631,-9992
-6484,-9248
-6669,-8221
-6249,-6958
-5222,-5563
-3689,-4010
-1780,-2308
348,-469
2533,1489
4624,3532
6485,5552
8021,7540
9237,9332
10054,10829
10468,11891
10500,12382
10188,12194
9581,11263
8762,9655
7734,7341
6631,4496
5462,1323
4292,-1911
3189,-4913
2220,-7399
1443,-9132
850,-9981
527,-9840
425,-8814
495,-7043
642,-4785
742,-2361
665,-103
295,1691
-416,2867
-1523,3203
-3011,2799
-4730,1746
-6501,293
-8106,-1240
-9326,-2517
-9972,-3237
-9909,-3129
-9133,-2239
-7643,-539
-5657,1671
-3420,4057
-1218,6233
665,7825
1991,8532
2613,8202
2480,6783
1598,4351
194,1241
-1474,-2159
-3103,-5412
-4400,-8100
-5121,-9881
-5176,-10553
-4397,-10023
-2959,-8488
-962,-6118
1340,-3260
3643,-319
5634,2303
7039,4255
7655,5263
7416,5232
6341,4270
4590,2452
2400,20
61,-2727
-2131,-5475
-3915,-7939
-5058,-9875
-5547,-11192
-5376,-11862
-4673,-11930
-3627,-11511
-2457,-10760
-1383,-9838
-581,-8886
-118,-7982
-117,-7229
-430,-6624
-1016,-6153
-1714,-5770
-2340,-5418
-2712,-5044
-2683,-4608
-2213,-4064
-1211,-3440
243,-2813
2035,-2153
3993,-1479
5915,-804
7598,-133
8866,535
9548,1269
9645,1945
9195,2654
8242,3289
6906,3804
5332,4151
3671,4288
2058,4185
529,3876
-740,3304
-1811,2467
-2650,1444
-3306,299
-3853,-886
-4370,-2032
-4921,-3062
-5519,-3904
-6216,-4550
-6928,-4890
-7614,-5006
-8173,-4929
-8488,-4704
-8450,-4381
-7973,-4009
-7006,-3624
-5577,-3301
-3743,-2979
-1640,-2762
567,-2677
2697,-2738
4575,-2949
6058,-3306
7008,-3799
7469,-4402
7488,-5048
7160,-5736
6633,-6433
6071,-7108
5628,-7725
5428,-8254
5553,-8637
6020,-8889
6687,-9000
7523,-8950
8391,-8735
9134,-8356
9603,-7824
9671,-7156
9289,-6424
8393,-5581
7013,-4715
5248,-3835
3232,-2986
1125,-2222
-908,-1591
-2714,-1137
-4158,-840
-5186,-785
-5692,-901
-5731,-1174
-5348,-1532
-4607,-1881
-3588,-2123
-2371,-2166
-990,-1961
396,-1482
1790,-727
3074,188
4185,1130
5073,1945
5702,2479
6046,2606
6124,2189
5912,1320
5366,103
4570,-1336
3572,-2797
2432,-4056
1213,-4900
-17,-5163
-1201,-4802
-2247,-3766
-3171,-2071
-3876,24
-4332,2263
-4528,4359
-4475,6037
-4206,7068
-3721,7277
-3130,6648
-2581,5298
-2066,3333
-1635,977
-1329,-1501
-1175,-3827
-1188,-5754
-1302,-7160
-1617,-7834
-2064,-7749
-2652,-6964
-3349,-5600
-4112,-3828
-4887,-1841
-5615,173
-6189,2045
-6627,3673
-6863,5006
-6882,6023
-6672,6755
-6235,7263
-5590,7614
-4768,7874
-3764,8154
-2691,8374
-1667,8526
-707,8587
126,8517
778,8283
1203,7868
1368,7279
1285,6579
910,5774
278,4982
-586,4253
-1633,3659
-2801,3265
-4019,3113
-5214,3223
-6310,3596
-7273,4197
-8024,4910
-8571,5717
-8916,6547
-9071,7328
-9058,7990
-8909,8474
-8629,8778
-8298,8780
-7928,8532
-7562,7969
-7223,7093
-6926,5926
-6680,4512
-6486,2909
-6331,1235
-6241,-502
-6141,-2229
-6081,-3866
-6058,-5346
-6067,-6612
-6096,-7619
-6129,-8334
-6100,-8805
-6068,-8908
-5965,-8759
-5810,-8307
-5591,-7589
-5300,-6665
-4928,-5615
-4474,-4529
-3973,-3430
-3394,-2486
-2786,-1806
-2175,-1374
-1610,-1184
-1145,-1200
-836,-1367
-726,-1616
-886,-1953
-1260,-2225
-1758,-2470
-2369,-2668
-3013,-2868
-3599,-3140
-4038,-3566
-4254,-4215
-4216,-5086
-3924,-6178
-3330,-7482
-2587,-8771
-1813,-9834
-1134,-10445
-670,-10395
-512,-9535
-758,-7876
-1351,-5375
-2180,-2239
-3199,1252
-4281,4724
-5285,7764
-6075,9975
-6536,11041
-6635,10805
-6283,9184
-5434,6441
-4195,2830
-2661,-1191
-950,-5088
814,-8328
2510,-10451
4046,-11081
5320,-10215
6322,-7906
6995,-4501
7339,-475
7375,3614
7139,7204
6682,9815
6122,11146
5413,11020
4634,9538
3825,6966
3035,3730
2320,345
1735,-2672
1333,-4872
1167,-5953
1240,-5784
1600,-4359
2193,-1962
2972,1035
3871,4193
4809,7066
5705,9270
6454,10597
7037,10797
7424,9961
7592,8177
7552,5687
7332,2799
6968,-163
6501,-2905
5934,-5194
5316,-6886
4711,-8034
4055,-8614
3322,-8736
2477,-8552
1496,-8221
364,-7880
-939,-7557
-2328,-7412
-3792,-7320
-5220,-7292
-6521,-7237
-7608,-7044
-8405,-6611
-8861,-5865
-9016,-4797
-8756,-3411
-8191,-1898
-7313,-335
-6188,1104
-4899,2231
-3538,2879
-2194,2924
-917,2283
191,1020
1091,-721
1781,-2783
2282,-4933
2632,-6918
2883,-8498
3089,-9487
3344,-9818
3617,-9380
3858,-8351
4102,-6818
4319,-5007
4467,-3184
4508,-1615
4414,-535
4184,-169
3840,-491
3364,-1436
2881,-2893
2484,-4649
2263,-6447
2296,-8029
2630,-9167
3283,-9745
4202,-9634
5325,-8763
6524,-7305
7665,-5429
8607,-3348
9220,-1278
9408,587
9046,2113
8204,3195
6999,3857
5437,4116
3621,4060
1669,3811
-297,3497
-2167,3233
-3816,3079
-5220,3133
-6315,3386
-7090,3825
-7542,4401
-7680,5046
-7523,5690
-7097,6271
-6486,6740
-5654,7071
-4711,7360
-3696,7558
-2692,7696
-1794,7814
-1098,7945
-681,8112
-656,8310
-914,8533
-1451,8753
-2122,8903
-2774,8919
-3237,8739
-3349,8311
-2989,7610
-2102,6650
-678,5433
1148,4121
3242,2733
5381,1375
7316,159
8803,-808
9640,-1439
9745,-1746
9030,-1612
7485,-1095
5345,-255
2861,800
326,1932
-1961,2995
-3734,3853
-4863,4374
-5148,4550
-4558,4334
-3214,3810
-1293,3078
972,2264
3323,1497
5517,895
7327,564
8652,511
9496,659
9834,993
9747,1417
9362,1818
8816,2083
8239,2123
7788,1934
7399,1467
7082,693
6758,-215
6329,-1119
5696,-1865
4777,-2312
3532,-2348
1910,-1848
82,-895
-1827,404
-3661,1987
-5246,3715
-6421,5431
-7061,6985
-7094,8247
-6478,9095
-5278,9519
-3673,9521
-1718,9125
449,8392
2685,7399
4853,6227
6830,4952
8486,3684
9768,2413
10638,1148
11009,-51
10832,-1153
10076,-2129
8734,-2950
6831,-3593
4487,-3979
1768,-4213
-1205,-4324
-4156,-4356
-6824,-4380
-8944,-4474
-10274,-4709
-10635,-5136
-9873,-5712
-8096,-6514
-5530,-7480
-2363,-8500
1064,-9438
4370,-10139
7177,-10455
9161,-10265
10112,-9432
9929,-8061
8661,-6200
6517,-4013
3810,-1701
918,508
-1765,2388
-3890,3750
-5133,4526
-5480,4575
-4865,3841
-3489,2491
-1610,688
460,-1365
2402,-3454
3932,-5383
4849,-6970
5049,-8148
4431,-8919
3152,-9278
1373,-9299
-708,-9085
-2888,-8755
-4982,-8417
-6854,-8091
-8380,-7942
-9547,-7935
-10304,-8088
-10658,-8360
-10632,-8687
-10262,-8997
-9584,-9224
-8635,-9330
-7504,-9297
-6167,-9076
-4786,-8760
-3468,-8420
-2328,-8130
-1476,-7958
-1002,-7953
-938,-8085
-1322,-8433
-2206,-8845
-3428,-9321
-4853,-9772
-6314,-10097
-7636,-10197
-8658,-9998
-9318,-9527
-9447,-8687
-9001,-7590
-8054,-6313
-6708,-5003
-5111,-3829
-3435,-2962
-1846,-2545
-444,-2673
608,-3358
1234,-4464
1479,-5893
1410,-7434
1135,-8843
780,-9873
465,-10319
289,-10024
268,-9022
458,-7302
743,-5130
1016,-2780
1152,-562
1039,1225
596,2341
-248,2574
-1402,1977
-2675,727
-3979,-1038
-5121,-3036
-5906,-4946
-6161,-6459
-5770,-7316
-4626,-7361
-2881,-6546
-648,-4844
1845,-2497
4335,242
6552,3083
8250,5734
9238,7944
9472,9553
8810,10389
7425,10523
5386,9930
2892,8712
184,7018
-2484,5022
-4873,2900
-6812,842
-8121,-1065
-8719,-2667
-8609,-3918
-7846,-4767
-6539,-5181
-4828,-5142
-2869,-4650
-755,-3712
1269,-2406
3075,-710
4570,1198
5679,3185
6360,5100
6598,6794
6399,8130
5756,9007
4746,9347
3418,9122
1813,8378
-15,7199
-2003,5709
-4082,4052
-6171,2378
-8244,867
-10102,-465
-11608,-1485
-12676,-2231
-13210,-2733
-13140,-3042
-12433,-3222
-11110,-3333
-9196,-3358
-6870,-3408
-4388,-3570
-1885,-3764
423,-3959
2330,-4117
3662,-4200
4297,-4181
4227,-4071
3384,-3827
1939,-3483
-1,-3055
-2230,-2578
-4504,-2093
-6575,-1642
-8212,-1258
-9169,-958
-9432,-779
-8935,-681
-7729,-686
-5921,-779
-3662,-937
-1131,-1135
1485,-1353
4074,-1625
6394,-1859
8270,-2169
9659,-2501
10509,-2884
10803,-3358
10551,-3963
9789,-4727
8639,-5629
7051,-6680
5217,-7823
3157,-8945
978,-9915
-1200,-10587
-3247,-10823
-5039,-10517
-6443,-9624
-7451,-8154
-7942,-6161
-8018,-3838
-7760,-1403
-7281,898
-6712,2828
-6183,4188
-5739,4880
-5550,4817
-5678,4106
-6081,2871
-6705,1339
-7455,-221
-8222,-1534
-8895,-2362
-9394,-2534
-9670,-2007
-9624,-817
-9365,867
-8972,2803
-8546,4704
-8188,6282
-7985,7291
-7978,7611
-8184,7106
-8603,5851
-9125,3992
-9639,1770
-10026,-525
-10175,-2596
-10007,-4184
-9496,-5153
-8626,-5365
-7562,-4794
-6345,-3627
-5117,-2085
-4035,-437
-3246,1045
-2866,2123
-2985,2644
-3574,2503
-4505,1825
-5699,660
-6986,-800
-8176,-2321
-9081,-3664
-9546,-4628
-9538,-5009
-8938,-4854
-7739,-4239
-6103,-3273
-4200,-2151
-2235,-1095
-417,-314
1071,30
2046,-179
2492,-901
2492,-2039
2049,-3435
1281,-4878
345,-6138
-597,-7008
-1394,-7328
-1960,-6965
-2205,-5971
-2035,-4478
-1564,-2578
-880,-451
-95,1701
681,3685
1353,5338
1832,6600
2116,7286
2308,7421
2383,6983
2407,6017
2455,4600
2597,2832
2888,826
3308,-1344
3920,-3478
4720,-5474
5624,-7198
6558,-8540
7440,-9413
8191,-9757
8751,-9544
9070,-8724
9127,-7463
9023,-5806
8718,-3920
8257,-1961
7694,-88
7090,1550
6499,2828
5957,3606
5508,3893
5148,3676
4881,2961
4685,1794
4531,241
4386,-1611
4223,-3660
4034,-5777
3799,-7863
3548,-9707
3298,-11216
3089,-12249
2962,-12676
2960,-12400
3109,-11368
3394,-9605
3847,-7172
4414,-4311
5050,-1212
5683,1831
6232,4499
6616,6487
6771,7550
6682,7511
6306,6386
5635,4300
4759,1490
3768,-1691
2768,-4836
1865,-7532
1152,-9419
663,-10197
489,-9846
517,-8311
769,-5867
1161,-2836
1585,396
1926,3430
2079,5915
2020,7546
1665,8265
987,8018
116,6959
-816,5301
-1657,3309
-2251,1259
-2471,-601
-2268,-2018
-1579,-2990
-511,-3399
836,-3328
2279,-2853
3605,-2066
4599,-1062
5085,76
4980,1344
4227,2554
2867,3746
1095,4765
-849,5516
-2691,5908
-4159,5859
-5029,5314
-5170,4286
-4518,2787
-3222,863
-1419,-1271
626,-3394
2599,-5263
4190,-6640
5135,-7329
5330,-7178
4624,-6224
3094,-4457
945,-2141
-1529,445
-3978,2980
-6049,5140
-7441,6647
-7918,7345
-7445,7080
-6092,5817
-4048,3737
-1608,1065
877,-1914
3054,-4895
4622,-7596
5426,-9762
5309,-11292
4350,-12114
2713,-12273
668,-11878
-1459,-11082
-3342,-10056
-4702,-8963
-5341,-7942
-5195,-7061
-4359,-6370
-2973,-5851
-1292,-5462
383,-5149
1756,-4859
2576,-4553
2635,-4245
1943,-3889
594,-3561
-1277,-3267
-3433,-3048
-5603,-2942
-7522,-2976
-8974,-3158
-9825,-3431
-9999,-3855
-9578,-4315
-8653,-4820
-7398,-5326
-6018,-5785
-4716,-6154
-3662,-6396
-2929,-6517
-2657,-6449
-2762,-6269
-3232,-5939
-3962,-5490
-4819,-4960
-5661,-4397
-6357,-3846
-6871,-3351
-7027,-2939
-6853,-2517
-6325,-2135
-5489,-1755
-4415,-1330
-3194,-805
-1917,-139
-654,636
509,1555
1577,2641
2505,3725
3299,4676
3982,5350
4580,5616
5115,5376
5638,4575
6062,3244
6340,1513
6418,-488
6224,-2556
5694,-4459
4786,-5977
3496,-6924
1817,-7152
-110,-6678
-2066,-5513
-3953,-3829
-5592,-1837
-6809,226
-7459,2119
-7444,3638
-6662,4575
-5263,4952
-3299,4842
-974,4294
1503,3458
3916,2512
6060,1636
7765,985
8899,601
9391,627
9289,1081
8574,1872
7310,2894
5593,4015
3541,5096
1283,6012
-997,6727
-3234,7080
-5265,7040
-6971,6621
-8223,5860
-8910,4822
-8947,3589
-8288,2248
-7012,860
-5080,-442
-2720,-1632
-90,-2616
2549,-3349
4900,-3799
6672,-3951
7617,-3802
7525,-3310
6425,-2576
4382,-1543
1629,-288
-1509,1156
-4645,2759
-7383,4486
-9378,6288
-10430,8053
-10376,9773
-9210,11288
-7184,12504
-4624,13282
-1932,13486
481,13002
2253,11763
3081,9758
2950,7086
1813,3901
-47,460
-2302,-2934
-4564,-5955
-6448,-8298
-7630,-9721
-7939,-10015
-7222,-9248
-5534,-7587
-3070,-5223
-114,-2481
2997,261
5923,2634
8370,4320
10155,5112
11113,4915
11323,3773
10836,1884
9831,-460
8534,-2906
7183,-5093
5988,-6706
5061,-7558
4574,-7472
4463,-6428
4727,-4584
5258,-2170
5914,524
6545,3190
7021,5539
7224,7371
7141,8515
6882,8829
6447,8419
5941,7394
5483,5910
5188,4141
5137,2255
5396,438
5906,-1259
6582,-2857
7311,-4259
7944,-5458
8330,-6458
8338,-7265
7884,-7876
6893,-8304
5464,-8500
3755,-8346
1870,-7885
-11,-7108
-1702,-6023
-3036,-4665
-3881,-3092
-4228,-1413
-3936,325
-3150,1975
-1882,3470
-257,4724
1569,5667
3426,6249
5150,6447
6643,6193
7739,5595
8315,4746
8399,3650
8017,2364
7229,946
6123,-545
4798,-2051
3426,-3503
2018,-4839
609,-6061
-681,-7050
-1790,-7739
-2669,-8069
-3276,-8001
-3583,-7518
-3616,-6698
-3275,-5485
-2638,-3984
-1663,-2289
-381,-528
1149,1155
2845,2619
4603,3746
6354,4505
7927,4776
9161,4693
10027,4272
10478,3650
10503,3000
10120,2510
9372,2345
8308,2611
6993,3361
5520,4559
3901,6058
2162,7652
322,9091
-1600,10122
-3579,10534
-5519,10166
-7406,9052
-9193,7215
-10706,4918
-11799,2457
-12334,167
-12196,-1629
-11322,-2670
-9741,-2788
-7484,-1982
-4757,-320
-1762,1929
1224,4438
3898,6837
5975,8767
7223,9936
7475,10182
6738,9385
5141,7691
2863,5241
202,2319
-2496,-736
-4886,-3579
-6665,-5902
-7652,-7543
-7695,-8266
-6906,-8110
-5394,-7134
-3418,-5515
-1302,-3496
615,-1340
2032,700
2759,2409
2670,3677
1708,4410
97,4665
-1905,4535
-3984,4149
-5818,3647
-7125,3151
-7696,2812
-7470,2586
-6409,2379
-4704,2204
-2579,1985
-304,1641
1853,1108
3663,355
4901,-560
5575,-1652
5780,-2802
5543,-3895
5007,-4796
4340,-5370
3705,-5509
3229,-5145
2927,-4252
2935,-2862
3140,-1154
3521,814
3974,2889
4380,4904
4623,6698
4613,8131
4322,9087
3677,9503
2780,9427
1641,8834
351,7785
-983,6368
-2249,4690
-3344,2864
-4174,946
-4699,-895
-4906,-2609
-4792,-4132
-4389,-5432
-3743,-6500
-2910,-7345
-1944,-7984
-938,-8445
131,-8725
1297,-8874
2500,-8866
3728,-8698
4969,-8368
6205,-7880
7408,-7247
8603,-6502
9646,-5668
10452,-4778
10990,-3894
11211,-3065
11082,-2336
10597,-1740
9771,-1295
8691,-988
7351,-821
5789,-712
4109,-643
2388,-556
699,-395
-892,-108
-2326,339
