q,i
d629,1111
d8a5,1040
dd7f,0d67
e472,0909
ecef,0377
f5c6,fd55
fe18,f7a2
051c,f2f5
09d0,efca
0bdb,ee5e
0b8a,eec3
098f,f08c
06b0,f318
036d,f62d
00b0,f911
ff26,fb33
ff73,fc80
0220,fcb1
066e,fbee
0bbd,fa56
11c5,f7cd
178c,f4d2
1c2b,f1b8
1ecd,ee4f
1e9e,eb04
1bc5,e82d
1666,e5e1
0ebf,e4a5
05d0,e48c
fc7c,e5fc
f3a0,e942
ec1a,ee0f
e6aa,f478
e3aa,fc2e
e374,049d
e64a,0d55
eb47,15bd
f1e5,1ce1
f9ca,223d
0221,2591
0a7f,25fe
11ff,235e
1826,1e47
1d93,1706
21ee,0e26
247a,046a
25aa,fac1
25ad,f233
248e,eb47
2299,e672
1faf,e404
1c20,e3fe
183b,e6ac
143b,eb8b
10c2,f1db
0df6,f99f
0c40,01e4
0c35,0a13
0d71,1224
0fe0,1946
139b,1f50
17ae,241f
1b83,26f6
1f01,27d0
21b5,26a9
2332,2359
22f9,1e94
2135,18a2
1ec3,11a7
1bd3,0aa5
18c3,043c
168c,fee7
157f,fb74
1582,fa0d
16b1,fab0
191c,fd51
1be4,0147
1e2f,05eb
1f90,0abc
1f18,0edc
1c9e,11af
1841,1318
1175,1286
08a1,1020
febf,0cd8
f488,08d3
eaf9,04aa
e2c4,017d
dca0,ffd4
d930,ffd0
d80b,0161
d91d,0474
dc46,08ad
e0b0,0d5f
e5e1,11ed
eb53,15f1
f03f,18c5
f42a,19ff
f6df,19e5
f87e,189f
f96b,162f
f9a0,12d7
f955,0f18
f934,0aeb
f935,064c
f9a2,01c1
fa79,fd2c
fb5a,f876
fc81,f418
fd8b,f043
fe50,ecd9
feb0,e9dc
fe28,e7d4
fd0c,e697
fb4c,e5bf
f8d3,e585
f600,e595
f2d9,e5ec
efd5,e660
ed1b,e679
ea6d,e682
e815,e675
e5ea,e650
e413,e637
e2fc,e642
e290,e6d0
e31b,e831
e47e,ea80
e663,edfe
e937,f2a9
ed1e,f823
f1cc,fe3c
f719,04e8
fc98,0be4
01db,129c
06cf,1929
0b22,1f64
0e7c,24a1
113e,28b9
1374,2ba0
14bf,2d10
155a,2cae
1593,2a65
15c2,260c
15e5,1fb7
1619,179e
16c3,0df4
17c1,0380
1904,f907
1a52,ef5d
1b33,e719
1ba5,e0ec
1c21,ddc4
1c25,dd54
1b38,df4f
19f9,e39a
1876,e95a
16e2,efb9
1596,f5ca
14f9,faa0
1552,fdce
165b,ff0d
1872,fe43
1b31,fb70
1dc9,f6bc
2022,f0df
2151,eaa6
2105,e4d9
1f52,dff1
1ba5,dc37
1662,da89
1036,db3b
097d,ddfa
0330,e280
fdc5,e8a4
f9b6,f00b
f802,f7ec
f883,001c
fae8,0803
fedb,0e9c
037e,1402
0848,1821
0c80,1a84
0f52,1b16
1032,19b6
0eb0,165b
0ae2,113b
0532,0aad
fe19,02ee
f650,fa78
eebf,f1cb
e7f5,e90d
e21a,e0e6
ddf1,d9c2
dbb7,d3dc
daff,cf96
dc29,cd33
defa,ccd0
e343,ce3e
e8e4,d1ed
eef2,d7c1
f5a3,df3a
fccf,e867
035a,f240
091c,fbf7
0df1,04ee
113d,0c09
129c,10fd
11ba,12f3
0e5f,1189
08e6,0daa
01e1,0809
fa11,0124
f260,f9e7
eba1,f37f
e6fa,eedc
e4ef,eca0
e5a5,ed14
e96a,f058
efe6,f5df
f899,fccf
023f,0466
0b99,0b60
13bb,10aa
19b8,1380
1d42,1370
1dab,1071
1b4a,0a83
16ea,0254
1114,f90b
0b30,ef62
0653,e640
032b,debe
024b,d92a
0405,d619
081e,d5d8
0dee,d7b8
14e2,dbc8
1bb9,e1c0
2150,e8d6
255a,f0d5
2769,f905
2767,013f
2560,09bf
21d9,117e
1da1,17f9
1936,1d5f
158f,2134
12e4,231d
1154,2334
1172,2164
129d,1d95
143c,185d
160f,1216
1735,0b17
16f5,043f
14d5,fdd4
10bc,f83a
0b1f,f438
0427,f1e6
fc6d,f12d
f4ce,f1d1
ede3,f382
e88b,f620
e50e,f92f
e3cc,fc5c
e509,ff60
e7db,021a
ebcd,04b7
f0bc,06dd
f5b6,08bf
f9da,0aa1
fcc2,0c2e
fe2b,0d93
fdf0,0f14
fc61,108e
fa10,11c1
f765,1282
f56d,12a4
f4c3,1219
f57c,10e8
f870,0efe
fd3d,0c52
0345,0937
0a7f,0607
1217,02a3
1955,ff8b
1f7b,fd42
23e5,fbb0
2662,fb2b
26bb,fbae
253e,fd10
227d,ff61
1ee9,0210
1b3d,04b4
180b,0737
15cf,0903
14af,09c2
1495,09ca
1580,08de
16d0,0785
183a,068b
1977,05f5
19e4,06ef
1984,097f
1829,0d49
15c8,1318
12a8,19f4
0efd,20d7
0b30,2716
0797,2b67
0482,2ceb
024f,2ab4
0105,24cd
00e8,1b99
021e,0f3f
0439,015b
0738,f39a
0a8b,e76b
0ddd,de60
1163,d94b
140c,d8ca
160b,dce0
177a,e4a0
17c2,ef24
17b3,fb06
171c,0629
15f5,0f3f
14da,1575
13a5,1778
1226,1533
104a,0f9b
0e07,078f
0ae6,fe72
06ab,f5b1
0143,eea6
fa90,ea9f
f2cb,ea61
ea06,edd6
e10e,f438
d908,fd0d
d298,0753
ced3,116d
cea6,1a4a
d22b,2128
d9a6,259a
e4df,2727
f2a0,25eb
0187,2286
0feb,1d0f
1c5b,169c
2558,0fee
2976,091d
2870,0322
223c,fd8a
1756,f85c
095e,f4df
fa0f,f2a0
eb50,f189
df44,f25f
d76b,f4e8
d4a3,f8b9
d6f6,fde2
dd88,043c
e760,0abd
f2e9,107b
fdf6,14c9
06ce,168a
0c17,156e
0ce0,1198
092a,0ac9
01b6,0190
f79f,f74c
ec90,ed4b
e29a,e4ef
db50,dfb5
d7d2,de10
d8cb,e075
de4b,e781
e7f8,f201
f489,fe42
0251,0b05
0fba,1678
1b45,1ec1
23b0,22c8
282e,21d6
28bc,1bc0
2536,110e
1e26,0365
14b0,f4fe
09bd,e75c
fe97,dc61
f42d,d5da
eb3c,d425
e43b,d749
df2e,deb4
dc28,e920
db21,f53f
db97,012d
dcf8,0b14
df20,11c2
e1b3,1497
e461,1397
e6f5,0f47
e985,086a
ec61,0041
ef7c,f85a
f2f5,f1d8
f6f2,ed8d
fb65,ec1c
ffe7,ed85
0421,f139
07e5,f6c1
0a8e,fd65
0baa,0425
0b13,0a4f
088a,0f03
043d,11d3
feaf,1341
f873,131f
f21a,112a
ec3f,0df7
e7d3,09a3
e56d,042b
e51e,fe09
e701,f76a
eaee,f05f
f07b,e93e
f6ec,e2b2
fd63,dd79
0313,d9c8
074e,d82d
0978,d964
0901,dd4d
0621,e3be
011a,ec4e
fa1b,f5fb
f20d,ff7a
e9f1,07ae
e29b,0dbb
dc9f,108a
d897,0fdc
d6f0,0c0f
d7d3,0592
daec,fd49
dfa3,f470
e5af,ec4b
ec32,e619
f292,e300
f8c2,e339
fe45,e6ed
02f6,ee03
0719,f755
0aa0,01c8
0da9,0c30
1064,1527
12a8,1b9c
14ab,1f17
167f,1f61
17aa,1c5d
1812,166d
173b,0e7f
14e5,0598
115b,fc42
0c0b,f2fc
0551,eac7
fdd0,e46b
f5b2,dfca
ee0c,dd03
e740,dc7c
e1b4,dda9
de30,e069
dcb8,e4b0
dd88,e9f6
e0b2,f02d
e592,f70c
eb98,fe31
f268,053a
f92e,0bd8
ff19,11b5
03c5,1641
06b6,198a
07e7,1ba8
07f3,1c55
071c,1bba
0592,1a13
03b5,1799
0249,14be
0218,1176
02ef,0e14
04d4,0b4d
0846,0928
0cb6,07be
1194,074f
16bc,0805
1bb0,09f2
2007,0d04
2382,1139
2607,1634
2755,1b68
275b,2097
268e,2504
2508,27dc
22d7,2905
2058,2818
1dc0,24e9
1b1a,1fa1
1866,1875
15d4,105e
13ae,0859
11ba,00fe
1023,fb4c
0f3e,f85b
0eb1,f85b
0ec6,fb35
0fc9,0087
1148,073c
12fd,0e8b
14a3,156a
1608,1a87
171c,1d58
1773,1d94
16bf,1aca
14fe,1538
11fa,0db5
0dd5,052d
08e5,fca6
036e,f508
fdba,ef3e
f817,ebe2
f2ce,eae7
ee1f,ec25
ea22,ef35
e6cc,f39d
e436,f8d5
e224,fe0c
e096,02c5
dfb8,06ab
decd,096c
dddb,0aec
ddd1,0b33
dec5,0a97
e0f4,0963
e4ce,078a
ea28,0517
f0f7,0248
f903,fef5
017f,fb26
09a4,f755
10b9,f363
15b2,ef50
17e2,ebcb
16f2,e8fc
12a2,e66b
0b38,e49c
0174,e439
f68f,e468
ec0a,e4ed
e31c,e623
dcae,e743
d9fa,e7cc
db78,e7db
e075,e727
e888,e5cf
f2c6,e477
fd8c,e341
0795,e280
0f66,e2dc
13eb,e4b9
14a7,e801
1174,ecbe
0b04,f2be
0218,f945
f780,ffc9
ecc2,05a3
e370,0a4d
dc4b,0d42
d7c4,0e8d
d652,0e64
d7f4,0cad
dc05,0a4c
e1ba,07a0
e8dd,0520
f0a6,03b8
f7fe,034c
feec,041a
0552,0657
0abb,09e2
0ef6,0e8e
11c8,13a0
132c,18b4
12c7,1d91
1080,218c
0cb1,244b
070a,25b7
0017,25db
f907,24b5
f262,21c4
ed0c,1d76
ea1f,1853
ea5a,11c5
edff,0a5c
f4a0,0305
fd9f,fba6
0810,f4d8
1278,ef3f
1af9,eae3
2041,e82e
21b4,e7be
1e81,e9a0
16c9,ed74
0b94,f33d
fdc9,fab6
ef73,0329
e2e8,0be0
d977,145c
d469,1c71
d4cd,237e
da90,28d2
e4b5,2c65
f211,2e23
00d6,2e18
0efd,2c8a
1b1e,2993
23ad,25cb
27f4,21a0
27bf,1d42
2301,1908
1ad8,1529
1042,11db
047c,0f75
f944,0e05
ef7b,0d38
e7d7,0d2a
e326,0da7
e170,0e38
e262,0f00
e541,0fe6
e949,106f
ee12,1022
f2ca,0f21
f6ab,0d8a
f9a3,0a86
fbb2,061a
fc9a,00de
fc8f,fae1
fc1c,f48b
fb63,ee5d
fa7b,e87f
f975,e341
f830,df44
f6a5,dcb2
f486,db7c
f1dd,db4b
ee98,db99
ea6a,dca0
e5a4,de03
e062,df0f
db49,dfec
d6be,e0a2
d300,e14c
d106,e244
d11b,e3e0
d365,e67f
d832,ea1e
dfc6,eeaa
e98b,f40b
f48a,f985
006e,feab
0c1f,0324
1673,05cd
1ec5,061c
2412,0419
2620,ffad
2522,f8e8
2155,f061
1b32,e75d
138c,df27
0ba4,d8c9
03e7,d57a
fd30,d60e
f864,da92
f527,e2e5
f3da,ee48
f44a,fb70
f562,0903
f709,159d
f8ba,1fab
f9fc,2614
fa83,2878
f9fd,26ae
f89e,211e
f64b,1881
f34f,0e3a
f025,040b
ecf1,fb3a
e9ac,f4cb
e6bd,f19b
e4d8,f227
e3f3,f620
e473,fca7
e679,0457
e9bd,0bb2
eec9,1175
f572,14cc
fd15,1522
05ad,1202
0edf,0c21
1778,044d
1e86,fb4c
23d6,f295
26aa,eb25
267f,e5cc
238f,e329
1d74,e2f7
14a9,e4d8
0a47,e854
ff10,ec57
f3f5,efe8
e9a3,f276
e129,f345
daf1,f1ed
d70d,ef18
d609,eb5e
d79f,e6c4
db7a,e215
e11b,de55
e7f3,dc03
efd1,db88
f80e,dd16
000c,e093
078f,e5c1
0e23,ec2d
1337,f3a3
16cd,fbca
18ab,03e8
1878,0bcb
1667,1313
129c,1938
0d71,1e41
074e,21e3
0093,23a4
f9f2,235b
f44b,20e5
efe8,1c8f
ece4,1643
ec18,0e18
ed63,04d4
f01f,fb32
f41a,f240
f858,eaa7
fc39,e559
ff8d,e336
015b,e415
013b,e83c
ff8e,ef5f
fcd2,f80e
f999,0133
f680,0996
f482,1013
f43e,13b4
f5d1,1379
f959,0f9c
fe6c,0897
0434,fede
09c1,f3e9
0deb,e932
0ff1,e020
0f24,d9f1
0b37,d6ea
04ec,d787
fc91,dbec
f34d,e2d5
eadb,eb12
e406,f372
dff9,fa5e
df94,feee
e33c,00d8
ea99,ffce
f4c0,fbe4
00c7,f627
0cd2,efd0
171e,e9d2
1e6d,e57b
219e,e3a5
1ffe,e453
19c8,e7d4
0fb8,edbc
02b9,f52a
f4be,fd75
e77e,04f7
dcba,0b0a
d65c,0f7a
d4bc,1123
d7ba,1037
df3e,0d1f
ea1d,0822
f6a0,01f9
02f8,fb69
0d89,f587
153e,f0de
193e,edd0
1960,ecb4
1623,ed52
1075,ef72
09bf,f2b6
0365,f663
feb9,f9f2
fcc0,fcef
fe21,fefd
02cc,002b
0a14,0089
1306,0018
1c3d,ff41
2402,fe1d
28e5,fccb
2a6c,fc08
27e0,fb9a
2107,fb1c
16d2,fb12
0a01,fb39
fc09,fb16
ee98,faf1
e2e0,fa7a
da67,f9ab
d5c1,f8d8
d49b,f783
d6a4,f605
dafc,f4bf
e0be,f345
e6cd,f1dd
eb94,f0b9
ee50,f01f
eedd,f050
ed47,f0d2
e9f5,f1ba
e5be,f378
e193,f5da
de90,f8b5
ddc2,fc60
df9b,00c8
e48b,0587
ec73,0a60
f669,0f30
01ab,13b3
0d21,1768
1743,1a27
1f17,1ba9
23f5,1bd8
2529,1ac7
2299,1833
1cbf,1464
140a,0fa1
0952,0a43
fdca,04c0
f295,ff28
e8b0,fa1f
e08f,f5fa
dab4,f28b
d77f,efe9
d680,eddc
d781,ec48
da25,eaf2
dda1,e98c
e19e,e843
e5aa,e6c9
e982,e4f2
ecfd,e2ff
f02c,e0f7
f390,df21
f709,ddb7
fae7,dcee
ff9e,dcd8
050f,dd7d
0b1d,df0e
1136,e151
16c3,e3f1
1b0a,e667
1d1a,e87e
1c78,e9fd
18b6,ea4b
11c4,e992
0878,e7e7
fd8f,e593
f242,e2fe
e813,e018
dfc7,ddcd
dacf,dc3e
da2f,dad5
dd69,da9c
e440,db65
ee33,dc3a
f9f3,ddab
061c,df7f
1124,e0de
19a7,e1a0
1e6d,e1ac
1ef4,e0d0
1b69,df38
1419,dd4f
09f7,db53
fe62,d976
f2b3,d837
e81a,d81d
df97,d936
da1b,db92
d859,df7f
da16,e4b8
ded3,eab8
e604,f126
eec5,f7d0
f861,fe5c
01b5,0443
0a26,0961
1175,0dcf
173e,1182
1b70,142d
1d8b,15e5
1dd5,1738
1cba,1803
19b5,1833
150f,1847
0f17,1859
07eb,18ac
0057,1936
f915,197b
f2fb,199e
eeb5,19a6
ec79,1936
eced,183a
f090,1705
f6d3,15d2
fee5,1449
07bd,1299
102e,110b
1733,0fb8
1baf,0ed6
1d3e,0e16
1bbd,0dd4
1767,0e20
1157,0e4d
0a93,0e2f
0450,0d6f
ffef,0bd6
fe1d,0932
ff28,0566
0379,00f3
0ab4,fc42
1352,f7a4
1be9,f393
2380,f0a9
289d,ef50
2a16,efe4
27ed,f294
21fb,f731
188d,fda2
0d44,0554
0173,0d61
f66d,1543
ee01,1c44
e922,217b
e83e,24a1
ebb9,25b9
f2de,248e
fca5,218f
080d,1d93
138b,18e0
1db9,1437
254f,104d
29bf,0d05
2af4,0b00
28f2,0a6f
24a9,0ae1
1f02,0c6a
1907,0e56
1421,1044
111e,11fa
1074,12e6
11fd,1316
1544,1275
1991,113c
1dd2,0fc9
210d,0e68
2208,0d73
2006,0d3b
1af4,0dd5
12d0,0efc
0893,10d1
fd8b,1321
f27a,157f
e93e,1793
e314,18eb
e046,1979
e1d3,18f1
e711,1763
eec4,1547
f8a6,12b8
033d,1036
0d0a,0e35
153a,0cdd
1a6d,0cde
1c47,0e5d
1af8,10d3
1673,1442
0f8b,1863
0735,1ca6
fe66,2095
f624,232b
ef1a,2418
ea04,2373
e718,20b4
e674,1c1c
e81c,167d
eb53,105c
efcb,0a6b
f4ec,0571
fa28,0204
ff71,0062
03fe,008a
0798,0232
0a87,04ce
0cc6,07b6
0e2e,0a0f
0e94,0b28
0e43,0ad3
0d45,08ae
0b42,0478
0813,fec3
0417,f88e
ffca,f2b2
fb3b,edf1
f6cc,eb20
f2c1,eb00
ef85,ede7
eddd,f385
edb2,fb43
eea3,0444
f091,0ddb
f35b,1721
f678,1eaf
f97c,23dc
fc4e,2645
fe66,25d1
002a,22fe
01d4,1e20
0343,17eb
0538,1164
07b3,0b0d
0ad3,059e
0e89,01a1
126b,fe94
169a,fcd2
1a6c,fc75
1d01,fc84
1e36,fcf1
1dfb,fd88
1bbe,fda4
178f,fd60
1200,fca9
0b1b,fb48
03ae,f991
fc52,f77f
f52d,f518
ef21,f2d6
ea7e,f0c2
e77d,eeb8
e65a,ecfd
e6d7,eb99
e916,ea97
ecdd,ea8d
f210,eb63
f8c0,ecfc
004d,efa8
0844,f315
1079,f794
1843,fd0e
1ed4,0282
23e8,07f3
26cd,0cae
2715,0ffc
24f5,122b
201e,1281
18f1,10e3
1043,0daa
0687,091b
fcaf,0417
f3c0,fefe
ec6d,fa94
e775,f786
e54c,f5dc
e5b5,f5d4
e86d,f784
ed1d,fa7d
f322,fe1b
f995,01f6
ff76,0574
0497,07ea
083d,093e
0969,0981
08a4,08b8
0607,0788
018f,0681
fc2e,05ed
f68a,0676
f12c,0876
ec85,0bf4
e8d9,1094
e6a2,15e5
e5d8,1b67
e62c,2030
e79a,23aa
ea42,2568
ee05,24e1
f252,2221
f71e,1d45
fc71,168a
0196,0ebd
0656,0655
0a9f,fe24
0dad,f753
0f80,f245
1051,ef57
0f37,ee7c
0c47,ef98
0849,f2de
032a,f7c7
fd3d,fdc7
f729,0459
f186,0afa
ec85,1177
e833,1740
e51c,1bf1
e2bb,1f6e
e0ae,2191
df77,2265
de9d,21e7
ddd0,2032
dd52,1d55
dcca,1982
dbfd,150b
db58,0ff9
db00,0a9b
dae1,055a
db75,004f
dc9f,fbb8
de3b,f7d2
e0ab,f476
e3b5,f1bd
e6f8,efe8
ea6c,eeda
edda,ee9c
f0d1,eee7
f339,ef74
f4ed,f07b
f5ae,f19a
f595,f283
f4f8,f335
f3e8,f3af
f26a,f3e9
f102,f388
f02c,f2bb
eff7,f171
f02a,ef84
f094,ed8c
f10e,eb9b
f132,e9eb
f0af,e92f
ef45,e96e
ecdc,eb67
e9ba,ef40
e5e1,f3fc
e1a1,f9dd
de09,0059
db85,063b
da9a,0b6c
dc4a,0f33
e064,10e2
e6c8,1070
efe4,0d85
fad5,087d
0670,0268
11d6,fbdf
1b65,f5d4
2270,f1bd
2661,efe0
263b,f06a
22ac,f3d2
1bfb,f945
123f,0022
0700,07ac
fb33,0ea5
efbf,1475
e633,1849
deea,1970
da0d,181c
d7dd,1489
d7eb,0f0e
d9b5,0831
dc34,004f
df23,f854
e21c,f120
e426,eabc
e59f,e56f
e6b8,e1ad
e751,df3d
e7f7,dda8
e914,dceb
eae8,dd13
ee2b,dd9b
f2df,de41
f870,df51
fecf,e07d
051b,e17b
0aae,e23c
0f58,e250
123c,e1d4
1333,e0ea
1251,df0a
0f72,dc9b
0b0f,da31
0582,d7b1
fee9,d5d8
f814,d521
f174,d5cd
eb26,d884
e5b6,dced
e150,e301
de41,eaa6
dc4f,f2d0
db52,fae7
db98,0260
dc74,086a
ddb2,0c9f
df3a,0edb
e0a5,0eb4
e216,0c5b
e353,0888
e42d,036f
e4ea,fd78
e5d0,f794
e6e0,f210
e807,ed07
e954,e951
ea9f,e6e9
eba3,e587
ec4f,e5ac
ec6b,e70a
ebd3,e987
eab8,ed41
e8f7,f1be
e6fa,f6cc
e57e,fbdb
e4b4,007b
e4d6,0462
e63c,06b7
e937,0779
eda0,06c4
f36d,0407
fa7a,ffa8
022f,fa55
0a27,f421
11ce,eda3
18bf,e7bc
1e9e,e2e5
22fb,dfc4
257d,dec2
25ec,df9a
2499,e2c6
21ac,e854
1cee,eeb6
16ad,f596
0fb7,fcd0
0827,0356
0030,08d5
f8ed,0cd0
f28b,0f0b
ecd9,0fb3
e8b8,0e96
e65d,0c0d
e572,08b9
e64e,048b
e907,ff96
ed47,fa8f
f29d,f5bd
f8ad,f131
ff20,ecf6
053d,e8ed
0aa9,e54e
0f1e,e253
1244,dfa6
144d,dd8d
1517,dc8b
1497,dc21
12d3,dc61
0fed,dde7
0c7f,e072
0885,e3b8
043f,e7cf
004b,ec7d
fcf4,f165
fa5f,f60b
f89c,fa1b
f7ff,fd25
f87f,fe9c
f9f2,fe84
fc4b,fcee
fef2,fa0c
01c9,f62a
04a1,f1dc
06d4,ee0a
0849,eb38
08be,ea3c
07cc,eb8a
0540,ef5f
016a,f5ff
fcaa,fe6d
f6ee,07f2
f10e,11c6
ebdb,1a96
e77b,214a
e4ab,2506
e3b0,25a1
e4b9,22de
e7b7,1ccb
ebf8,1475
f18e,0b1d
f7d1,020e
fdeb,fab3
041c,f5f0
09a4,f457
0df7,f653
1159,fb83
13a8,02f3
151d,0af5
15e8,11d2
1624,16c3
15f7,18aa
1591,168e
1522,10dc
1442,084a
1304,fda7
11aa,f2c8
0fbc,e942
0d1e,e244
09d2,df57
05d9,e0c9
01a9,e667
fd5b,efe8
f91a,fb9a
f561,079d
f255,1281
f001,1ab4
ee9f,1ed5
ee30,1e58
ee41,1978
eea6,10f0
ef5e,05ef
eff1,f9df
efc0,ee89
eecb,e589
ecfa,e01f
e9fc,df09
e647,e202
e220,e8d0
de10,f2aa
daaf,fdcf
d821,08d5
d74c,126c
d879,19b7
db8b,1dc7
e0a7,1e19
e791,1b7c
efbf,1624
f89c,0ede
0166,0726
093a,ffaf
0fd1,f9c9
1499,f609
173c,f40f
1842,f400
17bc,f586
1662,f7f2
1522,fabd
1434,fd4f
1466,ff3c
15db,004e
1847,0078
1bcf,ffdb
1f8a,fea3
22a2,fd3a
2535,fc15
269b,fb4f
2614,faf9
23d3,fb57
1fc9,fc78
1a62,fe22
1495,0032
0eb7,026b
0956,0472
0544,05df
02cd,0684
0201,0675
0335,05bb
0631,043e
0a25,019b
0ec6,fe2c
135a,fa9a
170e,f6bb
19d4,f2e5
1b3b,ef8b
1b0f,ec6c
1978,e9c5
1668,e79b
122d,e5be
0cf6,e424
06f3,e269
00ad,e0d9
fa51,df52
f3e0,dda0
edac,dc71
e80a,dbcf
e364,dc15
dfc7,de27
dd4e,e220
dcae,e7e6
dde4,efb0
e0b0,f924
e516,03b3
eaaa,0e94
f10a,18a4
f7ce,20dc
fe27,2615
0390,27fc
07bf,265b
0a3d,2106
0b27,18e6
0b05,0ede
0a54,0410
09a5,fa08
0994,f234
0ab9,ed86
0d23,ec4c
1088,eea9
14b2,f424
1926,fbbb
1cf8,0451
1f40,0c63
1f80,1270
1d43,15cc
1851,15ee
10e2,1296
0759,0c4d
fcc7,03e3
f250,fad1
e8e5,f28f
e18d,ec27
dd07,e8c3
dbd0,e90a
ddaf,ed18
e235,f483
e927,fdee
f185,0826
fa55,1212
030c,19e4
0af4,1ed0
1161,2087
15f2,1e9d
1899,19cd
1929,12ae
1778,0a56
13e8,0261
0ef0,fb73
08a6,f68b
0184,f465
fa50,f4ad
f37a,f721
ed78,fb29
e8b6,fff6
e5cb,0490
e4df,07b1
e5a5,0906
e86a,084d
ed1b,0500
f306,ffa7
f9c0,f914
00da,f223
0756,ebaf
0c98,e6ad
1073,e404
1217,e3cd
1124,e625
0db6,eac4
0836,f0c3
011e,f79c
f8fb,fe4e
f0d8,0393
e907,06dd
e1e5,07c7
dc60,0693
d8f6,03f9
d782,0016
d7a5,fbb8
d914,f802
dbad,f581
df46,f4d7
e328,f646
e73e,f9a2
ebbf,fe7a
f05e,040f
f555,09dd
facd,0ef0
00a9,1241
06f9,1384
0dc3,1276
1486,0f19
1a8b,09ac
1fb9,02b5
2374,fb0a
24dd,f371
2400,ecdd
20b6,e80c
1aca,e554
1309,e4bc
0a15,e64b
0076,e9d3
f780,eecd
f05a,f4ca
ebde,fb55
eac5,01f9
ed55,083a
f35a,0dda
fbe5,12ef
05f2,170d
107c,1a0c
19f0,1bf6
2138,1c7c
252a,1bc8
2512,19ba
219e,168a
1b06,1293
11fa,0d9c
07e8,0846
fddb,031b
f54c,fe3e
ef41,fa38
ec2e,f70e
ec5e,f49d
ef56,f33a
f44e,f267
fa4b,f15d
0058,f024
057d,ee71
08a8,ebd5
09bd,e892
089d,e4ae
050b,e04d
ff90,dc17
f8df,d86b
f15c,d60a
e9bb,d5be
e2c5,d77c
dc90,db66
d774,e19e
d3d8,e9c6
d1ef,f33b
d202,fd35
d42f,0708
d8ae,0fdb
dfb4,1703
e8a1,1c25
f2fd,1ed8
fe9a,1efa
0a39,1cc2
14d0,18bb
1d82,138d
2353,0da7
25e2,076d
24de,017a
200c,fc02
17b5,f752
0d1a,f3ae
01ad,f077
f663,edce
ecd1,ebc2
e669,e99a
e366,e796
e3db,e5dd
e795,e464
edd5,e3c7
f584,e414
fd44,e57b
040e,e855
08c0,ecbd
0aaa,f2a5
0a0d,f991
0722,013d
025b,08c9
fc90,0f3a
f6b1,1453
f1b3,17b4
edf4,18bb
ebc6,1778
ebbe,1498
ed85,1032
f060,0a7f
f3e9,0442
f784,fded
fac4,f81f
fd5f,f346
fed1,ef6a
fedd,ed14
fda2,ec63
fb3a,ed30
f7ba,efc4
f369,f3c9
ee7d,f8dd
e944,fefe
e43a,059f
df7c,0bfd
db01,11ff
d75f,1720
d53a,1a5f
d4aa,1bef
d62e,1bc2
d9a9,198f
def2,157e
e678,0f7c
efa9,0833
f9fc,0064
04e0,f883
0f78,f183
1956,ec28
218b,e90e
279f,e8b7
2b98,eace
2cfc,ef4e
2be6,f61d
28aa,fe56
23d1,073f
1e24,100f
17b9,1806
10ef,1e74
0a8b,22e5
0477,2522
fe80,2527
f91e,235e
f41e,1ff7
ef40,1baa
eae1,16df
e6c0,117e
e330,0c72
e063,07ef
de37,0395
dd73,ff8b
de14,fbb6
e052,f7e8
e482,f423
e9d7,f07e
f045,ed22
f7b0,ea24
feee,e7a0
056c,e5c2
0aee,e4e6
0ed9,e51e
10d6,e605
10e8,e7e1
0f53,ea6b
0c5c,ecea
0850,ef7e
0386,f1d9
fe49,f375
f940,f3dd
f4ad,f303
f08b,f118
ed34,edf2
ea71,ea07
e86e,e5cc
e76b,e1ac
e6ec,de27
e72b,db7a
e849,da94
e9d1,db9d
eb50,ddf0
ecab,e18c
ee00,e622
eed2,eb3b
eec5,f08a
edbe,f55f
eb8e,f94f
e847,fc68
e424,fe69
dfce,ff34
dbc2,ff58
d855,ff49
d65c,ff53
d635,0012
d85a,018e
dd42,037e
e471,061b
edb9,094a
f865,0ca2
02d0,1003
0c58,1320
143d,15d9
190c,1830
1aa0,19e6
1929,1ad9
14b9,1ae2
0e41,19e2
0679,17cc
fe55,1495
f6eb,0ff3
f0cc,0979
ec90,0191
eaa3,f933
eb1f,f0c6
ed77,e8ac
f11d,e1f4
f570,dcf9
f9d3,da45
fe2a,da99
0177,dd83
0369,e322
048a,eb11
04d9,f3de
0480,fce0
03ad,0511
02c1,0b6d
01f1,0f8a
015e,10ca
0186,0f27
024c,0b0b
0369,04b2
04e2,fc9e
067d,f3ab
080c,eabc
096c,e211
0a64,da5f
0b3e,d4dd
0c1d,d160
0cec,cff0
0df2,d124
0f6d,d508
1174,db52
1480,e36e
1865,ed56
1c5a,f882
2078,03e3
241c,0efe
26a3,18df
27ec,208c
276e,255c
2516,271e
20af,25a3
1a9a,204c
1388,17c1
0bcd,0d4a
044a,01bc
fe20,f65f
fa0d,ec94
f858,e538
f9c7,e10a
fe22,e0ad
0450,e40d
0c5b,ea5d
150a,f286
1c94,fb8d
2280,0414
25ce,0a65
258e,0e82
21ae,108c
1a99,0fe7
1102,0d68
05b1,0a59
f9e7,0799
eeda,05cd
e5b1,05b3
df21,07a3
daf5,0b7b
d93a,10e4
d994,16b9
db3a,1bfe
dd94,1f97
df87,2058
e0d1,1e15
e149,1881
e00b,0fec
dde3,053e
dbbc,f957
d991,edde
d872,e3f0
d905,dc48
db64,d84e
e002,d888
e643,dc23
edab,e2e6
f64f,ecbd
ff44,f81c
079f,03bd
0f1b,0f41
1529,195b
1941,20de
1b4f,2637
1ba6,297d
1a6c,2a42
1768,294a
12ea,2757
0d53,245f
06f8,20e8
0028,1dc1
f8d0,1adf
f15d,1824
ea60,15ef
e457,1415
dfa6,124d
dc64,1088
db39,0ec4
dc08,0cd0
de70,0a81
e281,0817
e73e,0572
ebf8,0294
f054,ffd3
f352,fd39
f482,faa2
f3d5,f828
f185,f609
ee24,f402
e9bb,f24e
e4cc,f141
e092,f04c
dda9,efd9
dc64,f04c
dd38,f0e2
e038,f1d2
e529,f38c
eb8b,f5b3
f28a,f826
f986,faf8
ffc9,fe1e
049a,01c7
07e3,05dd
092c,09cf
0837,0d66
0577,1076
014f,12a6
fc49,13ba
f6d9,133f
f197,114c
ecf7,0e18
e912,0901
e630,02a8
e465,fc1e
e3a6,f5b2
e3fe,f088
e58d,ed40
e812,ec2d
eb32,edc7
ef4a,f19b
f409,f751
f8dd,fe60
fdf9,05a7
02e2,0c17
0751,10ed
0b68,138c
0e80,1366
108c,105f
116c,0abc
10a7,0321
0ea6,fa81
0b3a,f1d8
0655,ea36
0093,e463
fa22,e0ec
f3bc,e01d
edb2,e1b8
e820,e531
e3c6,e9be
e07e,ee47
de83,f1f8
de71,f437
dfce,f442
e25e,f221
e600,ee53
ea3f,e94a
ef03,e3f4
f3b1,df35
f7d4,dba9
fb95,d9ba
fe6b,d9cd
0023,dbfe
0119,dff6
00fc,e4f4
ffa6,ea14
fd13,eef5
f98b,f2a5
f58a,f44b
f0d2,f3ec
ebde,f1af
e758,ee2f
e345,e9f1
dfd4,e5d0
dd69,e2c7
dc9f,e128
dd5c,e194
df7e,e457
e2ea,e93a
e713,f00c
ebd1,f841
f0ac,011f
f52e,09c6
f8bf,1174
fad2,17dd
fb40,1c87
f9f8,1f24
f741,200f
f360,1f77
ef0c,1d96
eabb,1b15
e70c,1879
e4e6,1605
e444,1403
e584,12d6
e896,127a
ecd6,12d7
f218,1415
f7d0,15b3
fd7b,1759
02a9,1937
06cf,1afa
0a1b,1c8f
0c6d,1e2d
0d77,1fa2
0df5,20a8
0df2,2161
0d1b,21f8
0c17,2215
0b0e,21a9
09c3,210f
08c2,1ff9
0808,1e14
0726,1baf
0662,18c1
05b7,153e
04ea,1177
0415,0d6a
0381,094e
02f8,0586
0228,0203
0158,fee5
0048,fc73
febe,fad9
fcde,fa0e
fa96,f9fc
f824,faae
f548,fc05
f1cb,fdcb
ee83,ffc2
eb6d,01ad
e895,035b
e6e1,0443
e62a,0434
e678,03ab
e826,028c
eabc,00a3
ee02,fe86
f202,fcb2
f652,fb27
faa7,fa49
fefa,fa32
02e8,fa63
0674,fade
09e7,fbb5
0d16,fc9b
1009,fd4d
12f2,fd95
15b3,fd75
1820,fd10
1a48,fc14
1c04,fa3a
1cda,f822
1cce,f63d
1b9c,f479
18a4,f2f7
1428,f20f
0e5e,f203
072e,f2a6
fefa,f412
f658,f698
edf8,fa17
e655,fe51
dffb,033f
dbd0,08dc
d9e5,0e9d
d9af,144f
db6f,19df
df09,1e9d
e342,2223
e7a5,2451
ec39,24ba
f044,232b
f325,1fc4
f552,1aa8
f6f0,1411
f77c,0c21
f79d,0373
f7ff,faa4
f8a5,f213
fa1c,ea85
fc86,e42b
ff7d,defb
033e,db62
0774,d947
0b46,d894
0e8a,d940
10e3,daee
1214,dd9c
11e1,e10e
101b,e4dd
0cef,e904
0888,ed2f
0366,f0fd
fde8,f455
f856,f71b
f2e6,f952
ee0e,fadb
e9f0,fba7
e64b,fbf2
e38a,fbad
e1ce,fae7
e0ac,fa0c
dffa,f929
dfa4,f851
df76,f813
df9e,f84f
e04b,f8c1
e141,f9af
e244,faa3
e362,fb63
e4bd,fbf4
e639,fba0
e7de,fa65
e98d,f879
eb16,f5a4
ec7e,f236
ed59,ee8a
ed70,eb0d
ece8,e82d
ebc3,e5e5
e9ee,e437
e79b,e38e
e58a,e3c3
e3bc,e441
e257,e529
e233,e611
e37e,e68c
e630,e72b
ea4f,e7bc
efc5,e7bd
f66c,e77b
fdb2,e758
0527,e74c
0c88,e72e
1341,e779
18ab,e85b
1c8e,e9d0
1f06,ec09
1ff8,eee8
1fb7,f26d
1eb3,f660
1cbf,fad3
1a34,ffaa
17ea,0444
15d1,08a5
13e7,0cfa
127c,10f8
1133,1439
1004,16a5
0f0e,1850
0e10,196e
0d1a,1967
0c39,1804
0b7e,1630
0b1b,13a5
0ae7,104c
0a9d,0c9f
0a21,0857
0964,03ae
0839,fed1
066a,f9d9
047b,f508
027b,f098
004e,ecb9
fedd,e97e
fe98,e736
ff6f,e5f6
01b5,e608
0590,e783
0aac,ea2e
1047,edd5
1605,f1cd
1b2e,f5dc
1e4f,f970
1f3b,fbfe
1db2,fdc2
1917,fe80
11dc,fe38
0884,fd55
fdcd,fc3f
f303,fb75
e92c,fb50
e131,fc3e
dc03,fec2
da0c,02fc
db37,0843
df47,0e23
e5f8,1484
ee78,1a7f
f7c2,1f5b
015b,22eb
0a81,24b2
1224,244f
17dd,2173
1bbc,1c88
1d60,1627
1ca3,0e5f
1a11,05e5
1634,fd67
1177,f54c
0bf1,ee1d
05f0,e813
0015,e326
fa6c,dfd3
f4f8,de6b
f045,de60
ecb2,dfce
ea57,e308
e93b,e7ad
e915,ed65
ea09,f3a8
ec43,f9f3
ef12,ffb9
f244,0418
f5ce,06c8
f928,0788
fc33,05ff
fe6b,023e
ff60,fc6b
ff6a,f559
fea3,eddf
fcad,e66c
f9bf,dff7
f64b,db89
f24d,d954
ee28,d92e
ea1f,db3b
e632,df12
e2ae,e3da
dfe7,e909
de04,edb3
dd49,f164
ddde,f3d3
df4e,f41d
e185,f290
e46a,f014
e745,ecd0
e9b7,e90e
eb69,e5cf
ebff,e3f4
eb7a,e358
e994,e3dc
e660,e58d
e2b6,e7f5
df35,ead5
dc65,eda4
dac8,efc0
dacb,f118
dcc5,f191
e0c4,f148
e66d,f035
ed04,ee62
f3c6,ec58
f9be,ea30
fe1c,e83e
0075,e710
004c,e655
fd9c,e60a
f8f5,e68d
f2c2,e77e
ebed,e8b5
e574,ea7a
dff9,ec6c
dc51,ee71
dab1,f0a5
db35,f280
de14,f40b
e27a,f52c
e78b,f56e
ecd1,f4fb
f178,f3dc
f4d7,f1ca
f6c0,eef4
f734,ec0b
f678,e929
f4ec,e630
f2f5,e398
f123,e172
f00f,dfe9
f059,dee5
f223,de05
f53d,de1d
f999,df4e
fe9d,e113
03af,e381
0894,e6b1
0cc3,ea8a
0fac,eea5
1141,f310
11ca,f7a7
1168,fbfb
1028,ffc8
0e26,0271
0bad,0398
0925,02c0
065f,000b
03a8,fbe5
0182,f5ef
ffa5,eeda
fe1c,e7aa
fd23,e0e5
fcbf,db86
fcc0,d87e
fce5,d89c
fd1f,dc2c
fda9,e2d4
fe73,ec20
feec,f751
ff08,0389
fe96,0fc5
fd30,1a56
faca,222f
f78f,2789
f3b6,2a20
ef32,29f7
ea5f,2808
e58e,24e4
e10a,214b
dda5,1e5c
dbc4,1c6f
db4a,1b86
dc82,1c60
df95,1f19
e3f9,224e
e9bc,2546
f0b6,27c7
f7f6,28a8
ff70,272a
0719,2363
0e08,1d48
1433,1521
19d1,0bb7
1e54,0156
21b1,f6a1
23f0,ec6b
24f1,e347
24ba,dbb8
235e,d5d0
2113,d1b2
1df5,cf84
1a67,cf71
16d3,d148
136e,d4fb
1060,da97
0dcc,e1b5
0be9,ea6c
0aab,f466
09d8,fef1
095d,0961
08a6,131e
0737,1bac
0581,222d
0328,2688
ffba,2898
fbca,2864
f78e,26b7
f376,241e
eff4,214e
ed77,1edd
ecb8,1d7f
eda5,1da5
f05f,1eb8
f4c4,206e
fa01,2292
ffd2,242e
058d,24cc
0a80,23a1
0e62,1fc8
10e4,19a2
11da,1139
1137,06ed
0f98,fbe5
0d2c,f122
0a3c,e7b9
07ba,e091
05ae,dc55
0452,db0d
03b6,dd03
03aa,e221
044c,e944
052e,f216
05fb,fbae
067b,04c8
0634,0d26
0505,13eb
0312,18c1
0001,1bf7
fc23,1cf0
f858,1bc1
f498,18f2
f144,149a
ef21,0f5d
ee2b,09c0
ee3b,03cc
ef00,fdc0
f067,f869
f249,f461
f3c6,f17a
f4a8,f009
f503,f073
f464,f264
f2e8,f5df
f0d9,fad1
ee70,00ae
ec51,075e
eac3,0ebe
ea23,1612
eb01,1ccd
ed71,22c9
f159,27c5
f60d,2af7
fb07,2c20
0002,2bbd
0425,2949
06e4,248e
07a1,1e2f
061b,1628
029b,0cd2
fd1f,0335
f664,f9e1
ef57,f133
e8a6,ea22
e2db,e53f
de44,e292
db89,e2b4
dab4,e5ac
db9a,ea99
de24,f0f9
e179,f819
e4df,fee4
e7e1,043a
e9f6,076f
eaab,0823
ea08,05ff
e82d,019e
e558,fba2
e240,f50e
df77,ef2f
dd55,ead1
dc57,e916
dcde,ea7d
ded7,ef2b
e23d,f699
e6b2,ffab
ebab,0986
f0d5,1283
f598,1994
f9c8,1e01
fd2c,1ec9
ff82,1bf7
0115,1611
01fa,0e27
022f,05c3
0244,fe23
0296,f843
0331,f544
0457,f5c3
0616,f93b
0884,ff4a
0b69,0735
0e65,0f96
117d,1727
147a,1cad
16d8,1f6d
1870,1f05
198b,1b7b
19e9,1537
1956,0cee
1800,03a9
15ed,fa86
1357,f305
1065,edef
0d27,ebb8
09ce,eccf
0647,f09c
02af,f694
ff10,fe02
fb17,058a
f701,0c36
f2f3,1137
eef6,13db
eb87,1428
e8b5,1261
e674,0eb4
e4f1,09ee
e468,0553
e4e6,017a
e62a,fec8
e876,fddb
ebd9,fea8
ef9c,0096
f3af,02e1
f83c,04e5
fc9d,0627
009f,05d1
0438,02fa
06ce,fdca
087e,f6d5
096c,eea2
092a,e668
07ab,df33
0565,d9b4
02ac,d6f1
ff3e,d807
fb60,dcae
f78a,e3eb
f3da,edad
f0c5,f92c
ee6a,04e4
ed05,0ffa
ecc1,1989
ed70,20ad
ef83,24fc
f2ae,264f
f693,248e
fb54,202a
0070,19cd
05ab,11b3
0aaa,08c6
0ebf,ffe2
11ad,f771
13c3,f03c
1502,ea95
151b,e6cf
1470,e549
1313,e60e
111a,e91e
0f01,ee29
0cb9,f509
0a78,fd69
0858,0673
0648,0f78
0452,178e
01dd,1df2
ff19,221f
fc3f,2345
f8ec,2169
f570,1cb1
f1d0,14f2
ee29,0b0a
eb23,000e
e900,f48c
e7f8,e98c
e882,dfb5
ea8f,d799
edae,d22a
f200,cf24
f73c,ce8a
fd19,d059
0357,d3a1
0922,d803
0e82,dd4f
1381,e30c
17c9,e896
1b36,edbd
1db8,f262
1f88,f654
20a4,f9b5
2134,fc32
2156,fd8b
20ee,fdc2
2036,fd14
1f12,fc08
1d92,fabd
1bb8,f935
193f,f80b
1635,f810
1263,f95c
0dc6,fba4
0878,ff29
0268,03ec
fbfa,091a
f576,0df3
ef73,1281
ea68,1617
e602,179e
e2a2,1776
e0b1,15b6
dfca,1213
dfd1,0d2b
e055,07c3
e0d9,029a
e175,fde1
e1cc,f9ac
e16e,f6c9
e084,f5ae
df8f,f64f
df03,f885
df39,fbbe
e0bc,0003
e40d,0553
e943,0af1
f029,1097
f8b2,162a
029b,1b1f
0ca9,1edd
15e1,2184
1dc8,227e
231c,2120
250d,1e2d
23d2,1987
1f60,12dd
17ec,0b19
0e99,030a
04ce,fb3f
fb97,f46f
f40a,efa0
ef53,ed9d
ed97,ee77
ef0a,f209
f379,f836
f9ce,0083
017c,09f5
0967,138f
10b1,1c79
1696,240a
1a3d,29af
1c1c,2cd8
1c26,2d7a
1a18,2c37
16e8,299c
133a,2613
0f5a,22ac
0c1e,1fbc
09ca,1d73
086d,1c97
0894,1c9f
0a03,1ce8
0c4a,1d2f
0f32,1cb0
1294,1ac5
165d,174b
1a19,11fb
1d7b,0a92
204d,01cb
2245,f844
232d,eea9
22d3,e64d
20cc,dfc4
1d03,dba5
180e,da2e
11d9,db1a
0a7c,de7d
02a5,e354
faee,e8be
f3fb,ee13
ee12,f20b
e9ad,f462
e737,f4c0
e694,f2fa
e77e,ef88
e9a0,eae3
ecf4,e64f
f116,e292
f562,e056
f9c0,e0b9
fde2,e401
0168,e9d5
0424,f19f
05bc,fabd
05ef,0418
04e2,0c47
029c,1212
feb4,14a6
f950,137b
f319,0e43
ec75,05bf
e63d,fb23
e120,efb5
dd5d,e51f
dbf7,dc98
dd49,d6f6
e0de,d4e9
e68b,d685
edd2,db10
f609,e1c9
fe44,e999
05ce,f0db
0bfd,f65c
0fd5,f926
1115,f8bc
0f86,f55d
0b2c,ef78
04f8,e7db
fd62,e006
f4d8,d941
ec3a,d4b5
e3f2,d3ac
dcbc,d641
d76e,dcc1
d455,e6f6
d37f,f30c
d50d,ffef
d965,0c52
e029,1688
e8de,1d6c
f31e,2044
fe53,1f5a
09fa,1adb
1501,136a
1e53,0ad7
2521,0256
288f,fb15
27c8,f67e
2307,f504
1ae1,f6b3
0fa1,fb3e
02a1,019d
f56c,089b
e946,0ee2
dfbc,131a
d9dc,144e
d83a,11f0
db3f,0c70
e270,04c3
ec88,fb6f
f888,f1dc
0529,e9bb
10da,e42f
1aa5,e29f
219f,e528
2538,eb4b
259a,f4e0
2367,0082
1f79,0c81
1ab4,17a6
160e,20c6
1254,2676
104e,2829
1027,26c6
11d3,228e
154e,1bdc
19af,13c0
1e2e,0b44
226d,03c4
2574,fdde
26df,f9e1
274c,f821
26c6,f8cf
2515,fbdb
22db,0086
20b7,0694
1ebb,0dc5
1d4f,1563
1c61,1d16
1b62,2440
1a36,2a63
1888,2f4b
1653,3230
1333,3278
0e72,2fd2
089d,29de
01c0,209b
fa0d,14a3
f29a,06fd
eba3,f8ab
e58e,eb2b
e121,e025
deaf,d8bc
de86,d5fa
e0e1,d843
e558,df69
ebab,eacc
f3ca,f8d5
fd3d,07bb
075a,15d1
115d,2144
1b18,2891
23aa,2b52
2a40,2980
2f6a,22f9
3260,1914
327a,0db1
30a9,0219
2cd5,f7d9
26c0,f072
1f47,ecbb
16e0,ecf3
0ded,f0e9
0515,f7f4
fd1c,0153
f6b5,0bb2
f1ea,15cb
ef36,1f33
eebf,273b
efd7,2cec
f297,2ff8
f6b0,30bc
fba6,2f1e
0126,2b1a
0661,2556
0b1e,1dbb
0eff,1471
1184,0a53
12d1,ffc0
12ba,f569
10ca,ec3d
0d18,e493
082f,df00
0221,dc56
fb14,dc83
f3cc,df3f
ecfe,e45c
e729,ead9
e2b3,f1de
e04d,f91a
e05f,ff43
e30e,0382
e85a,05e5
ef81,05a5
f809,02d6
0143,fe17
0a2f,f7a4
1229,f092
1848,e968
1bd3,e26f
1ca3,dc99
1ad6,d82e
1642,d5a2
0f70,d571
07e8,d77d
0031,dbd1
f8ca,e245
f2bb,ea89
ee9b,f45f
ecb6,feec
ed07,0954
ef73,1346
f3e8,1bf8
fa00,2256
00ee,25fa
0878,26c9
1061,2436
1799,1dfd
1db9,14d3
227d,099e
256a,fd49
2619,f121
23e9,e658
1f1e,de04
1853,d913
0fa1,d7be
055d,da1a
fa59,dfd5
efd4,e7d9
e6bd,f11a
dfab,fab5
db87,03ae
dab3,0b06
dd2f,1075
e2c1,13d9
ea6c,150f
f381,14f8
fd1a,146b
0613,13bd
0d67,1372
1237,1419
1462,15df
13e8,1876
1114,1b2b
0c87,1d2a
06d9,1db6
00cc,1c13
fb14,1787
f5f6,1005
f1bc,0657
eea9,fb30
ec88,ef8b
eb45,e4fb
eab4,dc8f
ea87,d732
ead6,d5dc
eb90,d87c
ec97,dea4
ede1,e7ea
ef6e,f30d
f170,fe75
f3c0,08b2
f635,105a
f8d1,144c
fb5e,13e6
fd8d,0f62
ff47,0783
00cd,fd57
0233,f24a
0375,e7bc
04d2,df2a
0634,da09
078a,d8ef
092b,dbc9
0b05,e274
0caa,ec3d
0ded,f7d5
0e90,03e6
0e68,0f65
0d95,1931
0bc2,208c
08b8,255f
04c4,278e
000b,2790
fad6,261a
f50f,23c2
eef5,2107
e92d,1e99
e3b5,1cd6
df07,1b8d
db05,1b10
d778,1b17
d587,1b7f
d508,1c91
d599,1dd2
d846,1f25
dc90,2083
e1f4,21f0
e8e0,234c
efff,241e
f6c5,243b
fd4d,231c
023d,208d
054e,1cb3
069d,1765
05cd,10ca
0357,0956
ff8f,0186
fb15,fa59
f6d1,f46a
f31c,f006
f091,ee1c
ef78,eec0
efca,f1cf
f176,f751
f40c,fe22
f701,0587
f96b,0cec
fb19,1348
fbd9,1863
fae3,1b9e
f87a,1c50
f4e0,1b09
f019,17ee
eaeb,1343
e611,0dfe
e1a8,0867
de17,0310
dc03,fecf
db62,fb3d
dc17,f86f
de26,f729
e170,f6df
e57a,f764
e9fc,f8e6
ef02,fab7
f426,fcc2
f929,feed
fdf2,00dd
0224,02a6
0544,03ee
0728,0499
07c7,04e1
069f,049f
03e8,03bb
0033,01f0
fba9,ff31
f6e1,fbaf
f229,f780
ee0d,f2ed
eb2a,ee0d
e97b,e900
e90f,e42a
ea2d,dff4
ed26,dcb9
f14b,da83
f5db,d943
fb0e,d945
006f,daa2
0522,dd26
0909,e0d5
0bee,e54d
0db2,ea0b
0e69,ef28
0dbf,f47b
0c09,f98a
09ad,fe37
0661,024e
0261,05be
fe7b,089b
fb5a,0a88
f8dd,0b89
f6f8,0bdd
f65c,0b35
f734,098d
f948,0772
fcb2,04d9
0155,01c8
06c5,fed7
0cbc,fc0d
12b5,f9b5
1826,f891
1cf6,f8b2
20b4,fa09
22e0,fcb4
2395,0088
230a,0532
212d,0a00
1e12,0e66
1a40,11e1
15f6,138a
114d,1325
0c89,10a8
0800,0c19
0419,05ed
00f9,fe70
ff00,f67d
fe5b,ef32
ff2d,e933
01e8,e553
063e,e400
0c00,e52f
12a5,e8db
192c,ee45
1f6d,f456
2466,fa1c
26ec,fea9
26dd,0138
23ff,0146
1e47,fef6
1669,facf
0d34,f556
036f,ef82
fa9b,ea28
f3da,e5cb
efb4,e35c
eeaa,e326
f0c7,e4f7
f59f,e8b2
fc20,ed7f
0337,f2c0
09f1,f7fc
0f23,fc2e
1224,fe8e
126a,ff1a
0f62,fe34
0989,fbce
0198,f854
f847,f4d9
eed0,f1a3
e61b,ef0e
ded7,edc2
d9c4,edf8
d76b,ef7b
d7d1,f22c
daa6,f61a
dfbe,fabf
e6b0,ffdd
eed3,0571
f7a3,0b25
0061,10e4
087c,1688
0fac,1c03
1595,2102
1a2c,24bf
1d48,2733
1ebd,2856
1ee1,2799
1da2,2513
1a74,2113
1564,1bd0
0ef9,15dc
076c,100b
febe,0b39
f56a,081b
ec30,0731
e38a,08ad
dbd0,0c9f
d582,1298
d148,19a1
cf36,2087
cf97,25cd
d28f,286e
d7a4,27e0
df15,23a6
e837,1bb0
f1f0,1088
fc00,0386
05e6,f607
0e92,e98d
152e,dfff
1a07,da34
1cac,d8a6
1c95,dbb7
1a7a,e2d2
1643,ece2
1052,f86c
0986,038a
0243,0ccb
fb42,134c
f4e7,1619
efdc,14b9
ec78,0f90
ea83,07c7
e9ed,fec9
ea0d,f5d7
eaa5,ee6e
ebb9,e9b0
eca4,e871
ecf3,eadf
ecfc,f023
ed15,f788
ed58,0024
ee6b,087f
f0a2,0f6e
f3c1,142d
f7fc,15de
fd5f,141a
0331,0fb5
08ca,09bd
0d4e,02ec
0fe6,fc5d
1002,f76a
0ced,f4f4
06ee,f57d
fee8,f887
f56b,fd3b
eb65,0329
e233,096b
db09,0ea8
d6d4,11bc
d686,1268
da54,104d
e1ab,0b43
ebe8,0419
f7f6,fb19
04af,f14b
1040,e892
18ec,e167
1e8f,dc71
205e,daa9
1ddf,dbd3
17e9,dfe6
0f39,e66c
052b,ee40
fb27,f6b5
f28c,fec9
ecc1,055b
ea78,09f2
ebf0,0c4f
f0c5,0c75
f81d,0abc
0110,0786
0a73,0379
1334,ff2d
1a76,fb0d
1f5e,f797
21d2,f50e
220f,f38f
2037,f2ae
1ce0,f1d4
187a,f0f6
13cc,efc0
0f6f,ed86
0b28,ea6d
0773,e6e8
046d,e2fe
01ab,df63
ff32,dcbf
fcab,db88
f9c1,dc90
f6b0,dfff
f320,e600
ef08,ee15
eafa,f796
e6e8,022e
e2e2,0ca2
df44,15d7
dc60,1d4a
da86,223a
d9b1,23cd
d983,22d9
d9d2,202d
dac2,1b84
dc2a,1608
dd62,10bc
de37,0c37
dee0,0979
df71,08b5
e025,0a11
e0f9,0d6d
e223,1222
e45a,17c6
e7d3,1d2b
ec99,2175
f2ef,24af
fab9,25ef
0342,24de
0c04,21bc
1492,1c99
1bf5,1685
219c,1031
24c3,0a09
24f9,04e0
2279,012e
1cc4,ff6f
1464,ffd0
0a5d,01b9
fefa,0499
f35b,083f
e87d,0be9
dee0,0ebc
d786,10d4
d29b,1241
cfc8,12ff
cf12,134e
d01d,1382
d2b4,144d
d686,1624
da98,1928
dea9,1d5f
e366,2251
e855,2767
ec85,2c2b
f091,2fb9
f44b,30ee
f71c,2f65
f97c,2a98
faeb,223c
fb66,16fa
fb2c,0996
f9e5,fb95
f80c,ee5c
f5c5,e33f
f360,db99
f1d9,d7f1
f132,d90c
f0f6,de88
f180,e79c
f2d0,f3af
f41a,0118
f4e1,0e6c
f4ce,1a0b
f3b7,22b9
f15e,27e4
ed76,291a
e8b1,26bc
e417,2139
e042,199e
de1d,114a
de65,08f0
e13f,01b8
e702,fc9f
ef78,f9d9
f9e5,f96d
0550,fb01
1059,fe16
19f3,022b
20f9,0635
247f,0977
244f,0c24
2074,0dc7
1943,0e54
0f2d,0e98
0325,0ea2
f669,0ec6
e9e5,0fb6
de94,1194
d570,1406
cf03,16b3
cb20,1945
ca06,1b61
cbb7,1cdd
cf54,1d4e
d4c1,1c1c
db6a,19a5
e26e,1616
e9d4,113d
f136,0bc8
f817,05fd
fe81,0028
0447,fae8
0920,f659
0cf4,f2f9
0f9f,f120
116a,f06b
121a,f0ec
116e,f2cb
0ffc,f591
0d9e,f93e
0a5c,fdbb
06c9,0265
0305,070e
ff72,0b57
fc66,0f0f
fa0f,121a
f8a8,13d6
f80b,142c
f843,134a
f927,1122
fa9a,0d61
fcc4,081f
ff44,01b2
01cb,fa69
0450,f2f5
067b,eb83
0804,e48a
08bc,dec7
0862,da5f
0753,d7a1
058b,d68b
0301,d6e0
0047,d882
fdbc,daf5
fc0e,ddab
fb27,e01c
fafc,e1bd
fc66,e2b9
fed4,e35a
01a2,e370
049a,e3ce
06ef,e537
0859,e782
089d,eb58
0789,f0d5
050e,f74f
017b,fea8
fd92,0632
f9ed,0ca4
f745,114a
f60d,13c9
f68f,13a3
f919,1078
fdab,0a95
03d8,029c
0b19,f951
12b8,eff7
19f8,e781
205f,e0ea
250e,dd2b
27a4,dcb2
2854,dfbd
2744,e5bd
24c1,ee41
211c,f8e6
1cdb,041f
1898,0f08
152b,1904
12d7,20f1
1115,26a7
1006,29ef
0f95,2ad1
0f55,2a05
0f66,27c3
0f54,248f
0e94,20e8
0da0,1d23
0c4f,19e8
0a50,170e
0889,1414
0711,10e1
059f,0d0d
04e3,085a
04f1,02b4
0575,fbf2
0661,f483
07b8,ecfa
0970,e5d6
0b27,df9b
0cbc,db1d
0e3e,d90d
0f66,d9ae
1039,dd21
10fb,e31a
1147,eafa
10f9,f407
1042,fd5b
0e81,05ea
0b86,0ccd
07b9,117c
02e6,139e
fcc8,131c
f5f6,1059
ef3c,0c03
e8ce,0717
e332,0274
df12,fee9
dc95,fda5
dbd6,feda
dcbf,0210
df16,0718
e288,0d09
e690,131d
ea8f,1886
ee0e,1bf1
f0cf,1cc3
f226,1ace
f228,15d6
f164,0e04
efb7,046d
eda7,fa6f
ebc0,f103
ea37,e913
e97d,e385
e99c,e0f4
ea81,e149
ec58,e3e9
ef1c,e882
f2a5,ee89
f6e3,f4bc
fb98,fa2d
00c5,fe05
0666,ffd6
0bc1,fff2
1072,fe5c
147f,fb2f
1747,f6d7
186e,f1f8
17de,ed01
1526,e86f
1083,e4d3
0a7d,e1d1
0360,df82
fc15,de10
f585,dd26
f09a,dce1
ee28,dcf7
ee64,dd68
f1df,de4e
f85c,df63
0100,e0d9
0b0c,e29d
14da,e488
1d6d,e69f
23df,e88c
270a,ea25
269a,ebb4
223c,ed1b
1a56,ee26
0fa6,ef81
030b,f1a7
f5d1,f472
e929,f829
de29,fd37
d581,0342
d00c,09fb
ce27,1127
cf30,180b
d29b,1e0a
d858,2271
df48,2483
e608,243f
ecca,2190
f331,1c37
f899,14ad
fd52,0b8e
0166,01c6
0506,f84c
08a5,efb6
0bfe,e8cd
0eef,e418
11b7,e1e8
13bc,e256
1469,e50b
13e6,e991
1213,ef38
0e96,f556
09b4,fb3f
03cc,0056
fcf8,0485
f5e1,07af
ef65,09b2
e9e8,0ab9
e5da,0b17
e3db,0aef
e45b,0a6c
e755,09e9
ec74,0974
f355,08f3
fb9e,07de
0501,060d
0eb8,035a
17e6,ff34
201a,fa1f
26dd,f43e
2c05,ed82
2f99,e6af
3173,e080
3165,dbbb
2f6d,d8bb
2bf4,d81b
26f4,dab8
20a3,e019
19d0,e79a
1262,f12f
0a6f,fc07
02c9,06fc
fb8f,1168
f52d,1a69
eff3,211e
ebbb,250b
e8db,2656
e6e7,2548
e5a0,21ca
e4e6,1ca3
e424,16f6
e301,1114
e126,0b90
dec8,0756
dbbd,04a3
d852,032e
d564,02e8
d319,0367
d244,0440
d3cb,052e
d78b,054b
ddaf,04d3
e6a4,03d4
f1b6,019f
fdc3,fece
09ef,fbb2
152e,f869
1e80,f5bb
24e3,f377
2802,f16e
27df,f059
2429,efb4
1dbc,ef6c
1598,efe6
0c8d,f074
039d,f0e8
fb6c,f12e
f505,f147
f076,f16f
ed54,f184
ebcd,f174
eba0,f186
ec05,f190
ec97,f125
ecfd,f0d7
ec8f,f0aa
eb8c,efc2
ea30,eead
e876,eddc
e714,ed15
e6cd,ecc0
e824,ed09
eb27,ee2e
f002,f05f
f6ea,f357
ff53,f6d7
084b,fabb
10bf,fed2
1798,029b
1c2e,05ad
1ddd,07d4
1c13,08ec
1749,08f2
1039,0868
0788,07ca
fe4d,0702
f5d7,06d7
ef41,07cf
eb73,09b5
eaf5,0ccf
ed1a,10c7
f177,1514
f7cb,1942
fe8b,1ccb
0452,1f0b
0841,1f25
09d2,1cec
086d,183d
03a4,1123
fc54,0895
f3a0,ff0d
ea8c,f51d
e299,ebe9
dd15,e3bb
dadb,dd4c
dc83,d930
e214,d71b
eae6,d761
f620,d9c6
02bc,ddad
0f3c,e2e5
1a61,e920
2326,effd
28ce,f732
2b5e,feac
2aff,05d2
27ed,0c4b
22f8,11fe
1cb8,1654
157f,193b
0e60,1a9c
07e1,1a1b
019f,1841
fbd5,156a
f6c8,11b8
f227,0df2
ee11,0ac7
eadc,08d3
e80c,089a
e59d,0a6f
e3e8,0e39
e290,1345
e1b7,1911
e14c,1eb7
e0c3,231c
e010,257f
dee6,2525
dd37,21d0
db22,1b58
d8c6,122f
d6a3,0770
d536,fc69
d4fb,f22f
d668,e96e
da08,e39b
e000,e107
e7f4,e144
f197,e4a7
fc2d,ea08
0652,f014
0f52,f63f
1680,fb56
1aa7,fed7
1bc0,0076
19e3,ffb0
151b,fd10
0e86,f922
070e,f454
ff86,ef60
f8a2,eac7
f300,e6ec
ef93,e468
ee23,e331
ee65,e313
f0b8,e4a0
f487,e7b1
f92a,ebe5
fe2e,f152
0307,f7c1
077f,feda
0b27,062a
0dbb,0d2a
0f2b,1359
0f1c,183d
0d80,1b64
0a9c,1c6b
06bc,1b17
01cd,1765
fc1c,1190
f665,0a10
f0b5,01b3
eb95,f931
e7be,f145
e5b9,eaeb
e632,e675
e91b,e426
ee72,e475
f62f,e744
ff7b,ec04
091f,f1f1
1299,f8b6
1b38,ffab
2189,05c3
2562,0abf
26f8,0e24
261e,0f90
2333,0f50
1eca,0d6e
19b6,09bd
1477,0499
0f7d,fecf
0b4c,f865
0802,f187
05c7,eb1f
045b,e57a
0348,e09e
022a,dd05
00d8,db2f
ff1d,db69
fcaa,ddfb
f9a9,e2c6
f5fc,e95c
f1b8,f195
ed59,fae1
e8ac,045d
e3d3,0d29
df3c,1498
dabb,1a56
d68b,1dfe
d2fe,1f83
d068,1f5a
cf5b,1df5
d019,1b83
d2b3,1890
d756,159b
de31,130c
e71e,1132
f1b9,0f73
fd4d,0d81
0902,0b4d
13c9,089e
1cd1,054f
23c1,0111
27d2,fc43
28b3,f70a
26b3,f151
2269,ebed
1cdf,e70b
16fb,e2f0
1190,e066
0d96,df28
0b9a,df3a
0b89,e0c6
0d57,e360
105a,e718
13ed,ebfa
17bc,f1d0
1a89,f8a9
1bb9,0033
1b7a,080b
1970,1069
15b3,18d9
1174,2058
0d49,2667
0987,2a51
076e,2b7c
0779,2998
09af,2458
0e2f,1c0c
1428,112d
1aad,0491
2111,f7c2
25f9,ebf0
2882,e270
28d3,dc30
264c,d951
20c7,da3a
192b,de7b
0f9a,e540
04ec,ed9a
fa7d,f5d6
f092,fc78
e7f2,0013
e19b,001b
dd5c,fd28
db2c,f778
daf4,efc5
dc25,e7c2
de31,e119
e06c,dd0c
e289,dc8b
e3ff,e022
e44e,e802
e39e,f375
e259,00c5
e105,0e64
dfec,1a73
df62,231a
e034,27d3
e28f,27ca
e5c2,2276
e971,18f8
ed0f,0ca5
f025,fef3
f229,f1a5
f208,e6b2
f015,e004
ec71,de39
e69b,e10a
dfc4,e7f5
d93a,f24c
d384,fec8
cfe1,0b96
cf8a,1798
d2e2,21e8
da09,2956
e448,2daa
f0b4,2f3f
fe65,2e14
0bf2,2af4
17df,2715
207e,2326
24de,1fcf
249c,1d8b
1fd0,1cbe
1750,1d78
0bb5,1ee0
fe71,2020
f15c,20ab
e55a,1fa0
dbc8,1cc0
d5ac,17ce
d2e3,108a
d34e,07b7
d672,fdd1
db5c,f331
e102,e941
e6a8,e0e1
eb72,da36
eeac,d63b
f08a,d4c5
f13d,d528
f0db,d78c
ef89,db06
edb3,de50
ebf2,e0dd
ea2c,e225
e8b7,e1d7
e837,e009
e835,dd3e
e8ec,da43
eb00,d7e5
ee01,d74a
f207,d92e
f763,de18
fdd8,e675
056d,f153
0d91,fdf2
1548,0b64
1c16,17af
214f,21b1
23f4,2871
23e6,2a90
2143,27d5
1b72,208f
12de,1558
08c7,07cf
fe40,f9a8
f480,ec43
ecd9,e11a
e7e3,d9e4
e5f9,d71d
e815,d834
edc2,dd10
f604,e507
0062,ef35
0b85,fa7c
166f,0595
1ff1,0fa5
2729,178c
2c37,1d62
2eb3,2110
2eed,21fc
2d6c,20d4
2a1e,1d91
25d7,189d
2135,12d3
1c75,0c20
17ed,054c
138e,fefc
0f7b,f92b
0ba3,f48e
07ab,f14b
038a,ef5d
ff91,efab
fbc5,f1c5
f7f4,f524
f468,fa21
f17e,ffaa
ef6e,04ef
ee3e,09a9
edfc,0d0e
eecb,0ebf
f095,0e3b
f309,0b49
f5f0,064d
f942,ffaa
fccb,f7ec
0063,efd7
03e2,e810
06ee,e123
0947,dbb9
0b33,d82f
0cdb,d6b1
0dec,d747
0e92,da06
0ed9,ded4
0e8d,e525
0e44,ecc0
0e08,f575
0d12,fe9c
0ba2,078f
09e9,0fd0
076b,16b6
0475,1b9f
0106,1daa
fcab,1c78
f804,1881
f333,1174
ee15,078e
e97c,fc60
e5a7,f0ea
e2be,e628
e12c,dd9c
e0d4,d816
e187,d63e
e34e,d887
e658,de3e
ea56,e6c5
eee6,f10b
f41f,fb35
f9bc,041f
ffb0,0ab1
0595,0e0a
0abe,0dbc
0f36,0a0a
1274,0453
13ca,fdcb
133a,f7a1
107e,f360
0b42,f216
03f3,f435
fb24,f9fb
f1a2,02d0
e87e,0d48
e062,17ea
da86,20cc
d788,269f
d796,28c1
db6c,2669
e247,1fb1
eb66,1578
f62c,08e6
0140,fbba
0be2,efe0
14c5,e6db
1abf,e1fc
1dbc,e21c
1d7b,e6cc
19fa,ef5c
13c8,fb11
0ba1,083e
0281,14ca
f927,1f0b
f072,2616
e943,28ee
e41c,275b
e0f6,222d
df86,19bc
dfc4,0f67
e169,04fc
e417,fb95
e78c,f4a5
ebaa,f107
eff3,f0d3
f406,f39f
f839,f89a
fc3f,fec5
ffa4,04e5
025b,09a1
0429,0bee
04e1,0b68
0479,083b
02eb,02fb
0054,fc3d
fd1b,f521
f97a,ef31
f5c3,eb41
f2a7,e9dd
f02d,eb95
ee7f,f016
ee07,f674
ee5b,fe01
ef02,05a8
f01b,0c53
f140,110c
f20b,12be
f280,1154
f1d9,0d36
f04c,06d6
ee8e,fef0
ec6c,f64d
ea37,ee27
e875,e7b6
e7ad,e3cc
e7df,e2ba
e90b,e418
eb43,e7db
edd1,ede3
f0a4,f563
f3e7,fd88
f71d,05af
f9af,0d37
fbaa,1397
fd7c,1875
ff16,1bad
0052,1d67
0156,1dda
023f,1d2d
02f9,1b7d
0378,1912
03d1,1644
03ca,1313
034a,0fc6
0292,0cb2
015b,09d3
ff90,0758
fdaa,0577
fb70,0463
f8cc,041a
f61a,047e
f32e,05e0
f005,07c0
ec8a,0980
e89f,0b4a
e49e,0cb5
e081,0d01
dc37,0c4a
d841,0ae6
d51f,0889
d308,059c
d226,029b
d30d,ff5e
d5d5,fc66
da45,fa2b
e0d2,f883
e923,f78d
f2aa,f77d
fd11,f7d8
0747,f85c
10ae,f95e
1937,faaa
203e,fbcc
24f8,fcf6
2797,fe55
283a,ffb0
269d,00cb
233f,017c
1e90,01bc
18aa,0156
122c,fff8
0b93,fd74
0501,fa08
fece,f635
f96e,f263
f534,ef59
f235,ee02
f07e,eef8
f039,f29f
f172,f8f4
f3ff,0185
f7bd,0b6a
fc5f,15d9
013c,1f8a
05d7,26c4
09ed,2ab6
0d17,2a91
0ecb,2604
0ef4,1d5f
0e08,1132
0bf3,0312
088a,f4cb
0473,e7e3
0080,de0a
fd2e,d894
fa77,d7e1
f88e,dc07
f7f1,e4b9
f846,f0dd
f8f4,fea2
f9be,0c7e
fa5d,1945
fa91,232b
fa3a,291d
f91d,2b5c
f731,29f0
f4f5,253f
f2f2,1e47
f13a,15cf
f00e,0cf9
f00f,0484
f145,fd0e
f335,f744
f5b4,f30e
f8b8,f094
fbd2,efaf
fef0,efdf
0209,f0fb
0466,f277
0607,f43c
074c,f697
07f7,f924
07eb,fbc2
070c,fe80
0554,00ef
02c5,0303
ff22,049c
fa84,0572
f503,0565
eed9,0444
e8ae,028e
e312,00b9
de5d,fefc
db11,fe31
d9f6,fecd
daf2,00c2
dd9a,046d
e1db,09f1
e723,1070
ec5f,170a
f0b8,1d52
f3aa,2231
f44d,24e6
f298,2586
eefa,23cb
e950,201d
e2bb,1b5b
dca6,1680
d7c7,129e
d54c,1030
d610,0ff7
da40,1236
e1cd,1680
ec2a,1c88
f87c,2324
0545,28fb
1132,2d17
1b5a,2e66
225e,2c47
259d,267b
2535,1d3a
213f,112a
1a43,0361
114e,f56c
076f,e8cf
fd76,dee8
f459,d899
ecfd,d6a1
e7c8,d959
e4d3,dff1
e3df,e9b8
e4e7,f5bb
e7a4,0238
eb38,0e08
ef60,1854
f3a2,201b
f78f,2510
fb21,276c
fe0a,2772
003a,25f9
01a7,2394
0252,20db
0232,1efd
0129,1dec
ff90,1d62
fda9,1dd1
fb78,1e7f
f910,1ec8
f697,1ead
f449,1dad
f253,1b9e
f0dd,181a
f03f,1323
f08b,0d61
f1b4,070f
f3ed,00c2
f735,faef
fb83,f5e2
00f2,f21d
076b,efc9
0e1b,eea9
148c,ee85
1ac0,ef7a
1fef,f1ac
2390,f491
257c,f7d6
2568,fb72
2335,ff14
1f06,02c1
196c,0670
131c,09f7
0c86,0cd4
069b,0ee2
027f,1023
0060,101f
0095,0efa
0372,0c97
0850,0915
0e5e,04f2
1487,0050
19de,fb7e
1db7,f6fa
1ebc,f321
1c6e,f022
174e,ee26
0f3d,ecef
04d4,ec7e
f99b,ecdd
ee70,edbf
e46d,ef00
dcfe,f00e
d852,f0bb
d667,f146
d763,f189
da6c,f1b6
dead,f222
e386,f2f6
e7e5,f49b
eb1c,f752
ecfd,fad0
ed4f,fedf
ec6e,034e
eade,07e4
e937,0c86
e866,1094
e8c6,13dd
eabd,1671
eeb6,1816
f469,18db
fb17,189f
023a,1744
0985,150b
1023,121f
155e,0e63
18cc,09fb
1a64,0564
1a2e,00c0
17fc,fc25
144f,f835
0f99,f565
0a16,f3fd
0424,f469
fe1e,f681
f849,fa3a
f28e,ff91
ed73,05db
e96e,0c7d
e641,12aa
e43b,1766
e3d6,1a2e
e4ce,1aa8
e6b3,183a
e9af,130e
ed63,0bab
f0ed,025a
f3f6,f80c
f63c,edcc
f72c,e452
f652,dc7c
f3e3,d715
f058,d46a
ec33,d454
e7c6,d679
e385,da6a
e03d,df31
de6a,e40a
de53,e88b
e01e,ebb3
e43a,ed73
ea3c,ee07
f148,ed58
f9a8,ec6e
02aa,ebb9
0b7f,ebb8
140a,ed79
1bc7,f0ab
224d,f51c
2705,fac2
29cf,0084
2ab1,05a8
291f,09ac
24f8,0b9d
1eb8,0b4f
1656,08c1
0be2,03f9
0080,fdd9
f528,f735
eaa8,f115
e1ed,ec6d
dc14,e9fb
d9f9,ea6d
db85,edbe
e0ee,f3d2
e9df,fc31
f4ef,05d7
00b5,0fbf
0be5,18df
14f6,2056
1a83,2516
1c31,26ac
19cd,25b5
1385,2243
0a7e,1c56
ffc5,14df
f4b1,0c97
eb17,03f8
e460,fbc7
e0fa,f459
e0ed,ee27
e46e,e9cb
ea63,e6e9
f150,e51b
f870,e487
fe29,e52b
01bb,e6ae
02e1,e8ee
00b6,ebe4
fc09,ef2a
f605,f276
ef6f,f586
e98c,f829
e525,fa2d
e337,faf3
e454,fa99
e7bf,f93e
ed39,f6c1
f473,f405
fc39,f176
03b6,ef59
0a8d,ee96
0fbd,ef93
12de,f26b
147f,f725
148c,fd5f
131f,04d0
1087,0ce4
0d17,1494
0919,1b74
04ae,2111
005a,24e7
fc04,26d7
f79a,26e5
f3c0,25a4
f0af,2372
ee63,2063
ed49,1ce7
ed80,1947
eeef,15a8
f1c4,1244
f575,0f5a
f96f,0d0e
fd16,0b54
ff96,0a86
0080,0aa5
ff52,0b6b
fbda,0d15
f655,0f8c
ef7a,125b
e81d,14dd
e0f2,168f
db4a,1724
d839,15f7
d81a,1289
db41,0cdb
e1bd,0548
eb27,fc4e
f67f,f29f
0243,e96e
0d20,e1eb
1648,dcfa
1caa,db1a
1f4d,dca9
1e96,e224
1b12,eb20
1501,f660
0d6b,02ea
057f,0fa9
fe24,1ad3
f80c,234d
f394,28d5
f163,2aaf
f18b,28ed
f364,2484
f6b4,1e3e
faee,1733
ff73,1099
0407,0b4c
081a,07f7
0b7a,06e8
0e14,07f7
0f9b,0aab
1056,0e34
1027,11b8
0f3b,145a
0de6,1546
0bba,141e
0924,111f
0682,0cc3
03a0,0794
00bc,02b0
fe2b,ff03
fc1d,fd48
faab,fdff
fa23,012f
fb13,06ca
fd91,0e0e
0128,1620
05be,1dd5
0ad7,23fb
0feb,280b
1518,28ed
19a6,266c
1cd6,2140
1ecb,1998
1fbc,106b
1f8f,06d9
1e0d,fdaf
1bcf,f61d
191a,f106
15c9,eef2
128b,efa3
0f70,f2a5
0c04,f7e1
0872,febe
04ef,0661
0142,0e16
fd2c,15a2
f900,1c63
f519,2188
f1bd,252e
ef77,2747
ee53,27fe
ee89,277e
f0c0,25a5
f4e5,2318
faac,2038
0180,1cba
08cb,18de
1052,153f
16ff,1219
1c3a,0fae
2010,0e7b
21b8,0eca
2125,106d
1eb2,132e
1a79,170c
14ee,1b63
0e92,1f50
0808,227b
01a4,2444
fbf3,240c
f7a9,219f
f471,1ce2
f263,1632
f212,0dd8
f36a,048f
f685,fb57
fb28,f255
0139,ea60
08aa,e433
108c,df63
185a,dc52
1f78,db2a
253f,db11
2947,dbef
2a9b,dd78
291a,df58
24b2,e19c
1d42,e397
13b7,e525
08d0,e675
fd7a,e74a
f340,e7c3
eb1b,e7c9
e5ab,e70a
e3d7,e5f0
e5a2,e4b8
ea80,e30f
f1bb,e17b
f9ee,e0c7
01f2,e100
0833,e254
0b9e,e527
0bf2,e96d
0872,eed1
01a6,f545
f89b,fc62
ee62,03a2
e4e5,0ab9
dd21,10a6
d7d6,14e0
d5e8,17a4
d72a,1877
db27,1724
e10f,1402
e7da,0f5d
ee54,09dd
f35a,03ce
f673,fd63
f72f,f730
f54d,f1d5
f15c,ed74
ec13,ea1c
e61e,e83e
e0e6,e7fd
dd0d,e969
db17,ec6f
dbcd,f0f2
dec3,f6d0
e3c8,fdad
eabb,04ef
f2fc,0bd3
fbc7,11f7
0434,16e1
0bdc,1a33
123b,1bb4
16d5,1b8d
19b7,1a2e
1a9f,1798
19bc,1483
177a,117b
13d6,0edf
0f31,0da2
09c1,0d9b
0393,0eda
fd04,1196
f657,14dc
efa4,185b
e93d,1bd2
e38f,1e5c
de8c,1ff4
da80,207d
d7fd,1f48
d706,1c61
d773,1805
d93e,125e
dc6f,0bde
e09c,04c5
e5d0,fd66
ebee,f632
f1fc,ef6c
f806,e959
fdf5,e438
0330,e052
07da,ddee
0ba1,dcf6
0e53,dd54
1075,df5a
1212,e2cf
12b9,e73d
127a,ec8d
11a0,f202
0fcc,f6e5
0cc0,faa1
0903,fcc3
04a1,fd50
ff6e,fbaa
f9fd,f7ea
f49e,f2f1
efad,ecdf
ebdf,e655
e951,e08f
e7f0,dbd6
e7fd,d865
e99e,d67f
ec5e,d621
ef82,d753
f2d5,d96e
f5d2,dbdc
f780,de30
f787,dff2
f5ac,e114
f24c,e163
ede1,e0ec
e88b,e066
e340,e0a6
dea2,e1ec
db57,e476
da3b,e8f2
db75,ef4c
df31,f717
e539,ffc5
eced,0876
f529,1074
fccc,16cf
030e,1acc
0704,1c28
0868,1aa2
073f,164e
03cf,0fd4
fed2,07bc
f935,fed8
f43a,f605
f081,edb6
eec6,e735
efe0,e2d5
f35f,e04c
f8e0,e028
ffef,e1d0
078f,e4a8
0f1b,e8bb
15a2,ed60
1a3c,f1f2
1cd4,f63f
1d6e,fa5b
1c59,fe43
1a04,0179
16b2,03d5
1344,0592
102a,0679
0d98,0650
0c25,0555
0bc1,03b1
0c64,0180
0e0c,feae
100d,fb5d
1271,f822
154c,f520
17bd,f29c
19dc,f0d4
1bdf,efa6
1d4c,ef4d
1e29,ef9a
1e01,efba
1c82,ef67
19bf,ee81
1548,ec62
0f37,e91d
081a,e510
0059,e062
f856,dbe9
f0d7,d856
ead7,d606
e706,d5d9
e5d7,d81e
e739,dcba
eb7c,e3e8
f28b,ecfe
fb39,f706
0480,0151
0d56,0b02
14bf,1370
19bb,19ba
1bc6,1d77
1a99,1efc
1664,1e1b
1063,1b46
0923,1729
01a0,11dc
fb68,0c05
f732,062c
f58c,00d6
f676,fc53
f9b0,f8b4
fee3,f691
0510,f5de
0b0a,f62f
0fdf,f7c9
130d,fab3
142a,fe5f
12e0,02b5
0f6c,0774
0a8a,0c1d
057c,107b
014c,1421
fe4e,16dc
fd5d,1879
ff48,1882
0375,1741
097e,1531
10df,11d8
184c,0d69
1f0d,08b7
241b,03d6
26b4,ff38
26ee,fb5a
246f,f856
1f62,f6c7
18e1,f6e8
11b4,f861
0a95,faf6
04b0,fe7f
00dc,02e5
ff5d,07bc
fff9,0c52
0243,1094
05da,147f
09fe,1793
0dbb,19a9
1043,1a5c
111f,19e8
0ffe,188f
0cce,15bd
0843,11eb
02d2,0d67
fcd0,0852
f757,0341
f314,fe9f
f043,faf8
ef5f,f85c
f039,f6ef
f24b,f6d0
f57d,f7e6
f96d,fa0d
fd73,fce8
0118,006a
03ee,041b
05c7,07be
0693,0b51
061a,0e55
0451,10ed
0161,132b
fd91,14ba
f911,15c1
f3b5,167e
ede0,16bc
e803,1638
e238,14e5
dd22,12ca
d988,0ffd
d7ac,0c9e
d7a5,08dc
da19,04a5
defe,0020
e5a1,fbb9
eda2,f744
f670,f2df
ff2f,eed3
06ec,eae4
0d22,e6ee
1135,e312
12d1,df46
1239,db60
0f93,d7df
0b28,d509
05ab,d318
ffdd,d2d2
fa33,d455
f555,d7b1
f193,dd05
ef17,e3e0
ee65,ebc7
ef42,f405
f173,fbb8
f4f6,0226
f9af,0695
ff97,089b
0614,0823
0c94,0514
12c1,fffa
1805,f9e5
1b95,f355
1cab,ed59
1b22,e8de
16f7,e5e5
0ff0,e54c
0662,e760
fb72,eb85
f025,f15c
e56b,f852
dcf1,ffb3
d7cb,06b4
d6bc,0cc1
da4e,1147
e1de,13a8
ed05,13b7
fa9e,11bc
087f,0dfa
1559,08d2
1f8c,032f
25d1,fd88
27f7,f826
2543,f3d1
1dec,f0c0
1356,eec9
0682,ee06
f8a9,ee28
eb49,eef8
dfcf,f06d
d721,f23b
d160,f4a7
ceaa,f7d9
cf0c,fb76
d248,ffc8
d755,050f
dd55,0afb
e43a,118f
eb3f,188d
f1ec,1f5c
f7fa,257a
fcd1,2a26
00b0,2d0b
036e,2dc2
0492,2bb6
0415,26ff
01f6,1fb9
fe68,166a
f9ad,0bdc
f425,00d3
ee5e,f61e
e90a,ec37
e484,e3f0
e0ee,ddba
dedb,d9a9
de9d,d841
dfe9,d95d
e264,dc62
e5dd,e13b
e9ef,e7af
edd5,ef11
f10f,f67b
f375,fd6b
f49c,03e6
f451,092e
f308,0cb8
f0e4,0e97
ee29,0e75
eb48,0c3e
e864,07de
e5ea,017d
e443,fa0c
e3b4,f1fc
e435,e9d4
e5d3,e284
e8a0,dcf2
ec56,d9dc
f0d9,d9ad
f602,dcf6
fc08,e35e
02c3,ec24
097e,f713
1022,034b
1633,0f75
1b43,1a7a
1f12,2372
20fb,2a0e
214f,2de8
206c,2ede
1df5,2d99
1a33,2ae6
15c8,27b0
1122,246e
0d19,2160
09e0,1f1f
0761,1e58
0632,1ee8
0615,1ff3
06c7,2173
0834,2339
09f6,2447
0bf3,249e
0e2f,2419
10cc,223b
1368,1f27
161a,1abe
1921,153f
1bf9,0efc
1ebe,0810
215e,00bd
239c,f946
2589,f20f
2706,eb84
2813,e617
2860,e1e6
27c2,df07
2652,dde8
2410,de9f
2153,e143
1e04,e5fd
1a29,ec5d
15f9,f40a
1119,fc98
0ba8,053b
05ab,0d5b
fef3,14d9
f7df,1b2d
f07f,1f2a
e900,2101
e214,2100
dc69,1eb7
d8d6,1ac0
d799,156f
d8b0,0f01
dcc7,0836
e38f,010c
ec41,f99f
f69c,f2a6
0180,ec96
0bde,e779
14db,e3a2
1b84,e163
1fc6,e071
2173,e0e0
20e1,e2ff
1ec0,e6b6
1b59,ebef
17d2,f24e
1525,f997
1399,01c5
13a0,0a05
153f,119f
1836,1821
1c4e,1d0e
2079,202a
23c6,20f5
25b5,1fa7
258b,1c7b
2325,1712
1e4b,1050
170c,08d6
0e91,0089
05be,f7f6
fd6d,efce
f6b0,e835
f1ea,e168
ef91,dbec
f026,d7b1
f2fa,d4f3
f77f,d3e0
fd7c,d48c
03d2,d756
09c3,dc0f
0f44,e2de
13cc,eb43
1732,f43a
19f7,fd6c
1bfe,060a
1d3c,0d21
1e3a,121d
1ef9,14af
1f92,1481
205e,112f
214d,0b62
2226,0405
22f9,fb65
23b8,f244
2439,e9b6
248e,e2f8
244b,deb8
239c,dd09
22a5,de7f
20d7,e2a9
1ea5,e8b0
1c4b,f023
1944,f80e
1584,ff98
1155,05cc
0c9d,09fe
073e,0bcc
01a9,0afc
fc2d,0835
f74c,03dc
f384,fdfd
f101,f7b8
f077,f1e7
f1f7,ec3a
f547,e75f
fa43,e3b6
0056,e0e7
0714,df36
0dc2,de3d
13e8,de2c
196f,df52
1db7,e12c
208c,e406
2247,e7d9
230f,ec27
22e8,f0d7
2223,f574
217b,f988
2118,fcee
20e3,ff94
20f7,011c
2127,0144
219b,008d
225b,ff46
22f7,fd9c
231f,fc1f
22f2,fb47
226b,fb4d
20d5,fc2d
1e46,fd87
1b14,ff09
16f6,0081
123e,0105
0d2a,0037
07b3,fea7
01f5,fbbe
fc17,f732
f676,f1bf
f12c,ebc1
ec5d,e5e8
e822,e0d2
e46f,dcc2
e1ce,da69
e070,da1f
dfe1,db93
e010,dec5
e15a,e365
e3af,e8eb
e69e,ef0b
ea29,f4e5
ee5e,fa3a
f2ca,fe9e
f6fe,019a
fac4,0368
fddd,03a1
fff3,026f
00c3,0068
003d,fda8
fe60,fa45
fb0a,f6a2
f68c,f33f
f196,f000
ec45,eced
e726,ea0d
e352,e723
e0d6,e41b
df9f,e0b2
e03b,dd2c
e267,d9dc
e582,d690
e9a0,d3b3
ee8b,d222
f35d,d224
f798,d3d7
fb8c,d7aa
fecf,dd51
0099,e488
0127,ed06
005e,f5cb
fe4c,fdcd
fb58,0411
f78d,07ed
f37f,08e2
ef62,0674
eb71,0112
e815,f9ed
e56f,f180
e3ef,e8af
e3bb,e112
e4cb,db5c
e76d,d88e
eb9f,d96a
f11e,dd81
f7ae,e470
fed0,edcd
061b,f85b
0cf6,0288
128e,0b58
1698,1217
18ee,1604
1921,171c
175c,15bc
1429,1245
0f66,0d9f
0966,08ae
0317,0466
fd03,018e
f75a,0057
f25a,0145
ee4d,044d
eb27,08de
e8ad,0ebb
e6ff,14e5
e60d,1abb
e558,202c
e539,2468
e5ba,2782
e60d,2971
e6ad,29b0
e7bf,28d1
e842,26df
e86b,23e6
e853,2046
e77e,1c25
e628,1839
e44c,145f
e24a,1091
e0bc,0d41
dfd2,0a4a
e047,0804
e26e,0625
e61e,04a2
eb87,0430
f257,0467
f973,0577
fff7,07bf
051f,0acd
0803,0ebf
087f,13a2
0637,1916
00df,1e8e
f94c,2374
f06a,275a
e783,29d6
dfde,2a76
da1e,28a6
d730,2499
d7d7,1ea5
dbee,1695
e2e0,0d0e
ebff,02ca
f5d8,f8b4
ff17,f02f
069e,e9ae
0aff,e606
0bcf,e5e4
0957,e8b4
03e2,ee62
fbe4,f694
f248,002d
e89e,0a7a
e012,1494
d90a,1d2d
d43d,23e6
d252,28a7
d2f2,2af9
d571,2aec
d8f6,28c4
dc8f,24c6
dfa2,1f5d
e18f,1917
e1f1,1246
e0e1,0ad4
deb2,0353
dbf5,fc0c
d955,f513
d78b,ef03
d763,e9bd
d980,e5dd
ddfc,e3c9
e4dd,e295
edb9,e247
f7bf,e2f5
0266,e3ed
0c92,e49a
1523,e4b0
1be4,e3ac
2085,e198
22a1,dec2
22aa,db24
2101,d784
1e34,d4d3
1b21,d3c7
183e,d4ee
165a,d8d2
15e2,dfb4
1689,e920
181b,f488
1a48,00fe
1c33,0d2e
1d5c,182a
1d5b,208c
1b29,2580
16e1,271c
1127,24ba
09fb,1e85
0212,153f
fa43,0a07
f2f5,fe39
ecfc,f26e
e8d4,e7d5
e6a3,df2c
e6cd,d89d
e902,d499
ec9a,d2c4
f106,d30e
f5a5,d53b
fa0c,d8ae
fd9d,dd78
ffd1,e2f0
00ad,e8af
0047,eed3
fe93,f4c2
fbe1,fa62
f88a,ffc6
f4ac,04d0
f104,0991
ede2,0daf
eb0b,1132
e8f2,141f
e7da,15dd
e7c7,1685
e8f1,15fe
eb55,1415
eede,110a
f377,0ce4
f8eb,084d
ff20,03ac
05d3,ff1d
0cdb,fb28
1409,f7f3
1a9a,f58c
2060,f41d
2567,f39e
2900,f38e
2b0f,f37e
2c0f,f3aa
2bb0,f434
29ca,f471
2732,f422
2410,f374
2028,f213
1bf9,f04f
17ca,ee71
136c,ebf6
0eeb,e8f4
0a66,e5f2
05b7,e2fb
00e2,e015
fc3c,dd65
f7c3,db5c
f34c,da85
ef4b,daab
ebf6,dc1f
e940,df5a
e795,e3fc
e6fa,ea12
e73d,f1ad
e8a4,fa67
eb0d,03e4
edeb,0d91
f107,1660
f440,1da3
f733,22d0
f98b,2557
fb3e,24f6
fc32,216c
fc92,1b43
fc81,137c
fbe9,0ad5
fb1f,026b
fa6d,fb8b
fa04,f707
fa1e,f539
fa8a,f66c
fb0a,fa5d
fbe8,fffd
fd16,0657
fdd4,0c76
fdc6,10fa
fd2f,1342
fbe3,132e
f93c,1050
f571,0b27
f133,04e9
ecd8,fe74
e8ee,f8c8
e60a,f4f8
e4b3,f3f3
e51e,f606
e713,faec
ea7e,024f
eec8,0af7
f33e,13bb
f774,1baf
faa2,218a
fc52,24cb
fc61,2528
fae8,2288
f854,1d1d
f506,1544
f19c,0c26
eefd,02b4
edbd,f98c
ee13,f187
f060,eb6e
f4b2,e738
faba,e4e4
0181,e48d
0836,e5a1
0e75,e856
127c,ec59
139d,f0c1
1240,f5a4
0dde,faa4
06e0,ff71
fe13,0404
f43b,07cb
ea76,0a8d
e1da,0c2c
db73,0c72
d763,0b4b
d5ec,0896
d734,04c2
da3a,0000
de8c,fa25
e382,f3fd
e82e,ee25
ec42,e8b9
eef9,e40c
f07e,e04c
f16c,dd95
f182,dbe8
f183,db4e
f245,dba2
f402,dc4e
f768,ddb0
fc92,dfbd
02ec,e14f
0a47,e274
1208,e3cb
193c,e53f
1f50,e66f
23b0,e7a5
25df,e900
25bd,ea3d
234b,ebfd
1ea7,ee5a
1850,f132
10f8,f4b2
092b,f8ba
01ab,fd3c
fb2f,01fc
f5e0,06eb
f1f4,0c0d
ef87,1109
ee53,15af
ee20,19c2
eea9,1d10
ef9b,1f71
f08a,2068
f12d,2026
f1b3,1ebd
f23c,1bb7
f26b,17af
f236,12db
f21a,0cd0
f1ff,060f
f19c,ff0f
f144,f7ee
f130,f116
f0e1,ead8
f039,e56d
ef62,e174
ee26,df70
ec83,df8d
ea4a,e1e9
e7b5,e67f
e54e,ed5b
e2e5,f649
e0d7,0028
df73,09da
de34,12d7
dd59,1a7b
dd15,2028
dce6,2379
dcee,24a9
dd63,23e3
de49,2188
dfe1,1e64
e2bf,1ad8
e6a0,17cb
eb45,15c1
f135,14b0
f7f9,14f9
ff30,1669
0662,18b3
0ce4,1b48
1266,1d2b
1666,1e01
18ac,1d83
18e6,1b34
1751,16f5
14b1,109f
1117,089c
0cfb,000a
0936,f747
061b,eee5
0496,e7f0
051a,e2b6
071a,df6a
0aae,de0b
0f71,de25
148a,dfa2
19ed,e27b
1f11,e620
22d7,ea06
252f,ee40
266c,f2f2
2666,f7f0
2553,fd0b
234d,0259
203c,0827
1ca3,0e41
18b2,1460
1437,1a62
0ff2,2005
0c48,252b
08d0,2931
05e1,2bd9
03da,2ccd
027f,2b2f
0205,2771
028a,219d
0381,193a
04c0,0f16
05f1,040c
067e,f8a7
061d,edd8
048b,e487
017a,dd58
fcf8,d8b0
f75d,d65a
f0c5,d605
ea23,d7cc
e453,db24
dfc7,df0d
dd3c,e330
dcfc,e6e5
df25,e9da
e3f5,ec49
eb61,edfe
f4c6,ef5b
ff58,f0ea
0a6a,f2e5
1543,f5ca
1ed0,f9bd
26ae,fe86
2cba,0455
3044,0b09
319e,11d7
30d9,1820
2dc3,1d7c
2921,2181
2334,23cd
1bf7,2405
13a7,225a
0ae7,1f24
023d,1a6d
f9cc,1486
f27c,0dc4
ecc3,0663
e892,fec5
e664,f72c
e6aa,efba
e926,e8ee
ed2d,e361
f29e,df63
f908,dd7a
ff7c,de62
05af,e239
0b18,e897
0f38,f18a
1251,fc77
1458,0807
15b0,135e
16ec,1d0b
184b,2408
1a80,280e
1d86,2879
2121,2578
2542,1f9f
2920,172e
2bf8,0d81
2d20,0495
2c29,fd51
289a,f85d
2283,f6f7
1a7f,f965
10b7,fed4
067a,0698
fd1b,0fbd
f4fc,18ec
ef55,2099
ec87,2575
ec5c,273c
ef78,25a9
f51d,20a6
fc25,1915
0429,1061
0c3e,079c
1361,ffaa
18cf,f984
1c0a,f599
1d10,f465
1c10,f582
18f3,f7d0
13f7,faf1
0d9d,fdf5
063d,ffa8
fe9d,ffb6
f72f,fde5
f00c,fa15
e999,f482
e45c,ede7
e0a7,e6fd
de7c,e095
ddcf,dbd4
deb1,d8fd
e17f,d834
e5d3,d9cd
eb37,dda4
f1d8,e35c
f929,ea25
008a,f14c
0792,f82b
0d95,fde5
1259,0255
15a7,0577
1720,0704
172a,07b8
1678,0812
156c,084e
1475,0930
143b,0aba
14fc,0d45
16cf,10c2
1976,1457
1c7a,17df
1fc1,1ad3
2276,1c22
240c,1b54
246e,17fd
2320,11c9
201f,0966
1bdc,ff7c
16c1,f4d7
1183,eacb
0c9e,e25e
084f,dc72
05bd,d999
04fa,da5a
053c,dec0
06f1,e5f9
09b0,ef3e
0cbc,f97b
1026,0361
1362,0c16
162e,129a
183a,1626
196b,170a
1a46,1590
1a44,11ff
1942,0d68
17a8,08b0
150d,0492
117a,020e
0d94,0196
0951,0358
04f1,0735
0138,0c98
fe32,12e6
fc85,1941
fcab,1f33
fe75,23dc
0220,26a2
0701,27fd
0c6b,279d
1231,25a5
174e,22c9
1af0,1f6a
1c85,1c1f
1b60,18ea
176f,1602
10e4,13be
081b,11f0
fe06,10ac
f3bd,0fdb
ea17,0f2d
e217,0e79
dc67,0dcf
d95b,0d19
d991,0c2e
dcc6,0b18
e23a,09df
e977,0893
f1e2,070e
faa5,0587
02ec,04b0
0a0c,0443
0f8b,03e1
1341,03f0
1518,0448
1559,04a8
143b,0543
11c5,05ed
0eb5,0688
0b34,072a
075c,07c3
03a4,088c
0000,099e
fce8,0b11
faaf,0d5e
f948,105c
f933,1410
fa82,18c4
fce0,1d7c
0081,21c0
056b,25d4
0b1b,2905
111d,2a8b
1747,2a56
1d12,2822
2209,23ca
2661,1d89
299d,1566
2b68,0c23
2c22,02ac
2b73,f948
297c,f0d7
2678,ea43
2215,e59a
1d00,e2ee
1795,e235
118e,e329
0b8f,e5ab
05e4,e925
0093,ecf8
fc35,f0be
f8d3,f412
f63b,f6a8
f46c,f881
f31f,f9ce
f1ee,fa5e
f093,fa48
eea7,f9c8
ebf6,f906
e8ac,f857
e4b4,f771
e068,f63a
dc5c,f515
d903,f3e5
d727,f2c2
d75a,f19c
da10,f044
df59,ef09
e6e9,ee0c
f089,ed5d
fb87,ecb9
06e0,ec2c
11c2,ebf9
1b7a,eba2
232b,eb67
2869,eb5c
2aef,ead2
2a76,ea2a
278d,e9af
22e7,e972
1cfd,e9ec
1657,eb42
0fb8,ed9e
09b1,f147
0454,f60b
ffd2,fb97
fc0c,01a6
f924,0773
f724,0c29
f54c,0f6e
f371,10f9
f1ba,1077
f036,0e21
eee4,0a4e
edba,0543
ed2f,000e
ed37,fb72
edaf,f7ef
ef49,f62f
f1a7,f63d
f435,f851
f728,fc48
f9dc,0133
fbbd,061a
fce9,09e4
fd2e,0bc2
fc45,0b55
fa4f,0808
f798,01e5
f45e,f9be
f0d6,f043
ed21,e6b0
e95e,de5d
e5c2,d841
e2c0,d581
e07f,d69c
deab,db75
dd6d,e3a8
dd36,ee0c
de6a,f963
e122,044d
e52f,0d31
eacf,1329
f1a9,15d4
f90b,14cc
00a0,107c
07c9,0a4c
0dc8,02f9
11fd,fbcf
13f8,f6d3
1335,f4ac
0fba,f5b2
0a3b,fa24
02e2,0169
fa5a,0a6a
f230,1413
eafd,1ce0
e57b,234c
e2b3,26bd
e295,2681
e535,2270
ea49,1b2a
f0e4,1158
f846,067a
ff2c,fbf8
04cd,f301
0890,ecf9
09bb,ea5f
0875,eb17
04c8,eec3
ff02,f49c
f847,fb47
f176,0173
eb2d,0630
e640,0861
e355,07d5
e27e,04c9
e3b6,ffa9
e6bf,f940
eb0c,f240
f053,ebec
f608,e6ea
fbe5,e414
018e,e430
0649,e67b
0a92,eacb
0e68,f0dc
112e,f773
138f,fdd7
1574,0376
1658,077e
16bc,099c
1683,0999
158c,0757
1414,0363
120c,fe41
0fb1,f801
0cf9,f11f
0993,ea8e
05c1,e45c
020c,de99
febc,d9ca
fbbf,d638
f90f,d44d
f6c6,d438
f4e1,d5df
f377,d950
f27b,decf
f17c,e5fd
f05d,ee71
ef1f,f803
ed9b,019a
ebd8,0a6f
e9c1,1202
e777,177f
e519,1a77
e2a7,1af0
e053,1923
de3f,152b
dca4,0fdb
dbd1,0a4b
dbb9,0501
dc9d,00ba
deff,fdea
e2a0,fcb3
e755,fd49
ed47,fef8
f42b,00d0
fb8c,0297
0353,0368
0b53,0225
12ee,ff2b
19a5,facd
1f21,f530
234c,ef2b
263a,e9a5
2791,e59e
26ec,e3bc
249a,e452
20eb,e787
1bc0,edb7
158c,f671
0ed6,0033
07a6,0a6b
003e,1415
f94a,1c19
f304,21ee
ecfc,24de
e7d7,252a
e3d8,2313
e04a,1eb1
ddc9,18a3
dc77,119a
dbf2,0a46
dc7e,0380
ddc7,fddd
dfa5,f968
e221,f65d
e4cc,f4c4
e72f,f478
e8cd,f56b
e9a1,f736
e9f2,f990
e980,fc55
e83b,ff93
e6b1,0353
e546,0718
e45c,0ab8
e497,0e8d
e666,124a
e9fa,156e
efa9,182c
f752,1a64
0021,1b90
09a4,1bdc
1315,1b3b
1b31,194f
216e,1686
250a,132e
2537,0eff
2210,0a4e
1bcf,059f
134f,00ef
09df,fc43
0026,f809
f726,f44f
f041,f13f
ebbd,ef14
e9b6,ed41
ea32,ec06
ec79,ebbe
efc8,ebf1
f347,ec88
f5fb,ede2
f6fb,efdf
f60f,f214
f3b6,f4b1
f01c,f7c6
eb99,fae5
e72c,fe42
e3a8,0214
e1cb,060d
e1e7,0a4f
e405,0e97
e882,12a4
eeff,1684
f694,1998
fe62,1bc4
0584,1cee
0b5c,1cb4
0f54,1b30
110f,1865
1076,1451
0d8d,0f39
08e2,095c
0318,0310
fcd4,fd0e
f6ec,f77b
f1bd,f268
edee,ee2c
ebef,ea88
eb83,e7d2
ece3,e62e
efce,e518
f3a2,e4f9
f81f,e5b9
fd01,e69f
01d1,e7e8
0640,e9d1
0a68,ec13
0e3c,ee8e
11ed,f10a
15a7,f2f6
1954,f455
1d82,f56a
21d6,f59e
25ae,f4fe
293b,f3d7
2bc3,f1f0
2c54,f01c
2aac,eed9
26c9,ee0e
2053,ee6d
174e,f036
0cbd,f34f
015b,f796
f5e3,fc42
eb9e,00ae
e34f,0495
dd81,0705
db1e,074b
dc57,05d9
e0a2,0266
e7b5,fd34
f0dc,f7ad
fb3c,f26d
05f5,ee65
0fbd,ecaf
1798,eda5
1d19,f171
2046,f7f5
20d6,0084
1eb8,0a28
1ab1,13b3
14ef,1bcf
0dcc,21b3
05fa,24c7
fde1,2437
f606,205a
eef3,19f4
e8f1,10fa
e416,066d
e0ef,fb8f
df91,f104
df95,e7e3
e122,e0a4
e44c,db9d
e87d,d95d
ed82,d9a5
f354,dc50
f955,e10f
ff2d,e73d
042f,ee9f
07e7,f6bd
0a7d,ff18
0beb,072b
0c5a,0e39
0bf3,13d4
0b37,17f0
0aeb,1a2f
0b30,1a27
0c42,1815
0e7b,1418
1169,0e62
14fc,077e
1918,ffd7
1d09,f83f
2093,f176
2389,ebc6
25b5,e7be
26ec,e596
2708,e55c
2681,e74c
25cd,eade
24a9,ef8f
2348,f51f
222d,fae6
2112,0069
2019,0534
1f6f,08ee
1ecc,0b8b
1e6b,0ce8
1e88,0ce3
1f19,0b7f
1ff7,08dc
2125,053e
22f9,00f6
253a,fc2a
2748,f727
2907,f265
29ea,ee2f
294f,eac4
2743,e87c
2393,e80b
1e53,e993
17f2,ec84
10b3,f0ef
096d,f651
02d3,fbd2
fd06,0110
f911,0553
f740,0841
f6bd,09b9
f7a7,09a3
f9b7,0855
fbcc,063b
fd80,03f0
fe78,021d
fe10,0121
fc3b,0158
f904,02e9
f49e,056e
efbb,08b6
eb15,0c18
e75e,0ecf
e52f,109c
e49a,10cc
e5ed,0f65
e97b,0cad
eebd,08b6
f5a5,045f
fdc2,0031
0635,fc9e
0e8c,fa4d
1609,f996
1c9e,fadf
21ae,fe2e
2473,02db
25bb,085d
253c,0e41
22b0,13be
1eec,183f
197f,1b3b
1299,1c49
0aff,1b8a
02a2,1908
fa29,14ff
f22d,1007
ead9,0ac0
e4a3,05bf
dffc,0187
dd0f,fe8d
dbe5,fcf6
dc9f,fcc0
defd,fdc1
e2bb,ffbb
e82c,0248
eee5,04b5
f626,06d6
fdee,08ab
05bb,09ba
0d1d,09fa
13d8,0a07
195a,0a35
1d8b,0a7f
205b,0b39
21cb,0cce
21e1,0f25
20b1,11c8
1eab,1486
1c2e,172c
1990,191f
174f,19a6
15e0,1863
156d,157d
1636,108a
1824,09ad
1af3,01b7
1e62,f8cd
2232,f033
25ab,e87c
2798,e1c3
27dd,dddd
2665,dcb9
22a9,dda2
1cee,e0c8
1596,e58b
0d76,eb6e
0583,f1ad
fe52,f762
f8c5,fbd4
f53d,fe90
f3c2,fff0
f432,ffe5
f5cb,fe79
f7bd,fc9e
f94b,faac
f9b1,f901
f83a,f859
f4b1,f8a2
efaa,f9c9
e977,fba7
e2a4,fddb
dca7,0007
d895,01c4
d6b0,0304
d763,034d
db63,025e
e235,0097
eb2d,fdd1
f587,fa30
ffce,f5d4
093b,f09c
1092,eac0
14d1,e490
15db,de72
1317,d81a
0ce9,d220
046a,cd7c
fa65,ca80
effa,ca44
e65c,ccf6
deaa,d2e5
d95a,dc5e
d6a3,e82b
d6cf,f5e9
d956,044b
ddd8,1186
e3c0,1ccd
e9f4,2466
efef,2743
f542,2578
f9e4,1f17
fdf8,14c3
0131,07e0
03f5,f9fb
06c9,ecc9
09cf,e22c
0d39,db18
10b3,d830
143d,da24
17b9,e05e
1a71,e9ba
1c3f,f537
1c9a,0111
1b7b,0baa
193f,13b2
1553,1802
1020,188b
0a23,1551
0324,0ecb
fb91,065c
f3e6,fcf9
ec03,f3c8
e42f,ec38
dd16,e6b3
d6e3,e358
d217,e285
cf10,e375
cdf7,e557
cf65,e7c5
d363,e9c3
d9e3,eaf3
e2b1,eb23
ed4e,ea7f
f8ea,e97d
046f,e81e
0f18,e72a
1808,e767
1eba,e93b
22b4,ed29
237d,f318
2176,fa56
1cda,028f
1626,0b59
0e12,13c0
0524,1aeb
fc05,202c
f36f,22f7
ec17,22f8
e623,20b1
e1e0,1c8d
dfa6,16a9
df96,0fd2
e1d7,08ad
e636,01ad
ec95,fbae
f4a4,f6f4
fdbc,f33b
06db,f06e
0f46,ee4e
1693,ece5
1ba9,ebcd
1e15,eaa9
1dbc,e9c4
1a21,e8a9
13b8,e742
0b36,e5c7
0134,e426
f694,e283
ec94,e0f6
e47c,df8f
deae,de22
dbcf,dca1
dcc6,db9d
e108,db6d
e79b,dbea
efcb,dd79
f89a,e063
00bf,e4d2
0710,eb42
0b16,f37f
0c54,fcee
0a81,0721
0692,1143
0113,1a39
fa7f,2124
f424,2522
ee62,257f
e95d,223e
e5f4,1b7a
e43b,1176
e36e,0585
e372,f917
e3e9,ed0c
e440,e2b4
e48a,db2e
e455,d6d0
e388,d5ee
e2bc,d862
e22a,dd62
e215,e423
e320,ebd6
e5cc,f37f
ea7b,fa5f
f129,ffdd
f931,036d
0204,04e9
0b22,0458
13f3,01d8
1bdd,fdf7
2217,f96d
25ac,f457
26ba,ef20
2620,eace
23f5,e7a5
2081,e598
1cb7,e4d8
1943,e530
16d0,e6a6
161d,e93e
170c,ec8d
1958,f09f
1cc0,f53b
206a,fa32
23b4,ff91
2608,04b7
2694,0974
24c7,0da3
2051,10c6
19bb,12a1
118b,12f1
07df,11bd
fd74,0ef8
f34d,0a83
ea1f,04a2
e218,fda1
dbb0,f5d9
d78c,ee0d
d5d3,e6d7
d66f,e08d
d940,db9d
de45,d8a2
e50c,d847
ed3b,da79
f692,df0f
009e,e638
0ac1,ef9a
1422,fa57
1c4d,059b
221c,10a1
249f,1a72
2450,225b
20b3,27f0
1989,2b01
0fcf,2ba8
048f,2a36
f922,2703
eeca,226e
e6c9,1d45
e20b,17e4
e184,12ad
e566,0e30
ecb6,0a68
f729,0732
03a5,0467
1055,0218
1be9,0039
2515,fec9
2aeb,fdc1
2d07,fce8
2bbb,fc4d
27a5,fbf9
21f6,fc00
1be0,fc2f
1652,fc97
12a0,fd2a
112a,fd7a
1212,fdbd
154c,fde8
19b8,fe0a
1e11,fe68
2120,ff0c
21ff,0056
2022,0255
1b0c,052d
1303,092f
0923,0e08
fe6f,1314
f3f9,1798
eb03,1afd
e4a2,1ca1
e1d3,1bc9
e2e3,1895
e749,12ea
ee5d,0a5e
f759,005c
0164,f634
0b59,ec3f
13fc,e3b7
1ab2,dd64
1f2f,d9bc
212c,d8f1
20b1,da62
1e19,ddb2
19be,e230
143c,e6c8
0e02,ea7f
07df,ecc6
02b3,ed4c
fddf,ebba
f9d5,e852
f75a,e422
f5d0,e038
f5c3,dd55
f74d,dcb6
f9d4,df3e
fda0,e4fb
0252,eda3
0784,f8a1
0d27,04f9
1274,1129
1668,1bd4
18bf,23d2
1961,283e
1789,28dc
12da,2599
0bb5,1ef2
02bb,161b
f89d,0bfc
ee5a,022b
e4f9,fa5e
dd50,f50a
d80a,f2c3
d556,f38f
d552,f6c5
d73f,fc12
da06,026c
dd71,0864
e06d,0d30
e208,103e
e246,10bf
e0af,0e5b
dd8f,09bf
da21,0375
d700,fbc1
d509,f3b0
d55b,ec2a
d834,e5a8
ddea,e08d
e679,dd41
f0fe,dbe7
fc97,dbca
081f,dc77
125b,ddcf
1a37,df53
1eaa,e0ea
1f66,e262
1c53,e395
15ba,e4ef
0ca1,e641
0214,e7b5
f763,e993
edc6,eb8b
e656,eddb
e1a6,f066
dfa0,f295
e050,f477
e343,f61d
e794,f7a0
ec75,f8e4
f110,f9b9
f4ac,fa4f
f6d4,faa2
f7c5,fa98
f7b2,fa36
f6af,f993
f5ac,f883
f528,f6f3
f560,f517
f745,f2dd
faaa,f04b
ff6d,ed6e
05ba,ea56
0c2d,e74e
1227,e47b
1779,e21c
1b18,e077
1cb7,df65
1c23,df32
1971,e072
153c,e28b
0f79,e570
08a5,e97b
0172,edf5
fa1f,f2af
f359,f787
ed82,fc38
e8a6,00ca
e4f2,04fe
e280,08a9
e173,0b88
e1bf,0d56
e33a,0e1b
e5c7,0df6
e910,0cd3
ed2e,0a94
f1db,0785
f669,03ef
faee,ffaa
ff13,fb23
025d,f6f5
04df,f2d5
066e,ef31
0720,eccd
0710,eb73
0626,eb03
04a0,eba6
028a,ed29
001d,ef30
fd98,f185
fafa,f3fd
f8c8,f687
f721,f91c
f5f5,fbc8
f58f,fea5
f5dc,01af
f6dc,0549
f88e,09aa
fab0,0e51
fcf8,1346
ff3e,1852
0173,1c77
0353,1f74
04a1,20e8
0527,202b
04c2,1d52
035d,1872
012b,11df
fe8e,0a1b
fba0,01da
f893,fa26
f5d8,f3c7
f3c3,ef83
f24c,ed89
f1c5,ee53
f2ac,f254
f4cb,f88f
f7c1,0098
fb84,0a0e
000e,138e
04c6,1c38
0998,2358
0e81,282f
1297,2a80
15e4,2a4c
18b0,27dc
1a95,238f
1b46,1daa
1ac4,1715
195a,107e
1724,09ef
143a,0412
10cd,ff29
0d58,facf
0a26,f6e9
0760,f373
059f,f020
04f8,ec95
0584,e8e0
0759,e558
0a60,e24c
0e59,e010
1280,def3
1650,df54
195e,e17e
1b6c,e545
1bf3,eaa2
1aa1,f136
17e8,f870
13d2,0007
0eb0,0739
0968,0db6
04c2,1338
0127,1740
feca,19e0
fded,1ae8
fe2b,1a45
ff0d,186f
0066,1556
0165,1131
014e,0c87
fffd,0778
fd47,0259
f953,fd62
f4e7,f8f9
f067,f5bd
ec8e,f3df
ea7f,f38d
ea48,f4d4
ec69,f7a8
f13f,fc0b
f7f1,0190
fff8,075c
0888,0d14
10e2,1279
1858,16a8
1daf,19a6
2104,1b0f
220f,1a2d
1ff2,180d
1b53,14d2
1491,103e
0bc6,0b1a
01dd,05b7
f758,006f
eca3,fb8d
e2fd,f76a
dada,f4af
d42b,f343
cfe7,f310
ce7e,f44c
cf88,f6d1
d334,fa98
d949,ff47
e144,0478
eb18,09fd
f5f2,0f66
010c,142d
0b9d,17af
14bb,1973
1c16,18fe
20cb,160b
226c,10f1
215b,09bf
1d6f,00fa
16c4,f78e
0df1,ee9a
03bc,e76e
f8cb,e28c
edc8,e0d6
e3a5,e2ed
dafd,e84d
d442,f0c0
d027,fb6a
ce9c,06b3
cf69,11a6
d2f0,1b2a
d8a6,2202
e00e,25f9
e8bf,269f
f21e,23d5
fc38,1ed7
0627,1851
0f4e,1127
17d4,0aaa
1ed8,059d
2426,028a
2803,0181
29ff,0246
2a7d,048f
29be,07e1
27bd,0b6d
2524,0eb2
220f,1144
1e99,12a8
1bc5,12d6
19e7,11d6
18b1,0fce
183d,0cd4
184f,0904
18ba,0492
1986,ffaf
1a48,fab9
1af2,f5ae
1b4d,f087
1afe,ebbb
1a9c,e7e0
1a27,e548
194e,e41b
187b,e4f1
1784,e804
167f,ecd1
15e2,f307
1563,fa06
14c4,00bd
13e0,064f
12a6,09c9
1131,0aa3
0f54,08cc
0d55,03f6
0bbd,fca0
0a74,f409
0979,eb0d
0951,e2ee
0a70,dd1f
0caa,da2a
0fe3,da7d
1410,de29
18ae,e4a2
1d83,ed2d
21dc,f6b7
24fe,ffe0
2695,070c
25e3,0b85
2326,0cc8
1e7e,0a62
17ac,04a7
0fc4,fc4c
07e5,f286
0106,e8c4
fc1e,e03d
f98d,d9e3
f9ca,d672
fd04,d5da
0296,d7e0
0a0a,dc32
129b,e1ab
1ac0,e717
217c,ebce
262b,ef1d
2826,f063
2721,efea
2369,ee09
1dc8,eb2c
16ef,e855
0faf,e67e
090e,e6a0
03d3,e946
0044,ee61
fe62,f5ec
fe3d,ff30
ff95,08c7
01a7,1200
03a4,19a9
0557,1e40
067a,1f25
064a,1c13
04b1,1589
01e4,0c4e
fe55,0122
fa98,f56e
f6e6,ea75
f3f9,e105
f24d,da98
f1f2,d7b4
f316,d7ae
f559,da71
f8b6,df52
fd38,e51f
0234,eb0d
0799,f073
0d26,f480
124c,f682
1726,f68f
1ba3,f4eb
1f88,f18c
22a5,ecff
2500,e851
2635,e3e0
25e5,dffb
2434,dd62
20de,dc40
1c2e,dcc0
167f,df3e
0fec,e38b
0909,e937
0228,efc7
fb91,f715
f5e2,fef4
f12b,06ea
ed51,0e93
ea83,156c
e855,1ae6
e634,1eae
e3fe,20a6
e192,207a
de81,1e26
dae2,19e0
d71c,137c
d38f,0b94
d12b,02f1
d0aa,fa08
d277,f19c
d739,e9c0
df14,e2d0
e98a,ddb0
f5fe,dac6
036b,d9fe
104a,db2c
1b69,ddea
23b5,e1c9
2834,e74f
28a2,edc5
2516,f414
1e23,fa75
14b6,0060
0a46,0548
00a7,0924
f903,0bc2
f470,0cec
f3a6,0cd4
f676,0bd3
fc6a,09cc
048c,06e4
0d96,0346
1626,ff3f
1ca6,fb13
1ff6,f687
1f8a,f25f
1b39,ef42
1374,ed38
091b,ece0
fd7d,ee3a
f252,f179
e8f7,f6be
e24b,fd5b
df34,0550
e02f,0dfa
e483,166c
eb29,1e07
f321,23e2
fb00,27a7
01df,28bb
06d2,268e
091d,214b
0935,196a
0780,0fbb
047c,04b1
00f6,f92f
fd9d,ee85
fb5a,e55a
fa8c,de85
fb3e,daa1
fd99,d9b7
0137,dbf7
05d8,e0e4
0b0b,e7c0
0fdb,f021
13f6,f948
1741,0298
1928,0b72
1963,1348
1834,1a08
1584,1f11
110c,225b
0b44,246c
04b0,24a6
fd4d,230c
f58e,2020
ede0,1c23
e67f,17b4
e02d,131e
db72,0ec9
d89f,0b8e
d830,09ba
da4a,0976
deb9,0b4c
e57b,0f1e
ee4c,142c
f85f,19e4
02e1,1fb4
0d03,24b4
1602,27e7
1d81,28af
22f5,26cd
25cc,21fe
2647,1a6a
2451,1118
200a,06e7
1a18,fce3
12c8,f48e
0a87,ee80
01de,eb13
f97e,eb17
f1df,ee6a
eb6a,f424
e684,fb57
e38d,02fb
e2b0,0a30
e3da,102a
e72a,142c
ec1b,15ef
f258,15ab
f961,13bd
0036,10e4
06a1,0de6
0bdf,0b64
0f18,0a5c
1078,0b16
0fc0,0ce1
0cdd,0f6b
08a0,12a3
039d,158b
fe95,171d
fa6a,171d
f788,14d8
f6ae,0ff8
f844,0938
fbac,011a
008b,f889
0641,f0ac
0bcc,ea2f
1080,e5fa
13ab,e4ef
14e4,e6d1
13e7,eb40
10ea,f203
0cb0,fa2d
07cc,0324
032c,0beb
ffcf,1328
fe48,1889
fece,1ba0
0133,1c05
051e,19e6
0a00,157d
0ef3,0f32
1301,0791
1579,ff20
15a0,f68c
135f,ee53
0f17,e6e0
08fd,e0bc
01f1,dc3b
fad6,d9e7
f484,da01
f01c,dc7f
ee37,e18c
ef01,e90f
f231,f263
f731,fcc4
fd7f,07b6
0411,1250
09cf,1b3f
0e05,21c3
0fc5,25a0
0ec9,2639
0b73,235a
05ce,1d86
fe5f,1556
f5f4,0bfe
ed7b,02f3
e5b2,fb27
df2f,f578
daaa,f2be
d826,f345
d7a2,f6a6
d944,fc3d
dca0,0310
e174,09cb
e773,0f56
edc6,12c6
f43c,13a1
fa8d,11a5
000c,0cf9
049c,0689
07ef,ff27
09a8,f7e9
09a1,f1dd
0816,ed8d
0535,eba2
00bf,ec30
fb41,ee8f
f577,f252
efb7,f6c6
eabf,facf
e73f,fd82
e5ab,fe6b
e644,fd4b
e920,fa18
ee6e,f541
f575,ef64
fd3c,e948
051b,e390
0c40,deff
1235,dc66
161b,dbe5
1778,dd67
16bc,e0b3
13fa,e565
0fc0,eb22
0aca,f125
05d8,f6b1
01de,fbb7
ff08,ffcf
fd8b,0264
fd4d,03ae
fd88,03ea
fdd8,035e
fd76,0286
fba4,01a5
f847,013d
f363,01b4
ed36,02a7
e631,0431
df22,0669
d91e,08b9
d52c,0b03
d3f4,0d01
d5ca,0e4e
db0d,0eba
e366,0e58
ede5,0d84
f9d7,0c15
05d3,0a3c
1020,0854
1801,068e
1c92,055b
1ce0,047e
1953,03b1
1269,033f
0860,02e5
fcb7,0228
f0f0,00cc
e5c0,fec0
dc9d,fbee
d68c,f821
d351,f3c1
d30e,ef22
d55a,ea2d
d924,e53c
dd99,e0cf
e1b8,dd59
e4e8,db49
e6a7,daad
e687,dbae
e4dd,de60
e25e,e25e
dfe6,e78a
de2b,ed61
ddf4,f337
e011,f8eb
e4b8,fe2a
eb79,0292
f3d0,0607
fce1,0890
056a,0a61
0c93,0bc5
115c,0caf
1304,0d67
1183,0e0d
0d25,0e75
0689,0ead
fe6b,0e63
f5eb,0da6
ee08,0c5a
e7ca,09fc
e452,06c6
e3c8,02b5
e5dc,fdc9
ea2a,f8a9
f01e,f388
f701,eebf
fdd2,eaf3
03a0,e84c
07c2,e70e
09f4,e771
0a18,e938
0847,ec31
04fa,f031
008e,f4f1
fb80,f9d5
f65f,fe5c
f186,026c
ed8a,0597
eadb,0806
e95b,09f1
e8d4,0aa9
e94d,0a50
eacb,0967
ed1f,07d2
effb,05db
f317,0396
f65d,00da
f998,fe52
fc4d,fc0b
fe4c,f9df
ff6e,f887
ff4a,f814
fdbe,f888
faea,fa08
f6cb,fc5b
f193,ffa2
ebd3,0364
e633,0719
e14f,0a9f
dda9,0d4c
dba4,0ecf
db8b,0ede
dd9a,0d6d
e1ef,0b24
e7e8,0831
eeb0,0514
f624,0287
fd6a,010a
03b9,0152
091e,0359
0cfe,06db
0f1b,0bf9
0ff5,11c5
0fce,16fb
0ebd,1b24
0d46,1d9c
0b8a,1d99
09c4,1afc
08b4,15f8
07d9,0ea3
070b,059c
0665,fc30
0539,f33b
0395,eb61
018f,e5ad
feab,e2cd
faf8,e294
f6f7,e4c9
f2e5,e95b
ef22,ef82
ec7e,f661
eb49,fd7b
ebb7,040f
ee51,095d
f289,0d3b
f78d,0fdf
fd35,110c
02ae,1107
06e0,105f
095b,0f13
09b8,0dae
078d,0c5a
0347,0abe
fd93,090c
f71e,0716
f0ec,04d4
ec0b,027f
e9bc,ffa8
ea95,fc6e
eeb0,f93f
f617,f608
ffe4,f301
0aff,f06d
1624,ee4f
1fed,eccc
26e5,ebc8
2999,eb4a
27d9,eb61
21fd,ebbc
184d,ec55
0bb6,ed82
fdc4,ef8e
f039,f28c
e45f,f6ba
db16,fbe9
d549,01eb
d36a,08dc
d523,1035
d9ba,1751
e016,1d1a
e70a,20b6
edbc,21c6
f34e,1f54
f6dd,1952
f825,106c
f746,0544
f49a,f902
f0c1,ecc1
ec8c,e231
e8e4,dabd
e665,d6c9
e5a5,d6f4
e6bc,db2f
e970,e2b9
ede0,ec84
f391,f6de
f9c1,007f
ffe8,07f8
0586,0bc2
0a67,0b8d
0e92,0782
11cd,0046
1454,f6fb
16d0,ecf0
1922,e3fb
1bbe,dd86
1f20,da75
22cf,db89
2679,e0af
29a6,e984
2c21,f572
2d56,02b2
2c96,0fd1
29f1,1bbc
24fd,24db
1dd1,2aae
1517,2d1d
0af3,2c3e
0002,28bb
f542,2304
eb7b,1be2
e37e,1440
dd9d,0d0f
da1a,06e1
d99c,017f
dbf2,fd37
e016,fa3d
e595,f846
ec5c,f787
f37c,f813
f9cc,f9b6
ff12,fc56
0369,000f
0695,04cf
0881,0a13
0907,0f41
085f,13fb
06ed,17db
046c,1a64
0144,1b38
fe0a,1a24
fa81,17a6
f71c,143e
f457,1058
f23e,0cae
f0cc,0a02
effd,091b
f043,0a25
f17e,0cfb
f37c,1188
f675,1703
f9ed,1c08
fd66,1f90
00c8,20fd
03d5,1fb1
0630,1b67
0787,13f1
07a5,09a5
06ca,fdf5
059c,f234
0467,e769
03ae,df11
03fa,da2a
0524,d8ee
07bd,db58
0be4,e102
10d0,e92a
1643,f296
1ba5,fbda
201d,0400
2357,0a13
256a,0d35
2628,0d7a
255c,0b44
23a0,06e5
21c1,0118
200c,fb0a
1eed,f59a
1ecb,f12b
1fc0,ee63
2206,ed66
250a,ede7
2831,efa9
2b2e,f20a
2cb2,f43a
2c34,f5cd
2987,f6c2
240a,f67d
1c56,f48e
12d1,f1a2
07f8,ee36
fcfd,ea6c
f2fd,e6da
eb30,e45d
e5e7,e351
e3bc,e39c
e512,e557
e902,e84e
ef2a,ec25
f6b3,f093
fe1d,f508
0465,f922
08e5,fc98
0aed,ff40
0a42,0160
077a,0304
0314,0419
fde5,0530
f930,069d
f5c8,083e
f495,0a9a
f62f,0de5
f9dd,113d
ff4a,144a
0637,16f9
0d53,18b3
13be,18e6
18d4,1758
1bac,142f
1bec,0f3c
1993,0896
14f4,00e9
0f05,f8b1
0888,f094
0274,e92e
fdaa,e2df
fa76,de22
f9ad,db66
fb0d,da9c
fe42,db9d
0375,de34
0972,e20e
0f8b,e6e1
1567,ebe9
19ee,f110
1caa,f62b
1dc7,fa5c
1d18,fdc2
1a77,002b
168c,0129
11ab,00e8
0bf5,ff66
0643,fcf7
00d2,f9b1
fb63,f545
f636,f036
f165,eb06
ed1c,e610
e960,e1b3
e5dc,de32
e2c6,dbc3
e054,da83
de93,dad6
ddfd,dccb
dec7,e001
e0df,e40d
e46b,e88e
e93d,ed3e
ef36,f165
f620,f49b
fd37,f6a6
042c,f760
0ad1,f6fa
10c6,f5d0
1622,f45c
1ae6,f2a2
1ec2,f15e
21b1,f0f8
23ee,f0c8
258c,f124
2629,f1ef
254d,f21f
2308,f155
1edd,efab
1875,ecf6
105e,e8f4
06ac,e443
fc4a,df8a
f287,dadc
ea01,d74d
e3e8,d596
e13e,d5b8
e244,d86c
e717,ddb4
efb5,e503
fadd,ee0b
06df,f7fa
12cc,01e8
1ce2,0b35
2394,1328
2642,193d
2435,1d0d
1dca,1e8e
13cd,1e26
0717,1beb
f961,1802
ec74,12ba
e1ba,0ca8
da81,0623
d7e2,ff77
da21,f95a
e10b,f38b
ec14,ee64
f98e,eadb
080a,e850
164a,e71d
22d9,e814
2ccd,ea4d
333a,edb2
3615,f240
35ed,f71c
3329,fbaf
2e82,fef5
288b,00b3
21cb,00b0
1b10,fe59
1493,fa18
0e00,f419
0793,ece2
018a,e59c
fb77,df1b
f568,da5b
efa4,d826
e9ee,d8e3
e4a1,dce2
e07b,e3c9
ddab,ecb0
dc51,f6a1
dcb4,008f
ded6,0962
e295,0ff9
e7ae,13bb
eda9,146a
f451,1244
fb28,0e11
0190,087b
075b,027c
0c22,fd0f
0f67,f8fc
1136,f6b5
11ca,f61f
1109,f71f
0f17,f965
0c77,fc38
0998,fea3
06bd,fffb
045c,ffe9
02c9,fe1a
01bd,fad3
0115,f66e
00d7,f14e
00e8,ec43
0101,e7f6
00a4,e502
ff6e,e3e2
fd8c,e4e1
fb21,e814
f844,ed25
f5eb,f394
f455,fad8
f386,0230
f46b,0900
f711,0ebc
faef,12c6
0006,1572
0627,16ef
0c99,16d5
12e1,15bc
187f,1435
1cdd,1225
1fd0,101e
2148,0e92
2150,0cec
1fd8,0b58
1c85,0a46
179f,0921
116d,07ca
09d4,066e
0133,04e7
f7e9,0371
ee5f,0245
e590,0141
de32,0076
d897,007e
d579,0112
d582,01c7
d899,0346
deb0,0527
e7ac,06ef
f264,08e8
fde2,0aec
096c,0cf8
13ab,0f66
1b9f,1253
20c2,15b4
229d,19bc
2135,1e3a
1cd4,2298
15e5,267a
0d44,2984
0386,2af7
f9ef,29fb
f1a5,2686
eaea,20f8
e669,194e
e464,0fe8
e4ea,05f6
e7b2,fcb6
ec39,f50c
f246,efb3
f966,ed60
010b,ee7a
0868,f2ac
0f28,f944
153c,01be
1a2c,0b0a
1de8,1399
201a,1a15
20a0,1db8
1f86,1e4a
1c7c,1b7a
17dc,154e
11e3,0ca1
0ab1,0269
0325,f7cb
fbe7,ee14
f504,e613
ef47,e03c
eb92,dd19
e9ac,dc9d
e984,de12
eaef,e189
ed3d,e679
f00f,eb81
f323,f0ac
f5d7,f5da
f7ad,fa3d
f886,fdd9
f875,00ff
f7f5,03c5
f757,0675
f6d0,0917
f6b8,0b6e
f71d,0dec
f81b,1069
f96f,126a
fa92,1429
fb28,15aa
faaa,16cb
f8e8,1788
f5dc,17ed
f16c,17ba
ebbb,170c
e535,163f
def4,14ed
d9cb,1348
d63f,1184
d536,0f51
d6ef,0d49
dbe3,0b2b
e3c9,085d
ed5e,057e
f85d,0264
03c7,fede
0e18,fb90
1674,f850
1c1b,f4f7
1e84,f220
1d99,f00a
19c8,eea6
139c,ee3e
0c14,ef03
0468,f0c2
fd73,f3ab
f849,f7b8
f585,fc5f
f518,01a7
f6e4,0776
fa5b,0d2f
fea0,1235
02d3,1622
05fc,18d5
0780,19e5
0731,18db
04a3,15ea
002c,1190
fab8,0c1e
f49a,05be
eeb5,fef8
e9f6,f87c
e690,f24d
e507,ecba
e5c0,e840
e852,e4cf
ebf7,e287
f07b,e197
f58a,e20d
fa04,e3a6
fd98,e61d
002a,e9bd
0176,ee1e
01bc,f2ac
00ee,f7ae
ff4a,fd16
fd48,023b
fb09,0720
f907,0bf7
f75d,1032
f5e2,13d5
f4c0,1714
f3e7,19a8
f31b,1bac
f25a,1d5a
f1ca,1ea4
f136,1fdb
f085,2137
efd3,2255
ef39,234d
eef2,2414
ef0f,2454
f042,2476
f2b6,2424
f5c4,22d9
f9cd,210f
fec5,1ea1
0420,1b86
09bf,1811
0f16,143b
138f,1042
16f1,0c5e
1928,08ac
1a0a,0515
196c,01e4
174f,ff4c
1422,fcdb
106b,fae2
0c38,f9ac
0805,f92e
0497,f99b
0203,fa9f
0034,fbff
ff5e,fdd5
ff10,ffa1
ff0e,00ef
ff42,017a
feea,00c5
fe32,fe85
fd12,facd
fb38,f5d3
f8dc,f01e
f62a,ea2b
f3c6,e47b
f20a,dfd8
f102,dca9
f116,db86
f269,dc75
f4e4,dec8
f84e,e272
fc2c,e745
000d,ecbc
033f,f238
0580,f719
06eb,fafe
06d1,fd81
04f3,fe7c
01d3,fe27
fd7c,fca1
f840,fa4f
f2e7,f7ab
eda3,f4a1
e8f9,f181
e567,eedb
e277,eca5
e064,eae8
df7a,ea2a
df1b,eabd
df15,eca5
df62,efde
df7e,f455
df67,fa01
df57,00a3
df1a,07d7
df0c,0ee7
df92,152b
e068,19e7
e1b8,1c37
e3d5,1bd5
e684,1893
e98d,12b1
ece2,0a86
f00b,00a7
f293,f69b
f45b,ed75
f51d,e64c
f494,e257
f2ce,e1ca
f033,e50e
ecf7,ebe1
e954,f4f9
e59e,ff40
e220,096e
df4a,126a
dd1f,1910
dbbd,1cb9
db51,1d68
dbbf,1b77
dd6e,17e2
e046,1343
e3c9,0e98
e828,0b2e
ed4a,098e
f2bc,0a31
f8b5,0cf5
ff2a,1178
0557,1732
0af5,1cd6
0fe7,219d
13db,2504
16c3,265c
1824,258b
1826,2272
177a,1d21
15e4,1614
139c,0dc9
113c,0517
0f2a,fc85
0e0f,f480
0df5,edac
0ee5,e860
10ed,e4e5
1374,e35a
1636,e3b9
18b3,e5f9
1a64,ea05
1b42,efae
1ac0,f6b8
18d0,fed4
160f,071e
12da,0f0b
0f78,1660
0c7c,1c5a
0a9b,209e
09c2,22a9
0a0d,2237
0c1b,1fd0
0f79,1b1d
1366,142e
1754,0bcf
1ab7,023d
1d05,f836
1d85,ee46
1bf5,e4e6
18ab,dd03
13ce,d694
0d8b,d240
0692,d080
ff7a,d0cb
f8db,d3a3
f358,d8d9
ef0c,dfd8
ec01,e85e
ea7b,f197
ea52,fb1a
eb26,0454
ecd2,0c7b
eeda,12e9
f101,172f
f324,196e
f4cb,1953
f626,16fb
f76f,12dd
f8ea,0d52
fafa,075f
fd9b,0178
010a,fc27
0587,f837
0a8e,f5a7
0fb8,f4a1
1536,f51a
1aa5,f698
1f0c,f8bd
2219,fb35
23e7,fdac
2424,ffd4
22ae,0152
1fed,0245
1c3a,0300
17f5,0373
13ad,03c1
0ff7,042e
0d41,04cc
0b84,05a2
0a6c,06a8
09fd,07e2
0a1a,08f7
0a39,09b5
09da,0a97
08b6,0b9b
06ca,0cb7
03f8,0e1d
0025,0f95
fb81,1161
f678,1339
f172,1441
ecd4,147c
e924,13bb
e695,1182
e555,0dc7
e5ba,08ac
e784,02b8
ea4f,fc58
ede2,f622
f1fc,f134
f669,ee0d
fac6,ed0c
febc,ee86
021a,f266
049d,f861
0628,ff5f
06eb,0672
071b,0ccd
0658,1141
04a3,1360
0289,12c4
ffb7,0f16
fc04,08b4
f828,0074
f485,f76f
f0f4,eec6
eda3,e781
eb0d,e23f
e922,dfd2
e7cb,e096
e71c,e406
e71a,e97c
e81d,effe
e9d5,f688
ec14,fc19
ef0c,ff87
f257,0070
f5c8,ff08
f8fb,fb97
fbae,f6c3
fdc8,f194
fedb,ed25
ff19,ea92
fe34,ea7e
fc07,ece0
f953,f1b6
f661,f899
f35c,004b
f0ae,07e4
eedf,0e47
ee0b,122f
ee4b,1369
f001,116b
f2f8,0c36
f6f4,048b
fb92,faf5
0040,f0e3
0479,e7a3
07aa,e00e
0989,db2d
0984,d9aa
07af,db76
0483,e047
ffeb,e7b7
fa97,f0f3
f563,faf4
f0dc,04d4
edd1,0d79
ec82,141a
ecfa,1906
ef44,1c3f
f2e5,1d73
f790,1d1d
fcb8,1bce
0168,19e0
0525,17a0
07ef,1539
09ec,12e1
0b54,10bc
0c64,0e7b
0d58,0bbb
0e9f,0887
10a6,04d4
13cb,006a
1803,fb86
1cc8,f682
21b0,f181
264e,ecd6
29fa,e8b7
2bca,e53e
2b70,e2a4
28e6,e0c1
23ce,dfac
1c5d,dfab
12d3,e0a3
07d6,e2bd
fc64,e5ee
f11d,e9ef
e712,eef4
decd,f498
d8d4,fa81
d5c1,011a
d51f,07d0
d6ee,0e25
db25,13d0
e0f0,17e2
e7bc,1a1d
eee6,1a8f
f5fc,18f2
fcbc,1539
02d0,0fda
0827,0959
0c88,024b
1017,fba7
1351,f5ed
1618,f1bc
1826,efcb
1989,efa9
1a0e,f10b
196f,f40f
17a3,f83a
1481,fce4
0fd2,0178
099e,055e
0243,086f
fa41,0aaa
f202,0c0d
ea35,0d09
e3aa,0ddc
dec4,0ee5
dbbd,106d
db04,1292
dca4,158b
e018,1906
e503,1cf7
eb71,2106
f301,2440
fad4,266c
0285,2734
09cb,2618
0fdb,22ef
145d,1dda
175a,1753
1867,0f4b
1769,0648
1469,fd10
0fbc,f3cd
0a1c,eb36
0379,e3ae
fc3b,dd2f
f537,d817
eea4,d496
e905,d2c9
e4a9,d2e3
e1b1,d500
e038,d910
e071,debf
e29e,e5d7
e655,ee3b
eb9d,f74f
f269,0065
f9d1,093e
0184,1145
094d,17ef
1059,1d1b
163b,2041
1ad3,21a9
1dc4,21ff
1eee,20d7
1e72,1eb0
1c5a,1c6f
18a9,197a
13c7,166a
0e38,1423
082f,11b6
01df,0f5f
fb86,0dbc
f572,0bf3
efd9,0960
eae1,06a1
e6dc,03b4
e399,ff6c
e12c,fa4a
dffd,f519
dfa1,efba
e077,eae4
e2aa,e6f7
e578,e418
e965,e2d3
ee74,e330
f395,e523
f8e2,e860
fe4b,ec1a
02d1,efd0
062d,f327
083b,f566
0897,f649
07a2,f655
05d6,f5e1
0347,f535
0099,f4f2
feaa,f5ef
fde4,f8ba
fea9,fd45
015e,03ae
0611,0bea
0be7,1505
121c,1dff
1835,25d4
1c9f,2b5b
1e7c,2d9f
1dab,2be3
198d,25fc
1213,1be8
07d5,0e9d
fbf4,ffea
f02c,f11c
e5ee,e41b
de45,dab6
da89,d5e5
db57,d64d
e059,dbc4
e91c,e5a6
f4b3,f299
01c3,010a
0e70,0faa
197f,1cad
21ec,26ac
2681,2cd2
2778,2f27
252e,2e47
1fe1,2a7b
1897,24f8
1055,1ef9
0865,1977
01ee,155d
fd54,1315
fad0,12f9
fa42,14b6
fb3d,17d3
fd75,1bcd
003c,1f81
02b8,2251
0484,242b
055c,246a
050f,22cf
03d1,1fb8
01ac,1b0c
fedf,14fe
fba5,0e27
f7ee,067d
f44e,fe23
f0d2,f5be
ecdf,ed99
e8d8,e601
e53f,df83
e1df,da85
df02,d78b
dd4e,d71e
dcda,d91a
ddeb,dd58
e0ae,e40f
e4a0,ecaa
e95f,f65b
ee5c,0065
f27c,09af
f515,1161
f575,172f
f34c,1a9b
ef19,1afb
e93d,18aa
e284,1447
dc33,0e4e
d791,0788
d5a5,008d
d6f0,fa05
dc02,f4db
e49a,f133
ef62,eeff
fb6d,eebe
0760,f06e
11b5,f393
1953,f797
1cdc,fc63
1c29,019b
17a9,0666
0f49,0ac5
0454,0eca
f85d,1270
ec7c,15d5
e258,18df
daf8,1b75
d6d9,1d9d
d68a,1f44
d9e5,200b
e03e,1f9a
e919,1dd7
f3bb,1a55
ff0a,14dc
0a4b,0dba
14d4,051e
1e16,fbd8
25d7,f296
2b9b,e9bd
2edf,e255
2f7b,dd16
2d66,da54
28aa,dabc
2182,deaa
1861,e54c
0da1,ede7
0233,f809
f74b,0283
ed93,0c21
e64c,13b8
e270,1889
e21c,1a9f
e59f,19a3
ec5a,1581
f525,0f2d
ff07,077a
085c,ff3a
0fdf,f76e
14b2,f13a
1600,ed71
13ad,ebf5
0e04,ecd7
05dd,f006
fccd,f4b6
f452,fa21
edb4,ffa6
ea2f,04a0
ea53,086f
ee63,0a84
f5f5,0ae2
ff78,0a02
09ae,07c9
1341,04a5
1a8a,00f9
1ecb,fce4
1f60,f8fc
1bdd,f535
14e5,f1a9
0b7f,eea5
00d7,ec20
f644,ea09
ed0d,e861
e63f,e743
e25b,e6b1
e138,e6a4
e295,e717
e5ed,e825
ea61,e9aa
ef16,eb49
f317,ed14
f5bf,ef36
f6ca,f14f
f5fe,f324
f3b0,f4c3
f088,f630
ecd1,f784
e921,f8a2
e67c,f97d
e511,f9f5
e4f7,fa2a
e684,fa7e
e95e,faf0
ed46,fb93
f1b2,fc9a
f5ec,fe22
f99e,001c
fc40,02b5
fdc4,05e9
fe1d,0950
fcfd,0cd6
facd,1024
f7fc,1302
f4c4,155a
f199,16bd
eecf,1757
ecc8,1729
eb61,15ea
ea3a,13ea
e99c,1122
e9a6,0e07
e9ea,0ada
e9f7,0759
e9db,0495
e9c0,02a1
e98c,0132
e95b,00e5
e9ac,0155
eac1,02a6
eca0,050c
efc1,07e2
f453,0b49
fa2b,0f66
014a,13cc
0914,1839
10dc,1c36
183b,1f34
1e53,20d7
225d,20d9
240e,1f07
2338,1af2
1fec,14c5
1aad,0d11
13f7,0433
0c68,fad7
0513,f1f7
fecf,eaa0
fa6c,e50f
f85b,e19c
f84d,e0ea
fa30,e260
fdaa,e512
01c2,e86e
057d,ebbc
088c,ede4
0a4a,edf2
09c6,ebf2
078b,e828
03fd,e2dc
ff20,dd04
f9d6,d7bd
f52a,d42b
f1c5,d347
efd6,d566
f000,dad2
f2c1,e376
f79f,ee7d
fde6,fb0b
0519,07a6
0c68,1271
12d2,1a60
1816,1ec4
1b9c,1eee
1cf8,1ac3
1c4a,12d6
1974,0827
1542,fbeb
107d,efca
0b50,e51e
0667,dc91
024c,d734
fedc,d543
fc18,d646
fa34,da56
f8d2,e0e1
f7a6,e8e5
f699,f199
f535,fa04
f356,016c
f137,07f0
ef38,0d7c
ed9a,11c8
eccf,1561
ed60,1849
ef78,1ab8
f399,1dac
f95e,20bc
ffd3,2386
06ce,263b
0db7,2859
13a4,29a0
17d5,29bd
19de,285e
199d,2604
167e,22ed
10e2,1f1b
09ab,1b04
00b9,16b8
f6da,12a1
ed6e,0f68
e515,0cee
de4c,0b85
d9a8,0b7a
d780,0c0d
d7bf,0d09
da54,0eff
df2a,1175
e5d5,13bc
edb5,161d
f63b,1815
febc,1915
06ae,19a8
0dc1,1998
1390,1854
17b2,15f0
19fe,1280
1aa9,0e45
1981,093a
1658,0341
118a,fd0b
0b59,f6c4
03fa,f057
fbba,ea66
f333,e4fc
eaf6,e033
e37a,dca0
dd28,da3e
d849,d8b2
d554,d865
d417,d989
d486,db8e
d6c1,de6f
da41,e1ba
dea6,e532
e377,e901
e83d,ec62
ed01,ef13
f171,f15d
f56c,f36c
f963,f545
fd3c,f6df
010c,f89a
04c5,fa9f
082f,fc9f
0b67,fe82
0dce,0047
0f03,0173
0edd,01ab
0cf6,00ff
09ae,ff2b
0518,fbfb
ff2c,f7ee
f8f0,f387
f2fc,ef53
ed80,ebf3
e94e,e9e6
e6d9,e9d9
e628,ebe9
e77c,efd4
eadd,f58d
efdd,fca6
f5ed,046f
fc8f,0c16
02ea,12be
0899,17ea
0d19,1b06
0f61,1b91
100d,19ff
0f0b,1691
0bc7,1172
0739,0b52
0172,04dc
fad3,fed7
f42d,f9f1
ed96,f696
e7d3,f4f8
e325,f563
df5f,f799
dd06,fb27
dbf5,ffd4
dbde,04dd
dcfe,0a9e
df34,10ac
e228,15c6
e5c7,1a63
ea12,1e1a
eeaf,20bb
f3a9,228f
f92f,2311
fecd,22a5
0477,215f
09e5,1f0a
0ebc,1be5
12f8,180a
1666,13ed
18d2,0fae
19ea,0b68
1a02,07a7
1911,048d
171d,023b
14e9,0104
1243,00e2
0f99,019a
0d9b,02ed
0c29,0491
0bbf,0623
0c87,0753
0e0a,0803
102b,07d2
12b6,06c1
14da,04fc
15fc,0248
15d5,ff42
13ce,fc40
0fb0,f8d1
09d2,f544
0267,f1cc
fa0b,ee1c
f199,ea5a
e998,e698
e308,e2c1
ded8,df09
dcec,db81
dd24,d84d
dfab,d59b
e3d1,d3e1
e8b5,d338
edc4,d3b5
f1fe,d5e3
f500,d9b2
f6e1,df27
f73d,e587
f617,ec63
f3f9,f3f7
f186,fb74
ef65,025b
edf7,083f
ed97,0cd7
eec3,1015
f15d,116d
f51d,10d1
f9f7,0ebf
ff7f,0b6d
0538,0728
0a79,026c
0ef3,fd6c
129c,f8bc
14cf,f4ab
155f,f0ff
149a,ee37
129b,ec54
0f95,eaeb
0ba7,ea05
0727,e931
02b5,e878
fdf6,e82d
f8b1,e830
f380,e868
eeab,e8cd
ea10,e9c8
e5a3,eb50
e1db,ed12
debe,ef10
dc1d,f18a
da91,f46f
da4f,f70a
daf0,f93a
dc9a,fabe
df9a,fb6d
e39c,fb8a
e8b2,fab9
eecc,f93c
f51b,f780
fb69,f569
0150,f347
05b6,f19c
0860,f059
091c,f008
076a,f11c
03cb,f2ea
fed5,f5bb
f8ae,f9b6
f225,fe14
ec49,02c4
e776,07b1
e446,0c0e
e315,0fb7
e38c,12ff
e5b8,15b7
e920,17fb
ece0,19f0
f049,1bc4
f296,1d91
f31b,1f08
f1a9,208f
eec4,226e
ea6d,23e6
e4ec,24ca
dfa4,2578
db55,253d
d8ad,23ec
d88f,220d
dadd,1ed1
dfac,1a4a
e72d,1544
f078,0f67
fa9e,08f2
04e2,0242
0e90,fb7e
175a,f5a4
1ea0,f0c3
2420,ecb5
27ea,ea26
29be,e8c1
29f2,e895
28d3,e9f2
267d,ec9a
2359,f0ac
1fc0,f5cd
1bcc,fbc5
17d4,0288
1455,0986
1146,1084
0ef2,1707
0d93,1c87
0cc7,2153
0c96,24fd
0d14,26bf
0e1e,26dc
0f5a,256c
1044,223f
108f,1db3
102e,181e
0f02,11a9
0cb5,0ad4
0950,03c0
04db,fc82
ff61,f5d8
f90d,efc5
f228,e9e4
eb21,e4c0
e437,e012
de03,db89
d8c9,d7e8
d4bc,d4bd
d28b,d20d
d1fa,d0fc
d339,d160
d6d5,d33e
dbc9,d72b
e237,dcb0
ea77,e360
f35d,eadd
fcab,f229
05eb,f8a5
0e38,fd9c
14e7,004d
197b,00a5
1bc4,fe5e
1b0c,f9b2
1774,f393
11f3,eca0
0af3,e5c8
0307,dffc
fb1c,dbda
f402,da25
ee28,db51
e9e1,deeb
e750,e468
e60d,ebc5
e5e1,f43b
e6a0,fcd6
e7a8,0505
e8c3,0bf2
e9b9,1109
ea35,13f1
eab1,147d
eb56,12d8
ec59,0f86
ee6d,0ac1
f1de,04b6
f67f,fdf2
fc42,f6d1
0363,f00c
0b51,ea6f
134b,e5b5
1aa1,e1f3
2078,dfd6
247e,df1f
2616,df9d
24f5,e172
219c,e4c8
1c58,e98d
1566,ef08
0d3d,f4a6
048e,fa1b
fbe9,feee
f3ad,02aa
ec56,04f1
e632,059e
e16a,04c2
de17,0273
dc52,ff03
dc13,fab0
dcd5,f5fc
de88,f16f
e175,ed2d
e525,e9db
e92c,e7c8
edd8,e6f5
f2fc,e777
f81b,e902
fd60,ebbe
029f,efa6
078e,f44f
0c5a,f9c6
10db,ffeb
14c6,061d
181a,0c35
1ae5,11e6
1d35,168e
1f34,1a76
20ec,1d03
2243,1d93
2333,1d07
23d0,1b47
240b,1859
23b6,1514
22f6,11d5
21e2,0ef6
2086,0ca1
1e9b,0b72
1c0c,0b9f
1985,0c59
16d3,0d56
13e0,0dce
1175,0d4b
0f49,0b99
0d42,0804
0bca,0319
0a70,fd5c
091c,f709
0836,f14b
0771,ed0d
068b,ead0
05e7,eb49
0554,eea2
048d,f487
03e4,fca5
02f6,05c0
0174,0e7a
ffc3,1607
fd9c,1b39
faf9,1d43
f82c,1bd7
f4de,16fd
f171,0fa5
ee1f,06d4
ea87,fd6e
e71a,f4e1
e3e2,ee8b
e0fe,eb06
deb0,eab7
dc99,edd6
db11,f43a
da5b,fd01
da9f,0706
dc24,1179
dea2,1ae3
e246,21ff
e6d0,26a6
eb8c,2873
f064,2763
f4cd,241a
f84c,1ef6
fae5,18d1
fc34,12bb
fc0b,0d45
fa81,08c1
f786,0574
f393,0372
ef0a,0288
ea14,027e
e55b,02ec
e131,0393
de0e,0452
dc74,04ff
dbf9,0594
dc8d,05f7
de9b,065e
e1ce,0702
e593,07ef
e9d6,0957
ee34,0b4c
f269,0dcd
f68a,1091
f9dd,13a4
fc23,1700
fdbe,1a1b
fe00,1d19
fce7,1fb1
fafe,21b9
f78b,236b
f347,242f
ef2c,2423
ea75,2396
e5c8,2298
e1c8,2144
de2f,1f96
dbfb,1e11
db47,1cc5
dba2,1b62
dd76,19fb
e094,184a
e45f,161c
e855,134b
ec60,0f56
f06a,0a25
f3e2,03f6
f68a,fcd2
f8b2,f534
fa2e,ee0a
fafe,e7ef
fba9,e3a0
fc15,e1e9
fc59,e288
fc93,e590
fd1d,eb7b
fe63,f34f
0003,fbf6
020c,04bc
04ba,0c70
07e3,11cb
0b46,143f
0ee9,136e
12d0,0f25
1687,0804
19e8,fecb
1c86,f49a
1ddd,eac0
1e17,e25a
1d01,dc71
1a45,d99c
164b,da10
1177,ddad
0bd3,e3fc
0602,ec3d
00cd,f568
fc7f,fe63
f963,061e
f7bc,0bf6
f801,0fe9
fa46,1201
fdc3,12a4
01e5,129a
064a,1264
0a6f,1297
0e10,13f3
10ba,1688
1210,1a1e
1217,1e69
10f8,22a0
0f1e,2636
0cf7,28a3
0afd,292a
09a3,275e
0912,235f
0934,1d77
0a24,1605
0ba8,0dce
0d1d,0576
0df8,fd88
0dab,f6c7
0be2,f1bd
0886,ee8c
03ca,ed89
fe57,eee1
f8f2,f220
f433,f720
f117,fd90
f097,049d
f2b9,0be2
f76c,12e5
fe94,1959
0756,1f2a
10e9,238f
1a12,263f
210b,277f
2574,2706
26ac,24fb
237f,21c4
1c81,1d40
1252,1798
05bd,1161
f866,0b25
ebc3,0520
e162,ff67
da71,fac1
d7bd,f7b1
d962,f594
dec3,f47c
e76a,f4ee
f22e,f6d6
fd77,fa0f
07ed,fe32
1083,0319
1665,08de
194d,0ebe
19bc,1409
1831,18e1
15b3,1d1a
12ec,205f
1084,2291
1044,2385
1228,2337
1537,21b7
1972,1f4c
1e48,1bfd
22ec,17aa
265a,12d0
2794,0dfb
266c,092c
22b2,04a0
1c7f,0099
14a3,fcc5
0bcf,f948
026a,f651
f950,f3dd
f15f,f1d1
eaca,efbd
e5ea,ee07
e310,eca0
e217,ead8
e2e4,e910
e5d4,e78b
ea96,e5dc
f090,e3d1
f7e6,e198
0001,df2e
0871,dc9d
1104,da0e
18a2,d7b7
1e41,d5ff
2191,d562
2254,d669
1fbf,d91b
19cf,dd99
113f,e408
0672,ebf9
fa99,f4ad
ef48,fcc2
e561,037e
de04,0814
da35,0958
da4a,0750
de36,0218
e5af,fa08
efdb,f066
fb97,e6f0
07c4,deee
12a1,d97b
1b47,d80e
214c,daf2
23a6,e1c0
22d0,ebfe
1fbf,f894
1a98,059f
14a5,114b
0f4b,1a6c
0a9f,1f7d
072e,1fc2
05db,1bac
067a,13d7
0871,091c
0b49,fcfa
0e76,f1a7
1133,e8a8
1321,e310
1463,e1f0
1482,e584
139e,ed20
127c,f7b9
1134,0450
1054,1108
1074,1c35
11a4,2545
13f8,2b65
16f2,2e12
1a75,2d87
1e3e,2a48
2148,24fd
2353,1e47
2472,171c
2461,101a
22c9,09c3
1fed,04e0
1c64,019c
1870,ff9a
1463,fe82
10e2,fe42
0e6e,fe86
0cd9,fed5
0cb5,fee6
0e22,fee7
1021,febe
12f5,fe14
1631,fd28
18cc,fc19
1aa1,fb06
1b0a,fa1d
19a4,f976
16b7,f8d7
126d,f7fa
0cff,f6fb
06f1,f579
0092,f333
fa4b,f02e
f4b6,ec10
efd8,e739
ebbc,e24d
e869,ddb9
e5c3,d9e9
e3d3,d742
e23b,d6f9
e0b3,d95c
df96,de2d
defe,e608
de8d,f052
de75,fb9f
df05,0758
e018,12b4
e1a0,1c23
e396,2267
e614,24d8
e8b5,2344
eb10,1dae
ed79,1487
eff5,0949
f2de,fd05
f6a7,f0b0
fb4d,e635
0118,de4b
07e1,d943
0f47,d80c
16e0,da22
1e04,debb
23e9,e53e
27bc,ecd1
292f,f4dd
27bc,fc1d
2314,01fe
1b78,0696
115f,0962
0605,0a99
faa0,0a91
f079,0946
e8af,0731
e3f1,047d
e2e8,0135
e575,fe0a
eb21,fb3f
f31b,f8c6
fc38,f70d
054e,f66d
0cd2,f711
11b9,f907
1395,fc8a
1249,01bc
0e17,082a
0761,0f21
feed,160e
f5b4,1c2d
eccb,2091
e507,22e8
deb6,229b
dabb,1f91
d91e,1a37
d92c,12e4
dac9,0abb
dd07,0280
df4f,fb4b
e195,f614
e352,f33c
e45a,f3af
e4aa,f6dc
e488,fbaf
e4a9,01f9
e590,0878
e76d,0e02
ea84,123e
ef15,1457
f4b7,13fd
fad3,116b
0110,0d22
070d,0867
0c20,03ef
0fa7,0070
1186,ff41
1196,005d
103e,0372
0e12,0875
0b3a,0e54
088a,13d7
06e7,1806
06d2,19bb
089c,1817
0c47,1329
11a4,0b67
180f,0145
1eb3,f5f5
2492,eb38
28b3,e275
2a8f,dc6d
2956,d9e2
247c,db9f
1cfc,e142
1370,e9de
07ba,f4b3
fb3f,004a
ef8a,0ae3
e508,138b
dcb5,18fd
d742,1a33
d4ae,17dc
d4e5,1245
d723,097d
dad6,fed9
df94,f37e
e497,e845
e95f,de48
ed77,d6a0
f0dd,d197
f38e,ceb5
f53b,ceb1
f631,d178
f67c,d5f1
f5eb,dc54
f4a1,e3f0
f2bc,ebfa
f09d,f48f
ee68,fce6
ec95,04a6
ebda,0bb5
ec66,118c
eecd,15aa
f33c,17f2
f9aa,18ab
0203,176e
0b14,1473
1466,1040
1d64,0b26
242e,0616
27dc,0162
283b,fd5e
2504,fac0
1ded,f9b7
1394,fa73
079a,fcde
fb50,0072
f018,048e
e75c,08cb
e255,0d00
e19c,104d
e532,123e
ecbd,1300
f6ff,1246
02d7,1048
0f05,0d8f
19d4,0a64
2295,0701
2896,03c5
2b21,0120
2ad4,ff36
27d7,fe21
2283,fd97
1c42,fd49
159a,fd64
0f03,fdcd
096b,fe49
050b,feef
01fa,ff9c
0073,0088
0020,020f
008e,040c
01c1,069c
03b9,0a05
05fc,0e31
0853,128f
0ab1,16a7
0cea,1a18
0ed6,1c25
0ff8,1c65
1018,1a81
0f57,15ff
0d59,0f0b
09e5,0615
0567,fbdb
001b,f17e
fa64,e7e1
f4a3,e00d
ef5b,dacd
eaf6,d8ca
e756,da59
e53e,dedd
e4fe,e5f0
e5de,eeca
e7b4,f859
ea62,01af
ed6e,095e
f05b,0ec3
f303,1193
f502,112f
f5d9,0dc7
f605,0814
f5a3,00c7
f4b2,f89a
f3cc,f02c
f2af,e88b
f148,e284
f076,de12
f065,db8d
f070,db20
f0b0,dcac
f16e,e037
f265,e593
f36d,ec6f
f44f,f45a
f4f7,fd0d
f5a3,0615
f68f,0ec9
f7a6,16ac
f93a,1d4f
fba3,2204
fe70,244f
01e1,243a
05ce,2193
096a,1c6a
0ca5,157f
0f02,0d97
0fb1,058c
0e7c,fe81
0b41,f93e
05f0,f625
ff01,f598
f740,f762
ef86,fadb
e8b1,ff23
e3ac,0328
e148,0643
e1fe,07c3
e5e4,072b
ecf4,047e
f696,ffe8
01b3,f9fe
0d4a,f3b7
17de,edda
202f,e94b
25cf,e6e2
2827,e68e
26f5,e87d
22bf,ec8c
1bc6,f1cd
12f5,f7b0
099c,fd67
00a5,0244
f973,05a3
f497,06f5
f22b,0667
f253,044d
f49d,00b8
f891,fbb7
fd85,f61d
02c8,f057
0796,ea7c
0bac,e560
0f0a,e0df
116a,dcda
1320,da24
1498,d8bd
15ea,d897
1723,d9ee
1833,dc9e
190e,e0c7
19e7,e622
1a75,ec44
1a16,f314
18ec,f9b9
16e8,ffa4
13d3,045e
0fea,075b
0b40,08ad
062a,07ec
00e2,0545
fb64,0181
f5b9,fd19
efbb,f8e8
e9b4,f5c6
e3c1,f44f
dde3,f4ff
d847,f7d8
d312,fc81
cef0,023f
ccb2,0811
cd02,0d49
cff5,10d3
d57a,1206
ddf1,10eb
e8e4,0cfb
f577,06a1
02ce,fec0
0f90,f643
1a6e,eead
2270,e8c3
2740,e53b
2876,e4aa
2596,e6e7
1f46,ebd9
16cc,f2d1
0d27,fa7b
03b2,0181
fbde,06e0
f67d,09ba
f444,0976
f552,067b
f964,00e1
ffbf,f8fe
0719,f030
0e46,e7a9
13e2,e055
172d,db19
1798,d8bd
147f,d93b
0e56,dc30
0634,e12f
fd65,e728
f522,ed24
eec0,f228
eb2c,f558
eae9,f65a
ee33,f50b
f440,f1cf
fbea,ed6b
03a2,e8a6
0a07,e475
0e15,e1f1
0e99,e1cd
0b94,e433
0569,e90a
fc79,efe8
f21b,f80c
e7b1,0076
de8e,07e4
d85c,0d61
d641,1057
d844,1086
ddd3,0ded
e66f,08c4
f13c,01d3
fcb4,f9fa
074e,f254
0f93,ebdc
147d,e71f
1598,e4b4
12f7,e469
0cf8,e5d5
042b,e8f2
f9eb,ed16
ef69,f155
e5a4,f54e
ddd6,f8b0
d859,fadd
d55d,fc1c
d4f9,fc99
d663,fbc2
d979,fa08
ddf8,f7b9
e2e5,f4eb
e800,f227
ece2,ef57
f0f4,ecab
f403,eadf
f61a,ea6b
f72c,eb06
f6e4,eca6
f57a,f029
f31b,f54f
efc6,fb97
ebb5,0342
e737,0b94
e2d9,1391
def8,1ab7
dc05,2022
da64,231b
da25,2325
dbe9,1ffa
dfba,1a0e
e4a5,1196
ea7f,072e
f0bf,fc0c
f67e,f0e8
fb52,e6f5
febd,df2d
0054,d9ad
ff72,d6f6
fc5b,d73f
f7b1,da1b
f1b3,df26
eb23,e5b7
e48c,ed57
de50,f57e
d92d,fd59
d5c0,04be
d3f7,0b4c
d3c1,10b0
d50e,14cb
d749,174d
da33,1838
dd47,1775
e041,1580
e3a7,12aa
e707,0ef3
ea29,0b16
ed80,076e
f0d1,046f
f41a,02d2
f779,02c1
fab6,043f
fdb7,0766
002f,0c13
01be,1186
0254,170c
019b,1c4c
ff7d,207c
fc5b,22dc
f81c,234a
f318,2164
eddf,1d1a
e8ca,170a
e426,0fcf
e020,081e
ddb3,007b
dd47,f9a5
de84,f445
e1a9,f080
e690,ee4f
ecf9,ed9c
f49a,ee59
fca9,eff1
04d6,f1af
0c99,f37c
1363,f558
1957,f706
1e1c,f867
2196,f98c
23ee,fa72
24ce,fb31
245a,fc05
22fc,fc96
20bd,fc89
1da2,fc46
19a8,fba8
14e4,fa67
0f9e,f8c4
09f4,f697
0407,f42a
fe25,f1a9
f884,eee5
f35e,eca6
ef0f,eab4
eb9b,e906
e8fa,e840
e6c2,e7c5
e49e,e76e
e304,e78b
e1ad,e7b8
e032,e7bc
df0b,e801
de78,e8c9
de85,ea42
dff3,eca4
e364,f00d
e8f0,f4c2
f09a,fabd
fa19,01bb
050c,0953
1073,10c2
1a85,1763
2218,1c69
26b7,1f0d
277e,1f34
240d,1c9c
1ce5,178d
12a3,10d5
0667,090d
f9f9,014c
ef18,facc
e6ee,f660
e25c,f48e
e20b,f5c2
e5df,f9f5
ed60,007a
f7b2,0866
030a,10a0
0dd5,1803
169e,1d31
1bcf,1f29
1cd4,1dfd
19df,198d
130f,1250
08d5,096e
fcc5,ffbc
f09d,f6d2
e5b5,efc9
dd08,eb49
d76f,ea24
d563,ec4c
d6cb,f191
db71,f918
e23a,01b7
e9dd,0a79
f1ec,126a
f9dc,1935
008a,1de7
05cc,2036
0a31,20c0
0d37,1f3a
0f2f,1c32
1102,1869
1273,1424
1428,101a
1687,0c9d
18e0,09b1
1b22,0756
1d14,05cd
1ee1,0524
2095,0510
2182,05a6
21f5,06c8
220b,082b
21b5,09d0
2135,0bda
205d,0dfe
1f2b,0fc4
1d98,110d
1b96,11a9
1914,1140
15f9,0fc6
127f,0d1e
0ec7,0928
0ae3,0485
070a,ff80
0378,fa2d
004b,f52c
fd7d,f102
faef,edf2
f8e4,ec07
f7ab,eb89
f6b2,ec3e
f5d4,ed62
f51d,ef02
f42f,f0c9
f30a,f232
f186,f337
efc7,f394
edc2,f341
eb46,f2c0
e8b0,f276
e5f3,f278
e31e,f329
e076,f501
de01,f7ea
dbac,fb99
d9b6,ffdd
d8c1,0453
d8fb,08a2
da68,0c69
dd33,0ed3
e1e7,0fc4
e8d0,0f61
f0c0,0d6a
f968,0a32
02d1,066b
0bc2,02ae
1434,ff4c
1bd4,fcc4
216d,fbab
253c,fbff
278d,fdab
2808,0074
271e,040d
2597,0802
23c3,0bb2
220f,0edd
207e,1108
1f41,11c5
1ec8,1150
1e7d,0fcc
1e4f,0d67
1e33,0a54
1d6d,0687
1c03,027d
1a03,fe7f
171d,fab5
1344,f78d
0e96,f4e1
0926,f30a
02d1,f265
fbcd,f2b5
f49d,f407
ed2e,f646
e5c6,f982
defb,fda3
d8ec,0224
d419,06ba
d12a,0af1
d05a,0e1e
d201,0fc7
d697,1001
de2f,0e95
e851,0b0e
f43e,062d
0118,0059
0d9b,f9fa
186f,f4b8
20c1,f104
25e0,ef63
2755,f0f9
24f2,f4ff
1f07,fb0e
16c2,0332
0d72,0c4a
0415,154d
fbc4,1d4a
f5f7,235c
f2d8,26e9
f235,27f3
f476,26d7
f89d,23db
fd96,1fea
02a8,1bc0
0681,17f7
0873,157e
081f,1471
04e8,149e
fef9,1619
f74d,1871
eec7,1abe
e659,1c3a
df2d,1c4e
d9d3,1a4b
d69d,161b
d60f,1048
d839,08e1
dc1a,001d
e0cd,f6e3
e60f,edbe
eac9,e55d
ee1b,de8b
eff4,d950
f06d,d5cc
ef9a,d435
edf4,d441
ec63,d602
eb3d,d92d
eb45,dd70
ecdd,e341
efcf,e9e1
f474,f0e4
fa03,f879
ff82,ffa6
04ad,05de
088c,0b03
0a3f,0e9d
0996,107b
0625,10be
0049,0f26
f90b,0bba
f0ab,07bd
e81a,03d2
e0cc,0067
dbc9,feac
d9c0,febd
daa5,00aa
dea5,04b1
e5b1,09f0
ef00,0fdf
f99f,1623
046c,1b4d
0e60,1e4b
16c4,1eff
1d2b,1cb1
2109,1726
2238,0f23
211f,0513
1e0d,f9f7
19b3,ef24
14c3,e570
0faa,dd9f
0b51,d82f
07f8,d5b0
0582,d631
0445,d8af
0389,dcb0
02e1,e17f
0269,e5ea
0128,e9e3
fee8,ecb9
fc7f,ede9
f9f5,ee36
f74b,edac
f567,ec94
f4b5,ebc8
f519,eba1
f709,ec8f
faae,eef7
ff7d,f28d
04d6,f6ee
0a3b,fbad
0ee7,0052
11ec,046f
1325,0752
1243,08a8
0ecb,0873
096d,06e9
0302,0499
fbca,01f8
f47e,ff93
ee1c,fe0b
e915,fddf
e63d,ff67
e618,029e
e7f5,0757
ebc8,0d11
f1c7,133b
f936,1972
017b,1eec
09e6,22e7
1207,2539
19bc,257f
1fec,2399
2445,2024
2729,1b08
2807,1472
269c,0d4e
2347,05e2
1e23,fe9e
171f,f830
0e96,f2ca
0546,eea8
fbd9,ebf7
f325,ea7d
ebf3,ea5f
e6d2,ebc6
e48a,ee82
e581,f248
e965,f6ba
efd9,fb9a
f80c,00a5
0065,055a
0829,0961
0e80,0cb6
11bb,0ef7
11a6,0ffe
0ead,1018
08ca,0f28
00cb,0d5c
f820,0b0e
efda,0871
e8d4,05fc
e430,03ff
e292,0268
e3e1,0124
e7d9,0076
edff,009f
f53d,014b
fc76,0251
02a8,03a1
06b5,0496
087c,0568
0815,0624
053d,0617
0064,058c
fa6a,0492
f430,02ae
ee43,ffff
e8f7,fc9b
e4ab,f845
e1d4,f349
e099,ee19
e0de,e8c9
e2b0,e3c2
e5df,dfa8
ea57,dcd5
f019,db7b
f6d6,dc0f
fe37,debc
05f6,e2db
0dca,e81a
150b,ee2e
1b0e,f452
1f97,f9d8
2297,fe3b
23e3,015b
230e,02fe
2043,0328
1c6c,028c
17df,01a6
1334,00ec
0f52,00e5
0c67,01e4
0b05,0452
0bb5,07e6
0e55,0c31
1240,110d
16b7,15bf
1b89,198d
1fe6,1bf6
22bf,1cf0
23cb,1c32
22e4,1965
2026,153e
1bec,101f
1677,0a4d
1063,0499
0a4f,ff61
0486,fb00
ff81,f7f9
fbab,f663
f8db,f64f
f6ad,f77b
f4c8,f970
f2ce,fc33
f045,ff7f
ecc1,02b2
e85c,0588
e372,07f8
de8c,0a4a
da3c,0c35
d6ca,0d49
d4c4,0dd0
d509,0da2
d814,0ce0
dda5,0b8c
e516,096c
edd7,06c8
f791,038f
017b,0002
0ab1,fc5f
12a6,f882
18be,f4be
1ce2,f184
1ef8,eed2
1ed0,ecd8
1cf3,ec1a
19f4,ec69
166c,ed64
12cb,ef1d
0f50,f198
0c99,f4a5
0b03,f7dd
0a9f,fb0f
0b26,fe5f
0cc8,01ba
0fb0,0530
12e4,08ea
1623,0c9d
1973,1033
1c52,13ef
1e76,17b1
1f7b,1b1e
1f64,1d98
1e47,1edd
1bfa,1f17
188c,1dd1
13fa,1abe
0e44,1648
0790,10ff
0033,0b41
f857,05af
f016,0168
e825,feb7
e124,fdc9
db28,ff4b
d69d,02e6
d400,0802
d337,0de7
d44f,13d3
d766,1919
dc12,1c3f
e26d,1cc5
ea42,1aab
f281,15b2
fad4,0e7a
02e0,05e7
0a17,fd20
105f,f57c
1529,f009
1832,ed65
19a2,ee0f
193e,f26a
1707,f9ef
1353,0393
0e75,0e21
08f0,181a
02de,2010
fc28,2563
f5c4,27aa
eff3,265b
ea6b,21bf
e5cd,1aa2
e22b,123f
df9e,09f9
de42,02d9
ddd5,fe0b
de4f,fc32
df4e,fd49
e0b3,00c3
e239,05ea
e377,0c24
e4aa,1253
e595,1764
e604,1afc
e5dc,1c6c
e52f,1b48
e47d,1862
e35c,1459
e1ab,0fd4
dffc,0ba9
de73,088d
dd9c,0757
dd96,083b
de32,0aee
dfea,0edd
e2aa,13a8
e65a,187b
eafc,1c2f
f052,1e35
f61a,1dce
fc16,1adb
0214,1518
07c0,0cca
0cbc,0350
10c9,f8f2
1394,ee71
14d0,e555
1459,de00
11cd,d8a8
0d94,d5b3
07f4,d4ee
00db,d5e1
f981,d7ff
f283,da9e
ec27,dd32
e789,df83
e512,e0e5
e48d,e0d9
e5e4,e03c
e87f,df40
eb84,ddfd
ee13,dda9
ef62,de63
ef30,e04d
ed0d,e43b
e8db,ea04
e374,f10e
dd9c,f8d8
d81b,0092
d416,077f
d2cd,0d0c
d4ca,105c
d9f5,1100
e2a1,0f34
ee4c,0b0b
fb50,0545
0830,fee5
1379,f880
1bb1,f319
1fdc,ef5b
1f5b,ed94
1a51,edef
1190,eff7
05eb,f374
f8dc,f7c3
ec4d,fb90
e1a6,fdfa
d9e4,fea3
d5f2,fd70
d607,f9fb
d967,f471
df7b,edf9
e712,e784
ee9f,e22d
f4ff,df45
f8d7,df3e
f99d,e26a
f7be,e962
f36f,f388
ed7f,ff79
e739,0bec
e1ca,1753
deaf,205e
de62,2612
e0fb,27a7
e6fb,2586
efcb,2078
fa49,18f5
0537,1071
0f25,08a8
170b,02b2
1c24,ff86
1dcc,ffde
1c8f,03dc
1904,0ab4
1368,1321
0d1a,1bda
0717,2385
0235,28af
ff66,29fb
fed3,270e
0089,203c
03ff,15e4
08d0,0912
0e6f,fb52
1400,ee39
18f0,e359
1c49,dbfa
1dd2,d8c2
1e04,d9c0
1cce,de83
1a74,e65c
1767,f07f
13af,fb80
1018,0610
0d20,0f75
0a93,16f2
08e8,1c7a
0806,2025
07a3,21fc
07f7,226c
08c0,21fa
09ee,2147
0b84,209f
0d1e,202e
0f00,2034
116f,20c8
13df,21c6
15f6,22f1
17ac,2409
189d,24b9
1862,2512
16fb,24f7
1473,23d8
10f4,21ca
0d05,1f3c
0923,1bff
0599,1802
02f7,13dd
01c6,0fd1
020b,0b7f
03ad,06cd
0693,0205
0a33,fd36
0dcb,f863
10ea,f3ab
12e9,ef36
136d,eb6e
1271,e856
0f84,e5f3
0b30,e50a
0634,e583
00ee,e719
fc68,ea66
f94e,ef43
f7ef,f57e
f8b5,fd3e
fbb1,05aa
008f,0e32
06b1,1699
0d74,1dcf
1478,2316
1adb,262d
1fdb,26c4
2388,24b0
2535,1fd5
24c3,1888
22e2,0fa9
1fb4,05da
1b66,fbea
169e,f2aa
11b2,ea52
0ca6,e3a0
07f3,decd
039b,db80
ff94,d9e8
fc62,d9b0
f9ac,da8d
f72e,dbff
f548,dd8d
f3c4,df1a
f279,dfec
f1a2,e04a
f123,e08a
f0f8,e013
f162,df50
f235,de90
f32f,dd75
f45d,dc61
f5b7,dbe8
f6c6,dbd5
f770,dc31
f825,dd44
f8ee,deeb
f9e3,e16c
fafe,e4f2
fc3d,e955
fe03,ee95
002b,f475
02c2,fa99
05d3,00c4
08eb,0684
0bc9,0b68
0e24,0f5b
0ff8,1213
1129,132f
11cd,128f
124b,1099
12a4,0e2b
1323,0b62
13fa,0867
154c,05f5
1734,0416
190f,02fe
1a81,02ee
1b81,037a
1b89,0458
1a29,0523
172f,05e4
12a8,06a2
0ca5,06b3
0539,0669
fd02,060a
f4a4,054e
ecb5,0456
e5df,0344
e0b0,026e
dd7b,01f5
dc5f,01b6
ddcf,01c2
e1dc,01f6
e7e7,0206
efa1,01c0
f890,00f9
01ee,ffc0
0b6a,fde4
1452,fb7d
1bf7,f915
2230,f662
268c,f3c6
28cb,f16c
292b,eee1
27ca,ece2
24a5,eb40
201f,e982
1a85,e833
1416,e76b
0d64,e71c
06a8,e78d
0021,e8c4
fa59,eaa2
f56a,ed7e
f185,f11f
ef21,f4e8
ee09,f8a8
ee53,fc05
f082,fe76
f46a,ffa1
f9ba,ff92
0026,fe48
0749,fb8a
0ea3,f78a
15a8,f2af
1b93,ed70
1fb1,e844
21f2,e3c1
21c9,e098
1ec6,dec3
1954,de7f
11db,e05f
08a0,e434
fe3b,e9cb
f3a1,f0ca
e9d2,f878
e19f,009b
db96,08f0
d869,108c
d82a,1706
da79,1c2c
df71,1f71
e656,20f6
ede8,20ac
f540,1e51
fbc9,1a4b
00c2,14e2
0350,0e5c
0398,06ef
0226,febd
ff94,f680
fc97,ee83
f9f5,e718
f890,e0d8
f883,dba6
f9e2,d7dd
fcb9,d607
0014,d61a
031e,d7b3
0536,daa2
0587,def1
03b1,e3fc
ffa1,e9b5
f980,f029
f216,f699
ea84,fcc9
e3b7,0284
deea,0764
dd50,0b36
df3e,0db2
e4d6,0e8b
eda0,0de7
f880,0c02
04a8,08cd
10d6,0452
1b31,ff1e
22bb,f9e3
26b1,f493
2671,ef6a
224c,eb09
1ad9,e7a0
10ca,e51f
04ee,e352
f874,e217
ecc3,e0e6
e2d5,df86
daf6,de1e
d588,dc24
d31b,d9de
d331,d7ff
d542,d6d4
d95d,d762
ded7,da17
e519,deda
ec21,e5ef
f349,ef58
fa07,faab
0013,06b4
04be,1246
07ac,1c4f
08a0,2389
0727,2748
033b,276f
fd3a,2433
f5a4,1dfb
ed44,15bd
e520,0cd1
de60,049a
d9f9,fe83
d873,fb83
da76,fc37
e067,00ba
e960,0833
f44e,1184
0063,1b64
0bba,2441
14a8,2a59
1a75,2c64
1c48,2a16
1a09,2382
1400,1971
0af0,0d2c
0072,006f
f5dc,f4f8
ec95,ec37
e593,e7cd
e176,e81c
e11f,ecdf
e438,f5b8
e9bd,00d3
f101,0c1a
f8f8,1616
002f,1d45
05d7,2074
0999,1f08
0af5,191a
0a5b,0f71
085a,034e
0522,f64c
017e,ea08
fe18,e010
fb98,d9ad
fa4a,d775
fa1c,d964
fb4e,df61
fd91,e8d2
006d,f451
03f1,00e9
07a9,0d88
0b2e,18af
0ebd,21c8
1253,2838
15b8,2b97
1912,2c5f
1c43,2ace
1ebd,2715
209f,2191
21b8,1ae1
21bf,13d4
2114,0c63
1fb2,047f
1db4,fd07
1b82,f640
19a9,efb8
189b,e9b0
183d,e46b
188e,dfb4
19e2,dc15
1be3,d9f2
1e28,d8fb
204c,d95a
212e,db71
207d,defd
1e50,e3b4
1a53,e9a5
145a,f03c
0ce8,f6d6
04cc,fd0c
fc87,0239
f570,05ee
f080,07d5
edca,0794
edd6,0522
f0ca,0108
f62f,fb9c
fd88,f572
05f5,ef91
0e77,ea57
15fc,e6e1
1baa,e5e8
1f6e,e736
20eb,eb3b
2017,f1b3
1da9,f9f2
1a50,036a
16d7,0cf9
13fb,1554
124b,1bb7
11fd,1fc8
1333,20e9
1599,1f65
18b3,1c2f
1bec,17b1
1e21,12ee
1ee0,0edc
1dba,0c19
1a16,0b09
1432,0bbe
0caf,0e67
042e,121f
fba7,1614
f446,19b9
eede,1bd5
ec01,1bf9
ebde,1a12
ee42,163c
f276,1101
f7d6,0ae4
fdb7,047e
02ee,feca
06cb,fac7
08cb,f890
0880,f869
061c,fac6
01f1,ff40
fc92,054f
f6e7,0c73
f1e0,13c4
ee23,1aaf
ebfe,20bf
ec44,254e
ef0f,286e
f3ad,2a31
f9e8,2a6b
013d,298a
08f4,27f2
1009,258b
1612,2321
1ad4,214b
1d97,1f69
1e7a,1db8
1d7f,1c64
1b02,1b2b
1783,1a55
1307,19d9
0e0d,1997
08e0,1984
038e,19a3
fe31,1a06
f909,1a9b
f42a,1b6e
ef93,1ca8
eb83,1e05
e7f0,1f6d
e4d7,20ea
e2db,2210
e215,22cf
e231,2334
e396,2340
e5fc,2308
e944,2254
ed8b,2148
f1e9,200f
f684,1e65
fb68,1c38
ffc2,19a3
03b7,167f
074b,12b1
0a3f,0e40
0cb3,0906
0e82,035c
0fbc,fd78
10a9,f71b
10e8,f0e3
1048,eb66
0f0b,e691
0d11,e26d
0a50,df31
0701,dd30
036d,dc30
ffb4,dbd0
fc13,dc55
f964,ddba
f7f9,dfb9
f7b0,e28d
f920,e5d0
fc3b,e900
006b,ec29
05a6,eef1
0b6b,f14a
1101,f312
15df,f433
196b,f4c2
1b52,f44d
1b35,f33e
190e,f1b5
157c,ef90
109c,edc3
0ab8,ec5d
04b5,eb9c
ff34,ec53
fad8,ee35
f7de,f14c
f685,f5e2
f725,fb6d
f942,01a1
fc50,0850
ffbb,0eb0
02d7,1442
0582,18bd
0743,1baf
07a6,1d0e
06ca,1cdd
0505,1b34
02fa,1889
011c,1531
ffda,1181
ffbc,0e42
0106,0b99
0396,094d
0714,07aa
0b20,068a
0f0e,055e
1257,03bb
1440,01ac
1407,ff35
11ca,fc40
0deb,f900
08d6,f5b3
031f,f2a6
fdb0,f011
f988,ee6e
f719,ede4
f717,ee76
f9ca,f089
fe6e,f3fb
0466,f88d
0aff,fdff
1167,03b2
16a9,08f7
19cd,0d9c
1a71,1117
1863,12cb
13b0,133d
0c77,1254
038b,0fdc
f9e2,0ca9
f014,08fe
e732,0519
dfa0,0171
da1b,fe44
d75d,fb99
d6fc,f946
d93f,f760
de41,f59a
e564,f3af
ee0f,f14c
f7dc,ed95
0241,e903
0c61,e42e
15c3,df06
1dc6,da70
23cb,d70e
2794,d570
2889,d64e
26c1,d9a4
2240,df8a
1ab9,e800
110c,f23d
05ec,fd93
fa2c,0901
eec2,1343
e469,1b86
dcad,210b
d7d1,23a1
d571,2337
d659,2032
da43,1b4d
e044,14ec
e7e4,0e28
f062,0810
f931,037a
01ab,010f
08ee,008f
0ecf,0203
1383,057e
171e,0a46
19bb,0fd1
1b95,1579
1cfd,1a84
1e18,1ec1
1ee9,21f1
1f35,23e4
1edc,24b7
1d8a,248f
1adb,23ad
16e4,2276
1190,212c
0af0,200e
0383,1f2f
fbcc,1e49
f434,1d58
ed19,1c74
e6ea,1b63
e1ca,19de
ddc8,17d2
db26,158d
d983,133a
d88e,10da
d88f,0e74
d929,0bc8
da09,0915
db38,0666
dc8c,036e
ddf4,009d
df5f,fe05
e0cb,fb5d
e1e6,f8e2
e26b,f6b7
e299,f4d2
e237,f317
e168,f16d
e02d,eff6
de6e,ee81
dcd3,ece6
dbb9,ebb6
db95,eb26
dc9e,eaec
defa,eb6f
e34f,ed00
e979,ef65
f0e6,f249
f94d,f544
0232,f7fd
0ab9,f9fc
1225,faf8
17f4,fa54
1b7e,f7b2
1c5f,f3ab
1ad5,ee2b
170d,e7a7
1166,e162
0b22,dbe1
04de,d7f2
ff24,d6ac
fb2f,d85a
f930,dcd6
f941,e467
fb7a,eea4
ff1a,fa2a
036b,062e
07ab,11de
0b67,1c09
0dea,23b0
0e64,2802
0d6c,2916
0b60,275a
07d8,22bb
030c,1be5
fda8,1413
f817,0bf0
f2b4,0431
ee03,fd5d
ea4c,f804
e79a,f46b
e5ee,f224
e540,f13a
e57d,f148
e692,f18d
e829,f24e
e9ff,f35c
ec68,f441
ef3d,f541
f224,f666
f4e7,f7c1
f74a,f9c2
f928,fc80
fa5e,ffbd
fb06,03df
faf0,090b
fa3c,0e97
f959,1453
f86e,19f2
f7be,1eaf
f790,2236
f844,2479
f9e2,2532
fc26,2459
ff12,2245
029e,1f46
068f,1be4
0ab3,18ce
0f02,16a2
1380,1583
1802,15c3
1c2b,174f
1f9d,199a
2245,1c70
243f,1ec4
253e,1f8d
2516,1e36
23d1,1a46
2183,1352
1e77,0950
1ae1,fd78
16ea,f0f7
12da,e544
0fc7,dc1d
0e27,d698
0d91,d5c5
0ea2,d9ed
1178,e2dd
158f,efe5
1a56,ff10
1eef,0e88
22b9,1c4e
2469,2656
238e,2bad
20b0,2b6a
1b26,2582
130c,1b37
0954,0db7
fe65,ff04
f374,f13f
e97a,e60b
e0a0,df39
d9c9,dd86
d58d,e0ae
d369,e83f
d330,f365
d4eb,006a
d7a3,0db4
da6d,19cc
dd18,22bf
df22,2829
e01e,29be
e03f,270e
df9c,2180
de75,1a0b
dd6d,115e
dcaf,08f6
dc38,0197
dc94,fbbd
ddd8,f7b3
dfa0,f55a
e23a,f4e1
e56c,f5b6
e8ec,f717
ecfb,f90e
f12b,fb23
f513,fd13
f8b3,ff08
fc12,00ea
ff2a,02e2
0206,048c
04f3,05bf
07dd,06a5
0adb,06be
0e19,0612
114e,04c6
1442,0297
16da,ffdc
18f3,fd5e
1a73,fb7a
1b39,fa49
1b13,fa2c
19c6,fb3f
17e1,fdad
1606,0175
140a,05d4
1250,0a65
1186,0e81
11dc,1175
135a,130c
15ff,12da
19ff,10d2
1ecd,0d33
2363,0879
2760,037d
29d0,fef7
29e4,fb75
278c,f9b1
226a,fa00
1ae7,fc77
11ba,011e
074b,073a
fc9c,0e24
f29b,1537
ea3a,1bc5
e43f,2137
e0e3,24df
e09b,2702
e33e,27a6
e7fb,26c5
ee67,2534
f5bc,2323
fcc7,210f
02f4,1fa2
0815,1ed4
0bbf,1efc
0db0,1fda
0e19,20ef
0da5,221e
0ce6,225c
0be6,2146
0b20,1f0e
0b08,1af1
0b91,14f0
0c69,0dc1
0d57,05d1
0e88,fdec
0f9e,f6e7
1043,f181
1079,ee5d
1048,edc6
0fce,efb1
0f12,f393
0e6d,f8d4
0e30,feb0
0e25,041d
0e3c,083a
0e9c,0a54
0f11,0a42
0f1e,0822
0ec0,043d
0e46,ff89
0dc4,facf
0d27,f6f0
0cb9,f520
0cbd,f5eb
0ce3,f985
0d3d,ff65
0dfb,06e7
0e9a,0f98
0e99,1817
0db5,1f3d
0b8a,243e
07e1,262b
02c4,24c8
fc8d,201b
f61e,185a
efcb,0e87
ea16,03c1
e648,f8d0
e4c7,eed6
e5bd,e6f2
e998,e16c
efde,de3f
f7b9,dd86
00f7,def7
0ab8,e22e
13bb,e6d3
1ba6,ec42
217b,f221
24d2,f7da
2606,fd0f
24b3,01a8
216a,04fb
1cb2,0716
1695,080d
0fd4,0787
08e9,05ab
0229,02b1
fbfd,fef8
f6b0,faad
f2c8,f5dd
f0a5,f15d
f08b,ed8e
f2bf,ea58
f6f5,e867
fd18,e7b3
051f,e82a
0e05,ea1b
16e0,ecf2
1ef3,f091
2522,f49b
287b,f870
2848,fc10
2461,fefe
1d01,0073
12ba,007c
06cd,ffa4
fa86,fd65
ef8b,fa06
e785,f65f
e32c,f1e0
e35b,ed02
e84c,e8a5
f114,e4ca
fcc2,e1a8
09d3,df91
1674,de99
20e2,deca
27ee,e031
2b0e,e2a5
29d0,e64e
2469,eb33
1bfb,f0c7
11fa,f6ed
0791,fd74
fe1e,03f6
f6de,0a48
f279,0fba
f14e,13e6
f32d,16f0
f795,1862
fdb4,17d4
046c,1546
0af6,10c3
1096,0ab5
14be,0385
171f,fb79
17a1,f357
16e3,ebce
153e,e523
12f5,dfec
1096,dcf7
0e69,dc8f
0cea,de9a
0bff,e2f0
0b95,e92b
0c01,f0d4
0cc5,f93e
0dab,017a
0ec1,08f4
0f85,0f1e
0ff1,1355
1065,153e
109f,1503
10bf,12b5
111e,0e7c
11cd,0943
1313,0375
14dd,fd7d
171c,f83e
19d7,f3e0
1cdf,f080
1fa3,ee54
2193,ecc0
228c,ebc3
221e,eb66
1fa2,eaf5
1b19,ea74
151a,e9fe
0ded,e9e8
062f,ea39
ff0b,eac5
f97c,ebf2
f625,ed95
f5c6,efa8
f8be,f21e
fe8a,f43d
069d,f5f1
0fcc,f735
18f9,f783
20f9,f6ea
263b,f5a1
287c,f389
2769,f0f1
2255,ee6c
1a3a,ec12
104c,e9e2
0570,e7eb
fb4f,e5b8
f358,e36b
eed3,e15b
ee62,defd
f19e,dc69
f83d,da3a
015e,d89a
0b8d,d823
15bf,d968
1eaa,dc8c
2517,e20e
28d6,ea0c
2963,f3bb
2681,fe42
2136,091d
1a46,12ee
126b,1a17
0aab,1e28
036c,1ec6
fd20,1b36
f84c,13b9
f4b8,0981
f238,fd79
f0af,f0fe
ef9b,e59c
ee86,dcc2
ed3a,d7dc
eb56,d749
e8ed,db15
e662,e2c8
e3b4,ed50
e139,f970
df3a,056a
dd72,1020
dc01,1850
db55,1cf3
dac8,1e17
da0d,1ba0
d9b7,166d
d9bf,0f74
da3e,0743
db5a,ff39
dcff,f828
df8c,f289
e33e,ef0b
e7c8,edb5
ecd7,edf1
f25f,ef32
f85b,f120
fe57,f331
03e5,f4b3
0910,f53a
0d9c,f502
117c,f43c
1505,f29a
183a,f07b
1b5c,ee38
1e79,ebd2
2154,e9c5
2404,e7f6
2680,e60b
2896,e447
2a04,e2d9
2acb,e1a2
2a98,e0b5
28eb,e023
2629,dfe4
2273,e07b
1d97,e22a
179b,e469
10b4,e72e
0932,eac0
018c,eec8
fa27,f30e
f350,f787
eda5,fbfb
e964,0032
e6a3,03f6
e5a4,0745
e650,09fb
e85c,0bfa
eb88,0d79
efae,0e5d
f4a3,0e59
fa1d,0d9c
ffef,0c2a
05dd,09fb
0c00,0769
1231,044e
17ee,00e3
1da0,fdd3
22e7,fb17
2725,f899
2aa5,f65f
2cd5,f477
2d20,f294
2b70,f08d
2740,ee77
20bb,ebd9
1879,e8d9
0e31,e5e9
029a,e31f
f736,e0c5
ecc6,df10
e446,de6b
de8e,df60
dbe7,e1cf
dcc3,e57c
e104,eac4
e81f,f139
f1a3,f7ee
fc55,fe79
071f,040f
1111,0809
18d7,0a02
1de1,0977
2013,0692
1f65,01d2
1c34,fbb5
170f,f500
10d7,ee85
0ab7,e902
0526,e548
0042,e3a7
fd1a,e40c
fbf7,e694
fc08,eaa9
fd23,ef81
fe90,f4af
ff6c,f967
ffdd,fd29
ff87,ff9d
fda9,0060
fac8,fffd
f7a6,ff24
f4b1,fe26
f2a6,fd8a
f252,fe0d
f447,ffe9
f862,0329
fe55,07d8
05c2,0d62
0db2,133e
1585,189f
1c62,1c83
2147,1e96
2454,1e58
2505,1b83
2308,168e
1f64,0fea
1a78,0802
14f0,ff5d
101a,f6e1
0cc0,ef85
0b6e,e98e
0c99,e542
1005,e2f7
14fe,e25d
1ae1,e31e
20b9,e53b
2576,e88a
2824,ec99
280a,f111
24ab,f5bf
1dfc,faa6
14aa,ff90
0971,03e6
fd2a,0776
f109,0a43
e617,0c14
dd4f,0cce
d727,0c97
d384,0b7b
d251,098b
d31f,0714
d54b,048f
d851,0276
db82,0113
de83,008d
e0fd,013b
e252,034d
e2c9,063b
e28f,09b2
e150,0d15
dff5,0fc3
debb,114e
dcf8,1058
dbaa,0d3b
db3b,08a4
db19,01b8
dba1,f955
dd5e,f0c2
e029,e885
e38c,e160
e7d7,dbf6
ed20,d8df
f2e2,d80a
f8b2,d90c
fe73,db9d
041e,df23
090c,e2ec
0cd2,e67a
0f3b,e9a1
1006,ebe1
0f32,ecd7
0c8e,ed37
080e,ed37
0229,ecc3
fb67,ec7a
f401,ec96
ec51,ed87
e4fd,ef9d
de79,f29f
d94c,f692
d5bf,fb55
d3b3,00ca
d360,06b4
d521,0cb3
d90a,12d5
deb0,18fa
e5b1,1e67
ee11,234c
f732,279b
0036,2a3a
0892,2b35
0fc2,2a9e
158c,27d3
1972,2309
1b37,1c50
1b3c,1396
195f,09ee
15e6,0011
117a,f638
0c76,ed99
0756,e70d
02ae,e274
ff23,e03b
fcec,e08a
fbc6,e253
fb9b,e505
fc5e,e812
fd9c,ea68
fedc,ebc7
0003,eba9
0094,e9f8
0082,e779
0079,e451
003f,e15b
0009,df95
009c,df69
01cb,e182
03a4,e611
0628,ed1e
090a,f640
0be2,0046
0dd8,0a04
0e4f,12ba
0d11,1946
09db,1c75
0479,1c5f
fd68,192a
f543,12fc
ecd6,0af2
e51a,0240
decc,f9db
db0f,f2a7
da51,ed72
dc88,ea8b
e1f0,e9f1
e9b9,eb8e
f2ee,eedc
fce4,f323
0608,f7c6
0d37,fbf0
11e5,feba
133b,ffdd
112d,ff75
0c58,fd95
055d,fa85
fd16,f6d7
f4ac,f32f
ed29,f00a
e786,edb0
e443,ec80
e32f,ed06
e44e,ef2f
e76c,f296
ebb6,f6e2
f0ac,fb93
f5bf,0064
fa0f,0503
fd7c,090e
ffe2,0c91
010c,0fc0
0157,12cd
00dd,15cc
ff9b,188c
fdb6,1b3e
fb55,1e41
f8a2,2154
f5a5,23e3
f2d3,260b
f08a,27db
eee2,2896
ee99,286b
f00e,2750
f376,24af
f912,2112
003e,1ce2
0856,182a
108f,1318
17d9,0e3c
1d12,0a68
1f3e,0776
1e44,056b
19a8,04ef
116a,0602
06dc,0869
fac3,0bda
ee93,1040
e3f3,153f
dbdf,1a07
d7bc,1e6f
d7ee,2240
dc59,2519
e4b4,26c7
efcf,270e
fca8,25de
09f2,2347
1607,1fdb
1ff9,1bee
2711,1766
2abc,12d3
2b05,0e5b
2845,09f1
22bf,062d
1b09,02ee
120d,ffbf
0861,fd0e
fe8d,fb56
f569,fa2f
ed70,f97e
e6ac,f9e3
e15f,fb89
ddf0,fe7b
dc5b,02bb
dc8c,081c
de9d,0e7f
e251,150a
e702,1ad5
ec64,1fe3
f24e,23f3
f819,262e
fd2f,2660
017d,24bf
048d,20fc
05c9,1b06
0563,1385
03b0,0b0c
00c3,0203
fcf1,f91e
f8eb,f0d1
f4f3,e988
f150,e3e0
eecf,dfef
ed9f,ddbe
eda9,dd8a
ef20,df25
f1c5,e25e
f539,e767
f966,edea
fe34,f507
030a,fc15
0761,02b0
0b42,0873
0e4e,0d00
0ff4,1016
1049,113d
0f4f,106c
0ca4,0dec
083b,09c3
0298,0464
fc35,fe36
f526,f7b1
edef,f16f
e75b,ebd3
e1be,e743
dd9c,e3fe
db15,e265
da44,e284
db69,e439
de2f,e799
e28d,ec33
e7f6,f19d
ee12,f799
f4e1,fda7
fbce,0339
0297,07b1
08c9,0af5
0e4e,0d09
12f8,0d4b
1637,0bd6
1829,08e4
18c7,041a
182e,fe58
169a,f827
1406,f16c
10e6,eb16
0d88,e5d8
0a24,e19b
0777,deb9
0591,ddee
0428,df0a
037d,e1b6
036c,e607
03b9,ebba
0429,f267
0474,f9a5
049b,011b
0493,0854
0402,0ec5
02a2,142d
00ee,1861
ff4d,1b3e
fd66,1c8f
fb79,1c30
fa0a,1a5f
f912,1757
f8cd,136d
f93e,0ee9
fa19,0a4a
fb9a,065b
fd9d,0369
ffd4,01f2
02a3,0243
05bb,046a
08b7,0894
0baa,0e10
0e2a,1437
0fdc,1aab
10a6,2058
106f,2431
0ec0,25da
0b6c,24ea
06eb,2125
015a,1ad2
faef,1269
f445,08f9
ed8d,ff73
e71d,f677
e1a8,eece
dcff,e913
d951,e5ce
d71f,e518
d603,e62a
d62b,e851
d77c,eb74
d996,eef0
dc79,f1d9
dfdd,f414
e3ac,f580
e77e,f5c9
eb20,f554
ee8e,f4db
f112,f481
f28e,f4a5
f367,f5fa
f34a,f872
f20d,fba8
f025,ff8d
edd4,040c
ebb3,088f
ea6a,0c4a
ea23,0f03
ebab,10cf
ef68,1132
f4b7,0fef
fb7a,0d80
034c,0a57
0aef,0729
11c1,048f
175f,02cc
1b07,024a
1c5c,0383
1b93,0638
18b4,09ae
1436,0dbb
0f8c,11c4
0b9e,14b5
08e9,1611
0836,155b
09de,1215
0e0c,0c7b
141a,04d9
1b36,fb91
2266,f1f2
27dd,e8f2
2af5,e16a
2b0c,dc53
2746,d9d6
201e,da6a
161d,ddbc
0a06,e2c5
fd27,e8db
f09b,eec8
e5ae,f33b
dd5a,f52d
d7f5,f45d
d597,f126
d5ea,ebc1
d852,e4fd
dbd7,de47
df45,d8ca
e1fc,d57a
e37b,d51b
e37a,d7f7
e20e,de0a
df9f,e6dc
dcf9,f16c
da98,fc50
d913,0638
d8ee,0dd2
da3b,11c5
dd5d,11f8
e283,0eae
e91c,07f5
f0f2,feca
f9ca,f488
0322,ea89
0cac,e23a
15d5,dc8a
1e62,da2a
25dc,db18
2b69,def2
2f35,e5be
30fd,ee5c
3007,f743
2c93,000b
2691,07de
1e06,0dc0
13ad,11ab
0806,13c4
fbe7,143f
f08e,13a5
e6f1,1285
dfb4,11a7
db9e,116e
db3f,121f
de62,1434
e4ae,1721
edb3,1a3d
f8a5,1d64
047e,1fec
107f,20d7
1bd3,200a
258c,1db9
2d5e,19fb
32d7,151a
35ac,0fb5
35cf,0a99
3317,0628
2e06,033f
26b0,0263
1d3c,0346
12f0,0628
088b,0aa7
fe53,0f96
f509,1432
ed76,1814
e802,1a90
e532,1ab5
e569,1867
e7e8,142d
ebed,0e6f
f161,0799
f7e2,0068
fe36,f9ab
0332,f41c
06d8,f08a
0894,ef16
0799,ef99
0458,f230
ff24,f67e
f8dd,fbc9
f246,0183
eba2,070a
e651,0bfa
e2d1,1018
e11f,1286
e1e7,1341
e495,12c5
e874,10e2
ed8a,0df1
f389,0a5c
f9a9,065d
ff59,025d
0489,fe89
0907,fb06
0c91,f87a
0eff,f71b
105b,f6a9
1085,f794
0f4c,fa1a
0cd9,fdd8
093b,0288
048c,07e4
fef0,0dab
f8d1,1360
f2c2,185f
eccc,1c83
e777,1f3c
e31d,201e
df94,1f68
dd6f,1cfe
dc7d,1936
dc3f,1420
dce3,0d80
de07,0633
df28,fe8a
e056,f676
e193,eeaf
e294,e781
e38e,e13e
e46d,dc62
e515,d922
e659,d7e2
e7f5,d8da
e9bd,dbb9
ec6f,e077
efdd,e6db
f3a9,edb0
f79b,f465
fbca,fa6d
0000,fe93
03ec,0048
07ad,ff70
0b29,fc25
0e52,f6d6
10fe,f061
135c,e9e2
157f,e471
1720,e187
188c,e222
19b8,e631
1a66,ed79
1abc,f79a
1aa4,03a0
1a16,0fe2
1933,1ad3
1825,2332
16fa,280b
155f,28f2
1396,259c
11c9,1e71
0fb4,14b1
0d7c,09ad
0b26,fec6
08df,f55d
06d6,ee5d
0501,eaa6
03a9,eabd
02c9,ee00
022c,f3e9
0207,fb9c
022a,0395
0279,0b38
033f,1152
03f9,14cb
0491,1628
0591,1549
068f,1221
072c,0d6a
077f,078b
076d,0149
06e3,fb41
05cc,f58e
0405,f090
01a3,ec8e
feed,e936
fbf3,e66a
f8d1,e409
f5da,e1d0
f369,dff8
f194,de6e
f006,dd5e
eecd,dcfd
edf7,dd73
ed33,df4f
ec8f,e242
ebe4,e62b
ea8b,eb9f
e8dc,f240
e755,f93f
e5aa,00a2
e47a,0818
e452,0f24
e539,1595
e763,1afa
eb23,1f9c
f076,233b
f6b2,2554
fd9b,263b
0479,25f8
0aeb,2482
10b9,2218
14ab,1f07
1702,1b51
17c2,1725
164a,132e
1328,0f9b
0e79,0c65
0868,09d6
01ba,07d8
fb0c,0643
f46c,054a
ee30,0489
e941,03dc
e596,0371
e358,02c1
e31d,020e
e4bd,01b0
e81a,0188
ed26,01de
f3c0,027c
fb8f,0354
03f8,0424
0c78,045f
1478,03c9
1b68,01b5
20b2,fe3c
23e6,f989
24cd,f353
2337,ec46
1fae,e51c
1a7d,de6c
13a2,d928
0c31,d60d
04cf,d584
fddc,d847
f84f,de51
f490,e6a8
f293,f0ef
f228,fc5c
f300,07dd
f4e9,1290
f76e,1b56
f9fd,2165
fc5f,249c
fe44,24b3
ff69,2142
0025,1b37
00b0,1378
0128,0a43
01f9,004d
0322,f652
0490,ecfe
06a2,e4c0
0920,de01
0b46,d91b
0cf0,d621
0d9b,d565
0ce3,d6f0
0b26,da61
079d,df9e
0296,e64b
fd0d,edc7
f6d4,f57d
f0d3,fc75
ebbc,01ff
e785,05b4
e4ca,06a6
e429,0487
e558,0039
e7c1,f9e1
eb57,f1e9
ef7d,e9b4
f34a,e247
f649,dce0
f800,da09
f7eb,da03
f5f2,dda5
f295,e493
ee8f,ee0a
ea96,f90d
e771,045b
e642,0f27
e7a8,1836
ebb6,1eac
f29f,222b
fb99,22a8
0571,20af
0f52,1cd6
17bf,17d9
1d59,1293
1f64,0e0a
1d95,0aa2
17f7,0870
0f1c,07e6
0490,08a2
f9cf,0a41
f060,0c50
ea03,0e33
e7da,0ff4
ea2a,112e
f0a8,11f7
faba,12b2
06c8,1305
12fc,1369
1dad,1432
2526,154b
283c,16fc
2658,193f
1f9c,1c17
14e7,1f1b
076a,21b5
f887,23a0
ea80,2471
df2c,2404
d73c,2252
d3e9,1f3c
d5d3,1acb
dc41,154b
e5f2,0ec8
f1b3,0770
fe3f,003a
0999,f982
127c,f349
182f,ee68
1a5e,eb41
1967,e99f
1589,e959
0f8b,ea60
0884,ecb4
0121,ef82
fa42,f21e
f487,f487
f04c,f667
eda4,f7c6
ebdf,f8e1
eaf4,f9ab
eb03,fa9a
eb10,fc40
ead0,fe7e
ea92,0185
ea55,0546
ea34,08d7
ea57,0c19
eafa,0eb3
ecd0,0faa
f054,0e91
f533,0b4f
fb70,0602
02cb,fe99
0a6b,f5c2
120d,ece2
193c,e4d9
1f21,de9e
2369,db4c
25b0,db34
25cf,de87
24a3,e584
224e,eefc
1ebf,fa17
1b22,062f
17e6,11b1
1544,1bcd
13fb,239a
13ea,2860
14e4,2a1d
16a9,289f
18b4,247a
1a99,1e79
1bd3,1708
1c21,0f2a
1ad7,07cd
17ca,0124
1382,fbb0
0dca,f7f5
06e4,f5c3
ff96,f50b
f819,f582
f0db,f69e
ea7f,f8a0
e541,fb71
e171,fe40
df3e,0100
de7d,038d
df68,0543
e238,064d
e68c,0696
ec55,059b
f380,03a8
fb7d,00b7
0405,fcbf
0c3e,f841
133b,f395
18f5,ef28
1c80,eb6c
1d23,e8f3
1b5e,e7d2
16f6,e7f5
103f,e9b1
0862,ec84
000a,efd1
f867,f390
f283,f716
eec9,f9f4
edbd,fc21
ef83,fceb
f3d5,fc26
fa26,fa34
015d,f740
0890,f37a
0eef,ef21
1343,ea8b
1510,e62f
1431,e236
10bb,de97
0b61,dbac
04b4,da07
fd9f,d983
f71f,d9cb
f1ad,db61
edb8,de1c
ebaf,e1ac
eb7b,e61e
ecc6,eb0b
ef0d,f001
f15f,f476
f369,f81c
f4ec,fa87
f53e,fb6c
f47e,fb24
f305,f9ab
f129,f6ff
ef7f,f39d
ee71,efce
ee21,ebd2
ef3e,e7f3
f230,e46d
f607,e1bf
fa90,dffc
ffef,dedb
0539,de6c
0a09,deb2
0e2a,df28
1105,df8a
12bf,e02d
139a,e0f3
13ac,e1ab
1313,e2a2
11e8,e39d
10e0,e49a
101d,e5e8
0f84,e741
0fac,e8ce
1041,eace
10fb,ed1a
120c,efb2
1345,f268
14a1,f54e
15f1,f87a
1700,fb81
17b2,fe94
17fb,0209
17ed,059c
1722,0926
1555,0cb0
1290,1017
0e80,1336
08f0,1619
0239,18dd
faba,1b65
f284,1d78
ea12,1f3d
e28a,2077
dca3,20ec
d8c5,2118
d77c,20a6
d8e6,1f98
dd55,1e5c
e449,1cb6
eca1,1b24
f5c7,19b4
fe23,1837
0485,1763
088b,1736
0959,177f
06de,18bb
01d6,1aba
faed,1cfa
f390,1f7c
ed32,2195
e8b8,22ba
e796,22ff
ea46,2235
f017,2024
f8a3,1cda
02e8,1895
0d3b,1393
1634,0e63
1c6d,098b
1f36,0556
1e23,0237
188e,007e
0f7c,0025
044b,0100
f845,0282
ed90,041b
e57f,05af
e112,0698
e12d,064d
e5ae,054d
eded,03a3
f900,0177
057d,fffa
11ba,ff5f
1c6e,ffbc
2473,0250
28e6,06c0
29b0,0bf6
2711,1202
2196,1845
1a24,1dd8
11c0,2235
0951,248e
018a,2488
fb37,2246
f6bc,1d9d
f3e2,16dc
f24a,0ef8
f15a,06a1
f0b5,fe8b
efe2,f747
ede7,f150
eaf9,ed58
e7a3,eb78
e3b6,eba5
dfc9,ede0
dc70,f1fd
d9f0,f807
d8ea,ff5e
d94e,073c
db1e,0f8c
de8a,17db
e2fc,1f7b
e7fd,25d1
ed75,2a00
f29e,2bd1
f6e8,2b1d
fa22,2732
fbf6,205b
fcaf,1711
fc78,0bcd
fb71,ffa7
f9b1,f378
f782,e8ab
f596,e05e
f3c6,dad9
f252,d908
f17f,db16
f115,e075
f164,e8aa
f274,f29e
f440,fd0b
f68c,06e6
f8e8,0f58
fb66,1572
fe31,18a5
0103,1927
039d,1789
063e,14b8
08c7,115a
0afd,0e24
0cc6,0c01
0e2e,0b42
0fc0,0c3b
1155,0ec4
1281,1221
1380,15ca
1481,192d
1575,1bb1
1658,1d02
1756,1cf2
184d,1b0c
18f2,17a0
1962,1399
19a9,0f34
1983,0adf
18bd,0750
17c8,04da
16fb,03a2
160a,03a2
1503,0492
13dd,0638
1299,0882
117f,0b17
1044,0d8d
0eef,0f90
0de0,1109
0cfb,1241
0c69,1310
0c71,1360
0d33,136c
0ebc,1314
10fc,125c
1421,1123
17e7,0f59
1be7,0d83
2035,0b5e
2467,08a5
2778,05e2
2923,033a
292b,008e
268a,fdc1
2176,fb34
1a82,f912
117f,f738
073d,f5c0
fcac,f44f
f243,f304
e8be,f1e0
e088,f0d1
da1c,efd7
d5f9,ee51
d3f9,ec8d
d3b3,eb29
d51d,ea30
d7f2,e9df
db44,eaa6
def5,ec8b
e2db,ef37
e5f8,f31a
e8b6,f833
eb65,fdac
ed85,0361
efcd,08db
f2b3,0d38
f5fb,1056
f9f0,1226
fea0,1210
0397,1020
08ae,0d48
0daf,0a1c
120d,06f2
15da,0454
18e5,0304
1ab8,035f
1bc3,04aa
1c10,06b2
1bf3,09a0
1c2c,0c4c
1c83,0ddd
1d55,0e0c
1f21,0c3d
2190,0878
244d,0305
26aa,fc58
2880,f55d
29d4,eed6
29c7,e994
287b,e677
25f9,e5f2
21b5,e83d
1c3d,ed4c
15df,f496
0ea4,fd90
06ea,073b
ff40,1079
f81f,18f1
f16b,1fb6
ebd8,23fe
e7fe,262f
e5bb,260a
e571,2359
e67c,1eb5
e876,1864
ebf4,10b7
f06d,085e
f513,ffcb
f9b4,f766
fe06,efdb
01a9,e9ae
0465,e554
05ef,e30d
0634,e2ee
0580,e546
03e0,e9eb
010d,f052
fd0f,f811
f84e,00bd
f300,099a
ed2f,11d7
e719,18f3
e0b9,1e4b
da6b,219b
d510,2291
d0b0,20fd
cda0,1d94
ccb3,1882
ce18,122c
d1e8,0b95
d80d,0549
e04e,ff90
ea33,fabe
f4f3,f77d
ffc4,f5df
09a9,f56f
11ee,f657
17de,f880
1a81,fb43
19a5,feb7
15b5,02ad
0f11,06ac
0649,0ade
fc17,0ed3
f14c,1216
e72b,1494
de86,1611
d797,1647
d33a,151b
d1c4,12a0
d26d,0eb8
d509,09c8
d99b,0479
df64,ff05
e5c4,f9ca
ec91,f56c
f386,f26e
f9f6,f09f
ffbe,efcd
052d,efc7
09cf,efca
0d3b,ef71
0fa9,ee1e
1109,eb92
1177,e848
1158,e465
10ae,e075
0fab,dd4b
0e8b,dbf3
0dce,dd09
0e13,e0a1
0f0b,e71e
10bb,f009
1358,fa6e
162e,058e
1882,0fd3
1a32,17ff
1ab1,1d91
1961,1f53
1682,1d06
11ff,1737
0bd0,0e57
04d9,03b9
fda7,f8c4
f694,eecf
f058,e71a
eb47,e273
e778,e1b0
e582,e4d9
e59a,eb45
e75f,f4a0
eacc,0015
efc0,0c24
f5e0,17ba
fd1d,21df
04f3,298d
0c91,2eca
13d1,31ba
1a3a,320d
1e7a,3053
2040,2d20
1f77,28ab
1bb4,23e0
1570,1f13
0ce0,1a67
0272,166e
f765,12ba
ecc6,0fad
e3bd,0d84
dd49,0bd1
d9fc,0baf
da7b,0caf
decd,0e41
e65b,1100
f0cd,1408
fd16,1703
09a6,1a06
15a7,1c04
1fc8,1ca7
26f4,1c3c
2b4b,1a6a
2c46,1784
29eb,143f
2512,10e9
1e72,0e15
16e0,0c62
0eb4,0c45
0683,0db5
ff1c,1092
f881,1491
f27e,18fa
ed4d,1d03
e88b,2012
e3f9,21c2
e00b,21a9
dc99,1f96
d9be,1b7e
d775,155d
d5b7,0d68
d548,047e
d65c,fb3f
d8b9,f1e4
dc46,e98b
e133,e28f
e712,dc89
ed84,d817
f4b5,d607
fbec,d636
02ba,d85f
0913,dccc
0e87,e369
12cd,ec04
1610,f614
1870,0090
197a,0b17
195c,14e9
1892,1cc9
1708,224e
1531,252f
136c,24e7
1150,212e
0ec2,1a60
0ba9,1155
07d8,06d4
037b,fbd0
fe72,f13a
f8b8,e7ec
f292,e086
ebf5,db5c
e574,d87c
dfba,d77b
db68,d7f9
d931,d983
d92d,db73
dba5,dd67
e095,df16
e7cd,e00f
f0d5,e060
fad8,e063
0510,dffd
0e3d,df45
159c,deda
1aad,ded3
1cfa,df22
1ca5,e01b
19de,e198
14f3,e370
0e56,e5a2
067a,e820
fe02,eae2
f578,edc7
ed42,f0e3
e610,f420
e058,f75d
dc76,fa70
da33,fcbf
d97b,fe1b
daa5,fe67
dd3d,fcf4
e113,f9f0
e5df,f59c
eb17,efe5
f0bc,e9c6
f691,e406
fbfd,df3c
00da,dc38
0506,db57
085d,dcc9
0b2a,e07a
0cee,e635
0d78,ed31
0d9b,f47c
0d60,fb9f
0ce9,01d5
0cfc,0668
0da5,0920
0ed6,0a24
10f3,09a5
13f4,07cd
176d,0505
1b1a,01d5
1ecf,fee6
2244,fcb7
2518,fb85
26c9,fb9e
2770,fd2b
276b,ffc1
268f,031f
2505,073a
22fb,0b6a
2049,0f5b
1d46,130b
1a3e,1610
1707,180b
136a,190d
0f82,18dd
0b24,1731
0609,1451
0052,1014
f9de,0ab4
f303,04e7
ec63,feb5
e65c,f876
e15f,f2e7
ddad,edff
dbd1,e9dc
dbfd,e738
de06,e5fc
e1f1,e631
e740,e807
ed6e,eb19
f385,ef5d
f8a4,f48f
fc75,fa5f
fe1b,008b
fd54,069c
fa76,0c33
f5e2,10e4
f07d,1472
eafb,164f
e656,1659
e38e,14a3
e2fa,10dd
e509,0b91
e9a8,0519
f069,fdcd
f8fb,f6a6
0275,f022
0be2,eb2d
144e,e85d
1a8c,e7a0
1e7f,e9a2
2037,ee2e
1f3d,f495
1c4e,fcaf
184b,05d1
1382,0f1b
0ed7,1805
0ae5,1fea
07d4,25db
0618,29b4
05f5,2b7b
06fe,2ab8
08aa,27b8
0ad9,22d5
0d25,1c29
0f32,144d
10f2,0bbb
124b,02ff
1382,fab3
1494,f337
153b,ecf9
15e1,e878
16cc,e63a
17ba,e66b
18c4,e910
1a34,edf1
1baa,f473
1d13,fbe3
1ea1,0373
1fc6,0a66
2090,0fc7
2115,12f5
2145,13d2
2190,11b7
21da,0cb6
2203,05e3
223d,fdeb
22d0,f59a
235f,ee15
2393,e82e
23df,e48a
240c,e37a
2400,e48d
23dd,e76a
2391,eb99
237e,eff8
233b,f3d9
2296,f6a9
21d3,f7e7
20a9,f759
1f3f,f4f5
1d8e,f194
1b35,edbd
18a7,ea01
15d8,e72c
1270,e574
0f1e,e537
0bd2,e655
086a,e873
059c,eb5e
0378,ee7a
0256,f145
0269,f337
0372,f3f6
05e8,f37b
097a,f1f8
0d91,efb2
126a,ecad
1796,e94a
1c80,e60b
20fa,e30f
2475,e0b9
26b7,df58
2792,de7f
26fa,de35
252c,deb0
2226,dfb0
1ea5,e151
1b5d,e3b0
184d,e677
15c5,e980
13cf,ed47
123e,f17d
1121,f544
102c,f8d5
0ee8,fbd3
0d09,fd71
0a41,fe04
0674,fd45
01a6,fb3c
fc37,f8ec
f6b5,f64f
f1cf,f3c6
ee41,f25c
ec5c,f292
ecb4,f4ef
ef73,f962
f40e,ff71
fa1d,06d7
00c8,0eb0
072d,15d5
0c82,1b39
0fe2,1e1e
10ca,1e46
0f0c,1b38
0ad8,14bc
0486,0ba1
fcdc,00cc
f4d4,f544
ece2,ea4b
e5fa,e0dc
e10d,da05
de0f,d63c
dd0c,d596
dded,d877
e07a,de56
e4bf,e5c6
ea49,edd6
f07f,f5d3
f729,fcd9
fdf5,0220
03f8,052f
08c0,0610
0c8b,04fc
0eca,0261
0f01,fef5
0d64,fb3a
0a1a,f7fa
050e,f5b7
fe70,f42f
f702,f34e
ef83,f2f0
e8f5,f287
e439,f17d
e1f6,ef69
e31f,ec38
e7b9,e806
ef6d,e312
f9f6,de1a
0600,d9e4
11cb,d6e0
1c57,d5d4
2498,d73b
28cd,dae2
28a1,e106
2446,e980
1bb1,f34a
105c,fdcd
03aa,0872
f694,11fd
eb05,19ae
e244,1f53
dcb9,224e
db43,226f
dd89,200a
e233,1add
e87e,133d
ef47,0a25
f4f1,ffe8
f88f,f513
f991,ea9b
f797,e165
f379,da35
edfe,d527
e77d,d28d
e185,d29e
dd04,d4f3
da54,d9dc
da7f,e0f3
dd86,e91a
e2dd,f249
ea03,fc3c
f1fe,0613
f9e9,0f35
00a4,1751
0574,1e1c
085f,2310
092a,2647
0826,27a7
0627,266e
03a1,22ef
0170,1d68
0051,15c0
0067,0c95
022b,023d
05a0,f793
0a31,ed92
0f7d,e498
14e1,dd98
1987,d957
1cba,d82e
1e0a,da8a
1d28,e019
1a50,e870
1602,f305
1083,feb6
0aa3,0a8f
0550,1571
0151,1e1c
ff1d,239f
febc,2592
00b1,241b
04d8,1f8f
0a1f,1860
100f,0f55
15d9,058e
1a49,fc30
1d00,f413
1db9,edcc
1c81,ea21
1a07,e916
1678,ea22
1258,ed02
0e90,f113
0bc7,f5ba
0a9d,fab4
0b1a,ff83
0d52,0360
10c5,05e8
14be,070f
18ec,0709
1c04,05e7
1d86,033e
1d34,ff4d
1a8a,faa3
1602,f537
0fc1,ef84
0864,ea41
0110,e5d3
fa62,e2d2
f4f1,e1d6
f188,e2fe
f07c,e673
f168,ec87
f450,f4b4
f8fa,fe18
fedb,07d1
05af,10c6
0cce,1805
1392,1caa
19ce,1e69
1f63,1cbf
240e,1774
2772,0fa3
297a,062b
2a4c,fbc8
297d,f1b9
2756,e8e8
241b,e1d6
1f15,dd3d
18e6,db22
12b5,dafd
0cea,dc83
07c3,dedc
03f2,e120
027c,e2bf
0396,e38a
0691,e396
0ac3,e2e8
0fb6,e1f5
145b,e19f
179b,e2b0
1896,e581
16aa,ea23
118c,f0da
0956,f985
fed3,0359
f325,0d60
e7d6,16b2
de6c,1e49
d81e,2327
d5aa,249d
d786,2299
ddde,1dac
e7da,15f3
f449,0be7
018a,0112
0dd3,f6c4
17f1,ee10
1e69,e788
2074,e3e8
1e19,e3b1
1721,e66c
0cab,ebeb
005c,f36b
f328,fbe4
e683,0499
dbc3,0c64
d3ab,12d9
cea2,17a9
cc85,1a82
cd12,1bc9
cffa,1bfb
d471,1ba5
d97c,1b1b
de7f,1b0e
e2fd,1c26
e6b5,1e29
e9d7,2107
ec98,2458
ef49,2765
f299,299c
f6e4,2a42
fc19,28c1
0208,252c
0868,1fe7
0f2a,1964
1598,1271
1aa6,0bd9
1de9,066c
1f0d,02ce
1d90,01c4
1959,035b
1341,06a3
0bc5,0b62
0361,10ec
fb5d,15f1
f496,19ab
ef82,1b99
ecdb,1b66
ed38,1882
f00f,12f1
f4be,0b58
fb00,023a
01f8,f846
08bd,ee8a
0e79,e60d
125f,df49
1436,dae6
145e,d973
1303,daec
1018,df27
0c62,e5cf
0896,ee6a
0538,f802
02ce,01df
0190,0b71
01d6,1409
03ac,1b7d
06ba,2133
0a6e,24ae
0e6d,268d
1269,26aa
15ba,2478
181a,2074
19be,1acd
1a7a,1336
19fa,0a2c
183e,0060
154e,f645
1130,ec2a
0bb1,e296
0520,da50
fdf7,d36f
f61d,ce60
ee6b,cbbc
e7dc,cb5f
e291,cd94
deed,d209
dd57,d845
de49,e081
e1e0,e9cd
e771,f350
ee85,fd48
f6b4,0715
fefd,1017
0675,1871
0c87,1f44
10a1,248e
12b2,28f6
12eb,2bee
11b4,2d88
0fc5,2df9
0d94,2ce4
0b8d,2a6f
0a78,26c5
0acd,21f8
0c46,1c9f
0ed8,171a
1242,11a3
162e,0cf1
1a83,0933
1e6c,067d
216d,0546
23a9,0586
2539,0692
25e1,082e
25cb,0a6c
256f,0c54
24b6,0d20
23fc,0cc8
22f9,0b26
2186,07bc
2014,0299
1e4a,fc9e
1c6b,f5f0
1a90,ef52
18cc,ea00
17b7,e647
1760,e4e5
17a3,e6bb
187b,ebae
19b9,f324
1ac2,fcb6
1ae1,0769
19b9,1212
16e4,1bbb
11f5,2389
0b44,2925
02ed,2be0
f960,2bf6
efe0,2a08
e6f4,2672
df95,2287
dae6,1ef0
d92c,1c07
daa6,1a53
df44,19b8
e694,1a18
efe9,1b17
fa44,1bf4
04cc,1c16
0e83,1ae7
1644,17b0
1bb0,1258
1e84,0b3b
1e84,02b4
1c03,f9c2
1756,f141
110e,e9d8
0978,e4af
0117,e25d
f8e7,e2e9
f08f,e622
e86a,eb9f
e1be,f25f
dc8a,f930
d927,ff88
d818,044a
d96c,068b
dd5b,0638
e365,03ae
eacf,ff7a
f321,f9c1
fb76,f36b
0290,eda5
07ae,e8f1
0a67,e5ed
0a50,e526
0765,e6c6
01f2,ea84
fb14,eff8
f448,f6ea
ee4f,fe89
ea58,05e8
e9c4,0cb0
ec93,1256
f2c8,1648
fc0f,181f
06cd,17fd
11cc,1634
1baf,12b3
22de,0dfe
2668,0894
25f4,02a5
2194,fc7b
199f,f674
0eec,f142
029b,ecfc
f616,e980
ea6b,e72e
e094,e636
d98c,e683
d560,e858
d404,eb9d
d572,efe1
d918,f556
de7f,fbc0
e535,0290
ec8d,098d
f426,1065
fbb1,16aa
02ea,1c05
0984,2001
0e6e,224c
114a,22c0
124c,2108
113f,1d2f
0dfd,176b
086d,101f
0125,07f1
f90b,ff3d
f12f,f6c9
ea87,ef6f
e5d8,e97d
e43f,e578
e620,e3e1
eb36,e474
f324,e6c1
fd09,eaa6
076c,efb2
110e,f511
18d0,f9dc
1d62,fd8f
1e32,002c
1b2d,014a
14b2,00bd
0bf0,ff2d
0264,fcfa
f931,faa6
f1a2,f8c1
ed1b,f791
ec07,f7a0
ee81,f90a
f445,fb68
fc4c,fe76
0547,01b3
0de3,04ae
1534,0719
1a6a,089f
1ca1,08ef
1bfd,07e5
18da,05e5
1324,0329
0bd4,0013
03ae,fd26
fb32,fa9c
f386,f8e6
ece8,f7e9
e76e,f776
e363,f797
e0be,f804
dfd7,f89c
e080,f965
e236,fa0f
e54b,fa6a
e99e,faa2
ee9d,fab1
f45e,fac4
fa6c,fb01
fffc,fb12
048b,fb1b
0777,fb47
087e,fb54
0782,fb73
0404,fbda
fe57,fc73
f79b,fd37
f078,fe3c
e9d7,ff68
e50b,00bb
e28b,0287
e2c1,041d
e620,0541
ec03,0632
f373,0627
fb92,0543
0305,039c
0863,00c5
0b38,fd3f
0b2f,f95b
07af,f4d2
014d,efbc
f974,eac7
f12a,e646
e9d5,e258
e4e0,df61
e2fb,dd45
e4d1,dc4b
ea28,dcda
f243,deb2
fca3,e1de
07b7,e651
11c1,ebf3
197b,f283
1da1,f983
1de8,007a
1a7e,071c
13a2,0d49
0a2f,1230
ff3f,1585
f463,1782
eaed,17b9
e384,1642
df0c,1366
ddbc,0f23
df53,09c9
e345,0379
e885,fc35
ee74,f45d
f3e7,ec2c
f7c0,e3e1
f9b6,dc13
f9d1,d4dd
f8c8,cec2
f6ad,cacf
f3cc,c91e
f14c,ca0d
ef94,ce08
ef41,d501
f093,decf
f342,ead3
f77a,f83d
fc73,05f1
0170,12c2
067e,1d4c
0a97,2472
0d36,27aa
0eeb,2676
0f76,214e
0edd,18e6
0da3,0df2
0be0,01c3
09f5,f5fa
082c,ec16
06bb,e4dc
060a,e13d
05d7,e1aa
0634,e594
0782,ec48
0998,f4ac
0c8d,fd7b
1034,053f
1490,0ac8
1961,0d6d
1e15,0d0e
22c1,0a05
268f,049d
28df,fe06
29bf,f7c4
28bd,f272
25bc,eec0
211c,ed74
1b1e,ef0b
13de,f35d
0be7,f95d
03e1,0020
fc67,06d8
f611,0ca5
f138,10b0
ee1e,1279
ecfd,1282
edc7,1125
f038,0e4b
f403,0a99
f8b6,0712
fdec,044e
030c,0279
0787,01ed
0b12,02d8
0d62,04b8
0e6c,0754
0e3b,0a79
0caf,0d6c
09d0,0fa8
05e7,10e6
0110,111a
fb78,1070
f59f,0edf
efc9,0ce7
ea23,0af9
e541,094b
e14c,089b
de57,0939
dcc5,0b17
dc83,0dd4
ddb5,115d
e068,15c9
e42a,1a15
e912,1dde
eef9,2119
f533,2304
fbc4,2378
0257,22d5
083a,2124
0d58,1e8f
11a6,1b58
1511,17a8
1755,1425
1843,10d0
17f7,0d96
16c0,0b2f
1514,0972
130a,080e
10cb,074b
0eda,06fa
0d98,06b1
0d01,0695
0d29,0690
0e68,0638
1080,0578
12e0,0424
1572,026e
17f0,0099
19b1,fe83
1a5b,fc8d
19bc,fab8
17ca,f8d8
14f4,f737
118f,f5ce
0dd6,f4ab
0a34,f3cb
072a,f30b
0515,f2a1
0400,f2b4
043f,f317
05e5,f3ce
0873,f545
0ba7,f783
0f4d,fa67
12f2,fe45
1687,02e1
19e6,07ff
1c8a,0d67
1eb5,1264
205f,16f2
2142,1ac7
21b4,1d23
218b,1de8
20c0,1d08
1fd9,1a37
1eab,1553
1d17,0ef5
1bad,07ac
1a83,ff96
199f,f7b2
1940,f09e
1991,ea37
1a72,e553
1bad,e264
1d44,e117
1eeb,e11f
205c,e24e
21cc,e4a8
22e2,e77d
2306,ea45
227b,ecf1
2120,ef46
1ec3,f145
1b72,f2cb
1761,f40c
12ee,f56d
0de9,f6ba
0898,f84d
033a,fa54
fdbf,fc82
f8a9,ff0a
f476,019d
f11d,03bd
eece,0546
ee09,062b
ee83,0649
f054,057b
f39b,03d4
f793,017f
fc23,fee5
00d1,fc75
04be,fa7c
0788,f94c
087a,f915
078c,f9fa
04da,fbef
0049,fec4
fac0,0275
f541,066c
f071,0a12
ed2d,0d5f
ec38,0fbb
edb2,10bf
f137,107b
f677,0ef3
fd0a,0c95
03de,09a2
09f9,069b
0ec4,043a
1172,02af
11b3,0254
0fc3,0349
0bd8,0555
06d3,07f0
0190,0a20
fcd3,0b87
f99c,0bc2
f82d,0a2a
f8ee,06b2
fc04,0179
0106,fb05
0778,f427
0eae,ed98
15ff,e843
1c82,e553
221e,e52e
2655,e772
2876,ecb4
28c3,f49a
2748,fdba
23f7,0765
1ef2,106f
1882,17c4
10f8,1c66
08e7,1d93
008e,1b9e
f7f8,16b0
efd1,0f30
e8bb,0653
e2fe,fd14
df22,f46c
ddc7,ed55
deef,e85a
e26d,e59a
e806,e4f5
ef46,e63a
f79a,e8c0
0011,eb8a
07fc,edb5
0ee5,ee9b
143a,ede8
17b8,ebca
192b,e882
18db,e475
178b,e0dd
153a,de94
122b,de39
0f61,e083
0d14,e591
0b23,ed06
09ca,f675
08c4,0113
07bd,0b69
06ec,1476
0607,1afe
04b1,1e03
0337,1d9e
010f,19ee
fe01,13a5
fab8,0bbe
f6f6,0351
f2c3,fbe0
ee78,f683
ea3b,f3f4
e637,f4db
e291,f901
df89,ff90
dd61,07e5
dc72,10dc
dcce,1934
deb3,1fed
e234,241c
e708,256c
ed17,2397
f41c,1ed9
fba9,17e4
02cd,0f8b
08ef,073c
0d9b,ffcc
100c,fa2b
1083,f71b
0edd,f66e
0abe,f85d
0501,fc9c
fe14,025f
f684,08d1
ef23,0f4e
e818,1579
e1eb,1aa0
dd1d,1ecb
d973,2226
d704,2433
d61d,2501
d68d,24b7
d829,2363
dac2,212d
de2b,1dfa
e293,19df
e7bd,1506
ed2d,0fc6
f326,0a74
f930,052a
fed4,0065
045c,fc86
08f4,f98e
0ca3,f78e
0fb1,f68a
117b,f625
12a4,f613
1383,f5fa
142b,f56c
1559,f4b5
16e4,f3b0
18d0,f1a8
1b23,ef04
1d0d,ec5f
1e1f,e9ca
1dd0,e78f
1bab,e662
1751,e6a4
107c,e82d
07f1,eaff
fe47,ef29
f465,f446
eba6,f9e5
e4cd,ffd7
e100,05a9
e106,0ae6
e49c,0f63
eb9f,12c6
f571,14f4
00cd,15ed
0c5f,156c
16bc,1361
1ef9,1001
2412,0b60
254d,056c
232d,fe58
1df6,f6b1
15d2,eee2
0bf5,e77c
0157,e14c
f696,dca6
ece5,da05
e4e2,d9ab
ded8,db49
db72,deb3
da9f,e359
dc3b,e898
e059,ed91
e662,f17c
ee1e,f3fa
f720,f47b
0019,f359
08b2,f0ef
107f,ed74
1698,e9a8
1ae0,e675
1ccb,e4d0
1bcb,e4ca
1844,e6c6
129d,eafd
0b22,f0fb
029b,f84a
f9cc,ffc0
f1a2,068f
eb51,0c05
e729,0f56
e585,1057
e6cf,0ed7
eabc,0adf
f100,04f0
f90f,fde7
024b,f6a3
0bf5,ef97
154e,e9a8
1e0a,e585
2541,e2d6
2a33,e1df
2cf2,e2e1
2d4a,e52c
2b08,e86e
2634,ecab
1ed5,f151
1574,f60f
0aad,fb0a
fef7,001d
f36f,04cb
e908,0916
e088,0d56
db0a,1101
d8e3,1410
da59,1698
df8e,186e
e7ce,19be
f26b,1a1e
fe0a,194a
0951,1795
1304,153d
19c2,121a
1d16,0e4c
1cad,0a83
18b8,0738
1204,044a
0965,017f
0028,ff19
f778,fd2b
f041,fb6a
eb3d,f9db
e8bf,f8a6
e900,f7ab
ebb4,f705
efe7,f6d5
f4b7,f720
f981,f7f9
fdc8,f958
00ee,fb35
0293,fd68
02fb,ffd6
0254,0235
0134,0418
0043,0566
ffce,05fa
0059,05dc
01f1,0535
047b,03da
081f,023f
0c73,00b2
10df,feef
1507,fda5
187f,fd0a
1af9,fcb5
1c49,fd29
1c9c,feaf
1c31,00f6
1b52,03ed
1a66,07f2
19c4,0cbb
1a08,11cb
1b45,1776
1d7e,1d10
20c9,21ef
245d,264b
27b2,296a
2a5d,2acf
2b5c,2ab7
2a47,28fc
26fd,2596
20f7,20e7
187a,1ac4
0e51,13ac
0359,0c8d
f88d,056c
ef1b,fe93
e849,f87f
e485,f350
e461,eeda
e83e,eba4
ef1a,ea5c
f809,ea73
022f,ebec
0c32,ef07
14de,f34a
1b28,f8d0
1e8c,ff1b
1ed9,053b
1c14,0b0a
1720,0ffd
10f8,1382
0a7d,1519
04c8,1470
007a,11e9
fe28,0d5d
fe0f,06cb
ffdc,ff03
0315,f69a
06d5,ee67
0a6e,e74b
0ccd,e18f
0d0c,ddf2
0b50,dd64
06fc,df6b
006e,e385
f8ea,ea29
f0d3,f2fc
e986,fcd8
e417,0740
e0cc,11ba
e066,1b73
e268,23ac
e632,29da
ebc7,2df5
f1cd,2fd0
f742,2efc
fbe1,2b9e
fe82,25e0
fe94,1e26
fcbc,14fb
f968,0a88
f4ff,ffd1
f0ca,f568
edc5,ebad
ec4e,e3e8
ed45,de1a
f11a,da16
f789,d8ac
ffeb,d9ce
094f,dcc8
1306,e0d5
1c28,e510
2338,e8fc
2723,ec0a
27e3,ed61
2583,ecca
2032,eac1
18be,e792
105a,e3c5
0809,dff9
009d,dcc2
fb3d,db19
f83f,daf6
f790,dc62
f957,df6d
fd25,e34e
0211,e7b2
074a,ec07
0c36,efee
106b,f344
1387,f5ab
1518,f735
1545,f7c9
1486,f7c0
12ff,f7bb
10ee,f7fe
0ee7,f8da
0d72,fa12
0ca5,fbe7
0c7a,feac
0d1a,01f3
0e5a,05d1
0ffb,0a30
11f8,0eaf
1415,1376
161e,1835
17fd,1c57
199e,2007
1ae9,22e5
1bad,2461
1bfc,2451
1bb4,22b9
1a90,1fc8
188b,1b64
15b4,15c6
121a,0f39
0d90,07fc
0870,0036
035f,f824
fe42,f035
f96f,e8ad
f57d,e1d9
f252,dbb5
f019,d6c9
eeaa,d3a7
ee0b,d220
ee3f,d289
eecc,d536
eff6,d9ea
f15c,e07a
f2c4,e8f5
f47c,f2c7
f61b,fd1b
f7da,073e
f98c,1034
faaa,170b
fb67,1b15
fb89,1c0b
fb08,1995
f9f7,13af
f7f8,0b32
f594,010d
f39e,f603
f1f6,eb53
f0e3,e24f
f0fa,dbcf
f1f3,d874
f408,d836
f704,da92
fa25,df71
fd2c,e665
ff6d,ee16
006d,f568
ff9a,fba6
fcb4,0051
f85c,0333
f2ec,0457
ed2c,0420
e7d1,031b
e399,01dd
e1c8,00ed
e297,00ca
e626,01a3
ec9e,0387
f52f,0642
ff19,0957
097d,0c55
1347,0eec
1b8f,10e6
2165,11b4
248b,1143
24f0,1020
2277,0e77
1da2,0c41
16cc,095b
0ee1,0612
06b4,0279
fe4c,fe12
f692,f967
f05e,f4ba
ebbf,f02b
e8e3,ec4d
e7fb,e956
e8f4,e80f
eba4,e8d8
efb5,ebc9
f4e5,f0ec
fb55,f7e9
0297,0052
09f0,0902
1102,1120
179d,17f8
1cf8,1c5e
2034,1dbf
21b5,1c42
2178,1818
1f22,118a
1b65,09b9
16a2,01b8
1112,fa11
0ba2,f401
06dc,f08c
02eb,efae
005e,f153
ff5e,f575
ffbf,fbff
016e,041d
0414,0cf3
0751,1615
0ad7,1ebd
0e84,2690
11d7,2d37
14bb,3201
1783,34d0
19f1,3594
1c3d,3422
1e4b,3063
1fc3,2a42
20eb,222b
21c8,18a5
2225,0e0b
21fd,0397
2196,fa3f
213c,f2d3
20d7,eeba
2081,ee26
20e4,f128
21ed,f7eb
232f,0141
24bd,0c04
2619,16ec
26c3,204b
2672,26d9
247e,2983
20fb,279d
1c0a,2181
159a,17a2
0e70,0ab0
074c,fc9b
00f4,ef1b
fc60,e379
f9f1,db61
f9b0,d774
fbd0,d7af
ffdf,dc09
04ca,e398
09f9,ed6f
0e9c,f8b6
1182,03fd
1214,0df8
100e,163c
0b56,1c64
0476,2027
fc82,21d9
f406,21ad
ec2a,1fd8
e68f,1cb5
e32b,18ae
e29c,13f8
e548,0e5c
ea3a,0816
f16a,01e0
f9e2,fbe5
026c,f681
0a49,f295
1078,f029
14cf,ef58
16b8,f0c6
1620,f40e
13f3,f83b
1070,fcd1
0c38,00e6
080c,0313
0430,02c8
0136,ffd1
ff34,f9c9
fe03,f15b
fda3,e7e4
fdbd,dea5
fe1d,d73f
feaf,d32f
ff1b,d34c
ff10,d819
feab,e1c8
fe56,ef8d
fe2b,ff6a
fe3c,0f5d
fe97,1d5d
ff41,2735
007d,2bdd
0213,2aae
03df,234a
05e9,171b
07a7,07c9
0904,f765
0a0f,e856
0a41,dc94
0969,d5ff
07a5,d537
057a,da3d
036a,e488
017c,f2a4
fff0,027a
ff0e,11cb
ff13,1edc
000c,27ff
0201,2c24
04d7,2b2a
07f5,255e
0b4c,1bb8
0e83,0fd9
10e6,0350
124b,f7c5
123a,ee9d
109a,e877
0dda,e62c
0a26,e7c8
05d2,ec29
0173,f2a0
fd88,fa2f
fa98,0181
f937,07d6
f974,0cae
fb1d,0f8e
fe10,1089
0223,1045
06e6,0f0f
0bd1,0d44
10e5,0be9
157c,0b57
1946,0ba5
1cc1,0ce4
1fa7,0e6a
21d8,1022
234c,11a9
2433,11e1
24a0,1092
23fc,0d8c
22aa,08bd
20d0,02cf
1e27,fc3b
1b32,f5b2
1862,f023
1624,ec66
14e1,eb30
14dd,ecf7
1620,f1cb
188a,f8f6
1bde,01e1
1f2e,0bc4
21b0,1538
22d4,1d5b
219a,2367
1de3,263d
1793,2594
0e65,21eb
0323,1b8e
f6ea,131e
eb45,0994
e1a3,0003
db0d,f74a
d8c5,f002
db15,eb01
e16b,e849
eb87,e7ad
f885,e97c
0674,ece9
139e,f167
1e7c,f6cd
25e7,fc28
2926,00e9
27ac,04e5
21fc,0805
191f,0a11
0e23,0ac6
02a1,0a63
f7ed,08d3
ef0b,05d4
e8f4,01b8
e5c9,fcd1
e57a,f758
e7cb,f192
eb96,ec68
f002,e866
f433,e585
f71b,e492
f886,e605
f828,e9ba
f616,ef80
f316,f720
efae,ffbe
ecbc,084b
eb0b,1082
eacb,176b
ec1a,1c47
ef0a,1f39
f35d,2001
f868,1ee5
fd74,1cca
01e4,1a42
0540,17dc
0719,160e
06fd,152a
0546,15cb
0285,17af
fece,1a2c
fafd,1d48
f7dd,204f
f5a0,2293
f501,23f4
f63a,2416
f8f0,230e
fcea,2144
0194,1f1b
068e,1ca7
0b3c,1a42
0eb5,1893
10ca,17ac
1123,1799
0f60,1867
0c1a,19e5
080b,1bf2
03a1,1e23
ffc3,201a
fd77,21cf
fd12,22d7
fee7,22eb
0345,2260
0990,2135
110d,1f3b
18ce,1cc3
1f85,19d1
2485,1670
2716,1302
2694,0f72
2325,0bcb
1d46,0848
15b0,0547
0d70,0316
05eb,01af
0058,0171
fd4d,02a4
fd79,0518
0106,086b
0718,0c44
0ead,1067
1665,147d
1cd1,180d
2080,1a4c
2045,1b52
1bf7,1b5c
13e0,19b4
0893,16ab
fb32,131f
ed83,0f61
e1b2,0c2a
d933,0a20
d4ef,0936
d5c0,09b4
db94,0c0a
e580,0f9f
f23d,13b0
0008,17f2
0ce5,1b9f
1729,1dcc
1d87,1e0e
1f2f,1c2a
1be0,17ff
143b,11c9
09d4,0a43
fdee,0234
f23a,fa51
e8ea,f381
e316,ee00
e14a,ea32
e3cf,e89c
ea23,e881
f371,e995
fec4,eb7f
0a53,ed48
1496,ee90
1cdc,eec6
2239,ed7a
2463,eadc
2377,e73b
1fb9,e34b
1a79,dfeb
14d9,dde2
0fa9,de15
0bdd,e0c3
09d4,e650
09a1,eea9
0b11,f8c3
0df7,043d
11b6,0fdc
150b,1a55
17ba,22cc
19be,27d2
1a05,297a
18bf,27fd
16d1,23a4
13ed,1d9c
10b0,16c3
0dd9,108e
0b90,0c0e
0a63,09ab
0a6e,0a1e
0b86,0d69
0d55,12f2
0f7c,198a
1198,202f
12f6,25ed
130f,293c
114e,297a
0d72,265f
081d,1fbc
0190,162a
f9e3,0a9d
f1f4,fe55
eaa7,f287
e464,e89f
df65,e1f7
dc28,deda
daa9,dfa8
daaf,e44f
dc42,eb6a
dedb,f41e
e1db,fdae
e4d0,06c3
e758,0e6f
e936,144f
ea33,1866
ea61,1ac9
ea45,1bb0
ea3d,1bae
ea72,1b8f
eb41,1bdb
ecf8,1cdc
efa5,1ecc
f330,2155
f79d,241c
fccd,26d6
0235,28fa
07eb,2a13
0e16,29ab
13a1,279b
1861,23c4
1d06,1dff
210f,168f
2417,0ded
2640,04c1
275d,fba1
2754,f310
2623,eb73
23f4,e531
20ac,e09d
1c84,ddab
182e,dc91
13b8,dd53
0fa3,df87
0d24,e313
0c88,e77c
0d70,ec7d
1013,f205
144d,f7a8
18fc,fd48
1db3,0255
21e2,06db
245e,0aeb
24de,0e15
2339,109b
1f70,11e4
1a49,11be
1440,10ae
0dc1,0e4f
0807,0ab0
03fc,05fb
01fb,001d
0280,f9b0
058d,f2f1
0ab7,ec06
112f,e5c5
17eb,e0c4
1e3a,dd71
2360,dc41
263b,dd52
2677,e0a3
2466,e607
1fec,ed2b
1963,f58a
11ba,fe8e
09b8,0790
01c7,0fce
fa77,1694
f489,1b70
eff8,1e38
ecc6,1f0a
eb1c,1dfb
eacb,1b51
ebab,1794
ed6c,1310
f008,0e65
f35d,09f2
f6b5,05d8
f9e9,026a
fd3a,ff77
0045,fcc5
02c3,fa25
04a8,f776
05a5,f4a3
05d7,f18c
0543,ee5e
03f2,eb59
0246,e8d3
0065,e700
fe92,e5f4
fd43,e5dc
fcaa,e6a1
fcb5,e80b
fd76,ea58
fefc,edae
0115,f17e
03b1,f57c
068b,f9d4
0958,fe77
0c18,0348
0ea3,07e8
1077,0c07
1133,0fb5
1114,1290
102d,1437
0e3d,147a
0b4f,1331
078e,108b
0306,0cc7
fdf1,07f9
f915,02b5
f4b2,fdb1
f0cc,f926
ee47,f56b
ed92,f2fb
eee4,f1f0
f272,f230
f7db,f3c7
febe,f6a9
069d,fa91
0ea9,ff72
1601,058c
1c16,0c83
2052,13f8
2266,1bb6
2268,2349
200c,2a12
1be2,2f2b
16b9,3244
1089,32c3
0a27,3009
045b,2a27
ff0e,211d
fadb,1563
f820,0809
f651,fa41
f533,ed2e
f4fc,e251
f551,db03
f539,d7cd
f4ba,d940
f430,df71
f351,e970
f22d,f60a
f13a,03f3
f081,1163
efa7,1c9e
eef4,2495
ee59,2851
ed8e,272d
ecf1,21b4
ec16,18e1
eaed,0dbb
ea06,01ab
e946,f68f
e8b4,ed9c
e89e,e725
e93c,e3f1
eae4,e3ec
ed26,e665
eff5,eaa4
f3b1,ef10
f791,f2f1
fb85,f5e6
ffa4,f717
0319,f64d
0602,f3b4
08d6,f00f
0b9e,ec28
0e71,e877
1185,e5e7
1516,e504
1905,e5ff
1d32,e89d
21a3,ec43
25c2,f0c8
28be,f5a3
2a4d,fa14
2a11,fd98
279d,ff76
232d,ff89
1c92,fe8e
13fc,fcac
0ac6,f9d3
01b3,f6ba
f960,f3dc
f2d4,f152
eec8,ef93
edb0,eec2
ef4e,ee81
f340,eed3
f902,ef76
ff3e,f021
04e4,f109
091b,f1cd
0b0f,f236
0a58,f271
06e1,f22f
011f,f192
f9e4,f10b
f222,f075
eb17,eff8
e5ca,efce
e30c,eff6
e38f,f0ac
e73b,f1c8
ed93,f325
f600,f507
ff45,f76d
07e6,fa60
0ec2,fe02
12dc,0225
13a9,06ba
115f,0bfc
0c34,11c3
0511,174e
fd40,1c35
f588,2027
ef56,22a8
eb8e,2374
ea55,2236
eb6a,1efd
ee2e,1a1c
f265,13c0
f734,0cbb
fb79,05c2
fe54,ff07
ff53,f9a6
fe60,f5f1
fb58,f3aa
f6a4,f32e
f113,f3b1
eb35,f486
e598,f53f
e119,f52c
de52,f3e7
dd66,f153
de60,eda4
e126,e8d5
e5c1,e3af
ebdf,df17
f2c1,db93
fa88,d9f6
02b8,da8a
0a77,dda5
1211,e355
1922,eaaf
1f14,f308
238a,fc0c
2621,04a1
2695,0ba9
2480,10cd
202f,13b7
19bd,1454
1148,12e0
07b7,0fa1
fdcd,0b2c
f485,05f3
ecbf,0082
e6e7,fb45
e3aa,f685
e368,f26d
e5b5,ef19
ea01,ecdb
efa7,eba9
f59c,eb98
faf6,ecbf
fef2,eeed
00fa,f246
0103,f660
ff4f,fa9e
fc8b,ff02
f972,02ef
f68f,05b9
f505,0761
f58e,0748
f809,0535
fc91,01dc
02ed,fd43
0a2f,f7bc
1138,f218
174a,ecdb
1b98,e90b
1d75,e718
1cf0,e6fd
19ce,e93a
146b,ede4
0dfd,f46c
0733,fbbe
00bf,032a
fba3,0a08
f865,0f41
f730,1284
f814,13b2
fae0,12aa
ff5a,0fab
04f3,0b3d
0b30,062b
11a2,00f6
1762,fc26
1c03,f860
1fca,f5b3
2299,f405
23c5,f34f
23c0,f353
22a7,f3b9
1feb,f434
1c3d,f4b5
176d,f517
1158,f544
0ae1,f587
0424,f60e
fd69,f720
f750,f91e
f271,fbf7
ef2b,ffcb
edb9,0494
ee8c,09ff
f143,0fc9
f520,1577
fa0b,1abe
ff16,1f1e
031e,222a
0616,23c1
0778,23b4
06f9,220a
0502,1eed
0208,1add
ff11,15ff
fcf7,108a
fc67,0b3b
fe10,062c
0227,0179
0876,fdb6
1036,fb0a
1871,f91b
202e,f808
2610,f778
2946,f6cc
293f,f633
254f,f533
1dcb,f3cc
136f,f29c
0729,f191
fa43,f0ff
ee07,f127
e3c9,f242
dc62,f4b0
d897,f81d
d87b,fc45
db6d,00f4
e140,0566
e947,08cd
f26e,0add
fbb9,0b59
03f2,09cb
0aa4,062d
0fad,00dd
1278,fa88
1351,f3fc
127b,edd9
0fdc,e8ea
0c0a,e5e9
079c,e561
02d6,e779
fd8c,ebd0
f806,f1f3
f2da,f9b3
ee05,027e
e9ff,0baf
e705,14a9
e4de,1ca5
e3fa,238e
e4b8,28c6
e6ec,2bbf
ea4c,2cfa
ee9c,2c37
f378,292b
f801,2442
fb9c,1d9b
fe54,1585
ffda,0c94
ffe3,0316
ff3a,f9b9
fe8d,f14e
fe3a,ea82
fed6,e60b
00a3,e43e
03ce,e557
08b3,e965
0ecc,ef93
14e3,f71e
1a6b,fef5
1e86,05b2
1ffc,0a5f
1ead,0c3a
1a94,0af5
1341,05f2
094e,fdba
fe17,f3fb
f2c2,e97d
e86d,dfc0
e083,d88a
dbf2,d4e0
db1c,d55e
de72,d9f1
e525,e24a
ee8c,ecdd
fa0f,f7f1
05cd,0268
10cd,0a58
19ee,0e8f
1fec,0ea3
2340,0a39
23f9,0225
223e,f7b6
1f38,ec80
1b72,e293
17ed,db61
15a3,d7c9
14c2,d886
15bc,dda1
1808,e636
1ab4,f151
1d6c,fd82
1f5e,08d9
1fa6,11ad
1d91,16c7
18ec,17ab
121d,1404
0957,0c40
ff49,01b9
f53d,f566
ec35,e914
e4c6,dec8
dfd0,d6e9
dd80,d250
dd37,d19f
df44,d454
e369,d9c0
e8ae,e05d
eeaa,e6e2
f4ec,ec4b
faf4,ef53
0048,ef90
0491,ed3f
07d1,e926
09f6,e400
0ad0,dee8
0abe,db82
09b9,dabf
0798,dd47
050e,e3aa
0252,eda2
ff8b,f9f8
fd53,078b
fc0a,14c5
fbee,1fbe
fd3a,276e
ffe6,2a5e
0393,27c6
0847,20e4
0dc2,1679
1342,08f7
182f,faa4
1bd0,ed7b
1dc2,e27c
1dce,db4a
1b69,d8a1
1682,da4e
0f75,e03a
06bf,e983
fd30,f50a
f3c3,0175
eb5f,0d15
e49c,1731
e03b,1ec0
ded4,2323
e005,2521
e396,2499
e905,21da
ef2a,1e0f
f59c,19cf
fbc0,15ed
00c5,1317
0482,11b1
0719,11bb
08d4,12c3
09f4,14bb
0b16,172c
0cd8,1989
0fa0,1baf
1380,1d4a
1811,1e88
1cfb,1f8d
2174,2033
2492,20a9
2593,2109
23be,214f
1ed4,2163
16e2,215e
0c60,2102
004e,1ff3
f3bd,1e6d
e82b,1c37
df2b,18f9
d986,14e8
d828,1001
db41,0a34
e226,0427
ec61,fe02
f8a1,f77d
0584,f111
11ec,eb46
1c7c,e63b
242a,e1f8
282e,dec9
288f,dcd1
25dc,dbc1
2019,dba4
17be,dc9f
0dce,de4a
02ed,e0a0
f7d0,e3e4
ed51,e795
e445,eb90
dd42,efd4
d885,f40d
d648,f861
d708,fc73
dac0,0038
e0fc,03c1
e9ae,0654
f471,0849
0029,09ed
0be4,0aef
16ad,0b92
1f32,0c2a
2492,0cf7
2632,0e16
2394,0f7f
1cdf,1126
125d,12c1
0535,13e4
f761,147f
ea42,144e
df89,12d1
d8c0,0fe5
d68b,0b8f
d957,0637
e0d2,0013
ebdf,f99d
f8eb,f38c
064c,ee39
12ab,ea89
1cad,e8bd
237d,e89d
267e,ea9d
259d,ee98
2244,f40d
1d75,faa5
1809,01a7
13a8,083f
1137,0e07
10eb,12dc
1315,1658
1741,1811
1c5d,183d
2183,16f2
25b0,13dd
2801,0f81
27bb,0a59
2485,0478
1ed4,fe49
1717,f834
0d99,f2d7
0366,ee8f
f97b,ebbe
f059,ead7
e8d1,ec29
e379,f01a
dfdf,f5ce
ddc4,fcb0
dd82,04cc
de65,0d1b
dff7,1516
e266,1c0f
e502,20d7
e76d,2380
e9bf,2421
eb96,228b
ecae,1f2f
ecf8,1ac6
ec78,15e1
eb24,10da
e8db,0c6f
e60b,0932
e2d8,070d
df6b,05e3
dc8c,05ac
da82,05fc
d967,062b
d9c4,0603
dba5,0515
ded3,0305
e38f,fff7
e980,fbfe
effa,f755
f6c4,f1f7
fd57,ec57
0305,e6e6
073f,e15c
09b6,dc3b
09ff,d7c4
07ed,d411
0439,d1bf
ff38,d0f2
f901,d1b8
f262,d427
ebee,d864
e5c9,de27
e067,e557
dc49,ee25
d973,f77c
d7ad,009f
d739,096e
d86c,10d7
dad5,1652
de44,19c1
e320,1afd
e92c,1a85
eff1,187c
f70e,1566
fe47,125b
0570,0fb4
0bef,0dce
115b,0d5f
15be,0e70
1940,10b4
1b95,1430
1ce3,1871
1d99,1cd7
1dad,20ff
1db9,246c
1db4,26e7
1d80,283f
1d5b,2895
1cec,280a
1bf6,268f
19ca,24c5
164a,2311
11b8,217e
0bc1,2043
0490,1fa1
fce6,1fa0
f570,1fe0
ee87,205d
e902,20db
e55f,211d
e3a2,215a
e432,2126
e71a,209b
ec1e,201e
f26d,1f2b
f93f,1de2
0072,1c96
0735,1b2c
0cb3,1996
10a2,17fb
1312,16b4
13df,154d
12f7,13d5
10b2,12d3
0d46,11b2
0953,108e
0502,0fd1
0081,0eea
fc90,0ddf
f91b,0d0d
f623,0c61
f3e2,0bec
f27c,0bc3
f1e4,0be7
f196,0c61
f1b4,0d01
f253,0d8e
f380,0e0c
f579,0e71
f7d1,0e61
fadb,0d98
fe94,0bda
0245,0924
0618,057b
09c6,004c
0ceb,f9ec
0f90,f338
1183,ec59
1279,e60f
1284,e0f8
11fd,dd3b
107a,db5a
0e07,db17
0b5c,dc3b
085e,dec1
052c,e212
01fa,e588
ff05,e882
fcb4,ea87
fb1e,eb73
fa64,eb35
fa81,e9d8
fb7a,e7f9
fd3e,e68e
ff9a,e627
0261,e76d
0569,eb01
0895,f08d
0b92,f7ed
0e31,00da
10a4,0a1f
1310,12cc
15a5,1a1e
18a5,1edf
1bda,2005
1f63,1da6
238c,17f9
27a6,0f3a
2b0c,0492
2d87,f927
2e8a,ee2a
2d9f,e4e0
2a60,de2a
2507,da9e
1e2b,da2c
15a7,dc6b
0c79,e100
040a,e74e
fcf6,ee53
f813,f529
f5e8,fb01
f6ec,ff4e
faf6,024c
0133,03f5
090f,0417
111b,0325
1801,0178
1d21,ff3f
1f12,fcf4
1d31,fae2
17e2,f973
0f8d,f8c4
056f,f89c
fa98,f950
f01a,fac0
e79f,fd01
e254,0039
e09d,040b
e25e,085c
e73f,0cbb
ee81,10cd
f6f2,1421
ff19,15ee
05a3,15d9
0990,139e
0a74,0f1b
082c,08af
02cc,00ca
fb91,f83a
f3cf,f027
ec7c,e945
e6ff,e49a
e442,e2df
e486,e40b
e7c0,e861
edbd,ef72
f5eb,f840
ff36,01fc
088c,0b80
10e6,13ed
179c,1a8a
1c4d,1ea6
1e79,2012
1e57,1f07
1c7c,1bf6
192d,1779
152a,1211
1105,0c37
0d4c,06ab
0a88,01ea
088b,fde8
0763,fad5
06de,f8e6
06d8,f7ee
071b,f7b1
0732,f84d
0733,f9eb
06ab,fc4e
0594,fefb
043d,01cb
0251,048f
0032,06c3
fe12,0818
fbde,0846
fa2e,0757
f906,0536
f819,0192
f76c,fcd0
f6d2,f7ae
f64c,f2e9
f5be,eeda
f4d1,ec50
f3a6,ec4e
f268,eeb9
f14d,f385
f0cc,fa5b
f0e5,0244
f191,0a71
f313,11f8
f53d,17d5
f7e9,1b17
fb39,1b7e
fe8b,18c8
017b,1337
0412,0bc0
05ff,02cd
0741,f960
07a9,f081
072c,e8b0
05c9,e28d
0311,de18
ff5b,db3c
facd,d9ee
f582,d9c1
efea,da6b
e9cb,db82
e3b2,dc9f
de2b,dd8b
d930,de30
d53f,de8a
d2c3,de75
d231,de38
d38b,ddec
d6da,dd79
dc66,dd11
e3ba,dc91
ec3a,dc4f
f5da,dc86
0031,dcc9
0a27,ddb1
132d,dfa7
1afd,e256
210c,e63d
24df,eb47
2677,f11e
2623,f7c0
2388,fe8a
1ec7,04fa
1892,0a86
1116,0e71
08d6,105b
003e,103e
f7a7,0de4
efad,0987
e88c,0416
e2c9,fe11
def6,f80e
dd00,f2b0
dcf8,ee5a
df21,ebd9
e319,eb7b
e84d,ecc6
ee94,ef6a
f55e,f2ec
fbc9,f671
016f,f9e2
05c5,fcd4
083e,fe91
08f8,ff59
0804,ff3f
05ac,fe5c
0260,fd0d
fea5,fb86
fb68,fa3f
f91c,f97c
f81b,f92e
f8b1,f9d0
fab5,fb62
fdcf,fd40
0158,ff46
0496,0153
06e2,035a
07cf,052e
0734,06a2
04ec,07db
012c,0923
fc6f,0a5c
f786,0b07
f31a,0bce
ef86,0ca5
ed9e,0d0b
ed9f,0d81
ef16,0dbf
f1fe,0dd8
f63a,0e15
faee,0e3b
ff42,0e69
02f9,0ea0
05db,0ee9
073a,0f30
0730,0f6f
061d,0fb2
03c6,0ffe
00bb,1024
fd6d,0fbb
fa4a,0f0d
f83a,0e48
f71b,0d31
f6e3,0bb8
f7e4,09d9
f97e,07b1
fb33,0565
fcef,02ba
fe38,ffaa
feba,fcee
fe55,fa7e
fced,f7ef
faf7,f5c5
f8d6,f44f
f6c4,f392
f575,f3db
f564,f51b
f6a3,f7a0
f950,fb78
fd78,0012
0287,0575
07c5,0b3c
0cbc,10a9
107b,1587
125e,1929
11fd,1aed
0edb,1ae7
097b,1926
0262,1606
f9b5,11e0
f091,0d15
e80a,08ab
e0c5,04b0
dbdd,0147
d98d,ff5a
d96d,fe98
db9d,fe92
dfc7,ff20
e501,ffe2
ea51,0059
ef44,fff1
f371,fe49
f626,fb51
f741,f704
f6fa,f18f
f5b5,ebc5
f411,e62d
f278,e10c
f14f,dd33
f112,db40
f1f7,db53
f43b,dd9f
f7b8,e1b4
fc04,e717
0103,eddb
05e8,f54d
0a37,fcb7
0e09,0400
109b,0ab5
11e0,108e
1229,156a
1109,1961
0ed4,1c62
0bdb,1e32
081a,1f9c
0419,2067
ffea,2088
fb83,2093
f729,2018
f2ed,1f6c
ef12,1e6b
ebb9,1cdc
e904,1b2d
e715,18ea
e5f8,162a
e608,1364
e76e,1078
e9c8,0d91
ecea,0ade
f0c9,0840
f4f5,0618
f949,04a2
fdb4,0355
01d3,0239
0558,012e
0858,ffb7
0ad2,fdf9
0ca3,fb98
0def,f862
0e93,f4b7
0eac,f067
0e88,ebe3
0ddb,e7ec
0c96,e434
0ab9,e0f9
084c,ded6
0532,dda2
010a,dd7e
fc4b,deb8
f74d,e140
f1fa,e518
ed0d,ea4a
e91d,f092
e607,f7c7
e427,ffae
e3ec,0801
e52b,1094
e81d,185f
ec82,1ee4
f192,243f
f70e,27a1
fc40,290b
00b7,2875
0455,2575
065f,208f
06e7,19ea
0630,1203
0437,09c1
0157,01ac
fe23,faae
fb59,f530
f969,f173
f8b0,f027
f961,f103
fb1c,f3e5
fdae,f8b8
00db,feca
03b5,05f0
05c7,0d6f
06fe,1495
06bb,1b3f
0502,20c8
027b,24f6
ff61,27c4
fc6b,28b5
fad2,274e
fb07,23ad
fd54,1e0e
01b3,165c
07fa,0d6d
0ff4,03ab
1866,f984
2017,f03c
262c,e814
29ce,e203
2a2a,dea7
26c3,ddae
2005,df90
16cb,e3cb
0bcc,e9e3
fff1,f150
f4b0,f8b8
eb67,ff45
e4db,0446
e16c,0746
e138,0802
e3d7,069e
e8aa,03cc
eee0,0034
f514,fcac
fa60,f9e6
fe5b,f861
004b,f8bc
ffe0,fb32
fda9,ff87
fa37,053a
f5e2,0bfd
f18e,132d
ee21,19c5
ec3c,1fb4
ec4e,24b0
ee1c,27d1
f183,2921
f669,2919
fc31,27c2
0218,24db
07a6,20a9
0ca6,1bf5
10be,16bc
139e,10da
156c,0ae4
1674,0544
167d,005c
1587,fca1
13bf,fa4c
10e1,f994
0d31,fab9
08be,fe04
0381,034a
fe23,09cc
f923,10d8
f48f,17d8
f0c2,1ddf
ee43,2222
ed11,2494
ed34,24ff
ee43,2325
efd8,1f6f
f1d5,1a7f
f36b,1528
f41d,0ff9
f3ce,0b76
f254,085b
efae,068a
ec48,05a5
e8c6,0565
e58e,0532
e339,04b1
e291,0321
e3e1,ffda
e758,fb26
ed5c,f51c
f59a,ee2a
ff2d,e74a
093b,e143
132d,dcf2
1c5b,db2f
23a9,dc1e
28ce,dff5
2bcd,e6a8
2cb1,ef5d
2bd3,f9d8
293b,0535
25bd,1015
2220,19ef
1e90,2224
1b45,282a
1878,2ba5
1611,2c75
13a4,2ada
1132,26ef
0e81,2129
0b41,1a0e
07cf,1228
0429,0a20
0011,01e4
fbef,f9e5
f828,f2f8
f4f6,ed2e
f2a6,e8fd
f162,e6a3
f169,e5cf
f2dc,e6de
f5af,e9bd
f9b1,ee01
fe97,f34b
042c,f90e
0a14,fee9
0fda,03dc
158e,07a3
1ad4,0a13
1ef5,0a1c
21f9,0830
23b7,04c5
23df,ffbf
2263,fa52
1f8a,f541
1b5c,f0b6
15ab,ed65
0f0d,eba2
07cd,eb3b
0044,ebd4
f8d8,ecc4
f19f,ed4d
eae7,ecf4
e489,eb32
deec,e7ea
da5a,e36a
d676,de37
d3d3,d939
d2ca,d51a
d383,d2b7
d638,d2e7
daa4,d5da
e073,dbd2
e778,e468
ef71,eea4
f778,f9c4
fe8c,04cd
0409,0e7f
0750,15f5
07d2,1ab5
0580,1bf2
008d,19ca
f996,14da
f19f,0d2c
e9a5,03b3
e2b5,f9bc
ddef,eff0
dc23,e6ee
dd9a,dfc8
e241,dae0
e982,d84a
f2db,d823
fd7d,da10
0810,ddf9
119d,e323
194e,e8e8
1e96,ef47
2114,f5a0
20d4,fbc1
1e89,01d2
1ac5,0755
161e,0c5c
115c,10f9
0d19,1502
098f,18a3
0717,1b36
05f6,1c7c
0618,1c6c
0718,1a89
08a1,16f4
0ad9,11c4
0d6c,0b0b
0fd8,0317
1239,fab1
143e,f2be
1564,eb60
1567,e526
13e7,e0c6
1094,de40
0bb3,dd87
0567,decc
fd76,e1f8
f4d7,e695
ec3f,ec56
e413,f300
ddbc,fa45
d9d8,0194
d903,085f
dbb2,0e75
e15d,1385
ea29,174e
f562,197d
015e,1996
0d63,176e
185f,1334
2154,0d63
27e9,05f2
2b75,fd3c
2be2,f413
29b0,eb05
250c,e331
1ed7,dd49
1823,d9e2
1120,d9be
0a76,dcb8
04a7,e2c0
ffba,eba6
fbe5,f61e
f8e8,00ef
f699,0b58
f493,141b
f28c,19ec
f0e0,1c8b
ef2d,1c2d
ed0b,18ef
eb05,1385
e946,0d2b
e7c8,0701
e6e6,01fe
e65c,fee2
e602,fe39
e63a,0071
e6b7,04f9
e731,0ae1
e7af,116a
e805,1722
e819,1ad0
e7a2,1bf0
e6af,1a30
e5f0,154d
e586,0d7a
e539,036c
e55e,f840
e62f,ed3f
e77d,e348
e934,db8c
eba0,d698
ee6b,d450
f168,d4eb
f4e3,d7fb
f87a,dd01
fc3f,e34e
0013,ea40
03ae,f184
06fb,f85c
099a,fec0
0b78,04d6
0c9e,0a7e
0d3c,0fd3
0d4f,14c6
0ce5,198c
0c51,1e6b
0b79,22f7
0ab7,26de
0a52,2a49
09ea,2ca7
09eb,2d8a
0a73,2cfd
0b39,2a9a
0c99,2668
0e26,20ce
0fc6,1a01
11d8,123b
13b0,09ef
1547,01ad
16d6,f9d4
17e4,f296
18bb,ec4e
1979,e701
1981,e2ac
1931,dfd3
1840,de5e
15fd,de0f
1308,df1b
0f29,e179
0a1e,e4f4
0484,e939
fe70,ee28
f82f,f37c
f24e,f87a
ed30,fce0
e94d,0078
e6c4,02ed
e5b8,041b
e66a,03ed
e8a0,02d1
ebf9,010f
f018,fef1
f49e,fce6
f8d5,faf9
fbd3,f9c6
fd3c,f9f7
fcfe,fb79
fafe,fde4
f742,013a
f24b,05c3
ec9e,0b1b
e665,10b2
e093,167c
dbeb,1c3f
d820,2178
d5aa,25d2
d4cc,28bb
d4ca,2a3e
d5dd,2ad2
d80f,29b7
da48,26ed
dcbe,2301
df7f,1dcd
e1a4,17e4
e36f,1175
e524,0adc
e6e2,04ef
e90f,ffac
eb9b,fbb1
eec7,f980
f2b3,f8ca
f6cb,f9be
faff,fc37
ff5e,ff6f
037c,02cf
0728,05f0
0a61,07ff
0d32,0861
0f88,0716
1156,03f0
12ac,ff0e
136d,f8e5
13c1,f20a
13ab,eb35
1333,e4c1
1225,df4a
1073,db97
0ec4,d98b
0d1e,d90b
0b5a,da07
0989,dc1f
07d1,df6e
06a4,e340
05bb,e6e7
04d8,ead1
04a8,ee85
04ad,f1a0
0467,f45f
03fa,f6b3
02e5,f881
0109,f9b6
fe46,fab2
fa74,fb22
f621,fabf
f186,f9fd
ec9a,f8e0
e7e5,f7d5
e3bb,f706
e062,f69d
de34,f6fa
dd36,f7f4
dddb,f9de
e00a,fca9
e343,ffd6
e7b6,0301
ecfd,05bb
f270,07bb
f843,087d
fe56,0785
03c9,04f7
08a2,0141
0d23,fc77
10e8,f75f
140d,f2fd
16b0,efbd
1876,ee76
197e,ef5f
19fa,f25b
19f5,f739
19bf,fcf0
1960,029c
18d5,0766
1852,0a99
17cb,0baa
1745,0a11
1702,062f
16c0,00ed
1643,fac0
15d0,f47a
1504,ef70
1360,ec8d
113e,ec99
0eb9,efc2
0b72,f5a1
07d0,fdc2
0410,0752
002a,110e
fcdd,1994
fa4b,2035
f866,2420
f7c4,249f
f84b,21ea
f9ad,1c2d
fbda,13f5
fe64,0a3b
0109,ff87
03bd,f4b7
061e,eaf6
082e,e2be
09ff,dc22
0b95,d769
0d39,d4dc
0e99,d44c
0fae,d565
106f,d82f
10ab,dc56
10e3,e14e
10ad,e746
0ffb,eda4
0f6a,f36a
0ea6,f889
0e04,fc76
0dd0,fe86
0dda,fe88
0e1d,fc9e
0e1e,f8e8
0de0,f35d
0d4e,ece0
0bdc,e67e
0985,e0ae
05ee,dc69
0136,da99
fb8b,db39
f4d2,de83
ee1b,e48a
e7bb,ec5d
e1f6,f544
ddd5,fe70
db76,0695
db45,0d05
dd96,1178
e1e0,136b
e7f2,12bc
ef8e,100f
f85c,0c16
01d9,070f
0b2d,01a7
142c,fce2
1c89,f8c9
2395,f593
2908,f3e7
2ca9,f333
2e52,f2f4
2ded,f356
2b6b,f424
26d7,f4d4
2075,f535
18d4,f58e
103f,f5fa
0763,f647
ff31,f667
f83e,f6b7
f33b,f758
f03c,f83c
ef8d,f986
f178,fb31
f531,fd28
fa86,ff34
00d2,0140
06ca,033b
0c03,050a
0fd4,06bf
1159,0821
1081,095a
0d98,0a9a
08c5,0bbb
02a0,0d0e
fbd3,0ebd
f518,10d0
ef59,137c
eaf9,169c
e858,19d4
e779,1cdc
e7f7,1f62
e9bc,2115
ec3e,2157
eef0,1fc9
f17c,1c52
f3a2,16e0
f590,0ffc
f737,07fd
f8cd,ff52
fac9,f6fc
fd2e,efc5
0007,ea2c
0375,e6c7
077e,e5cb
0ba9,e6f0
0fe1,ea1d
1448,ee71
1852,f33c
1be2,f818
1ee1,fbf5
2138,fe7e
22b8,ff41
2334,fdf9
2311,fb3e
2222,f717
2028,f1c7
1d1c,ec06
193b,e627
149f,e0ae
0f32,dc19
095b,d89d
0357,d676
fd9d,d5bb
f888,d698
f476,d909
f1e7,dcfb
f0c6,e29f
f147,e98f
f389,f14b
f753,f94a
fc48,00f1
01b8,07d6
06e7,0d49
0b88,10bf
0f1c,11e4
10db,1098
10f3,0cf1
0f8c,0744
0c86,0032
0872,f87e
03df,f128
ff7d,eae8
fb9b,e61e
f854,e36d
f648,e344
f587,e55d
f58a,e940
f607,ee56
f6b1,f3a7
f6e4,f870
f64a,fc31
f4c6,fe4b
f22b,fe65
eee4,fca7
eb9d,f92e
e90d,f477
e7f1,ef59
e8b6,ea32
ec25,e5b4
f248,e289
fa36,e098
038b,dfc2
0d8b,dfe2
1711,e0af
1f2e,e194
2512,e269
280c,e306
27bd,e319
2408,e343
1da9,e3d4
15c1,e4c2
0cdb,e6ba
042d,e9f7
fd16,ee7d
f839,f4b2
f63f,fc51
f73a,0483
faa3,0d03
0014,158a
06a1,1ccb
0d49,221f
134e,255d
17e5,2608
1a8d,2468
1af6,2022
1923,191a
1543,107f
0fdd,06b1
09c5,fc27
036e,f221
fd51,e936
f81a,e1a0
f3e9,dbf3
f0c5,d872
eec8,d6ac
ed7f,d678
ecc6,d7be
ec58,d9ff
eb84,dcc6
eaca,dfc5
ea6d,e31c
e9c2,e6a3
e923,ea06
e8c4,ed68
e858,f0d1
e80b,f413
e7bd,f716
e768,f9b8
e6d7,fc0e
e5e4,fe22
e4b9,ff86
e33f,0023
e1a6,ffc4
e037,fe2f
def2,fbce
ddc1,f8ab
dcfb,f489
dcbe,efb4
dcc4,eacf
dd2b,e607
de16,e19a
df34,de24
e070,dbac
e214,da87
e3ef,dad6
e5dc,dc0e
e809,deaf
eaf7,e298
eeb8,e6e7
f2de,ebd1
f7ca,f111
fd76,f5f2
0362,faa6
09a4,ff2a
0fe7,0355
15ae,076f
1a96,0b95
1e57,0ffc
20b1,14f8
2129,1a57
2091,1fcb
1f21,2536
1c24,2a1b
18a1,2d5c
14ec,2e56
10fb,2ce6
0d7e,28c9
0a46,21fd
079b,18d0
05b8,0ddb
0408,01fa
02af,f64f
01bb,ebbb
009e,e2f4
ff4c,dcce
fdef,d9b0
fc62,d97e
fabf,dc17
f978,e125
f888,e78d
f7ee,ee78
f825,f561
f945,fb4c
fb44,ff87
fe41,020b
01fc,02af
0666,0194
0b21,fefd
0fa5,fb31
1425,f6f6
184c,f2bf
1baa,ef1b
1e60,ec29
20ae,e9ee
226d,e90a
2353,e8e7
23f6,e938
2433,ea29
2370,eb3e
2250,ec94
20d2,ee3c
1e82,f029
1bd3,f255
1904,f4db
1603,f82b
12c6,fc40
0f8a,0116
0c78,0679
094f,0bcf
0636,10be
034f,14fa
0095,1869
fe0d,1aa7
fbb9,1b28
f9e9,1a4a
f8b4,1817
f80a,145c
f7d6,0fd9
f7e7,0ae1
f861,0596
f939,00cc
fa24,fcec
fb60,fa41
fcdb,f90e
fe5a,f911
000e,fa6e
01fe,fce8
043e,ffcc
06c9,02d4
096d,053b
0c24,0694
0ec6,070e
1132,0686
1374,04dc
1518,0239
15c9,fefc
15c3,fb4b
14c7,f76f
1297,f3ae
0f33,f00b
0a77,ece9
04b6,ea4e
fe87,e830
f83c,e6b8
f22c,e5ba
ed17,e522
e956,e525
e6b0,e5f4
e5a3,e70d
e627,e81e
e782,e943
e9c7,ea20
ecda,ea78
f00b,ea3c
f301,e968
f5ac,e7f0
f807,e5bd
fa1b,e326
fbf4,e0c2
fd95,df23
ff5a,dec8
0169,e01b
036b,e336
05e9,e863
0905,efcb
0c17,f8e0
0f65,0309
1291,0d8c
14df,1732
1681,1efb
1733,24d7
16be,281c
1524,2833
1230,25ae
0e5d,20a0
0a12,19a9
0565,11fa
00af,0a3c
fc38,035a
f839,fdbb
f4e8,f96b
f2a7,f6a2
f16c,f4c2
f0e4,f334
f124,f194
f216,ef79
f38b,ec95
f567,e886
f79f,e40a
fa58,df91
fd55,db1e
008e,d7cc
0425,d645
080b,d6d5
0c66,d9f0
1135,df88
161d,e73e
1ac4,f0be
1ef1,fb29
220b,0514
23b5,0ddf
23ee,1540
229a,1a24
1fd5,1c3e
1bbe,1c06
1674,197f
1093,14da
0aad,0e6b
04ff,06d1
004f,fe8c
fd1d,f600
fb2a,edd5
fa86,e617
fade,df35
fc18,d9c9
fe21,d61d
0070,d4b1
0309,d5b8
055f,d929
06f2,def6
0839,e6d2
08fd,f00b
08bc,f9d8
079c,0329
058a,0ae9
0261,1059
fe6e,1288
f98c,111c
f3d2,0cb5
ee25,05b9
e880,fcd1
e30f,f36e
deff,eaf4
dcab,e496
dc19,e11d
dd99,e127
e110,e4fe
e60c,ebd0
ec30,f492
f2d6,fe1c
f8b7,0709
fcd9,0e25
ff0f,1245
febe,12fe
fb63,103a
f590,0a3c
ee53,024a
e6b9,f982
dfd1,f0e2
daf4,e989
d930,e49b
dadd,e25b
dfeb,e296
e7db,e5a5
f1da,eaeb
fc95,f1ca
067b,f9e9
0e55,0287
130b,0b59
1422,13c9
1194,1b8a
0b9e,2265
037c,2785
fa95,2a85
f247,2b5f
ec2a,29f4
e902,25fb
e94c,1f89
ed37,16d7
f422,0ca4
fd03,0204
0663,f7ab
0eb8,eece
1490,e884
1727,e56c
160c,e5cd
1108,e9a0
08c8,f095
fe07,f967
f21e,02df
e6f0,0bf5
ddaf,133d
d75b,17d8
d4a3,1949
d595,1749
d9ed,11f0
e098,09ab
e845,ff67
efee,f427
f644,e91c
fa41,df39
fb7c,d71b
f9ef,d182
f5fb,cea2
f067,ceba
ea75,d17e
e53d,d616
e1b8,dc5b
e116,e3c5
e395,ebe7
e8f0,f427
f0e8,fbcd
fa5f,02bc
03e9,0878
0c49,0cde
124f,0f74
14ca,0fbb
1346,0e35
0e53,0ae8
064e,05dc
fc17,ffb8
f174,f906
e7a5,f257
dfc8,ec6f
db08,e76a
d9c5,e3bf
dbde,e22d
e0ca,e242
e7a7,e3eb
ef67,e745
f6ae,ebbd
fc55,f113
ff4e,f736
ff54,fdc4
fce3,042d
f82b,0a0c
f1c7,0f0a
eaba,1337
e40e,162a
de85,176c
dae5,1797
d9cd,165f
db16,13e0
de87,10cf
e3dc,0d02
eaa6,0910
f223,05b3
f99d,0379
00fa,02b8
07d1,0371
0dba,0624
129a,0a95
164e,0fcc
1854,151c
1847,19ce
168a,1cd9
12d6,1d94
0cf8,1bd2
0580,171f
fd02,0fb8
f435,06a8
ec27,fc9a
e63c,f2ad
e318,ea2a
e32b,e397
e712,df8f
ee9a,de63
f913,dfb4
0530,e2f8
1181,e74b
1c93,eb9a
24a4,eede
28fb,f03e
2925,ef76
2489,ec7e
1be7,e7e4
1099,e310
03d1,debf
f741,db8a
eca8,db0e
e4ee,ddb9
e116,e33b
e1ed,ebbf
e6ad,f666
ee87,01d4
f851,0cd7
020c,1647
0aa2,1cee
10da,1faf
139e,1e4b
134c,18f5
0fe4,1056
09b3,0596
01d5,fa0c
f91e,ef3d
f094,e6ae
e92d,e158
e34e,dfd3
deda,e253
dbdf,e821
da73,f0cc
da12,fb6e
da6c,0627
db60,1022
dc81,187c
dda1,1def
df08,2083
e0ad,2060
e24a,1d8f
e424,1901
e607,139b
e776,0e45
e8c7,0993
e9af,05e1
e9c4,03e2
e98d,036a
e982,0421
e9f5,0538
eb6f,0589
eeb1,050e
f3da,02fa
fab2,feb4
0362,f94c
0d56,f306
1781,ec57
20bd,e69f
27cb,e2a6
2ba6,e109
2b89,e232
2753,e66e
1f2b,ed82
1377,f6a8
05b0,00f0
f7b2,0b0e
eb4d,13b1
e234,199e
dda5,1c52
de4e,1b7d
e3fe,16e6
ee13,0f2e
fb1c,0564
08d1,faae
1571,f093
1ee8,e8ad
2395,e3d9
2313,e30b
1ced,e677
121b,ed71
04c5,f779
f66e,0333
e949,0f66
dfbe,1a7a
dae0,22d9
dbb8,2895
e286,2b2f
edfc,2a5a
fc93,2726
0c29,227c
1a49,1d3b
24ef,1884
2a4f,157b
29cd,1496
237e,15b1
1826,189a
0988,1c7a
f963,204e
e9f3,2357
dd4c,24a9
d533,23ea
d277,2140
d4e8,1c7e
dc1f,15e5
e6a0,0e27
f30c,0600
ffe2,fe54
0b0d,f7bf
1386,f2a9
18b1,ef91
1a1a,eec4
1843,f00c
141a,f317
0e86,f7d7
0881,fdc3
0359,0467
ffec,0b79
fe8f,1232
ff80,185c
0207,1dc2
05c5,21d1
0a92,2417
0f69,242c
140e,2212
17cb,1e03
19c8,17fc
1adc,0fe9
1b06,0659
19eb,fc49
17a3,f283
142a,e99e
1002,e245
0b09,dd8c
055e,db89
ff29,dbbf
f81b,dec8
f142,e447
eb6c,eb1a
e692,f2d8
e392,faba
e2f6,0214
e45b,08aa
e83f,0da4
eea5,1094
f5eb,11f0
fd34,11e0
03c8,10ab
0854,0ef6
0a1c,0d25
08f1,0b87
04ab,0a4e
fda4,098e
f540,0938
ecdc,08fa
e598,08a2
e0bc,07ee
dfa1,068b
e299,0473
e920,01bc
f2da,fe9b
fe77,fb6e
0a3c,f853
14b8,f578
1c54,f367
1fea,f233
1f36,f191
1a44,f169
1195,f1a1
06a2,f1da
fafe,f20c
f028,f229
e7ef,f1cb
e357,f0f4
e2d2,ef96
e6b9,edda
ee90,ec00
f962,e9b7
05a4,e72f
11d6,e504
1cfb,e315
25c2,e16a
2b44,e0b1
2d71,e0b8
2c04,e160
2740,e37b
205d,e6ed
17d7,eb3b
0e59,f0a3
0545,f6e3
fd03,fdba
f5fd,04d6
f09e,0bcb
ec8d,1277
e9ca,184f
e83f,1d14
e7ab,203c
e7f2,215b
e8ce,20d4
ea3a,1e8d
ec97,1a85
efa5,1557
f2ee,0f70
f6ff,090c
fbea,02ca
0100,fd31
063b,f873
0b4b,f4cf
0f91,f255
12f9,f0fe
155b,f07a
1646,f083
157a,f127
12f5,f20e
0eb3,f324
092a,f496
02f6,f642
fc33,f7fd
f581,f9e5
efac,fc3f
eaa2,fee2
e6ca,01da
e4f8,050c
e489,0844
e50b,0be5
e6b6,0faa
e8e6,134c
eb61,16ee
edcf,1a7a
ef90,1df5
f0b2,214f
f106,247b
f0be,275b
f00c,2985
eeff,2a95
ee35,2a95
ee03,2915
eeaa,25ac
f039,20dc
f28a,1a5a
f5a7,122f
f99e,0985
fe2b,0108
02b5,f97b
077f,f3bc
0c84,f00f
112d,eec1
157c,efff
1948,f36b
1c44,f876
1e36,fe15
1ef1,034f
1e4e,0784
1bee,09ca
17cd,09df
123c,07dd
0b89,03cb
045e,fe74
fd47,f8a8
f6ef,f319
f24e,eec0
ef90,ec7f
eed4,eca3
f090,eee3
f46e,f2fb
f9b0,f858
ff4b,fded
0430,02e7
07d2,06b3
0940,0892
07db,082a
0408,05c6
fe12,01b8
f663,fc84
ee1a,f742
e686,f2b0
e043,ef21
dbcc,ed45
da13,ed8a
db59,ef8e
df02,f2e3
e496,f75b
eb4c,fc8d
f209,020e
f80a,0776
fc88,0c31
ff24,0ff7
ffd0,12de
fea1,14ed
fc6e,15f3
f9db,156c
f7a6,1336
f69d,0f8b
f6db,0a30
f91f,0382
fd5d,fbe3
02da,f358
09d4,eafd
116b,e3da
18a4,de40
1f27,db23
2470,db3f
283a,de51
2a29,e43f
2a95,ecf9
29b9,f749
2793,0197
24e1,0af3
221b,11f2
1fa6,1569
1d95,155e
1bec,119e
1ac5,0a94
19b7,019f
188f,f7cd
1718,eec8
1541,e7f0
130e,e3a0
1057,e2f0
0dce,e682
0b8c,ed63
0961,f6bb
0804,016e
0783,0c06
0812,156f
09c2,1c3a
0c6d,1fc5
1058,202c
14d3,1d70
194a,1840
1d8c,1136
2112,095b
2389,020a
247d,fbd6
239d,f71f
2115,f488
1cf6,f42a
1743,f598
1077,f871
095d,fc3b
023f,009a
fb67,04e1
f56e,08a8
f065,0c39
ec1b,0f62
e8a3,1243
e5f8,150c
e3c3,1781
e1b2,19f7
df90,1c8f
dd6c,1f39
db37,21a2
d90f,235d
d7a0,249c
d732,2535
d83f,2501
db31,23f3
e01d,2218
e6d5,1fbd
eed0,1d03
f7d2,1a53
0111,17b7
09af,152b
1114,134b
1665,11ce
1917,10c9
1912,10b9
1696,10fa
1208,117c
0be6,12ce
04e3,14c6
fd95,1711
f68b,19e3
f0f4,1d1c
ecd6,206f
e99d,23ea
e817,273f
e843,2a02
e9b6,2be0
ec82,2c22
f05f,2a8c
f589,2749
fb75,21fe
0159,1ac8
0745,1256
0c79,094e
10a3,005e
1367,f8a4
142a,f2e4
1349,ef4f
1052,ee6f
0ba6,f00a
0661,f37b
0089,f85a
fb21,fdc0
f751,02c9
f56a,06ae
f60e,088e
f985,0816
ff66,0545
0744,0061
103d,fa28
1906,f367
208f,ed58
2586,e901
270e,e694
256b,e69c
2033,e940
1772,ee4d
0c7c,f57f
0023,fdc9
f362,0677
e7bc,0eb5
dddb,1588
d5f8,1a7b
d0ec,1d51
cf25,1e28
d025,1ceb
d372,1a1e
d881,169c
dea2,124c
e55c,0d96
ec22,0942
f2ae,054c
f8b2,01bf
fd9c,ff0c
0172,fd60
040f,fc68
054b,fc04
052b,fc76
03b5,fd96
0147,ff38
fe0b,0163
fa47,03fa
f68b,0712
f350,0a9f
f0fb,0e99
efcc,1305
efd3,1789
f15d,1c1e
f499,2083
f947,2433
ff14,271f
0581,28cb
0c3b,2904
12ea,27c0
1909,24c4
1e30,20bc
2240,1c01
2524,16bb
26a8,11dc
26c4,0e26
25ae,0c24
2381,0c43
200d,0e68
1be0,1210
1789,1710
1301,1ce9
0ecc,2263
0b7a,26c3
0992,28f8
095b,2833
0ab7,24a7
0dfa,1e3a
1300,1554
18d1,0aeb
1ea2,0011
23cc,f5eb
2748,ed93
2877,e7e0
272f,e514
2349,e59e
1d22,e965
157f,ef9d
0d65,f765
0611,ffda
0088,0811
fd84,0f15
fd8f,144f
00c4,1750
06a8,17fd
0e12,16ae
15a7,13ad
1c1e,0f99
2018,0b2b
20c2,065c
1d9c,01bf
1695,fe0a
0c96,faec
00c6,f8d8
f4c9,f809
ea8d,f80f
e372,f8d8
e075,fa77
e1f8,fcb5
e7d6,fef2
f171,0134
fd59,03bd
0a09,063f
15f4,08c7
1f71,0b61
258f,0de9
27b2,106f
25a4,1292
1fe3,140f
176a,14f1
0dbd,1547
0439,14ca
fc1c,134d
f69d,1156
f46c,0e73
f589,0ae9
f9b4,07c1
0092,04bc
091a,023c
120f,0137
1ab1,019b
2242,036d
27b9,071d
2ac1,0c16
2b8d,11e4
2a1f,1846
26d8,1e13
2246,22a7
1cd1,25b6
16b6,266e
107f,2436
0a9d,1f7c
04c1,18ed
ff1a,10b8
f9d8,07a8
f4e4,fecc
f091,f6b8
ecb3,f023
e949,ebae
e6c8,e96f
e532,e94f
e4a9,ead8
e52f,ed8a
e6e1,f12e
e9b7,f556
ed49,f94f
f1bc,fce2
f6b9,0002
fb9a,0276
0029,0469
0413,05f1
06f2,06b7
085f,06f5
0821,06cb
0610,05df
026e,049c
fdf6,0358
f8e9,022f
f3b6,01bc
ef6d,0256
ecaa,043f
ebf4,07c6
ed88,0cd4
f11e,1336
f68c,1a7c
fd06,21bb
03c7,27d9
0a13,2bfa
0ebd,2d1e
1146,2aa4
1161,24e1
0eb3,1b5c
097c,0e7b
0294,005c
fb50,f239
f4ba,e5b4
efcb,dc84
ede3,d760
ef26,d746
f370,dc22
fab6,e4f8
03ca,f0cc
0da3,fe01
16fe,0af9
1ea1,162d
23d4,1e36
25bb,2245
2492,2281
20e7,1f73
1af5,19c1
13cf,12bf
0cc5,0b8b
06a8,0564
01fe,0156
ff7d,ff83
ff58,0053
0102,03ae
0403,08ad
07e2,0e7e
0bab,1431
0e7c,18e0
0fcb,1bf2
0f31,1cdf
0cf1,1b53
0920,175b
03ca,1187
fd95,0a57
f70c,0211
f09a,f9ad
eaa1,f1ac
e590,ea39
e1a1,e3da
df0a,de9f
de01,dad8
de50,d8ad
dfec,d7f9
e2fe,d912
e744,dbda
ec4c,dfdb
f252,e594
f90f,ed0e
ffd4,f542
0698,fded
0cc2,06b5
11c2,0f19
158e,169b
17da,1cde
189a,21c7
17fa,24aa
1665,25c4
1456,256e
11da,2355
0f75,1fe9
0db6,1bb9
0ca2,1696
0c59,10a6
0cdb,0ab2
0dfc,04cf
0fc7,ff66
1216,fad3
1490,f6e5
174e,f3de
1a34,f1ed
1c9e,f135
1e5a,f170
1fa4,f293
2015,f4a3
1f6c,f725
1dce,f9d1
1b11,fc1b
174d,fe11
1307,ffd8
0ea5,011b
0a7a,020c
06cf,0299
040d,02e7
02be,0361
02d5,03bf
043d,0441
072e,0557
0b16,06b3
0f56,07f3
138f,0901
1701,09c0
1901,099f
1958,0861
17e1,0681
1434,040f
0e75,00e8
0723,fd9f
fe72,fabf
f522,f89c
ebc1,f762
e26b,f741
da1a,f85b
d35a,fa59
ce1f,fd66
cb22,0199
cab6,061d
ccbc,0ab2
d120,0f9e
d7da,14ae
e09b,1973
eaa4,1d65
f547,2077
ffce,22e9
09af,2460
1275,24e8
197f,24e6
1e52,23e5
20b7,2230
208b,20cc
1e1d,1f7d
19dd,1e0b
13f6,1cde
0d16,1bad
05bb,1ab1
fe40,19da
f744,186c
f145,1702
eca2,15fd
e9ca,1526
e93e,14a9
eacf,149d
ee3e,1515
f3f5,15db
fb9f,16f1
0437,184a
0d47,193a
15f4,197f
1d5f,18d6
2305,16a4
25fa,12bd
261a,0d01
234d,056e
1d44,fc91
14c9,f33c
0ab7,ea49
ffe6,e23f
f59b,dc0c
ecfd,d8c1
e748,d873
e52e,db76
e67b,e1d2
eb0f,eac5
f277,f5aa
fba7,01ad
059d,0dd5
0ef0,1923
1661,22e4
1bb8,2a49
1e85,2ebe
1eb4,308b
1cdc,2fc8
193b,2d1a
14c1,2964
105e,251b
0bf5,212f
0801,1e03
0538,1ba1
033d,1a38
01c0,199e
00b1,19c3
ffa6,1a50
fe46,1aa8
fc7b,1a9f
fa26,1a21
f708,1916
f342,17a8
ef23,1620
eac1,14b3
e650,1396
e1ec,1312
dde0,1352
da82,1417
d765,150c
d4d1,1633
d36e,170d
d339,170e
d468,164a
d6ea,1449
dad3,1092
e05c,0b73
e713,0553
ee9c,fe8d
f6f6,f783
ffbc,f08b
0812,ea47
0fde,e4ff
1726,e0ef
1d65,dea4
2232,ddb1
250c,ddd3
260e,df43
25c5,e1f2
23fb,e5a5
2092,ea1d
1bff,ef46
1681,f4c2
1032,fa27
0970,ff32
02c7,03cd
fc85,07ec
f723,0b2f
f326,0d62
f090,0edf
ef61,0f55
ef82,0e7c
f0bd,0d21
f2d1,0b77
f52e,09bb
f75b,08c4
f942,08c0
fa8a,0a14
faad,0d1c
f9d4,1154
f84c,1638
f5d7,1b70
f28c,203a
ef01,23d3
eb37,25a4
e73b,24f6
e3a2,2189
e0df,1b63
deff,12e5
dde5,08ef
dd7e,fe3d
ddc1,f3e9
de79,eb1e
df88,e485
e11b,e08c
e2e0,df26
e449,e040
e59f,e38a
e703,e7af
e7ff,ebe9
e899,efb3
e8d8,f20d
e89f,f2d8
e7a1,f260
e611,f0ad
e476,ee01
e2b7,eafe
e0f2,e82f
df9e,e5ff
df0d,e505
df40,e53c
e09d,e670
e32b,e8d9
e661,ec36
ea8a,f07d
ef41,f59d
f3ff,fb00
f8dd,00d5
fd5a,06e9
0193,0c97
0562,11ac
0835,15a5
0a6f,183d
0c04,1927
0cdf,17eb
0d26,1469
0cb8,0ed9
0c07,07a7
0b3a,ff21
09ec,f65d
0814,ee4e
05dc,e7a4
0342,e3da
