i,q
-0.0014586605841237529,0.13780088807682966
-0.19054982640754389,-0.050677038032864309
0.32168249865817922,-0.1134449288954167
-0.019136567612028598,-0.25655552086526195
-0.0045638389451520007,-0.023450179802009443
0.18298568408918706,-0.017180865576468966
0.25406171777706843,0.29816782474743236
0.085559523631029422,-0.061061854187653739
0.18372464271322325,-0.23215411844162648
0.057613909337584319,0.102916059164761
0.11687621180616649,0.074547733371766539
0.028728477706899638,-0.017852948066137037
-0.0069248377181716642,0.14911295571934388
-0.16402664694792718,-0.17357222807789982
0.044948795861625215,0.11699202520508034
-0.088056455273350445,0.1487653871156901
-0.11558787070744987,0.12329290918631787
0.09448110981832962,-0.19949505241090248
0.047006679459104382,-0.13276232355702483
0.040736190508931583,0.12278346572898874
0.212028949979295,-0.11322386710210579
-0.2175913453373422,0.087908873653494687
0.16608057193021589,-0.21291774149410192
-0.14778940971842372,-0.26579858216216029
-0.094719794640254817,0.012434932378398877
0.12404935524864864,-0.041867347114139412
0.21712445119016352,-0.10598340421332632
0.042219194206463979,-0.0076749391121247205
0.12555385072215691,0.11205565585179482
0.23663035451466122,0.2481350808118343
-0.038607167301210339,0.025455959929204831
0.083628564946106376,0.0043849073950801773
-0.28487176234975753,0.10552345368917095
0.010659005626921535,0.0097681240694042094
0.0087849598542913895,0.022086692524746394
0.086171017156266613,-0.034948660538224707
0.08199177954412111,-0.081304428896374834
0.042236312251207719,-0.12655436106746476
-0.20873124111667535,-0.3281860356976532
0.021585973757068038,0.09108360590624287
-0.018246171269077304,-0.11219662319092903
0.10511777096372567,-0.084314127972653502
-0.14961016480341865,0.084225438766495325
0.12916822461584967,-0.18073297507607783
0.19369212295816149,-0.047967949060928612
0.093954224604876263,-0.014578431891925621
0.0030435832906884086,0.24911701597049249
0.12728251172716112,0.17430359492982533
0.055463789921134259,-0.12540720686227211
-0.078596649262295259,-0.14885776052088556
0.24530650625273712,-0.10719407576416122
-0.050316112561253568,-0.027900650998213899
-0.056173784382340365,0.065829350547646132
-0.24011562996401012,-0.08083122326613193
0.11068182712311572,-0.044998209960072047
-0.058986349212184402,0.035849814828683997
-0.13077928782888712,-0.12050363990192751
0.18265756125512164,-0.25699605684989874
-0.08141681845620366,-0.19982207969877586
-0.048882524907850868,0.25128508133246746
0.074371270132939413,-0.0054585034461663556
0.48720240848054797,0.051803212216815601
0.12923937368758698,0.20801178093935804
0.28651352461484042,0.04451174836023114
0.17950705749650955,0.089156186524059988
-0.0010182957816769114,0.18146849669724008
-0.14431582170239382,-0.22204156429030236
0.22563403154114209,0.11165049107164639
-0.011666952472533796,-0.01226648720276414
-0.20305698487494966,0.1703255724091601
-0.07971849982359297,-0.032241878767771112
0.030729420850958533,0.16774410258126174
-0.049426564648412372,0.28690341779335715
-0.045033861993550084,-0.18497723430678761
0.038370237700778902,-0.12337605113731248
0.21339820121438144,-0.065156157022688649
-0.061057847616182687,0.23400734179039803
0.16016467087661515,0.17770423789225914
0.15833107957424972,0.033720223018014792
-0.044511777716857479,0.051848290716896644
0.14830634505688017,-0.0046995828105754695
-0.13638502349371717,-0.10028498279759135
-0.069647636260915829,0.079237500549829171
-0.060269128700185734,-0.13726644098818566
0.097363967301991872,-0.010154280117966362
-0.17621508591167695,0.060750011936907183
0.13710808701836263,0.09703644121850924
-0.022156122650241999,0.074015419685294417
0.097073751456714097,-0.063023583940951519
0.10906212263104285,-0.14659349133453203
-0.077115892398203004,0.061270953640661319
0.11552758121502719,-0.13013511108612719
-0.057169853775277675,0.068029746919756495
-0.013218207459138412,0.068000310504671951
0.068107759139505647,-0.13224601259865756
-0.010914518393236714,0.046567548867756672
0.0054255710801475827,0.051582148158643162
0.0011018625705687876,-0.13932215184749897
0.23658420552631632,0.051596294488805074
-0.1568145144093443,0.078375764064746237
0.085542716579909833,0.09362255575415343
-0.013284428416514782,0.08246357295170989
0.06797926276981249,0.089166563992519238
0.19591921766383952,0.17981080526122528
0.057501172793959915,0.24390200781012453
0.078849597857724232,0.059355410006388748
0.0038236130587309953,-0.0063776632434935651
0.061999267765904753,-0.17859702077481043
0.024871562339772384,-0.15389033723353357
-0.081836224225917825,-0.24950943319907867
-0.17991634395434281,0.041479242728739311
-0.10221880811245478,0.060306755076854221
0.095245674371020217,-0.012499865608307738
0.32648294212404755,-0.099044461961743338
0.23178593342323758,-0.24652240255378124
0.056853890941056161,0.064300198366103387
0.10312055523481441,-0.18072181336357668
0.19075613094503066,0.037335940637314165
-0.15937261832577368,-0.040068551721879356
-0.11898378803358799,-0.20515115551713278
-0.020806390352037692,-0.086661379243146819
-0.28967454908994567,-0.22497440419880479
-0.10575366392708919,-0.02552085551177221
-0.24354995736297239,-0.15805859593195376
0.38053900964285936,0.16400891376436982
0.12332012293267007,-0.074260587286101173
0.14007244215659201,0.06323908610351088
0.2560251499582028,-0.22266286214304601
0.041308997236667991,0.01987189947963075
-0.095595373351023735,-0.3160932627176003
-0.17958365063735041,-0.16289528823779376
0.21798202798989319,0.07382820430673874
-0.046163221003647746,-0.16884250230719688
0.17438576476716189,-0.040162272864945739
-0.040479777481561813,-0.19259885241262642
0.051459416433702776,0.012503673948089534
-0.11924926997486579,0.23319247008707522
0.10404819784155285,-0.026635358934760777
0.22359428450407709,-0.24801075106312354
0.020173572201126796,0.31925963901993359
-0.047176971666967181,-0.10100713470423625
-0.04678347321666966,-0.056528950474600423
0.14828494455664445,0.023760833740715387
0.063536080770028827,-0.021193881055606528
0.01897605850690133,0.031994232479746337
-0.15865515551787249,0.077322790692426258
-0.037457555492372334,0.24879482712206627
0.028408154668730898,0.14531438103164807
0.1329844408565993,0.11788616659922066
0.13866564766923492,0.15731117319528129
0.086997131438652786,0.28350125788519337
0.038451468103509925,-0.32150172268482696
-0.11050520918698728,-0.10735532233023755
-0.28006616729796041,-0.13968344862552465
0.17583799412475148,0.1147890672870224
0.16185029886494254,-0.083453733660880644
0.18625848218788713,-0.052040620915357064
0.0063524463663254824,0.047862957209042184
0.11370835187946753,-0.030227758027243219
0.30413531724755144,0.0061639291525960923
0.19036357605938672,-0.12636293231438761
-0.022748081002587361,-0.053631463592640399
-0.031902516439854749,0.14278839594874038
-0.1573865547887037,0.29578108191152158
-0.28401115105456948,-0.1049893140713527
0.085999434024549154,-0.034897313827604415
-0.065607315329218138,0.15094681496750012
0.11641878948637398,-0.16271247282642226
0.021537861649826948,0.04927936428827747
0.23430494738475174,0.061470928942537972
-0.067111415264761276,-0.044693872744562213
-0.15346889373571179,0.0042992264625071842
0.042457730963083674,0.16110671505430846
0.23966991780764807,-0.030395121739405867
-0.16978870468586274,0.041082979169350477
-0.12527099758201235,0.075125921499600831
-0.10942385443658638,-0.06003098839823897
-0.041720432803510114,0.0016795123169761812
0.0066475806574472539,0.026655285681214041
0.086959900055496434,-0.0077050247400543403
0.11097875865455084,-0.13758791314367538
-0.18517438054444341,0.029450941719655888
0.042417316338047829,-0.15107420873754429
-0.10868117527047391,0.13335574467050793
-0.10071931544074797,-0.33057771682308285
-0.069046846900544898,-0.074376875447414781
0.03564201424511948,0.081913317100082761
-0.12530639863009446,-0.16761503676267894
-0.090753559980118123,0.21176508680958361
-0.13450613978720624,-0.034183517022514487
-0.023603341378506879,-0.16153407429911409
0.039074926717584481,0.0794726626357979
-0.21637198592378593,0.015307062716707455
0.010173235596253525,-0.093847314389840786
-0.09160181099032931,0.082845511323692472
0.012026958797590059,-0.083483293319186191
0.036850478635081022,0.29182743204613326
-0.11488030319653318,0.053069697458655647
-0.29155904915963782,-0.23225263063404747
0.17283611707823218,-0.18913166209469368
-0.085739494103097252,-0.21904815611357703
0.18967478069561272,0.12488486192044401
-0.033341689822369666,0.089909758549623395
-0.13572024704171626,-0.19897300957501773
0.095805010757692155,-0.11946397765247722
-0.097882906015639939,-0.080549922328480336
-0.0020421691404759585,-0.17140897706985503
0.041035486692832114,0.037277052412296681
0.13098214699766941,-0.00097305752424726251
0.04193414629186596,0.086691108629412997
-0.039466575277043468,0.038870079604882972
-0.074066006599404322,0.1183920877095789
-0.026182426794285764,0.322892368288061
-0.21832896463159684,-0.22515201372459426
0.17681331186103572,0.050827309788067238
-0.2355910457936104,0.14391132253810587
0.1644743993171392,-0.056771741983866905
0.2020059088726468,0.25907199038281925
0.01417577454817859,0.027690548206833768
-0.2004356944395384,0.045112633877181833
0.083748322991086963,0.14184114394517197
0.080935156047117235,0.091073093967978386
-0.13531160836686648,0.10210591487590838
-0.15299100271528576,0.13145080095619344
0.067955506072967298,-0.17953329922579839
0.010992083341266102,-0.067248508489600331
0.27095698461058343,-0.22402070687002681
-0.045033090200084072,0.095810396921699861
0.15654085067775783,0.091935169328530617
0.39711749580085476,0.017899248042910647
-0.027241256133514923,-0.16598049301857876
0.095293474972955941,0.029419158819133196
-0.023645696596148902,0.14119824398118083
-0.15330229739567935,-0.21395004980846333
-0.10016920839199833,0.23868048024918104
0.11582758397202947,0.18063166373241421
-0.089041549638417358,-0.07470849891301419
-0.30635727156412218,0.28537772167775832
0.16568175055093334,0.061785054538450249
-0.032630039066745088,-0.19621822948000978
0.12665883907711004,-0.13152124630576303
-0.19566574377085236,-0.076659295538360775
-0.040038212166291019,0.10895870068006791
0.072602197961398066,0.28853507244387744
0.05894664135637049,-0.24090715113504477
0.0069038483425675973,0.10446017699614185
-0.20804863489455838,0.15728413770031224
0.12816056557761996,0.10551165510936614
0.0020761849805496614,0.26413797267474415
-0.29326589688586024,0.19351044144614202
-0.033853342301182761,-0.083559435458951198
0.015836129160311553,0.15424262962394852
-0.15302204815777162,0.060094081517510153
-0.15026410753129205,0.00036718155525137478
-0.0094287723146163124,0.019211504056220956
0.076299415707677315,-0.011898969721876587
-0.14933832122559931,-0.19801221264664734
-0.070356194457858887,0.12179125743657666
0.12836265221378701,-0.18578492623476353
-0.064993156060576499,-0.029353461143910818
0.10372370787835046,0.23504049891018969
0.1340658071413971,-0.0073547962493868612
-0.2590447104717748,0.24954095822924086
-0.065059435236558494,0.0080407642648424246
-0.16808911437497293,0.072923406279991526
-0.14343895287001618,0.096780904644858612
0.101793365408568,0.20737443318982113
-0.10130926366472799,0.12018674942533834
0.00093947652604332236,-0.16678074248339508
0.15791160411384783,-0.095244737318370479
-0.31305604670048637,-0.052034980272435832
0.036132009590692168,0.11364193923467381
0.018640737363069374,-0.035733494256202439
0.16910775366562555,0.05085832620809095
-0.077115261397906337,0.0095424292476129491
0.15283707566469004,0.1361386285427332
0.07738628278978904,0.061606896438259652
0.1660132253160799,-0.00077982020976556177
-0.018435868051600413,-0.085887780060252883
0.041579415370075687,-0.047418649835344585
-0.18955588426679879,-0.1054663491590519
0.33000258908965435,-0.074241522523098055
-0.077535462915845454,0.25149808080084324
0.0063001198875342187,0.10919378611296812
0.15200376548651984,-0.17448688395452933
-0.062983990657384678,-0.089608130052379525
0.20802460798375033,0.085027770965740199
-0.021867040220875478,-0.28667063000948712
-0.0070013714402258195,-0.057706066032718183
-0.038687756427408668,0.23769354133540518
0.006534916746225243,-0.12671051938163705
0.12373300109170214,0.10206748770195548
-0.21435587164731371,0.019775469722245663
-0.060079934113899142,0.033510941380792754
0.044120046894616627,-0.20677241236262217
-0.17297968387784177,0.0473615111477865
0.18301874922578407,-0.052718059917776311
0.023807969040461976,0.11908847162184519
-0.12794139364409821,0.026791376603277489
0.087969782255216913,0.06626242430098174
0.040517562020028354,-0.22097427599237476
-0.041218027616013661,0.026281856395320838
0.10422585272037567,0.020907783230605628
0.23175708524063457,-0.37219539204436397
-0.18993448739228769,-0.073512118919743685
0.024195921433404759,0.16505147779397722
-0.13491872043215725,0.36302122104355045
0.30259212960364684,-0.13631178819095299
-0.24978230425198755,0.039659145464331719
0.065567500640078435,0.003821701019380193
0.16341451821139161,-0.05357968222196352
0.030306552434153939,-0.057396205941607617
0.025778756187418213,0.019942963365642521
-0.094329504342167053,-0.15534880462336489
-0.062233137335844686,-0.15644549187374329
0.11517914996690627,-0.17776003233705479
-0.080228140843114124,0.10058654644260218
0.30523845579398856,0.088041536828024361
0.095154708016183392,0.22336612600617831
-0.091754428633098892,0.071027596911234878
0.11563208383846728,-0.020491312262383796
-0.070621236627988526,-0.24108099178523537
-0.17865645404945477,-0.23785872376552511
-0.12814212606269865,0.25760390704711217
0.11204951241502041,0.037143314690426484
-0.034896730099803715,-0.18465065825108537
0.21274231715947758,0.085149146833755018
0.14928933261428079,0.2856754861068026
-0.004537738239298963,-0.15754735699633377
-0.12572578580136787,-0.023764625522393511
-0.069419410359266284,-0.13497020271394705
0.14511282853287166,0.091097883227590215
0.11164513776784064,-0.0044174817204739565
0.074765956656416291,0.12565026946378466
0.034881021333594706,0.25708422883714815
0.027752476892909279,0.098344637095185025
0.094615685549613679,0.029650947053766415
0.14005457834061741,-0.10294043437402239
-0.14462447045433238,-0.076382805116528021
-0.0079151415760651891,0.32123011548066932
0.40090285780032597,-0.014106932923178285
-0.11167916019226576,-0.088452907303831305
-0.21306694533523246,-0.099231212621600867
0.0428041981754438,-0.030283748504301343
-0.046274848517031182,0.088345319524398697
0.21114700203274767,0.096880166842798404
0.31358331191550737,-0.23916599969955338
0.21938796475752137,0.086650616054886054
-0.061743407007549836,-0.15770695862925832
0.22896617589269208,0.015427820615793546
-0.018781033710289829,-0.0075205914529502937
-0.14140457959894373,-0.24359752269651874
-0.20551620281479824,-0.063839595878621605
0.077890199537913346,0.11622741925911373
-0.1377269080995574,0.074193671773312972
0.0093921207581412498,-0.18810147596691396
0.029772632277207486,-0.13891394432574133
-0.0053234750993610448,0.20059415738181793
-0.040581505996681748,-0.017389303393928586
-0.043495083962248916,0.12114397341737433
0.021557603552426502,0.10871738194233581
-0.0024803913701345538,0.059292872674650443
-0.13809004461466304,0.034843830452555909
-0.15482021586969347,-0.041594752112373047
0.11928645222179471,-0.10540137952511167
-0.25269365207420558,-0.062700443892968374
0.12493083212375092,0.02690796076692286
-0.043700489850432428,-0.19271372384171417
0.041356380755045115,0.02292966828748098
0.10449987221182665,0.044065324666734948
0.2799491916582128,-0.055869094255314805
-0.30066645099376199,0.060431184344116567
0.085361871230486108,0.41126899660073779
-0.10014487936690311,-0.10085050890186383
0.071837901355434775,-0.04389845755956541
-0.0095692256322811586,0.18133298164635533
-0.094517230059590188,0.094045986519964889
0.074129707492349609,-0.10998561558341971
-0.0020353947584804502,0.16011684706891541
0.010804716037246222,-0.10239001295742627
-0.03004228884873095,0.037304746987767368
-0.040274838434976382,0.1913288520241111
-0.073774627110087504,-0.01647430556903752
-0.046190580547251642,0.22355713021627271
0.026969607114762751,0.087450226244348672
0.12526754164700432,0.16752282056186754
-0.029088039315613635,-0.016578797050009208
0.32913951684942616,-0.076733484890624856
0.12334523541697591,-0.10806325532053374
-0.067820193018383823,0.082753577798299241
-0.017353332411713572,-0.038223373693190073
-0.21998805399212884,0.039719839094877404
-0.038596996532662499,-0.091606876335629875
0.10837716266517725,-0.37873036732994325
0.13346331341538356,0.11395298995080003
0.058766815037800332,0.037670022114620304
0.26641265595407743,-0.12718246608190983
0.055968232351480622,0.1782769360039822
-0.0095709197973194854,0.287752787718905
-0.19060742985903639,-0.13695102914620325
0.09009290557185648,-0.0040575950319314087
0.12830046719758215,0.13182930123904835
0.39564851785048133,-0.037968861136546017
0.34627102539007354,0.036483190353036689
0.23122716478879643,0.2206379435394577
-0.10472934154867611,0.0028558046759623356
-0.29551894087665709,-0.31020523404394174
0.019053009265122305,-0.18798947543110414
-0.011729764224801703,-0.29442304982944911
-0.094395749901120457,-0.15902247820230361
-0.014142200308359804,0.12286626924137092
-0.032608847222315968,-0.11456535154228295
-0.29621444183824513,0.06208524535389999
0.19253829892770322,0.0030386721969072879
0.089050995816876102,-0.02534232928669378
-0.079193019149991328,-0.0011366211409426889
0.042731010180006079,-0.10644560121963735
0.055417641075391398,0.0051715569595367885
-0.077049394704020224,0.14150259580884986
-0.12342280546339096,-0.048053512505168726
-0.066258945634022071,0.1574725788317847
0.15957334639974377,0.047197797824370773
0.072450155213191134,0.088897415486470829
0.1088233223603937,0.10284070603822536
0.19086538753001467,0.023153422562134506
-0.053286834840215715,0.12894310093794903
-0.11325675368275723,-0.11020745758409442
0.12132008839127889,-0.17973877120449813
0.14638669946102983,0.20990548067750944
0.095185941728219522,0.14070930924119454
-0.19945441071508627,0.081033808595982901
-0.23110012121590914,-0.054959892619755583
-0.15002416756485279,-0.14725104888616919
-0.22006092916341105,0.1360078934985037
0.090200971142567768,0.006807713261520046
0.20977126464575102,0.053678264276926693
-0.24055435800753946,0.033928164702951964
0.11875381719641928,0.076968979628878775
-0.028746117962712904,-0.03208502975914871
0.052609791449573617,-0.13260677690973513
0.10911552232195845,0.039475674182412684
0.10350772423825648,0.06529052110496246
0.24299611838102242,0.14278923529652535
0.034180100562824056,-0.18195302496623914
0.049922576492146327,-0.019273055432414303
-0.083458324302396802,-0.0084692136199195998
0.055102587303763342,0.13507811638669698
0.040538249700341727,0.029210280024873473
0.088988206549526383,-0.041384715779648709
-0.0081279653604007015,-0.18661318752642597
-0.2210213266946717,-0.10149749315887176
0.078479251694159757,0.15544041993819496
0.15375697864724558,-0.077422802655558481
0.23936276942597282,0.095373879639265677
-0.17675828799258292,-0.14101548432832986
0.0066452657574548029,0.24615187012852749
-0.18276936818755785,0.066222162501325274
-0.098264145143307682,0.098228875588829284
-0.032952799259309579,0.16873125047520673
-0.1562962526167872,0.13475669414211336
-0.056544977497797674,0.02383271458412636
-0.083773191317424847,-0.015840520288715024
-0.18923908674754672,0.052445435733281955
-0.04052207081771269,-0.24301062933292081
0.1296378192334581,0.35203868148530637
-0.18516717061031532,0.047936082680208152
-0.1630493142521576,0.038883279623578779
-0.12773126385939149,0.17682803406233349
0.25984905970849553,0.14667567149871674
-0.077340972781513237,-0.040335362121448309
0.14641735802478997,0.038311310116510025
0.090113852279909784,-0.14420291901989785
-0.009973588315028056,0.049912363283289261
0.01419219158717731,0.079838610460633105
-0.24028597596076162,0.049811374110781521
0.03925440138575461,-0.11906283508886789
-0.1481720994363549,-0.0032764221389224879
0.040230392750025733,0.069085033120213649
0.050603189271549137,0.065272158182109019
-0.093431700796196115,0.0038685212184310599
0.082378069883682625,0.27740361603168351
0.050085288078670638,-0.16769255030490166
-0.015847010400383995,-0.01612963123205275
0.1148811122081683,0.23365866462959395
0.17567007050666492,-0.2209183957860647
-0.09478148433585952,0.098881578509255288
0.045484669531277618,0.074533394216248508
0.070899519727256471,0.11686280102404166
-0.00021491022682730606,-0.16621709160828896
0.022738591048343804,-0.29221088826063651
0.050987018480558685,0.19135302279544336
0.10265313672649798,0.0096319260051291426
-0.06351405080111551,0.11227516976363193
-0.07638016590480233,0.062428195191273281
0.15379630739267411,0.019859050861068667
-0.12968769324399909,0.11478108262874655
-0.083580683680752291,-0.0012807569989107498
0.023365828723753403,-0.14134527389243065
-0.093560718940085524,-0.003948261468479727
-0.20374523088209756,-0.17803593642682936
0.062600009840928061,0.012293453699196672
0.27357169367112483,-0.12954962232499453
-0.097401119467787206,0.25072814431247503
-0.0059560353415418965,-0.073153706959021653
-0.1276002289188812,0.13486628064381181
0.066130616457958508,0.08434787422856857
0.41084823937083498,0.18751900189872386
-0.18762113486387422,-0.08865602295029372
0.029290139160802649,-0.21483777676450083
-0.14611092526026104,0.080840295523133307
-0.055695067911297573,0.088441531208545254
0.15900418583415449,-0.077021942213985756
-0.33716568088254811,0.011442715494395071
-0.36029484488103752,-0.029725508583734742
-0.35780784231278528,-0.17696762925225235
0.086532209912764349,0.084416754469110192
-0.048845371842440359,0.15734748020084674
0.32295393249897686,-0.14338143756542135
-0.10943889455209174,0.0029049423349460429
-0.036591450735493379,0.063679595754849105
0.20710968353992609,-0.26318544437129754
-0.1429671175724041,0.062328229644205001
-0.034982596215932402,0.1415384997852423
0.015476522675374211,0.1027041115924211
-0.023997450749862887,0.098640998285139045
-0.32444927253251948,-0.16622345225459673
0.040755520354604995,0.018985338986226116
0.069977603614487904,0.18495112429551172
0.12480803717676675,0.089283646360997004
-0.14186465232862683,-0.22004013304697065
0.25664168933601111,-0.16981604023089292
0.1070403965768377,-0.25886047912989935
-0.29623771607610205,0.05812344812103841
0.11390748101567465,0.14222215879773059
-0.011247310690000028,-0.067795564330104127
0.22487015136625632,0.079693062611696494
0.098704953796953113,0.03150870666481978
-0.18403625446623009,0.218884042045213
0.34911742451992034,0.052141423378410948
-0.013628627557007198,-0.15376485429281522
-0.070508583789342619,-0.10403097883804796
-0.085651048041486919,-0.34503534749251219
0.061875372868281819,-0.10385232338058338
0.15989934419840934,0.14881602713515843
0.034733772215703264,0.081550192700041504
0.022893920094338351,0.11734236849937481
-0.1284311604096649,-0.12497078547416907
0.14117269946762231,-0.06275306751253705
-0.10286733032290034,0.11794361237937288
0.055579713314175466,-0.097433291933422192
0.073791817173067376,-0.18456101732353603
0.065230688137407691,-0.1629915540755163
0.26689669632124302,-0.067609007046895694
0.16333556591788145,0.081559078871550131
-0.032015639182110138,0.1066466447528885
-0.15037261534966567,0.14647697506943244
0.17297155133451733,0.21523269112864368
-0.054634680223673099,0.13207003109414672
-0.13823376429017642,0.2384193402102732
0.18625343899590327,0.074708491891486997
0.050279744334708609,0.063071827839959793
-0.21223847169098192,0.013879046554789259
0.16154797431814835,-0.053434362761880218
0.046116552370783367,-0.076937287344822344
0.0073578244637583093,0.12229348848464829
0.14056284926326409,0.18838479512075559
-0.17329134197159635,-0.12857160262668585
0.095453697544708394,-0.14363084384081967
0.088842497562723402,0.067631515877529871
-0.027387078595473881,-0.12792857042669611
0.0057427046876181711,-0.40108747910889908
0.16835387007751315,-0.023989989683028051
0.010116944714510554,0.050861419759417659
-0.090580999241787918,-0.051316269880406259
0.020585970362494894,-0.099764867530829554
-0.11654113941934277,-0.018288264794436057
-0.095685243555097457,-0.37446327703779297
0.055780662628502335,0.10490364485047539
-0.19090797825155234,0.054249349302340745
-0.023342750011650239,0.22632110197426494
-0.22897497649420673,0.20389089195784113
-0.24225628089521486,0.042820517756437436
-0.42557879806365739,-0.24172286395997741
-0.051546883496025694,0.04024259501760441
0.14837211562372377,0.024273012494364539
0.013008298427477713,0.02609834820003475
-0.05997128957265014,-0.24697817516988382
0.11733885453945289,0.071056060077779121
0.26679222148653747,-0.0901603386269655
0.067361666200982953,-0.061379477978592431
-0.023581913593273957,0.070651143114528178
0.085184722227835699,-0.038637842561789544
0.17122768960350407,-0.18522976115276002
-0.11344992603962541,0.04443191259970479
0.012442161018267551,0.10654368910288055
0.12327733776154634,-0.078655474558836036
0.17792970995832086,0.08403142675311176
-0.036919861122241701,0.076016721360728443
0.031523678732077683,0.017516575262663221
0.26374388760743167,-0.19492457260308935
0.17875459266157048,-0.26712192254813266
0.11972112684427552,-0.0072749724808509513
0.12008812432824924,-0.16580753942498133
0.07140012836132667,-0.16088837985967189
0.15247942578583989,0.080154690450544061
0.32678205971458035,-0.046984483861977802
-0.14291413777729114,0.13807883282180455
0.03167522963132853,0.0760560435267333
0.02413130983994222,-0.053475931325816191
0.27038024108428443,-0.042955546240966869
-0.031214557115644876,-0.10056257938729664
0.054692605195050752,0.080858411690707677
0.1266066627630153,0.055005030351218079
0.10701724785681563,0.093948595235045909
-0.14393428225090141,0.11417390895628661
-0.073850189162757887,0.023674408882469911
-0.21927127002706148,-0.09523416866149477
-0.034674627946877659,0.054392960242350373
-0.063005038837829833,-0.30414627238933883
0.088015238228789025,0.025172970958264453
-0.0060182219151881673,-0.13161160160353233
-0.016378387062845678,0.024411791567274445
-0.097565904700760153,0.14819535560858069
-0.081454827279911227,0.18140902521249846
-0.19969824710997053,0.013498780059488616
0.12830494992506325,-0.094475489924940412
-0.14626123231202487,-0.23797801710520902
-0.075329595680882724,-0.12306075713559457
0.010001373763284549,-0.1694278093038547
0.16307196868059642,-0.35225033507825337
-0.15810706719674156,0.099585607838189608
-0.33963890358450571,-0.0062935319836238705
-0.078091120932601857,-0.15767712619353169
-0.06119056425952564,-0.076302938567500048
-0.0038702438454959781,0.063466283277237773
0.056617830767916474,-0.080213041982176117
-0.042748311414297115,0.23510078632127657
-0.033298249095244876,-0.12113367899612915
0.10087277932065984,0.25752707011028059
-0.24666282362608541,0.069883857312239187
0.17033845361486363,0.15618300508589517
-0.012441583139192592,0.20240696725162491
-0.047758972883773954,0.1724428840032447
-0.081183537055536575,-0.11711542156677765
0.15782872204652296,0.040318884732247449
-0.18642616472799983,-0.29340346363002656
-0.082730087943291314,-0.059044019075324305
0.075899658228077357,-0.041270029463913074
-0.22085721096101937,0.15443235499613012
0.13882819976120861,0.08780706498003811
-0.1166032873615087,-0.082008260594642141
0.12148204605814032,-0.052923261702335654
0.15935505933701061,0.02829047682477984
0.0084653205190420248,-0.033466048143565602
-0.034625634186335026,-0.015774949013824806
-0.0028563608583101361,-0.11299534255448238
0.077384130324336414,0.046198101999552876
0.1317529591739737,0.18719690095453997
-0.0030466957927184866,0.25068920443916065
-0.12607089240147601,-0.21233680527596197
0.11732480347149139,0.0062707502859766636
0.10976718232359534,-0.053647766321126368
0.040249925637301585,-0.089933559733878177
-0.059172833558335414,0.010381902058630972
0.14060145829011708,-0.040627910487050244
-0.1979594546123844,0.10908620641228375
0.29483812104489904,0.21791504964378064
-0.16127486566286592,-0.099824669479016748
-0.060508021865977035,0.1485471540757454
-0.10315539594969976,0.1258973052868177
0.16962169806739413,-0.45072434793261584
-0.090002024047424745,-0.06013949846493901
0.0055589554607928648,0.1946909963388109
-0.010507255898285607,0.0011673158952264597
-0.045589619194633398,-0.28427751601939322
-0.094774963858513431,-0.049438010596688481
0.1082267576306007,0.10306912602341654
-0.11348475654238857,-0.19014914728265278
-0.13099442115192883,0.017642191501459747
-0.066792196263864956,0.25477573204790799
0.2246004732516893,-0.10391910102535815
-0.162563908121622,0.21438578543942927
-0.002957189011028637,-0.21627227575592745
-0.27256803721153994,0.28210131474135314
0.17885007468983052,-0.18929499112510256
0.14734039826671011,-0.13641266173745362
-0.1149520191885386,-0.099131426102117476
-0.23786106785377759,0.046350563734489703
0.08634509584064029,0.0038271021069213478
-0.049857054427856928,-0.0094485716745193876
0.020099770905779538,-0.041919860125526918
0.18865454113392396,0.24999250891479996
0.23968715262464674,-0.10923975653402863
-0.22150972183076839,-0.23459081233501161
0.41245288360095356,0.082285158444564119
-0.0075269979608428156,0.27120419143766433
0.19140181936576212,-0.098795450271507018
-0.011067729151247789,-0.12592043684055682
-0.2837572459110661,0.163939658561156
0.060734337638244942,-0.043908599455534332
-0.046367482915632779,-0.16761120536870208
-0.035857402335516216,-0.09326883485521438
-0.25180586156117363,0.0023885356682262606
-0.042433350828546081,0.0095133163954096468
0.076180819002336683,-0.053621773134496196
-0.14806779285855845,0.028678060445161163
-0.19192468060531484,-0.086022904889538135
-0.067637640286577511,-0.15831354758750993
-0.22541037951793311,-0.12034840282436973
-0.08164637239798371,0.090062154583123166
0.044895199307993343,-0.070029003909743329
-0.28164352632204198,0.084231886218128188
-0.16593821559668587,-0.18547769690545196
0.20345732914552858,0.017677469524822104
0.088339340572431771,0.29024677215694084
0.031310331267511884,0.024923333085258743
-0.085887833652312257,0.069183603961231785
0.20260879618994815,0.24626698258447213
0.11670904124708359,0.045873275509396606
0.057568604706180346,0.12172011218061457
-0.038844469603499722,-0.0080282008303135532
-0.12012821792865684,0.018592499076569374
-0.00015712610052995497,0.023435098922662333
0.017760131324326973,0.074356267114498373
-0.21875473913066207,0.071694975192387753
-0.32560412519932008,-0.11027898910385246
0.25239621347048641,-0.047432957226795483
0.062595839351867341,0.0047593663336490122
-0.015019694647097735,0.22965253282108411
-0.18639151856990435,-0.18540473915050948
0.080837012875293768,-0.19148796999958589
-0.077932773140753794,-0.058169072292143714
-0.040288555842195151,-0.084579971941217205
-0.14996266605625611,-0.0094087391894979791
0.0048531002898538605,0.11812175428011888
0.14609363473447029,-0.037024198288891683
0.29722828361500675,-0.13113967015481315
0.22685083512875806,-0.12940222426801543
0.078834237385548719,-0.048882885404873171
-0.058412968853008722,-0.24684898470619485
-0.025711076935675623,-0.0386571310651697
0.014137038666738639,0.041774727608232677
-0.042862311748922896,0.17691435746031611
-0.046757707895298831,0.04020939422065483
0.04694438840573105,0.14190854153579963
0.090925470284808796,0.021786279932199462
-0.18407028198931008,0.28200178832592177
0.090767647093712864,0.084811358101924805
-0.066940115745939888,-0.24954307647210897
0.073030336472739085,-0.11620686928446181
-0.0086288441465611088,-0.21297276663791295
-0.12996961292571807,0.11566041948445023
0.12428851013612519,-0.015473005117059655
-0.15801286186316743,0.12937779651550649
-0.042886491036595205,-0.30427355472060713
0.035246051087894616,0.23017763521859097
-0.11693926507904009,-0.083363386695827282
-0.051162179113175277,0.18328778449839378
-0.20252565372565992,0.037660962868106489
0.0098533231962311865,0.13433124701103136
0.15038518136068618,0.073977171302584466
-0.067842110763131208,0.11255784098962847
0.13514032979184326,-0.10751095494427657
0.13846528767704372,-0.033295449860135586
0.031623557160646167,0.07202242889628506
-0.13703142263031357,0.097210876596353163
0.089759302429048143,0.07443721441546737
0.059321827966299756,-0.10730566487950539
-0.12861938276147775,0.13590924512195651
-0.10559487507231501,0.26640155718817143
0.067704163637637052,0.0099877139723824095
0.012330046505502382,-0.03507033918786908
0.24449707602050075,-0.25866808120201767
0.079309340347752819,0.20199742450034702
-0.14474250956954973,0.14988895784018941
0.12397065567480202,-0.077702915131354772
0.11032826680832108,-0.098907893335357697
0.0327435919720944,0.082831310587008905
-0.019289279174218799,-0.053998524071661745
-0.068150477317817398,-0.044901205917902295
-0.066991223929452781,-0.21064034955750915
-0.14427198818906145,-0.063965994512974231
-0.13229677466261353,-0.056272396961266943
-0.045707042437343921,0.028406057187438737
0.13332936929174677,-0.044530933568621409
-0.079424713867667626,-0.10453513802467117
-0.068373802975634709,-0.12092228690677963
-0.19467756049946816,-0.20291531696855072
-0.018326074740571394,-0.10512680418992058
0.0082239465368758816,0.14838689164480101
0.11038845274474789,-0.014269103485199854
-0.1243726543337841,0.12667995169177326
0.19652574360241598,0.022151523788263319
0.024610711686586354,0.069010128931657463
-0.13928547383667531,0.14790569164584588
0.11336454476602856,0.13371815330753531
-0.23925244534435089,0.073481075708344834
-0.020301915241357365,-0.2241042744224718
0.031345100819604552,0.073730767157558538
-0.065223214382960595,0.21963328033734275
0.081366104141181561,0.017963549705583934
-0.12436495519303213,0.11851698992734448
-0.15561955386043699,0.27791997235760141
-0.29953039280202232,-0.11079596321874241
-0.12142423497570067,-0.10851634025046158
-0.15661494256481259,0.13258673245944216
-0.26890081886740769,0.012176356556400121
-0.1850071107854703,0.051453472619670114
-0.13197770587124605,-0.076056475758478403
0.034318989645261186,-0.14169104673307353
0.16658815016346021,-0.087909996387429162
-0.061152492845356204,-0.031715491098124778
0.0761901387014602,-0.02560539107191967
0.091971321514190324,-0.078675603127963678
0.14316384111503422,0.088127086332963261
-0.10651497161733595,0.098449116460256877
0.045489301899593437,0.16191272240848698
0.1114801843311231,-0.20867602951903666
0.10007255181206381,-0.056099354982510424
0.048065339293188999,-0.21929496335921386
0.12664624227646246,0.063688947438033064
-0.037299568582014539,0.11578279823947919
-0.089052220763177342,0.22078679470909152
-0.22542550983550602,0.24215666478596107
0.16707516709605086,-0.06705794606424649
0.083196601559547528,0.2459787808399295
0.013107616130003849,0.13378938049835576
0.02943389616061597,0.087114872431419119
-0.024127195549352283,-0.17068605983054902
0.080612400945694551,-0.11151323482784661
0.025660462422961845,-0.2611462268278768
-0.065070655445744627,-0.12849425775542705
-0.088628537538394433,0.052088849472910002
0.031186076298540654,-0.054827762225142095
0.0078851358310883662,0.12192554743479833
-0.15990878935590855,0.073336660616658875
0.0038019479371802995,-0.08446789668479987
-0.11733323003799004,-0.045761502383483255
-0.13798501535459892,-0.055923697045232618
0.29713953921177499,-0.13926387707974322
0.047124652093523046,0.10208625726653271
-0.15006007857016224,0.19916270218665952
-0.32215504096848996,-0.20335253322840408
-0.34845177866517252,-0.060515547195636676
-0.12315958155321098,0.093204507784493101
-0.19334324152583204,0.34932474115191159
0.036382053814071155,-0.0066623931949870369
0.22472207911910971,-0.14396286833381192
0.0014018120465825864,0.019999824221436754
0.063872507422502001,-0.12061405345055841
-0.031645041229790713,0.032321467878404592
0.15263476275445501,-0.0040718225945953869
-0.22770333624869218,-0.14476745342494757
-0.064358676512890803,-0.15933173213479665
0.03251847263504902,0.16135968985603846
0.17045485635586377,-0.025933371001956043
-0.068070503053003911,0.18243548580495822
-0.16861553261669493,0.093394439566095083
0.031715257669588486,0.26083507712162995
-0.079306855215083516,0.25592396313603522
0.097339665261492098,0.035802596969892707
-0.13251922100080515,0.12484596150964215
-0.17968149359482663,-0.01859537907040653
-0.01727127575605911,-0.087209999176641434
0.22010631281079671,-0.032832682690616753
0.12970855291179131,-0.32517111314985875
-0.074095262644929924,0.12418942650288647
-0.062901140991621321,-0.18673302738963668
0.020426596475805532,0.13577886209492585
-0.074912231715324698,-0.22983114839119148
-0.080240763208210525,-0.10558282235056458
0.1675822306230435,0.039526464457077533
-0.032718593265435511,0.050306325380836292
0.081082574708881375,-0.05487518769591046
-0.35339116894218425,0.10539514082664345
-0.09393463268357298,0.41572533547136264
0.084068201554856684,-0.18222957663084871
0.16700343143054652,-0.033991401258881823
0.037101136326580519,-0.078380229422079159
-0.15901785534571725,-0.043927756940913991
0.0064066274871241871,-0.077975001959396356
0.13304205194819591,-0.18673837769001481
-0.17416660003472553,-0.073103114155839893
-0.045902904413180498,0.4880992892926852
0.18203256157938569,-0.14431184973224886
0.1627515104723255,0.13913226279869922
-0.28163012106267149,0.095326656505444307
-0.10806497549155805,-0.072624384091544189
-0.10481084344981634,-0.01296914076543438
0.26461895355609028,-0.10316495173139235
0.088387109433557751,-0.058395310952444865
0.029094321454205759,-0.16086515107625649
-0.086567130529243072,-0.11329707752106097
-0.011553198625408941,-0.11183789936375955
0.076902516916704619,-0.18030147555182904
0.069043906781214873,-0.062884834060510195
0.34926858487872703,0.0110592478610323
0.2941169844986396,-0.047578501487435296
-0.067251224328501155,-0.10937323712149871
0.090367009996044773,0.22597610711194899
0.15497669059422903,0.079499649900838978
-0.04125421398004446,-0.25506892695838496
-0.16520411425667139,-0.02202013052371482
-0.0344621217976687,-0.010028495290545811
0.20839608681797192,0.3716777328384866
-0.077880603448034783,-0.28363164305731653
0.028305978153749387,0.19651113199728068
0.041174794266376692,-0.18460249103977777
0.12402332887007898,0.016669683957583448
0.14511534285235086,0.077866498292564479
-0.050973475859655719,0.15526671138607373
-0.1546215102503789,0.037609352901035849
0.12789040458339127,-0.12376499298429934
0.095885061957890594,-0.092022630838347483
-0.26777663259437401,-0.13022397723130177
-0.20754337870830872,-0.074397925032973114
0.193848838609222,0.073799163835358353
0.022057400852719278,0.29192001581229549
0.074735617443038804,0.22417458824757089
0.091141854810304859,-0.11984334596764593
-0.088035509996208697,0.027925227835249467
-0.096387674006263357,0.065916823564332899
-0.18811069081007167,-0.10232955059637482
-0.16290137037279065,0.06627088028846842
0.15943538921363143,-0.033094758397337179
0.24175257314115217,-0.13733716865886075
0.15897570437894443,-0.028930341843291497
-0.10724515564291102,0.24968577437743503
0.15044131428449384,0.025973559625218214
-0.016817171853618945,0.057827442841146402
-0.038286902058825789,0.084445957089595389
0.18811984887671068,0.075943526935458389
0.25823543178496922,-0.11395855713159057
-0.0053961799713603863,0.23151855349696468
-0.10225093088838373,-0.054639715515319077
-0.018378100914972433,-0.29825318017071867
-0.044708932784876136,-0.11414994575742415
-0.42499383957855391,0.16785158524564742
0.24835103774948636,0.024105546633621602
-0.087776859720729031,0.22217861066491437
-0.022441883304455096,0.0757172156250632
0.086172253711819205,0.14508052687799061
0.12721220882361531,0.056901954112295088
0.0026558014696581173,0.12052328059655715
0.12566664027842847,-0.1875329295794719
-0.016607517042649463,-0.062206359374065524
0.058443167288676941,0.12373011283446363
-0.17711495664301544,-0.29817186218578579
-0.36242148293164855,0.26595554442023245
0.22705514325939385,0.1211469173835326
0.095944001388903827,-0.20325769646784764
0.15607558566242039,0.039483112655645525
0.080147755213382826,-0.1192292201712591
-0.030371691611172442,0.1605906300694275
-0.13001819859180067,-0.0094817220948858957
-0.27097064545895805,-0.035524831854518629
0.010785341686246468,0.26360079059097008
-0.13721158241053011,-0.1286870798847852
-0.090864855602692363,-0.12038508685333424
0.024379108426385295,0.1876067535748846
0.026217253718411968,-0.0037371027710623264
0.12871872829150546,-0.042182064520348589
-0.081963643588532226,0.096052454203134907
0.070010282724740303,-0.057653479728574215
0.11620693605792876,-0.17558605809370342
0.025212789575281315,0.14645791575443651
0.21026432423246944,0.20578876105317986
0.20117610258533108,-0.13769804611278233
0.10910431404070974,0.27060745192842012
0.1455071094289043,-0.18090536140214544
0.19927290829529634,-0.34028946873065924
-0.010564457661705556,0.071069420664782737
-0.047676274819874902,-0.10824698393570993
0.019669490823069093,-0.094696074073446143
-0.10023084738991715,0.067303789068283632
0.018787144016738349,0.1868692477982361
0.012508596380816028,-0.24394592856936623
0.022340333239671821,0.31238837325740754
0.024581833935987004,-0.097896114325139755
0.14927233617777455,-0.12377317496294313
-0.076163708988274431,0.072763815343446905
0.078954348450143499,0.16662348633233004
0.033602949159332762,-0.055021031591604638
0.013163866567893303,-0.11757214278830715
-0.035523471568292019,-0.069077024152209066
0.055167842594397054,0.010237726492159838
0.20955059102636242,0.18257419738501912
-0.2520819297267185,-0.1728536340733221
0.0089420029451243044,0.091580759729693498
0.12779269078051234,-0.0022471474670356074
-0.14898526571367918,-0.21079968603447438
-0.17341277878853339,-0.00070796718609615497
-0.0094005197545292962,-0.1183637804416609
0.20161187283369206,-0.025114111961419192
0.037962849860462292,0.39641571777348222
0.074840936096808142,0.12233311893835348
0.0086250417276159605,-0.24130524685158186
0.18223839378075368,-0.26914939924703046
0.03842538078370298,-0.21581286513277059
0.17330488567576294,-0.049974355527457569
0.1196465488771294,0.0893483758137881
0.008248662489545408,0.10387699115389412
0.14194595959156653,0.039074353144525537
0.19394284168005002,-0.10028855634226351
-0.090589645658624443,-0.020093193223428712
-0.262888372731923,0.048372395378571791
0.02623274014051406,-0.023216812135032412
-0.17678682195135312,-0.098748568497382908
-0.20726711088304456,0.021292241518012935
-0.070456791660581261,0.15805917810099068
-0.023569520723324074,-0.10638725752371815
0.29474792954667528,0.034218590829987898
0.14250935770410086,-0.098831586019135831
-0.028803908060823651,-0.13686662207689285
0.11383182665058252,0.18285120308091005
-0.20364725597576891,-0.1221173310974676
-0.015394000618511428,-0.028858464958423136
-0.28052548956868123,0.063287790648749204
-0.14504610454052791,-0.2374552342343958
0.26540876265617336,-0.267084454873116
0.26723783189509237,-0.081577141623589922
-0.099622554046231021,-0.10913670072812424
0.072406809467305946,0.16229309132832079
0.20223959751089957,0.22688135129005185
0.066261356134317273,-0.14434497949410674
-0.046721933418520802,-0.054857785080549268
-0.16098738664889009,-0.0052472863708269597
0.17521207512628295,-0.24053003468212092
0.16071139797738382,-0.17220418747515726
-0.059072318532416852,0.060627199157828292
-0.028031083579113492,-0.025481417857432562
0.22529791815144087,0.18043320541848551
-0.034938248608692532,0.1702442209364704
-0.045619440294895466,-0.025060555179394317
-0.11622409452984185,-0.059052855173859199
0.29645911946290604,0.067880982340134566
0.1580351254807891,0.22205643465495153
0.26141628951581641,-0.020380563654258298
-0.015947658873841388,0.10341139776937708
-0.13938667962045245,-0.062434461908001282
-0.0084325930212528193,0.069317406929140166
-0.035346535741667927,-0.055182492145690612
-0.09890695605678626,-0.095166238074239864
0.040379100042290783,0.1237868488876538
0.20456358415923262,0.007316594705711452
0.022948610474814748,0.051349374199149589
-0.033378782269679143,0.13584673588637536
0.097237013792292507,-0.1451577764549179
0.17687216647253434,0.21066706986434169
0.012286623286933362,0.096620918092272967
-0.012276422252402506,0.10147567659931898
-0.38728317058950318,-0.033360496809861202
-0.017709054322308411,-0.16698476660061912
0.072115192629607555,-0.027543786331729322
-0.089539042386387227,0.19837191941448945
0.17055016151548852,-0.07653648681173246
0.046433207867019349,0.26276565633849824
-0.021228717461517745,-0.074859273057004572
0.0010378378053137972,-0.029261619090394889
0.29919744666505116,-0.28366958212378651
0.25508109497983483,-0.01189143965354161
-0.0943721773899142,0.088514208070523764
-0.10615062358463546,-0.0032325126750400164
0.070658291159034659,-0.060646583679221544
-0.007394985906619367,-0.13333992648131887
-0.1938218688272233,0.058127305635177297
0.072508956464699639,-0.25571896925366994
0.013481104630017351,-0.11280697978358105
-0.26902837107613042,-0.1489032386626413
-0.11805305802240158,0.015956651236173756
-0.25605378591935757,-0.071461992102254734
-0.11916376992708769,0.0073300602339399397
-0.20813544775784662,0.15167770687770521
0.066898889235209147,-0.15558016510095468
-0.10601427073133586,-0.0011694278763375173
-0.35226097434397319,-0.069593207192966855
-0.18219539018834888,0.18202244906536591
-0.23139997007274757,0.16621420053258759
0.26135011591306401,-0.073330735051393398
0.01545944675234018,0.18201858819059549
-0.085743368106786969,0.12771962675224011
0.11475727407312473,-0.086018571997060769
0.23998980520608401,-0.024236046367669462
-0.058713341358905602,-0.025795898467903179
-0.035394179023094337,0.05697658494016538
0.059049164558263867,-0.084656731698919629
0.12080034275370082,0.20348743459343863
0.17549026954692029,-0.010408812221588451
0.12121476524230614,0.077477741279344023
-0.20863944751787561,0.12906525050169582
0.075127761041771768,-0.22092596994899621
0.12663746136345844,0.10491241427157927
-0.14933201114694322,-0.037943543953998578
0.12387719710624874,-0.32115352983610945
-0.17796614945543643,-0.048935144677448361
-0.10786790000320592,0.061417936394769196
-0.19728762563751107,-0.28745171227390909
-0.096218320775785418,-0.023027619150354468
0.14163150271524638,-0.086562351599763165
0.10115934617559398,0.19318439906485821
0.052995505538120255,0.19167711282900651
0.094558412860838284,0.12104748563005062
0.087429974398971128,0.17934639494481786
0.0086921034161825325,0.18858552870281103
-0.078342100815039589,-0.047068197420551981
0.029825862047846,-0.13377978531611348
-0.12465997732114764,0.0018590294695276992
0.050500890392412054,-0.14366365428499364
-0.17232009450133373,-0.13526776952447606
0.29328113997264582,-0.26609977149382363
-0.18870901527243306,0.13252401007870421
-0.16572541330722079,0.071316804223642116
-0.084222661441095636,0.045528799968756618
0.074274593405705913,0.068590883170225353
0.068852569498339414,-0.10366649686006402
-0.095821074827411493,-0.16408955832427069
-0.10980877033282695,0.10075409856398256
0.026476948467067246,-0.16855041098665632
0.038154416358717885,0.0053244339204670879
0.26975607206202029,-0.011581479629972876
0.33589451022478217,0.16836235812659855
-0.086621350618686754,-0.16960116823465843
-0.0087766801236951013,-0.026745977538224108
-0.09822052335523207,0.16686061102800132
-0.13258692108690834,0.1370769407113539
0.0040723683677633439,-0.27344443871142493
0.13693663064090034,-0.074564871172179747
0.032979875770162002,0.039031403242703475
-0.0029708888158368049,-0.31354828577226335
0.21786377155959596,-0.10614671337035915
0.06629190366337484,0.029485804348493651
0.031260813711268723,-0.11384280037994338
0.2281786444794498,-0.11209259853348112
0.010324183389171127,0.016695770730783332
0.05749129293598354,0.20796189171118418
0.12707760339504695,-0.33708177011375468
0.081673074869772266,-0.11155708914018381
-0.31118258436209484,-0.015923594048209557
0.13149842640382378,0.099830798278453661
0.11499092252651653,-0.10624575077154334
-0.05529426805379313,-0.180436667572416
0.10193698316412655,0.082539059139715182
0.13487188934841421,-0.10492427373264526
0.16776500727267746,-0.13350011543400075
-0.13700524638122649,0.19049279921724913
0.10922026716212488,-0.25334322079257565
-0.043010663321400973,-0.18275040034149631
0.1765217133911843,0.22816137408816359
0.047020671681802531,-0.064623709585555619
-0.079991419524341703,-0.22121253033683516
0.000284740890671236,0.040891639381140502
0.23666796386078004,0.092939354015156239
-0.059675459215176613,0.049421508376647938
0.27511491515972786,-0.067026512310760025
0.080380209844595749,-0.062506383540362045
-0.024842860738419587,0.11409124208300493
0.022204355377195381,0.14034105396941796
-0.12790760729202319,-0.090636007666671861
-0.2379148958888036,0.39003909562314792
-0.13520604403848699,0.13276231246077533
0.016594253028997526,-0.082836816561463453
0.12186420397426054,-0.022445642335172721
0.055548638212533544,-0.070063221975348547
0.088799101533244051,-0.076829690657043329
-0.13948713193122647,0.20702644052361727
0.10480997119735058,-0.048443307390801577
0.0038749356705477835,-0.073353330356617841
0.33058914986468207,-0.0088941539655180406
-0.083420817041182954,0.031256917024535216
0.13012209416364176,-0.028823298593622895
0.07468131079140404,-0.11752460136627477
-0.013379224281724788,-0.0799495335250167
-0.24417402323343201,-0.14528810448905555
-0.022898186838228755,0.014760179364565595
0.3859617780966384,-0.09577712338970347
-0.14203397066452683,0.10188246558127625
0.0052543462845360267,-0.31116160787173802
0.14089134952800797,-0.020564590471890267
-0.22298305222187126,0.19946404274843749
-0.24549373291321835,-0.010575291645281464
0.12530566892081146,0.19991585940419307
-0.14927503720047841,0.3286007581588748
0.086562251188644676,-0.10434088530629337
-0.12824783280766625,-0.015315761365864228
0.019099107826095415,-0.063248193385775378
0.04268630549488632,0.13744399801353577
0.16854972401297524,0.29973869312004725
-0.024018812401464449,0.14839503175274929
-0.0076105425553462027,-0.16811290029402018
-0.17954045346944592,0.13711617438388382
0.060353893044606435,-0.17476808172164368
0.12817931798296112,-0.077798253960611158
-0.027096782390629251,0.22700276426190144
-0.042146472908934335,-0.1266073443746506
-0.0052891819005856369,0.24202175916541541
0.1436822757766951,-0.068472949440137626
-0.10983569033233689,0.055255030648610849
-0.1229968512057002,-0.05180570341858004
-0.017600002848592592,0.3407324311618779
0.055450558788422893,0.0022918050285365868
-0.14828820713315477,0.10778488024984104
0.13087457108071671,0.20951495048222471
-0.25935000627864602,0.040467852469909263
-0.21355064175222568,0.23567849010218367
0.01087852501393952,0.0033872184046775697
-0.17913927623364156,-0.21681294805155771
-0.10483972446292709,-0.23875304866676378
-0.070006058325768103,0.18813674598383351
0.038658027486845721,0.19092213437906735
-0.051189383275310994,0.047251582194366024
-0.085558288599746943,0.10165893035814158
-0.060308108274066997,-0.12918535954834634
-0.1816215935222186,-0.11163078437978327
-0.0038860645855235145,-0.035385527227906881
0.040026970771318358,-0.018092404715184224
0.043314221489445165,0.056918466480254358
0.042021614223068646,0.091337486187461278
-0.13312578300054539,0.27655151628171998
0.23247335412962181,-0.12844438525250329
-0.10897308976409456,-0.094877799791327308
0.15596202593079508,-0.26201984670547629
-0.065403973007060107,-0.23703035689647786
-0.24786123431897675,0.008067571701292674
0.20959083941854492,-0.036709592949169041
-0.001621316658232441,-0.10521894801343172
0.16817519310883058,-0.24648163874889531
-0.013825362480091625,-0.022136095298881997
-0.08894880636676987,0.25642283428689322
-0.1272605902070697,-0.044662083794084241
-0.27345451365997786,-0.094220813316247404
0.26936223620505473,0.31551183411530431
-0.11165393486474806,-0.15442606669880463
0.11041877543587938,-0.096114371953448186
0.016865700870100881,0.076344580645984039
-0.10485444660215926,0.021371192912777129
0.029150434226434641,0.00094119222403068483
-0.004040196572478034,0.26447276365151345
0.013317293596446747,0.046865348992061094
0.03451962889086798,0.31693778164022485
0.094962266720911112,0.043431911349338888
-0.070721045366736193,0.069062919356247435
0.23105357394168155,-0.021324633143291801
-0.036439887230068357,-0.032226682288519826
-0.35762093618483204,0.17461205857149495
-0.063815383630859965,0.42054586411569483
0.050382476782418924,0.31587191456228747
-0.0032251736172322098,-0.13335328228016183
0.079813988537260766,-0.038342561781475368
-0.15091242389242557,0.15076498983983461
-0.037742611905330764,-0.13097084836209577
-0.035776678095641494,-0.038490542782202312
0.10317214534016339,-0.056121434146562107
-0.15338676192955084,-0.27993677943813933
-0.18151445035898223,0.089999658916152428
-0.073216325544149807,0.085613866294605004
0.018575075678113527,0.22456044919543602
0.02129842288379049,-0.028311653376594564
-0.0099346604943280174,0.17928750265396348
0.11088807307614561,0.03073788062947513
0.22511649349297996,0.085930594206739153
0.078018433285884467,-0.074098771640831382
-0.10583375063601061,0.0493856833496139
0.12191353113648956,-0.11562345107754185
-0.01936757858070888,0.21112732169734322
-0.14017164170251109,0.19098283994431065
-0.16877420421293809,-0.055987888860484961
-0.18464538831906591,0.12821532506756439
-0.11618988820961569,0.22527852248090255
-0.21922470482349743,-0.072320436994798051
0.11461943030298341,-0.034630472786532487
-0.06450722945391435,0.024307052813911836
-0.019521552749798211,-0.13412883735052195
-0.036767763769965975,0.21896841287512206
-0.12879262503330857,0.0071596716319854096
-0.16427364633166597,0.079220295867169652
-0.050198908876008495,0.084370421279990324
-0.095886166539639259,0.042735843779734974
0.27398322326736646,0.20828870376944308
-0.12602341118497154,-0.31171938004296373
0.078505209901306702,0.047650782758687324
0.15437099943316573,0.1632425963727466
0.096031649863660959,-0.093103373902835643
0.14038895665211182,-0.00058414884532243395
-0.37981525192872084,-0.12548822084453362
-0.1808489496932997,-0.13883902005992696
-0.1410088385619673,-0.034052842214901818
-0.065215617888873353,-0.26196521290568431
0.28234084413503363,0.055579378643474661
-0.030129397738211203,0.02487484665040306
0.17446472101045107,0.058364211038464391
-0.13018523011749092,-0.086591807990368877
-0.012717149591048733,-0.014189894035707359
0.1143327800370441,-0.096214060417837532
-0.14290404154037803,-0.22605132276649348
0.16688469700742106,0.24332089977928811
-0.0025513810359300325,0.095067599427462304
-0.15820447772218008,0.045224088833199845
-0.089196350143509434,-0.052212241177144396
0.30587092749731337,0.19997507153563759
0.090571305111761979,0.14921761201864944
-0.1478082302112744,-0.12420729069380854
0.0062139693252548497,-0.17317208685526889
0.0036470862716198914,-0.075967096251243885
-0.027628707001067551,-0.055909358767571166
-0.09923723842312232,-0.20124110510076973
-0.09599835502948581,0.026271341754263419
-0.02599423977076409,0.13947554452823663
-0.0053023635843328877,-0.35468414349401778
-0.12699771076880603,0.005550012945211273
0.05092167063008856,0.10489616043042214
0.033547435763027128,-0.024548528715775276
0.0011839799949656942,-0.029276788435255576
-0.068553590279789453,0.035476469467564394
-0.067956185680813477,0.20681775217444254
0.30878648095864919,0.1482556196399028
0.0023875472991431329,0.012811964368165972
-0.21627390753944592,-0.25091711188062205
0.15252009193123856,-0.093691754896877269
-0.10775446791211737,0.22726523483939406
-0.15186083002207515,-0.056624639045231115
-0.013021230187093934,0.23998952957404612
0.26343217155834286,0.16299683598516293
-0.20319899212566542,-0.14968427907821602
-0.085391459070904369,-0.11898204294813325
-0.073101770343256461,0.067447831866491753
0.014012799978233513,-0.13047331184924876
-0.25541054084857961,-0.036261742785513598
0.085814037704969787,-0.056181781706563086
0.030906435678418116,0.16682163759953403
0.22893844826600229,0.11223943147435123
0.21569911804823313,0.38968320516683103
0.022785538021219544,-0.10263373285435162
0.13624652411840837,0.10357313046473648
0.076195190013733233,0.16942508136123838
-0.30505760684049504,-0.087965786129892684
0.047276636852724763,-0.018140766387225435
-0.3218542377497618,0.083174937186986223
-0.0915662497000264,-0.046338546432340352
0.072265848596551191,0.12041786795905077
-0.18272973148833932,-0.0073129721002993366
0.016044047514747205,-0.27500513406337729
0.076875949620124784,-0.13408436590324466
0.03363510075109527,-0.22234766267033998
0.18353761358767004,-0.024138477549665284
0.084657360160883141,0.063085254107899461
0.00025379186356608128,0.026593717011758229
-0.17696338284304922,0.084481391137879919
0.14980807868603688,-0.028950995069422687
-0.083180753693649925,0.29560633446848072
0.086345321144957285,-0.080500058186500856
-0.13135244664978826,-0.057266772458152336
0.27951065177303053,0.03948379846390182
-0.065500515746773513,-0.022757022155486382
0.05746929925337714,0.0042283614865698954
-0.044214704456501622,0.027417033497997227
-0.033515926154875184,-0.11189564862764247
-0.12646690293710214,-0.091236984628054824
0.0080208665392835568,0.13145615828551308
-0.028232580033053928,-0.12471532590774173
-0.089523328019481985,0.31252354043937736
-0.051851218936333987,0.036324741552140202
-0.049070101391369192,0.084553067692384354
-0.16184716309971456,0.19585809721897468
-0.28694062541152116,0.09951075860323283
-0.23374467714363037,0.019451203759634234
0.082512220868925401,-0.055384368870121811
-0.093692626299302292,0.33506460620767176
-0.23727311541628146,0.14487038310855491
0.22209042932022022,0.060251527846321686
-0.11941591807002387,0.074528855260601545
0.16917547574319802,-0.21337554976896073
0.0097983588130814165,0.071959539046608872
0.072013721295234076,0.013620151881757645
-0.17257966968217286,0.058234922587047738
0.108145962749386,0.17921887343281967
-0.0033843036712764949,0.16963347970941056
-0.12043209533485091,-0.012379913055683698
0.061682831768770596,-0.193914584564159
0.071750848446702403,-0.2201665339443856
-0.05740434150568012,0.22239789192180248
-0.029224912044804419,0.061045026490314146
0.1328617998171826,0.095050421926336615
-0.034421066523201621,0.0084495766832868614
0.14736331713126327,-0.11028140996484789
-0.18745699866261986,0.037516637957362341
-0.2447932251173125,0.011838987969800749
0.01094515084522568,0.069175839991677118
-0.048087451398833962,-0.089824745892390381
-0.048454797012705567,-0.015422742465795222
-0.14572835808882215,-0.17799961342381515
-0.12810477427468309,0.16062671837432882
-0.21992913775020076,0.16803862457208787
0.022071895945231856,0.16562164197719711
0.033264589482118613,-0.063514698275711351
0.07521656822127798,0.22747310604111035
-0.067649638019490949,0.062525710517022284
0.20430366664450106,-0.19841059846921627
0.06207258827053716,-0.15879687457728595
-0.15536458096188938,0.027804494545238489
0.0039819104163529755,0.2688311393356973
0.15879422347894376,-0.047338433433847082
-0.041013237158081847,-0.049463881720157921
0.34402881194033708,-0.13613043521314833
-0.11505038131007178,0.28646058443032779
-0.23502034976452776,-0.28126540042398362
-0.083102737324890277,0.014725344536415013
-0.10759572511059702,0.045894961854914068
0.045483747044555274,-0.056417088672691053
-0.17046145138963339,-0.13723469143944428
0.068596807057068318,0.27296948493580009
0.094771811142804613,0.16302817124750008
0.057968125745737779,-0.071471725736341168
-0.22517724008289511,-0.087120107818474415
0.051893242840041182,0.022791121741651672
0.034022715690794236,0.019759510887848303
-0.091576412812326397,0.023653261202403079
0.004023291792025754,0.096608757375613433
-0.063732437635274655,-0.073872618638424939
0.0189715435639118,-0.21467745313228898
0.050269417946098884,0.05364971095192618
0.0091208366488433248,0.043379390452467956
-0.059679835594293767,-0.0099938086308955457
0.10614679041249442,-0.10003076670449733
-0.13638799969166851,0.16020230560796334
0.18403476442785013,-0.39669958451714793
-0.009270243953504188,-0.19416707465749777
-0.044926935921742232,-0.046429378233104342
0.078832931045837218,0.31632145136916673
-0.06073210860901268,0.031961214864368259
0.046082627355012278,0.032520607558397807
-0.34310489923735349,-0.010409924187525023
-0.052391981833962743,0.0094750850706577846
-0.25645608220748589,-0.21987572315903264
-0.11177530059071342,0.0072244688744545803
-0.068379880683197614,0.11134528033878709
-0.07611709853104795,0.25099750608968741
-0.16741885565586243,-0.26812554593149202
0.13965570226154841,-0.15218374880258356
-0.14182019579360677,-0.10835850798226625
-0.23236618339957676,-0.051355483604399101
0.024376606989408332,0.26795366053108449
-0.093309895265542953,0.025700408818669376
-0.072714293657757417,0.06329462258863075
0.10110878772066913,-0.16511410686164385
0.18376935624423452,0.07207568040536616
-0.15369898552961539,0.094791820019108061
-0.017666196533110655,0.17010673090512476
0.1537233728103411,-0.15630111200793897
0.081611116125563266,-0.085927052175299765
0.088052612863028512,0.16663150770192214
-0.11730082712918932,0.094136606657279687
0.10389595685159493,-0.00098588315326023079
0.017751325956670314,-0.11736771814688381
0.16650861062499989,0.17103103292295149
-0.15577649342190025,0.16435169856852916
0.13894444172852249,-0.076460750402099376
0.20672026380405589,-0.00046336629849244381
0.06807053274672635,0.12703661812169012
0.017637129834951269,0.03220129699877599
-0.046785726410271976,0.10609647500158847
0.29441275876883488,-0.043995210466689021
-0.28106056227142207,-0.14794732029984997
-0.10922203172789728,-0.15972392804520158
-0.33705166806654052,0.072347179115622634
-0.27228036435196168,0.25392883237844971
0.31954807898147836,0.096242011515097481
-0.046128946021969403,0.072568692892122352
-0.30144562279414511,0.028329669599243556
-0.035348666034322331,-0.16788122082949331
0.12879543073709751,-0.061173530901801214
0.15082241579331382,-0.20679708400740796
-0.17344116151423242,0.23192317197425089
0.095170286632618339,-0.098484967456803796
-0.014354095671349045,-0.090640051847515682
0.057817365297880514,0.1311056595296195
0.16867706794916706,0.1790645128897406
-0.020817929092834531,-0.17366419955053192
-0.071046414753745887,-0.29047237574542079
-0.18882325852244927,0.19284553430359475
-0.034246004851537254,-0.06890331747315602
-0.043003608700631003,0.031527351629670249
-0.0098202647284814631,0.039677704190225788
0.0056435966073316232,-0.014068677120720076
0.25406724507281125,-0.045838082387040908
-0.16869695572522161,-0.043303378810612629
0.058133342869551685,-0.18898334493397773
0.042129205937081617,0.0037736755962824407
0.078219978299578677,-0.11385851569126461
0.02777500558405616,-0.22792970482772337
0.22241058239623596,0.35849131078039526
-0.052104301209575599,-0.05135131335179844
-0.14576818919614629,-0.0034714022269496541
0.039418974973882186,-0.066241117902160293
-0.14279627282115093,0.1456054654050957
0.19988101944088102,0.034023861513875715
-0.038397632447937202,-0.09273826504488257
0.2112734845276914,0.1035156041533708
-0.021201641447405967,-0.13830804056302831
-0.1637748856064927,-0.10692837712399714
-0.063901851481204683,0.36407221662481176
0.24230812891888873,-0.067688943293324394
0.14291868662002932,0.071514864149728172
-0.067817184570572897,0.038752409621421055
-0.088566205476373519,-0.0047699309687211462
0.033492817947376928,-0.21669228581986935
-0.11628009744119898,-0.052938614190659546
0.12687658518901226,-0.031856764576459057
0.067290067022929265,-0.091767638857589581
-0.083577773060121929,-0.18535703345451052
0.30531273768566869,0.064954905500703708
-0.19754340232358,-0.11131565630327823
-0.0051648968872273519,-0.091195223534317263
-0.046713821691158126,-0.097058669927303567
0.066735936800437254,-0.14593659193357919
0.030865846792769568,-0.086350357745333881
0.077624946888744217,-0.077040241355104247
-0.22536960176346524,-0.010623961084761307
0.27685469664059131,0.03227101738283681
0.01933869028117002,0.17723661371689259
0.046156524205475724,0.0068064156284181263
0.07992788623506665,0.0027309007617115507
-0.036795523727826809,-0.046761232809757275
0.10756578809733267,-0.0052844510010663561
-0.081685113442630033,-0.023512876000331497
-0.15753046811662005,-0.27145415765455966
-0.13904634197930918,0.048155669178819041
0.044830058980375759,-0.097798003465180333
-0.13209652532516442,-0.18297643071948422
0.19217315079988215,-0.13253640279518966
0.41460806357179442,-0.13609244551221233
-0.31353365012508133,-0.27974063655449349
0.031285765172077519,0.21749121977503438
-0.057260192510044744,-0.26659459025992088
0.10547766742946942,-0.020056125300280257
0.06168880191986615,-0.10440864702934319
-0.039322458859238317,-0.0069331314133380655
-0.019492808600676259,-0.11565531766251147
-0.034100506153207075,-0.017317910474397527
0.039904704331226573,-0.06341000034160009
0.040968679677489912,-0.035795059263383916
-0.13626641979418291,0.17274413466483202
-0.31327549873320654,-0.033979513751003089
-0.2716963462469813,-0.18719796372311068
-0.19159656813270687,0.29221649144073053
-0.030498873399493646,-0.010194943598978308
0.0986601412317826,0.054741637040929679
-0.12770364341248241,-0.11264095298299322
-0.13842991729143303,0.062552357775669809
-0.064487950095180185,-0.25971968756389463
-0.041308820852175347,0.21873129888448095
0.28955951033636101,0.29801326460467681
0.020993066231769102,0.19853381442460136
0.22806240164606656,-0.047811037853261136
0.13541014048241712,-0.074081202509662214
0.044935271539317902,-0.02693107948506776
-0.027640330284710347,0.062976807220409575
-0.065310245032103281,0.00084401345177621411
-0.17788020270453073,-0.17442072581718107
-0.021815446473320319,-0.25228560451144555
-0.15466605634446656,0.076647789169043148
0.056224326174196884,-0.090527559794436468
-0.19142010206569154,-0.22412877091600639
0.22699932231661024,-0.0086356450665410669
0.081603786868979455,-0.045349514879496636
-0.11013746658457667,0.18305737691567125
0.2364982551011387,0.23761410484504542
0.18676786306470303,0.092191715765152948
0.096135357691495144,-0.053979631051734978
0.050681325184530376,0.17337819097603965
-0.097849115320905969,0.024386941867030769
-0.29661060832036978,0.2260224629836777
-0.071519687598496098,-0.22879934858102691
0.007699500930217029,-0.08176646592928237
0.29468296406123551,-0.051295039813825313
-0.075698983500757391,-0.24588751772958523
0.077146179939624249,0.16004217204807303
0.092225040256221094,0.09856797094367549
0.10280468352182581,-0.12578618606813902
0.055380096807083966,-0.065641282691653979
-0.091497552531447521,0.015824155471800265
-0.13046345391153327,0.0097807606839145078
-0.080564818577291711,-0.1537593258135739
-0.0055444254797737463,0.13793511959858454
0.18245793438314209,0.11741406805566743
-0.17527240694411506,0.10851333486791902
0.058822315080637753,-0.02997021867194696
0.26960587903925193,0.11676603744636298
0.095073247606552863,-0.17652736623014145
-0.023461806049466478,0.33613404774912981
-0.19403092299221669,-0.024554335460317499
0.020814968412630034,0.067914211508697864
0.034142945428323357,-0.021825925443596475
0.25254095988140224,0.071053757385174957
-0.087705721531252015,0.028249566508246872
-0.10521641041017198,-0.043490435553810422
0.17706449633639101,-0.27644298091585301
-0.01480194967161479,0.0045013475781227703
0.15812059559207162,-0.021425964405492742
0.049736015801803125,0.13992553776648076
-0.14036653940938984,0.16601740299255502
0.12203535696472133,-0.14461652250489479
-0.086762206619864418,0.049031657266438822
0.14363314281882703,0.0041512589337655255
0.047762766136193943,0.07760026312791761
-0.19086128273247735,-0.055602883527980804
-0.072354939949235281,-0.084839357442672111
0.13365280543077865,0.24716276269378412
-0.094445663650182282,-0.14913365509213508
0.016370646937955546,-0.091688977338570316
-0.11069147163011342,-0.21027459628305306
-0.15135889056443083,0.0050781804909218976
-0.1723480337508583,-0.021003711250974222
0.036056114345137558,0.034523619644144091
0.012931963262311236,-0.09558902575072957
0.019502142785437809,-0.077144169491156031
0.008897055688329953,-0.11671798526193516
0.041005174733803974,-0.023655022099663237
0.051061946798262453,0.035035159408183955
-0.025902659657356521,-0.14586548114990233
-0.10177504859934836,-0.22876702039918689
-0.25307773258083333,-0.23528028053585437
0.073947864354469137,0.13996059434438898
0.043569851515789168,-0.4329633558186281
-0.15093478045629269,-0.086856235322566977
0.11839218025497855,0.29744241218692063
-0.049153554793982937,-0.0077062606389823214
0.089697210298081934,0.1736149623619635
-0.40907407131249507,-0.28409231489801984
0.011418083546292394,0.071880242948757556
-0.043408973856925957,0.19444215287492672
-0.1792850343596695,0.071020444426528051
-0.069492496186599431,0.0080523482010721095
0.091195591381652549,-0.17445077106156695
0.15637921903766308,-0.21252966077977345
0.11242292608871464,0.0072357269329191868
-0.2679606215096878,0.24983672276160934
0.035579429725549089,-0.02472160333970418
-0.080179612871650513,-0.20448173962427393
0.081217579969092832,0.21492939987593576
0.037324687538797779,0.11317260103433785
0.21814356683641639,-0.10970213919629053
-0.2385329089390873,-0.082399668928722525
0.071123105016418248,0.068411134076361638
-0.025788639927398511,0.21273029772551214
0.049256346030634071,0.069530529682591241
0.28252520219302946,0.19950714857881555
0.040904934073746388,-0.15751271417563875
-0.031633316606452563,-0.1838300492953148
0.041089335792290023,0.08389874413899337
-0.11825230049892314,0.044668526894639543
-0.024641441503132144,-0.13397855570868938
-0.077043518363751382,0.013864948373171981
-0.25007817303719909,-0.0093038923699609952
0.27341563408770231,-0.11229192228698825
0.0049283665109170413,0.028985253130366768
-0.018131491042810893,0.082686751535177572
-0.058657850679545404,0.11022881508342346
-7.0596125844211082e-05,-0.21708082158923783
0.13011783153107401,0.27890689945442265
0.15276573360326517,-0.05959349374047259
-0.1857702816430081,-0.44927402016299811
0.13613223893128865,-0.086908890693500288
-0.046743059769580424,-0.1550615360851321
0.10461108532805785,0.096741860252829784
-0.052104813128621461,0.16472953620071859
0.00034957162234014477,-0.10291422276204427
-0.045632325202668127,0.19960359651674711
-0.012264672868245119,0.16536160240171183
0.16776824146672897,0.026354530462440455
0.13255297567876753,-0.21628639573983424
-0.094987245688379504,0.088846166521279912
0.19369457762676337,0.013851944963141214
0.14768627698148978,0.051335063367455511
0.30278205374938943,0.045935384175764815
0.21421752509686895,-0.078041553023622229
0.23537074559692486,0.097808938771810419
-0.13683557203815927,0.22621621691965427
-0.12794434716832961,0.049679997977793176
0.10532304368129833,0.1560967734256567
0.16129654213265454,-0.01104005825230992
-0.51772428883443666,-0.17383154561038347
0.029253242604776384,0.0160728697826968
0.21401920324028054,0.1547810586220186
0.20451423626205872,0.002378734434189041
0.0646614608046788,0.040915574281948912
0.065529124303764105,-0.11530798315979127
0.12210769576547593,-0.01347814930677968
-0.066629616076411963,-0.069452511363506803
-0.093325849674081807,-0.055935736500546715
0.027844671944911588,0.05729920913827171
0.071332843574507518,-0.0281136105400571
0.060061664783339984,-0.070048337170621339
-0.11732695538528687,-0.21901809926670737
-0.14821418545226475,0.10438490840686065
-0.00083994966807495993,-0.082268229022165296
-0.018020561524982791,0.19356266579658019
0.34090097465851787,-0.07785503568631133
0.084447892711047703,-0.06812134934561058
0.18914273779877763,0.30215733865952676
0.0013528460868454436,0.014058914512287092
0.1056495970659594,-0.073939434685942357
-0.091100571045729259,-0.22826807343259481
-0.23545779742748574,0.08616394876914403
0.024279373338339006,0.010186707087775637
0.27497072447319887,0.12260726366721938
-0.048626794834516561,0.17478428084123721
0.2165941933855528,0.11073732524690492
-0.050754061091794908,-0.096929882573405998
-0.044673232790046959,-0.031530011501110164
0.0050644184730427224,-0.13234164145701072
0.068088038462302283,0.019062445811666114
-0.056044910448949908,0.023452643287238326
0.19636420347089642,-0.18237607338400133
-0.075594202965371227,0.1018223122231125
0.088297671467615219,-0.11124030486051267
0.1092437056038339,-0.13168121818735359
0.13330319691812045,-0.10647648077876702
0.054176954729012447,0.036040857490979954
0.018816508115819863,0.14998444365224731
0.11532808190085861,-0.1961011176237929
-0.055906444232315777,-0.12857514687421678
-0.093021796304103885,-0.20704318931181215
0.022106777722953785,0.064195228780527566
-0.11782909648174764,0.23460720282492498
0.00038602519936098884,-0.2402591089984088
0.26146325742323023,-0.2559541749394747
-0.10778072764547356,-0.012103015682258833
0.080719319258127614,-0.017668263395673831
0.07731222236974479,0.14486199025665772
0.12574831738971542,0.23355297507372691
-0.056448262962110175,-0.073118971163979196
0.037211382579784159,-0.12640563313245909
0.24414316563948485,-0.16168544161233012
0.03783779457833323,-0.027878064763856878
0.12462355176270848,0.092796040791590609
-0.45872415219768375,-0.041895115382537783
0.281557204076129,0.23681685310881628
-0.12837303061492553,-0.027860038025405421
0.11883503627874804,0.15932284125453552
0.020097419055359417,0.041004411136955445
-0.24657681341202611,0.22976054354469483
-0.21061313262285811,-0.042287811306074292
-0.097731650865244962,0.23017731629616603
-0.14155771389406008,-0.207532463946174
-0.014615367533230009,-0.035975528355292823
0.077826919976726305,0.2909757821619916
0.05666443829471967,-0.12063108568090636
0.21434347223965261,0.00035089503240672947
0.16784082552911717,0.089451443688336324
0.037092707030757149,0.11481440221034635
0.003555736117414669,-0.22434870157178499
-0.025941784067839473,0.056120625842433082
-0.053976665757240479,-0.019762945414039522
-0.33218911363926557,-0.0087180998587169673
-0.31663465124134965,0.013905362798989058
0.16877769964893466,0.030440598567863613
0.01835093365109413,0.010273498008913645
0.051902392641002486,-0.30929209430451032
-0.065122937270162579,0.10262926953908343
0.27996877637521028,0.08238350792210955
-0.068187255752873474,-0.014296312646562042
-0.15792174763465472,0.023506510712760328
0.027829134687902872,-0.21719933162384666
-0.040171844602512913,0.25387731645040434
0.058166847196043585,-0.11510690704488656
0.016596355794782604,0.17961937784367887
-0.11083281385775695,0.2655427174422289
0.08526500771446216,0.017343022546469602
0.016868355025995676,-0.065212100169112885
0.017367817031266979,0.30072256660655466
-0.096383054465519771,-0.14148551755663216
0.23939266425761782,-0.12946818068057439
0.040605750350217337,-0.027348355717513786
0.069521900109671672,-0.085645986558296652
-0.05002381124078864,-0.016787968208442805
0.06834389099811658,-0.083072953935713845
0.0038409360803833867,0.056010718487189207
0.020917833035123092,-0.23926913886879306
-0.16209567454414303,-0.03295551121196813
-0.069363321000342981,-0.17246325262348255
-0.12607057417661638,-0.064466315526587589
0.013478539136399155,-0.19335672181653341
-0.098320965477781408,-0.063736249357901426
-0.12162177361603128,0.14984074083904927
0.13550640777008163,-0.078600372671592339
-0.11999591454740371,0.098981921691495181
-0.058876324082280301,-0.21056610932335079
0.052353617435234381,0.0309143496585895
0.064890264173320056,-0.041548831433183837
-0.15290323975473649,0.046398179671715431
0.0013392147621912925,0.13781989733759628
-0.057662272668722786,0.021921562393964658
0.02296091733674676,-0.043855785226744597
-0.033786803995703149,0.11482384416491605
-0.12853107195693278,0.010700636211891329
-0.1637699686584029,0.092069094601344964
-0.12985602286309653,0.11448928051819192
0.11355461472318605,-0.075777615998634959
-0.15777140125205291,0.045828702328335982
-0.13578568952450101,0.12708413254251957
0.18160540258813107,-0.043934705340005688
0.11173472090189501,0.06549504972811214
0.02613010989088424,-0.31123252184004507
-0.0043900567054269953,-0.22193477568859929
0.052627269760598283,0.088849984155677353
-0.029314552397143735,0.032976108633349481
0.031263816766236428,0.10697083670614797
-0.023935910980065093,0.099539075128678836
-0.18201115391660391,-0.095399380903621891
-0.012536706670612742,0.063611012551130733
0.044293611910825689,0.13433919580409232
-0.079719595471625299,-0.14438010878487739
-0.26017754047114955,-0.15972281588010009
-0.092554350199581664,-0.16348707615956967
-0.040951767080457793,-0.086912589377300536
0.15569151699675884,0.044255537609236645
0.01129369131895328,0.1918741052100264
0.037127950411465431,0.32100933033822432
0.011029347831238807,0.27697121846484007
0.11908879664275542,0.11670270105898414
-0.15366661110813901,-0.088542333098025658
0.31556480471533011,0.096109388871557427
0.19948839272056876,-0.038310405814135091
0.080070752181276017,-0.17779078938338672
-0.0013536558983056584,-0.049015170858019139
0.19337687077325219,-0.075637589379429437
0.018660313684267796,0.1199110765482418
-0.068363370773620716,-0.08385967249523682
-0.15864566574110656,-0.048889823402052453
0.16372467600763344,-0.17975419147431415
0.10169451344965375,-0.11501935604881126
0.034682107036390748,-0.2663815994629597
0.018800668461043755,0.19069282260611561
-0.038036663979613174,-0.11770848273111753
-0.00099564882014044429,-0.23367827531630511
0.14101887616176217,-0.15774968707395984
0.099172418263588816,-0.096088157090483975
0.25124826766335129,-0.017402145075477719
0.078716118728882054,0.0051696380678317505
-0.11922619277639664,-0.19348121283251724
-0.027670157769227224,-0.049329870545555349
-0.10161363100412804,0.19445996165814006
0.035807334147975975,-0.03205503662347807
-0.093989239868998153,-0.12367459775471694
-0.011882065252016252,0.017237931652330951
-0.0413937262741585,0.21017902188174359
0.027406354860598302,-0.02027221311058568
-0.12347964993593888,-0.097580913514504819
0.063784565642274069,0.092362759835965827
0.040334999735313549,0.11215528197923476
-0.025922010090343166,-0.052754402940546813
0.093995251352016099,0.026887180374531621
-0.059862303259795004,-0.12343843289733553
0.20008273029193727,-0.19821120457326127
0.0033498921949175297,-0.18234381198034788
-0.42721667503754673,0.061559788452838007
0.032326172538571271,0.010079745069378816
-0.033367563231587342,-0.02524297524839695
-0.09538097965901951,-0.2671803084225971
0.039045087187016173,0.13940949806333811
0.33000332919286263,-0.020607501367388845
0.2159459356974503,0.24330606041473493
-0.018456510965826647,0.21904987908530579
-0.13912405442872541,0.091711439917148488
0.13017342273340368,0.1829367319153834
-0.077547620699002506,-0.071019091932250686
0.11063588611098064,0.13132878214449822
-0.019029829815465322,0.14742651380020147
0.055344899295091336,-0.12595628711367374
0.022485951992144589,-0.0037122484247955681
0.06911794476784501,0.06883032178777175
0.076164205392897005,-0.16257370288880524
0.15076951928740953,-0.049777199548678833
-0.024760581902244401,0.11561421354767198
-0.076817539090270212,0.070294220504762611
0.013682151183875528,-0.12973735453752552
0.33079264396925073,-0.026034666719531328
0.0064839364279337076,0.15095067794571099
-0.095440110847052617,0.02566772624245027
-0.053218425869277289,-0.013646761064763086
0.14808698065892975,0.13536136917660205
-0.32109882155743025,0.10487213421586217
-0.029426354216158003,-0.070951203964429985
-0.12188338764396268,0.060451726927814572
0.0036158662229815847,0.24341357772004726
0.0026695946404668566,0.17363854512312213
0.067923675984934512,0.018279719702887415
-0.057803179159826218,0.29087249919192326
-0.18270916970775844,0.10428171799257049
0.31712234376572423,-0.073165211244363801
-0.026728309590172663,-0.073323164092231857
-0.23144172337102956,0.17228796673601121
0.010866113864452163,-0.039954963020382359
-0.086727126777321514,-0.0021612345692133715
-0.048682800444056401,-0.18632871851499166
0.12006078560636001,0.19994383817061753
-0.11677412707744596,-0.0076439214129893317
0.14240877318025982,-0.12832051140305784
0.20154699652219141,-0.053917635513541437
0.14012921138718404,-0.070568657543018318
-0.0061633958416023637,-0.1088897114857683
-0.0062954291098566229,0.24964221725986493
-0.10834669279137753,0.11726103676958852
0.049897654703734161,-0.070651526687708729
0.036046689926898821,-0.098759067103466977
-0.17470340970018589,-0.043360885863655343
-0.05791095227834972,-0.057288473000563007
-0.1588572836536925,0.12476375165502597
-0.023256894607007333,-0.134200982295688
0.12031956651505656,-0.0095977762099886902
0.26757890772558701,0.085505414568666949
0.013853151350890772,0.10709877214784203
-0.19701277239881132,0.31158700317640725
0.013771854304638228,-0.032309641049939684
0.25480659317558085,0.030411439247823132
-0.16779392207514821,-0.03503636179244763
0.20465627681710749,0.14540659156220095
0.17616201206251986,-0.035678444554319018
-0.083845683982311958,-0.42652784577911401
-0.0068095589451713564,-0.063313778607373861
0.026412630749145363,-0.14689022651910441
-0.12356565573207628,-0.14912124365358673
-0.21975226700277861,-0.25583326533928802
-0.042367763605410169,0.002412885154378343
0.048043470075384731,-0.10191544920029641
-0.0027771283026836297,0.026353759578182444
0.087165892585781835,-0.11315903957346164
0.098047615978092514,0.033881779456609605
-0.049312591380458258,0.16918714086110151
-0.10254548708054032,-0.11931192672371034
0.10338095064480959,-0.065069379799975999
-0.11838932949189973,0.057523570116146283
0.2148669443178888,-0.045738907367253064
0.14553666977839932,0.038422647799358521
0.12151973529158172,-0.0022627257767650964
-0.078644259994155863,-0.084761260204048283
0.12305029328801061,0.2022795934616306
-0.0057932684599373415,0.16933520990285583
-0.014620826080037862,-0.00049101296279433426
0.1055609304690634,0.0076231522654169204
-0.13398997046651531,-0.11187976595295815
-0.046682287292702039,0.025977199503028101
0.028860660117719823,0.30668038158877758
0.051551157229885722,0.063891780692748812
0.27305143472792964,-0.088240295264761417
-0.0096542009366345303,0.12083860200977825
-0.018472372616999147,-0.00017259977191064362
0.037764498021696707,0.081074048882244482
0.092456307150150921,0.15198471050482446
0.082638164762116967,-0.052347201329458144
0.043168893665502639,0.0076009355859527764
0.069255684900408537,0.0087544005071512627
-0.095508765003939039,0.14601220883995059
0.0387743223002694,-0.15711781367936647
0.1644695535272567,-0.023697578441529688
-0.15605114006281451,0.23308814133888023
0.037950392317302156,-0.30515966346097967
0.13977844510880558,-0.063067543750198449
-0.063516394990999286,0.013810812875841592
-0.11784596549614761,0.08880701555458155
-0.038610012594189343,0.067214331264956087
-0.15521729942335138,-0.19300858895644665
-0.081173787854861221,0.17209109640709916
0.16855994696948226,0.038616298573844444
0.12176566665868062,-0.054763338717659954
0.18318911547115027,0.083801434135003572
0.13839331763026008,0.017001715930025883
0.15690370119073416,-0.09003180943009656
0.039040075275069128,-0.084421905926425483
-0.028182125850683276,-0.060822695341304363
0.042490606690805059,0.20073963751638091
0.046765793864137685,-0.0057434008575733692
-0.020238694629685944,-0.13688136532152195
-0.017963204418815444,-0.058884096495565849
-0.005856538999142096,0.32274776304259972
0.11299635868028339,-0.11166599673190154
0.092779158018052338,-0.10412727429584333
0.19033413160337065,-0.052353731200190115
0.057872365944196091,-0.086684232196322833
-0.17683414533457417,0.16551223037346213
-0.078976615598130795,0.020982209999245761
-0.10286694764780638,-0.0029923113998213007
-0.14315192784214162,0.092153709336646711
0.12776483908989361,-0.11062414628089212
0.042220274521278786,0.039588302564842741
0.19157838792647511,-0.055624601491077244
-0.31201563549555894,-0.20144216287016284
-0.20993876149846136,0.021012850675303351
-0.062288806782359658,-0.040026196930049648
-0.011563009915687468,0.028373380130237189
-0.07018793198024692,0.12433785067408584
0.3111979954269426,0.33028280389512832
-0.059210496207383875,0.096535695469214353
-0.10800676432667369,0.23732386965701791
-0.15013914033048403,-0.1335175642060768
0.011713203539661699,0.14604233187788468
-0.046804025506350391,-0.16905461055015014
-0.18176133630293972,-0.16673404519543975
-0.2108975756215028,-0.14105372061622809
-0.12405892083421415,0.075375888019967183
0.18549960820705136,-0.16436501025232064
-0.03865147255750824,-0.058021349978992449
0.15939501163323605,0.14262651237257909
-0.020319158735294652,0.13249109208198914
-0.1645358161361189,-0.0054228317884932372
0.16570697799876186,0.023949092886624074
-0.17612307891045506,0.18895050469746719
-0.086286594812526832,-0.16316638261680844
-0.1501592214839135,-0.029868559569339474
-0.058844662548764699,-0.10403852788446312
-0.100294631232122,-0.16384850770830794
0.1212507350234181,0.057814678693059986
0.019882278609027526,-0.10590658238376716
0.018579862227143494,0.17688254029507972
0.044621476750501758,-0.041807231639230363
-0.098263989359301751,-0.038581510739202407
0.092852670322232961,-0.13847721249550946
-0.10888066942422234,-0.17252218081689596
0.018196786778308705,0.21887778933953342
-0.060881679881262349,-0.068617848389058489
-0.21224402167541137,0.065229167505744798
0.12632044497713138,0.27559460198434621
-0.061074050811244458,-0.088301338939179366
-0.059870765998893662,0.27419322279120978
0.06638432184119937,-0.05704295219356089
-0.11883539006242112,-0.080703717047965765
0.14256784670410347,0.037119656425017709
0.11250210272916097,-0.1390636498267134
0.096651449329168401,-0.041065043450340642
0.076196463443165413,0.028020657584386047
-0.13948839527911391,-0.16493287232644893
0.142359184246896,0.0021659618851615592
-0.19352603770177199,-0.27216844627973624
0.1415940228040086,-0.0018624997836634105
0.15675699479585001,0.1122968010168349
0.24195425436485984,-0.065842056214893502
-0.17515566787794243,0.087368568855962003
-0.07939082244898546,-0.015258269147336597
-0.21473072921447028,-0.024064646347682558
-0.094170782925236216,0.031037201273415718
-0.019989292137581181,0.0018468434029735262
0.09122979395166203,-0.13894281229713901
0.0065807618882237021,0.069117825392710899
0.10683769719139757,0.21497343473009145
0.079748322961233659,0.062484767076185603
0.018638206198888917,0.16856966914704377
0.35192922852957054,0.11768124380425818
-0.061738357444976501,-0.065439069073537887
0.012327796932877697,0.096951855033349313
-0.19088078022050792,-0.10712741759263679
-0.26127555041622758,0.16142157435756319
0.016065247211777007,-0.17984815519829897
-0.16931763166684016,-0.056798440259580626
0.23492670603265944,-0.00968556888618664
0.12050187056805353,-0.012508646461902801
0.10588363066486102,-0.23283230414696002
0.023027019528236208,0.19144075071238278
0.014028928888477661,-0.075307425454729696
0.12082506571603434,0.040391910248871385
0.102654865816206,-0.062256450954298187
-0.031354762668087476,-0.019408167272603413
-0.11240187498208733,0.097408998183285606
0.033353002537090254,0.38044451308746419
-0.012371489850733452,0.12921966507473051
-0.021661901793274839,0.13246537589372798
-0.076059054792758721,0.35594145016096451
-0.09446511550216527,-0.0045342735774155938
-0.06782197970959368,0.0060891847756628465
0.096263876346926999,0.0039499823242730219
0.28147378478706164,-0.082690797107458844
-0.27185438011005075,0.082654505077457849
-0.16305456934092108,-0.17990770626868713
-0.059195179436454824,-0.051382527741235091
0.31642162628370635,-0.054030745605418755
-0.028749640692297258,0.00080449530294792273
-0.079057205279023157,0.10140160062998435
-0.055409894771878396,-0.11362694351624489
0.16833731899614712,0.066957726628555828
-0.046271957142565955,0.073234342778757955
-0.047817887135855011,-0.13938969397527523
-0.053164059632911882,0.06966727253270448
-0.072522122385722421,-0.038606737406893764
-0.063245625185123833,0.27957254233184053
-0.21862190678954399,0.081198513112708787
-0.4008881023793277,-0.055009768740741705
-0.21532278046278996,0.041089831760205232
-0.053226606158520678,-0.13450994664606497
-0.18301653424127329,-0.067435719562484148
-0.071192822601824787,-0.031284891147802855
0.0025459122837197248,-0.033141712051792865
0.080779785608304483,0.062698802612049381
0.076876734698838822,0.050068413200826986
-0.059799144400155518,0.098468063428554548
0.12296459346529778,0.11308917488531836
-0.086041792380778151,0.037989623787070423
0.10139084788531287,0.25353114002762184
-0.086623148346155851,-0.14121457223657052
-0.12624881456810902,0.053535220654986643
-0.1152435931634023,0.20622222039989077
-0.21193752818024314,0.38892929942542337
-0.06130527471462803,0.06027477791310977
-0.12087414353612358,-0.12241954859733965
0.11361446812797833,0.051384179872052287
0.092328257797471711,0.034618360392874976
-0.13161202043911563,0.0086324813491585814
-0.11949724417993289,-0.048328470178324368
-0.083475753596626984,-0.10925144963106037
0.13778157339186789,-0.15967909469676778
-0.016971618422598936,-0.050072210700049247
0.13073751529221905,0.11635814533120949
0.033978258149398415,-0.083913198334302219
0.038545079000660606,-0.29090093915903237
-0.02709354211654148,-0.094730774633220632
-0.047202252893992824,0.1846420167909863
0.0078742464531343856,-0.060187733647807981
-0.12458357189707478,0.085528022060237074
-0.06569562939513747,-0.25820417563504161
0.23952029108161491,0.18220885495294387
0.23289697944777596,-0.049268716910342139
0.011642828882038015,-0.046193938638205097
0.00025150878343080125,-0.091439116197479214
-0.00040045070877742754,0.046185434420096184
0.087057707843515589,-0.19380461186506195
0.12547521029139677,-0.20891502260859265
0.068713690633356528,0.025210058912559452
-0.03997341539091815,-0.054503637752860025
-0.061632878575670902,-0.069172025099083476
0.09294310310099356,0.13640779186775612
0.040466997639976243,0.063145748667862378
0.10071009367076705,0.10937660436508165
-0.16378221691936287,0.16850767553178989
-0.1245134386534465,0.034327422544812455
0.15348612287418598,-0.14344373536435434
0.12250696273278124,0.096170000353166418
-0.17083565798571124,-0.054248661420608621
0.18139737818026319,-0.022587958853335501
-0.039929006948176742,-0.16073057359959969
-0.018110863695951007,-0.027727180388701245
-0.27912296271521875,-0.067475521301911298
-0.011912261317910292,0.018774924557689407
0.35726072568561534,-0.17484119843453211
0.030639572044545812,0.12734404314336029
-0.17194231396273071,0.052405469701389318
-0.070160392558056339,-0.039908319288327804
0.029231360273717602,0.05990792405147613
-0.23033469645429014,-0.097344929257270799
-0.020278905107134777,0.25861414842023228
0.0059097182514602662,0.047175681631144106
0.10237601328802609,0.1360912441075981
-0.030432986360990923,0.035370241563693103
-0.085357570078169825,0.14150271824583649
0.074106288249444666,-0.035571962598302392
-0.35887803214402519,0.067940698492887572
0.074043793420525833,0.014135058858275606
-0.073159270236459184,0.28979982413186506
0.042612635060121709,0.33886894215303121
0.028468111863865803,-0.19285629786662992
-0.063572084146804181,-0.040981207230771394
0.20066234902437918,0.046271030728441798
-0.16017961329173153,-0.17447809355110463
0.0453264411064759,-0.23468564954265467
0.064194827372966459,-0.30511419958170644
-0.017861056099034763,0.040671093879005797
0.25754894397212452,-0.045376275982057665
0.050174124901184128,-0.034476093180756867
-0.057400919825123423,-0.019962423337907428
-0.011039899408383588,-0.091842869656736673
0.18062528318949317,-0.08644716243765041
-0.0064577115847151388,0.12928520844087776
0.013118344390953378,0.010225358090818277
-0.094013223152112135,-0.02249509339886752
-0.0007359529062817299,0.14485645142062048
-0.089417041328482438,0.069089168665928638
0.13081740481995779,0.038282205925096027
-0.081599379443181255,-0.016196260819139174
0.090726566251270041,-0.019650118801009846
0.072771342597831246,-0.019421560374249674
0.25354545934549094,-0.074917188754974981
-0.095998437291476987,-0.044444587078884414
0.099471314715913917,-0.157321888639816
-0.17870065000140492,-0.096751425181398329
-0.12479230995946011,0.17387294877113416
-0.051537375785462504,0.22023905442405922
0.15165467174397221,0.035538002960615642
-0.081569693023110013,0.037954276563190718
-0.1218935499162959,0.026632845454290743
-0.11498334669961897,0.089257431006183718
-0.029716148546442268,0.20518780409336615
0.20316943849176514,-0.018829922491085678
-0.1912943774385199,0.1004728482880146
0.031908933203437413,0.046427023893387168
-0.26399809158170989,0.072853105231099294
-0.12745403374642283,-0.08548677441047757
-0.0022978857723259995,-0.30953005627577823
-0.0910923176453695,0.15261953511450582
-0.029110006363308245,-0.30055092878832601
-0.13094792009817993,-0.044897655455872966
0.040617219257611449,-0.047724053870317328
0.1335937408203389,0.29795518436348212
0.15751502282337321,0.11387459217326887
0.17905709989693919,-0.18790943653820377
0.057283222092017791,0.0034748733054613483
-0.16132382305112428,0.16005701708855138
-0.12065847714078505,0.2113070878676917
-0.031499535648596491,0.041281952421641441
-0.1538810407208874,-0.18275731717465488
-0.017803209430494404,-0.10363074995147666
-0.10592624566035441,-0.20640731876965157
0.12075310957594119,0.13249066057489575
-0.1529987616098476,0.17850535947972271
0.037432596103054112,0.094509136924323806
0.016284270428500086,-0.16838763647172533
0.13221196007454769,-0.20403621514208467
0.25017204344002325,-0.11591150073449287
-0.012226096006448443,0.12692753026200379
-0.35459233625299003,0.23662676978838185
-0.25547851145509715,0.26625371519345886
-0.29825153729314707,-0.063490235804225026
0.094697985913953994,-0.18990447266276944
0.078973980065601801,0.054169210750501809
0.1131890775871295,0.054829085083790439
0.24401922697056802,-0.0072554015403391197
-0.24583306888107959,-0.058656183672240861
-0.079492068128363388,-0.0028405754069952805
0.036494643174152443,0.0091009058326922444
-0.076925228683884503,-0.081480820529792608
-0.0037208833233258205,0.0078017899219493415
0.23456208220328487,0.047550916377383984
-0.11515865683606327,0.0071483580286828118
-0.0013033460361011042,-0.034224633718600288
0.12199744207125003,-0.16605725975831884
0.024178318212189975,-0.26626731829383699
-0.17157352606797308,0.11400730695721847
-0.15232281601132933,0.13227434069123309
-0.17455843785410211,0.018035576001323547
0.11522685195047042,0.094053802760145647
0.036034366564558877,-0.0449638360880436
0.013386547987075803,0.1682781969390329
0.22885392408980695,0.17736425421329119
-0.33074570624832078,0.014108043987933779
-0.029377330897430085,0.11745230174166923
-0.13494537976265197,0.12118366465277124
0.071171294661873385,-0.084859180808804655
-0.096382326760397652,-0.20480147475179977
0.14092268612728406,0.032358387881266652
-0.039864193955187893,0.016773897098046952
0.29785755707752715,0.15007144398535427
0.085699878261699863,-0.34059970700139308
-0.13116574587425076,0.044482399170119383
-0.11230710651559454,0.12115281678263709
-0.02520674992233032,-0.044006971732270993
-0.0011911071321028127,-0.18116144422172933
-0.15227787339670781,0.082300743350683589
-0.12496204719012596,0.12709091776485118
-0.27782377388283663,0.070389528020138106
0.064738480510215024,-0.18599102269041304
-0.028405352748351785,-0.010970688210657276
0.095610994713050484,-0.12251579793392763
0.25624968805029663,-0.18071689127526125
-0.10166927267688528,0.041967064666459331
-0.075619294305393783,-0.20575691552725531
-0.0049971109868579,-0.11337338767325879
-0.054070523123503009,-0.0086779283839170836
-0.1468712156129241,0.010690887218542092
0.2489564404143155,-0.047912402011000069
0.095660846860521218,-0.12515702528471279
0.19866005032635037,0.061191193556794504
0.029427312508342678,-0.034489921534195028
-0.13147798521751317,0.12788294365866876
-0.12231332900054653,0.20551251551629121
-0.18586132334192995,0.1008953401078119
0.12308402404525237,0.030349898273880991
0.10842066571047423,0.24216426603161728
-0.085090037963587148,0.025804922610364628
-0.24771149039779869,0.2186031438493353
-0.18980457816778379,0.015552441281315686
-0.0076159194678225971,-0.12152719427140467
-0.090952786856496867,0.076981295561766722
-0.52256144439394192,-0.047655473474808252
-0.038193829826064805,-0.03341971749423011
-0.10327018954514547,-0.024646927938617995
-0.086911020360357583,0.2896342623508405
0.072731789037189618,-0.24839977267939792
-0.058187689529173935,-0.062184851717574333
0.045308633666287297,0.23443189431774344
0.11274709387703595,0.12344370309664716
0.10251912050660211,-0.059817321956005733
0.29266286890750354,0.0084563684572572361
-0.036736300582753782,0.0087426764529129133
-0.0032403767403420252,0.034831169244463625
0.18040029984762918,0.062419890495387667
-0.071928648960773153,-0.26999240646892514
-0.074385975238544677,0.0086229377491608052
-0.080672059313941002,0.13812958061601233
0.028525759401402194,-0.26792768289486213
-0.058194736957166822,0.29597014276353273
0.18137065680355333,0.082696411451146049
-0.11714911572169409,-0.27177556877218101
-0.0021643348783677084,0.02000178679169615
-0.3632785045636055,0.036145808262373937
0.284638364979166,0.079997798315391347
-0.020071226224315935,-0.10843608009219381
0.090737840501773984,0.091287291570867471
0.0048882742576559961,-0.21268232714376839
0.023327263141406391,-0.1013944635698424
0.040378783698693181,0.16076653583412873
0.15399599720220941,-0.18467668185362851
-0.051288457617589003,0.13501791556267528
0.14706918320639514,-0.069072308928248047
-0.085350392157319016,0.011584061975578689
0.18378980413775661,0.10120818350306146
0.11220512777237451,0.048339444344411495
-0.1234458855867703,-0.28947165281899889
0.16861486049245689,0.16250819101413283
-0.065716805580589441,-0.12296224336672172
0.16252567171442783,0.081202347965327368
-0.012463571547722034,0.052163739812988046
-0.013019422160710625,0.1187462066127839
0.035163651740928115,-0.22078464828196462
0.025523003881590321,0.1219802497446958
-0.10484248219183968,0.060568609987685609
0.060435223032840581,-0.049195163213312257
-0.092739278397946878,0.1501281496345821
0.11113089056860935,0.058209604290736537
-0.12508619422004755,0.050635991549790864
-0.18907853781372269,0.00057331019972498042
0.08743987192629997,0.0055689756462324195
0.1559702913394671,0.066754200174662867
-0.19946527452941751,0.23220815199018449
-0.064075588524231064,-0.014075392191398471
-0.060315253829637649,-0.096098561399649229
-0.094572821645257196,-0.075180640332970575
-0.062423177134598586,0.083699402874435377
0.13046366607845253,-0.030937944881001097
0.14890279242347657,-0.12301007007963467
-0.15911028912577466,0.0087986415127758386
-0.17303858794095431,-0.0067632638111896773
0.069936762662350521,-0.092667832041971307
-0.099986181035525729,-0.09547963814662816
0.014402599348889468,-0.11277384382136491
-0.2503056336929067,-0.14113114797285467
-0.18614073080918056,0.068457161336302086
-0.12304439642146027,-0.13429178503993103
0.17109182636532594,-0.19537459444595587
-0.11601691827473345,-0.046036868643987407
0.082537153706151084,0.037321634122564909
-0.048297363466510188,-0.2016584256954668
0.080703294565824285,0.084725587273368916
0.1598160781832495,-0.14702125063941548
-0.1553336198461269,0.14975577756217323
0.37151285516364263,0.14142802811609712
0.084668903224554268,-0.0057240055777039254
0.20180811062484258,-0.011337261536934939
0.052753220815277162,0.019555717563181828
-0.44753403759612653,-0.21348900292878789
-0.056829075604367209,0.080133288771463321
-0.0027363675679151324,-0.014332532436576168
0.079231231472174243,-0.07619989785250994
0.23376163806182743,-0.098345198818203042
-0.14895366960271542,0.13857361794346459
0.23076671554708084,0.086466999137096906
0.033613248348851398,0.13212128799479786
-0.01366817188618869,-0.1908536332694234
0.39838241992806472,-0.1110711365714433
-0.150958430604128,0.060320967014590089
0.20163127331544139,0.2455957443829753
0.21187264714205001,-0.1399786002853412
-0.038762254574143798,-0.2640413966106282
-0.19388702614781478,0.23694728559666273
-0.029420617660634557,-0.019464161540604992
0.013149081207890035,0.015402870888250483
0.13228566787134427,0.13286989448916234
-0.014818299839005714,-0.014898838002847836
-0.14019435929061744,0.11927670588885718
0.24219912786140863,0.15020605123893185
0.13898331299826858,-0.15151366042395686
0.044133474609731438,0.13693105053133117
0.05777363112721811,0.10788599354024017
-0.0086909840181672582,0.15193292075140294
0.12148896022642519,-0.063523251023238539
0.043395020578051474,-0.0098095463679984708
-0.0073591088029070573,-0.076377293782282044
-0.044719519662273999,0.12261589056298203
0.056671270228613492,-0.16191786526120683
-0.0058029614091758734,-0.043102579970438912
-0.010940193238236961,-0.26537372818501709
-0.089180236658879725,0.24292554976665151
0.21074645461734695,0.12765198069879083
0.07698398023668547,-0.11287917856582452
-0.087938731565284242,0.089976956968509145
0.053157405286766914,0.066523683541084844
0.034734405813260621,-0.058969830490759309
-0.056924140690016042,-0.19081141549430788
-0.21074546302819949,0.017560969419131295
-0.11446493290761382,-0.21680300625683488
-0.037762521435549638,0.13712678160205266
0.13365006718395436,-0.037313729308377612
-0.25587629049297861,0.02122549797704917
-0.12267703039242188,0.17540847978922527
0.15248940791604748,-0.17867016578042286
0.079134226347667661,-0.025744697805452816
0.049808892328055465,0.024055406373940446
0.03543519654717385,-0.22348918207992904
-0.4109472514348611,-0.083471074104210397
-0.086243354566723954,0.051691235698334503
-0.052107164434070583,0.17008453755872252
0.13293532754566442,0.051623182126910604
-0.077689507053998852,-0.19415880936710589
-0.17672246332963165,-0.12735793255767874
0.39387044448114189,0.16123017520930111
-0.00058465247064371558,-0.086826213918241885
0.16507312715640532,0.35911025304150407
-0.0060601469821885403,0.11262117675382506
0.11159721505647895,0.2829339238855339
-0.050579193914042288,0.070005557874107116
0.16172157861418396,-0.097425680217457039
0.034430475607432745,0.23411518859304889
-0.10195489820843377,-0.059664346137661479
0.017390872578467907,0.037122693436250492
0.034854267080328474,-0.15858157667029238
0.18597060013917419,0.15486310566719944
0.16848643004599168,-0.23135443488121282
-0.10265665915899419,-0.14579310100904089
-0.10177147546502731,0.1084082213966223
-0.061847305989837772,-0.12408817827720831
-0.34861510849509364,0.22695967617172563
0.15781960436944037,0.073175976435315843
-0.062259575674442319,0.058180153188051781
0.032711651342116711,-0.11698077924619942
-0.020703388201811897,-0.20058969961223341
-0.21348382738731828,0.11159020542135559
0.1315548594683161,0.19984537805415417
-0.15228810723463915,0.034010081094850569
-0.16321557622059596,0.17654561396072221
0.14044228801078837,-0.10061946849394493
0.01913822978324202,0.10421969681641216
-0.17092894232716171,-0.060559565805355077
-0.18942543128797598,0.29948634290440179
0.16845733140701047,0.039237035230642238
0.10668685316268592,-0.13292812120214365
-0.058708933252562441,-0.10767201995846391
-0.12956868724661882,0.11626308251097402
0.067673584965329811,0.22599850777987665
0.13739526221842935,-0.049581688379971837
0.03767151932357074,-0.13976705475266987
-0.090842616328722134,0.12466441380576868
0.13468260874940752,-0.3482223486691608
-0.17312981758478518,-0.012343018393092712
-0.10267180305397622,0.20585905538463903
0.25050557141422664,-0.28128793104115329
-0.085373955131000753,0.16740777858579417
0.40024497476599113,0.03274959236972675
0.20246237970160569,0.33278502855049696
0.26431130565974786,0.05543485194635564
-0.19146811594371413,0.11541437782747981
0.077777472246098281,0.098937623421785845
-0.040726640318131342,-0.031875154361207546
0.26494107547844647,0.2168163807548375
-0.075650299632601198,-0.11304679242624889
0.061256695602073738,0.04858994258558124
-0.020032091083082005,0.092982684980220706
0.044177785530598965,0.13538307301979649
0.10315370753413323,0.027958551490017414
0.05354669450175286,0.20194875879150689
-0.16283105266759298,-0.15300222984897868
0.048484147881645762,0.036911513908389301
-0.140280907961846,0.065943013900686756
-0.050597363425057981,0.12855725406584437
-0.034194252319612699,-0.17577250727048871
-0.30647919588387024,-0.073391167285525125
0.0073053087917812828,0.12838667486659627
-0.20213523165092995,0.11130198937318689
-0.0099713201566489339,0.10614494381253786
0.16579926955128196,-0.11513945130362324
0.11258927089399728,0.11553124426736819
0.12532581017422414,-0.066418212738260735
0.15344350536335524,-0.060544006354970606
-0.1414282427319464,-0.28816478486491293
0.13503279466277285,-0.092801713403225836
-0.036874273878597277,-0.013696913955990389
0.11861765828105998,-0.15821835868105336
0.028880776155535644,-0.0228718391005177
0.014993835007323294,-0.0023986225890670985
0.1178899175251613,-0.049615876164539802
0.096399235229194941,0.054150427331785905
0.029581802086631605,0.083144454719096747
-0.097607757896421107,0.10708278713034888
0.012426303077620384,-0.25380515861162023
-0.1974132277506464,0.070199253289011498
-0.1330121962002227,0.083389744848551134
-0.21575577802251145,0.1975420760815475
-0.10094248804878612,-0.090875682329816312
-0.16447659499275877,-0.021577092133116111
0.061533239091432802,-0.292317748266123
0.019388566009166251,-0.085460271689648828
0.44434746472196618,-0.15440001042933477
0.33423240746826532,0.069373571647857027
-0.1500604944985707,-0.012603401267561066
0.1061625552120707,-0.25547082659861153
-0.12319095768295625,-0.058004895498753824
0.27605952457762872,-0.22426154686306035
-0.10375335840458398,0.064912094683248864
-0.12447746925984501,-0.094172468756425584
0.042201998168792491,0.14667478111024862
-0.20594154904984596,-0.13340798704512793
0.15420678407458141,-0.093440300654289168
0.18946489909263098,0.24987337583294134
-0.13501815128133493,-0.11199194328803883
-0.059570764491322266,0.089300123375048737
0.032692059780192517,-0.042459962283797642
0.026858680731169777,0.31491798344367289
0.15048554580952006,-0.0062413118251962909
0.077869655834086518,0.022430693640233847
0.045585509378477718,0.19718246434683051
-0.0085961963874937684,-0.020205944446779762
0.23394294233167245,-0.030248570962872715
0.0066638131591825241,-0.084956874221141787
-0.11947162434772265,-0.0040091892443638519
-0.10008848975124295,0.034544188672990112
0.065845552621023859,-0.054802306980978009
0.098440850161801915,-0.14236067036760849
0.22292146257735723,-0.034005142313582253
-0.076717110537597138,-0.031011072184830537
-0.12957065460087333,-0.30060380560724037
0.0048444690863678275,0.056196115429670117
-0.16733777908334746,0.11842095015167371
-0.1408306852884989,-0.083381465670180607
0.18209584221975075,-0.10446098344230526
0.033877597683284418,0.1410219787293078
-0.033302823055666946,0.15227452736351874
0.11543030835014584,-0.2078962688505252
-0.039519673973463058,-0.17133581989676178
-0.16645322907829491,-0.14935416646397337
-0.095286695463990309,0.22743901058041932
-0.17676255271665423,-0.042244108199764957
0.24077261634053945,0.23052259359648392
-0.012157513171378033,0.12101948437171506
0.33283731069211875,0.030412793296912904
0.0059067813975156617,0.11337044841371258
0.1106390925015442,0.13189818190787303
-0.096879273847018652,0.10493769860898859
-0.14924561821281673,-0.0578074032605796
0.17552902709198429,0.051719332409625125
0.2243808691554425,-0.23567697871770246
0.056626555413938295,0.051532422224712666
0.21679729631506189,-0.14779166529500826
-0.23457445604177671,-0.020349826083576165
-0.21853663308129478,-0.10990399264325519
-0.056997033018131013,-0.05531931659286201
0.005187557976034431,0.048281509245493986
0.07795048483799788,0.027642369184390916
0.13831659557887294,0.086967325579035942
0.090023307523582966,-0.18645837573527421
-0.065644224726924119,-0.095504528970321162
-0.34787071999392732,-0.080572867238091359
0.1943685181446009,-0.018966070623400024
-0.30758683255061725,0.0035571987693196355
-0.085265918920088654,-0.20756197674920157
-0.19362859885997832,0.26678870938290755
-0.064539504582239282,-0.095059800204189013
-0.033309104120384861,-0.15462882203556219
0.045630995443784218,0.047159551905386982
0.02863003438389046,-0.18770376499961319
-0.05628745988263463,0.26974724251180615
0.23466061400590671,0.035719232268481421
0.37538717574309444,0.10531053254018076
0.056509047773957856,0.060090649879543781
-0.07770906968310104,0.14771463237068613
-0.10014748842647636,0.051974455831943274
-0.091433534843753383,0.19129674069567287
-0.064104335566171997,-0.051779418338109659
-0.068828811473496884,-0.087328149646953443
0.080201903776275965,-0.11076145166505855
-0.031481137415672635,-0.0037342427417901814
0.10025097996705187,0.021193553029479024
0.050445004009134528,0.14807281097133984
0.16094963941140816,-0.048687512071455046
-0.13578936177718787,-0.2239958580629304
-0.35521416161973857,0.079866226974583773
0.042369146098055942,0.039229229609500496
-0.02937518038299497,0.26874947390825987
0.19824608096140001,0.14767310146818333
-0.14324767319367041,-0.0069633636802310947
0.11695450264626671,-0.24890738350582772
-0.076767633405691843,-0.0035176233756680558
-0.052729409088259849,0.12552453885790937
-0.020891539389778283,0.39989914865681442
-0.029623798923655048,-0.024928594554244923
0.092313134779945835,-0.11203105887555859
-0.025436471157898179,0.054522825661411312
0.039129259338066977,-0.18126952808303171
-0.19673131418818426,0.048803954329494817
-0.054773705522424644,0.023626676302829035
0.01418191036870764,-0.21733833671577049
-0.14040602074050793,0.057913089130412217
0.031206903133703397,0.014030096834055896
-0.086307313386458778,0.018180690905867047
0.069881161135095807,-0.040923733189437074
0.12297816644931214,0.092804140306243496
-0.03676476323029329,-0.016604032664152626
-0.20756335507091142,0.11038413338430579
0.013188531881173767,0.010973743119896096
-0.0098146925526466748,-0.24326111571068487
0.1417568158014198,-0.0059963120139886125
0.48763228736071595,-0.11493493516210497
0.0045248050519654092,-0.20306321241844655
0.25117081853093937,0.045860252725344254
-0.27106090498582325,-0.1365465620727625
-0.13196781992377285,-0.16876241442140091
0.016204934540843995,-0.12405922851907095
0.049578355999780228,0.069857972403147006
-0.19246292076430951,0.11465287815051005
0.040381088238343972,0.067712336116055233
-0.11963255493279262,0.21037490912313944
-0.045075152982918962,0.13683037538482165
-0.07782867807978483,-0.11879085078251228
-0.10169526182220565,0.047570188546540243
0.15801441294011123,0.032131688500183893
-0.18156641233607335,-0.1157932689970495
0.15291550228805256,0.25170248428992015
0.022536588797460386,-0.36150178619251017
0.038425619438598103,-0.057572495882714847
0.18405925779968216,-0.05526509784226516
0.034515422604412711,0.24336450191810341
-0.15919499468738252,-0.023470370695607298
-0.089546916809916763,0.32646600825390487
-0.036691677654378377,0.035369829752188844
0.10906452819026451,0.086277496678259971
-0.00060683780462256762,-0.014827074128137442
-0.14915326384256078,-0.017159397387205743
-0.11404339260720923,0.16084100770681706
-0.12583194585477078,-0.2785540170021179
0.029550678065295408,-0.391227329228297
-0.038795365986313238,-0.050909832532862687
0.18789337625314104,-0.084254773453729268
-0.0088963095492814639,0.049849230989653374
0.22423427905046167,0.028117512047982008
-0.011581191247933168,0.17276598604760651
0.093943508012911861,0.14697549097532928
0.16332667285126745,0.017207936782581052
0.036053603627089252,-0.17002036952100036
-0.066889736563605029,0.15884410006939439
-0.10590044249317423,0.06875834396132019
-0.074468988065557309,-0.13685071383011382
0.16469766232776745,-0.099082997877510515
-0.23220991798916829,0.084848954817829836
-0.092362460143322708,0.0053434762994256689
-0.050432100792744031,-0.14383463452768117
-0.085547454305053672,-0.32483199503898386
-0.19915926669745393,-0.030634812343682743
0.069365326081984632,-0.22031093485280326
-0.058265270703420857,-0.11464523044359393
0.14576896126180491,-0.17686961913101945
0.12198097528770523,-0.071471679559504481
0.060235440993000051,0.15509401608623541
0.036440668924407289,0.13908030688094536
-0.25784146985056211,-0.21559225919177932
-0.14236830790866389,0.042582258651761198
-0.096209835877374056,-0.054959997135355813
0.08716386247083073,0.24440867332935914
-0.055112878541723427,-0.11554392899941936
-0.11917168729219078,0.12104916588782924
-0.061726854901269647,-0.12812261475392442
-0.036330481118806046,0.023797178588048463
0.050974040112873389,0.081216915224944397
0.24357876275346438,-0.18997145317781325
-0.004759677372311112,-0.21618817374022117
-0.27392031785315324,0.1508397781423266
0.26306183116750109,0.048253237450494729
-0.067105349426874294,-0.0516324780528453
-0.017355537013543868,0.037220595646796195
-0.023702203336967296,-0.018162420941336362
0.089333917700727378,0.17976272876272567
0.073922975936661584,-0.12686824601770039
-0.082467328088132993,0.13762903337967305
0.072050583227992501,-0.017221628150757555
-0.0057274674343464858,-0.1247440403152467
-0.050044658006640048,0.20220979920006416
-0.065155214856025295,0.0036682186268321001
-0.076792998642670349,-0.040265404460081859
0.28655758377240187,-0.00043664796633257263
-0.21317091667213489,-0.033827256485167566
0.16873955203604646,0.067571343876969808
-0.16461048317101207,-0.020736359801591959
0.013067588856262328,-0.08434068627946055
0.23003973316157431,0.078693827084568554
-0.14609200387270113,-0.19597216048640129
-0.13492928125025888,0.057377390877919085
-0.068921221236284663,-0.03936517298687759
-0.1378658461537928,-0.12560745259951955
0.076992812995454463,0.077085312184654045
0.030772476582957415,-0.11298852766048284
-0.026196030968340975,-0.050766744963846616
0.031480536063651005,0.1960096772588209
0.38244531152047168,-0.013819240848560859
0.0049850843372318369,-0.10327407523116083
0.15127171317714205,-0.0666959150833831
0.033751505617675932,-0.22453291870522205
-0.17551714321749473,0.16612792424225267
-0.078034807058978889,-0.032256525405779696
-0.12746818775247204,-0.26098817661471047
-0.11215220162284444,0.10192569715272262
0.028908266996137234,0.11718392066632584
0.041428041402625876,-0.081730736369306375
-0.044787382472660495,0.032175824695500156
-0.0003450071522500325,0.061838245306195069
0.053831287894023555,-0.28683913735099209
0.047139569965112066,0.050151871842615887
0.011573229775017561,0.041536954439257145
-0.010476786253966733,0.17104119219742384
-0.08909719643235943,0.11677545556648498
-0.12651579126919793,-0.0029175560921702432
-0.12949488827129271,-0.22573524454730379
0.2253524344823985,-0.068042255118173689
-0.26027166719587236,0.12520221275098015
-0.27309659321847374,0.11629901992182679
-0.21933650468320631,-0.11258456270506141
0.17309241036353198,-0.12113946147986757
-0.14784290779399697,0.14092786098428478
-0.13662135260489577,-0.061782732545049117
-0.061875173482422205,-0.088962550586625652
0.016643957982827345,0.11747046871715502
-0.059501642618822494,0.087339794111929075
-0.2264450289252079,0.077185650055739866
-0.003750642887067372,-0.086493935481753173
-0.058589947909084471,0.00064023910324931212
0.066341231827656236,-0.059675272990110058
0.16448462171014364,-0.19003305238992269
0.064858732739325409,0.18854159702032575
0.14036951750650542,-0.084700245046194195
0.11659211072245644,0.015008110345466759
-0.20281450068536871,-0.044017001215401308
0.15854332758981624,0.21810664038945785
0.11328344114553929,-0.055987789398945449
-0.043078698154378502,-0.24112134024002307
-0.19405012597866678,-0.030149479278500157
-0.097467713374998974,-0.10763628613832443
0.15810472845981019,0.11727580542595771
0.076852881951435609,-0.02508440691708225
0.10474981369472597,0.020801683966508423
-0.027790031603755119,-0.15261714074450283
0.027036871270550756,0.19338337088543986
-0.089862528103885231,0.16452807675792291
0.055308008698233484,-0.083956711326821504
-0.043948035624869958,0.10624493226115368
-0.23671385903053471,0.071401421763511566
-0.13626082459598057,0.062986198571890029
0.099454397093591509,-0.20404424302934682
0.066118309353485644,-0.14355377097600641
0.089033092358597951,-0.29862029396690654
0.12699058526120491,0.022751996612852547
-0.01877189601375941,-0.16597475708376494
-0.023395778651173663,0.081848006716445917
-0.12630276437978347,0.1575326179096754
-0.13710581674338648,-0.12581658097114584
-0.20551366842971155,-0.15685274879393654
-0.22107246848177511,0.29493242004881809
-0.029469876784416604,-0.23479830151778708
0.032797167743968993,-0.091735682812923006
-0.018404533075627411,-0.018960716240608431
0.03215406122996832,0.098262066096967318
0.031733300831813548,-0.23245386156252335
-0.027069931837766143,0.050335069141686659
0.099497369617507117,-0.024953620274078634
0.12939776088781649,-0.04328100092823705
-0.45633353742525162,0.19828448074926233
-0.10503891179179231,-0.0028978016572272151
-0.04322839302929686,-0.079243589343811649
0.25766950040065756,-0.098065797865221058
0.24257746403842934,0.016120442122182773
-0.24199531837211835,0.19245881854789088
0.12385697936846361,-0.13628144530522954
-0.36364537001124514,0.14085768269406684
0.016123302848552703,0.15165576935784966
-0.16045715388965784,0.091665447494840832
0.0024956101573397576,0.034137243752063118
0.082379301831700016,0.12575976548679102
0.11351913770194329,-0.20593255819201781
0.20449710416091144,0.10243052961574323
-0.10970292041279256,-0.00074830001091089505
-0.065405225972368836,0.16564878822481263
-0.12938844041642839,-0.14410478621602726
0.24553987722500828,0.10872841617070307
-0.21341858432184524,-0.12011890819833208
-0.049902277380964637,0.17956314555601924
0.10821961193651569,0.042928675895657208
-0.090553679226254791,0.040312276138313119
0.045263182776453088,-0.05044393968498305
0.039301600051701802,0.057018738313584373
0.23714766099174633,0.08822434145337324
-0.22721691999089089,-0.13585197332468693
0.11058637142541071,0.17802786896109413
0.16428554554237854,0.39765582160001517
0.31215092213225054,0.26913624872603997
-0.083209130927964836,0.19467176162595595
-0.0015622425652462226,-0.051809744187247327
-0.24207591972722803,0.23322765125271822
-0.038296196406368929,0.076735084350536914
0.067400471523650571,-0.20947297621683891
-0.11337101183788709,-0.046474904060665942
0.10682385800742314,0.14864997157670412
0.11138593468320067,-0.076251298725087208
-0.064842524916435954,-0.044171869943674419
-0.080744696729388638,-0.15962067900543847
-0.10005373286158348,0.28096152274672953
0.13959641788227489,-0.090748461420556661
-0.0078353714322682635,0.071165249681835685
0.14716304087921181,-0.12331556295983973
0.074918675807615978,-0.05616649604713083
-0.080367134362225007,0.13817636655314644
0.33245790694154709,-0.052409291000325188
0.098047324626391485,-0.044738756255704011
-0.012660708369415078,0.18239458605189923
-0.024604732586065523,-0.1757381907403798
-0.046400462035523331,0.28805581541121111
0.058964216136932326,-0.029783188438016261
-0.12456245426764478,0.011004611403701124
0.07899187807826101,-0.060766665235639956
-0.33116923848071478,0.22151631745628125
-0.19728269842317289,0.11943568545644669
-0.068139765560856422,0.095472451646422513
0.32855416975795848,0.018914537075270695
0.001615082295067832,0.039711234006390345
-0.2164722614662925,-0.023414972644283039
0.11319534485710761,-0.019717051534675838
-0.15932566233126214,0.068029467988315509
0.06235327272298035,0.033405388871902385
0.15089525206967574,-0.065701724943275489
-0.16146040555836658,-0.16205503157163575
-0.094567640200564129,0.10755331735592968
0.094145923625150035,-0.09881642351827391
0.22478569653805097,-0.18510707724731798
-0.062620324767728053,0.040984645890543916
0.23439550238228424,0.063618995770944708
-0.077372094427837865,-0.4015370237287284
0.052297661198148507,0.28996922781742884
-0.052040796750350074,0.011156212116668958
0.010191662488875333,0.20190705687503713
-0.024605770323545304,0.041552136462271974
-0.20748120667460426,0.014038498169437707
0.20355493118913653,0.17975618256860817
0.2577647835387829,-0.093867625073212044
-0.076557723245717788,-0.041943099784498998
0.32238012532561422,-0.15137053629610603
0.091762615221409646,-0.030033320331464167
0.2734431070302476,0.038653066788256397
-0.14855331271013714,-0.044589353248977677
-0.34829073176908093,0.077401679363838363
-0.11671332742751002,-0.29743392891066134
-0.28327002910643351,0.044223929664193445
-0.13071084925007562,-0.080240083079083077
0.10906615062610457,-0.028928870964308059
0.10457115279462591,-0.08237710331214522
-0.067911556091377973,0.12097318609023915
-0.061704123801765584,0.016511652217090618
-0.17135868321063882,0.062756217967119804
0.33346798126179761,0.038033348519519554
0.12781279820874827,0.055605502917009331
-0.24617619330760626,-0.26994249015756394
0.040930053222078468,-0.063896830569197177
0.10696553474652834,0.025906782872011751
0.21905451060634923,-0.10400786747203732
-0.22376497287591526,0.29524582707398184
-0.060764847971351843,0.0041752248848258861
-0.0069219018725691171,-0.15780489993775648
-0.031299719082846636,-0.023828904419943769
-0.065443194323833054,0.06002076222875307
-0.064645241671976703,0.24884005992199648
0.069808981129050332,0.1410493556768366
-0.022588949614887083,0.049797819585648183
-0.0054687447171023517,0.28728965008870749
0.14456885500967234,-0.053497348261069277
0.063174809289855721,-0.27496251542544831
-0.082484104156352184,-0.10961248574155537
-0.19297630932802665,0.12875278305411261
-0.035683821153937451,0.07280873710343766
-0.094122252086858094,0.18064851109638019
-0.00058991344352540148,0.26998625277036664
0.099211556091477776,0.045761139512866714
-0.030013262139097805,-0.024466513631798043
0.12538677914634333,-0.26563574454856825
0.35170204029938146,0.16215265617097674
-0.15668987228800499,0.10656990890392033
-0.33740983245934408,0.21494777957846906
0.052545046503072831,0.03739130861477398
0.04715327674652494,-0.15681590918032562
-0.28629679751717829,-0.11685916322526088
-0.23925914138576226,-0.055518531762691392
-0.31687220722414666,-0.20355046982715813
0.36785561764320107,0.044433572246500991
0.0080337873247129099,-0.13610023404630789
-0.012672843362598692,0.1194505877920778
-0.018473147029097053,0.090455821278312573
0.064497061986261831,-0.050171286967739162
0.115152224257338,-0.018053007758536372
0.18407174083020364,-0.0305633250255909
0.048964823310282311,0.056600590496626836
0.022636815743282378,-0.25542598370339331
-0.08143171752479475,-0.17639131649996304
-0.18761179130224179,0.040974989843113395
-0.059550093759880907,-0.065683039393030815
-0.085401091612253191,0.36516062179816233
0.057145564827645934,0.075054196259119882
-0.17840665305006026,0.098284279303967437
-0.015237656541138928,-0.16858597945463832
0.22993898560809597,-0.052622923828517014
-0.18334252924234776,-0.1172989512535067
-0.086476854411384946,0.0098465066719743612
-0.11823533285278906,0.08826862097557725
-0.07044084524258154,0.14986573460233255
0.062313499213854755,0.29191578909246318
-0.068661300493478086,-0.078551630960622773
0.071398417009207793,0.09589831330966031
0.078292740899383401,-0.06757292874598804
-0.15129385300552076,0.11141012863225337
-0.26558573542656672,-0.084266854160861784
-0.010821820597393119,0.026115646935759417
0.29801615863874498,-0.10470020486140928
0.16440731359407079,-0.02964658512954358
-0.3923878257471487,0.021327040091278622
0.014870466051529188,-0.042660774138142718
0.084937522668729865,-0.38272973532306492
0.023328916111251395,-0.023882275294343679
-0.070040926092855921,0.011410792100150146
0.16049493175326562,0.15234583334692722
0.021891195789279269,0.2323143480446998
-0.11100928503842444,0.018415161673508072
-0.18043374322432881,-0.19890099377604736
0.081916613604553754,0.073776456294848622
0.075792358356075826,-0.11712984607293978
0.045305708931328403,0.097364254036615278
-0.040161491669810624,-0.1007895557217425
-0.23191526105401139,-0.018724236113227911
-0.097558454925973759,-0.14793658879604787
-0.085856445334463904,-0.19552619571571708
-0.12783964042046006,0.22239886474015785
0.077083435242535636,0.1728620812389105
-0.011568681355396732,-0.21643302714998366
0.080719015988239384,0.035899169485147223
-0.22185471623173866,-0.028955151345377048
0.1044668118702845,-0.086106843212970574
0.082798892870919738,0.19232278179435641
-0.24565326073969215,-0.2413345710192718
0.092940877631519592,-0.10249014523294653
-0.05460782174732913,-0.045072317873895248
0.19249064486349396,-0.070395586185871162
-0.1555863708780425,0.011830601093459162
0.29264516385035833,-0.0122893876951275
0.10668828013496683,-0.14454803643073522
-0.07078153998232159,0.063989957951608736
-0.076827087757419754,0.067573867534549595
-0.041363975372912649,-0.17178046295036054
-0.20108096610768572,0.17652535633141017
-0.14651591436177369,0.01730157310117128
0.20579316399827138,0.10868241870887864
0.074043344541281836,0.16855455750159851
-0.026881307468258515,-0.079635918588345733
-0.11328757541343157,-0.068558582518988651
-0.063692953704375388,-0.38846289237417542
-0.11623387240322791,-0.023627083818650838
-0.0014717293179672235,0.083029299016354433
-0.24810218439108228,-0.037491779595172796
0.02931165375007963,-0.011113354668706799
0.089168094498923753,0.1179638927575922
0.081034032254032246,0.072134628499644693
-0.2090505468937848,0.094956137839528054
-0.12356159934131561,-0.1291529781051293
0.20577984766341725,-0.042738013406512718
0.0075604459485329829,-0.038114357513860532
0.23269325676764063,-0.070542839391513332
-0.21808002820096911,-0.01855242088190219
0.12397178164666355,0.075354385960033646
0.039801614078374459,0.14714853922870802
0.081385878825991478,-0.21385146058974139
-0.096659751213203679,-0.1136279534793269
0.060674822345296947,-0.080093988256732279
-0.082028560234396031,-0.0081857613510211268
0.1846606286921825,0.35733775489125169
-0.13579638822407028,-0.1006935255364643
-0.11778462172352276,-0.1202409971081887
-0.22257880469379163,0.094042481129546718
-0.099980356380869245,0.007697885709352442
0.13595227932885218,-0.0082252862486768691
-0.028668414909896075,0.25365864272973304
0.076363635322175369,-0.051038260727430652
0.17386382851161508,-0.11478938176690279
0.010678012303577985,-0.10187215672467693
0.096384537288520811,-0.23091661321607956
0.24668350663555469,-0.014058473449048965
-0.0065713182594727484,0.047934814665134329
-0.18251862842789243,-0.12998140063211633
-0.063953561297641598,-0.074245956369788882
0.12608161759984685,0.035505871095318567
0.22126595108564726,-0.022470075343713088
-0.13629734825153483,-0.12199969876793142
0.09215300163600465,-0.26986223676489135
0.07693760090530688,0.10719724747761882
-0.12795079128453005,-0.05909199225774326
-0.21213440489791283,-0.014470390578505764
-0.064584955067330724,-0.17135401347218818
0.14284753280340917,-0.025403139889791339
0.21343263387571121,0.2929909381107495
-0.22627801551412668,0.099749767794609465
0.27981189617830632,0.11474878827556596
0.083858591096524479,0.15022186185462857
-0.038090567310683381,0.19941350865398433
-0.15228478670684692,-0.043159583879183429
-0.1783263775152617,-0.057250139114378061
-0.080161582554274108,0.20611666811381285
0.028079234442034012,0.11399671049866121
-0.029129807786317422,-0.01238019342690214
-0.14392233589299325,-0.066877924350673315
-0.019812366612432821,0.064277018579695325
-0.11483129215449922,0.0012864692268731688
-0.12164988703506868,-0.2521968817489294
0.050502057015902546,0.16505318546875677
0.38073410142677799,0.09581754531193655
0.051445270838245585,0.16257753950203455
-0.15052269381703123,-0.12600744623710239
0.047030983479276048,-0.013444428535999548
-0.088293071650238086,0.096722065639778282
-0.20180622414048469,0.32509849726577583
-0.11623093760870387,0.24787010236289025
-0.013965336778410791,0.13378461765873212
-0.060978312442777613,0.13104601329813623
-0.016148916470143285,-0.013322679491468389
-0.17390650238139893,0.05281045311491421
-0.16448639133851053,-0.099579342593988124
-0.0028488483329218522,0.035278984233178545
-0.011006370456825973,-0.13736610254340975
0.04100283518313913,0.08345738782413277
0.12011590707163367,-0.19889669760681217
-0.12079181257975474,-0.13558374460316464
-0.02671646326753227,0.14524950284985053
-0.13048730797540919,-0.049779439236352273
-0.12740959234848351,0.057871206379255531
-0.098407576956140622,-0.14861402207006355
0.0048489487001646906,-0.092538214713763084
0.11270969472212425,-0.039012782090069073
0.26295935041042257,0.063695285323880482
-0.049506595564625507,0.05821198549996888
0.23280541258356532,0.20201680913104095
-0.18625116459557595,-0.12661857811029387
0.036922077466722977,0.092760796350858168
0.086659348635889949,0.087594723570427704
-0.073525819883544744,-0.084338799111252513
-0.021781975261760646,0.022597887020570501
0.2494916906193293,0.18527853969280184
-0.15816984563429637,-0.06873478318765712
0.31360452984120052,0.13790228315719774
-0.13418235277033333,-0.022596507761387725
-0.028300542376302709,0.03295218837997526
-0.01103398202071007,-0.072027004675595932
-0.070410978317427042,-0.0171773647769701
-0.18185994006282122,-0.0390009193827714
-0.27769986862025148,-0.1160118450572426
0.05326465645388459,0.14483359338788246
0.013969517706412197,0.060174043131535397
0.062550834457973686,0.085471696486072932
0.11011062874726622,-0.020931987108334455
-0.15031232819284041,0.055835515312577459
-0.12477313827800895,0.097393814931836437
0.072455803151541473,0.06622077936271703
0.16217847542897998,-0.031670853074770806
-0.067566403873305994,0.33966997829539042
-0.10063498584226577,-0.014051830294229755
0.042182931620828583,-0.29920404918544119
0.13750189625813278,-0.036657871993054467
-0.033921111887246065,-0.19462714851712015
-0.058547201626735622,-0.32695414758343844
0.063811972038418624,-0.069056108216645082
-0.10410850025646272,0.37551920826463242
0.14780453206371807,-0.29527142065534939
-0.21355341539430525,-0.045930370307458945
-0.089471034308283279,-0.12198767927629503
-0.021498245038763634,-0.16437763318771936
0.17439759801576318,-0.17726363726796476
0.012870457374469629,0.076214060919613608
0.061113154566950822,-0.18941611440341238
-0.015169828827037391,0.13280834273980854
0.31209805914294714,0.15555816888399393
0.077919677293761383,0.29348971292883469
-0.10494337374021383,0.064112288750528518
-0.12672192905644647,0.03798415638338741
0.077153419767652845,0.091176140915807544
-0.0051995043523684554,0.19923395921481415
0.0083517581735348505,0.12172162067392633
0.15217528554509929,0.12852262669630374
0.076850722627492332,-0.0058375164757364286
-0.06209994052315862,0.028035868691885485
-0.042327225947971343,0.10990600343151041
-0.1074846243994684,-0.18697876867523844
-0.12924896833620694,0.1040050520718188
-0.1306687236025563,0.052812915495369005
-0.070219461346933659,-0.054462612374031029
-0.058415871124761959,-0.21799279191314214
-0.14997942855274593,0.22428377369396355
-0.16718075585133521,-0.11809405200002283
-0.088783478682543757,-0.16829453234574451
-0.057289708158734541,-0.083217697872122048
-0.013209050440906341,0.011457141988425774
-0.16336125759070005,-0.010277037427525513
0.26031814843805051,-0.020015797926942393
-0.079795772201956286,-0.24665766594306238
-0.12178011243500217,-0.12794233413386097
0.20743899708322552,0.10843631378947667
0.0047966435371539174,0.0082201879836367349
0.087092825336407179,0.059373763412992026
0.27439073491612437,0.036427281972688866
0.051197081689006406,-0.39994605516616116
-0.14439441989341967,-0.082931952203522591
-0.19936047192639317,0.0037389463869080953
0.12867706542309751,-0.0063302259292693118
0.083793580565303435,0.094675113516539622
0.027288276358523097,0.24223506950863716
0.1653861719104274,-0.053667213244829419
0.12161626131778383,-0.034716345556497885
-0.17551066320864694,0.090960295955878429
0.087752234085512831,0.20533638278145522
-0.052708455453817367,0.20237140317943272
-0.076493684587538482,0.29639794502924083
-0.081723718859769881,-0.0055237074661432578
-0.11469199005225131,-0.17052543038608897
-0.088883583458376852,0.016794946757252845
0.20423392127012988,0.1967607570960479
0.0086997597919801391,0.083223328353432324
-0.025086024290224534,0.11799210791611982
0.19428398720052337,0.091052650809664654
0.18846441264965202,0.16853724370296702
0.04344069549671091,0.22196873513187976
-0.24833080976192592,-0.12618104976997291
-0.17133862825502516,-0.0096033255571821227
-0.010676331847097461,0.068090401445202994
-0.034241192661114597,-0.070960689880928934
-0.097688697695514359,-0.044952377125271566
-0.31826467509657175,0.0021134844266932668
-0.16761572845848455,-0.0048110844403399583
-0.13751176282569311,0.11848810445813834
-0.082874065052580187,0.096642224663461562
-0.03104018648495948,-0.23621535801773938
-0.15854659335369498,0.0046662907419864584
0.092883866190191122,-0.17447074768935522
0.17354875984904278,-0.13259112216279825
-0.11949144154363145,-0.095572740584758842
-0.050728056164632489,-0.033697489071860244
0.15806781483763713,-0.17788658067417901
-0.010608346085839668,0.15554188038418315
-0.053858464887323335,-0.045368729877006422
0.35761594341685937,0.14367556384452557
0.15357098158222404,0.070691782242180576
-0.053209342762018233,-0.0096955667578899063
-0.23929139551110046,-0.170656374689614
0.19889820209579373,0.19862604292434091
-0.036964246688314405,-0.10077091256847935
-0.02278064305754891,0.032938819322806893
-0.12765671802728401,-0.1817370542111445
0.045719830057861621,0.049082834784001536
-0.17210706154690567,0.17538309826041529
-0.013311194047374669,0.14275315168019256
0.16371016830577204,-0.17189500616731612
-0.13569425324541615,0.11742793627999769
-0.1143561312414452,0.18275124292628644
0.26453672101050174,0.026368231588962107
0.22644289613583757,-0.025878684711947264
0.01156566087382515,-0.16363533061614779
-0.010303600570505795,-0.085731973210897011
0.18499820591687072,-0.13370599131533889
-0.17801864737025253,-0.13514544348722585
-0.15873226674169741,-0.031611755208470753
0.084786459823800425,0.0058046083260928335
0.028253880648701712,-0.034486478384160232
0.14738102089058644,0.020795009673776642
-0.15853939924962879,0.093838638472931099
0.0047019031414349786,0.06081333474198454
0.016676401343006842,0.18955925881347432
-0.021396885757251755,-0.030031689753250747
0.0094000891080275716,-0.057482740104724081
0.026106963251496151,0.019818962295748591
-0.012848938641695479,-0.015910592880612105
0.15023760248110846,-0.14775321212956943
-0.10703902585458185,0.030376872976756827
0.0015563811306474433,0.017400650285142438
0.2123538834504653,-0.29206533339674318
0.2043073065462179,-0.18917746246196837
-0.081975637589238273,0.19292917802086873
-0.11967139692412238,0.17456735853109029
0.19378510461411924,0.10724353070538192
0.076546658019736799,0.1511588337475897
0.046617815257744527,-0.16077642773439768
0.15686904300426435,0.10196507439525926
0.22126686201771995,-0.023144819284340507
-0.048697186496044126,-0.28834223439759749
0.16329860467102864,-0.11462969221785346
0.077833047966057195,-0.044996186263941002
0.25601386593512099,-0.084969105158122407
-0.024698288380028768,-0.26044979876654628
-0.0066646934300981162,0.24161185260039789
-0.19123157056797904,0.0046840652354554453
-0.10757183321606846,-0.13270529789330565
-0.08405629965259849,-0.10214782512884253
0.029629914492574308,-0.19966655846897916
0.056538930263494921,0.069078317716887411
0.030116489090179763,-0.292667563584188
0.0035542405091230763,-0.14812552179084301
0.066456413968523753,0.04886375449856889
0.047577405995459038,-0.092330440551829207
-0.14647282447345225,-0.39993817806295678
0.061648119141777931,-0.05080769092114764
0.3975451136130902,0.12128419693211004
-0.14953934317789092,-0.10466876057215387
0.083115947287933728,-0.037593749172678971
-0.14271669580463536,0.20697648939399005
0.13697476693236196,0.062680218615177877
0.057085845078139762,0.16975545104152884
-0.25900488689646012,-0.24496036815536831
0.22094156332856604,0.10776453681830125
-0.29269866497019353,-0.20562602506993019
-0.018937621500094339,0.23089927955808848
-0.37599449943231461,0.012797943892202242
-0.18941988855858041,-0.22002489888267809
-0.2699705281987525,-0.1221131404416636
0.04077847026494922,-0.089200481279624003
0.035523051142585277,-0.25297516589687835
0.00083798257363937106,-0.19478830923688215
-0.00087807676338076093,-0.11213493386114079
0.045678372002959607,0.022428838262267402
0.31079253363373266,0.15196285654680686
0.1747907516682857,-0.28697238045503615
-0.041123781140365329,0.22453790521335135
-0.10718927738921799,-0.10853012347479639
0.13541724573186803,-0.2560897338899728
0.13595882524706648,-0.032257697991710708
0.10313046224875032,-0.038659403213951081
0.040309607004434249,0.029889460515769468
-0.04353937563576088,-0.13596038842733019
0.01739592257604955,-0.1730833950049277
-0.049127596837262449,-0.099799631299895289
0.15939065280717638,0.18372553987392637
0.18448397875775593,-0.074979528966301376
0.022943595500904232,-0.077581159812275466
-0.15565088349504266,0.12515142898607809
-0.019542085924692323,0.074588946026909089
0.039287083729736383,-0.069586204913367825
0.17717230321442759,0.042494505861383251
-0.13077797806483921,-0.19014143876610115
-0.12000200887896212,0.10240544841222644
0.14769812694940646,0.12335860020226393
0.17333644248850777,0.14727405826551848
0.069872425029494797,-0.11283162676428163
0.11097906695189019,-0.10044609158006061
0.039011519772938749,-0.029892158467360014
-0.010273862553979683,-0.011847099435827851
-0.13497458538631626,-0.14459916580865406
-0.12794463661148908,-0.0038653676365840686
-0.063154340972541495,0.18592282870380311
0.0091907218966456958,-0.12289789728095554
0.090156546809227522,-0.15727545966932868
0.018543986609031681,0.0080968564691356187
-0.13388820247196653,-0.018451919548421524
-0.074245370865833354,0.10568836574672998
-0.081245812365223463,0.055005541666957015
0.014786675156340665,-0.0056016594662784917
-0.14663306250793712,0.013992009835396264
0.036485274172929405,0.06275254227741435
0.10187719633550264,0.057712849222549212
-0.35105551834044352,-0.019291756954619356
-0.030801165196638412,0.057166989456459122
0.10190288861495782,0.16219680265542258
-0.030386085161789637,-0.045109636185983057
0.029841974872998913,-0.093598222697933511
-0.05172556599296927,0.18284278738380275
0.16757804614908542,-0.082958822299792748
-0.10105800873386635,0.14776035118627698
0.17124106094591685,-0.096447053545904451
-0.066650326339522128,0.066527505610506202
-0.03407146305844902,-0.043374896043451926
-0.024062645606090453,-0.027626816413652725
-0.036940706904705259,0.025659184880706218
0.017347455788590885,-0.022744780376473327
0.12936560053645876,-0.17077313079334727
0.036698932720544621,-0.002677114600948246
-0.010233192797693596,-0.33132147470744971
0.19599660941210084,-0.065104348905228773
-0.1966128735271272,-0.28593246786865723
0.028068695827329713,0.13400187095602503
0.1303559826159586,-0.12608382983277933
0.019910331485637277,0.15285638447179473
0.0056421516547835518,-0.064807170223157337
0.16724996865689051,0.018280113434843235
0.07431348447089646,-0.018188610219782707
-0.062738129672772758,-0.16861029134588795
-0.11910064150424191,-0.20713805715854103
-0.035226496612291505,-0.15200930102420987
-0.29234602725011466,0.035875749326343395
-0.13005036992461264,-0.018031049106311731
-0.21551471320987359,0.064984168916774554
-0.11852961561582763,-0.081754212081789762
0.050159358378261611,-0.082592094923166187
0.023949277540712601,0.16115716957715284
-0.20686556015208005,0.12565886110663715
-0.14720756518024319,0.039323736380962385
-0.32336224372223937,0.16157118135214266
0.21221621512885308,-0.15160916287321344
0.11882323994577752,0.070628385510169894
-0.03594605142492685,0.24964586738024447
0.10679618507018118,0.080097476678170257
-0.29510956559456197,-0.079515422011826986
0.0020442053154559794,0.19638603855109502
0.054126166451196181,-0.088631899537873995
-0.40509971929181904,-0.2015002407453253
0.097913768636526288,-0.25747824396016422
0.063395832919766471,-0.086140675491726243
0.077677474802583732,0.055503448386266717
-0.033714414027080697,0.051057075412463508
-0.071072348999549048,-0.032103310143244648
0.0073322393521974075,0.057367083945814211
-0.16901584539583764,-0.23202734237674602
-0.036031362709165994,0.12765983744651654
-0.0076271654822657603,-0.10033697939036408
0.023882018403327248,-0.081148352287284523
0.23056979634591868,-0.007592971454240826
0.22251790968914756,-0.084412250862409735
0.021998572603090034,-0.080197185580799343
-0.28802626816750387,0.0044058892895343076
0.16738157481541643,0.11981612017603482
0.24008038103997323,0.13763078019233513
0.1656335016576681,0.065772677509362568
0.059460733538887943,0.085909124729470959
-0.21616001540919599,0.1422295887767267
-0.31533671504696065,0.075580022595209476
-0.1214797056686647,0.24444453653663026
-0.14134224841533835,0.14253526593083096
-0.00096430880129179169,-0.0026562230242158321
-0.040997736514921106,0.0040131535316368849
-0.038216568863454092,-0.034818699605393112
0.13427185968111571,-0.04774412585160228
0.018274874297837262,0.14807140431755719
0.17822963213729973,-0.1396757654385137
0.14370528561182117,0.23699573442886884
0.19290159125318021,0.17306278096222716
-0.029047168400078319,0.031515998362056978
-0.050028324815665652,0.024642731753357853
-0.14991949360042939,-0.20335305341134649
-0.19227772373533916,-0.07197115792916664
0.14982884538794738,0.090999470904388438
-0.25454891167633975,-0.20637211240454179
-0.090054480946097512,-0.074961645777535141
-0.0298666877463875,0.045353850597037476
-0.060979115497328602,0.020016920794843792
0.067907272494128576,-0.17004189207334283
0.13934348780786304,0.1041939024756663
-0.080013201527163028,0.0069753741127089857
0.30772485327254989,0.16511223198169392
-0.049387387023929641,0.05592036874673225
0.22396729768606052,0.091027973249047267
0.21026912881454943,0.27291376502641607
0.16505520074155694,0.0012081470007027229
-0.0078643993996875324,0.09070156939022099
-0.069978282044519446,-0.068318581561897962
0.30872496738360866,0.28781120408106409
0.084134964340017923,-0.20261648997830206
-0.042782402197879779,0.12901030101518149
-0.2273366956826102,0.1479274656722511
0.135350692090633,-0.083716327114314384
-0.25900279269782689,-0.11162379829928318
-0.093271459334598794,-0.13584769709085903
0.24593957612424619,0.03835346604205167
0.0314373661552734,-0.059164194369637498
0.0096064600245167643,0.065626036868610654
-0.19397291510738235,0.10939649731141093
0.090560583735498537,-0.073612297301622553
0.093753083329878098,0.060736977372649457
-0.27261474281131676,-0.034368481611869846
0.35063202569114954,0.036621655455628198
-0.19348391771228846,-0.12135544472984908
-0.051238531088563473,0.16714102863237973
-0.38610565229841959,0.040671706206151154
0.013086079171451643,-0.16778714917159115
0.0052482368742257047,0.13459154472003296
0.26037879067875547,-0.030643715182138428
-0.065094641381245461,-0.21230355115167793
0.13461314240932104,-0.25126692646314297
0.06397280275195423,0.049509313129506051
-0.11073104068608967,-0.11876487192675128
0.09647179761469496,0.28565059377107327
0.035690272518480087,-0.20927334565193351
0.3618059758308283,0.084935476439390076
-0.065129905801053878,-0.29380544671820952
-0.051498584442547825,-0.1710772180330451
-0.045836767831107406,-0.10604259297144568
-0.11201315500933358,-0.1701262124002009
-0.1475047967334629,0.053780535977000714
-0.17960425736667512,-0.15155937023414914
-0.10352127195076199,0.20092888831336447
-0.066433605365322876,-0.016491306137529561
0.024061781430012353,0.15249143008934085
0.055860612206687789,-0.1886293690760166
0.14693035158324494,0.22108772932710524
0.078564826130818347,-0.042034555972289805
0.013471249636761344,-0.0059741016553589606
-0.16724016280641332,0.19020697574853007
-0.13939203494402447,-0.10023408186899149
-0.0025914243806363074,-0.10620832646460089
-0.21390444980679688,-0.12105625395267074
-0.026220824771409103,-0.12492501893710005
-0.047938131600733222,0.020842242216007861
-0.12373688343315056,0.18350819434865034
-0.12918286624857325,0.22644879750065544
-0.30519161729161443,0.26122615022475126
-0.029605743795162558,0.12309604724226129
0.084784205396667964,0.1381086759831047
0.027384446985613455,-0.099768593255176813
0.16324055512709496,-0.20449290363818695
0.0071082061808257603,-0.019432506896592601
-0.015272607741549179,-0.12656983521148185
-0.023648404124577704,-0.15075367457162991
-0.042029325801354073,-0.24721601149741729
-0.035329483752552189,-0.0089738907117914643
0.11348240603441469,0.21900057459682631
-0.37424267098070291,0.081691086429112422
-0.050840736605111479,-0.079675139248530702
-0.24499894542907524,-0.08941770325709042
-0.025349767245464967,0.11384819881081897
-0.0069431826127450353,0.06968143193514599
0.15968656886994934,0.13016511428564331
-0.2493193499342963,-0.061863068433714932
0.09144916387666073,0.065630809429456163
0.047682139211426458,0.27519026225905741
0.2040480592181412,0.1059136714223968
0.10359290393752392,-0.077058196256050024
-0.16143634443137561,-0.13053783874657529
-0.24298860142268175,0.18517466454819229
0.0089799389432404751,0.16753294535880481
0.054532566707805083,0.1303940800614595
-0.17922957266419545,-0.23255835116116266
0.20781984087078562,-0.097736924022356023
0.19539787961335431,-0.024274932645921284
0.11617415625314753,0.1447584774223378
-0.22681415604389613,-0.21011492277270527
0.10456520901051891,0.24442903014998887
0.17394891807062066,-0.0020037183930523748
0.13742246425941668,-0.40410205420900375
-0.012222077995659841,0.31859744688935271
0.15354992937675352,0.085215381111291552
-0.17607498603669425,-0.039553586458062742
0.055280699704800491,-0.19973712277979697
-0.091527669231031505,-0.17000107386323857
-0.035727765137688897,-0.25361663389012262
0.13215108944975407,0.24799067459898955
0.18585309326251803,-0.18135136152351483
0.13951018168782928,-0.063645223991297878
0.094368438136572863,-0.048846406190723723
-0.096981184085058333,-0.12997918629921446
-0.069284086749466331,0.12333875300199737
0.20676075849816053,0.027594780884130393
0.12051460998583938,0.23914182912784393
0.09834822513241516,-0.036031059339759322
-0.042174588437667658,-0.081493330999654362
0.023621319938475965,0.30352399409959374
0.16619944992063285,0.0053434972944099157
-0.020096423313458865,-0.027557185419730377
0.38630890267122581,0.0035281303349968081
0.025729287816204288,-0.062198883394789795
0.094281328712925647,0.072663709236150689
0.017021689850649706,0.073404197619883399
-0.36136298286475205,0.027963994225465385
0.051323619984779453,-0.28175259243830658
0.19065168481108455,-0.0087809833648726538
0.070888877495228847,0.035059322651407585
0.052440475780382148,0.49255022956506261
-0.023488427706275617,-0.012534183724188706
-0.21789224003007798,-0.057693638795707484
0.048889661283472358,0.027277224481991064
-0.11227169887604596,-0.16016820971994569
-0.048656054603846734,0.18588063292352749
0.13602867089021617,-0.034707199752698557
0.01745795289449233,-0.32233813211257456
0.13419468900041986,-0.11782551856721367
0.023719905666214798,0.14150789087082552
-0.11098969664475995,-0.37770738532132203
-0.067987597333613675,-0.28265468227236923
0.23586436620350759,0.089392773105951798
0.16003379717112204,-0.077915271301991898
0.16361001832045988,0.24009418625092582
-0.15002224004923329,-0.045235382483804591
0.25122590964523828,0.10787790915181139
0.012483477592135561,0.076361382674739894
0.11808464996961625,-0.10743730737893792
0.0062516398039472983,0.16162104987402282
-0.18518158872548138,-0.11352654508045984
0.0024021703361015402,0.1272911926940288
-0.047142736634503801,-0.079450815949124162
0.27343310431723489,-0.06311419605079148
0.053526577887878075,0.12158381480940256
0.21355443331988125,-0.21785234858261684
0.0070481003376116685,-0.065324131634022661
-0.066655528997924832,-0.092334310796516633
-0.062701872486967458,0.24157183046661471
-0.11657256918540874,-0.17301796303993724
-0.0364441282730084,-0.1579900075396613
-0.043947823477018699,0.25309629578538895
-0.079608898053581192,0.23509144737993523
0.27697670533806334,0.047720731091541117
0.083179882457255216,-0.037811403265042114
0.071424325482615028,-0.10508308473908137
-0.15723994076179845,-0.095349398980273101
0.11646002082479988,-0.28411946843267222
-0.26812208845495539,-0.21573006422475044
-0.034776367154892553,-0.016780269116993856
-0.020076144238637701,-0.44231296797468517
-0.085794281098457326,0.24592637242182991
-0.089510142121696445,0.018222873787792415
0.065106455142784112,-0.13533731424061793
0.17854297575845168,0.10405006454814765
0.073068375126303819,0.13388779861025873
-0.091472238793187527,-0.28429118763453237
0.16224024339610074,-0.14821330870132976
-0.095625917828394053,0.041535446943198474
-0.068566258090984211,0.14342168231523239
-0.12767437372881052,0.33139017083205641
-0.13726876075788227,0.27374472689138518
-0.19586652388936976,0.20464724250942973
-0.01818678383873229,-0.033036724732490946
-0.26160476010203482,-0.23130139430495744
0.2916919335137666,-0.15549328107651905
0.10023464901242091,-0.27950561572138549
0.027362672986920709,-0.11511632492939368
0.30762484704684551,0.20037134451867047
-0.22791984518729785,-0.14940192691078971
0.10585591481899903,0.077112980644524168
-0.11785583635176895,-0.17700663549089471
0.043803790526037507,0.020930234548715339
-0.20068892801210961,0.088184559554940672
0.16552001073344155,0.051032561273992604
-0.011004304559731764,-0.028953093314374016
-0.010368919731416477,-0.097204139716459942
0.025561004935656016,-0.19701969211450376
-0.020367657069746383,-0.046394090145262815
0.057211591799488606,0.37175669152584789
-0.053426843661804793,0.26352007270210687
0.12221655709484795,0.078484571390933858
0.073587805089589994,0.18204545739170216
0.17005562504388094,0.31351347795980344
-0.10672228807019261,-0.23408183497536275
-0.0046264079548064491,0.062852097488189512
-0.15709014028081361,0.14113045223812298
-0.22883255837495609,-0.10683808692311396
-0.048484560710444963,-0.0051230776026920831
0.25378177103046823,-0.05995414095679142
-0.06030374956559046,0.16618483829245437
0.22984494337321304,0.088094793142830738
0.0097603590408990738,-0.10152978779358707
-0.17668336052473485,-0.052807094035130751
-0.22807944708077341,-0.099694558231506164
-0.040389500714664274,-0.018823258802904565
0.1380680172356735,0.31435483588941476
-0.37631626614308505,0.0438329752494169
-0.048114135021580851,-0.04625461885219162
0.20893612410141577,-0.095387002756425116
0.037015841528009436,0.098552408253108806
0.05046278562529713,0.097486260207686928
0.2410155058065655,-0.10888428468350451
0.060565932534700155,0.27280650256774269
0.064792818728558924,-0.067201748802792394
0.019573032166625898,-0.19917966611957874
-0.011977301425536973,-0.19896829498729066
-0.18008030168549635,0.18979048673656787
-0.15020590253720947,-0.096293013781565323
0.03449185565113231,-0.17253733156865697
0.037568249851938795,-0.033746542969217183
0.02967899610207364,0.086091434748270121
-0.066053486061245684,-0.12555607581174286
-0.2106114520367327,0.067298107603119092
0.048166504049707529,0.13174228084839434
-0.17694717886596745,-0.032742178859624979
-0.23635221717462401,-0.099453977910073932
-0.088171279185503687,0.27540887118295487
0.13318838370939837,-0.046230864016034157
0.071297510552043517,0.08401926457640084
0.084958423207683847,-0.04242997455608636
-0.044706821354926714,0.11302585511118821
0.18996361332323916,-0.015854017356760741
0.099712455812283621,0.17072445083117471
0.13786877488725524,-0.094835909209011748
-0.10624722485750396,0.082717119025441183
-0.031853050916750357,-0.075216752006992946
0.072134092786956247,0.20086856468686889
-0.039939474714638309,-0.30645294700631848
-0.41913731341874444,-0.12447144033246667
0.22326442561075532,0.20075048102885826
0.082949694817637698,-0.079668165466197247
-0.064361688227705008,-0.0072721100247723665
-0.033328592114135837,-0.02059235215803527
-0.056373026386016524,0.20149701799271572
0.10011575565077035,-0.10039706091103805
0.059341068795123138,0.1095501476333751
-0.017086687744844248,-0.22216489003966008
0.063287197686987942,-0.019901434623368321
0.17091804783173389,-0.22162005868996804
-0.040330670366369968,0.064264579332128341
0.12144114552188599,-0.20114079229432091
0.082849846199397809,0.1901566863853105
0.30587555663455812,0.02035270596571933
-0.1561160339702003,0.0079680175106910233
0.14653986773854077,0.039313865866970665
-0.13689694243561562,0.27221419424096349
-0.064836421734296004,0.13412568192319554
-0.24871569119728526,0.12865140545647649
0.20926150051812145,-0.22747803087527421
0.087729232406461563,-0.086533862963094774
-0.22074263580963888,-0.077004156514230107
-0.10338256153384813,-0.18544146754199434
-0.063072977035616262,-0.1423654497592752
0.29476137282787335,-0.14801957432150353
0.075116567852223551,-0.01398987465283304
-0.06362690086986604,-0.13845963695431576
0.23900865189613255,0.24667248040360204
0.19780059305698353,-0.069076777057160255
-0.020146454502481297,-0.26238732843423351
0.092392637725700319,0.017368607103555037
-0.24237938296036432,-0.028757716783149288
-0.080699677937110872,0.15280879098486372
0.053573412174132064,-0.15776059340922716
0.18887711481659253,-0.024001696312522514
-0.09384138986887483,-0.031705077130145039
-0.12027895602374264,0.12259981348217226
0.062371609608891362,0.2115624109028742
-0.027107999905947422,0.026352776596959501
-0.15349174552494432,0.0071579950150180488
0.095703603702396695,0.11943984815840457
0.10035253461438012,0.24422524913785454
-0.12819641936159587,0.07628043233971013
-0.06871898630496226,0.10377660289447674
-0.20438006647143583,-0.13813594223074274
-0.053209242121185968,0.0492046574763687
0.080445551521240194,-0.20597697809585203
-0.12243852454370088,-0.14288442851548117
-0.168748080551995,-0.1096009741068899
-0.25460558094611607,-0.16505823000682088
0.12258273389652231,0.080536434077987856
0.10169625323013928,0.14114798480566718
0.096624664107201025,-0.012142415348677613
-0.24320302069961092,0.13070145489163015
0.1977742613990103,0.043984134192197176
0.17808944440021149,-0.12866690024135177
-0.079825029094326289,0.030035860669555603
0.16957546385129016,0.13243080789432324
-0.12321190686200599,0.038734975503111869
-0.017713353240538271,-0.0036397562251324679
-0.082710377821715489,0.12976809351175653
-0.054079249346948632,0.1329674372158936
-0.11831474101497322,0.0017521908962555091
-0.017057660278049246,0.21310036135444468
-0.046329693271059846,-0.023690442677347587
0.080424952929370061,0.039361692457161236
0.094106273897525836,-0.10634173402912694
-0.05980436025558953,0.2119591757540718
0.19397243860494737,-0.047140482629468135
0.066544795313926736,-0.15631878155586351
0.13768961338975752,0.14827065764230407
-0.019861218663529016,0.062681302791495461
-0.05218471712572071,0.22498335212011542
0.060943591771923822,0.11150529968896886
-0.026815671351920936,0.10472295535102384
0.073220237493113793,-0.17258335203007907
-0.12442881611324294,-0.27430012734169223
0.055365616367031495,-0.2033526164935292
-0.0029928779713557173,0.0029442363667500368
-0.15643652155119064,0.0059830154688962685
0.10098440552145069,-0.21102105896263507
-0.10277241686708685,0.14133105919259911
0.039150366487257407,-0.025445626077878036
0.057754126580136907,0.15658236004235079
-0.025778382079010839,-0.042373353561219892
0.11558601308114114,-0.32317312803233367
-0.15086770940691324,-0.40090666828465871
0.039819611658388404,-0.11447480923457776
-0.044991681899044129,0.22179854142172187
-0.0032697017753191321,-0.049266827227795858
-0.054939257943315396,-0.25037603674854447
-0.16351457136904865,0.0062080968098660776
-0.048244752543238581,0.0053025878868484264
-0.096154596472550605,-0.31238965781383538
0.070835191339998035,0.031186935138969293
-0.069340071688480484,-0.25147373952609076
-0.091599495478279752,-0.15970815709832309
0.095320833154226542,-0.28715598895077621
0.0070533903133874493,0.031329363535316478
-0.0054546889479550357,0.069138043967296142
-0.034054035198892982,-0.17660462939152885
-0.084417073362168818,0.10949955070524346
0.1131692042075053,0.1426906871002866
-0.16290291233545953,-0.31343209359199903
0.0096224335671798028,-0.06761244561754623
0.23980719749295934,-0.043874423294829094
0.027739056134724056,0.0070047671241271004
0.15984126577507154,-0.039913008047819748
-0.032509095287691053,0.3021767687508356
0.085476431360414551,-0.25216868059392256
-0.10629973155597833,0.1414762640206102
-0.18907547647445369,-0.10960278960161843
-0.086465795354155786,-0.14303472819033014
-0.094934151159263111,0.12707050696403285
-0.0089356950533472021,-0.10445184371256215
0.1427560870513272,-0.16521632909924827
0.13566437735248532,0.09774864921435221
-0.051953161564515203,0.021929596489449237
-0.12362008062221062,0.025269744350269803
-0.045478592964707402,0.094011162184635066
0.098005939379096574,-0.032333763358940927
0.05938136444126127,0.069957713878744138
0.088942663091075777,-0.087360086405893725
-0.096203191738483282,0.17570790734392339
-0.159223817618837,0.12073820607138645
0.062716453443310324,0.19280562754273795
-0.020104027879692954,0.3568014959630984
0.086939470736296126,0.067422276045789931
0.043771170915003363,-0.18785368759412346
-0.086304986493250552,0.044444730202238381
-0.04894767860339562,0.099355141224502702
-0.024688016934927424,-0.10112687973447695
0.14130531776700037,-0.0017536664995176194
0.050418030912914052,0.22240032505724464
0.031460274944083357,0.094459737193140117
-0.021252096757218245,0.12471649004508757
-0.16049970020512341,0.11629886855305079
0.096423335328681997,-0.025599730606587122
-0.00064094105922056662,0.0050236892037546586
0.094768825140862392,0.014107547779411459
0.10612705485669723,-0.077017161272620205
0.10427978393210399,0.00098815159361134329
-0.0043757755827592663,0.12330487743907884
-0.0047094727768508806,-0.10420649266273539
-0.19236959731174222,-0.023811618209461559
0.076708612100150633,-0.20524612927859986
0.071049725033718064,-0.32473885508207967
0.13709949570322091,0.18669717632437682
0.067254373952950072,-0.113204357745425
0.06946689989894729,0.14804914870152444
-0.1125453669176134,0.090184607588288335
0.10663606129690563,0.0084076068874667301
0.077590076063450586,0.0046703700803479133
-0.18433415939808848,-0.0075477756634771105
0.067489898089127323,0.050012809299715612
0.12507780984819661,0.13988069340571938
0.054314548488597847,-0.043318485777148696
0.34953843431867132,0.27215479273722559
-0.10153790747333823,0.15000966323743484
0.3303428156095578,0.00081658073291069418
-0.030380473849503153,-0.093703530034067117
0.078013942060318364,0.070286968965497812
0.19317033991871371,0.14019072987407299
-0.1306539911692379,0.16742046470000171
-0.11157104657246712,0.2347378801686473
-0.31140921424391027,-0.056211067911647823
-0.22887358503924946,-0.080399492604679088
-0.022573391685000842,0.057212785632643016
0.058747544363374336,-0.23176376932898268
0.057380172489900107,0.061135241612477291
0.02986749511924295,0.10172291688759774
0.18223275056685118,0.0099739623822731188
-0.0099451071619791696,0.12793831891071139
0.10199869483315432,-0.18115025994072032
0.074239800043530077,0.28245282218566342
0.13815297614465125,0.057279561644621474
-0.088506477415143309,-0.089731419120724368
0.039711131669437301,-0.126054295680743
0.099963515858856003,-0.043662943961912212
-0.018877670895985171,0.035211373962812625
0.024032884970406374,-0.10729048661320648
0.13006332762387099,0.22021556269230577
0.079613778983809058,-0.17387296764819454
-0.066121746680332966,0.045541320271481243
0.0037347553072938936,0.14188412257438157
-0.22753838437092377,-0.071441863897623761
0.29236886864039707,-0.12302721393013848
-0.089930438262346063,-0.15630763946019877
-0.14289249850827951,-0.13657142121503732
-0.21852438545112901,0.3929733290654317
-0.30696840362234423,0.078988624034276034
-0.15360630280679136,0.036349894920856364
-0.18244564104983463,-0.28251150649803042
-0.10322976612405493,0.20180425031449653
0.1585014894475468,0.11248627932191894
-0.049232047542779454,-0.22666310120446728
0.30364527174325912,0.0020940894378928608
0.19049413118384143,0.14390748937640821
0.086899319120255059,0.086713086511960136
0.16767026072881039,0.051335221872053555
-0.10208536993733007,0.086306857378649446
0.20468164566791841,-0.024854501507066373
0.16465018487306199,-0.15302070564825015
0.039588637340037307,-0.056153209528347174
0.12810891695276036,0.32752267411066199
-0.045356821214319519,0.19573808267149176
0.045692915575949115,-0.045415025625079826
-0.13221993546711219,0.18928135959981598
-0.046326348391559802,-0.17370726561775526
0.068801097243977108,-0.11317605313603503
0.17283309831081448,-0.094946246528698014
0.14982180075650775,-0.066399269735966493
0.14205988590128407,0.18928556500389904
0.0093344786644299401,0.051993803372559232
0.069053707932186834,0.18367049732016794
0.18648896918848493,-0.048697852408296459
-0.055316207921295824,0.078155998638264543
-0.072358545033990557,-0.020874920983156405
0.025834107458600031,0.26719492662370331
-0.044434518440246124,-0.15996579018590323
-0.12830622606479639,0.13350745606402561
0.091209051242308159,-0.17833752897858371
0.066248811396226709,0.18406334765953775
-0.17190818931679908,-0.15514603174514174
0.15724990854082213,-0.054191744095690532
-0.15900852161185802,0.052338056128540388
-0.25224571348962926,-0.14424728094758957
-0.08057387994609741,0.11309110663584637
0.061937082439947909,0.044121065492370784
-0.15775678153935641,-0.18067503886275646
-0.054264521642225984,-0.0098011572051174434
-0.047932771032922407,0.071915927156151901
0.14197866161397185,0.10934195127659473
0.065751818767549958,-0.16053919345667897
0.13549519427283244,-0.083105582553943472
-0.089988265252292907,0.27287349433160335
0.17206343995108228,0.071639922226007166
0.16738036876204593,-0.0049362868546958868
0.31873542591659954,-0.052436771821544097
0.084470316833874959,-0.165819181420089
-0.057786189568814428,-0.036461740418639678
-0.19641056300325621,0.0028172739539179073
0.091492439149184202,0.054897807033968883
0.021920659577753403,0.091543964153564736
-0.1147582768897155,-0.01875712061186478
-0.012416517619408662,-0.053644098511404281
0.12643806722570305,0.10046001332293443
0.030023561126582742,0.12907808727742753
0.13442006875743351,-0.083655627149342063
-0.070883039015219237,0.071776069372461726
-0.098901436191015851,0.15165463653944863
0.15590036912171396,0.1694542443108055
0.069285804952351621,0.11372441572413446
-0.0013474591199878329,0.086574005256272832
0.17640581533242009,-0.10640277657882513
-0.029213066969755772,-0.17326492054720818
-0.11144682554488305,-0.078353067373595708
-0.27258358942871597,-0.021498346195141464
-0.2086989771276497,0.070419319404496236
0.0010433068275795502,-0.13669862423494419
0.092163350976844485,-0.18504296606579682
0.087337508599762484,0.0012354484624206496
-0.15163580095665344,0.19761514849255751
0.22261352086291514,0.10672908908238783
0.1453108845961463,0.15669173419787188
-0.15584392631593905,-0.063891289669613507
0.20888635294335092,0.16225476392982127
-0.041646481230948496,0.08684067898411213
0.14902653209326208,-0.096040690757825106
-0.088109438796368025,0.1178002295607314
-0.18481745577721953,0.014603599121697827
-0.20676836404336946,0.075543573100265271
-0.11135811563190443,0.099947902362797145
0.04780440715971402,-0.22616654452419352
0.17173165907105373,0.09139582465370176
-0.27577914213484939,0.18514365633072202
-0.0037136806606982383,0.074015616223851638
0.12587349032436357,0.065824585974348607
-0.040233277263175223,-0.04586204342414385
0.054826671047567069,0.0033109706445920927
0.1696735537938984,0.11662383622548014
0.088063965743598538,-0.030612316782787533
0.24230621778102873,0.034227199304257043
0.09342622269278715,0.10260627058288695
0.020443659111777795,-0.13048111803244969
0.074291651071333606,-0.10297797961804163
-0.043176716421380074,0.15006459142289247
-0.11510435727917386,0.089948578987898514
0.11086345338890595,0.035776421450035838
-0.24415421001133994,-0.021777077942441256
0.3350593927366029,0.1078572442066424
0.18199818086197284,-0.17485523533486821
-0.054946594858225888,0.21666886119982967
0.10894926204844477,-0.10572489277824962
0.048655171244023201,-0.29339844224482176
-0.089332207851317,0.1808426338864432
-0.013292141747736529,0.21137407169206796
-0.15258246615348883,0.025520275991649029
-0.069700151393847304,-0.068831929323950825
0.062565807053253902,-0.022141516776300722
-0.094436442523227804,0.12608699270980253
-0.042044561055713199,0.23340516469219261
-0.1508115910776559,-0.031825457283814522
-0.050260151258702958,0.0072982810452424784
-0.003718283896751118,0.19870704449425203
-0.0031857503932456268,0.061296802662983423
0.025364215573666204,0.094392546883017514
0.027536686815369058,-0.086927691061517653
0.072091411656873938,-0.10983580577060363
0.14583788376432363,0.02160351092124144
0.13693254820060308,-0.20840592108716754
-0.044108303490038338,-0.11266029922640454
-0.20045105649629183,0.12007819139762786
0.017877258747505249,0.1024271162020762
-0.025820399532663459,-0.024091457780864779
0.020624329183677358,-0.14148833163559091
0.011251936164586676,-0.38972473200246033
0.20966403903393771,0.11696234527569364
0.11834529110865172,0.074165902376675613
-0.077771087824688098,-0.049945028743983599
0.22393938901586313,-0.33701383081193464
-0.10958083366121692,-0.034659111199611507
0.22997939945626017,0.16506416860277956
-0.04767717550855307,0.13976296782873748
0.074379784954947792,-0.08173519927592629
-0.064714626595271121,0.19310060261242434
0.10984741401547343,-0.017035774109607455
-0.059475739693314787,0.047571193589382707
0.25174079916614212,0.11164475615708364
-0.048572470515034376,0.023901781149074593
-0.098294267685043402,-0.041821727066685986
-0.15056752133744872,0.23244985207720456
-0.063025821707062862,-0.054388802757626864
-0.043514189908607087,0.0073329740114389357
0.0085108382966420041,0.063969929013808505
0.097988894527155521,0.048116867258277456
0.096213174833208834,-0.21078074759120005
-0.1954419603160473,0.054802200848998277
0.07995776605319603,0.070778870342806471
-0.040715830806625837,0.014631820258305199
0.24104476107394046,0.034480235907469098
0.0025281246644480453,-0.12099267111708431
0.19477987057290885,0.055099704545771379
0.26724778916275904,-0.029018225575507293
0.10566237350614442,0.029374450251527434
-0.048389928511057063,0.063675105750760297
-0.21133859092037324,0.13722572408251213
0.061205629258987468,-0.09507896291935429
0.024894679308726887,0.021155179021145405
0.29206537441779906,0.037532528415493011
-0.037314475571574614,-0.21958062408370832
-0.1135112755490762,-0.0031739865013484169
-0.25274627759692203,-0.023312012354212215
-0.070931085918662526,0.090383509997301437
-0.052533665876036334,0.041090350800995719
-0.0880068358435762,-0.070445046194420977
-0.11965613727706612,0.15945666790382115
-0.13025149025214164,-0.2345467388521508
0.25722633185080385,0.022359205793811468
0.27579110532066409,-0.098465589696902209
-0.18078852875052739,-0.1058396268498817
-0.10500852651535381,0.099273359997349958
0.0038493782558114047,0.23495044620345873
-0.00067926478349567129,0.075264029327099871
0.2619823990582511,-0.04343045034542848
-0.056618893709678805,0.064715411785488258
-0.070508040308387851,0.020316583999097686
-0.097396868085359661,-0.093022757930375746
0.24198831480722224,0.14602773989535431
0.32700137218009728,-0.19193350914295765
0.066142857618901943,-0.12533944940839589
0.025585785114988453,-0.2403724283612029
0.071801659241231719,-0.23853431606243369
-0.24441752594987706,-0.0095442026173012864
0.15431843421158384,-0.012298966314506266
-0.02445778810317608,0.017209396227279999
-0.087315191181291413,-0.050405567216393776
0.017808984440605007,0.15633414491516978
-0.019501196834529246,0.033569259605070685
0.026650364676809219,-0.061208780647929659
0.091802873278768002,0.23113400305987636
-0.006942106304586095,0.067847313888663247
-0.15981371155365368,0.10601342501153975
-0.20411741439112713,-0.10289472556991412
-0.077758873693804784,-0.022145738563660953
0.083773361375041044,0.34245676067452308
-0.025898855099908885,-0.025050513451141287
0.019992586372420379,0.15517709814143546
-0.19351705597483371,0.1264437578769628
0.10840157292686194,0.01617212659899879
-0.028536787239303706,0.085435659204735531
-0.075699433784902528,-0.022581530095455927
-0.069862103150662477,0.23322489692861029
0.10900536589387362,0.17752067442706262
0.01448707034016624,0.061759701398467183
0.10011815007562083,-0.097261548725822031
-0.079920794863070965,0.023709404375179727
-0.021043332666479099,0.098945897600701271
-0.26307910854513405,-0.28743714213131877
0.23816871378798304,-0.097352785025252631
-0.17077919411016418,0.1971578430495862
-0.025115473241921787,0.016166099034305912
-0.100878544126926,0.031397626539795526
-0.18407480403067739,-0.047045324190425113
-0.14245985277016548,-0.11203453746982982
-0.025929400637748758,0.11250978015536772
0.15204755662429822,-0.055994168299980926
0.076011341511415517,-0.20636414029223915
-0.03083691372906746,0.14054776107660438
-0.066419030922246616,0.0062218451930633779
0.26113820357089174,-0.13562180421176967
0.066878358183944789,0.17859186400403129
0.20150341690383392,0.076467152164859026
0.16573440576505499,0.055014059080652516
0.020280272863305849,0.036248849202805661
-0.24006621884756491,0.0056670299568243477
0.035257386985296901,-0.028623418474732328
0.14448001005915928,0.040403281070078775
0.17035726656685835,0.13653761381892585
-0.060271984669532375,-0.15425106310098452
-0.46656829446846465,-0.11382833145084489
0.13816595680298027,0.013216501430306246
0.018479672661319654,-0.070030035522102393
-0.10426340419804705,-0.14822129866758171
-0.092253705492301344,0.020904919973054131
0.037687885602721814,-0.32115212514924446
0.049428971243688349,0.17068718079857109
-0.13439142519701916,-0.03866801859054185
0.016975920903132768,-0.15796602612663321
-0.24872643974824257,0.16113308214170532
0.081098793897765739,0.068643720991012278
-0.023783706248779603,-0.051949365006529677
0.051171961351438582,0.047058633336350637
0.020241772300340473,-0.1722152538900959
-0.18711357972209128,-0.1254028769295216
-0.055435919729747485,0.011636191048934872
-0.10964528086149293,0.11604799926394634
0.20818603333398283,-0.11610855840008544
-0.01111610541185375,-0.15616891658347948
0.24856936669245563,-0.18756585362177311
-0.01701259967160873,-0.13476138556235825
0.025674050838442555,-0.22468861678708382
0.11281346191617803,0.29313603362217638
0.19555866285939694,-0.15640334038991202
-0.17809878031704673,-0.087080907526858098
0.058730436967424804,0.27206683174506441
-0.13026937594422086,-0.35163939388441751
-0.050444297014833626,-0.14852103965101124
0.17275564600789153,0.031999425707216714
-0.13801804060751299,-0.077582364848798269
0.074667150617500122,0.082023213710006038
0.19601188851562548,-0.016470757677927723
0.20334394560140759,-0.095689978131114475
-0.13643387335732887,-0.038951225895640318
0.099191946134390432,-0.023587893021768967
-0.074361429523937164,-0.13737668754849128
-0.11063274430934403,-0.090338750348743141
0.038626351708240511,0.049142386651245831
0.21290093696281501,0.043445175293916838
-0.078012476747079978,0.082308788241213862
-0.018037774132468758,0.084246937567477809
-0.12368292297514397,0.0037830444247668347
-0.0562736625650734,0.25153169903431538
0.21677574606724412,-0.11555277730850343
0.053579291686701343,0.0059920260154404928
0.0077845455085546631,0.013566607828250116
0.025688976659035197,0.071466235106837972
-0.059671262103556076,0.20794284708319133
-0.058715624199943799,0.19404597624899664
-0.22744618562211741,-0.22917220062982155
-0.18861771268498334,0.031435414817838819
0.22483427803661069,0.045085050705540017
0.14370939535568344,-0.18343955056300495
0.19155743967598321,0.020659939779442475
0.14031896328279159,0.10088823351599659
-0.22269403347059671,0.16172477478368374
-0.079194170514210183,-0.027024588253747723
-0.0046188413252936291,0.027895952210777872
0.044520402056628508,-0.014752047545578486
0.010471984569879052,0.045380152213100627
0.049854659802264334,0.059863016626030829
0.13285625678914628,-0.053230848509030662
-0.21195021476673778,-0.075212148494885889
-0.077073650524384391,-0.14803832347331125
0.027064996777617003,-0.029036049968223412
-0.050023446002992279,0.18979617517762923
0.007372436391017357,-0.067227758160335244
0.082707748611626525,-0.14697587503659582
0.11499658667748208,-0.16724140392301054
-0.071470048636773975,0.13018483841998132
-0.12179697590318379,-0.067235683008266128
-0.083973437308654406,-0.27081572437959345
-0.054285568348351763,0.070962178718764743
-0.072645618810640133,-0.12829753775130986
0.17357194242003973,0.00093839623828613006
0.2652047603421272,0.0470863485496512
-0.05514553124044793,0.052616782869599261
0.020428111522134671,0.16933922980631844
-0.068437323897977895,-0.031371908063791726
-0.062565250221395446,-0.16550903366314579
-0.18348175702552735,0.035360606971443498
-0.039882355289310105,-0.13800111218548819
-0.084576987849829213,0.14201752437164272
-0.030175946500376985,0.028055093107282835
0.12575271007598501,0.0035911151229743297
-0.4127034038594129,0.13324780952780671
-0.11797161190504669,-0.22519612509874273
0.076072422333751513,0.117644862851243
0.0068015278102260207,0.24692061278532329
-0.21898618001981537,-0.16452345001654031
0.24859998636306616,-0.053975439353015964
0.11963929898875512,0.14325749236841148
-0.11611112514280504,0.0674370806023976
-0.03666564495076563,-0.017881645974557783
-0.060690163402934892,-0.060762525522211293
-0.11326682979280753,0.033592290610786474
-0.025348900980753018,0.017820044473546948
0.084055705661736743,-0.052648081815742966
-0.12813465707111057,0.17972945713004232
0.112222690285927,-0.12335787733527927
-0.065215544611910911,-0.073506441907837852
-0.065707140294828964,0.19940223733537379
-0.074311858988227952,-0.077074796465532211
0.076114295008421554,-0.039740556701770811
0.050273090109094594,0.03553185597381673
0.029060660771118196,-0.031794089814701922
-0.18499712476727415,0.18213109504723304
-0.05937759745590996,0.079799065038073894
0.327402539402459,-0.17229111280853684
0.059329660213125128,0.022022783918774033
-0.18490475212166069,-0.064986513226934411
-0.077135180861140754,0.030135610650676829
-0.0079666521465820775,-0.092419864667404344
-0.14547882527393294,0.18125691912772959
0.17186844171305965,-0.20167361044612869
0.21372417906309521,0.14864777060136578
-0.010945904337132691,0.2717683584543632
0.1281907106966855,-0.12932402976335511
0.15660831635054809,0.18239277402654192
0.19187638098813734,-0.013407081004188999
0.088763656014966774,-0.080896805352569032
-0.090900634639874148,-0.11067908042708814
-0.23776668649822955,0.035575507736232886
0.046194454289273081,0.076593955174791617
-0.075330812251618695,-0.13239508647572756
0.035723393562147328,-0.099890561934426553
0.01730042542323906,-0.11351119993659116
-0.039080461563700035,-0.013222162292644285
-0.13032120891461929,0.074440654556633942
-0.19615648406459085,-0.0462671632049362
-0.00019052437278949672,-0.088149994325846706
0.050723466546337997,-0.029567942975573466
0.16212357960590618,-0.10902478531506733
0.10303368524243579,-0.087872500121323985
-0.21897673201161943,-0.30197028888147792
0.0065034981066121253,0.014126670557020899
0.19095248449987032,0.018754405803231039
-0.090322592577555899,0.056762741763568873
0.041104947211608824,-0.18446736971689778
-0.060850362875578073,-0.10527588829137538
0.028317063305620893,-0.1932787342081001
-0.0016706256147953403,-0.042523945619908729
-0.15273364797248279,0.066451875018172624
-0.17702033506228415,-0.033444892597014136
-0.060865779807713009,-0.22568482416287355
0.084527781849660866,-0.27890096505505724
-0.22539906550787495,0.16353977443293014
0.01127205815155943,0.1483733348760094
0.32470150763914674,0.18636049932799725
0.054103540957413578,0.038570909196152497
0.0052264965223197705,-0.00041461570150100552
0.28307598403119749,0.21295393519758382
0.022104795771740529,0.00081462648274777734
-0.16748627530473109,0.01021495228424492
0.046504099117609915,0.013979237846877175
-0.065301399174278491,-0.043629259017723604
0.32168365169705843,-0.033729823645784938
0.028326619409251141,-0.0012941009910761854
-0.08921425343960307,0.043837807656679828
-0.058704440376064058,-0.21278870289744839
0.09662151037827113,-0.043624673234332646
-0.043115603221212599,0.12410723717400401
-0.11168517025289361,0.13179843625998908
0.20924861333053307,0.030835787027908693
-0.28414031241571885,0.080831282308928082
-0.087305270913115518,-0.09067771857162675
-0.19932244512781044,-0.11025778758596007
0.13413854819213517,-0.16725076946519055
0.12494181587884104,0.017687575711741239
-0.084424391726048986,-0.099373525856854675
0.1816366876569819,0.032380412996725762
-0.10660135965113846,0.02326987007628686
-0.046077796967725897,0.043922842838607812
-0.056598388223497414,-0.092062946924572439
-0.41701148861460408,0.19760152983104656
0.17860178355983938,-0.16119230818852659
-0.12343612405911884,0.24807701233202226
0.061050032573140428,0.043417002804062535
0.029397108029365623,-0.14936483734706568
0.216253689708683,0.082288663441450485
0.10612339604591743,-0.0833304905900321
-0.16479208257339775,-0.21862639595062519
-0.037081140596585585,0.11964749040288353
-0.14941690212597825,0.011756605912992034
0.13338293767216455,0.060571709384485972
-0.10943276093465051,0.1651191863884178
0.049855046854069766,-0.11689129688965796
0.13736846031815633,-0.1634371468784071
0.10868924470961366,0.25055514073198676
0.18913474206981445,-0.1278907157721425
-0.071549450438098516,0.03265169578055669
-0.0048747608564829962,0.032809890159010417
0.0025111532374529062,0.13767917032795871
0.05932169631311477,-0.092848292610922464
0.031015467086297242,-0.095016531992672376
0.049621778373268449,-0.0040782224297086197
0.10148152161563782,-0.178304432156009
0.21378398199257898,0.15726962455101132
0.1360991020350682,-0.12434115614462912
-0.00030299601247878849,-0.15349973594886937
-0.065596065175568805,-0.11056191760347639
0.078328579880007479,0.081196988726343608
-0.029289418343577178,0.099245123180946221
0.091176820626192923,0.10083023191442446
0.032141760574845774,0.081082322787640895
-0.095198473475600329,0.018033737074254971
0.0047560858382003097,0.053274962232199519
-2.4793116978438439e-05,0.29414791719366801
0.11979854981920425,0.032422469085394985
0.071941622254784135,0.017652990759020572
0.056300902152367251,-0.0054719349332631268
0.09876063575569452,0.25547979895895673
0.12853233613268381,0.18772722679224452
-0.19314642190232645,0.20541696907904874
-0.092821288857822745,0.10071758797222435
-0.18791066707043599,0.058906791041224225
0.33633853307204742,0.32585260999133386
0.12112995687216448,-0.093292046579453267
-0.076987778391335054,0.15532268266939694
0.065153424559492717,-0.026961083965459806
0.17463273141464478,-0.16007875131421179
-0.059608870500976109,0.062800322375902856
-0.094037789964025051,-0.046737451562814565
-0.0086074346919866093,0.15401757845850383
-0.088770761868732714,-0.17454516390024516
-0.058907881935854674,0.064634520993692463
-0.055919602354274484,0.24440090993018385
0.12481138594181528,0.036310476627918871
-0.15820428685100568,-0.12038179081662126
0.036048508421754985,0.18135922373446875
0.2064307927771393,0.048905664581052416
-0.027185607333017003,-0.10897080513775055
0.2342931680029913,0.062017068870319166
0.060858621228827403,-0.14661523300252147
-0.11149807602205591,0.026265871507109833
-0.0427794520295465,-0.086747552091686414
-0.18036798103623905,0.010867736753909892
0.02803831092919918,-0.22690412768977106
0.0048348463660914266,0.0028174774628509022
0.057711110246140368,0.096235539112748889
0.021867556309918598,0.042304591965202511
0.38536872905761943,-0.15035687851803656
0.36243321264968975,-0.19545411805906499
0.14400889684673901,0.096995158507531681
-0.063735169521369331,-0.16969765627578925
-0.031835727700526346,-0.061227557831602254
-0.062326370146038014,0.17257865303095021
0.10063536785422646,-0.15091004711163825
-0.18350276917221583,0.013333673274532552
0.26189502403868409,0.10606138458939728
0.27364903010462166,-0.011643608569455739
0.090030474142762468,0.080227969073263058
-0.040207108164304624,-0.041901839817991442
0.012657881773307364,0.072205966573300126
0.055540729268373293,0.01663457736660728
0.10878898087461809,0.050818428379810036
0.17480447412176672,-0.026687826542485086
-0.30560526723106429,-0.26988058895279149
0.16053560105667075,0.031472643804994899
-0.29068850082063546,-0.047752086274868495
-0.023179087806361163,0.078000020893811833
0.087055955604233959,0.11356707874147988
-0.032818492265021967,-0.053966833104419146
0.011542495330780375,-0.018375889886519135
0.15910803356789158,-0.1108822450341698
-0.014854013051213876,0.057714700645464793
-0.10481702403793573,0.10313868916588892
-0.17719027044953564,-0.023365166081303391
0.24767855513097653,-0.080920908551781925
0.1555611022956751,0.025881200413112575
-0.031653346725173774,-0.0085796664844263199
-0.2246080544695512,0.18719223490980846
0.13582980849481502,0.22348932074535391
-0.12285144281965002,-0.1331822925370032
0.17093750175348277,-0.076876633623259541
-0.17260320817536798,0.30560830476562645
-0.021784471712357055,-0.032846173896975757
-0.11710789143545713,-0.23617369212664649
0.12520823460654276,0.15248391427596494
0.052526419094656975,0.2891489812280098
-0.011732863268332826,0.33976804664709409
0.0028254119697892939,0.18458512082134543
0.12982556233388326,-0.13376309266334713
-0.076883362717422687,0.028427395126402508
-0.061930135141969662,-0.22291228285053435
0.17080797098019909,0.1699526256831341
0.12387056309784729,-0.13239780214307065
-0.25551941277138007,0.042504386323092842
0.2590736728786413,0.15453778660128281
0.010524166133541081,-0.1525916911329597
0.035999880342660336,-0.090538803950482485
0.11072103906504228,-0.16917941401153688
0.047093621101547169,-0.13368282281262411
0.051655533318373754,-0.041396342912113235
0.23214689015834605,0.078943753339446032
0.13381673179497258,0.15225546639852708
-0.023294814131239714,0.2034358385954568
0.13490937526054583,-0.26035367532290504
0.078437722395751197,0.13078141069448632
0.23964293583662793,0.11649654665750012
-0.11611670694756339,0.024630787702706693
-0.062312977210685842,0.093918959712392266
-0.065060242819052122,0.10878547803683926
-0.20864555707384783,0.036271382265877852
-0.002827388750659722,-0.065591106515458283
-0.0012002457424121148,0.14740202601827357
-0.086710854710393248,0.060827246723796968
-0.06715080590923278,-0.075892501218684585
-0.19880463547125785,-0.058615814087462748
0.034866041534222472,0.07244942332665108
-0.11532900892928148,0.0059072927225674397
-0.035945909651637728,-0.15251658051913186
-0.0048572077339069574,0.064140578892290842
0.15518118949517032,0.007660877416722587
-0.13835570224088076,-0.1984845971137178
-0.22388176468355211,-0.12850079200396361
0.001742827129330074,0.15319510345019038
-0.21073377521374625,-0.15879375687043315
-0.23317280076711308,0.096380779133965935
-0.12940237133696136,-0.14755745870335354
0.34091470089142895,-0.017701813241250978
0.065397493798149312,0.026870914408943875
-0.20085571041066755,-0.11690419915489594
-0.02747268197996261,-0.093350905542700299
-0.027516102034545284,0.1865232589508794
-0.24767639333956981,0.069601416982176173
-0.05403291909294429,-0.153757824758153
0.079492425710922035,0.0074594025417963521
0.14499194647207894,-0.14981673407089233
0.21366062925033089,0.0049695687669961252
0.18554514634332747,0.10353199053108057
0.25183318786074843,0.17584489486119043
-0.018766545617565508,-0.02128447028747954
0.011861973078095191,0.016897662206683827
-0.029298837624440972,-0.24870135647432845
-0.30787176227023427,0.039247034116003547
-0.090708699846557758,-0.18474327909075697
0.058803783578066232,-0.089447144808169107
-0.098375988082176916,0.1737149535759587
0.05120823115563481,0.14535063864704301
0.044526556506002686,0.099087118642514183
-0.17417160091865719,0.042715365423593298
-0.1205725693794228,-0.052711311311542365
0.087576459009813826,0.20750472847396101
-0.031180050471897487,-0.15356884694797251
0.087521969484269699,-0.014927607943860494
-0.069774542831091219,-0.048319976067828986
-0.12328453099438665,0.056488248320374176
0.20235504102329527,0.069493624476333254
0.15643894358813282,-0.073768985452984132
-0.19847348413690052,-0.24265275802815905
-0.079073001016931724,-0.17648374832650909
0.054229038118448383,-0.040379587016671367
-0.084039313060837506,0.096496958946175201
-0.065687002941292455,-0.065470565560816513
0.0023729278249334722,-0.10244784124474401
0.070426354888645723,0.032743209670112919
0.063295217530848089,-0.26063102117631337
0.071326006118329177,0.13200159693988942
0.0098392193251571041,0.09462892585303502
0.053647444513842402,0.064877286318455837
0.083315873747464839,-0.13728476138013984
0.12679167267215782,-0.019526307185729692
0.13656443704814289,0.11921306002464335
-0.06185881378115167,-0.14243937385008235
-0.032730921202218752,0.020987041093105282
0.044030478616351405,-0.39778570487081577
-0.047248623041490571,0.17298818573229521
-0.16738999485827119,0.15528546921897743
0.23746194671005258,0.35278867793886975
0.054222910894215263,-0.10545232975292901
-0.19548474208347161,-0.047632685845810742
0.083210980267554691,0.045230530585419329
-0.383340901495207,0.014513825748308016
-0.094762698352438043,-0.150090241260638
0.022143786298392584,0.14156117347646444
-0.00095423321732831406,-0.026934526696769757
-0.21523368043994739,-0.22536969023524259
0.023939322070309386,0.13898861415456254
-0.0737150478652321,-0.12343227698902536
0.056591472339147846,0.11166574512726511
0.23097881623616026,-0.19927374336302531
-0.03800451273804295,-0.068625188189231884
-0.16105836627909489,-0.1535250041072794
-0.036099401288110858,-0.27545978204091487
0.069104271586397745,-0.053655038778397182
0.077101526949992269,0.23757221578146306
0.0021921368970213963,0.14979999233546173
0.26214827343347857,0.099270685235330197
-0.022957799206977561,-0.096001900526551595
0.055585021250385294,0.036364650761175565
-0.28070352139333721,-0.074845244045762746
0.09605496432288893,0.097277730146927838
-0.1875470242931794,0.0042984247814778481
0.069975371249236848,0.062610107653350136
-0.091186375053926697,0.0152418121436723
-0.019284799470095971,0.21948574474782681
0.11121877682959785,0.18220164214512316
-0.087464151295943163,0.13551857014165924
-0.05397703496797307,-0.14406003682410756
-0.17948689405471699,0.017568536584798455
-0.048540951702295741,0.39007090596580463
-0.026073445060927,-0.074437248063200886
0.14870647524613065,0.22446474184596935
-0.056206078586884256,-0.18799042193305596
-0.10787016283309651,0.23208947201375235
-0.016143021679568475,-0.026495401012914966
-0.044049356974674464,0.21610088978850742
0.004743814652464688,-0.12752250536085788
-0.02141013476969145,-0.16957962008174784
0.09222308602672917,-0.043474384824552403
0.11150162863008689,0.061075940932663303
-0.094978289338959368,0.18078336085137872
-0.020300745290655758,0.0825269120549081
-0.10100046132238719,-0.33934914230359398
-0.0036682627908114513,-0.15700762173098559
0.13882898740584762,-0.13599195337529227
0.03873867637274446,0.028789910483313551
0.015866318569492263,-0.30491550614000085
0.29670485512307349,-0.081659500223022152
0.069545528747784621,-0.14456169895780058
0.068552245680359725,-0.060009651702196493
-0.021631362723625744,0.12971600330621427
0.0056897488456717589,0.05587439181477314
0.054924403155991626,-0.14810935363922312
-0.057287240815805295,0.045143002169152589
-0.064278382986674987,0.042073289632912174
-0.27313854876870336,0.12596433982512997
-0.17524561194023097,-0.016104509348467067
-0.058596888033033166,-0.042148283924949424
-0.066054304850416523,0.043517027905944548
0.11806304916512847,0.12441688131685179
-0.2647401649991441,0.083908630342121718
-0.0015678294100455361,0.061132429176289672
0.17262198112462537,-0.18411650469601046
0.01902839964581397,-0.21609061210454361
0.019423001501152396,0.14220255940847962
0.041348403610199487,-0.14177843535403942
0.039251306112514407,-0.0015549760728806835
0.15000720748431298,0.073370212347905597
-0.020936943931061082,-0.038379583075285439
0.037573447661787794,-0.14890759897861552
-0.13968609930548986,0.10367088892536545
-0.10474977521189023,0.028209704851031848
-0.082282748739325617,-0.36568280471348946
0.30875140967473169,-0.01350957796443635
0.17999874286312695,0.16517404778255709
-0.092787796334975678,0.075910814173191454
0.11446413510167697,0.070343828533437458
-0.2117598885415225,-0.050178072216126503
0.084169566368941254,-0.15890424433943948
-0.11038879273680388,0.095122917426507705
-0.11695302624958502,-0.048303047488914133
-0.10959367879921364,-0.1054666824981197
0.14760816532062149,0.18498370400822375
-0.2106664053814597,-0.033775516853781433
-0.18650606000149164,0.22877484525595912
-0.023863823425343052,-0.37134834484879004
0.21407779347166822,0.0042490088398794952
0.022924256577648183,0.059654965425071121
0.14852787077816765,0.13694066933830559
-0.078669226776159173,-0.033679138858362115
0.090217192221442283,0.17627356111928397
0.017968561041617731,0.1267661282231512
-0.11785931051130781,-0.096559263010660742
-0.047830667053226236,-0.1805898030403203
-0.056078530336531783,-0.076643157378532389
0.068200650428908077,-0.35513169984725368
0.018588385208016839,0.097894817406328674
-0.11796979163711613,0.068003383897089487
0.087856622663337977,-0.12200509148292422
0.15293317820404384,-0.14215766313331482
0.027000632331457601,-0.059753550123045729
0.14228373234865066,0.029220890760552735
0.073420566194802375,0.21432399091817328
-0.041713121249672504,0.0073621108921849039
0.15880016634826641,0.18667911295413703
-0.027686899501580268,-0.020593097657850987
0.042101437871322464,-0.36789902779955469
-0.12677876495429163,-0.27087081895716802
-0.077729567821103129,0.14225930245786431
-0.12009562884805461,-0.22164347004106721
0.047798036042564877,-0.060076959418888937
-0.15202816393957413,0.064413115069374083
-0.070202866711576231,0.11116910722438611
-0.19685117769343558,-0.12046967508683143
0.1056145873087513,-0.040892674629006934
0.0068784360399765394,0.13360943591553903
0.0048641609346245351,0.12372445326102707
0.15891193559863223,-0.1236160548081166
0.16845335523385199,-0.069035257147000567
-0.040510728614182541,-0.31056456945954081
0.030310380826428909,-0.026060554178475311
0.21268778078309494,-0.10024119707861726
-0.11882124332445772,0.087653138510205175
-0.0061555819181484291,-0.12823933267269377
0.15464900124621461,-0.19186167609677895
0.037428230919786032,0.12248894919161063
0.038085264891072376,0.13071957072994994
0.090162016336090695,0.034258514454419943
0.00092412222651726088,0.10782687302420586
-0.16338989184440181,-0.10650856266721408
0.15948356701860961,0.011839506521804283
0.1135121399525348,-0.33912646019774451
0.33353201113869957,-0.038907479415039532
-0.25823340767086611,0.15690705564667035
0.011637352578775835,-0.11811969922018968
0.12953701226522296,-0.038315472446647708
0.049184653890927785,0.085168909560837586
0.1079499012559379,-0.12866228289824
0.079210619466211662,-0.12480983293662971
-0.18220902602904518,-0.02342766750234291
-0.030644257320243066,0.38790367369065559
0.15318478104014002,0.0045094457951441241
0.15813396559680307,0.023433274204402523
-0.13871766288969525,-0.11330199889530922
-0.10231563001308429,-0.037355973782318162
-0.055895842112918585,-0.026788294719746728
-0.17018215520212412,0.17174491903696032
-0.23384004407143066,-0.10185161998078945
-0.12928237429772782,0.10523664115447318
0.18960189389777307,0.055700020267539972
-0.086454226338913545,-0.40686324208167185
-0.2831759917160182,0.069541556765693624
0.057039337361799017,0.23918057915774643
0.12684530052139473,0.043416076236583265
-0.028521817901167919,-0.038083499233779697
0.30735180388240174,0.12308951109753501
-0.033173320665456807,-0.22334655278546919
0.10986901389246417,0.1803316549105547
-0.0078024337423031956,0.048187815831975192
0.14098426516994247,-0.10109997872732264
0.027052276762974576,-0.0064854564891868071
0.083449567584599649,-0.031968170676855007
-0.10342798480581744,0.093539831609140936
-0.17792426503029618,0.014446431778893267
-0.36420239680489885,-0.051694118735970948
0.061508498711719671,0.23611280021681691
0.046151087799542606,0.19588480513152859
-0.03141071904946427,0.056384367286418588
0.066207293778993564,-0.11641203106138685
0.062503846596745599,0.0067557808673929234
0.25022473767833381,0.098837335421448458
-0.10166997369398272,-0.32525979791036613
-0.36080267046713527,-0.39435921498370918
0.092978096590610543,-0.038152335939143585
0.23851276352676495,0.12111006529323863
0.092948411105658615,-0.074316770372924681
0.19990257272441125,0.10424355789131486
0.082339982821588845,-0.1804514733817017
-0.088030709677715868,0.25845384663618132
0.057723700629265629,0.28045973058526275
0.075092995333096629,-0.38214132172268239
0.25262693631229194,-0.094485675050232726
0.061467679398305941,0.044594827588529305
-0.10418453941000309,-0.087716602764579585
-0.081610340860098357,-0.08490024898255373
0.086783002924288088,-0.022423337851195897
0.14727595207817989,-0.095973143013686507
0.21156501018464988,-0.20478548868345181
0.22778809837264452,0.054052645106549661
-0.14366070632620226,0.073445695569523961
-0.081180361652806385,-0.18927534380268526
0.053677923988090459,-0.24132493207062763
0.19446681762156137,0.13859722739441985
-0.17070628962224307,0.093516918566029159
-0.059410121939292661,-0.062487083721954627
0.030118850703028697,0.12322822003420633
0.16920324343927823,0.13767886553305819
-0.015282629266589029,-0.073580079093075901
-0.073459973934033515,0.14188222518044225
-0.26726248481242088,0.098968988437633312
-0.024582267369093257,0.1346855797207174
-0.019328364440130232,0.07525174959863129
-0.1050212308979389,0.022195402282772971
-0.26407239203549115,0.12057043421420983
0.010077812864659733,0.15103345665779763
-0.13165826994126342,0.014268626873830268
0.024690848557649296,-0.11081644781490148
-0.025242297074012019,-0.17706073691368407
-0.13131731269315866,-0.10141571315772509
0.075100003116764263,0.066435515223281588
-0.031217935859501326,-0.061456301091645474
-0.023206085954627247,0.25362123987938801
-0.065789362447615893,0.080604753995652006
0.086660111900284054,0.052848191954569183
0.25219306467520619,-0.054213406724769445
0.11058300490676369,0.018339520057910248
0.058019425078555315,0.092577168533629392
0.36230864022757825,0.36463586062627223
0.18465529433909864,-0.26210132324392055
-0.098383945448679191,-0.10034534730022193
-0.24882069168969856,0.22875734972771927
0.28829343360134307,0.076811571202863582
0.17135407041479969,-0.0053246255711453007
0.16995820454458826,-0.010676769172250581
0.29376830914936719,0.098805220743915345
-0.24906982719135007,0.17782459225265704
0.0096741068085037536,0.16010318385885697
0.05237268635666803,0.12395657411529533
0.059329075503425935,-0.16229547510043849
0.11216964520973584,-0.3077581538226416
-0.045090701653913934,-0.11883238311084689
-0.22996109565058226,-0.065310651215432752
-0.14656038664168258,-0.0047585067238744439
-0.17413324450483192,-0.1094245633686976
-0.27684705801869131,0.26263964393134248
-0.12095491621500271,0.010653123355275013
-0.0032464855380637757,0.1059344993163038
0.064110215651771385,0.076561507753332661
-0.18797219681414715,0.056069035527331633
-0.13637466003025095,-0.029490289935438001
0.028187604209468396,-0.20490179267738123
-0.044549015745735707,0.21546895785517003
-0.10946940371537667,-0.18799761008655874
-0.03300186075053789,-0.0075346673489115959
-0.42199580306637385,-0.13457477753448999
0.054167251394872565,-0.040858405392456769
-0.14664134305748114,-0.029291615518889178
-0.16814007344319448,-0.00011739871893972774
-0.068525987879191452,0.0061832768095178474
0.02364142732603839,-0.16722586042005166
-0.028385722246798976,-0.16666146472924101
0.10673740570775304,-0.0027109678219068602
0.059975815025932327,-0.15698854689317843
0.047712614326777501,0.13724016224573377
-0.018174312340683483,0.034282281702237814
0.016447428838551579,0.038071779061027981
0.2969897921766772,0.10414545769284288
0.049439427416755985,-0.10423779957209957
-0.099785686340644747,0.19046342464637148
0.3371509708986189,0.18562697788637275
0.09048193756609331,0.056962924050375674
0.018278034936614229,0.036139624412515801
-0.16349556824613598,-0.19082658607936495
-0.13284147915775069,0.12896444510756805
-0.028489130544487491,0.017256270811730142
0.11914086466500917,-0.093897508783161027
-0.11521992830271338,0.19303075779621226
0.134825801904809,-0.1136704386816173
0.019125501519255517,0.044471507151698272
-0.14750229809251036,0.12399416501737313
0.17736361630041098,-0.029949161958500586
-0.066090572461096314,-0.0014009386438732826
-0.0073412695818623501,-0.38216579890529501
0.26472905312525247,0.13817965612110938
0.11412901534652872,0.021895780852494731
0.11463713318555073,0.020368999155456587
-0.070567588854367716,-0.15091593395622335
0.01219326597472122,-0.031830459757829943
-0.33966348907437144,-0.1558667604753923
0.07057619926936369,-0.058847016426451119
-0.1230308901794569,-0.059173040982868096
-0.012616620901001756,-0.10841137670074007
-0.070411680149515349,0.16842755603114717
-0.042835275140506009,0.11960509144376526
0.14518006418020019,0.0074573414479954343
0.19728477452308296,-0.24429809912502753
-0.21022090972142587,-0.08719508622375724
0.062901479855679079,-0.048903289137377785
-0.12669834624479756,0.1954339665296487
-0.21360606508631039,0.20109281366763077
-0.29130173141730686,0.064991736391476485
-0.1210220290653099,-0.028869152467753643
-0.097767045318857479,0.15917847311769717
0.027095769480347375,0.15736522853840865
0.1108882560527109,0.031191173333970399
-0.01328747660768907,-0.07655326921216242
-0.041978292535242184,0.32954616615650001
0.028076793893853244,0.058442761663898321
0.20125904362581584,0.027123441027127975
0.29508059714007928,-0.066534127124505779
0.19057829583406974,0.0028599590507464244
-0.03668465305433128,-0.067321341734562223
-0.14276631212326582,0.084712249232724912
-0.016622773662676133,-0.067464128418055672
0.16480526460185174,0.12087778577432214
0.16810580323874366,-0.037174217468782446
0.057439060867943946,-0.19790642445612661
0.22589650147497736,-0.11892392375786266
0.088930000960903713,0.027050953309821889
0.063525793143491591,-0.22193252847237774
0.020317048333026388,0.076572067461499471
-0.25607641029407968,-0.013200010298323508
-0.15438384775587308,-0.11799386403882321
0.092487532892805133,-0.082794006234794784
0.12126099475152143,0.16305655099702016
0.1916903429487691,-0.049029867644507147
-0.17896824395691657,0.075752000707375519
-0.066722574408645999,0.26202299168102788
-0.088541575370893827,-0.052995027643962508
-0.16806331044540862,0.034209422875470671
0.14834937041601576,-0.20483498930511637
-0.063195934305837462,0.12009262061671649
-0.035242242441937813,-0.13939311074719898
0.031470175892650505,0.074702660974621596
0.37080035205348055,0.081057105569071378
0.073751784364087927,0.099316318087334848
0.037117726267511884,-0.088908938758759229
-0.098662983792001419,-0.11873655935817373
-0.19158539495677282,-0.018300481745537986
-0.015030385111829627,0.092135639448114315
0.21248820060405627,0.1886036447841544
0.035587712290059061,0.091228790556668118
-0.25641204270737511,-0.17321724744893796
-0.033889153272169424,0.020395576195641644
-0.11932164886484017,-0.26354096768328883
-0.11912661866453748,0.084342998970249328
-0.26899207525976365,0.13083384096511322
-0.18683228197690607,-0.083403020655858084
-0.013420477718446613,0.0086889085331844015
0.011896301363359521,-0.10636126984382142
0.1278029168588678,-0.12618134017116722
0.031953980022720874,0.042737244995557332
-0.037071455748268742,0.13688775188015037
-0.1078237824747981,-0.24302947561061042
-0.10111226140582215,0.10799111598021484
-0.04816254561691076,-0.10426648254223476
-0.19767972704614487,-0.023821926582719786
0.21344058517082307,-0.049876174328914287
-0.22180529947774255,0.0020399642064472278
-0.022188669447013396,-0.11725686853984939
0.15286126459436908,-0.022138313765614988
0.046676738962177271,-0.011900054825843972
-0.26755043842708698,0.10027834834546988
0.076295138322440795,-0.071974592854245192
-0.076176808757147038,0.095350974942741751
-0.087856095891326355,-0.19163131812529691
-0.022769604012808354,-0.096900802927158899
-0.10357796780906728,-0.26974680121395544
-0.21294553732246219,-0.21036794996763269
-0.097665362143788584,-0.1231800396710391
-0.075243724341197027,-0.15811481962695734
-0.046307978071568431,0.027005096377306005
-0.1656631840287795,-0.061203130443790853
0.31250786048929313,0.12350888630909476
-0.098148451207956483,-0.064481053652690426
-0.11280817757681154,0.087593930963645761
0.0083810650686635645,-0.14134410183286411
-0.074409296759749,0.27545720647260613
-0.30491903648836038,0.29235217716445105
-0.19094057644158818,-0.19854303674502238
-0.095755456606749709,0.041804425265628296
0.14692685869386107,-0.025968397274280651
-0.23989736327453862,-0.12273048997115427
0.33417634247865197,0.145899659240668
0.011216256373990615,-0.1066455404931301
-0.19127220313275586,-0.075725479266576703
0.1258832053835027,-0.040296800377339848
0.30939903202962077,-0.059651564649475755
-0.026374902397071014,0.048318428227255877
-0.029319596667819879,0.028714411298371399
0.18616732814839554,-0.29344902494714853
0.18045619846563868,0.0049098976880065101
0.28829921165201733,-0.12714670992336802
-0.032278208950291855,-0.05868880145905811
0.1240497424756916,0.047225600658972175
-0.0546851840390086,-0.05914290425715403
-0.19412430599996627,-0.043713859998664749
-0.16695489682686299,0.072992241910698405
0.067560492366746119,0.0066232494900065556
-0.011609082902081987,-0.038106023584154734
0.086516803039386928,0.18296238850121005
0.072529803677360657,-0.04910911237681001
-0.022174454792132925,0.021704195109858288
0.088842931717183576,-0.027889035163419923
0.072230113304747726,0.083364685014066575
0.14462911625326749,0.0013397068491178476
-0.17795684834520548,-0.10218677019968769
-0.099706031377422982,0.036746265313219291
-0.18889752691789988,-0.10747164013338362
0.14252508100873093,-0.19426055624946112
-0.089640264925123336,0.038834895976804222
-0.31745622325237322,-0.035811939216403355
-0.23199611714666377,0.13009038772667605
0.0093343856740210739,-0.10196776127731931
0.029453154591917222,-0.10814444624157975
0.019905277160882147,-0.09480306270331279
0.20248408376068164,-0.030778044151341326
-0.23910592822511773,-0.080693238298620892
0.13202730922542635,-0.047577701568864372
-0.054570837988511645,-0.12196567407726547
-0.14267073711142453,0.096708545329605045
-0.080353175217712125,-0.052326326870531979
0.38243382322856007,-0.15048142115767155
0.32537913835118371,0.21635097124826042
-0.14919743812041739,-0.25349060254075101
0.17555676811104989,-0.07753345142684312
-0.20746995339581839,-0.022840440558007553
0.10914153331987836,0.076611731755698548
0.083806623618255638,-0.17117688519671803
-0.22592196169869275,-0.019224029871026706
0.082052001610078015,0.059376098257448967
-0.27077812844836824,0.075971814164048593
0.32648888024012546,-0.040580587862852596
0.0032841942542785694,0.091945422374249949
0.19472353761370034,-0.068721581857273978
-0.053822749328963325,0.27834410914127383
-0.11031919369660741,0.078709242843998162
0.11477776619188099,0.15811901431677164
0.10148897091131724,-0.31204352430341575
0.22487316845203478,0.01492722842793032
-0.23983285076525612,0.015875775847412569
0.043538941855696206,0.063677661259430487
0.18593710546840975,0.0033980903670502148
-0.029211810393003339,-0.14720835045278127
-0.012109141805718806,0.072626301141856364
-0.19179691932465054,0.16771598259799037
0.026324844456809562,-0.10564163307692151
0.10893259676244142,-0.076400814633014777
0.076955546088021479,-0.06349220847343813
-0.057230622223000356,0.0093587375532155192
0.077243908145954804,0.089552787426065608
0.030966404157143121,0.066681276771911852
0.044666241848088178,-0.080816831804081668
-0.11180980847026985,-0.03689763982844356
-0.19617827121348419,0.16525099982532879
-0.1403008023313923,0.033057421771695746
-0.3117600026900163,-0.2584975928998704
-0.019736821418296371,-0.13325911108619012
-0.10583416292958936,-0.021113226034759677
-0.0363801248472162,-0.019358766047011745
-0.2401953117196152,-0.026629948375893789
0.086045970749818762,0.010303750164287728
0.14558223195605308,-0.093480337233954519
0.090228879588349339,0.14797309736246075
-0.17594905020294449,0.056919064917336656
-0.026135506293598301,-0.019818349923806308
0.33759505229013248,0.18424993686705976
-0.22478910913802713,0.017385184801343559
-0.038342370878903291,-0.19904041237693423
-0.022855804206827656,-0.060164882105501194
-0.0018586814098048884,-0.066430745095230129
-0.0081312358191942165,-0.19802982417747789
-0.11761336615996161,0.024857156760983382
-0.18098559108892739,-0.24836971004260633
0.059082251251016314,-0.10439882980509659
0.15329027657213545,0.14288529588206375
-0.31067860551883386,-0.19108401704640232
-0.09445614670254561,-0.13331288621273446
-0.06283890529837842,0.11748853543197758
-0.23902822350261499,-0.015161298551194746
-0.21933431743994319,0.23138101804183006
-0.13194694031449425,0.03953851491345773
-0.038748800915991602,0.23158373533236196
-0.22558692565908672,0.27549096931196443
0.032480186430025787,0.024048653287634055
0.11755210207759034,0.11167271810843679
-0.09879278032436857,-0.092546775647594365
0.17396019064717552,-0.12798717540446716
0.01637297156558639,-0.01040002775401443
0.041549707850043527,-0.13191490824123578
0.17718301289426047,0.035692677940595552
-0.052163918663979458,-0.14202617848833679
0.0090677354002034107,0.068134503628857798
-0.17454921128909323,-0.090411095943249392
0.0073626888817461059,-0.13721822848028034
-0.11682591580879553,0.024461283188283407
0.033156658820775682,-0.16380336691886921
0.13607502656599471,-0.052071754038987658
0.18325889379882412,-0.029947577109256048
0.040880519908689926,0.3477627085728579
0.030112412143961112,0.16791450863009313
0.044243299746378174,0.19729261489345926
-0.088287974540172232,-0.15080932674183276
-0.021865404205736263,0.16523264619028455
-0.19151140297593949,-0.067009526109225503
0.044931417744164509,0.096875782546402125
-0.221345965883775,-0.081924163117091983
-0.091428878817760739,-0.015804789291035924
-0.22550849214684232,-0.2457604767424903
0.092523950535330288,0.082410733654925808
-0.21438345577118481,-0.12976780726718126
0.14047239495530298,-0.0036367604838924285
0.16632678124004818,0.037166398860568682
-0.031137467368307005,-0.2101396891786006
0.24659811946494489,0.022104099661117708
-0.0013839387687288819,-0.020129150969051424
0.15985911520994217,0.1375049252821765
0.02612829855261933,0.12281846564314541
-0.14967054185910023,0.063848267105116679
0.0054944753505329486,-0.2614910444035432
-0.15935416259796786,0.093779459636402593
0.2003147353982683,-0.021412962005054589
-0.11884160166204462,0.1456468902612974
-0.06770145815000693,0.19394611190740521
0.13795447085078402,-0.00076326926263700461
-0.27687175176130696,0.119975879429134
-0.11998138439672212,0.17141189836627452
0.21483353483891354,0.12526655054138947
0.1639706504164852,-0.11444967400993385
-0.050597114875576214,0.16832515781137819
0.047147870552413387,0.045082014011742992
-0.010791893532411124,-0.43260730942838677
-0.34476536288924953,0.12540220872340593
-0.037970398236505921,0.15671137853153702
-0.33282899929543686,-0.20310252446867302
0.10704318754307522,-0.10527941655991009
0.036361761979109411,-0.058645789626721914
-0.0837575670330553,-0.085168955414711325
0.081392383349181349,-0.23894430282700349
-0.26285226665523387,-0.30581204610017854
0.13812681607147184,-0.24372959185723672
0.20014841502577121,-0.033230077288809626
-0.10097434398049086,-0.10906731495115005
0.081256387117575296,0.1206778774204402
-0.24006361841207915,0.068976624793282551
0.12771978948944157,0.18280298139008305
-0.053595421186834524,-0.058311114450767337
-0.013858179290433764,0.093650759321146443
0.23966207137404655,0.064182934625716268
-0.065881966587035753,0.11675125289627318
-0.17927610169329342,-0.211041603404232
0.17017565756597472,-0.064523412234321648
-0.11514705176788202,-0.038171621916952739
-0.1282554048983699,0.10865827849259206
0.12508476406631397,0.04480403583943688
-0.013277494008736119,0.18421353338194338
0.051515522273120742,0.0256360211592137
0.11860067400824534,-0.19827201086477886
0.065130606820844483,-0.060437065114435792
0.036362252427491151,0.14226719383158865
-0.082721589730159653,-0.21028262362173575
0.0156728470097829,-0.077879708913188947
0.10978227253086006,-0.019276973545797868
-0.099816754149978343,-0.14707857780517924
-0.087598728078002536,-0.020540903541547802
-0.15111569443786035,-0.033687144915119913
0.28433074559492999,0.19054662999509597
0.20800501028292906,0.16655951398035287
0.010673340444641534,-0.056352913888393245
-0.0629179619280619,-0.027854558188044189
0.12442999038433639,-0.10440806701478217
-0.016395484428061977,0.15769686254727108
0.096087598730109816,0.19203472538256106
0.11873844413005288,0.02815524731686788
-0.17444580222045922,-0.15309496834039257
-0.010332378476745046,-0.20260049222945592
-0.17718291637258518,-0.20277275687360083
0.021951253309433462,0.058850852987357982
0.020958376089163802,0.096503902876260456
-0.16699583030982523,0.15583423311232147
-0.1644768390072138,0.15364088121545735
-0.11211042881757823,0.027843120111535249
0.11295657162824135,0.036459479182989571
0.15893222368976145,0.082014255266898609
-0.19473055175577508,-0.1105370969171067
0.13401400443607422,0.04881204651414054
-0.13794276896250499,0.048466270249848113
-0.21935578181338813,0.13570901264683888
0.12958926529011075,-0.12390175069332768
0.12661248740636463,0.09690269705070767
-0.2156448855614698,-0.23484789517221291
0.027218925594043909,-0.23724272995881091
0.027273690861561745,-0.073904611908945095
-0.015630804200058777,0.14890640108675807
-0.074745468354521144,0.062085159028380098
-0.23982336188397155,0.017844465469475795
-0.11373374606776998,0.15565065610173712
0.048132968583689713,-0.097447604775697486
-0.079889605036705974,-0.08486838800451528
-0.09029587667901251,0.10531679074968527
0.15860849304780866,-0.029616794852246497
-0.065085858943543087,0.13696199497889408
-0.083157088390216294,0.050454592445283032
-0.01041025094546184,0.054099475619823027
-0.11367269156021462,0.0096812688932486242
-0.14343118737876343,-0.072679152263021463
-0.14828733891301513,0.21663176263102085
0.065657000421449049,-0.0019635772134288109
0.10351079347447904,0.29605394725240641
0.17709855462430768,-0.071857648688815695
0.10593398337396699,0.23039388564400379
-0.0025149530242429747,0.045489849204778499
0.053581352375474768,-0.28300416268102541
-0.026278209186346338,-0.058673947076860182
0.054498452139004921,-0.005792383388247579
-0.081292330128915541,0.088744409883503586
0.25416754302951106,-0.17842896328195906
-0.064185934315132462,0.12397261992138074
-0.031243728647610335,0.040087129253284476
0.067173033962269438,0.052190327190626148
-0.032715493807556055,-0.013538036976859725
0.058627154679027245,-0.041758518207791966
-0.21685367884127932,0.16304089569583302
-0.35002916583156485,-0.27297226381806383
0.22906692261354192,0.039603675352145519
0.12261447511504665,-0.074251264197555011
-0.0099944778008245923,-0.19457120310853113
0.019338691161500474,-0.027536700603258042
-0.40086985971755151,-0.055885076894254364
-0.2154908274989909,-0.034335007993604658
-0.076237006322759607,-0.25841177656819708
-0.17043385542864242,0.045181544199117497
0.091124903380117223,-0.19597709540271041
-0.10063098269567336,-0.084236739824176343
0.11402753795003524,0.16318431123563532
-0.12269397603001857,0.0078360423424844328
-0.16228061504508412,-0.18201885085874608
-0.015340272299815006,-0.063196444817956471
0.092312404774428397,0.11091304723884725
0.21205675724987408,-0.11093546261571233
0.033686645754024268,-0.0048043167984845531
0.15306214695090281,0.079658510706101415
-0.11630411675064217,0.010583436551455461
-0.0057549900729219079,-0.0099483669851600422
0.16221279666581531,-0.079997386410737795
0.021575837568640493,-0.080813224279257453
0.19005478082050681,0.10155984178088862
0.23931266931242071,0.018778551365530197
0.039777613842700711,0.0098821866904975283
-0.10957421546378315,-0.12204546054931936
-0.093710346177174567,0.086790828712863879
0.068463965776874983,0.048218037164672066
-0.077614935403649568,0.013940832346786136
-0.15454698138009201,0.13136706315384419
0.053106837088461367,-0.012605749347341608
0.010653647355828006,-0.033390813975296384
0.16674337084960003,0.24325625733895373
0.056987792489771039,0.091232416659259963
-0.082347270563859265,-0.24764347869730735
-0.10306926919445726,0.20862066257555367
-0.25426591893680894,0.048706921408208786
0.085707782077730818,0.060048601600834466
0.16204918580057595,-0.08732540758588303
-0.24540471268085265,0.026395132946842363
-0.014360905274988553,0.01932979240221611
-0.038043375864296236,-0.11373151344535654
-0.22754661654674885,-0.077554902146555221
0.17558942913932793,0.14055487511454798
-0.10965847515598388,-0.011165090029052581
0.43376755028141761,0.16521320380147156
-0.05144699450277463,0.29235252976372261
-0.055209467906356599,-0.020287370681964925
-0.1011760297188076,0.057672523220419998
0.21409722470851208,-0.097635498104370499
-0.15179210226079001,0.1002569399798683
-0.23665514735949031,0.1180743183012458
0.098774912022446662,0.30354195916594101
-0.039003680325554908,0.32878378061147323
-0.055278201484911006,-0.12969786065890496
0.040470716184967774,-0.087731982251820259
0.10945426557895377,-0.15802235779097773
0.21652606909316247,-0.20003042745513738
-0.11892757324610757,-0.032730659128323819
-0.011542333080345576,0.2645694135939512
0.088371625813740473,0.078812387097421166
0.14732723580716409,-0.082041254191963883
0.18522289832749267,0.021617520345524732
0.25044770559239471,-0.1528020510346749
0.17604485502506476,0.11913852579412607
-0.10361973313451141,-0.037516561672748645
-0.086097783698223879,0.19156846354235474
-0.14751987079975365,-0.023152034177206501
0.10149397891167997,-0.10618416249736359
0.038903221255137975,0.27906885092953682
0.043479294298785297,0.18527095084394646
-0.065090433682222823,-0.27409286562859897
-0.1816924692074412,-0.10616587838066308
-0.27958072947151263,-0.049800406877435026
0.24352559570798479,-0.10303263243876866
0.12795087192441887,-0.14061303214588058
0.17662918896378213,0.079995499105372472
-0.011853979213188173,0.14366318089830904
-0.15563351825222307,-0.16606689449048576
-0.04097185312127425,0.1243986357525808
0.18866752299143602,0.039829901351865531
-0.14595852040367419,0.15756785826055109
0.25617455969246106,-0.15071775280359589
0.042541484447395569,-0.20161757588025001
0.016034123707907012,-0.18173259269448214
-0.15041527645529934,0.10197071519651513
0.11341427805358308,-0.1625949932340684
-0.14791899412046006,-0.013116933088826704
0.20599702509554935,0.010686937368342978
0.01998449835630961,0.1441957214385266
0.1709628389581874,-0.048936182986067431
-0.11070700737764437,-0.16494795762239353
0.18428523761164786,-0.037789942388761176
0.077655477736262774,0.25823294323025825
-0.049212553737257039,0.065678092558436041
0.2690186763379992,0.037340884270881815
0.10503297375831847,-0.0013072478984591683
0.21422207113206701,-0.20049872019246442
0.055818760256833841,0.061328445084905925
-0.082136061979031921,-0.14517020798471467
-0.18971001631351561,-0.1209610131381746
0.064758003101757527,-0.15026385882489138
0.01862977053928605,0.044737879993098584
0.17044470767916778,-0.093059467337081953
-0.011681009283629844,-0.1071872995012291
-0.034000219709630922,-0.14871143137254828
-0.087146123907336004,-0.12300737257908097
-0.10954351373162124,-0.046800176318847128
0.1312813670387733,0.085903364158306003
-0.022080557940887313,0.12537022798909778
0.0082213890646348278,-0.10892547829488398
0.12334515618926997,-0.022124915511550745
-0.092382439252203158,0.41408716029436032
0.15529801822368536,0.20528915568917042
-0.17747807401521337,0.15377538224877926
0.17020830938714804,-0.17502036979233426
0.22116090294106291,0.077354716888285505
0.34460897172359112,-0.19751406156780338
-0.023553907388155867,-0.14284913633799048
0.035490912173397074,-0.016384166759632675
-0.10992786002912797,0.001203891634206939
0.069503160602000624,-0.21176463454649383
0.20810184036568902,0.23276616053380283
-0.22348568320485021,0.083798034575257238
0.012864366942329441,-0.093341060768439774
0.07022191727573307,-0.038578503596918022
0.089419446593605748,-0.07453783130726796
-0.17971807873099133,-0.017152659197600905
-0.43505584087918436,0.065293917614298619
-0.42294440481401163,-0.086643061684156711
0.26178499036810543,-0.0069540335548384071
-0.24180740408107484,0.12209555642293163
0.13278178413530534,0.076837224627712863
0.064850144249411101,-0.026518283707456246
0.081051727934893736,-0.060794321710356237
-0.18910083577126086,0.11087492953674555
0.05790639166652168,-0.082695548633850757
-0.22239244646245315,-0.12313547460488786
0.10775533696332254,-0.070091922819495875
0.0030774719020201439,0.19798523697823181
0.030059334429086187,0.11192475645591823
-0.17050476864180664,-0.14192635812592549
0.0092514978941805118,-0.20193804580568059
0.044798348151531671,-0.029669630284509804
0.12046407509334803,-0.028053405985447383
-0.020098791869737804,0.0052112968082443983
-0.25866705249296795,-0.13481166527158792
-0.24497212951200623,-0.19092644066606745
0.0083527255962514806,0.095025795699576185
0.19022598897837301,0.025043283730682517
-0.064954173918171598,0.027900617242040571
-0.0078286135177203821,0.013826496390753607
0.1345909555278014,-0.046582235307099672
-0.10302858633747941,0.095815479363497894
-0.087009073017437877,0.014776692453005716
0.061096046669700657,0.045356682610667359
-0.008406964515034648,0.097456006149966037
0.17536367977827144,-0.029619392826953701
0.15769171062843657,-0.3005828893654407
-0.0098116919629009317,0.042867307974405869
0.031233588845093148,-0.25311744962951632
-0.05912550782825967,0.054543813264028518
-0.075198371425767366,-0.35273230759402974
-0.095211855215372579,0.089875815374145185
-0.091135296375747674,-0.077130174946777513
0.1009922235283183,0.064643393201227958
-0.038646652264860602,-0.20648924789778725
-0.0034582937099110573,0.021134494729903211
-0.15043574121835873,-0.14000255793836131
-0.013800247706003015,-0.14138549530318875
-0.36296114642892219,0.19031768105059496
-6.8602932701933216e-05,0.076411494731868757
-0.099126451380588398,0.021830425767537878
-0.0093827603283777924,0.095064508308597653
0.32817813542041196,-0.19200892069960307
0.17179348065769601,-0.027001115360834473
0.10233046560467809,0.093724381697017481
0.17959732970981898,-0.023628849526967134
0.11084642822532544,0.02381623860404164
-0.025420200759559676,-0.04226338738695129
0.0042119133947097435,0.20036970972440235
-0.014985687207208361,0.034790630819005346
-0.26918793661903262,-0.035588712929706716
0.13722574596020704,0.0078581457653334307
-0.085849810107132898,-0.035029058457446617
0.17493082233557858,0.058057091882562813
0.067518154681092721,-0.14511266957788752
-0.31624288939805861,-0.0057936440871360941
-0.1320014226792218,0.051950260550343866
0.084360294135779806,-0.19637868747614382
-0.24057775180836674,0.12427383385659976
-0.12864040730471449,0.11405670892548835
0.11372311873212029,-0.10918529515737987
0.091585068378377321,-0.15574910334466957
0.18211572422933589,-0.0078122590161033801
-0.13860848266757148,0.034891901541391816
-0.16672537619883529,-0.04036341824205867
-0.04618416679336345,0.10685785516145103
0.11735648917503197,0.13153711798046039
0.12781695296485962,-0.098611456303162773
-0.0034639860892210056,-0.36355951835391193
-0.10230861866453297,-0.27535460255928329
0.032478967133604722,-0.11718282669834081
0.014288448568417987,0.14398751558514436
-0.018248163743512479,-0.045352713569163768
-0.18373963592611009,-0.045064183080454061
-0.0069010908965797448,-0.0059141298833649504
0.077535484741321825,0.080227002126260466
-0.027290812782375003,0.054246219133339539
-0.24472394372756592,0.061735087917157198
0.016960627556361883,0.070688715519611076
-0.012486311946094106,0.14212748182896709
-0.26632455815405537,-0.24861500090270788
-0.0013784364878358692,-0.26206809085003541
-0.02356367395229185,-0.0053219401804959609
-0.0067130992652004806,-0.12499047156587624
-0.15961242378793863,0.0074095778025879064
-0.042569729457718114,-0.0095926577186633815
-0.14910693438472478,0.064349443616553828
-0.22430256311353161,0.33467395616837436
-0.11363663973374766,-0.072339340333529858
-0.16986280632305481,0.1476656631773966
0.038160969245408079,0.044761693173786032
0.10835884651334785,0.062640842776044925
-0.1001342952932259,0.12642039245585751
0.21471515429317237,0.20919424431560457
-0.014119757533017792,0.15585261239143661
-0.064796993003871858,0.11827213373983728
-0.048497701610655794,-0.04090467232657282
0.25168713948239774,0.023834162927874224
0.010794760194828439,-0.08520868220941899
0.058429800914779041,0.095998457277756355
-0.099962983543427253,-0.008331040246852401
0.19222165553301243,0.19992471714963234
-0.066915720480427807,0.10489186765564006
-0.027130922077440348,-0.063556906472550675
-0.020990411438207381,-0.058815124686958917
0.068110139770448747,-0.13175057915934812
-0.038252108174919378,-0.045786598754780375
-0.042309718290899724,0.055189419890571453
0.033296774701686488,0.12223481339111851
0.13389153991459207,-0.17691946890129706
0.02642624008301768,-0.13493339364801565
-0.23543439218875911,0.020276115638463332
0.095181992743474664,0.12743086705116688
-0.17274905104427338,0.2262005877593582
-0.11961804895778544,0.15999281258051637
-0.056309834601505147,-0.073144223612590084
0.2418013101926714,0.024380795678527335
-0.074574421917632416,0.070372310506974914
-0.27422868125452671,0.26496011597919256
-0.011536223465660822,0.029314890778820771
0.23846800566018556,0.25004217154700753
-0.19286343990927365,0.056232872029712049
-0.093825820251783487,0.093922822949947041
0.050612646643589373,0.30677096985820834
-0.12379628611616102,-0.092380659926195097
-0.063307970009173625,0.030951899971260292
0.1101789653683225,0.14754219671987576
-0.0028193875841370604,0.068674149574370916
0.22772039377068035,-0.12633079356650545
-0.013068133387400838,0.28326363369568353
0.27481800640517384,0.12854088349764636
0.12120520447309503,0.044826663001195664
-0.049006771436607657,-0.27534246308406568
0.20061804742122757,-0.12077157688495863
0.038275497388413196,0.19190137599531792
-0.099076094880216792,-0.021256549962322485
-0.086271959253564554,0.030251706063482087
-0.1474768110978785,0.060580390690016465
0.059087161982223427,-0.16805449429016175
-0.095907399832035847,-0.25327992440767294
-0.13160797907332908,0.055016290293420769
-0.16572468918026642,0.23506512365721613
-0.16097764755972646,0.097914139743476444
0.095112727164968533,-0.088470411008409827
0.0043061744528888118,-0.1277967629207237
0.077360537294155138,0.10349523415698192
0.10914599952934849,-0.022774663876093226
0.0013887479572492869,-0.068587589899032159
0.026816707846432229,0.030041185676122829
0.003472250044077114,-0.060374598306233297
-0.08574453904403137,-0.0077077129068045657
-0.042165055656768667,0.28521435975886078
0.032896657775830659,-0.048501341961960626
0.0037821958281430614,-0.042861675758173172
-0.13153488313787706,-0.10962009470632753
-0.083299575007569279,0.027167196082159777
-0.10425086966253437,0.077636900397964753
0.020870921035402907,0.1390263538643384
-0.22991855472104542,0.24995747277870259
0.04862499455038715,-0.043724878176762363
-0.024077260296844337,-0.025401666557437565
-0.28373053166101087,0.12652665332755161
0.18234019761751799,0.058602261015669961
-0.10102246808813632,-0.072547211349074964
-0.029369987603851264,0.069967087389516999
0.04616122624052877,-0.032117162228195585
0.070553056869841896,-0.28681974857193898
-0.232234311802651,-0.098939033286398331
-0.2868327170274142,-0.010724324868362115
-0.015015903373418587,-0.16292155985138257
-0.026095958879390039,0.083361048817755537
-0.083266913311113772,0.0099706293787743538
0.044557221415509496,-0.1156156573914508
-0.15158453850293793,-0.11746565092965089
-0.093293172894519882,0.21260671793458591
-0.017195453926632184,0.026623088864958153
-0.036517997886418255,-0.0057520922291474583
-0.018576683516867604,-0.077556915089124517
0.026087875943895802,0.0078755160834364183
0.22245250496273763,-0.16131328742483331
-0.010835523137200567,-0.031451410949656256
-0.0077763021969842307,-0.18210004038643293
-0.026564218380063589,-0.40515582125202487
0.16410463562711303,0.078770790501466015
-0.28507378218694512,0.037474417695981296
-0.070843609219694098,-0.035609833106242966
0.10632598315041308,0.022760784167644287
0.038940458075590316,-0.023481128393254246
-0.10791310624508563,0.13617058250782973
-0.10216685107434402,-0.22572452337520968
0.057011274761003941,0.089381022439149624
-0.015030088079179875,0.13968932800283582
-0.11171968068995461,0.017595325489213925
-0.043578343392770245,0.01402700753839925
-0.28420987845005946,0.085509804252098406
-0.10955924547860643,-0.030913569707209133
-0.17147456204313183,0.16725416566554335
0.088786136536873297,0.054761874351242683
-0.065918664638990238,0.078898125436954319
-0.12376894287256925,0.10961507440415892
-0.055499231784034458,0.13439167873395383
0.13571825260078774,0.10949020062379416
0.11698566220973122,0.094766870461489405
0.15472983880404984,0.061785322896546618
-0.043320758199266514,0.21079055686876208
0.068863652466599631,-0.086469589241094519
0.19428577577209225,0.28086230997196848
-0.035786787399981347,0.0083872910769172363
0.16916110286636327,-0.07838432257071655
0.081002296118381945,-0.20029893004449409
-0.22243027731080461,0.041039758377695058
0.26958500936701046,0.0012767647920784283
-0.10674612506162952,0.010815312538943713
0.051944753958628832,-0.075314832381028693
0.084564443522139973,-0.063206363887829631
0.19385674443848941,-0.029749286412408069
0.099248931612348143,0.15083037735303259
-0.11540286010107578,0.12751232733893086
0.19321425207134468,0.0068103393705266739
0.15209877694367438,-0.35703254622497854
0.11863486017864723,0.15154270166331391
-0.27191632354825374,-0.11810078894390635
0.11822781719080887,-0.051637896204167609
0.0032656613807924722,0.0055442350322921462
0.11009494195942299,0.15061961930588966
-0.21513063704967089,0.20062794799415529
-0.013023611562092195,-0.27247731402885789
0.25818499719201404,0.07066995914406711
-0.13615917589959084,0.18434336214711025
-0.074776433421038319,-0.34642297868017402
-0.011614467351237952,-0.21624736176332168
-0.068160570529986808,-0.085624589115978311
0.10747013140539963,-0.22375293042584168
0.082383553371223189,-0.1319046915436056
-0.025047116447758287,0.039023032185180058
-0.0018341474014965931,0.064529962441819369
-0.034774888140667828,-0.20482490961854616
-0.028110985329801844,-0.037550900803493915
-0.0043226705847923446,-0.085660360290062437
0.0064849409483247362,0.11198736686627794
0.28431746494564236,0.08277729123825725
0.084605603179051733,0.20309886967721841
-0.024512678487106188,-0.19952849957427793
-0.047535299729311115,-0.063616485617732935
0.16129754314681041,-0.23033830007779327
0.18113262604710068,-0.032479806956703966
-0.30137338599961988,-0.26483197487930077
0.087319960962876586,0.073201102860225131
0.16018876287520734,-0.12084791478015822
-0.2049431044499182,-0.13651337317795531
-0.036878122372835088,-0.1903508079384407
-0.11835455453537019,0.1650004751646254
0.080373953223636066,0.064875624472089541
0.031058137957775216,0.014793474925346863
0.030011903179583545,0.0078930211642822684
0.0082253910483877646,0.10643840252738937
-0.19152241559081654,-0.087358192916693195
0.14647355635153744,-0.042334660792569236
-0.041107005741072705,-0.046567933293380367
-0.006537687941298745,0.0047050600964349369
0.20183543649513308,-0.14130135290659998
0.014368312721741465,-0.12823782620609922
0.21858848129733977,-0.041327590523994429
0.082855737321687495,-0.058419221107371827
0.0056872698316247474,0.23659433603598085
-0.12696434466905343,-0.060984872796738504
-0.0063189507273760668,-0.21530314728819588
0.28316850303873625,-0.089867684967016331
0.23624875144431962,-0.23676476327578622
-0.38966952809955907,-0.082319628667211833
-0.10723327625182454,0.18011445663192166
-0.12488762595737549,-0.12461266844752057
-0.13808485587075439,0.090751509699070601
0.093442656884652101,-0.13272074948082221
-0.096945521269429055,0.073981598539767005
-0.049876244620258671,0.08864374812627894
-0.0023918174568243393,0.2132685675809301
-0.13505373873040477,0.068461548706196515
0.2013638367959367,0.022519977819291877
0.025770193713616076,0.22579196382544556
-0.04462628794634442,-0.26502427285996871
0.30339019436788489,0.052558283886974873
0.16331937090131074,0.21535512578299473
-0.18052744586277589,-0.11870507137351445
-0.0046279701675026605,-0.15983120577393359
-0.19023328850489585,0.080933846102835244
0.10061293705518265,-0.18448539192389485
-0.20103794333165242,0.025473175119872949
-0.050728298762256867,-0.035006885589892206
0.10971859242881903,0.068662379442595192
-0.31202607385977604,-0.12740637016774675
0.062733749722417007,0.18105439652361613
0.10198580176008211,-0.091836840202369013
0.048187319344837824,-0.15585298586720042
0.00030202005380583908,0.070010334881838568
0.19764988174568218,0.12000466008712109
0.021222267153651803,-0.15696741683970727
0.057346422958997938,0.28860384404134148
0.2423824146679128,-0.1287754001558653
-0.14615089020585173,-0.21934247463627324
-0.083433910426412294,0.31544227490204518
0.039524507542855601,-0.03044864886607869
0.014561577178267679,0.05676028742391382
-0.088977823678000723,0.08465446745636003
-0.21231742579374555,-0.091243034035298265
-0.065552710963499641,-0.022868003742998529
0.11181544607005207,-0.10385672423458091
-0.22071317926601591,0.22560200393803484
-0.11174027559407301,0.074583308667482265
-0.16885987660190754,0.0073212112584340521
-0.044402553929258869,0.0067791031372090322
-0.25245750131989342,0.11117172526868167
-0.094511744220146257,-0.033855611614630979
0.14756149399294766,-0.10035428105494136
0.22526854284066339,-0.21344921668349173
0.1194828635597467,-0.30480960613155794
-0.024350359636016228,0.10963066353429284
-0.0025739572333800644,-0.13895500645242512
0.10795540404671397,0.030317070912983284
-0.19008240419142416,0.13720336668877101
-0.0070126149307765959,-0.24929766054996913
0.16493724757749556,0.13448090002398025
-0.01440628904572866,-0.17589077568062669
-0.27276733139271697,0.039618318383486208
0.11677038611321314,-0.22708699134720739
-0.083497370675787691,0.010029591630633395
0.02225995681638876,-0.081094585072584408
-0.14692367686468635,-0.25099195102661975
-0.11604355627306015,-0.22301651544613119
0.13818206958118792,0.074379553149286945
-0.13218506221326576,0.010110915068718968
-0.17954048926302285,-0.071927939166486834
-0.13919375087091729,0.072586107350419718
0.019357585435506294,0.090617170939133962
-0.085648474437382299,0.031401376192226965
0.31824786371797403,0.051770558117063742
-0.19769182911795957,-0.22147262349618396
-0.039463966269524982,0.12174255259010797
-0.094171186359411463,-0.083856376599682786
-0.18769958681863097,0.033698702365274974
0.054655595920893869,-0.0051918280948423162
0.023965858928061932,0.097514600034744617
-0.031966138777490063,0.034650591634795683
-0.093099626100447835,0.0038696453419926388
0.099897465699664345,0.071322276527664874
0.054985407724613522,-0.029582964798022499
0.0088795275105429325,0.052880403938469878
-0.00425663923283018,-0.11935276307592638
-0.013210916177127347,-0.036642889869483573
-0.067750525370506243,0.061254625679232601
0.018943739427098431,0.17817332538988595
-0.018427990215952626,-0.026118428465459077
0.13332541086434094,-0.032707788402014486
-0.16973250835522075,0.0016114502159955049
0.13885880245617993,0.11369078793736623
-0.23631388170097242,0.22028739267514169
0.21302395638937116,-0.18776001449054666
0.064059928117106812,-0.22938010321096353
0.0094099119222246022,0.084586918773351699
-0.0087910596604007952,-0.053043625674664731
-0.19942324094862554,-0.12357014294890321
0.32189813565658038,-0.077634213226398477
-0.052560589645136352,-0.061151655711790771
-0.056813557367438719,-0.064546772807613215
-0.01983819077304793,-0.13180975766695532
0.050624080554786198,-0.1225801078655492
-0.0032167653949383822,0.031793147555504761
0.11950917648134583,-0.14454171660490953
0.10119116300929883,-0.087313854874222385
-0.18687017987283155,-0.2304428481805833
0.0099992195378247918,0.11100889907084008
0.28162302509863779,-0.10465530108239209
-0.10398597669560519,-0.063304629978343477
-0.08705049279944102,-0.33068723448434006
0.011569494741535026,0.15189162830143529
0.13905158826255559,0.091874126182364332
-0.042020694832200917,-0.14001472267044127
-0.11925890959935963,0.19539470712653015
0.1016267919775051,-0.16552605275183918
-0.16346316298196559,-0.10208533497108024
-0.035772243734631101,0.32814117271035165
-0.10623402231703737,-0.0050617180453688317
0.031094061087622193,-0.017296081129875879
0.15424582230310246,0.012821739503069852
-0.026100766245071717,-0.12972064484079546
0.12888526063478412,-0.030655946008679436
0.00091191407557670353,0.0021174628140926185
0.22804257909754824,-0.20440385596400337
-0.1742568995167563,-0.20634198525734146
0.1147829552209126,-0.066918863885915586
-0.084950864931560871,0.050877512457253693
0.024833196773564704,0.10685897305446551
-0.12568998461252448,0.094854505706326434
-0.035015005684673049,-0.18121997666221529
-0.11431111839772741,-0.078190219729101215
0.165801304985146,0.13973122311670871
0.010097395263541328,0.086424818477962517
-0.01898275468342726,-0.089553214046463187
-0.10046385384943635,0.054370970810556016
-0.15504299503930741,-0.11658550109284911
-0.080799746085636517,0.027762286260189239
0.18955494321235106,0.20038239665954902
-0.30553207082710299,-0.30892110133182649
0.10066010268315108,0.2718821806809934
0.15152340521022606,0.15841589281453688
-0.082340547959699403,-0.023338116152785991
-0.12158659436791865,0.11640565862047549
-0.034970593525321114,0.16840216479006814
-0.13883866480250298,0.10843820744180639
0.3456558860167962,-0.028124094398854379
-0.045802050002471763,-0.1539099543007082
-0.066263590310025794,0.2439750489882809
0.056892631436626151,0.12195216028398895
-0.11905926778870882,-0.024394561052183406
0.013121215115633043,-0.084078575790457813
0.11437557330760745,-0.080124648758824343
0.060131395009314415,0.072135455200589518
-0.34389156439281376,0.072415915750610557
-0.052259237505717038,0.020789956932375835
-0.21650179492750338,-0.1986382819293642
-0.0018935413739821045,0.14483258512245323
-0.040527741310579408,-0.027772793118467125
-0.091560859674010481,-0.058317054191094411
-0.045878442623088121,-0.0067806503215416744
-0.0085136078307470713,0.14592300510351716
-0.035074000404572682,-0.0043198977096493129
-0.32106135141362402,0.26571111214125082
0.1597689141251597,0.047387744786798469
0.21398957321090026,0.13226468268338812
0.028311264483492211,0.14725750027033097
0.052161999472587518,0.22402437020277829
-0.057745038440444943,0.02779059244422202
0.097399113491371675,-0.035830133974158539
-0.15111154200719812,-0.0017190568784706845
0.072258315766283068,0.12554404083980206
0.16599454327165447,-0.077965289214597708
0.04845611205081414,-0.19540926092536434
0.0077512785881806365,-0.092170854759303783
0.066431714435872105,-0.0049792438603346234
0.045919647080910467,0.12825362902773932
0.1242732172499188,0.099546108011554765
-0.019336225148521499,0.035298242154936446
-0.27512418292664298,-0.020004913625461494
-0.15110601712407623,-0.028822807115560206
-0.10110151948415723,0.1746999093697571
0.20556314668289058,0.087875274687355981
-0.078442110142284943,0.01065046526452834
0.19041475943663236,-0.18789791851840495
0.099771814702270825,0.03134112377392391
-0.024220316032837114,-0.039683861905539373
0.13352069903622674,-0.039315648510623274
-0.064454250150556822,0.028567697003591085
-0.022430631230443306,0.19728658650405015
0.0074173654825854963,0.13138419975206522
-0.080316426747153252,-0.041507701813988156
0.0025688786447518788,0.14872951208163362
0.30296906619384001,-0.20283194664065057
0.097244493419002223,-0.13166454749696679
0.038389143357923636,-0.025603224037775842
0.24225273416568541,-0.14800167353543461
-0.033665166963195957,-0.14369055607833595
0.034940135397701043,-0.10390966065102587
-0.070880079799598691,-0.14528225171893341
-0.061678340262434274,-0.010521365146737929
0.23350835075465992,0.17652156875036593
0.058512647668377514,-0.091200447805960538
-0.055612703523786916,-0.12389014814796553
-0.01240764990727721,-0.26268385922252641
-0.15838596306145145,-0.2653345566718448
-0.038741304908724128,0.10933866250965954
0.076626832227048372,-0.070764475508573357
-0.11776711539578383,0.30737504544557553
0.088053197151110235,-0.017978849535589321
-0.044077824092010498,0.15298079949322441
-0.10017496628589224,-0.096265316014709335
-0.17491875257181622,0.01375082890333287
-0.10629523244437278,-0.20518538746414616
-0.18419228480085725,-0.21531780168620995
-0.18895816148796216,0.29753976756299094
0.12185521297645395,-0.19352033075769304
-0.06566944325629101,0.19391606562340483
0.37781897728586983,-0.29093393185265165
-0.069173958996469762,0.051181388009000649
-0.055287639773711955,0.064106952247115059
0.11554440480988386,0.13526254746312807
0.075964968308463346,0.11387859283105906
-0.05897309360146695,-0.12490568418674937
-0.11992171201860413,0.1247521107407959
0.28449268358139762,-0.014669170396007118
0.039195224719870435,0.0038978562738738658
-0.059511642733425817,-0.051997642562070859
0.18515124465308219,0.11842825334082906
-0.020227141007689676,-0.11926180129057695
-0.020802406943625062,0.28266388374231982
0.033534881096456068,0.18717556133778879
0.037837931830037717,0.050129932362946807
0.13499160118288522,0.0039049255264486772
0.011569056571186901,0.18801409724409199
-0.11382867741169936,0.099678545690679687
0.0031107507960917522,0.059600418627881908
-0.17688207558994185,-0.081951561685233973
0.12683881309891903,0.12694085662165383
-0.24999494155228291,-0.030421431984616693
-0.13041587292370974,-0.045883734110040597
-0.035669885855940178,0.11492950371806131
0.011594557393134999,0.011689822375251476
-0.055560053217074745,0.23598319737000589
0.14257097709461172,-0.26086802525567265
0.20569503284148019,0.077486882461886147
-0.017005344355634156,-0.12565921951074185
-0.10075474952315709,-0.27872323302316415
0.28735008707286241,0.10168754868927847
0.1522896094118496,-0.21674031417696557
0.011730095291420918,0.26554220393022498
0.1171040224598161,-0.024746122155842144
0.15512991410533902,0.089060916929505324
0.072937181205412427,-0.25323648826534034
0.012658127516242106,-0.23451500361851016
0.090306251537942417,0.12718390447094385
0.1054106577523507,0.032387762678959729
0.017164504124646443,0.03946241960799822
-0.058308353397836868,0.26093415587909952
0.081452474609059008,-0.015012027321985756
-0.082289325354671081,0.25158363344505746
-0.24266864311536721,-0.180681814832445
-0.13182328129992951,-0.051872820115207233
0.12668066890087754,0.42379262343810181
0.2336218231542487,0.24664582646333946
-0.032492810256075123,-0.13103993001317926
0.28390055294361644,0.27757936420196228
-0.032117875567745278,-0.13877224632277557
0.020585668185223574,-0.13307624640697252
0.22059644365490746,-0.084961795019672409
-0.00044864763481004317,-0.0068685094013289328
0.075438734869799684,-0.10666973594487467
-0.0060014430089525969,-0.13944146311408631
-0.18321507484197475,0.058512490265686286
-0.061912700424553865,-0.070287649286773876
-0.06932855626692154,0.10324677320091734
0.0087643894971884979,-0.12645065275581335
-0.11947295441730107,0.037738664678824987
0.02693714555718154,0.15627457795626643
-0.21702124603879158,-0.15466325907688139
0.05365047204394937,-0.042291107521356348
0.069041293456042402,0.1422722398502857
0.11699010688149156,0.099938151084013382
0.22327472458668066,0.13970813042311675
0.05040046794817199,-0.062275373493753013
-0.055797844077386811,-0.0001925990580085876
0.38137446981406181,0.010692672297040883
0.046571935013859818,0.25875698051168738
0.14602982936767894,-0.0097052318691518077
-0.13984640992589245,-0.057392998611842758
-0.10279827993059618,0.16717262192011309
-0.021517025512920136,-0.0087239947436390519
-0.13769310845236982,-0.060082975337917149
0.033043058521177622,-0.25210561897641215
0.19530105186249144,0.27445846829020032
0.066736745797409194,-0.044744371287463947
-0.057815602886518012,0.040758041331062943
0.043140656296319628,-0.13694524420564164
-0.011053882103147025,-0.064060436782511762
-0.014567393189495402,-0.018852391000386593
0.076516559152389446,-0.012268150767476458
0.08990555573023043,-0.039608275975257158
0.043007642697601101,0.15041067395862237
0.096315817140459975,-0.058163383132555521
-0.26195552586596627,0.033113230063288923
-0.060022443875483299,0.15850132269258738
0.01095865833808222,-0.037824879374902469
0.045060044498803686,0.1374598916463321
0.21056055047328562,-0.061571878806155736
0.46521665729184986,0.13469815797277224
-0.019074494587175202,0.10603212751467934
-0.083741776177605101,-0.0064542016840876777
0.020702168227255829,0.041084682836079259
-0.041715294515197641,-0.045497075170917903
0.036809334599626937,-0.35070512662893044
0.073693164078689311,0.034577446938271958
0.06803449176857479,-0.012120568710295397
-0.086592092563458664,0.0089769204592226974
-0.16249237670042629,0.045363392295545639
0.15910311928009577,0.058433283287801792
0.14581482114442176,-0.062879009831180624
-0.03882880613168059,0.027334736751502917
-0.074751823983336588,0.12399714889698346
0.024062432823320275,-0.063063742004066642
0.19902186039819167,-0.17089904588287161
0.20483275797250905,-0.024420264005031785
0.0894412983343148,0.060945399467182006
0.12997410920120941,-0.0041426341808883001
0.085707690114202303,0.13343976402442612
0.18148899465082199,0.16984965116468537
0.32850162549731582,0.16150077675298805
-0.0619815113268724,0.02939650908149341
0.099927799069849638,0.039463537587866256
-0.28073384464546142,0.0034094779576514973
-0.020834404245962067,-0.0097582922037416121
-0.097176929441130974,0.028813821396880726
0.22244592492855167,0.017124503397092709
-0.10171512497934723,-0.07004907028461102
0.16502053593398361,-0.033177850797019542
0.14667532877854542,0.06383356088249964
-0.10745529178331988,-0.22950842281486153
0.16407331524586227,-0.089233988137500261
-0.059990679468314746,0.0032652973256608311
0.16204436432209579,-0.15074965010468053
-0.028616957180539512,0.094780250475122008
-0.11693203899672475,0.026731507197663339
0.096848491447769858,0.08247221228764931
-0.078059114438779192,-4.713493947334556e-05
0.1474361437828095,0.18526615835115878
0.13379589381907031,-0.43159870063631456
0.086630651629906075,-0.074862551130339003
0.05505036932464711,0.07062386658434637
0.033584889510063762,0.14475198509540657
-0.064196549591104421,0.12278221205117178
0.045286703660907868,0.20961460827206735
-0.16937576362882195,-0.14691474832925253
0.051838272668501287,-0.020830429904633966
-0.070771175912041545,-0.040372919500865578
0.041657730399412063,0.15266833120546777
-0.092513562749478556,0.084960223042958166
0.0081120893129276485,0.13595549492192155
0.03116875249474026,0.20215373715086812
-0.15406109134812268,0.18478712334516112
-0.16496147617324691,0.156933449170191
-0.2645982067777779,-0.062615013931193397
0.032268319054322668,0.013818781440173114
-0.05841829924389251,-0.092478798638537738
-0.074846088329594926,-0.19237457019632972
0.10783324457274862,0.22011264881278392
-0.20841765139120719,0.25387936455604859
0.06610767075222225,0.085686988769219125
0.021067989455103617,-0.085461224275308237
-0.33749592205740808,0.23993913804496395
-0.0090510626517035144,0.22866628990417709
-0.076277392193395424,-0.013530495140095683
-0.13005262098756531,0.15464253293750357
0.086838947332531835,0.33721263736730345
-0.26609359039040825,0.22702160753460746
0.078697881409302381,-0.14708996280713399
0.1756535453157706,0.017408176767462525
0.064403748593874502,-0.12814348039380066
-0.061576349089611446,0.19255326880737833
0.16609271122011615,0.021012849483607553
-0.21508851175466642,-0.12579829996419634
0.017940936763559668,-0.064971482503720063
0.046605222738997427,0.11042758469767799
-0.19434664375033511,-0.082935807931027575
-0.054482919144422763,0.086430773895874585
-0.28810970424303384,0.04686486783087012
-0.0033990979377890008,-0.011665675417687225
-0.0086900639342223154,0.13848915607199394
-0.020377550709568048,-0.17364763337420283
0.35753772264504641,-0.11056002402117659
-0.08609817038868843,0.16996302818409367
-0.22518473844047626,-0.032240186318432354
-0.15708524786743144,-0.013450173264662099
-0.030632130299711118,-0.13722149209008402
-0.11243781772860822,0.07672939491557286
-0.053647826645670929,-0.12521432763892026
0.073028693815030618,0.14890716987643901
0.073682445447317862,-0.066764476788705063
-0.060487574874055337,-0.098795950824538445
-0.038557172388507054,0.31726371180374452
0.010995708348299783,-0.052595111162583183
0.065034085686956691,0.015839503237766568
0.2568321002832511,0.0092864644902905299
-0.027604344918087744,0.11772892270183667
0.046384403848175521,-0.033166362186116953
0.31951110015535955,0.070721262209980734
0.041008587601020927,0.013325996573260819
0.1079804473383493,-0.097631217286996475
-0.16745386806763976,0.27232639187660967
-0.072294850830436935,0.12372727544745345
0.006385665244290727,0.11183395244811511
0.11561234874345462,0.031470635551116996
0.086936402127416393,0.046081432435408964
0.14708141311777295,-0.32623101486533984
-0.19680619175145816,0.055294913447670541
-0.038856452294597263,-0.056700940071210258
0.01058498143504016,0.058277385763376648
-0.043310022653056876,-0.1054672650696078
0.26395224770538017,0.034865351843269325
0.0022930175530608537,0.10803950614300141
-0.08462735369235784,0.054816474350945568
0.14648735998144596,-0.029136876312879721
0.15780791228521962,0.0010167121253064207
0.14983706047461556,-0.16420117945087276
-0.053981284348470431,0.17451932921730912
0.19588287617085273,0.13302814356264761
0.044379500664853778,-0.051503919899985762
0.096470653409211501,-0.053107358563391924
0.0071623806268166007,0.1596427320162698
-0.07884712439439423,0.30594843867911137
-0.26070370208916777,0.29047263905848764
-0.024997427042058804,0.0048837706587757535
-0.19448596006161636,-0.11125575802844286
-0.045659676570849121,0.15992388003825811
-0.092565167660152256,0.023623616097664005
0.035909061665828433,-0.063807339001364732
-0.026480880706040464,-0.24270923191054058
-0.091210758138887751,-0.088645426649529555
0.1870928932978245,0.1191142943614777
-0.035610176566405409,0.11464463507337287
-0.14380616648127739,-0.11680923782905936
0.126470067849206,-0.18482262496845872
0.054111156161917376,-0.10604999461087816
-0.0010975961558901913,-0.11327584448206095
-0.046457943420097972,-0.42961339729386516
-0.099983875033336875,-0.056209977869264897
0.20256180882936903,-0.087266305294584123
-0.074707109087344042,-0.20296172376500365
0.20026210835789302,0.11132243672827601
0.16438805275134694,0.0033153738646143627
-0.063257730130638165,-0.13786044753252671
0.21126225139760535,-0.15796778351455829
-0.33377395376274183,0.26974044940275849
0.18495196792002536,0.045723757661472617
0.07312019526975698,0.012127744521996929
-0.13238549036404784,0.014512529599715688
-0.22938885261264752,0.085258341196560755
0.07273601948237117,-0.017016973781150222
-0.051109652182478017,0.1484959642451702
0.0087887816952296628,-0.28808546255233325
-0.028003356082320602,-0.21476267490226661
0.084507029646598009,-0.10095062078879281
-0.06991586042058881,0.091803713764219419
0.17550208037017254,0.0054198769054722481
0.14179145184680883,-0.0204952254616909
-0.096732786458038428,-0.063354641643212334
0.04610564013536092,0.16460791180568979
0.00705834124229712,-0.11730951356277425
0.08178186413173065,-0.20896364143341337
0.1214839977417719,0.030558402467676923
-0.15931207006429979,-0.12043595261056361
0.0816677309977656,-0.10271860697936264
0.051093268321506194,-0.029393314712877414
0.052177008401970981,-0.017157445774490375
-0.039494476333432206,0.30613802495443765
0.06447594483496312,-0.24303797484499945
-0.09148290889497647,-0.10012608974251649
0.089878073142925147,-0.1640629508970321
0.1288612019392246,0.018427611192673481
-0.138009096886617,-0.27320856921047337
0.045134955215072242,-0.23955399948919762
0.096979545321739122,-0.026123338669373924
-0.19234005550083746,-0.039350265608496332
-0.092359061967799347,0.050099684644889064
-0.013593014711255832,0.25917700765940549
0.18096855267978973,-0.080427432744990396
0.018135479651137636,-0.029988381810502635
-0.14341619662092744,0.20157477556653161
0.15709247883718286,-0.016264555769550028
-0.28922075525807417,-0.063527463997368375
0.11919242364908227,0.10146665322291526
0.12372703659771454,0.10902281210072401
0.086050192049841503,0.0043285993629358019
0.039844809067646057,-0.091937200310713632
0.14588013172241041,0.28840967870940143
0.34680299699279171,0.13567548561503828
0.17770215784896379,0.094101429669690512
0.00078306628711255998,-0.11314405271103969
0.12750755525993668,-0.054583313853012343
0.15679927910810149,0.13354683062949874
0.056500190008676961,0.085094646218639727
0.0035331303432029528,-0.11066128178870564
-0.11385394713203971,-0.0671344529425799
0.023759798091072318,-0.16937532748576356
0.030983162252486846,-0.11510238656014855
-0.095310389461873174,0.067279545715347278
-0.092939820885571026,0.1411306757533301
0.080770107737362123,0.13735031861773236
-0.027518537503702201,-0.23880775143618888
0.21018434118512189,0.16641291125446178
-0.1133360014652844,0.11933622928124987
0.26541836022752502,-0.2000887242661544
0.21988937011114895,0.0094541978042791668
0.14655590251766079,0.15833041839063849
-0.14257082681358896,-0.023459105359850685
-0.18231335080499564,0.27832429365928474
-0.059758279812721374,0.048751022796593955
0.0071904689206612627,0.067074161223277473
0.060188429207037382,0.033803570071878085
-0.029081167441352931,-0.24651689607195304
0.031672633339085279,-0.076853398088309363
-0.013576040140990116,-0.016479834407289885
0.010447882346741112,0.015243130692218824
-0.1388335661467702,0.022152107746441392
-0.00025636657138115051,-0.11411414533321004
0.17771570584937396,0.056604574396825313
0.07312088214980686,-0.29337905198650832
-0.083351563272013041,-0.047598941767514377
0.11725161087185755,0.094934285865698617
-0.0065408314362114832,0.084588382983223603
0.11102379954090735,0.24561531313715304
0.305783145742064,0.15849988208209209
0.29031625961549973,-0.015132709520924289
0.021201486578929465,0.05424152997862372
0.013511170925256812,0.1393214704641719
0.019604047779627043,-0.084205617161341409
-0.1089711562216598,-0.039356712965728818
0.13463071258395801,0.017015651885085296
-0.06210858806068055,-0.012878989103255471
-0.17945123618848108,0.24378957016931452
0.029502259091033076,-0.00070055710772190321
0.025386733342877239,-0.086986172861099845
-0.13630193616876479,0.18085863756554496
-0.17059282038294668,0.039258501756857619
0.1934005291791637,-0.21245771305282718
-0.015610969858014198,-0.11558990443044828
-0.073317187956407168,-0.10544167906113244
-0.20402705489090112,-0.1301715865725909
-0.25785843842875805,0.057326560712441112
-0.033084319516969093,-0.25620225151880544
0.084229106305125784,0.12356301036652366
-0.22042647907214763,-0.18163852372292077
-0.20781550050245551,-0.086348423184469822
0.096028688779793744,0.11870902641202377
-0.094753787543935167,-0.23703874452490209
0.14212655416615513,-0.030516028887722115
0.11250633809588158,0.019598007902698125
0.27381098234412538,-0.05315582326301075
-0.22957178469124426,-0.044653991493257536
-0.15834704007846317,-0.015469496790235546
0.17497545422651259,-0.33664896245608666
-0.018539375406258073,0.21175656270227808
-0.12875292419054937,0.15158272416134133
-0.0245509868851456,-0.021333345830707721
-0.046939807373668416,0.063892240628161415
-0.067230400434684576,0.1957300981874463
-0.19070702641171458,0.030928935251111775
-0.019370130785395446,-0.076752321554561756
-0.16074854376884243,-0.067726762724212228
-0.13175942529841797,-0.13610240635759846
-0.034362629313487672,-0.10191446358554225
0.010918791585644695,-0.092429717167110376
0.21217709654903211,0.078553011424164501
0.037180774594688562,0.13577519448967185
0.13894681073267204,0.13301456390803629
0.00065068992721817537,-0.078131497897007032
0.050648760604630839,0.021029268800941393
0.089035028162806437,-0.054685087600163447
0.24550164832553203,-0.014914999179405388
0.11698753145556882,0.051369504433839364
0.13806204820314363,0.082998767330079715
-0.072513183113206731,-0.051173456085212003
0.0081457037625320017,0.082915615544249352
0.063565440721089231,-0.090446039962008201
0.062896114332631634,0.020697811628870168
0.27106974180911808,0.2122957945300889
-0.10890032327662122,0.18936178202445927
-0.23395655954308486,0.14850027704756336
0.1172005525021506,0.20360722762463204
0.16323970562644066,0.17900684685422269
-0.34482961812979845,-0.093338266827102806
-0.041264033901511447,-0.30399428416627094
0.069804591483344058,-0.045863263837317821
0.18575148031263086,-0.23341657871744659
0.085045903917792459,-0.10461674028630653
-0.1150742405599099,-0.017839039692481799
-0.0010467944997533281,0.037578867896833283
-0.029210041423349778,-0.093691414315697163
-0.14085539328938329,-0.19962570979862038
0.13925354111163829,0.090201618116771534
-0.0086577411805622128,-0.029883908234473865
0.22839203304365585,-0.071743987207801535
-0.0046803267207891491,0.16541956249853867
0.034192077510787289,-0.097536584291527506
-0.25860155632417997,0.22385939701498153
-0.11274297494548603,-0.01763504791758793
-0.26662854115291601,-0.16434454224243919
0.046928597808994367,0.15636812658904162
0.081415454742505153,-0.081372759611147219
0.30477765795440764,0.17369852278801143
0.26458501048120342,-0.056996570546259229
-0.047836663628320099,0.13735078682975985
-0.1499947146474998,0.054659474209907064
0.17938165748119411,-0.27406725651650182
-0.1164703324141055,-0.20476129292221262
-0.040599112584371204,0.14881173086512092
0.047200166757335918,-0.15528027836337971
0.021997302997145023,-0.0099021510144671927
0.00041100436806719643,0.0037465580540350361
0.23913258913572835,0.040743307286102801
-0.088687263551743084,-0.20780902001388113
0.22957950190304019,0.38557200605963721
0.0069651635467035036,0.18699089627398552
-0.14819736681511997,-0.069351572040465825
0.0034531450478496725,-0.05279186316800747
-0.31412042310359461,-0.10298556249001813
0.085484960677157565,-0.13017752144466369
0.0043884705938179742,0.025584989703845842
0.042641176703150631,0.079322485034103135
0.091667261416822132,-0.05724698874004943
0.058820904283953195,0.13764575300096904
-0.014271984066083715,0.052226871148345615
-0.089779014584630584,0.088067332352524161
0.11472390593503139,0.2334407950640196
0.12665418104544346,0.034553093700858746
0.11430162521999292,0.033292639034365565
0.2111011004721397,0.003743210677384993
0.056665694350101596,-0.03518959698399831
-0.27145690792445243,-0.15446549654658265
-0.11268946065444489,-0.095162278860277796
0.014949535739752591,-0.10832514873215268
-0.1558126446520568,0.13717793703187256
0.0074193001148968084,-0.005269437072317161
0.077464085800335911,-0.030738856129612399
0.4094050903087974,-0.1880764745379323
0.03533281615273369,-0.018822308013848058
-0.24208419545832766,-0.087548477174234432
0.28485802177580394,0.0045944644423715018
-0.10094039740737211,0.16761953606624597
-0.058754518353029528,-0.044910448775536432
-0.10388224850241425,-0.13377768123984751
0.061850654929029865,-0.14859859469960185
-0.26106932175825126,0.12643566483352209
-0.039893724083038602,-0.10959035498448805
0.064468962536613036,-0.0064016051499157694
-0.19872596770523548,-0.1043781805013473
0.14532865956907334,-0.045468558076714904
0.097611068177666682,0.23274357862554473
-0.34475144757621901,-0.2232209185184455
-0.21416402287681283,-0.14313885052348643
-0.10849534177788345,0.07231439533411807
0.23993422409670315,0.22103905672909491
-0.083446846723732454,-0.10183053989561706
0.15338293546387999,0.093372174540842803
-0.050477838746752011,-0.10662572335008894
-0.090323492978582082,0.083504608141739073
0.13694676911784842,0.0053995833254612225
0.042837034187683726,-0.095839673650382068
-0.13334016094082352,-0.17689950542339442
-0.026112163819403254,0.087139876997243876
0.10052471578416249,-0.1713025485184814
-0.063584841760041089,0.1098262450272236
0.085116632916320184,-0.18998971457894387
0.071698056344642866,-0.26778821900338934
0.01726106609620251,-0.23911795920694304
-0.19585414678368634,-0.15945501584418525
-0.085517395630889267,-0.014552089896090055
0.028336508739408021,0.27499288961298413
0.1349853450923561,0.037250872729696363
-0.021472753092547429,0.35061613405577685
-0.014987100824810957,0.12462797046898096
0.038984427114030759,-0.15023454776348161
-0.012770749086220948,-0.040151586066128488
-0.046029870835168983,-0.051789996777908583
-0.056890462361639783,0.14021074845252832
0.12577720088952662,-0.0043495770493159917
-0.046298259829314681,-0.18072762893160649
0.058211201326553157,-0.10081325313528815
-0.20253564578353042,0.19044773333921389
0.014277962134988009,0.28746407792711037
0.11013408818982369,0.027971514648775071
0.091934263515975473,0.22529554198912782
-0.16749314484476854,-0.1672524052901295
0.13825908224333427,0.13147041568030374
-0.0054207688398845658,0.17603196145084643
0.0038368730382457644,-0.062701820875828471
0.18429525423086635,-0.097712866314647942
0.16903792642548573,0.24067823038516123
-0.026362315562195409,0.22101670378604635
-0.11074772212075318,-0.15314209632944839
0.35498662608764103,-0.1359067720337114
-0.042863673092157113,0.0073062832574943976
-0.1222471352082188,0.33290283792175729
0.054777588006733206,0.16894658947386965
-0.080951528563314709,-0.036333437865519638
-0.014215931344613131,-0.15024740299336869
0.01242475156432365,-0.16421971278917732
-0.29686667549813534,-0.069996583183146124
-0.022938382355320818,-0.10313035011758831
-0.032874124901435438,-0.016577803378581134
0.0080840722200137705,-0.020342536969228366
0.17446951121467197,0.086864027535103375
0.28849842957213762,-0.021081071794121449
0.18118250527280841,0.070885430357961299
0.24392100596007871,-0.12874937379854787
-0.17702930437769626,-0.0099200032515371506
-0.51678154373853891,0.010406775224941312
0.012494425030111788,-0.21308923479255712
0.28650425218635395,0.048145861283407872
-0.061998633462286928,0.22280749492254931
0.091936772827841462,0.17945741954571387
-0.13154414762713043,-0.00015563354989776956
-0.13174634128762877,-0.12680229550145894
0.22142781188002808,-0.08490456003161212
0.056617717081222763,-0.0080114209100990499
-0.16226988625856675,0.023038505103589874
0.050719111647328792,0.089963460425580746
-0.031299028867253935,0.064523831885229727
0.12438882942011122,-0.043238498363139623
-0.11763482016433652,-0.13840153853758663
-0.28687234047020033,-0.0022469434485773172
0.042789696136465806,-0.17617055320311065
0.16406994199927868,-0.085070247767412205
-0.038144638394438525,0.083347982995706102
-0.1432860200561798,0.28977412849309109
-0.13634307851368349,0.014840166013518546
-0.16012514157598104,-0.12469635397170423
-0.064699118265321001,0.051274369715248035
-0.018644346451636776,0.098844064036956947
-0.041947860381071574,-0.22690992607915828
-0.15504274052256903,-0.0099814901199312394
-0.04593535957875191,0.32721066377532687
-0.12740792727135875,-0.18198835218272069
0.10332584139094658,-0.034420162916602909
0.23200482108026516,0.043047975096797177
-0.21266013590122262,-0.2757735306004177
0.10951240244223444,0.13785008935571275
-0.083550180082030551,-0.20355251877877817
0.187151209725855,0.0026424447730632509
-0.042694089896680873,-0.086809451063128484
-0.094168949992049791,0.14398894972229165
-0.15960841437059192,0.22755234873651572
-0.0289555094635854,-0.35663655055963894
-0.037067305250118809,-0.097360587346414396
-0.21980763680734575,-0.11019417330320203
-0.11018104023565839,-0.13127657077359406
0.095494307034786508,-0.15028281158355924
-0.0058790466837800367,0.32476401393308091
-0.27771593908240216,-0.14813801287070744
-0.052387981227558826,-0.18063394850956335
-0.14654081938484992,0.18671096274646898
0.29785897206593537,-0.157291375333906
-0.17814331341629361,0.20560717793107353
0.012317991183355505,-0.058112094635473628
0.32227480576892426,0.07767030167728857
0.13894223388091156,0.058950357192258274
0.12019654821399542,-0.023671799334971454
-0.016751888733849876,-0.13952029463942095
0.065759748793517786,-0.033543918016178981
-0.011917713170638979,0.065499688497385508
-0.070971273905364313,0.04597239685872602
0.067423236107624088,0.1527008933345016
-0.021876177818237624,0.081284255577453154
0.31392507686790216,0.052794113270050409
0.12344428107394667,0.054434891195701079
0.11290057936511853,0.34578964875976326
0.31104069889880492,-0.15348156106558125
0.13903649995611861,-0.01758306521836513
0.13733513501686406,-0.20734366242166649
0.14453911250400586,-0.076514657461231636
-0.081954859809181713,-0.041758791745805976
-0.015916396313073677,-0.072401807576080252
-0.056539330179167305,-0.0059883328558039553
0.018183330167408186,-0.068003790496928632
-0.24837130866346982,0.32130896830171801
0.084319957835618006,0.051905707443335884
0.24772253983396927,0.07730813110780281
0.15812855215269403,0.033675467262181229
0.45673423622619358,-0.3059059909048723
-0.17304317657700138,0.21520151374969446
-0.0033465690642106283,-0.23840551942440433
-0.12143593370323151,0.073816813458937619
-0.19287444202467122,-0.078774856346614422
-0.005530605015770778,0.0680595626177362
0.051386083216767513,0.011984689958731275
0.19755135226978499,-0.079469598369417138
-0.0089760830780719805,0.16546272540704451
0.0074492759259544381,0.28411010469029546
0.078754780568229682,0.20078781660912562
0.0046826178404636883,0.070596824787841447
0.04185043921231274,0.0019974977704736011
-0.059977584512803023,0.019091601033914714
0.25013432181044398,-0.2006213990946516
-0.39594878795672428,0.3074463065944677
0.22640544915878208,0.087530572458925496
0.091360530536944276,-0.11538489085444248
0.061583254079025922,0.11373547849208751
0.11623309281815591,0.062469976572764208
0.03116864922250661,-0.09456334026857717
-0.034866603842816514,-0.071713009267748817
0.13399724739303212,0.13175614889723411
-0.1228143442309456,0.042560823703842468
0.0051832745932875865,0.15894039799195228
0.070578284144656556,-0.012592223628766483
0.11666712179715656,0.19273274865459528
-0.060493285259503711,0.25539099822970002
-0.16040046973633898,0.1346331237902462
0.38546496991624507,0.1676735827189656
-0.0056625857964049866,-0.057415176604419423
-0.15254692396360423,0.050117921165396317
-0.030967650917119754,0.11593502477944265
-0.067051226910914974,-0.17137025978210585
-0.031442285456229853,0.16502254870750932
0.20515344841115876,-0.098208492358981048
0.18116729418871533,-0.071085069883077251
0.2005764424611135,-0.019090528704822262
0.032543815171233281,0.085505316943129905
0.056204962041185816,-0.14681677569227594
-0.10522535306286844,-0.091430386243468914
-0.19426782796612335,0.032730928777411718
0.19209263777636842,0.1641352423795561
0.0071026003483295498,-0.18650818355867549
-0.11555184766768745,0.12668150556514959
-0.016360318758661983,-0.26757857679716784
-0.034301586464740949,-0.050501963956524808
-0.0011942379648242369,0.030497574281697672
-0.0188007512252132,0.030781342705514116
-0.10630600946217128,-0.0012328193414992263
0.040996072281677273,0.01760347426926619
0.1191055350741015,-0.060376634075155255
0.20189039779316809,-0.2447737680962162
0.036397371252249872,0.032217876436028199
-0.029703871667814519,0.088843122854145765
-0.15284526567058226,0.09729234564873715
0.14360476436379715,-0.13440421055834326
0.14911463399464231,0.02792506402796914
0.13544883522901499,-0.18682553697267087
-0.0016322530058853317,0.14023943406875261
0.26774176239869135,-0.1866728009345433
0.18031484189272973,0.015826360543704301
0.066064644921271731,-0.16210370200287749
-0.076405335207667749,-0.044352799925666417
0.17276012520958867,0.32952963387296808
-0.046970684797214945,0.0042238341858711025
-0.30884684434947746,0.079935663571337412
0.074820401546442331,0.10530652754397445
-0.030878671870988708,0.19944778653462722
0.10801451142337162,-0.16835787002053379
0.18674014269619918,-0.43533749578648706
0.091045179763139431,0.19596753931648331
-0.12622240538557497,-0.040279318618884549
-0.096345665124863311,0.120745846441401
-0.32325019569915336,-0.17139121922735162
0.066687200053579671,0.063647132308789114
-0.34938626742384543,0.15892293201324781
0.20954008933172649,0.083055902202353829
-0.059181321632158834,0.0080060254729202741
-0.0054877578467431168,-0.092633033543095836
0.017612597603817302,0.28429371187028468
0.086383152462637738,0.20196333678275719
-0.0079714741194203999,0.055459398010789175
-0.37565986311777333,0.0252985780589025
0.20134662253621841,-0.11516658854320784
0.076835566528895477,-0.018798709207293353
-0.017167467744870886,0.21665651848957038
-0.22904375810788591,0.13815418595100498
-0.0004982780810819349,0.22848820287287941
-0.07759270563710341,0.038758485496737931
-0.27094478083205409,0.14217524643977383
-0.23288271871657354,-0.064485986391935632
-0.019273428512858147,0.14183272282104745
-0.29136568410884184,0.041078480327756614
-0.022673784020119995,0.2153103660821411
0.08080643143570139,-0.12712204488410142
0.15693414641671297,0.050704834579227018
0.041545584897964741,0.066856970669188581
0.18894832675968981,0.17578902010227429
-0.11018486974942054,0.031193166600962226
0.028620313489617612,0.27726109777312796
-0.12703025205992655,-0.21840332536730417
-0.031590549530751508,0.11859954094505348
0.060910454750529489,-0.16600483186756967
-0.30828267786025432,0.14852281080555538
-0.10583173040761616,-0.04517263129409662
-0.024159490211082265,-0.14177228092853372
-0.52850595960942703,0.096179443608786622
-0.01801013276408241,0.15493634276113699
0.15443902894248984,0.061459105114508195
0.1040732832470215,0.17204242717117635
-0.092039681735326062,-0.16144345746410158
0.06951008515299642,-0.1420594447162056
0.058882373215081968,-0.045755502240391779
0.10311172268627374,-0.03517748253071741
-0.0015451205657001043,0.29159634284184632
0.1270017021776528,-0.19556829821010807
0.11445102094698037,0.003971634074243645
-0.093935758814285189,0.0075983233752513505
0.041984242010282155,0.094023058042903729
0.11215992180959497,0.0254526116552466
-0.077318468167797375,-0.12451572541844545
-0.078776155190374217,-0.028536547805290618
0.22505204045608457,-0.24724561789566185
-0.24672884470210504,0.074273470336996938
-0.10011083722488406,0.08952909739004776
-0.114309813545812,-0.074022564745858249
-0.053457615157454182,0.2215359263029878
0.065988542138736311,0.063119987561732677
0.055470216074383988,0.035879525598075612
-0.17624178916495947,-0.13691261667179061
-0.062607828256114523,0.14784949916890275
-0.26777790339414353,0.022809692735135688
-0.020736350116625942,-0.17323862744751745
-0.095770917465914887,0.030513787527901882
-0.16016669409045167,0.10768949715477197
-0.04947315706055997,-0.034371585140719654
0.14242354228912565,-0.17209198008832699
-0.21806395921107952,0.16282555588035744
0.32518650734965515,-0.11016206642258193
-0.1899861639304487,0.036271337813092046
-0.17694322447356539,-0.10275797116832203
0.1215253864776428,-0.04184998038410908
0.20121926386630004,-0.039576604623572889
0.075380190354790363,-0.021407203254973448
-0.030494304789562224,-0.35506392916099677
-0.15670174838428777,0.15201206475211512
-0.1305097063655011,-0.032924543804909778
-0.19829930391558231,-0.12712065477589735
-0.0076958441894794567,-0.088461133730190461
0.10815312599328385,-0.10454185522480941
-0.24557221372058333,0.13389613282635354
-0.028032187081307617,-0.18362773725454207
0.0031728767776880635,0.15565531033274688
-0.1780269378665971,-0.0021287818870471321
0.16332301819910272,0.10174622338534553
0.096505446570408521,-0.14387722416614016
0.029626668805446014,0.085045771160818476
-0.024172434553488352,0.10477741251801777
-0.068721022437618615,0.23497938345778871
-0.0020638883477184468,0.011070868259068256
-0.016500477124123943,0.14157287129729454
-0.11005008861822509,0.04474396784353199
-0.38777748128082296,-0.1226496271341974
0.22401913819712399,0.078883070910564276
0.05269290417939388,-0.20941489511022046
-0.16117921879709479,0.12665422154416683
-0.082501867584345967,0.02993225420124189
-0.010463069460930221,-0.41178649637253067
-0.075627158660806909,-0.029436240049983433
0.14982320765288448,-0.15266295085373768
0.2185321169824839,-0.066873565603261131
0.15811339179166381,0.19770932087660886
-0.14551875558045513,-0.20039329980809861
0.30733101162757454,0.031673910727577033
-0.10331599990880598,0.20209300320159082
-0.090007972651806434,0.1312830001816708
0.023378791434234429,0.20076657000590695
0.012528236487714122,-0.18936861580780245
-0.08859394676297741,0.017725219446967529
-0.17222110095601365,0.11412491040087024
-0.0064275482130509856,0.17092821550662804
0.022115868068799727,-0.057785825926331559
-0.087244293238637527,0.027250067326054964
-0.055135815368875775,0.045693345135755181
-0.17434571128953044,-0.056972966259655859
-0.028949469105207827,0.28948539670367229
0.013536801122674129,-0.13864362772238378
0.0036964016070679612,-0.16517305862078857
0.081010905682388487,0.19889766175919621
0.096358386960123416,0.033393910903552017
-0.0092106634952878463,-0.059796596668311781
6.416475873546327e-05,0.058768041914328759
-0.23134555449432295,-0.13707126582321583
-0.053061086664343046,0.034487961073164188
0.016153629705320565,-0.017805195050166166
0.17991294940101646,-0.17221470137084391
-0.086280392058501687,-0.1472965865509317
0.14151029057985934,-0.13812258110072839
-0.19688100983419132,-0.011104021368154953
0.050915309572855186,0.20533118149123852
-0.0085324910867869141,0.17401404180212129
0.23081703572683943,0.069309287556573909
0.16113087585015529,0.012397276160130621
0.083089616714363004,-0.060487644894749212
-0.071750544455999446,-0.27802496962023326
-0.17991420276349074,0.049243349221907089
-0.05304679081103781,-0.024868097150957863
0.23232513503351665,0.07859198652234782
0.059645070055601407,0.23216896405873541
-0.11526973460312932,-0.15650444540135522
0.048484118374673334,0.1289427954628046
-0.31459778859310072,0.19716972166246394
-0.0070146766083231957,-0.3712326743281984
-0.10348859592570352,0.24864084758020999
0.025401496130672149,0.14370327162230367
-0.10207237579446127,-0.024701592922028854
0.029335822509873356,0.05336715220815088
0.13363081936322938,0.17167083712145759
0.072111353189883043,0.049424768698808047
-0.0054489678440040011,-0.20279448946524001
-0.15125244972042051,-0.10042670877809343
-0.10606441254497039,0.0034691327967658154
0.074041267660126267,-0.039048097220608959
-0.193373521458582,-0.14244229243630138
-0.013215099192586162,-0.013273391379544981
-0.050201979359196743,-0.085854165590050616
-0.023802161804198186,0.10619752966008393
-0.011584627757403402,-0.14600942233203121
0.032399024850853317,0.015145953338867753
0.21812627266462892,0.1125443824193378
0.18522420182684338,0.027097478012392106
-0.080444068457231968,0.077545340113938696
0.23308056188629508,-0.017369668747810294
0.1313628417176296,-0.06648107862359913
0.099934016261846295,-0.20411210166609373
0.083499982755517066,0.12741535822427486
0.029659805099127561,-0.0085076976589500298
-0.074413679549285253,0.11414301167703927
-0.030632659958836395,0.044546373795134354
-0.21665590567053999,-0.067849460481541682
-0.12823295902481593,-0.079847251246257828
0.13762711967085062,-0.22979667975698534
0.13102336933733619,0.047246520692420822
0.19602286128927093,0.041217158802007263
-0.17797251042371975,-0.13071077715740631
0.24427721667505017,0.1823642881012966
0.05340089429137751,0.33600868194092998
0.18822050906123444,-0.30261595864894009
-0.019099253415067699,0.15548344654606541
0.017125446849487889,0.1846949159034541
-0.19225633414629248,-0.22483551134703261
-0.080133580750077163,-0.15497922852134788
0.036044970870781033,0.34515148972087739
0.15875335466381987,-0.059013396843658458
0.087929506597288029,0.04142916343867846
0.094901177793106153,-0.24287562216578507
0.11853819427538174,-0.040522988035369252
-0.27476445834027924,-0.28462362438585326
-0.14726696054066807,0.018421436049196938
0.02504673546334045,0.11019805971181974
0.076419761608054068,0.090983805009006075
-0.071423310267239651,-0.1229023489688994
-0.2933776890506346,-0.10594753930401865
0.02172546218170595,0.037949157906639532
0.093774988135541221,0.02225904006360763
-0.18347711857955581,-0.086591668940257965
-0.042337953095761313,0.062200166311344458
0.072286910339448743,-0.17748129829841083
-0.05529320042825505,-0.012067180061104322
0.13635976062985738,0.067862273610246993
0.10589519893207333,0.0054548371072503966
-0.11478605628323425,0.21677996766350432
-0.048208938572519525,-0.036584380077430645
-0.057011856255744571,-0.10077117179028802
-0.048175801220737668,-0.068689592256989507
-0.043340438258005397,-0.20303671775065588
0.14897885811528841,-0.093932644837494611
-0.064747949729766843,-0.0083356316581918131
0.034520721675098516,0.18509860882459331
-0.057695662372454957,-0.21022376875835169
0.096389737719593527,0.05568534093156937
0.11559381576100283,-0.09773254374035642
-0.13584975302864979,-0.14769462036868197
-0.29964312518103903,0.34556394247598943
-0.0063575335481722102,0.11511012157335951
-0.18066978288418201,0.18001894464227625
0.072172705396078438,-0.050927939349315637
0.25830065219747167,-0.033794711659120645
-0.061785365994132875,0.11931271366570362
0.081087129611275066,0.24847063290964788
-0.37384619354433213,-0.17728684352227619
-0.13787251466398853,0.041408573583092537
-0.24792656990851331,0.045848316593752374
-0.034209099244014093,-0.0080483481539882617
0.35286340974324765,0.022881453807258614
-0.12839855302917161,0.12466644945497646
-0.013452409575477676,-0.23850312253994396
0.11439171286855959,-0.10887991886980856
0.077466840434836218,-0.047202424755211962
0.086996902985157706,-0.059521200443158763
-0.32088570571810154,-0.10246939492599694
-0.048774672614838394,-0.076284161168057862
-0.051679630465990507,-0.10020583320095312
0.12624585600588398,0.20365920245733823
-0.033737378984253198,0.20196125711414153
0.1045817312360018,-0.20516777091029761
-0.044145149533551309,-0.12011683576819207
-0.11176899301834636,0.29677725819905904
0.22739995992297829,-0.1269642664400151
0.16546484417367735,0.048105463801377701
0.17582595065230319,-0.027961187457190898
0.070620166852156219,-0.028723326910840227
0.22820061112716625,0.061684756362387995
0.03798268388718086,0.20480242842954038
0.0020547009190102642,0.096176739269843228
-0.26993416625091421,-0.178265247753115
0.083646983582291751,0.071297855849968186
0.19293197097624032,0.0447367881981377
0.074083692371219839,0.14155904315198281
-0.007631894891861302,-0.0742706663477673
-0.067810092172926661,-0.1103216798991309
0.15440228673026823,0.0029165879488338062
-0.024415438252787577,0.10291827375279022
0.034332103455208804,0.078345106246581711
-0.1477988371931015,0.098556252797436794
0.078915057312155507,0.072792610995657633
-0.13210675456263959,0.23524033057896845
0.05079659747800179,0.097618801971961142
-0.080380052333965377,-0.13074010136849484
-0.19256902367273476,0.011483404126573643
0.041438704399674529,0.053670651063042217
0.025579856515207049,0.020814333960117545
-0.24827452966893945,-0.23896962656274978
0.29509146023886151,-0.19450573853734973
0.035827164046377757,0.11835006758356691
-0.0524275794549268,0.24619054808208907
-0.1194830067316283,0.26127205467541492
-0.1970117234552157,-0.13755412168336301
0.23146847902950241,-0.12639666915457004
-0.049898536068644118,0.022363030247491079
-0.14769112542316643,0.02295755087890794
0.020922592124315364,-0.081561483877362492
0.027630549812064441,-0.054284004989351445
0.15695583120736897,-0.048054119472679249
0.043607498316068069,0.021563321833777328
0.031151353033959574,0.09697974312040393
-0.010528676034766909,0.17463584626302001
-0.095235085388582122,-0.16394079059942276
0.067573269858414275,-0.097351556393407687
0.27221765787532737,-0.13850928288119141
0.060929811381895321,0.12144042925143211
-0.016061494097994615,0.38102662193153491
0.12155674483483335,0.048543708179979196
-0.097429951480222765,0.064518460802587593
0.046154226713037892,0.12300977664298407
0.082698909558770115,-0.079928615943742898
0.077782878589119045,-0.089293745597150462
0.013959657152237523,0.021828982486495934
-0.047250333601010441,-0.14815191229217706
-0.0052945860782699257,0.0042606522848410797
-0.13930475236432721,-0.12987992297044101
0.22475221747426916,-0.00095590338118064859
-0.09012876229529887,-0.015920420554588657
0.1116756143323191,-0.35596501536233899
0.0067403323404102971,0.058492934146892349
0.067204795089069541,-0.26166988895310461
0.011941720516103307,0.1694543066705248
0.044447460170270972,0.23497510758309406
0.099632088685579087,0.013190341798600947
-0.16127606002033473,-0.19864447810646502
-0.076317298848378262,-0.018465949730081789
-0.1757914137926859,0.14731373113087506
-0.14164011095165358,0.17181302786285582
-0.16444665745367143,0.12785995283957188
0.33238026329433962,0.14133735647960083
-0.15592529390785123,-0.027462762546829608
0.17507581927282889,-0.2951499729902296
-0.066964197799964972,-0.00407208804514752
0.15394696638357927,-0.086159446936432973
0.2100856287489232,-0.16071667663825848
-0.0023309863881696819,-0.095422870050988193
0.044249815561025613,-0.15414189180039609
0.11533462980934894,0.080983181232758147
0.25248618495798719,-0.36080991298412662
-0.10837042027547152,0.037424789076367752
0.01534732616989775,-0.14297243775369967
0.094590923748173919,0.082034208123067345
0.22230622778927683,-0.014360481237658035
0.14189133026102135,-0.05453884137242742
0.012335974564700414,-0.013351145958687248
-0.14779817190557737,-0.048632883622809403
0.061191970090530214,0.22522872791381182
0.09165335187013654,-0.11540990286780681
-0.09949567657872499,0.10721744829537329
0.11668529307656406,0.00014858346010167143
-0.045638704362473886,-0.10441399880563659
0.054283661697045897,0.061016861212097755
-0.058773199090414355,-0.19887374741381814
-0.11554688741220152,0.17385187137785571
0.18715402268411568,-0.025237158863096396
-0.10468200283956716,-0.15000909978373467
0.029777443571359825,0.27254772126254895
0.23234869673335715,0.2482173739123478
-0.034228833633391804,-0.32368449319222958
0.12699061853012844,-0.042722466059972541
0.13332422113834683,0.086594079873631394
0.0221426229765753,-0.038028440887160266
-0.14888970836107765,0.071389330926009534
0.0028761698786016147,-0.016308305344449676
-0.17894208252933747,0.038431616189375559
-0.089071197915226274,0.072648963413285583
-0.12622133093297053,0.021474021496424425
0.020300559749185154,-0.026683592143362335
0.25792082207847777,-0.14209644410987243
-0.23951125615821522,0.178940773396357
0.069032614127288491,-0.30450408026083037
0.13445974344529391,-0.080876849286842814
0.17910797918386689,0.11049020419463515
0.1690173696792566,0.255809316732311
-0.13772834944984147,-0.14185148909858655
0.08092588422281384,-0.057556066944857764
-0.16466470011091508,-0.0054673496281958103
0.12062265870665816,-0.036507147216749719
-0.2402253073130195,-0.37983094415254098
0.13340055790958111,0.048363437177049481
0.14224731354308823,-0.13749221138918585
-0.024323853677542751,0.048489926406522207
0.192187269731042,0.078226480206589372
0.20907527625286643,-0.0095455568645397403
0.088990425822903577,-0.059171436314462679
0.19398856285292679,-0.017626977537796885
0.33399032969580916,0.30670605867763079
0.03091444506599678,-0.059249075340597125
-0.15400759923456087,0.008649877373575093
-0.059916556250568055,-0.16044815281682812
0.18398156288478856,-0.07691519741686198
-0.041586400528597495,-0.097243015854555179
-0.070235258626243996,0.066817019227381758
-0.072928675878732085,0.043243452450528602
-0.24511918059159971,0.045501758038119955
0.12731687700912944,-0.016900693611094097
0.034834103781791609,0.15165366780824843
0.14887242962806199,-0.26202856061456242
-0.011522715269513218,-0.22799821421207273
-0.11685983906772296,0.18136487379052457
0.048338030639987262,0.00059362864746126767
0.16177564188872823,-0.088641250917440378
0.030638988954816759,-0.090139031955861676
-0.15168602437864748,-0.35521491434626923
0.059926105117183652,0.14988204195499299
0.17009829679618055,-0.13412365076533511
0.16458461591065399,-0.18741760315174127
-0.057271596157589408,0.065823976631357486
0.10452986511408369,-0.028089192519092039
-0.19551441424370475,-0.1960286813828456
0.11461043452795326,-0.12254946977774535
-0.12583797113454268,-0.13979001249955328
0.17825123328022835,0.073423333360778206
-0.098176322290200818,-0.028916574943164238
0.0070273881901772618,-0.058826580114203074
-0.017981531770076557,0.12699938135784414
-0.077094253024174567,0.17588205161294254
-0.078059312094098471,0.088713440451399922
-0.33034176958935701,0.16609923936498797
-0.095311120435332145,0.24572454750918163
-0.19847884136389157,0.13506958846559361
-0.10280558718947874,-0.055546399329810488
-0.034154402500326558,-0.062034481423149518
-0.27533993110576538,-0.13056706512459387
0.47203739199438044,0.054991312536961406
-0.09042329307153027,0.033754176681643343
0.053610482909197413,-0.080105049047118279
-0.030015821111121693,-0.010666727711130988
-0.096836423333058294,0.037536508111209808
0.0026366092081724964,-0.29275114593891477
-0.15537951333664321,0.22088154775844476
-0.014614882976781015,-0.13035427311918937
-0.17453418241095001,0.065023494921470859
0.1331058576553755,-0.16889082474778008
0.08115590247587344,-0.10975393793622355
-0.1585987331144757,0.019670627947645587
-0.038793443944425486,0.011871651938724564
0.14683740220770031,0.078138017542216276
-0.089863396491000419,0.022965465032290588
-0.11836413696722752,-0.040541045099525386
0.061927739107575888,-0.12117195644074789
0.12033917309596366,0.09042351861948375
-0.027013686160404712,0.065956879555602727
0.070539877769743839,0.074854627788780007
-0.14158785704541582,-0.22360422224026721
-0.12086498797569623,-0.12281801599393161
0.12966972983062006,-0.038374083398884207
-0.1013005285180316,-0.10197860925993836
-0.10562209042652923,-0.054043579132242524
0.035865955687367383,-0.007844956957884822
-0.050887605430547864,-0.083839064809263716
0.0064758163717673935,-0.13100404342733418
-0.066454279957623208,0.22435049015361833
-0.26103150161083449,0.25045848998875619
0.17431335726592045,0.04303493280086633
0.017393947372558859,0.10315026898702387
-0.11562964596265919,0.1957399402916454
0.17312017510404171,0.011538307832037711
0.087374337341775257,-0.31595123229949484
-0.079172212904435546,-0.16597660997425062
0.079319649699323022,0.05938306216379708
-0.18799991179951678,0.0053299345415016913
0.088494304673930616,0.077793141088937798
-0.074443333799602301,0.23526259792714965
0.056193508120213981,0.028020919200194255
0.13149457143106613,0.11445029538527954
-0.099442987781669559,-0.1751423914474837
0.15102445750634191,0.052312137556766065
-0.10989291247158034,0.1232111966431647
0.14451984778806373,0.093314465207968683
-0.061499879237406484,0.096461133039331834
-0.0046133257362814687,-0.18478920885705544
0.16204770251362968,-0.14234652596155498
0.14419231940666774,-0.080867606917711901
0.077869597503826313,0.0023579211589137596
0.08031950889367806,-0.12392613480072304
0.056888015549362625,0.078713585514414722
0.079258844238172921,-0.098906298100028753
-0.26789092797174069,0.027386801084209381
0.14737858312866745,-0.20159616493208146
0.15456665538035244,-0.18473853422029676
-0.039227066383430251,-0.082269074597051975
-0.29705044925982355,0.12199880955364184
0.10708566186645697,-0.22828053629684975
0.084892656423324539,-0.19474351695247299
0.033338462617446211,-0.047379940499263265
0.18533835389712341,0.051641288708485208
-0.024280699210408534,-0.038857425795687128
-0.13783270290621377,-0.18188785185982481
0.10319457863081367,0.24415555817039125
0.11625211056606506,0.24465655049767993
0.045972564016285668,0.073390263545595788
-0.078434494079689637,-0.076081268621214684
-0.081924166384033006,0.18003032467396393
-0.028123751440503712,-0.074428612415782414
0.019214769850507976,-0.069356300310446539
0.068641462545143514,-0.070428083647787229
0.095528459893968895,0.035570305386417811
0.056873939426714107,-0.077878879498145384
0.2406864196117342,-0.37048109435999449
-0.080344943746323269,0.027967304466218174
0.11909510931106226,0.022164207538580418
0.044077213047468339,0.0056994575520435886
-0.20466237164406414,0.025960911974981959
0.044948662856092808,0.27976608891775073
-0.06247439020701042,0.27833238004317828
-0.090032336020699863,-0.15281089380722968
0.16636848409291385,-0.0011914280164755868
-0.14296104069850543,0.32557057119397048
-0.11431196441257746,-0.038543085979095247
-0.19780471306302694,0.00063994433051381406
0.19472745551508414,-0.0063569813397000591
0.09871770193967766,-0.010254189115915441
0.07398339853808146,0.082927707382861537
-0.098848797371971844,-0.077283383039169193
0.24957868991997398,0.059100006160545351
-0.048699316754539777,0.020089778206348517
-0.17716576506383322,0.24687640265183303
0.046325179091356028,0.097145073487045222
0.03004866260661896,0.025707505192795271
-0.3168825914138314,-0.053854345863352665
0.071088609163588473,0.057953692630928956
0.068643817159223589,-0.20957706662817707
0.19615477065253287,-0.073871972025384064
0.0830345581733309,0.0046719419991556469
-0.065785896404883595,-0.036620887890423288
0.1333178481116,0.053905038280583503
-0.031415033312210003,-0.071887798775655015
-0.00045787874104147769,0.22957193876309437
0.010504102504750359,-0.11045695418770232
-0.097902408535895283,0.22538178755517541
0.059969132605750701,0.23013023578674413
-0.143607494151332,-0.096883223142750413
0.0078322661643509556,0.011999094479219603
0.18618007497622041,0.24392153909204928
0.28076508933326177,-0.20391758514360184
0.036374443050028009,-0.33899991009564984
-0.14912813602010347,-0.076539350589290317
-0.31691732435519659,-0.01056121678719029
0.11919206288286027,-0.075643904269551213
0.21210592523646837,0.17663521742113056
0.11320511115111304,0.042437960533002139
-0.013972953362008564,0.15954456689765095
-0.045276055783071208,-0.10963002758583185
-0.098654822876751175,0.10562081034551339
-0.21897566584398803,-0.046954741605592314
-0.041141814226659336,-0.02116490202496479
-0.10757707449103927,-0.14934420914783855
-0.13616957446572178,-0.11246440710254567
0.11327284460645796,0.075032016836822493
0.14608782937818818,0.084764980837665566
-0.023465959482406148,0.099775699957149772
0.29768699086798567,0.043732781163836179
0.23158331998547335,0.21489147007564954
-0.11973136855644516,-0.049029801303898432
0.085505714948967609,0.0052204864144204163
-0.0067001286517236096,0.075384770665552686
-0.12475130803583812,0.17783799148906765
0.026684276216413103,0.20081318243358087
-0.028444097343739979,0.050399868817334985
0.21124915806748801,-0.0076183723227716089
-0.29762691748621456,-0.044002748308932749
-0.01257464726837202,-0.12280214034920854
-0.010705612267581438,-0.15527493957999819
-0.0061684684535499371,0.082199884596932463
0.025896737818639579,0.12025961647973497
-0.028144140618839169,0.0093957590880950903
0.084908721002462759,0.17962139918460629
0.16730259074263951,0.0025502222424531678
0.13023664958474421,-0.039237559141269827
0.12285183297886881,-0.035310700428578375
0.31417883114652267,-0.030613731395902517
0.10491365883968502,-0.0050177430239674572
0.067403361289228705,0.23471918910943687
0.11496209513933124,-0.054716286155833765
-0.028046502726355942,-0.20254233262081831
-0.20274011790908611,-0.26863926951764627
0.17980619756663566,0.23190814399020346
-0.068261008236428902,-0.0088989703440606333
0.20082633812867928,-0.080247596135269147
-0.3540873152194205,0.26757245410446173
-0.21553903827754214,0.018588356055580638
0.21014193318421068,0.12393101101119725
-0.045493880108812237,0.24078892650791059
0.0049402722352412266,-0.13392361574382161
0.032702912181323554,-0.055132519657480505
0.18516939578494762,-0.015920790408223924
-0.11613518675244067,-0.082145383307835787
-0.059192372279886732,-0.10510560618543968
0.037462155736470583,-0.088093205209576989
0.17938485923392203,0.18954999593728866
0.24913274980785324,0.03708493986210578
-0.029545024510084165,-0.17022493219722748
-0.31464552582919819,0.20745230554052543
-0.041032487415866459,-0.32156206868503723
-0.23204046589582616,0.011227948685180247
0.11311049041166221,0.13800078538930016
-0.22372689124096565,0.14192441562139094
0.32341262988500979,-0.12765165613535437
0.31202179829008386,-0.11551320941544201
-0.12918241482611209,-0.12835316781915221
0.15956904110892139,-0.060466579411849575
-0.081297803317497142,0.15253160211681283
0.0060777321217431899,0.40065319903246827
-0.031271634536050842,0.10944754964789805
-0.059364764543734468,-0.11597281241678499
-0.057522111280752755,0.068797591920864765
0.085488699262469783,-0.11438148150811776
-0.27692049525833162,0.027144235049517462
0.086962514734809787,-0.0053871918044836467
-0.030122413407028661,0.143897417909498
-0.14357420704252524,0.038857887579862145
-0.069196868122955904,0.068133691993160161
0.085951210240896775,0.010621945003981186
-0.37389976414003195,-0.1795293227612047
-0.028881070122653996,-0.10275463768451874
-0.2065551483334091,-0.014923311186879441
-0.17227638438771947,-0.096881771727966429
-0.029662295314083695,0.026659096907170148
0.11872780825311995,0.042964548453910914
-0.11526824453609255,-0.12323209947677867
0.097575637801068676,-0.033944463194954339
0.12260819282140581,-0.065668065477923712
0.043257008458778931,-0.0095641423191852506
0.095590628207248549,0.10729711757937176
-0.12121749909898932,0.16606636601635613
-0.1723519282413285,-0.15898447096669885
0.10143780229961991,-0.086567357495214284
0.068570054697146388,-0.054131232750699435
-0.17622063454690925,-0.13640358944409842
0.18924403485170269,-0.14838161084098786
-0.031162087744378751,0.068524404770131331
-0.022833389280715516,-0.30308556056764346
0.10984116927683535,0.01050262870236811
0.15539464522382854,0.22258178473352022
-0.1530275666780864,0.02279171996537797
-0.11292755589904928,0.25687849524811496
-0.031728834053571423,0.0088385812183582706
0.17932544147679225,0.12751424926756283
0.040959620771541153,0.01492367109643008
0.039086267536097341,0.035933371570995194
0.10417690160168744,-0.12259185099944216
-0.022753179561181225,-0.17915576102054731
-0.015076349694391467,-0.024987780637905604
-0.077064344500964721,0.18305666090491662
0.097943578641119092,-0.084309196549304938
0.11949299885817655,0.075342671251114324
0.20750515859773355,0.12037244438413025
-0.17971252612108463,-0.13466646103112459
0.027905448066525521,-0.10658378117020074
0.054659694454738311,0.0064174828313410216
0.0654081632945029,-0.013209947146660612
-0.16442320193075416,0.076546026804258066
-0.049980009524125103,-0.18981750559431856
0.11656461937824812,-0.066029373538377012
-0.15974146790579258,0.41914659990452635
0.098663743984033686,-0.09080185608181969
0.016102541178544597,-0.210272132815262
-0.1302185610659882,-0.1343597626147699
-0.03497421497522836,-0.056553796624788877
0.00096539134207143077,-0.039819170603987798
-0.0491677486483936,-0.13439896857395126
0.12702676950576686,0.27305780541111235
0.12728373314476085,-0.2098820969545202
-0.034949207318593078,-0.089247816571140282
-0.12588231356404667,0.046847066853875831
0.1780184104557736,-0.098034774938897784
0.17016432148958202,-0.078577713448790887
-0.0068359612304895057,0.1453417272264686
-0.12272663092306337,-0.029244276144092432
0.03690691139523624,-0.071548037706660281
0.31339963395151038,0.036380825226073298
0.046571775838399415,-0.083060777655489956
-0.14945310837483519,0.045846658567272741
0.39878896156956539,-0.24989870582370496
-0.057238301405670322,-0.11901073018035367
0.35529091979057653,-0.16233679770099893
-0.16439733494100514,-0.1840629885259743
0.0072371796845738653,0.15590969266809349
0.19441571271716021,0.13533643784472715
-0.12723067979612304,-0.094366179840404255
-0.014024989134235727,-0.1184062752201034
0.015564574070183362,0.18914658326511571
0.051158569667545624,0.077180916845332515
0.17629591640373135,-0.064675740388620784
-0.13120903328869554,-0.084532589380838047
-0.12564592877000932,0.010270208210658389
0.2245625607004437,-0.044365039187583943
0.01788132182036847,0.0070688341791222305
-0.056388860257103005,-0.11663790476171602
-0.14414802806703408,-0.24675576913746464
-0.061217725213097304,-0.16057275982645075
-0.28632491208710603,-0.20708215853758377
0.18881894189518228,0.12080517590602406
-0.19822392331435651,0.40417766111783759
0.21866535185669583,-0.030190322494502538
0.075669706110477283,-0.051331644614309148
0.088921769570513343,-0.17374811670595061
-0.056496250269638518,0.12515592608659137
0.1251994569839672,-0.058875097170689179
-0.13418310552060658,-0.10592647803407547
0.082002919670632071,-0.029643750154491142
-0.063782121522953622,-0.030102601207656246
-0.11749454393618264,0.23319135862576076
-0.013779109937119012,-0.0085287715543898579
0.019093091562865119,0.0020964956573991033
0.23786544366448958,0.25449700459614916
-0.19791831269379323,0.088196997171237107
-0.054813051460933987,-0.087751418679825194
0.10707255275073295,-0.15243460423705374
-0.037946732347273623,0.06404578310102195
0.073889880789553039,0.11563039710531688
0.15837821781721442,0.19637154532335147
0.013441536739824109,-0.25431798168985847
-0.022973327348889253,-0.016574715612131884
-0.11939261431684012,0.07099145326068261
-0.18728509653940306,0.19955615044956759
-0.19599975773906994,-0.13218981969110324
0.031753946471440524,0.17582156401590679
-0.092859853136181031,-0.18829869419522066
-0.10152218941175208,-0.26735179945416226
0.17908146044236745,0.36654720970498661
-0.21640926468494098,-0.071885989254383748
-0.1755608237382732,-0.0024601593790854995
-0.11074804188447435,0.020063807541384052
-0.19827877760355733,0.094432553812133904
-0.063789989595961216,0.067241415158090817
0.0066453653324159154,-0.0045057381889001104
0.040455252680696357,-0.25733303377550315
0.096797522126182034,0.11145428091563586
0.07539401562651489,0.21935247064833868
0.033174674684779533,-0.013841419472318046
0.1085682866312388,0.04149949194826049
0.078187304177365566,0.0040231644613581809
-0.083740181856378451,0.068813614330443612
0.059963262386524392,0.0012232497172789162
-0.16143141341123315,0.13141748321081087
0.00064185943695760047,0.10219577613381381
-0.082986010394469914,0.024454478213910859
-0.1098602985514744,-0.034156653397181221
0.084994504366819296,0.20318437988776464
-0.024679217160399922,-0.14859097861620479
-0.081528485080594404,0.013135375087060136
-0.067040319663408066,0.01913059147982904
-0.1067138036481681,-0.068941588772795936
0.050526254069924642,0.15855221698866631
-0.13869482155806542,0.068452645065114989
-0.16881751871387576,-0.097291969367827136
-0.07158428958382515,-0.14594168548228859
0.23312942111910914,-0.036548288722053478
0.22837624069188683,-0.014858588178182358
0.10870321766986905,0.18099519546287146
0.20860286352448762,0.1846810378363542
0.0095462968558072767,-0.084523432515555622
0.21097593165816894,-0.25862406413416916
-0.052311330540000804,-0.26265258634486172
-0.082718591039235748,0.15079374408899873
-0.11440677535414344,0.37332283819991013
-0.29551533901435428,0.029944386192954565
-0.075555656244859395,-0.017458531568937417
-0.20443424381595252,0.33591863370546882
0.054228312896352819,-0.13885132235681782
0.03044347274895021,-0.10835118514246522
-0.097605138345942033,0.063165490114943268
-0.088184100926845657,-0.26440340815065838
-0.10756959290176218,-0.078629693027667216
0.046833671781851015,0.090530040211979829
-0.03448253923806497,0.12197585152488878
0.19748948527506688,-0.17547461970178937
-0.10854296793509745,0.2998130757912289
0.008435694667610039,0.098855210413336822
0.079117241827886736,0.069448372441174397
0.033102053798108592,-0.01612379081415834
0.12667286752842749,-0.15328468802303588
-0.16286998151783227,0.19644940492708621
-0.095089709112862963,-0.034036121791539004
-0.052060326828144494,-0.031748298508106711
0.065565326492138906,0.093803213350760944
-0.014647688663963258,0.014856669873986058
0.034872742390463264,-0.10483350464593306
0.29239425946541941,-0.30199009914071917
0.1806015424618494,0.04030692438861231
0.19138413871669488,-0.14354923123073882
0.02209235015750927,-0.14817882816619884
0.077841449680944183,-0.16128135761876577
0.23825841729049851,-0.20854454827786573
0.063198991393334819,0.15174695060111071
-0.018172840808201911,-0.053719348420536835
-0.019015183104249041,-0.055974290293042787
-0.10439292803848542,-0.011874523593971925
0.097631735273038603,0.21307531186615711
0.11759066501951881,-0.0741015791731333
0.32755757462501167,-0.17507525106017452
-0.088722029731104476,0.15542098389861098
-0.34657708847253943,-0.027713798608597118
-0.12554413002809864,-0.17531293023845756
0.037632713708037564,0.0050524237928940676
0.0052085335101167028,0.27303066691531397
0.0060105429073650327,0.14658372815894002
-0.10890410733783493,-0.096617347252591745
-0.14716959735136922,-0.44470695108724861
0.032923432496136724,-0.032428539204018794
0.027399803957458019,-0.0053879937371061441
-0.11308307896291947,0.21440711353317712
-0.050835488965838047,-0.066604406010293771
0.18575238921321183,-0.013524837732171986
-0.16525369658471595,-0.054422425327767934
0.11684852707721545,0.21674761563820596
0.072385229846392007,0.18578888902762608
-0.06085135998191437,-0.10135427345707061
0.014362772416401064,-0.10045074432382131
0.068174072733171581,0.12795916644782235
0.020599724866486004,-0.06873369840466792
-0.049137592755266413,-0.20358291703244194
-0.1455039078189875,0.026596487873315838
0.022701593196202709,-0.103198726794425
0.10914056987747517,0.11035230340958918
-0.0026307796643536933,-0.14953193604435205
-0.083181890118377164,-0.13234272525435709
-0.021968391826365459,0.056264583768415581
0.0910266758938406,-0.094558452782453339
-0.010451476216969376,0.10599311481040774
-0.11426340773886558,-0.033855781395755097
-0.010329561828503787,0.26213874153447608
-0.030844595530102686,-0.21180557505418612
0.11351153648938871,0.14541219774822442
-0.031547673700156917,0.15147704889874405
-0.08686638772328216,0.03102352558671952
-0.13607364721457596,0.15922649615166631
-0.16655762601372051,0.14517779261030542
0.053284669985645371,0.27418572801259461
-0.045978231735119043,-0.11590206113492525
0.0033855874754410097,0.077725036198163941
-0.084847724671590713,-0.10101907308691914
-0.053455840956845309,-0.10047196413541573
-0.089184731625424146,0.10067722447549431
0.030747824123140002,-0.05845189232886671
0.017979456481694741,0.08337776136692604
0.20251630974265886,-0.023504240590997406
0.10312689297617114,-0.18266972999669856
-0.061405283596106086,-0.001097150963547885
0.059912717099606154,-0.21880347401831024
0.06054917544147783,-0.2979669751708281
0.098765989377427005,-0.066358015744434035
0.19819610654635472,0.050809344202135974
0.063253603243374631,0.071870352855682967
-0.049146027373896992,0.2594841130897701
-0.040638510654248818,-0.044758885174255809
-0.080493795212817909,-0.12508940147709305
-0.050692246651278638,-0.15095664183395296
-0.26157420125392622,0.11476506548994023
-0.1694735609016795,0.058007529265900762
0.021573545879374934,0.062563345260026493
-0.076823889920047489,-0.20296512018701904
-0.024149395834118705,0.070290866651151751
-0.060581831911900946,-0.084186348937734717
0.0086509169443496868,-0.14539673001336378
-0.15568634185264957,-0.023820617247791661
-0.012635931017006189,0.17985711804872259
0.041637285049569324,0.12937066582824347
0.01065192999721914,0.23592069380268443
0.45369112753788254,-0.16031221200970297
-0.11433963296632919,0.29686969153246545
-0.0049038284817497328,0.13037309128734217
-0.34763402587683917,0.047596662550716137
-0.041868748261943006,-0.10549903955630605
0.29615913819062645,-0.10953353697026086
0.037467836909116321,0.28744397174384961
0.024387893900684958,-0.12036260343601997
-0.10748840316743526,0.060885316645907087
0.03892898211116521,0.0085037833738836246
-0.032468197281975156,-0.2270983505646553
0.018857252868496259,-0.16523002705568332
-0.13098913036001925,0.023046194636290995
-0.018691297762983686,-0.03598311480730737
-0.005108402374408039,0.096528822744525095
-0.029981154552909887,-0.085561591513228327
-0.2632968032155682,-0.10885025978289031
0.016261319292815195,-0.15553610729764958
-0.083373097576691341,-0.046566033989228851
-0.0974586770438539,0.18857757376915901
0.16437183150686513,-0.059679744175216425
0.25813387134313265,-0.15313453104522079
-0.11935150060993274,-0.10781408425022261
0.04421982505230785,0.040553538487464395
-0.1957397561082995,0.19293803125973222
0.26156038937367987,-0.24483940185920175
-0.19862009874264891,0.030082243536729589
-0.035365676959349363,0.076460390392642102
-0.22512549745092428,-0.20821024417744274
0.094249028199159979,-0.24507797234118933
-0.00068231263404416626,0.18794805101828191
0.056066938578599373,0.14253579204416472
-0.11514417529425244,0.12959997966253783
0.15083867656758504,0.18634918821531754
-0.0075100495246772777,-0.061094558652831379
-0.019249284729968966,-0.15990320275124117
-0.13394202553278034,-0.11767133740600404
0.10732248334876737,-0.023787096970267652
0.12130351841387993,0.10698716496207557
-0.16326264852419145,-0.17146333777750561
-0.064506995397058786,0.14179144616471417
0.048854775976924177,0.049171802748011438
0.064024622961744215,-0.38800763517719961
0.068417187205951316,0.043580786538310455
0.050935601355006729,0.21669210763216021
-0.10090992840493944,-0.0093279340008930265
-0.07241636022369477,0.00045799013099062733
0.095309812787618603,-0.10342726535217966
0.20869208341220033,0.069425557524292858
-0.092131221995153431,-0.14114885752189382
-0.33735215666602258,-0.18714602028717534
-0.036737988139172728,0.13019267229212464
-0.11663329891142837,0.028343076774982039
-0.18942766487949028,0.062934021393681164
0.09559490277673896,0.16419368169263984
0.16056047391542891,-0.15447558892273414
-0.16270253206433094,0.19704971326357087
0.16950158424991671,0.0069294316351511164
-0.031156308980382009,-0.004387017801534574
0.11674261728556456,-0.064066984951792416
0.1235794121066713,-0.053211668276553506
2.1024710232758931e-05,0.101352993229016
-0.002564981930597753,0.094294758383492938
0.11435376170974879,0.0042422014517368763
-0.0066345134202069047,0.032729423012218206
-0.08965369856141403,-0.14979733120661817
0.20179025023144334,-0.36907726209150488
-0.15999978744023285,0.11757330900874743
-0.17948306002716508,0.11903040976696905
-0.037238578022147514,0.085130720390889078
-0.16909866990349579,-0.11205477064960065
0.0087810906005244289,-0.12587713221310434
-0.26069505555255551,0.2010145611344219
-0.090353494618542987,0.16690495133958899
0.015343179378925466,-0.2164141075381078
-0.19437323606752319,-0.20233097113275389
-0.11490977314848051,-0.017487889757884324
-0.32593016334180247,-0.029079881088176992
-0.065835865817307965,-0.17381750129153276
0.11868266482670113,-0.11893308511275134
0.032125298273823502,0.056117102978940236
-0.034618015947602047,-0.034485405136698545
0.065170389644190183,0.0095564813729399935
-0.15391171915027974,0.10397562274452249
0.10247353373672216,-0.099208442529826663
-0.18669392570627158,0.0052375559753806969
-0.33697110456981483,-0.039667769560481229
0.16500189425695053,0.12017779745709681
-0.17340767499047638,-0.24474184400896881
-0.049230385551956635,-0.34970952774491076
-0.27600735713059876,-0.024859964332712401
0.054492048878161253,0.050257039540004128
-0.12231600776495498,-0.362420139886236
0.26365606915849948,0.13772369235604703
0.23448616210670106,-0.0048855362878466443
-0.069372707059780186,-0.094025296838051969
-0.04655001230507743,0.047809248352846133
0.21376804758518853,-0.10191362573539223
0.21132807608814133,-0.18279307121359745
-0.10748881356861802,-0.30764238538345029
0.12440162232319399,-0.20414942730683505
0.047835241321467555,-0.0052801202600053117
0.1129130307645749,-0.0049860996697957483
0.33846171183975654,-0.2648934435106946
-0.10623416820979875,0.1738450604403543
0.093168616930739398,-0.018259714913053764
-0.14097838772863608,0.10341035118642104
-0.20420532140191147,0.010717866045661268
0.069928875578976868,0.033650392769580685
-0.18820920744269834,0.099068401042405954
0.089243531609534354,0.2661875735341005
-0.1572924934198367,-0.24358212706181834
0.058381738656159851,0.03236960915983824
-0.15058022489573353,0.0089621350182945616
-0.061331153742243336,0.0037043948976336646
-0.026037458915869206,-0.20224860650294704
0.10066502909885174,0.0031109856103808094
0.12860168932314572,0.057580335490772891
0.014296143083505757,0.0029119192563732176
-0.2320055257515756,-0.0052923355061040038
0.050821551867983844,-0.272114259277487
-0.033737399443465474,0.096516561765961281
-0.062420515514539511,-0.20954673687704817
0.28323241054249526,0.11709334545524845
0.078317705808667565,0.055403185913810896
0.16159980116694569,-0.089613998859047944
-0.072555072827360553,-0.20041307784905171
0.045910942682829449,-0.091944098503511804
-0.044205344307023609,-0.11939114332156431
0.11438066829930132,0.15655328723946563
-0.0045512274334472578,-0.12475248925609572
0.049357171816147891,0.061167473552841564
-0.050790882597873989,-0.022662986807032215
0.065209246505885346,0.016225295447618884
-0.11126258641164774,0.052321885868216296
-0.074111651903980405,0.081539976456221866
-0.13480122135809908,-0.014139173264666037
-0.065525873097380991,0.096085736285015419
-0.11636352573110813,-0.015228536702909865
-0.16643029725516603,0.15367348948000653
-0.0105326878331156,0.11413059729776914
0.045015741952387507,-0.076834230743553097
-0.045195284382175668,-0.10911804290125078
-0.10660701367318662,-0.085671811624361049
-0.26873607971234881,0.042251234539470071
-0.13031672132437805,-0.1190457322659986
0.097715455487591654,0.40404853671796243
-0.15219941083114644,-0.17547883456495636
-0.14811579241997161,-0.092227812040005533
-0.074604596529782005,-0.18985311457883783
0.13177508331200113,0.081426751416763879
-0.036779841962367894,-0.069692816513749367
-0.082830022074901977,0.067259302885571248
-0.049370627121741624,-0.24198679946824916
0.045118707737024248,0.23024422831581237
0.13570699725545465,0.066655850632250629
0.1788726421732644,0.018695016646191304
9.137740887896766e-05,0.15997665541585759
-0.29555865004640147,-0.024384605678268945
0.093880823717855472,-0.10407495893754376
-0.10864316193198766,-0.23801097398431911
-0.072535121512691161,0.25256622929114581
0.21373363466693512,0.19921508183399583
-0.10306103330280879,-0.092545711832551794
-0.043314433762502949,-0.24284521481672958
-0.017895964283951321,0.014579105165213253
-0.092350052813729919,0.42182060908073132
-0.038768410760731051,0.010160894988156716
0.10593099493515541,-0.014596336378599074
-0.24189743334672292,0.041512305750348318
0.024242494972065654,0.20356824976580049
-0.30193994407128216,0.24301222713174042
-0.030236192028969745,-0.18158529407881599
-0.18078135619713012,0.3795141722084977
0.20668271270371386,0.13355695301438142
0.02127348733684363,-0.24490584898467346
-0.0086249045119535048,0.042253175091440616
0.062381487839072311,-0.080252672990461849
0.28546865115175007,-0.016749688839415681
0.16293114993915436,-0.15241448895004214
0.23450691064801904,-0.20020018324665451
0.13367115262248214,-0.12180627582110486
0.07987965997170271,0.096591785909123068
-0.16849268402024636,-0.23061517299929163
-0.0059117292729873629,0.094710217897418972
0.15650742014676652,-0.22606203167016373
-0.031594615478386642,0.19585388136692838
0.085204127832908871,-0.11057734915633104
0.0066770364058477156,0.034957440794100861
-0.04793176814976844,0.28799813337534586
-0.16388865291860955,-0.063483586518974247
0.2827851330006117,0.15865961777807383
-0.16001200846877331,-0.19120120312156372
-0.080546615453864476,-0.24083064725394432
-0.041852256155619064,0.23039078136806659
0.16751571783619107,0.098839455299792794
0.031106745810061138,-0.074688364028247647
0.17644279118933598,0.23530580272238208
-0.1942261172640373,0.0097204024993650402
0.15738397211166061,0.057364598659161735
0.12019065972697708,-0.009190497579722668
0.12732433729123904,-0.033181983248663303
-0.052509048201389567,0.1583268884844968
-0.14350999813664189,0.10852300274641789
-0.040727228679164625,0.17013470357169785
0.045094095617363696,0.0090892675293183858
-0.091462717135928434,-0.18569584745766399
-0.043153252575254909,-0.13653902271876553
0.093676565199562356,0.052369505549684239
0.11788619032604929,-0.0052435286769965265
-0.12982865921632358,0.10444457731081971
-0.11247022283883566,-0.089257929665088179
0.23178250102362966,0.15345541158536913
-0.016610253117675125,0.14492348712019346
0.28347564349462884,-0.051453417241070006
-0.13227347166341011,0.021065935501659295
-0.27550137016510706,-0.063569270854792415
0.086174481709633544,0.089296198680799466
0.00076819566546654098,0.13890165237628685
0.23650706406721686,0.045866153084677501
0.087799526352109511,-0.18736604435328122
0.065642927120673836,-0.19334566400178838
-0.11545086099664374,0.1369391347020536
-0.18674596835499482,-0.016647783232059388
0.022979725813401238,-0.14638428992114219
0.06946503632103844,0.024487723813369774
-0.1097729794894434,0.12365151212431222
0.22175466159498547,-0.0014964744329815944
0.0081879218733656479,0.030371036234211186
0.074396247509663241,0.10677810025776406
-0.34339556496046464,-0.12262967191454863
-0.10750989161899878,-0.29433589735233834
0.21486934012893899,0.03441238032220615
-0.009187179383542644,-0.092672756902152403
0.010750211563406652,0.1966485292385971
-0.066815298302924278,-0.19910545686521466
0.059054826326115882,-0.020458804266191719
-0.35328320834770188,0.05167623525078386
0.19856590366385382,-0.0741959412623793
0.21968809377943413,0.28822074985619733
0.02749111292937987,-0.13218681692097636
0.069816367863211368,0.013021687588684928
-0.060865191883131005,0.17890768788443445
-0.15499523501499496,0.051355222831525195
-0.22897104436612142,-0.14083414186780518
0.20480948885109565,-0.15557160818345842
0.18095713840329514,0.28983822440909945
0.011063423350740006,0.044233741483967616
-0.14411863914109432,0.15243278905453239
-0.064800907283740564,0.098841267595848076
0.22892044440397896,-0.16887403563202316
-0.1392249154875185,0.078611763073842947
-0.055708998005733458,-0.016442098677698289
-0.062888898468166268,-0.18867187388942205
0.12742187100935168,-0.10960584764253349
-0.068339502513909814,0.18807663618575504
-0.018834204015993523,0.075023663655971448
-0.22810817363064467,-0.035991053656129285
-0.11379361013170382,0.054564567318386145
0.071258276615902713,0.20400666264815473
0.1307905039883539,0.11092304000642772
0.25723861101065787,-0.077429034861211055
-0.11568305348125657,0.053081252314769796
0.10702794174333249,0.070396474426482114
-0.12966245091746886,-0.024091841624755007
-0.31186048317917259,-0.15347929481060876
-0.12365143896643915,0.21245281982530376
-0.17051450953349531,-0.086358240888360846
-0.029204696500853482,0.29773016719831541
0.059585867296407607,-0.1344509062018476
-0.088567469161029894,-0.14762971909639427
-0.13666141052710634,0.013959883049756155
0.14607914630539043,-0.27656342617644802
-0.036418787277391299,-0.14869725462531097
-0.081407580272710792,0.14241357474138924
0.025913304270578662,0.27516193416659163
-0.26651320934300304,-0.15796616910687017
0.13656465387531641,0.3146040567656132
0.068863459673542751,-0.33854257091839401
0.0060571298821545288,-0.018400791018370499
-0.33874469013372943,0.088171281679885916
-0.083093148377861886,-0.029335776600994155
0.054402969073957592,0.054473040828237146
-0.08471099499827775,-0.061620203814315377
0.05548197812265019,-0.042619973484041097
-0.2468720127825926,0.1100551358793273
0.12166106725653919,0.052611897859025758
0.0076225441874305123,0.079644777524257748
-0.086146308320849893,0.020174087612345074
0.20393775307414522,-0.18652816304070921
-0.11675446888273885,-0.37520586927377586
-0.00042337631499189964,-0.049513359166327577
-0.019229499370634593,-0.039564065458607772
0.026351877810050443,0.039625899965083852
-0.037123784342686143,-0.084037319778796526
0.012254420976202211,0.087071557702237914
0.0084346406742965112,0.020137672048848441
-0.13351386371489368,-0.2189536177565331
0.033109621536060868,0.091095028532131653
0.095506885773189706,-0.047798691406697111
-0.11961691485634748,0.14007471152643072
0.068585907324114112,-0.11893604653976105
0.12447428887444943,-0.16788053589511553
0.099185481158201458,-0.039251504321760458
0.059291297888594996,-0.11018488952483087
0.092781385365852356,-0.015330711271713773
-0.04396404166432074,-0.000258627018173964
-0.14527503529296779,0.06253813522144766
0.01006861049887719,0.18985294765527438
0.091840708624060144,0.012656692587532917
0.024538611045304897,0.12187144305909571
0.29312024803659797,-0.24041131178524677
0.24542194411925419,-0.031855047924621432
-0.057797254547311605,0.059491721011202418
-0.16908700682635525,0.10401899990476327
0.088602565270484546,-0.025774134369457469
0.22878243217811939,0.10458974952922549
-0.0084854608492757957,0.11128290167927041
0.31251443403577628,0.1188048097640657
-0.023486707944556425,0.023778178346045755
-0.20857629452393359,-0.12408943271821359
-0.029541959119136426,-0.086707180094180741
0.024548983010648857,0.22046846989888016
-0.21178596518315504,-0.13832067182290911
0.034575460062112588,0.24923364243424356
-0.15284416204107343,-0.098940967121231183
-0.10143956104735172,0.044972649600052664
0.020075315552097489,0.0098152585347823611
0.12839725491313886,0.13944946230366312
0.077626003276352953,0.014896326208279288
-0.031322438613755867,0.0042234153061143764
-0.086481129520359343,-0.15882790283455628
0.0147439056922338,0.052708117890071363
0.14715864026448508,0.03576761776443757
0.19601332012530351,-0.0088774463307568462
-0.12281290935579577,-0.014834037202275266
0.21869510179117643,0.085853222463207132
0.062162985816368553,0.1517528347678436
-0.067297901980479496,0.078757595048394802
-0.04544740736859193,-0.17581240860631087
-0.12765756139105786,-0.2875044083048382
0.032373042240694629,-0.40838827992636895
-0.21902208715093699,0.020436864176532
0.2267903577081766,-0.014033015801146779
0.1749977412252175,-0.013042954960785266
-0.04823006473059966,-0.062597783806040766
0.11939383033317075,0.12303690104763432
-0.086998265010912706,-0.25942798532637673
0.14563599613474823,0.087404001142170729
0.2004195629115407,-0.13657193684339614
0.038440040000749014,-0.10056297476245173
-0.031022339879625611,0.05602624584051305
-0.096118036287540509,0.14176136798827066
-0.025192406195733198,-0.26812520859673783
-0.079677908025734323,0.10760256161392956
0.061663610491616706,0.073970954526884528
-0.05154049522303799,-0.0956562965607025
0.061060327253428491,0.17845137090355584
-0.078279474910408556,-0.17958165835570788
-0.21174448903080387,-0.031379750139513905
0.053801157200306413,0.059341845472450104
0.19374288963949249,-0.19084877732451105
0.13323902648833935,0.16058629197045288
0.097522804848815897,-0.018688646966870063
0.10204930367259711,-0.1714428080659903
-0.17312882642208161,0.13323368688269602
-0.074879380765539932,0.095004119997153316
-0.15853151286460856,-0.1285672610065714
-0.054630609295531249,0.096392676269500877
0.17930521680870212,-0.34486620450035116
-0.02412257594719789,0.03858916008376858
-0.02699200888341946,0.13648409858097937
0.02950955519558332,0.11157567219291259
-0.14972974474904993,0.14601534267020411
0.03039463617111221,-0.025096383935432912
-0.13603066863618016,0.021483728061982316
0.0067397573416830298,0.096386012867968482
0.10409002046292859,0.11984225054461012
-0.0062023054378616219,-0.091227816242441695
0.048479791918223492,-0.0064003767414415793
0.20814158126672963,0.083610804463381094
-0.0015489782241741986,-0.037815813095901922
-0.14707650740255424,-0.10494310613412697
0.074286796734085794,-0.060879130678613641
-0.050922406433761044,0.027363915988056788
-0.084044273996655386,0.21369213975752113
-0.1945977754416221,-0.049367996882590234
0.045002613217048855,-0.21822595097810149
0.15673590193891671,0.12844872913273975
-0.077940805956094358,-0.14137702245502762
-0.067364993718075347,-0.00060399917871511999
-0.040169164574863657,-0.060564111256564607
-0.013366376573171941,0.038253900658890845
-0.082551793125119913,0.0010644798206457741
-0.091111876599918554,-0.3221905089156587
-0.010590121979003294,0.14683627777384045
-0.0062417970896230072,0.061722364684612702
-0.086235079328191175,0.12236953390267247
0.28588019862548597,0.13152946719406891
0.15179229503228481,0.017243926679335282
-0.11879109327293762,-0.0039590824293266828
0.29814497405321744,0.044702811419489584
-0.13374049125358251,0.05259369592272798
0.21013605615136693,-0.082726473379885951
0.019038839211842785,-0.29560663097330547
-0.17103421071267846,0.1452091757170656
-0.20201388800063361,0.12532449599812334
0.081861776007702169,-0.049606290693248387
-0.03879351872618849,0.35643179591190188
-0.23632621225317466,0.11703823403929375
0.091254521164021551,0.054529741838033566
-0.09674003434094694,0.025600022248862968
0.022274471367937376,-0.11657492507881569
-0.10453023980614161,-0.064806243351276813
0.075011053773229613,0.084099815965290578
-0.044200430150806137,-0.065589166174928798
-0.15784429325800431,-0.00011668723069722177
0.090333312104781308,0.20001599897558059
0.14656544597978455,0.023263630200069631
0.23380920198503455,0.14778896686273513
-0.013201589638684855,-0.10712053619053491
-0.17909510949711582,0.068623203157102464
0.10626870005231605,-0.05071709613712938
0.058800576630276269,0.15292736849589073
-0.16909998822248196,-0.09004272468849947
-0.056481403237410945,0.18030863793979773
0.077973012544642589,0.47312017506038712
-0.033278639108099146,-0.17444906961909123
0.0067318615700178606,-0.14480554199740842
0.15649691766513404,-0.017682566958958271
0.11146994944614858,-0.023830609519843397
0.25732568275593232,-0.084753465281753163
-0.14031745136475385,-0.0058889828374901016
0.14376782189114212,-0.30216193952435705
-0.12735995831664534,0.0059869644212325306
-0.098579421085475655,-0.14190155369499879
-0.03358511778757458,-0.20397514713288856
0.0081882069656217076,-0.056747828240879192
-0.26440699926601013,0.069511728498384204
-0.014874705596103066,-0.19345062428314524
-0.2733770035352906,-0.27019303388439814
-0.0062955325511262188,-0.32664192129028308
0.044215770805341288,-0.044180116654191345
-0.16796252635146891,0.017593703132961096
0.028008774262716672,0.075965324392509373
0.11347709566602551,0.15477230870801587
0.032231775888451629,-0.051676948535877176
-0.077756444563243182,-0.11262062904630167
-0.2173362348863534,-0.091925048190849276
0.20393606880241283,0.082834427306652414
0.01844186909029542,-0.24882928202934626
-0.16190650286851482,0.26228539966180925
-0.18450586805390609,-0.013885460878215506
-0.1269727933544634,0.18746478203303873
-0.19224285552652565,0.045565879328778959
-0.035666748504101176,0.19711855854696977
0.022020223145481188,-0.23330718273513962
-0.019905509724052702,0.055941162366841796
-0.23425386679175877,0.31805713183139039
0.088936761634342845,-0.044120508643201738
-0.16961269842427121,-0.051232135644552736
0.070648635677621252,-0.045567519421133788
-0.13744188537558172,-0.01698849761385304
-0.0069883567074078704,-0.034913969151211449
-0.27648579444287313,-0.02395222165783522
0.08500435131796226,-0.16535057072905851
0.084815139169536716,-0.10354097574975105
0.1908171309934884,-0.17104958856744515
-0.089670860394172741,-0.044033071436258557
-0.036475655434272072,-0.06135810489987744
-0.064664272972148024,-0.059265076557098124
0.28258444293105089,0.047761875772514339
0.19311286395226526,-0.07842308140226345
0.16927244893433735,0.10133541078372357
0.045197014831574504,0.056881332181953299
0.090812378462971535,0.00027101661088545025
0.18686494335586162,-0.01615412707325644
0.22322019843139895,-0.14003012730543782
-0.0027352927161867968,-0.067758837316508572
0.17189272928938248,-0.15660103713151169
-0.062261311634563103,-0.051672121252382124
0.0221531479907775,0.041164764452550101
-0.013058978202987166,-0.015756567987766489
0.15256630187683667,-0.010949930477642198
-0.040922301278854628,0.097458393633176793
-0.16074574373917819,0.1535771774784819
0.052247344945343444,0.15311822462177582
-0.12352126520120664,-0.28541329413648742
-0.084702620983947055,0.005421131872957256
-0.44489430878635294,0.22518543343523539
-0.082590990748984738,-0.12656941508656813
-0.15988628868536828,-0.025209613667259111
0.062378111399813717,-0.22300429138552313
-0.12318706264075735,0.2446263155968309
0.06875807426405825,0.21856177070651395
0.3653712956285402,-0.016583047303543239
-0.025409712448853157,0.053418114152970639
0.03763969210405755,0.054383102789874634
-0.020608817329345688,-0.0011979691115331825
-0.13701792943642879,-0.048159493355699405
-0.10822893000066169,-0.18723343362759234
-0.04798662205114574,0.017720139424011395
-0.017559059670310313,-0.0049144418520068395
-0.23566656030017691,-0.060623338743412185
-0.025925647314652533,-0.12100476363940373
0.13104852870798331,0.0703299109946664
-0.24955600186317697,0.0069892629902841156
-0.044620665716807791,-0.1729439520970818
-0.11680928427101925,0.1406338055159988
-0.047820378191821625,0.10948094619672842
0.082264416846945035,0.26361171963755392
0.11653358777768938,-0.11796654308526086
-0.069542018849056919,-0.026777475374553474
0.090219820923564689,0.03128369598822088
-0.15282602985876867,-0.11203096547626649
-0.10311113648969414,0.1636249679315179
0.010800967281925958,0.11931393052463171
0.17920306276620512,-0.13603949121678252
-0.0053175485118964402,-0.09235132454494499
-0.053367073441004678,-0.076600860527951412
-0.17693763672613824,-0.048582068375402666
-0.030955939974483621,-0.007900484556683636
0.015754999195241384,0.14374840763724608
0.087833821584568969,0.17052645886941833
0.20321200234412534,0.012795424443328925
0.1288508097564629,0.056140233258457836
0.18772658688655247,-0.064155268284318279
0.025320553206196028,-0.08603901002217447
0.079863370562854016,0.025040692076192778
-0.27093839727956026,0.1507077923673005
0.0036215964402624371,0.0071127115975718235
0.11982000196834094,-0.060745183590039949
0.28814070738405295,-0.38683037325502295
-0.20104002535977733,0.045454004304076111
-0.026381966809882203,-0.033507105955861684
0.038710068367866148,-0.084479514263405567
0.28480537795136701,-0.071614116981951428
-0.18521090819441566,0.034187408880941274
0.006366394840461558,-0.087497538445200779
0.024493981876534624,-0.032027558664395182
-0.21424905949185588,-0.046348452244847259
-0.15333267779901166,-0.32505190064510026
-0.22304483856314808,-0.016749111813240031
-0.24249049435846715,0.070070426822685897
-0.034878098584397277,0.038625191946446605
-0.063444322159611696,-0.10714885400291511
0.12000741104367181,0.2511975866199358
0.024527995040214308,-0.079801328796830509
0.1330257993208358,0.091247964259320968
0.048469752516923433,-0.12524735000043491
0.12450962279088393,-0.073548730866381029
0.22231405623215175,0.21062522944091458
-0.15350404046086308,-0.041633677572292895
-0.0021888416891934471,0.17926852077821728
-0.19104346802501743,0.072061445942456157
0.035224323116854951,-0.043256329534381695
-0.27523120589544076,-0.17857842070905397
-0.040591492237379075,-0.11425702049341944
-0.27183190061098578,-0.079173255273184515
0.14962136312196567,-0.026228892500858445
0.0046664019228085376,-0.076251035508171569
-0.090723898543744602,0.017263971373738821
-0.36920516663699965,0.22469546260146461
-0.040986802375017208,-0.2909189344296495
0.029070578987559669,-0.057792916793666937
0.16908786436262915,-0.05842831340861989
-0.081434592704481473,-0.023396062292900258
0.028988927041093477,-0.011892348632497728
0.11792386326389659,-0.082687647758565325
0.10231639184591523,0.10853020235695476
0.18259853643547633,-0.055192336843710131
0.097700989338860025,0.088039664424096609
0.13145252959699588,0.26618343968231639
-0.15232292423031588,-0.32300978698574656
-0.20818157907057927,-0.15508697364599167
-5.3058324656747692e-05,0.00022008960724043339
0.019206757742142797,0.090089806871626862
-0.12045968127667846,0.17462816117290908
0.20438940073000028,-0.055087884941435003
0.18871006189477499,0.0040318877476444642
0.069733381504932121,-0.095896269762598699
0.012660421595400572,0.018457351805651556
-0.16722568642268404,0.18713671816630628
-0.0046792789264609646,0.2375898563134384
-0.024542305874226334,0.079394636018713508
-0.11455565424663744,-0.18793959248714714
-0.071008188903706984,-0.11936153988316729
0.10633742038783743,0.25416949750049206
0.12451783247256448,0.028092541923859571
0.15080994420686919,-0.22067286372061923
0.065364944971948946,0.18563045116923849
-0.10657669236693446,0.11637771870848332
0.00044967578735111185,0.099381574219492508
-0.05128219204881912,0.090929977238781212
-0.057035535935764353,0.10370771351450402
0.038638421386939813,0.041051617878519242
0.23305217447972618,-0.17953363215063473
-0.06078359493664634,-0.15344457734221351
0.066062989384193638,0.13541665029602312
-0.092866371970936057,-0.1058766045825761
0.28180852971903791,0.049121265249390512
0.12368884748939724,0.26110221851542909
-0.0055684046392880824,-0.22059790026061604
0.26520617382621486,0.3048960116981187
0.036301349096829943,0.19706740984137588
-0.080326369050649618,-0.056875981754561288
0.076904408106443833,0.15987906418486375
-0.12534606864783257,0.30123749382197035
0.07488261066478083,-0.06296626498596343
-0.16595460744261983,0.198787043255646
-0.05785947406594856,-0.093997690406425291
0.026189442766201797,0.22863129604483695
0.069780469442412826,0.074957829358238137
0.20708224854060869,-0.22465943407337238
0.10317987469957313,0.099219138598333464
0.040734673645408545,0.068949525050597815
-0.082626673725426023,-0.15300990422867455
0.0042551392823918285,0.12541707356639403
0.076553398325094474,0.050691453498981631
-0.18974946884123878,0.045884659531748216
-0.034515658265445878,-0.12009257885331841
0.098805064778508866,-0.18448105643145024
0.0287577784803137,0.14741570068333093
0.1115866175098197,-0.021862372902826405
-0.058648651317559558,-0.18889170900669708
-0.018250127328347528,0.01266091083994313
0.016155771132249801,0.077433145131849762
-0.048947089992033309,0.20063599780608424
0.13924231675206702,0.21296105281383435
-0.14753818044524686,0.041924827403624791
0.038608886795004529,-0.083418056467657556
0.040081397580610766,0.18110231331695861
0.12903209979639196,-0.098898945151095097
-0.18353484936893111,0.16396400736052533
-0.15660790454558099,-0.098790639148578205
-0.040379029508084398,-0.28992940780302351
0.0099552819229598803,-0.15572710542229348
0.24199618601664069,-0.073550580311150027
0.17610926410149874,-0.065874389447902526
0.10014511249429153,0.11755852542481203
-0.19465886317246472,-0.19095220599271515
0.04898509545466103,0.043639872068901582
-0.14824111626933617,-0.086756355638861415
0.051737945444250179,-0.10896371812107081
-0.07057180456181511,0.07702977440614639
0.059356203903486345,-0.15583651062518492
-0.20959452959029656,0.070433334066058784
-0.061723121338393742,-0.17232917614127466
-0.18247450058934259,0.14687521123916716
0.19417164150673136,-0.062763792079471678
-0.13542922081562878,0.14688935868225092
0.060526019585854796,0.084523369028685499
-0.0098454166737374296,-0.035341559201306647
-0.092849191681747864,-0.10963541093549149
-0.30547917761441612,-0.30162873819217972
-0.14725394898583538,-0.093749257279903964
-0.062263935982094537,-0.15883471070317495
0.39635799704651831,0.08197429869616675
-0.034756579300649106,-0.086162331464331457
-0.16959676394303727,-0.15186520340171974
0.075740570223674294,-0.23001706839902239
-0.12273210232500212,0.086540794738540414
-0.16156154518733226,-0.060763795903155969
0.0040217639644282606,0.14613084358972817
-0.3167323909192703,0.21404461066642985
-0.043205558545854214,0.10668391715968248
-0.068710759088034257,0.096555861776353086
0.04581743320086059,-0.074379384083873915
0.032133358052133472,-0.038452773606312614
0.44781393964493865,-0.03533901152400791
-0.084972026910004259,0.051624906675101861
-0.075516146478997528,-0.13031809544321601
-0.015834892631698624,-0.22346078243871789
-0.052737054833707636,0.19561866532483999
0.16439220631154458,-0.00089603566193271729
-0.09062140200147302,-0.099334816263263487
-0.24230099344720865,0.17856748255016583
0.092840345573037691,-0.083697101274984392
-0.022059169674715811,-0.039807022793900325
-0.23742752997755748,-0.21896274628074675
-0.13128589777101277,0.056194673342375663
0.02139726165692734,-0.1245289211356769
-0.014827025086577765,-0.050214188135479482
-0.031728404105939099,-0.039992607798806479
0.0091929022142358541,0.052088846920402464
0.15843834948944552,0.1142536941880439
0.27609594878932542,-0.14623644548925285
-0.07997380519658924,0.10049945578739633
0.084463703292254388,-0.16365220272304373
-0.031669388644560252,-0.19585039635312143
0.11654905400381381,-0.081976510997188071
-0.04634519160978736,0.036313397310546676
0.076803851865636583,-0.036606116550581019
-0.11062918404011932,0.051416002574010855
0.01637233944604433,0.16544265155282947
-0.20510892273324272,0.31502501532989047
0.11968609154320338,0.020582808330989993
-0.11438989150972645,0.0011029127712558168
0.15935526046012144,0.01174248057774362
-0.18841853613323256,-0.37917461982646417
-0.060646896885484879,0.13623732789544327
0.018850577239315464,-0.049513740416393268
-0.082042705247501777,-0.10864523074160222
0.025362013475297956,0.11842930688765511
-0.3733623625495226,0.20529637859623787
-0.22195755527310293,-0.11815911033457793
0.062921957767381145,0.079034909944028578
-0.090875632776830556,-0.084314117563875426
-0.36442881130014004,-0.10684411660081537
-0.26201061378728291,-0.063799096977294398
-0.043860103409756476,0.080723307213346029
-0.2439954541178154,-0.14107725431122572
0.32133676855059234,-0.27371911168396995
-0.12980734591984358,-0.074214482250081648
0.20216250919190482,-0.10901924720742229
-0.047000612393540281,-0.036623470557050904
0.26612062373969853,0.22004781428466755
0.12334382385427516,0.060876193969068376
0.012877655997531441,-0.072553661133834213
0.28635924382421407,-0.28138849589805892
0.066234836293062815,-0.1640408202262385
0.23092300498943485,-0.14283756207053749
0.0016066557996038794,-0.11656307606367036
-0.028295275126858008,0.33585088947467168
-0.027998594408397141,-0.046491145431396867
-0.030834289359333862,0.36858658285029772
-0.24226554251201199,-0.10240634629419552
0.058678086366987729,-0.068890649243592547
-0.21049431549976255,0.26544845506227988
0.042322344902904527,-0.069398504264764529
0.29243642642706696,-0.13012472428484592
0.0069350600252689066,0.036475626355055503
-0.14263613970789071,-0.084098705376309063
-0.16757248186001888,-0.27199210463917711
-0.16409820019255955,-0.11281319918305023
-0.22834582962595615,0.16108249307007946
-0.11084283586445313,0.1324600788760355
-0.033413937164972374,0.088492652971831912
-0.026115542657307662,0.21148316444551693
0.15928642002064344,0.17499841610681871
-0.00047491563029547777,-0.26904893861362528
0.11885077913765379,-0.062450426061726468
0.22015870565165085,0.20185430085589892
-0.02837127898574917,0.077470251658842512
-0.077191917737845755,0.0096062910492779111
-0.11582258911656554,-0.16166935314453329
0.10080455798351862,-0.026501036772518818
0.11027495726009781,0.17086016860681166
-0.21117036563178965,0.27739861375167024
0.013450919248329635,-0.094655690801249831
-0.11139930332247766,-0.02016510170078032
0.090926612525304623,-0.38477788111773636
0.11817856470350679,-0.11764096557712317
0.15522471130239157,-0.084923131055804554
-0.19920022164861914,0.062102581389158355
-0.02022107343731697,0.073135331320195077
0.12979249601573734,-0.15251312666813638
-0.14078398597384645,-0.24638327966471474
-0.039638990576023804,-0.061090071020424179
0.077391650036234591,-0.032866554718151988
-0.080936344806548238,0.060883934884401629
-0.1142288767140206,0.068349058428746806
-0.031473268604685592,0.079792455851572672
0.13336666140792808,0.0637246184596236
-0.19013726609244858,0.023647759664620245
0.071788416851284939,-0.098755932775016833
0.079506441375595732,-0.16428210196361151
0.0082344035507586604,0.18372680190027377
-0.18432651356732441,-0.053366525389543701
0.025057179616284824,-0.042567344396621208
-0.15394254986148997,0.034554881908647271
0.08609868521816294,-0.094610321693357285
-0.30372387561556558,-0.27599570798462314
0.0069223101289998664,-0.12684293094030349
-0.053216436605997057,-0.15724298419813154
-0.011699459960337517,-0.12799893654697167
-0.066860175881723397,-0.1039288147993955
-0.018875132003292463,0.13248067590125984
-0.11226756897147742,-0.0091714642930701626
0.033570429259984304,0.07009821320244726
0.057892954479663611,0.047028025657060844
-0.043183794018497139,-0.06670692698192536
0.035463383166559607,-0.13098980760374315
-0.085646747390720007,-0.067360944309729193
0.048464586532120928,-0.33064718292191703
-0.017612370666929854,0.23597583765662969
-0.22243978431756131,-0.12024161089922984
-0.0078540257827372055,-0.029344619558679858
-0.10304436214239619,-0.066848392972604045
0.13217226942359916,0.063567535146329512
-0.074030323515757959,0.19280005575099343
-0.092198028183079275,0.21571302962079428
0.056885424812808567,-0.059179166897271339
-0.0686622970873174,-0.070580171210954959
-0.15533612692662144,0.075358871289192414
-0.052911046052906141,-0.11840338073535131
0.019678484575312398,-0.11345172826972054
0.077359408798774509,-0.091727757067963447
-0.11736988772710322,-0.0569520039615799
0.0009279467812927947,-0.16998155606245727
0.24311303818261823,0.064707429292514412
-0.22104457496753127,-0.085396231434673439
-0.015017352437282533,0.083763298149752613
0.065124723607288909,-0.13715583665092315
-0.09643803484958878,-0.064930376478160648
-0.054838668799677581,-0.028200183713088033
-0.027944597392515674,-0.10728637617325192
0.17825189117270338,-0.07521202388969761
0.21428029483312819,0.16219053777745182
-0.099745101221087304,-0.11029740792887938
0.044639442563199273,-0.01246998285123843
0.022571075124512112,-0.082195156881913728
-0.063822235356442741,0.11997955074691681
-0.033896538796712776,0.19897231142886698
0.047355034619165022,0.068540145431679925
-0.15915373613248149,0.10157298835459673
0.067262671367852578,-0.091223948511198319
-0.15574121834078702,0.098477760079070623
0.038187119653373784,-0.008220427502057065
0.18900168542317658,0.026866639117746994
0.069969829808569681,0.10743963382120146
0.15161845084635203,-0.03102782028708214
-0.099924707193550982,0.080684427524718744
0.07463790650135517,0.10531952976551219
0.22619753742539836,0.057337633771370168
0.053906589522809155,-0.33425547856457311
0.14809686588216939,0.029683579219226167
0.12672343031039091,0.22811147878023047
-0.05976277467342251,-0.076970668200105619
0.026035210152985717,-0.13407022384395778
-0.28652600054496902,0.14750127256131648
-0.0044215006908365669,0.060385108871894654
-0.013149444994300742,0.11662603296717426
0.11054243960090787,-0.13495992832700981
-0.25175392559320431,-0.066803929174206939
0.051934486750018098,0.19296681106285221
-0.016497054112735617,0.015962278240114501
-0.11960183961049713,0.056840337161255215
0.056131263061544576,0.10640712222720848
0.05924391109185697,-0.047292912910085923
0.11686785258070173,-0.13447843371465978
-0.014997726585913567,-0.19321983435585638
0.029804094492112649,-0.049837150203786956
0.01010182280434206,0.16660576616780834
-0.07692629058945244,-0.068284846512075517
0.098715065229262239,-0.30999023551523514
-0.1079653271971187,0.11476468195253486
-0.19588181907217092,-0.23973962628843892
-0.013892363052539342,0.11349770933740401
0.095055042310756191,-0.011394318370455837
0.11896294527613961,0.029325063119109467
0.22474746681365385,-0.04592943908006001
0.13292409649718109,-0.14592500181301341
0.067924543838943169,0.29116284323918767
0.041710309211447819,-0.038638392851726412
-0.00099593804541077023,-0.1037305345199637
-0.085529830521325345,0.12696300877122652
0.18288838581473707,0.095518690465827269
-0.18025558274745457,0.20357014960395181
-0.11664422126495638,0.12087564348701367
0.1200440427908944,0.13494789240286342
-0.25034677637177377,0.022917360637325745
0.041472949263036657,0.1041408713282648
-0.039778951370836015,-0.058556959525846698
0.29754227764655339,0.039728670874569695
0.22891173756064842,-0.20035435715150135
0.087317011666065675,-0.075830193567215556
0.18060791481279848,0.12697785498005418
0.080499709689482057,-0.080254631350404212
-0.027266098055898923,-0.010671935386609776
0.083058718513395829,0.11447623024857187
-0.27182461609928743,0.064113500779918273
-0.044447269790613801,0.29319699747857847
0.22271605160988162,-0.016759360123321951
-0.19417875984041499,0.087811034992779022
-0.13181674306511665,-0.0025344431926245113
0.12654171233744715,0.16816466890601936
0.21217655752371287,-0.11448724288295599
0.042678436780881311,0.13184884155185314
-0.037670954313044049,-0.28601213365084444
0.052675837123310282,-0.022642585477004512
0.11668636603964613,0.03337168202012171
-0.060172121241474107,-0.16073108721589235
-0.25988005918143003,-0.040826027729263879
0.36697592607008811,-0.19965771355179796
-0.17783132630860984,-0.025384807830585849
0.15610037141821165,0.003782913086975352
-0.33397297692961103,-0.29485797425177224
0.054042883709380811,-0.12155613073498509
0.075843014581341558,0.076217223446837346
0.092163388276691946,-0.011762066407021429
-0.33130411851096042,-0.024731319477792623
0.14039120058851332,-0.19987521147576562
-0.050318117725753807,-0.1436789341810476
-0.032135237581772891,-0.047536102137548768
-0.20181843972923408,-0.19034133609620585
0.26558555724182853,0.11842325888978887
0.1338987475913207,0.16387418256184055
-0.032770888011382282,-0.038658347498555928
-0.1337591977118161,-0.057194095090947222
0.077041637299687021,0.24306496542388814
-0.052268856776507965,-0.051136035103936127
-0.060889181295726361,-0.40506722322268546
0.0097979330160693472,-0.11232039206509936
0.11286248686361608,-0.039093520238210284
0.020847525284092023,0.091715981629784907
0.036230489183941526,-0.24924564351866249
-0.078071861444080126,-0.11070276283857686
0.15121656636533284,0.089627354738736981
0.17295968882357524,-0.0051263450160918753
-0.086202507857510699,-0.035001166488515485
0.063503154052125629,-0.20227221894471789
-0.076792443136204883,-0.10322585158831435
-0.060625526292229483,-0.15024395527598103
-0.17248417522574053,-0.012947741796466085
-0.17431303214185193,0.1268118209087552
-0.05028553341378756,-0.12180652701072817
-0.15164044325987658,-0.17174199931295236
0.10798004597542599,0.1174901063266397
0.066854779932393429,-0.055339845616726294
0.05647936876905827,-0.066758499742650579
-0.34749999820081384,0.13167919507425979
-0.11586568379752471,-0.073864063531687577
0.021090461637242056,-0.021810799781673315
-0.062879618965146211,0.20220133362356468
0.29578459987784395,0.15703727893351893
0.05335859463818831,-0.26184753823648832
0.16671581874821309,0.41858515628351356
0.20311868870787822,0.10053385428945177
-0.084353765427540556,-0.10391218767340919
-0.098938701440176219,0.15646732411011513
0.29508091613105747,0.062825182444953998
-0.16518052290033877,0.041786304376794148
0.057984587180808581,-0.20207612575599654
0.15107981537343121,0.26363485937804504
-0.031537600458087074,-0.021769592076581037
-0.10375494520272163,0.027656326665009244
-0.16627011849392956,0.28561375804102124
0.14039430952862345,-0.13737285756054488
0.38079243508038946,0.038928625116233781
0.10177022599800335,-0.10484047738916193
0.0087688736735918888,-0.27145235742170126
-0.1430570727437846,-0.058234666396549485
-0.05982922730076834,0.12989832304736162
-0.13199424713982882,0.10104395360023219
0.002304887918622421,0.002773180102432226
0.099628694909706189,0.0034784324459025064
0.058220209597938354,-0.1944048838222438
-0.12255750524821385,0.15281638605020884
0.15103474211298976,-0.14781845731192272
-0.091077550737839547,0.2133325492451684
-0.24157149824380655,-0.045714688336009536
0.18324692089591374,0.22062677091070618
0.15087266785100839,-0.081836088475006036
0.2691580109720777,0.10945548578662416
-0.011120735235125426,-0.059848149249942841
0.18231664975909825,-0.10484595164481121
0.050346575779623905,0.0049470224630092166
-0.014171065159664268,-0.23714172104329886
0.17133659036879922,-0.32279061068912596
-0.098392417473879182,-0.070838956675919995
-0.14948351566000542,0.17651285219101381
0.043411192362366971,0.007307770036024514
0.14697491572009741,-0.052572288147875769
0.044814474856801859,0.18626982187037541
0.18639351730603435,0.2286221227242389
0.17152993309839748,0.058771809349735922
0.092496399479963354,0.031108879085772975
0.021934100569297132,0.1523997439858534
-0.036399195863098421,0.28384319574854866
-0.11466873041587873,-0.10192739636313931
0.033556769546219917,-0.074780293826962663
0.10810032323181215,-0.14912218936321639
0.13385020462722091,-0.16834332424243331
-0.016441111964887796,0.032052717284987133
0.044656514752202614,-0.052794288282303356
0.17688787897519642,0.09592936657216701
-0.12425512475279969,0.16885692007142469
0.059391291480077157,0.075605391187492793
0.015690267918093533,-0.023337467931295475
-0.073513564325282027,0.23231994849251941
0.047226457157840594,0.2834789713725524
-0.016796512306281229,-0.193814135924222
0.062866735809161065,-0.21410445828161181
-0.20830578782428619,-0.031731059926476804
0.005477864784523381,-0.14141987334898415
0.17140729642430552,0.073330369317949395
0.28077035397918509,0.00018495227623818155
-0.01004501391494373,-0.12344968186494916
-0.14412723449854792,0.078564219202947566
-0.20569590215981867,0.049798037028411249
-0.024954567565873796,-0.02416096729174496
0.21638112630213921,-0.002900749933369696
0.1135233630890331,-0.077960172420054485
-0.16522637777583543,-0.20719755478545374
-0.16867684959747919,-0.043699119295956004
0.10912197178773585,-0.22429119178826537
-0.016066910455646302,0.38699583390633008
-0.21373160829341317,-0.22125499234559987
-0.049244041721957538,-0.16455898785817796
0.11988586686155452,0.056285248754241138
-0.019063586378488987,-0.19570663498748064
0.064742088160500325,-0.26458141324869622
-0.0042909604605362956,-0.041109491993328959
-0.25385901485847462,0.030465513710486242
-0.11915464275626482,0.18139815358267791
-0.11447329260274437,0.11171917145605657
-0.12661381665498797,0.14463141294618226
-0.10592954613539714,-0.34886292857540019
0.048387723268800843,0.063167893916619755
-0.070798144767859852,-0.053660473035041088
0.015471525514154809,-0.10459688961112833
0.010612392756387418,-0.022787283349513073
-0.22042846413451855,0.12044744858316084
0.0195734940976089,-0.19019222649376719
-0.067105638545360308,0.12648130485241169
-0.078797567955849787,0.050303980551433009
-0.097225840132567742,-0.078185264874262597
-0.041753949415272704,0.028949260661559388
0.04223656501308886,0.013540184533041941
-0.0040088779825055414,-0.10317215749951528
0.18674938592754659,-0.20935415034263322
0.043111145002006343,-0.13253697850393553
-0.085391089827715205,0.11256205835898297
-0.040531203206074631,0.20628724616447258
-0.092256892515405226,0.27380621597618554
0.059919508019805598,0.26264251249338927
0.15746843594680945,-0.04797410272857934
0.011412761251268505,-0.013428932411599908
-0.032952175535374446,0.098596877818039622
0.26510899475962713,-0.018592703995835094
0.039525770310580424,0.21255237435992019
0.082162066169016348,0.094377319261833389
0.042613193975637016,0.21682411742617483
0.051221313684285098,0.17008573289075005
-0.014594233990745236,-0.054596618244551927
-0.17806992968277838,0.051743991553435245
-0.12887210203355653,0.045507053409127467
-0.20341261208439498,0.22472093275879593
-0.12282401472385816,-0.23792969049244753
-0.0042650926395670554,0.13459387819394397
-0.19165748415871162,-0.0086905277809071289
0.13434747412485709,-0.046815007592811188
-0.061604440335662008,0.031910443791265522
0.3102502093254903,0.1177256587549414
-0.11692862929293694,-0.055888968452049659
-0.00014180923906926307,-0.066626791879743241
-0.13303096802856063,-0.049264022175254815
-0.13778460066045931,0.1233657485691803
-0.067048927700828917,-0.069962302599947193
-0.1744866913516688,-0.0241988342430055
0.022975339055750634,-0.13567547749184372
0.024458582853383259,0.024870904261431657
-0.061049281117692644,-0.27771351547353784
0.36928888003742344,0.064878120596348191
-0.12055992914926801,-0.061318768012425605
0.0030585422995540244,0.2116748906499768
0.27345121168311481,0.15557653031676602
-0.0053223809331683644,0.26174245719990924
-0.15957047657889012,0.086731460421137163
-0.020373815334147619,0.068894788223319348
0.048925486407339236,0.093094252743908701
0.036822543933067053,0.11390844055289734
0.14590407813000819,-0.075289046190577247
0.087312541719734418,-0.10418483090855599
0.018850101933543445,-0.01210356203230541
0.14816254539803458,0.019779312353749235
0.054924663756881723,0.13285064311912689
-0.23087899329640765,0.040979481623413777
0.043996048365441735,-0.00050606910371862662
0.043480592923876703,-0.082841291565099104
-0.18198589193547762,0.11003430457490938
-0.046176754912694309,0.19693734265243995
-0.38039752120536585,-0.15361431381604682
-0.09959306238315474,-0.27163523453376581
-0.065594170582189151,0.094875232374123736
-0.093563481582172203,0.033603444192213762
-0.16266308207197464,-0.091387745570985224
0.053297596374655747,-0.043292533302689798
-0.044968947167028817,0.093415626723053868
-0.18928789356412398,0.075742726697650073
0.044472214499234101,0.047568061991061041
0.08478261637589514,-0.215483623081339
-0.0021322908331151622,0.2636012765028205
0.018395982847317329,-0.031767276571866246
0.14899237844374869,-0.10091794431956426
0.09549649753829817,0.15529751119072185
0.12054357521159526,0.12448587955490725
-0.0098045663453553093,0.22124896778652439
0.029715644438774422,0.093145404852442548
0.019820146197202178,0.055760946130673346
-0.16546567807962992,-0.083664910104493617
2.0750566614036743e-05,0.075522138325115951
-0.0095750329969169663,-0.014584686181352365
0.13289288527486179,0.085113385255177421
-0.089986936871016401,0.19293100245535594
0.1240091667812869,-0.083801290640749898
-0.084301813506929293,0.024259365638214615
0.059445112411974838,-0.20837484878808116
-0.18137540190044585,-0.0013154508344708955
0.15940242180293174,0.024934275924072821
-0.13683978478701628,0.07491710848074469
0.075726609218149346,-0.24491259080311026
0.078559266869855204,-0.30059613065896229
